"rep","strategy","n_workers","chr","start","end","bp","n_win","secs","load_s","secs_wall","rss_gb","pid"
1,"static",1,"chr1",1,248956422,248956422,1152300,55.191,0,55.191,3.121709056,64341
1,"static",1,"chr2",1,242193529,242193529,1202711,47.93,0,47.93,3.703660544,64341
1,"static",1,"chr3",1,198295559,198295559,990471,40.665,0,40.665,3.421208576,64341
1,"static",1,"chr4",1,190214555,190214555,948744,36.52,0,36.52,4.063043584,64341
1,"static",1,"chr5",1,181538259,181538259,906291,35.611,0,35.611,4.155756544,64341
1,"static",1,"chr6",1,170805979,170805979,850378,34.907,0,34.907,3.831017472,64341
1,"static",1,"chr7",1,159345973,159345973,794833,30.674,0,30.674,4.086861824,64341
1,"static",1,"chrX",1,156040895,156040895,774435,30.28,0,30.28,4.159623168,64341
1,"static",1,"chr8",1,145138636,145138636,723830,28.737,0,28.737,4.173422592,64341
1,"static",1,"chr9",1,138394717,138394717,608909,25.64,0,25.64,3.881447424,64341
1,"static",1,"chr11",1,135086622,135086622,672654,27.037,0,27.037,4.042022912,64341
1,"static",1,"chr10",1,133797422,133797422,666239,25.086,0,25.086,3.939209216,64341
1,"static",1,"chr12",1,133275309,133275309,665659,25.474,0,25.474,4.434214912,64341
1,"static",1,"chr13",1,114364328,114364328,489897,18.864,0,18.864,4.589207552,64341
1,"static",1,"chr14",1,107043718,107043718,452819,17.959,0,17.959,4.212473856,64341
1,"static",1,"chr15",1,101991189,101991189,423190,16.501,0,16.501,4.450902016,64341
1,"static",1,"chr16",1,90338345,90338345,409010,15.468,0.0010000000000332,15.4690000000001,4.407386112,64341
1,"static",1,"chr17",1,83257441,83257441,414555,15.3009999999999,0,15.3009999999999,4.410486784,64341
1,"static",1,"chr18",1,80373285,80373285,400407,17.0920000000001,0.000999999999976353,17.0930000000001,3.812356096,64341
1,"static",1,"chr20",1,64444167,64444167,319636,11.5169999999999,0,11.5169999999999,3.89097472,64341
1,"static",1,"chr19",1,58617616,58617616,292197,10.548,0,10.548,4.132052992,64341
1,"static",1,"chrY",1,57227415,57227415,132019,7.40600000000006,0,7.40600000000006,4.388593664,64341
1,"static",1,"chr22",1,50818468,50818468,195751,8.51900000000001,0,8.51900000000001,4.192555008,64341
1,"static",1,"chr21",1,46709983,46709983,200395,7.56499999999994,0.000999999999976353,7.56599999999992,3.878854656,64341
1,"static",2,"chr1",1,248956422,248956422,1152300,57.119,7.299,64.418,3.165151232,67141
1,"static",2,"chr2",1,242193529,242193529,1202711,49.692,0,49.692,3.235467264,67141
1,"static",2,"chr3",1,198295559,198295559,990471,40.716,0,40.716,4.063473664,67141
1,"static",2,"chr4",1,190214555,190214555,948744,37.591,0.00100000000000477,37.592,3.891519488,67141
1,"static",2,"chr5",1,181538259,181538259,906291,36.502,0,36.502,3.705257984,67141
1,"static",2,"chr6",1,170805979,170805979,850378,33.609,0,33.609,3.594932224,67141
1,"static",2,"chr7",1,159345973,159345973,794833,31.286,0,31.286,3.717545984,67141
1,"static",2,"chrX",1,156040895,156040895,774435,30.744,0.000999999999976353,30.745,4.059021312,67141
1,"static",2,"chr8",1,145138636,145138636,723830,27.868,0,27.868,3.893743616,67141
1,"static",2,"chr9",1,138394717,138394717,608909,27.04,0,27.04,3.906449408,67141
1,"static",2,"chr11",1,135086622,135086622,672654,25.684,0,25.684,3.658276864,67141
1,"static",2,"chr10",1,133797422,133797422,666239,26.922,0,26.922,3.850661888,67141
1,"static",2,"chr12",1,133275309,133275309,665659,33.277,7.298,40.575,2.147168256,67129
1,"static",2,"chr13",1,114364328,114364328,489897,19.023,0,19.023,2.437984256,67129
1,"static",2,"chr14",1,107043718,107043718,452819,19.643,0,19.643,2.50740736,67129
1,"static",2,"chr15",1,101991189,101991189,423190,17.078,0.00100000000000477,17.079,2.295549952,67129
1,"static",2,"chr16",1,90338345,90338345,409010,17.113,0,17.113,2.476494848,67129
1,"static",2,"chr17",1,83257441,83257441,414555,17.801,0,17.801,2.502475776,67129
1,"static",2,"chr18",1,80373285,80373285,400407,16.497,0.000999999999976353,16.498,2.491629568,67129
1,"static",2,"chr20",1,64444167,64444167,319636,13.19,0,13.19,2.358849536,67129
1,"static",2,"chr19",1,58617616,58617616,292197,11.666,0,11.666,2.441936896,67129
1,"static",2,"chrY",1,57227415,57227415,132019,8.13899999999998,0.00100000000000477,8.13999999999999,2.778669056,67129
1,"static",2,"chr22",1,50818468,50818468,195751,7.57000000000002,0,7.57000000000002,2.451685376,67129
1,"static",2,"chr21",1,46709983,46709983,200395,8.167,0,8.167,2.486501376,67129
1,"static",3,"chr1",1,248956422,248956422,1152300,61.313,8.198,69.511,3.09694464,69078
1,"static",3,"chr2",1,242193529,242193529,1202711,53.103,0,53.103,3.167145984,69078
1,"static",3,"chr3",1,198295559,198295559,990471,39.766,0,39.766,3.584622592,69078
1,"static",3,"chr4",1,190214555,190214555,948744,37.692,0.000999999999976353,37.693,3.933564928,69078
1,"static",3,"chr5",1,181538259,181538259,906291,36.247,0,36.247,3.72097024,69078
1,"static",3,"chr6",1,170805979,170805979,850378,32.139,0.000999999999976353,32.14,3.871195136,69078
1,"static",3,"chr7",1,159345973,159345973,794833,30.824,0,30.824,3.778379776,69078
1,"static",3,"chrX",1,156040895,156040895,774435,30.479,0.0010000000000332,30.48,4.059635712,69078
1,"static",3,"chr8",1,145138636,145138636,723830,39.051,8.198,47.25,2.029563904,69068
1,"static",3,"chr9",1,138394717,138394717,608909,27.98,0,27.98,2.543710208,69068
1,"static",3,"chr11",1,135086622,135086622,672654,30.229,0.00100000000000477,30.23,2.56823296,69068
1,"static",3,"chr10",1,133797422,133797422,666239,27.887,0,27.887,2.835738624,69068
1,"static",3,"chr12",1,133275309,133275309,665659,26.697,0,26.697,2.652786688,69068
1,"static",3,"chr13",1,114364328,114364328,489897,20.231,0.00100000000000477,20.232,2.82427392,69068
1,"static",3,"chr14",1,107043718,107043718,452819,18.28,0.00100000000000477,18.281,2.703855616,69068
1,"static",3,"chr15",1,101991189,101991189,423190,18.25,0,18.25,2.612424704,69068
1,"static",3,"chr16",1,90338345,90338345,409010,24.834,8.197,33.031,1.77068032,69056
1,"static",3,"chr17",1,83257441,83257441,414555,18.134,0,18.134,2.027814912,69056
1,"static",3,"chr18",1,80373285,80373285,400407,17.798,0,17.798,2.119397376,69056
1,"static",3,"chr20",1,64444167,64444167,319636,14.966,0,14.966,2.213134336,69056
1,"static",3,"chr19",1,58617616,58617616,292197,13.353,0,13.353,2.145476608,69056
1,"static",3,"chrY",1,57227415,57227415,132019,7.33399999999999,0,7.33399999999999,2.400251904,69056
1,"static",3,"chr22",1,50818468,50818468,195751,8.46600000000001,0,8.46600000000001,2.378862592,69056
1,"static",3,"chr21",1,46709983,46709983,200395,8.60899999999999,0,8.60899999999999,2.36464128,69056
1,"static",4,"chr1",1,248956422,248956422,1152300,62.906,8.158,71.064,2.454188032,70611
1,"static",4,"chr2",1,242193529,242193529,1202711,53.73,0,53.73,3.227471872,70611
1,"static",4,"chr3",1,198295559,198295559,990471,40.554,0.00100000000000477,40.555,3.661205504,70611
1,"static",4,"chr4",1,190214555,190214555,948744,36.813,0.000999999999976353,36.814,3.742347264,70611
1,"static",4,"chr5",1,181538259,181538259,906291,36.11,0,36.11,3.662467072,70611
1,"static",4,"chr6",1,170805979,170805979,850378,31.522,0,31.522,3.854471168,70611
1,"static",4,"chr7",1,159345973,159345973,794833,40.153,8.157,48.31,2.207514624,70601
1,"static",4,"chrX",1,156040895,156040895,774435,35.408,0,35.408,2.824278016,70601
1,"static",4,"chr8",1,145138636,145138636,723830,32.602,0,32.602,2.63172096,70601
1,"static",4,"chr9",1,138394717,138394717,608909,26.63,0,26.63,2.910449664,70601
1,"static",4,"chr11",1,135086622,135086622,672654,28.093,0,28.093,2.830483456,70601
1,"static",4,"chr10",1,133797422,133797422,666239,25.316,0,25.316,2.771427328,70601
1,"static",4,"chr12",1,133275309,133275309,665659,32.962,8.157,41.119,1.920569344,70591
1,"static",4,"chr13",1,114364328,114364328,489897,21.593,0,21.593,2.146766848,70591
1,"static",4,"chr14",1,107043718,107043718,452819,22.37,0,22.37,2.357743616,70591
1,"static",4,"chr15",1,101991189,101991189,423190,18.795,0,18.795,2.086191104,70591
1,"static",4,"chr16",1,90338345,90338345,409010,17.683,0,17.683,2.342518784,70591
1,"static",4,"chr17",1,83257441,83257441,414555,17.776,0,17.776,2.404204544,70591
1,"static",4,"chr18",1,80373285,80373285,400407,19.565,8.156,27.721,1.704689664,70580
1,"static",4,"chr20",1,64444167,64444167,319636,14.893,0,14.893,1.703084032,70580
1,"static",4,"chr19",1,58617616,58617616,292197,12.741,0,12.741,1.982275584,70580
1,"static",4,"chrY",1,57227415,57227415,132019,9.29299999999999,0,9.29299999999999,1.890152448,70580
1,"static",4,"chr22",1,50818468,50818468,195751,8.94000000000001,0,8.94000000000001,2.023989248,70580
1,"static",4,"chr21",1,46709983,46709983,200395,10.094,0.000999999999990564,10.095,1.875628032,70580
1,"static",5,"chr1",1,248956422,248956422,1152300,71.702,9.17,80.872,2.18718208,71898
1,"static",5,"chr2",1,242193529,242193529,1202711,54.283,0.00100000000000477,54.284,3.376943104,71898
1,"static",5,"chr3",1,198295559,198295559,990471,44.503,0.00300000000001432,44.506,3.052032,71898
1,"static",5,"chr4",1,190214555,190214555,948744,38.204,0.00100000000000477,38.205,3.63726848,71898
1,"static",5,"chr5",1,181538259,181538259,906291,37.839,0.00100000000000477,37.84,3.320938496,71898
1,"static",5,"chr6",1,170805979,170805979,850378,50.501,9.169,59.67,2.27323904,71888
1,"static",5,"chr7",1,159345973,159345973,794833,36.821,0.000999999999997669,36.822,2.076315648,71888
1,"static",5,"chrX",1,156040895,156040895,774435,36.811,0.00400000000000489,36.815,2.3534592,71888
1,"static",5,"chr8",1,145138636,145138636,723830,32.306,0.00100000000000477,32.307,2.914197504,71888
1,"static",5,"chr9",1,138394717,138394717,608909,26.62,0.00100000000000477,26.621,3.232759808,71888
1,"static",5,"chr11",1,135086622,135086622,672654,40.695,9.169,49.864,1.957773312,71877
1,"static",5,"chr10",1,133797422,133797422,666239,31.767,0,31.767,1.817206784,71877
1,"static",5,"chr12",1,133275309,133275309,665659,33.005,0.00199999999999534,33.008,2.41258496,71877
1,"static",5,"chr13",1,114364328,114364328,489897,21.885,0.000999999999990564,21.886,2.343092224,71877
1,"static",5,"chr14",1,107043718,107043718,452819,22.223,0,22.223,2.475577344,71877
1,"static",5,"chr15",1,101991189,101991189,423190,26.687,9.169,35.856,1.562697728,71867
1,"static",5,"chr16",1,90338345,90338345,409010,21.387,0,21.387,1.948307456,71867
1,"static",5,"chr17",1,83257441,83257441,414555,18.4,0,18.4,2.03984896,71867
1,"static",5,"chr18",1,80373285,80373285,400407,19.33,0.00100000000000477,19.331,2.145615872,71867
1,"static",5,"chr20",1,64444167,64444167,319636,14.465,0,14.465,1.927307264,71867
1,"static",5,"chr19",1,58617616,58617616,292197,20.561,9.168,29.729,1.335332864,71858
1,"static",5,"chrY",1,57227415,57227415,132019,10.672,0,10.672,1.628213248,71858
1,"static",5,"chr22",1,50818468,50818468,195751,9.586,0,9.586,1.588822016,71858
1,"static",5,"chr21",1,46709983,46709983,200395,9.704,0.000999999999997669,9.705,1.516711936,71858
1,"static",6,"chr1",1,248956422,248956422,1152300,103.832,9.715,113.547,2.012454912,72974
1,"static",6,"chr2",1,242193529,242193529,1202711,66.647,0.000999999999990564,66.649,2.89370112,72974
1,"static",6,"chr3",1,198295559,198295559,990471,42.827,0.00100000000000477,42.828,3.353243648,72974
1,"static",6,"chr4",1,190214555,190214555,948744,40.188,0.000999999999976353,40.189,3.163492352,72974
1,"static",6,"chr5",1,181538259,181538259,906291,80.931,9.719,90.65,1.91432704,72964
1,"static",6,"chr6",1,170805979,170805979,850378,53.742,0.00100000000000477,53.745,0.592125952,72964
1,"static",6,"chr7",1,159345973,159345973,794833,41.588,0.0120000000000005,41.6,2.49319424,72964
1,"static",6,"chrX",1,156040895,156040895,774435,32.868,0,32.868,2.856124416,72964
1,"static",6,"chr8",1,145138636,145138636,723830,68.376,9.72,78.096,1.59909888,72955
1,"static",6,"chr9",1,138394717,138394717,608909,39.618,0.00100000000000477,39.62,0.38610944,72955
1,"static",6,"chr11",1,135086622,135086622,672654,40.74,0.00399999999999068,40.744,2.200899584,72955
1,"static",6,"chr10",1,133797422,133797422,666239,29.479,0.00200000000000955,29.481,1.904852992,72955
1,"static",6,"chr12",1,133275309,133275309,665659,59.837,9.719,69.556,1.495773184,72945
1,"static",6,"chr13",1,114364328,114364328,489897,29.356,0,29.356,1.67770112,72945
1,"static",6,"chr14",1,107043718,107043718,452819,34.159,0.00199999999999534,34.161,1.335246848,72945
1,"static",6,"chr15",1,101991189,101991189,423190,25.276,0.00200000000000955,25.278,2.062237696,72945
1,"static",6,"chr16",1,90338345,90338345,409010,34.964,9.719,44.683,0.485920768,72935
1,"static",6,"chr17",1,83257441,83257441,414555,33.043,0.00200000000000244,33.045,0.456900608,72935
1,"static",6,"chr18",1,80373285,80373285,400407,27.744,0.000999999999990564,27.745,1.740300288,72935
1,"static",6,"chr20",1,64444167,64444167,319636,21.906,0.00100000000000477,21.907,0.668307456,72935
1,"static",6,"chr19",1,58617616,58617616,292197,25.945,9.713,35.658,1.182908416,72926
1,"static",6,"chrY",1,57227415,57227415,132019,16.07,0,16.07,0.25344,72926
1,"static",6,"chr22",1,50818468,50818468,195751,14.491,0.00300000000000011,14.494,1.406390272,72926
1,"static",6,"chr21",1,46709983,46709983,200395,15.584,0,15.584,1.168838656,72926
1,"dynamic",1,"chr1",1,248956422,248956422,1152300,53.1590000000001,0.000999999999748979,53.1599999999999,3.448885248,64341
1,"dynamic",1,"chr2",1,242193529,242193529,1202711,47.0129999999999,0,47.0129999999999,4.267175936,64341
1,"dynamic",1,"chr3",1,198295559,198295559,990471,39.2570000000001,0,39.2570000000001,4.22959104,64341
1,"dynamic",1,"chr4",1,190214555,190214555,948744,38.527,0.00100000000020373,38.5280000000002,4.151504896,64341
1,"dynamic",1,"chr5",1,181538259,181538259,906291,35.6439999999998,0,35.6439999999998,4.172484608,64341
1,"dynamic",1,"chr6",1,170805979,170805979,850378,33.9160000000002,0,33.9160000000002,4.050673664,64341
1,"dynamic",1,"chr7",1,159345973,159345973,794833,34.2329999999997,0,34.2329999999997,3.926933504,64341
1,"dynamic",1,"chrX",1,156040895,156040895,774435,30.0880000000002,0,30.0880000000002,4.018962432,64341
1,"dynamic",1,"chr8",1,145138636,145138636,723830,28.6770000000001,0,28.6770000000001,3.958300672,64341
1,"dynamic",1,"chr9",1,138394717,138394717,608909,25.5509999999999,0,25.5509999999999,3.977105408,64341
1,"dynamic",1,"chr11",1,135086622,135086622,672654,26.038,0.000999999999748979,26.0389999999998,4.120051712,64341
1,"dynamic",1,"chr10",1,133797422,133797422,666239,25.8140000000003,0,25.8140000000003,4.01074176,64341
1,"dynamic",1,"chr12",1,133275309,133275309,665659,26.203,0,26.203,4.071645184,64341
1,"dynamic",1,"chr13",1,114364328,114364328,489897,18.422,0,18.422,4.317118464,64341
1,"dynamic",1,"chr14",1,107043718,107043718,452819,17.1599999999999,0,17.1599999999999,4.425678848,64341
1,"dynamic",1,"chr15",1,101991189,101991189,423190,15.4089999999997,0,15.4089999999997,4.50269184,64341
1,"dynamic",1,"chr16",1,90338345,90338345,409010,16.3870000000002,0,16.3870000000002,4.45943808,64341
1,"dynamic",1,"chr17",1,83257441,83257441,414555,17.2069999999999,0.00100000000020373,17.2080000000001,4.284612608,64341
1,"dynamic",1,"chr18",1,80373285,80373285,400407,13.7629999999999,0,13.7629999999999,4.523421696,64341
1,"dynamic",1,"chr20",1,64444167,64444167,319636,12.6660000000002,0,12.6660000000002,4.357890048,64341
1,"dynamic",1,"chr19",1,58617616,58617616,292197,10.4079999999999,0,10.4079999999999,4.444258304,64341
1,"dynamic",1,"chrY",1,57227415,57227415,132019,7.29200000000037,0,7.29200000000037,4.526505984,64341
1,"dynamic",1,"chr22",1,50818468,50818468,195751,8.58199999999988,0,8.58300000000008,4.125507584,64341
1,"dynamic",1,"chr21",1,46709983,46709983,200395,7.44299999999976,0,7.44299999999976,4.261011456,64341
1,"dynamic",2,"chr1",1,248956422,248956422,1152300,58.85,6.989,65.839,3.022860288,76874
1,"dynamic",2,"chr2",1,242193529,242193529,1202711,59.834,6.988,66.822,3.123933184,76863
1,"dynamic",2,"chr3",1,198295559,198295559,990471,41.731,0,41.731,3.16983296,76874
1,"dynamic",2,"chr4",1,190214555,190214555,948744,41.221,0,41.221,3.70610176,76863
1,"dynamic",2,"chr5",1,181538259,181538259,906291,36.216,0,36.216,3.494166528,76874
1,"dynamic",2,"chr6",1,170805979,170805979,850378,32.93,0,32.93,3.470536704,76863
1,"dynamic",2,"chr7",1,159345973,159345973,794833,33.227,0,33.227,3.599699968,76863
1,"dynamic",2,"chrX",1,156040895,156040895,774435,31.046,0,31.046,3.890327552,76874
1,"dynamic",2,"chr8",1,145138636,145138636,723830,29.733,0,29.733,3.594756096,76863
1,"dynamic",2,"chr9",1,138394717,138394717,608909,27.422,0.00100000000000477,27.423,3.73778432,76874
1,"dynamic",2,"chr11",1,135086622,135086622,672654,28.896,0,28.896,3.4966528,76874
1,"dynamic",2,"chr10",1,133797422,133797422,666239,28.113,0,28.113,3.256492032,76863
1,"dynamic",2,"chr12",1,133275309,133275309,665659,27.11,0,27.11,3.531526144,76874
1,"dynamic",2,"chr13",1,114364328,114364328,489897,18.892,0,18.892,3.746988032,76863
1,"dynamic",2,"chr14",1,107043718,107043718,452819,18.452,0,18.452,3.221549056,76863
1,"dynamic",2,"chr15",1,101991189,101991189,423190,15.01,0,15.01,3.885658112,76874
1,"dynamic",2,"chr16",1,90338345,90338345,409010,14.584,0.0010000000000332,14.585,3.963826176,76863
1,"dynamic",2,"chr17",1,83257441,83257441,414555,15.671,0,15.671,3.294048256,76874
1,"dynamic",2,"chr18",1,80373285,80373285,400407,14.649,0,14.649,3.87067904,76863
1,"dynamic",2,"chr20",1,64444167,64444167,319636,11.624,0,11.624,3.399954432,76874
1,"dynamic",2,"chr19",1,58617616,58617616,292197,11.583,0,11.583,3.551281152,76863
1,"dynamic",2,"chrY",1,57227415,57227415,132019,7.37299999999999,0,7.37299999999999,3.35740928,76874
1,"dynamic",2,"chr22",1,50818468,50818468,195751,7.71700000000004,0,7.71700000000004,3.449131008,76874
1,"dynamic",2,"chr21",1,46709983,46709983,200395,8.77599999999995,0.0010000000000332,8.77699999999999,3.665252352,76863
1,"dynamic",3,"chr1",1,248956422,248956422,1152300,58.643,7.192,65.835,2.935672832,78151
1,"dynamic",3,"chr2",1,242193529,242193529,1202711,60.444,7.19,67.634,3.072835584,78141
1,"dynamic",3,"chr3",1,198295559,198295559,990471,47.379,7.19,54.569,2.621038592,78131
1,"dynamic",3,"chr4",1,190214555,190214555,948744,42.488,0,42.488,2.956673024,78131
1,"dynamic",3,"chr5",1,181538259,181538259,906291,40.436,0,40.436,2.62565888,78151
1,"dynamic",3,"chr6",1,170805979,170805979,850378,38.268,0,38.268,2.765533184,78141
1,"dynamic",3,"chr7",1,159345973,159345973,794833,32.669,0,32.669,2.750861312,78131
1,"dynamic",3,"chrX",1,156040895,156040895,774435,32.126,0.00100000000000477,32.127,3.079770112,78141
1,"dynamic",3,"chr8",1,145138636,145138636,723830,28.89,0,28.89,2.82343424,78151
1,"dynamic",3,"chr9",1,138394717,138394717,608909,28.662,0,28.662,3.197059072,78131
1,"dynamic",3,"chr11",1,135086622,135086622,672654,28.734,0,28.734,2.8191744,78151
1,"dynamic",3,"chr10",1,133797422,133797422,666239,28.481,0,28.481,2.993516544,78141
1,"dynamic",3,"chr12",1,133275309,133275309,665659,32.067,0,32.067,2.8669952,78131
1,"dynamic",3,"chr13",1,114364328,114364328,489897,23.405,0,23.405,2.953998336,78151
1,"dynamic",3,"chr14",1,107043718,107043718,452819,21.721,0.00100000000000477,21.722,3.006099456,78141
1,"dynamic",3,"chr15",1,101991189,101991189,423190,20.605,0,20.605,2.59956736,78151
1,"dynamic",3,"chr16",1,90338345,90338345,409010,19.419,0,19.419,2.85077504,78141
1,"dynamic",3,"chr17",1,83257441,83257441,414555,17.593,0,17.593,2.782662656,78131
1,"dynamic",3,"chr18",1,80373285,80373285,400407,17.683,0,17.683,3.382616064,78141
1,"dynamic",3,"chr20",1,64444167,64444167,319636,12.893,0.000999999999976353,12.894,2.6446848,78151
1,"dynamic",3,"chr19",1,58617616,58617616,292197,12.788,0,12.788,2.9565952,78131
1,"dynamic",3,"chrY",1,57227415,57227415,132019,9.88000000000002,0,9.88000000000002,2.319876096,78151
1,"dynamic",3,"chr22",1,50818468,50818468,195751,7.94899999999998,0,7.94899999999998,3.275956224,78141
1,"dynamic",3,"chr21",1,46709983,46709983,200395,7.803,0,7.803,3.059748864,78131
1,"dynamic",4,"chr1",1,248956422,248956422,1152300,70.103,8.175,78.278,1.867239424,79311
1,"dynamic",4,"chr2",1,242193529,242193529,1202711,69.872,8.176,78.048,2.231455744,79300
1,"dynamic",4,"chr3",1,198295559,198295559,990471,57.558,8.174,65.732,1.622134784,79290
1,"dynamic",4,"chr4",1,190214555,190214555,948744,54.884,8.174,63.058,2.26736128,79280
1,"dynamic",4,"chr5",1,181538259,181538259,906291,44.843,0,44.843,1.269252096,79280
1,"dynamic",4,"chr6",1,170805979,170805979,850378,44.977,0.00100000000000477,44.978,2.527526912,79290
1,"dynamic",4,"chr7",1,159345973,159345973,794833,40.209,0.00199999999999534,40.213,2.30406144,79300
1,"dynamic",4,"chrX",1,156040895,156040895,774435,37.251,0.00100000000000477,37.252,2.708353024,79311
1,"dynamic",4,"chr8",1,145138636,145138636,723830,39.075,0.00199999999999534,39.077,1.812660224,79280
1,"dynamic",4,"chr9",1,138394717,138394717,608909,36.593,0,36.593,2.9714432,79290
1,"dynamic",4,"chr11",1,135086622,135086622,672654,34.713,0.00100000000000477,34.714,2.317848576,79311
1,"dynamic",4,"chr10",1,133797422,133797422,666239,38.252,0.0120000000000005,38.264,1.994293248,79300
1,"dynamic",4,"chr12",1,133275309,133275309,665659,32.951,0.000999999999976353,32.952,2.378870784,79290
1,"dynamic",4,"chr13",1,114364328,114364328,489897,26.284,0,26.284,1.892405248,79280
1,"dynamic",4,"chr14",1,107043718,107043718,452819,25.288,0.00100000000000477,25.289,2.245750784,79311
1,"dynamic",4,"chr15",1,101991189,101991189,423190,22.55,0.00200000000000955,22.552,2.800635904,79300
1,"dynamic",4,"chr16",1,90338345,90338345,409010,23.677,0,23.677,2.425921536,79311
1,"dynamic",4,"chr17",1,83257441,83257441,414555,22.815,0,22.815,2.501967872,79280
1,"dynamic",4,"chr18",1,80373285,80373285,400407,18.094,0.00100000000000477,18.095,1.888878592,79300
1,"dynamic",4,"chr20",1,64444167,64444167,319636,15.412,0.00100000000000477,15.413,2.065887232,79290
1,"dynamic",4,"chr19",1,58617616,58617616,292197,13.734,0,13.734,1.992962048,79290
1,"dynamic",4,"chrY",1,57227415,57227415,132019,8.869,0.00100000000000477,8.87,2.672447488,79280
1,"dynamic",4,"chr22",1,50818468,50818468,195751,8.50899999999999,0,8.50899999999999,2.396532736,79311
1,"dynamic",4,"chr21",1,46709983,46709983,200395,9.315,0,9.315,1.947516928,79300
1,"dynamic",5,"chr1",1,248956422,248956422,1152300,93.696,8.796,102.492,1.964097536,80373
1,"dynamic",5,"chr2",1,242193529,242193529,1202711,92.798,8.795,101.593,2.223804416,80361
1,"dynamic",5,"chr3",1,198295559,198295559,990471,78.783,8.793,87.576,2.087530496,80351
1,"dynamic",5,"chr4",1,190214555,190214555,948744,69.605,8.794,78.399,1.223307264,80341
1,"dynamic",5,"chr5",1,181538259,181538259,906291,69.332,8.794,78.126,1.933418496,80330
1,"dynamic",5,"chr6",1,170805979,170805979,850378,51.657,0.00100000000000477,51.658,0.842686464,80330
1,"dynamic",5,"chr7",1,159345973,159345973,794833,57.436,0.00199999999999534,57.438,2.152280064,80341
1,"dynamic",5,"chrX",1,156040895,156040895,774435,52.759,0,52.759,2.37295616,80351
1,"dynamic",5,"chr8",1,145138636,145138636,723830,48.098,0,48.103,0.457129984,80361
1,"dynamic",5,"chr9",1,138394717,138394717,608909,39.431,0.00100000000000477,39.434,0.473710592,80373
1,"dynamic",5,"chr11",1,135086622,135086622,672654,51.382,0.00399999999999068,51.386,1.058562048,80330
1,"dynamic",5,"chr10",1,133797422,133797422,666239,46.86,0.00100000000000477,46.861,1.768828928,80341
1,"dynamic",5,"chr12",1,133275309,133275309,665659,49.322,0.00100000000000477,49.323,1.982787584,80351
1,"dynamic",5,"chr13",1,114364328,114364328,489897,38.088,0.00600000000000023,38.094,1.329205248,80373
1,"dynamic",5,"chr14",1,107043718,107043718,452819,28.928,0.00600000000000023,28.934,1.6611328,80361
1,"dynamic",5,"chr15",1,101991189,101991189,423190,35.428,0.00100000000000477,35.429,2.067017728,80361
1,"dynamic",5,"chr16",1,90338345,90338345,409010,37.882,0.00499999999999545,37.887,2.052235264,80330
1,"dynamic",5,"chr17",1,83257441,83257441,414555,27.581,0.0129999999999768,27.594,1.42157824,80341
1,"dynamic",5,"chr18",1,80373285,80373285,400407,26.471,0.0040000000000191,26.475,1.382883328,80373
1,"dynamic",5,"chr20",1,64444167,64444167,319636,18.51,0.00500000000002387,18.515,0.787206144,80351
1,"dynamic",5,"chr19",1,58617616,58617616,292197,16.646,0,16.646,0.519655424,80351
1,"dynamic",5,"chrY",1,57227415,57227415,132019,15.468,0,15.468,1.083981824,80361
1,"dynamic",5,"chr22",1,50818468,50818468,195751,19.328,0.00100000000000477,19.329,2.202279936,80373
1,"dynamic",5,"chr21",1,46709983,46709983,200395,19.399,0.00200000000000955,19.401,2.670432256,80341
1,"dynamic",6,"chr1",1,248956422,248956422,1152300,122.364,9.953,132.317,1.785143296,81429
1,"dynamic",6,"chr2",1,242193529,242193529,1202711,118.923,9.955,128.878,2.106953728,81418
1,"dynamic",6,"chr3",1,198295559,198295559,990471,92.404,9.948,102.352,0.960200704,81405
1,"dynamic",6,"chr4",1,190214555,190214555,948744,90.547,9.985,100.532,0.960466944,81395
1,"dynamic",6,"chr5",1,181538259,181538259,906291,86.932,9.964,96.896,1.859551232,81384
1,"dynamic",6,"chr6",1,170805979,170805979,850378,85.791,9.913,95.704,1.8374656,81371
1,"dynamic",6,"chr7",1,159345973,159345973,794833,77.973,0.027000000000001,78.002,0.512802816,81371
1,"dynamic",6,"chrX",1,156040895,156040895,774435,85.733,0.00200000000000955,85.737,0.414519296,81384
1,"dynamic",6,"chr8",1,145138636,145138636,723830,77.437,0.00100000000000477,77.439,0.46084096,81395
1,"dynamic",6,"chr9",1,138394717,138394717,608909,58.961,0.00199999999999534,58.963,1.200070656,81405
1,"dynamic",6,"chr11",1,135086622,135086622,672654,78.332,0.00100000000000477,78.333,1.198465024,81418
1,"dynamic",6,"chr10",1,133797422,133797422,666239,68.874,0,68.874,0.575926272,81429
1,"dynamic",6,"chr12",1,133275309,133275309,665659,67.724,0.0029999999999859,67.728,1.36228864,81405
1,"dynamic",6,"chr13",1,114364328,114364328,489897,50.462,0.0270000000000152,50.489,0.336449536,81371
1,"dynamic",6,"chr14",1,107043718,107043718,452819,37.185,0.00499999999999545,37.19,0.357933056,81395
1,"dynamic",6,"chr15",1,101991189,101991189,423190,39.121,0.00399999999999068,39.125,0.393306112,81384
1,"dynamic",6,"chr16",1,90338345,90338345,409010,43.434,0.00399999999999068,43.439,0.297689088,81429
1,"dynamic",6,"chr17",1,83257441,83257441,414555,50.693,0.00899999999998613,50.703,0.779743232,81418
1,"dynamic",6,"chr18",1,80373285,80373285,400407,37.41,0.0029999999999859,37.413,0.991453184,81395
1,"dynamic",6,"chr20",1,64444167,64444167,319636,33.654,0.0029999999999859,33.657,0.926695424,81384
1,"dynamic",6,"chr19",1,58617616,58617616,292197,26.397,0.00300000000001432,26.401,1.139818496,81405
1,"dynamic",6,"chrY",1,57227415,57227415,132019,19.868,0.00199999999998113,19.87,1.171193856,81371
1,"dynamic",6,"chr22",1,50818468,50818468,195751,17.599,0.0029999999999859,17.602,1.153216512,81429
1,"dynamic",6,"chr21",1,46709983,46709983,200395,14.094,0.000999999999976353,14.095,1.611218944,81371
1,"segment",1,"chr1",1,50000000,5e+07,248467,10.8330000000001,0.000999999999748979,10.8339999999998,1.973915648,64341
1,"segment",1,"chr1",50000001,100000000,5e+07,250000,11.018,0,11.018,2.020732928,64341
1,"segment",1,"chr1",100000001,150000000,5e+07,159605,8.99799999999959,0,8.99799999999959,2.166976512,64341
1,"segment",1,"chr1",150000001,200000000,5e+07,250000,10.6620000000003,0,10.6620000000003,2.2134784,64341
1,"segment",1,"chr2",1,50000000,5e+07,249929,10.2080000000005,0,10.2080000000005,2.610098176,64341
1,"segment",1,"chr2",50000001,100000000,5e+07,241874,7.91099999999915,0,7.91099999999915,2.847543296,64341
1,"segment",1,"chr2",100000001,150000000,5e+07,249999,10.5120000000006,0,10.5120000000006,3.006210048,64341
1,"segment",1,"chr2",150000001,200000000,5e+07,250000,8.36499999999978,0,8.36499999999978,3.024953344,64341
1,"segment",1,"chr3",1,50000000,5e+07,249946,10.3899999999994,0,10.3899999999994,3.097300992,64341
1,"segment",1,"chr3",50000001,100000000,5e+07,249348,8.25500000000011,0,8.25500000000011,3.059064832,64341
1,"segment",1,"chr3",100000001,150000000,5e+07,250000,9.29800000000068,0,9.29800000000068,2.797899776,64341
1,"segment",1,"chr4",1,50000000,5e+07,248444,8.9369999999999,0.000999999999294232,8.93799999999919,3.151773696,64341
1,"segment",1,"chr4",50000001,100000000,5e+07,249529,8.9360000000006,0,8.9360000000006,3.078316032,64341
1,"segment",1,"chr4",100000001,150000000,5e+07,250000,11.0450000000001,0,11.0450000000001,3.320500224,64341
1,"segment",1,"chr5",1,50000000,5e+07,249163,9.97200000000066,0,9.97200000000066,3.3485824,64341
1,"segment",1,"chr5",50000001,100000000,5e+07,249749,8.28399999999965,0.00100000000020373,8.28499999999985,3.279724544,64341
1,"segment",1,"chr5",100000001,150000000,5e+07,249994,9.89300000000003,0,9.89300000000003,3.49564928,64341
1,"segment",1,"chr6",1,50000000,5e+07,249700,10.8849999999993,0,10.8849999999993,2.998095872,64341
1,"segment",1,"chr6",50000001,100000000,5e+07,247201,8.10500000000047,0,8.10500000000047,3.159097344,64341
1,"segment",1,"chr6",100000001,150000000,5e+07,249999,9.35800000000017,0,9.35800000000017,3.072172032,64341
1,"segment",1,"chr7",1,50000000,5e+07,249937,9.82900000000063,0,9.82900000000063,3.429617664,64341
1,"segment",1,"chr7",50000001,100000000,5e+07,248470,8.62800000000061,0.000999999999294232,8.62899999999991,3.293331456,64341
1,"segment",1,"chr7",100000001,150000000,5e+07,249749,9.79199999999946,0,9.79299999999967,3.13167872,64341
1,"segment",1,"chr8",1,50000000,5e+07,248688,8.98999999999978,0,8.98999999999978,3.388137472,64341
1,"segment",1,"chr8",50000001,100000000,5e+07,249749,10.1410000000005,0,10.1410000000005,3.457896448,64341
1,"segment",1,"chr9",1,50000000,5e+07,227365,9.73199999999997,0,9.73199999999997,3.25670912,64341
1,"segment",1,"chr9",50000001,100000000,5e+07,189884,6.8700000000008,0.000999999999294232,6.87100000000009,3.409281024,64341
1,"segment",1,"chr10",1,50000000,5e+07,247573,10.7959999999994,0,10.7959999999994,3.268562944,64341
1,"segment",1,"chr10",50000001,100000000,5e+07,249995,8.15999999999985,0,8.15999999999985,3.358732288,64341
1,"segment",1,"chr11",1,50000000,5e+07,249700,9.86300000000028,0,9.86300000000028,3.45909248,64341
1,"segment",1,"chr11",50000001,100000000,5e+07,247571,8.8779999999997,0,8.8779999999997,3.309723648,64341
1,"segment",1,"chr12",1,50000000,5e+07,249346,9.79399999999987,0.00100000000020373,9.79500000000007,3.335319552,64341
1,"segment",1,"chr12",50000001,100000000,5e+07,250000,10.0710000000008,0,10.0710000000008,3.158376448,64341
1,"segment",1,"chr13",1,50000000,5e+07,169132,7.02699999999913,0,7.02699999999913,3.46435584,64341
1,"segment",1,"chr13",50000001,100000000,5e+07,249749,10.1700000000001,0,10.1700000000001,3.586039808,64341
1,"segment",1,"chr14",1,50000000,5e+07,168401,8.73999999999978,0,8.73999999999978,3.225440256,64341
1,"segment",1,"chr14",50000001,100000000,5e+07,250000,7.84600000000046,0,7.84600000000046,3.40025344,64341
1,"segment",1,"chr15",1,50000000,5e+07,163536,8.83100000000013,0.00100000000020373,8.83200000000033,3.297681408,64341
1,"segment",1,"chr15",50000001,100000000,5e+07,249749,8.1899999999996,0,8.1899999999996,3.330772992,64341
1,"segment",1,"chr16",1,50000000,5e+07,207870,9.76400000000012,0,9.76400000000012,3.418292224,64341
1,"segment",1,"chr17",1,50000000,5e+07,248590,9.1880000000001,0,9.1880000000001,3.316850688,64341
1,"segment",1,"chr18",1,50000000,5e+07,249103,8.38299999999981,0,8.38299999999981,3.531894784,64341
1,"segment",1,"chr19",1,50000000,5e+07,249159,8.5659999999998,0,8.5659999999998,3.563823104,64341
1,"segment",1,"chr20",1,50000000,5e+07,247966,9.30400000000009,0,9.30400000000009,3.637383168,64341
1,"segment",1,"chr22",1,50000000,5e+07,191709,7.40200000000004,0,7.40200000000004,3.970330624,64341
1,"segment",1,"chrX",1,50000000,5e+07,246497,10.9169999999995,0,10.9169999999995,3.631112192,64341
1,"segment",1,"chrX",50000001,100000000,5e+07,249228,8.35599999999977,0,8.35599999999977,3.75474176,64341
1,"segment",1,"chrX",100000001,150000000,5e+07,248556,8.46200000000044,0,8.46200000000044,3.773534208,64341
1,"segment",1,"chrY",1,50000000,5e+07,129550,7.45700000000033,0.000999999999294232,7.45799999999963,3.959611392,64341
1,"segment",1,"chr1",200000001,248956422,48956422,244228,9.78899999999976,0,9.78899999999976,4.051116032,64341
1,"segment",1,"chr3",150000001,198295559,48295559,241177,9.57899999999972,0,9.57899999999972,4.036796416,64341
1,"segment",1,"chr21",1,46709983,46709983,200395,8.34100000000035,0,8.34100000000035,3.639586816,64341
1,"segment",1,"chr8",100000001,145138636,45138636,225393,8.02700000000004,0,8.02700000000004,3.850932224,64341
1,"segment",1,"chr2",200000001,242193529,42193529,210909,9.64199999999983,0,9.64199999999983,4.06581248,64341
1,"segment",1,"chr16",50000001,90338345,40338345,201140,6.89699999999993,0,6.89699999999993,4.168126464,64341
1,"segment",1,"chr4",150000001,190214555,40214555,200771,9.19700000000012,0,9.19700000000012,3.991461888,64341
1,"segment",1,"chr9",100000001,138394717,38394717,191660,6.39199999999983,0,6.39199999999983,4.526047232,64341
1,"segment",1,"chr11",100000001,135086622,35086622,175383,6.28300000000036,0,6.28300000000036,4.461060096,64341
1,"segment",1,"chr10",100000001,133797422,33797422,168671,6.15899999999965,0,6.15899999999965,4.792426496,64341
1,"segment",1,"chr12",100000001,133275309,33275309,166313,7.97000000000025,0,7.97000000000025,3.902611456,64341
1,"segment",1,"chr17",50000001,83257441,33257441,165965,5.40399999999954,0.00100000000020373,5.40499999999975,4.394692608,64341
1,"segment",1,"chr5",150000001,181538259,31538259,157385,6.15599999999995,0,6.15599999999995,4.231151616,64341
1,"segment",1,"chr18",50000001,80373285,30373285,151304,4.95200000000023,0,4.95200000000023,4.70106112,64341
1,"segment",1,"chr6",150000001,170805979,20805979,103478,4.35800000000017,0,4.35800000000017,4.643364864,64341
1,"segment",1,"chr20",50000001,64444167,14444167,71670,3.41399999999976,0.00100000000020373,3.41499999999996,4.462206976,64341
1,"segment",1,"chr13",100000001,114364328,14364328,71016,4.40499999999975,0,4.40499999999975,3.868184576,64341
1,"segment",1,"chr7",150000001,159345973,9345973,46677,2.15800000000036,0,2.15800000000036,4.15635456,64341
1,"segment",1,"chr19",50000001,58617616,8617616,43038,1.62400000000071,0,1.62400000000071,4.362448896,64341
1,"segment",1,"chrY",50000001,57227415,7227415,2469,0.811000000000604,0.000999999999294232,0.811999999999898,4.480315392,64341
1,"segment",1,"chr14",100000001,107043718,7043718,34418,1.60300000000007,0,1.60300000000007,4.761931776,64341
1,"segment",1,"chrX",150000001,156040895,6040895,30154,1.71200000000044,0.000999999999294232,1.71299999999974,4.975099904,64341
1,"segment",1,"chr15",100000001,101991189,1991189,9905,1.16499999999996,0.00100000000020373,1.16600000000017,4.594126848,64341
1,"segment",1,"chr22",50000001,50818468,818468,4042,0.437999999999192,0,0.437999999999192,4.711923712,64341
1,"segment",2,"chr1",1,50000000,5e+07,248467,13.703,6.912,20.615,1.679437824,84654
1,"segment",2,"chr1",50000001,100000000,5e+07,250000,13.795,6.911,20.706,1.666752512,84644
1,"segment",2,"chr1",100000001,150000000,5e+07,159605,10.433,0,10.433,1.81112832,84654
1,"segment",2,"chr1",150000001,200000000,5e+07,250000,12.175,0,12.175,1.853898752,84644
1,"segment",2,"chr2",1,50000000,5e+07,249929,11.326,0,11.326,1.802776576,84654
1,"segment",2,"chr2",50000001,100000000,5e+07,241874,11.23,0,11.23,1.835630592,84644
1,"segment",2,"chr2",100000001,150000000,5e+07,249999,8.687,0,8.687,2.21483008,84654
1,"segment",2,"chr2",150000001,200000000,5e+07,250000,8.559,0,8.56,2.234609664,84644
1,"segment",2,"chr3",1,50000000,5e+07,249946,11.211,0,11.211,2.385829888,84654
1,"segment",2,"chr3",50000001,100000000,5e+07,249348,11.102,0,11.102,2.485747712,84644
1,"segment",2,"chr3",100000001,150000000,5e+07,250000,9.73199999999999,0,9.73199999999999,1.935499264,84654
1,"segment",2,"chr4",1,50000000,5e+07,248444,10.571,0,10.571,2.326044672,84644
1,"segment",2,"chr4",50000001,100000000,5e+07,249529,9.544,0.00100000000000477,9.545,2.35073536,84654
1,"segment",2,"chr4",100000001,150000000,5e+07,250000,9.001,0,9.001,2.28171776,84644
1,"segment",2,"chr5",1,50000000,5e+07,249163,11.132,0,11.132,2.26533376,84654
1,"segment",2,"chr5",50000001,100000000,5e+07,249749,10.698,0.000999999999990564,10.699,2.127757312,84644
1,"segment",2,"chr5",100000001,150000000,5e+07,249994,10.393,0,10.393,1.96179968,84654
1,"segment",2,"chr6",1,50000000,5e+07,249700,12.771,0,12.771,1.931624448,84644
1,"segment",2,"chr6",50000001,100000000,5e+07,247201,10.461,0,10.461,2.345914368,84654
1,"segment",2,"chr6",100000001,150000000,5e+07,249999,8.596,0,8.596,2.151804928,84644
1,"segment",2,"chr7",1,50000000,5e+07,249937,10.737,0,10.737,2.223910912,84654
1,"segment",2,"chr7",50000001,100000000,5e+07,248470,10.688,0.00100000000000477,10.689,2.050576384,84644
1,"segment",2,"chr7",100000001,150000000,5e+07,249749,9.23,0,9.23,2.301734912,84654
1,"segment",2,"chr8",1,50000000,5e+07,248688,10.234,0,10.234,2.324697088,84644
1,"segment",2,"chr8",50000001,100000000,5e+07,249749,10.232,0,10.232,2.476396544,84654
1,"segment",2,"chr9",1,50000000,5e+07,227365,9.72699999999998,0,9.72699999999998,2.41829888,84644
1,"segment",2,"chr9",50000001,100000000,5e+07,189884,9.14700000000002,0,9.14700000000002,2.123685888,84654
1,"segment",2,"chr10",1,50000000,5e+07,247573,9.74600000000001,0,9.74600000000001,2.395250688,84644
1,"segment",2,"chr10",50000001,100000000,5e+07,249995,9.636,0,9.636,2.278477824,84654
1,"segment",2,"chr11",1,50000000,5e+07,249700,10.183,0.00100000000000477,10.185,2.360008704,84644
1,"segment",2,"chr11",50000001,100000000,5e+07,247571,10.105,0,10.105,2.228457472,84654
1,"segment",2,"chr12",1,50000000,5e+07,249346,10.521,0.00100000000000477,10.522,1.972588544,84644
1,"segment",2,"chr12",50000001,100000000,5e+07,250000,10.404,0,10.404,2.11658752,84654
1,"segment",2,"chr13",1,50000000,5e+07,169132,8.423,0,8.423,2.087337984,84644
1,"segment",2,"chr13",50000001,100000000,5e+07,249749,9.56299999999999,0,9.56299999999999,2.222186496,84654
1,"segment",2,"chr14",1,50000000,5e+07,168401,7.47900000000001,0,7.47900000000001,2.315255808,84644
1,"segment",2,"chr14",50000001,100000000,5e+07,250000,11.455,0,11.455,2.074980352,84644
1,"segment",2,"chr15",1,50000000,5e+07,163536,9.21699999999998,0,9.21699999999998,2.215837696,84654
1,"segment",2,"chr15",50000001,100000000,5e+07,249749,8.48099999999999,0,8.48099999999999,2.328485888,84654
1,"segment",2,"chr16",1,50000000,5e+07,207870,8.30799999999999,0,8.30799999999999,2.338705408,84644
1,"segment",2,"chr17",1,50000000,5e+07,248590,9.84700000000001,0,9.84700000000001,2.325962752,84654
1,"segment",2,"chr18",1,50000000,5e+07,249103,10.775,0.00100000000000477,10.776,2.24548864,84644
1,"segment",2,"chr19",1,50000000,5e+07,249159,8.97299999999998,0,8.97299999999998,2.32792064,84654
1,"segment",2,"chr20",1,50000000,5e+07,247966,9.05200000000002,0,9.05200000000002,2.403467264,84644
1,"segment",2,"chr22",1,50000000,5e+07,191709,8.982,0,8.982,2.226991104,84654
1,"segment",2,"chrX",1,50000000,5e+07,246497,10.965,0,10.965,2.326994944,84644
1,"segment",2,"chrX",50000001,100000000,5e+07,249228,11.924,0,11.924,2.057203712,84654
1,"segment",2,"chrX",100000001,150000000,5e+07,248556,8.80700000000002,0,8.80700000000002,2.34508288,84644
1,"segment",2,"chrY",1,50000000,5e+07,129550,6.60000000000002,0,6.60000000000002,2.390585344,84654
1,"segment",2,"chr1",200000001,248956422,48956422,244228,11.523,0,11.523,2.36075008,84644
1,"segment",2,"chr3",150000001,198295559,48295559,241177,10.968,0,10.968,2.281803776,84654
1,"segment",2,"chr21",1,46709983,46709983,200395,7.79599999999999,0.000999999999976353,7.79699999999997,2.472398848,84644
1,"segment",2,"chr8",100000001,145138636,45138636,225393,9.69800000000004,0,9.69900000000001,2.255695872,84654
1,"segment",2,"chr2",200000001,242193529,42193529,210909,9.16300000000001,0,9.16300000000001,2.479108096,84644
1,"segment",2,"chr16",50000001,90338345,40338345,201140,8.41800000000001,0,8.41800000000001,2.068332544,84654
1,"segment",2,"chr4",150000001,190214555,40214555,200771,8.88099999999997,0,8.88099999999997,2.154971136,84644
1,"segment",2,"chr9",100000001,138394717,38394717,191660,6.91899999999998,0,6.91899999999998,2.333917184,84654
1,"segment",2,"chr11",100000001,135086622,35086622,175383,6.63099999999997,0,6.63099999999997,2.328571904,84644
1,"segment",2,"chr10",100000001,133797422,33797422,168671,6.68399999999997,0,6.68399999999997,2.475536384,84654
1,"segment",2,"chr12",100000001,133275309,33275309,166313,6.69600000000003,0,6.69600000000003,2.455478272,84644
1,"segment",2,"chr17",50000001,83257441,33257441,165965,6.62099999999998,0,6.62099999999998,2.460004352,84654
1,"segment",2,"chr5",150000001,181538259,31538259,157385,6.86899999999997,0.0010000000000332,6.87,2.561572864,84644
1,"segment",2,"chr18",50000001,80373285,30373285,151304,5.55400000000003,0,5.55400000000003,2.567159808,84654
1,"segment",2,"chr6",150000001,170805979,20805979,103478,4.82400000000001,0,4.82400000000001,2.341122048,84644
1,"segment",2,"chr20",50000001,64444167,14444167,71670,2.75399999999996,0,2.75399999999996,2.522558464,84654
1,"segment",2,"chr13",100000001,114364328,14364328,71016,3.06299999999999,0,3.06299999999999,2.707898368,84644
1,"segment",2,"chr7",150000001,159345973,9345973,46677,3.02199999999999,0,3.02199999999999,2.46206464,84654
1,"segment",2,"chr19",50000001,58617616,8617616,43038,2.73099999999999,0,2.73099999999999,2.079834112,84654
1,"segment",2,"chrY",50000001,57227415,7227415,2469,1.29599999999999,0,1.29599999999999,2.445832192,84644
1,"segment",2,"chr14",100000001,107043718,7043718,34418,1.726,0,1.726,2.754220032,84644
1,"segment",2,"chrX",150000001,156040895,6040895,30154,1.98000000000002,0,1.98000000000002,2.292994048,84654
1,"segment",2,"chr15",100000001,101991189,1991189,9905,1.02600000000001,0,1.02600000000001,2.705035264,84644
1,"segment",2,"chr22",50000001,50818468,818468,4042,0.94599999999997,0.0010000000000332,0.947000000000003,2.396209152,84644
1,"segment",3,"chr1",1,50000000,5e+07,248467,15.523,7.959,23.482,1.719926784,86181
1,"segment",3,"chr1",50000001,100000000,5e+07,250000,15.628,7.959,23.587,1.670098944,86171
1,"segment",3,"chr1",100000001,150000000,5e+07,159605,13.065,7.958,21.023,1.59977472,86161
1,"segment",3,"chr1",150000001,200000000,5e+07,250000,11.947,0,11.947,1.862524928,86161
1,"segment",3,"chr2",1,50000000,5e+07,249929,12.147,0.00100000000000122,12.148,1.740939264,86181
1,"segment",3,"chr2",50000001,100000000,5e+07,241874,11.931,0,11.931,1.82734848,86171
1,"segment",3,"chr2",100000001,150000000,5e+07,249999,12.988,0,12.988,1.536671744,86161
1,"segment",3,"chr2",150000001,200000000,5e+07,250000,12.509,0,12.509,1.7799168,86171
1,"segment",3,"chr3",1,50000000,5e+07,249946,11.266,0,11.266,1.777549312,86181
1,"segment",3,"chr3",50000001,100000000,5e+07,249348,11.23,0,11.23,1.997770752,86161
1,"segment",3,"chr3",100000001,150000000,5e+07,250000,10.923,0,10.923,1.962532864,86181
1,"segment",3,"chr4",1,50000000,5e+07,248444,11.128,0.00100000000000477,11.129,2.013024256,86171
1,"segment",3,"chr4",50000001,100000000,5e+07,249529,10.996,0.000999999999997669,10.997,2.194825216,86161
1,"segment",3,"chr4",100000001,150000000,5e+07,250000,11.431,0,11.431,1.722433536,86181
1,"segment",3,"chr5",1,50000000,5e+07,249163,11.09,0,11.09,1.8054144,86171
1,"segment",3,"chr5",50000001,100000000,5e+07,249749,10.878,0,10.878,2.13270528,86161
1,"segment",3,"chr5",100000001,150000000,5e+07,249994,11.087,0,11.087,1.980424192,86181
1,"segment",3,"chr6",1,50000000,5e+07,249700,11.185,0,11.185,1.845751808,86171
1,"segment",3,"chr6",50000001,100000000,5e+07,247201,10.375,0,10.375,2.238767104,86161
1,"segment",3,"chr6",100000001,150000000,5e+07,249999,10.882,0,10.882,1.975844864,86181
1,"segment",3,"chr7",1,50000000,5e+07,249937,10.901,0.000999999999990564,10.902,1.99708672,86171
1,"segment",3,"chr7",50000001,100000000,5e+07,248470,10.582,0,10.582,2.249314304,86161
1,"segment",3,"chr7",100000001,150000000,5e+07,249749,10.022,0,10.022,2.213097472,86181
1,"segment",3,"chr8",1,50000000,5e+07,248688,10.691,0.00100000000000477,10.692,1.95131392,86171
1,"segment",3,"chr8",50000001,100000000,5e+07,249749,10.352,0,10.352,2.21720576,86161
1,"segment",3,"chr9",1,50000000,5e+07,227365,11.062,0.000999999999990564,11.063,1.996201984,86181
1,"segment",3,"chr9",50000001,100000000,5e+07,189884,9.348,0,9.348,2.079739904,86171
1,"segment",3,"chr10",1,50000000,5e+07,247573,10.206,0,10.206,2.513764352,86161
1,"segment",3,"chr10",50000001,100000000,5e+07,249995,9.58800000000001,0,9.58800000000001,2.149670912,86181
1,"segment",3,"chr11",1,50000000,5e+07,249700,10.253,0,10.253,1.977622528,86171
1,"segment",3,"chr11",50000001,100000000,5e+07,247571,10.47,0,10.47,2.322886656,86161
1,"segment",3,"chr12",1,50000000,5e+07,249346,10.78,0,10.78,2.53100032,86181
1,"segment",3,"chr12",50000001,100000000,5e+07,250000,10.753,0.00100000000000477,10.754,1.981648896,86171
1,"segment",3,"chr13",1,50000000,5e+07,169132,9.30199999999999,0,9.30199999999999,2.259300352,86161
1,"segment",3,"chr13",50000001,100000000,5e+07,249749,9.67200000000003,0,9.67200000000003,2.478526464,86181
1,"segment",3,"chr14",1,50000000,5e+07,168401,8.703,0,8.703,1.890013184,86171
1,"segment",3,"chr14",50000001,100000000,5e+07,250000,9.458,0,9.458,2.328244224,86161
1,"segment",3,"chr15",1,50000000,5e+07,163536,8.84200000000001,0.00100000000000477,8.84300000000002,1.86339328,86171
1,"segment",3,"chr15",50000001,100000000,5e+07,249749,11.884,0,11.884,1.964613632,86181
1,"segment",3,"chr16",1,50000000,5e+07,207870,10.508,0,10.508,2.015219712,86161
1,"segment",3,"chr17",1,50000000,5e+07,248590,10.95,0,10.95,1.766158336,86171
1,"segment",3,"chr18",1,50000000,5e+07,249103,9.226,0,9.226,2.192777216,86181
1,"segment",3,"chr19",1,50000000,5e+07,249159,9.56800000000001,0,9.56800000000001,2.147053568,86161
1,"segment",3,"chr20",1,50000000,5e+07,247966,10.285,0.00100000000000477,10.286,2.188058624,86181
1,"segment",3,"chr22",1,50000000,5e+07,191709,9.03899999999999,0,9.03899999999999,1.806536704,86171
1,"segment",3,"chrX",1,50000000,5e+07,246497,11.487,0,11.487,2.159034368,86161
1,"segment",3,"chrX",50000001,100000000,5e+07,249228,10.889,0,10.889,1.93796096,86171
1,"segment",3,"chrX",100000001,150000000,5e+07,248556,10.82,0,10.82,2.444980224,86181
1,"segment",3,"chrY",1,50000000,5e+07,129550,6.869,0,6.869,2.25230848,86161
1,"segment",3,"chr1",200000001,248956422,48956422,244228,10.699,0,10.699,2.155626496,86171
1,"segment",3,"chr3",150000001,198295559,48295559,241177,9.732,0,9.732,2.538758144,86181
1,"segment",3,"chr21",1,46709983,46709983,200395,9.50399999999999,0,9.50399999999999,1.992761344,86161
1,"segment",3,"chr8",100000001,145138636,45138636,225393,9.97200000000001,0,9.97200000000001,2.004893696,86171
1,"segment",3,"chr2",200000001,242193529,42193529,210909,9.63400000000001,0,9.63400000000001,2.549600256,86181
1,"segment",3,"chr16",50000001,90338345,40338345,201140,7.65000000000001,0,7.65000000000001,2.006286336,86161
1,"segment",3,"chr4",150000001,190214555,40214555,200771,9.08700000000002,0,9.08700000000002,2.073358336,86171
1,"segment",3,"chr9",100000001,138394717,38394717,191660,8.36399999999998,0,8.36399999999998,2.072387584,86161
1,"segment",3,"chr11",100000001,135086622,35086622,175383,7.58000000000001,0.00100000000000477,7.58100000000002,2.484289536,86181
1,"segment",3,"chr10",100000001,133797422,33797422,168671,6.62899999999999,0,6.62899999999999,2.536947712,86181
1,"segment",3,"chr12",100000001,133275309,33275309,166313,6.78900000000002,0.00100000000000477,6.79000000000002,1.935310848,86171
1,"segment",3,"chr17",50000001,83257441,33257441,165965,6.28,0,6.28,1.995034624,86161
1,"segment",3,"chr5",150000001,181538259,31538259,157385,7.369,0,7.369,2.214383616,86181
1,"segment",3,"chr18",50000001,80373285,30373285,151304,6.01700000000002,0.000999999999976353,6.018,1.981984768,86161
1,"segment",3,"chr6",150000001,170805979,20805979,103478,5.06,0,5.06,2.106576896,86171
1,"segment",3,"chr20",50000001,64444167,14444167,71670,2.77800000000002,0,2.77800000000002,2.105090048,86171
1,"segment",3,"chr13",100000001,114364328,14364328,71016,3.73499999999999,0,3.73499999999999,2.053464064,86161
1,"segment",3,"chr7",150000001,159345973,9345973,46677,2.267,0,2.267,2.5049088,86181
1,"segment",3,"chr19",50000001,58617616,8617616,43038,1.767,0,1.767,2.153824256,86171
1,"segment",3,"chrY",50000001,57227415,7227415,2469,0.919000000000011,0.00100000000000477,0.920000000000016,2.580774912,86181
1,"segment",3,"chr14",100000001,107043718,7043718,34418,1.98600000000002,0,1.98700000000002,2.164666368,86161
1,"segment",3,"chrX",150000001,156040895,6040895,30154,2.92500000000001,0.00100000000000477,2.92600000000002,1.661517824,86171
1,"segment",3,"chr15",100000001,101991189,1991189,9905,1.15800000000002,0,1.15800000000002,2.445774848,86181
1,"segment",3,"chr22",50000001,50818468,818468,4042,0.572000000000003,0,0.572000000000003,2.563661824,86181
1,"segment",4,"chr1",1,50000000,5e+07,248467,15.525,8.253,23.778,1.700769792,87280
1,"segment",4,"chr1",50000001,100000000,5e+07,250000,15.678,8.253,23.931,1.696616448,87270
1,"segment",4,"chr1",100000001,150000000,5e+07,159605,13.044,8.252,21.296,1.546375168,87261
1,"segment",4,"chr1",150000001,200000000,5e+07,250000,15.7,8.251,23.951,1.698770944,87249
1,"segment",4,"chr2",1,50000000,5e+07,249929,13.139,0.000999999999997669,13.14,1.827713024,87261
1,"segment",4,"chr2",50000001,100000000,5e+07,241874,12.668,0,12.668,1.843617792,87280
1,"segment",4,"chr2",100000001,150000000,5e+07,249999,13.239,0.00100000000000122,13.24,1.636974592,87249
1,"segment",4,"chr2",150000001,200000000,5e+07,250000,13.069,0.000999999999997669,13.07,1.613873152,87270
1,"segment",4,"chr3",1,50000000,5e+07,249946,12.746,0,12.746,1.574289408,87261
1,"segment",4,"chr3",50000001,100000000,5e+07,249348,12.356,0,12.356,1.72679168,87280
1,"segment",4,"chr3",100000001,150000000,5e+07,250000,11.847,0,11.847,1.673363456,87270
1,"segment",4,"chr4",1,50000000,5e+07,248444,11.853,0.000999999999997669,11.854,1.728438272,87249
1,"segment",4,"chr4",50000001,100000000,5e+07,249529,11.103,0,11.103,1.88377088,87261
1,"segment",4,"chr4",100000001,150000000,5e+07,250000,10.958,0.000999999999997669,10.959,1.921650688,87280
1,"segment",4,"chr5",1,50000000,5e+07,249163,11.056,0.000999999999997669,11.057,1.970208768,87270
1,"segment",4,"chr5",50000001,100000000,5e+07,249749,11.067,0,11.067,1.921286144,87249
1,"segment",4,"chr5",100000001,150000000,5e+07,249994,11.567,0,11.567,1.802457088,87261
1,"segment",4,"chr6",1,50000000,5e+07,249700,10.973,0.00100000000000477,10.974,2.057408512,87280
1,"segment",4,"chr6",50000001,100000000,5e+07,247201,10.799,0.000999999999997669,10.8,2.050686976,87270
1,"segment",4,"chr6",100000001,150000000,5e+07,249999,11.515,0,11.515,1.824919552,87249
1,"segment",4,"chr7",1,50000000,5e+07,249937,11.097,0,11.097,2.020507648,87261
1,"segment",4,"chr7",50000001,100000000,5e+07,248470,11.087,0,11.087,1.891467264,87280
1,"segment",4,"chr7",100000001,150000000,5e+07,249749,11.22,0.00100000000000477,11.221,1.887248384,87270
1,"segment",4,"chr8",1,50000000,5e+07,248688,11.151,0.00100000000000477,11.152,1.992245248,87249
1,"segment",4,"chr8",50000001,100000000,5e+07,249749,11.853,0,11.853,1.884737536,87261
1,"segment",4,"chr9",1,50000000,5e+07,227365,11.248,0,11.248,1.881370624,87280
1,"segment",4,"chr9",50000001,100000000,5e+07,189884,10.655,0.00100000000000477,10.656,1.92210944,87270
1,"segment",4,"chr10",1,50000000,5e+07,247573,11.796,0,11.796,1.897648128,87249
1,"segment",4,"chr10",50000001,100000000,5e+07,249995,11.395,0,11.395,1.89663232,87261
1,"segment",4,"chr11",1,50000000,5e+07,249700,11.34,0,11.34,2.050338816,87270
1,"segment",4,"chr11",50000001,100000000,5e+07,247571,11.135,0,11.135,2.058969088,87280
1,"segment",4,"chr12",1,50000000,5e+07,249346,11.738,0,11.738,1.914626048,87249
1,"segment",4,"chr12",50000001,100000000,5e+07,250000,11.549,0.000999999999990564,11.55,1.770999808,87261
1,"segment",4,"chr13",1,50000000,5e+07,169132,9.52200000000001,0,9.52200000000001,1.830637568,87270
1,"segment",4,"chr13",50000001,100000000,5e+07,249749,11.18,0,11.18,1.845174272,87280
1,"segment",4,"chr14",1,50000000,5e+07,168401,8.123,0,8.123,1.904115712,87249
1,"segment",4,"chr14",50000001,100000000,5e+07,250000,11.788,0,11.788,1.816031232,87270
1,"segment",4,"chr15",1,50000000,5e+07,163536,9.044,0,9.044,1.623089152,87249
1,"segment",4,"chr15",50000001,100000000,5e+07,249749,10.478,0,10.478,1.92628736,87261
1,"segment",4,"chr16",1,50000000,5e+07,207870,10.745,0,10.745,1.791578112,87280
1,"segment",4,"chr17",1,50000000,5e+07,248590,10.81,0,10.81,2.328293376,87249
1,"segment",4,"chr18",1,50000000,5e+07,249103,10.278,0,10.278,1.843867648,87270
1,"segment",4,"chr19",1,50000000,5e+07,249159,10.229,0,10.229,2.206769152,87261
1,"segment",4,"chr20",1,50000000,5e+07,247966,9.90799999999999,0,9.90799999999999,1.788424192,87280
1,"segment",4,"chr22",1,50000000,5e+07,191709,9.50799999999998,0,9.50799999999998,1.884790784,87249
1,"segment",4,"chrX",1,50000000,5e+07,246497,11.4,0,11.4,1.900261376,87270
1,"segment",4,"chrX",50000001,100000000,5e+07,249228,11.444,0,11.444,2.07239168,87261
1,"segment",4,"chrX",100000001,150000000,5e+07,248556,11.397,0,11.397,1.831133184,87280
1,"segment",4,"chrY",1,50000000,5e+07,129550,6.84899999999999,0,6.84899999999999,2.198171648,87249
1,"segment",4,"chr1",200000001,248956422,48956422,244228,11.626,0,11.626,1.414979584,87270
1,"segment",4,"chr3",150000001,198295559,48295559,241177,10.931,0,10.931,1.56276736,87261
1,"segment",4,"chr21",1,46709983,46709983,200395,10.08,0,10.08,1.717948416,87280
1,"segment",4,"chr8",100000001,145138636,45138636,225393,10.438,0,10.438,1.653673984,87249
1,"segment",4,"chr2",200000001,242193529,42193529,210909,11.051,0,11.051,2.15171072,87261
1,"segment",4,"chr16",50000001,90338345,40338345,201140,10.63,0,10.63,1.726353408,87270
1,"segment",4,"chr4",150000001,190214555,40214555,200771,9.33500000000001,0.00100000000000477,9.33600000000001,1.89442048,87280
1,"segment",4,"chr9",100000001,138394717,38394717,191660,10.594,0,10.594,2.158759936,87249
1,"segment",4,"chr11",100000001,135086622,35086622,175383,7.27100000000002,0,7.27100000000002,1.941192704,87270
1,"segment",4,"chr10",100000001,133797422,33797422,168671,8.06299999999999,0,8.06299999999999,1.90697472,87261
1,"segment",4,"chr12",100000001,133275309,33275309,166313,7.20099999999999,0.00100000000000477,7.202,2.02682368,87280
1,"segment",4,"chr17",50000001,83257441,33257441,165965,6.51300000000001,0,6.51300000000001,2.343645184,87249
1,"segment",4,"chr5",150000001,181538259,31538259,157385,7.36099999999999,0,7.36099999999999,2.054221824,87270
1,"segment",4,"chr18",50000001,80373285,30373285,151304,5.96000000000001,0.00100000000000477,5.96100000000001,2.294665216,87261
1,"segment",4,"chr6",150000001,170805979,20805979,103478,5.578,0,5.578,1.849987072,87280
1,"segment",4,"chr20",50000001,64444167,14444167,71670,3.39099999999999,0,3.39099999999999,1.983705088,87249
1,"segment",4,"chr13",100000001,114364328,14364328,71016,4.07000000000002,0,4.07000000000002,2.034597888,87249
1,"segment",4,"chr7",150000001,159345973,9345973,46677,3.303,0,3.303,1.648689152,87280
1,"segment",4,"chr19",50000001,58617616,8617616,43038,2.286,0,2.286,2.057551872,87261
1,"segment",4,"chrY",50000001,57227415,7227415,2469,1.202,0,1.202,2.01728,87270
1,"segment",4,"chr14",100000001,107043718,7043718,34418,1.81800000000001,0,1.81800000000001,2.239533056,87270
1,"segment",4,"chrX",150000001,156040895,6040895,30154,1.91899999999998,0,1.91899999999998,2.166689792,87261
1,"segment",4,"chr15",100000001,101991189,1991189,9905,0.888000000000005,0,0.888000000000005,2.134646784,87249
1,"segment",4,"chr22",50000001,50818468,818468,4042,0.503000000000014,0,0.503000000000014,1.71405312,87280
1,"segment",5,"chr1",1,50000000,5e+07,248467,16.576,9.257,25.833,1.661018112,88248
1,"segment",5,"chr1",50000001,100000000,5e+07,250000,16.68,9.268,25.948,1.69828352,88238
1,"segment",5,"chr1",100000001,150000000,5e+07,159605,13.918,9.248,23.166,1.579921408,88228
1,"segment",5,"chr1",150000001,200000000,5e+07,250000,16.679,9.253,25.932,1.663062016,88218
1,"segment",5,"chr2",1,50000000,5e+07,249929,16.627,9.253,25.88,1.68429568,88209
1,"segment",5,"chr2",50000001,100000000,5e+07,241874,14.825,0,14.825,1.414537216,88228
1,"segment",5,"chr2",100000001,150000000,5e+07,249999,14.892,0.000999999999997669,14.893,1.80803584,88248
1,"segment",5,"chr2",150000001,200000000,5e+07,250000,14.926,0,14.926,1.719984128,88209
1,"segment",5,"chr3",1,50000000,5e+07,249946,14.52,0,14.52,1.738432512,88218
1,"segment",5,"chr3",50000001,100000000,5e+07,249348,14.498,0,14.498,1.761046528,88238
1,"segment",5,"chr3",100000001,150000000,5e+07,250000,12.689,0,12.689,1.5235072,88228
1,"segment",5,"chr4",1,50000000,5e+07,248444,12.521,0,12.521,1.837576192,88218
1,"segment",5,"chr4",50000001,100000000,5e+07,249529,12.445,0.000999999999997669,12.446,1.823793152,88238
1,"segment",5,"chr4",100000001,150000000,5e+07,250000,12.718,0,12.718,1.747275776,88209
1,"segment",5,"chr5",1,50000000,5e+07,249163,12.837,0,12.837,1.738563584,88248
1,"segment",5,"chr5",50000001,100000000,5e+07,249749,11.955,0,11.955,1.63463168,88228
1,"segment",5,"chr5",100000001,150000000,5e+07,249994,12.134,0,12.134,1.72158976,88218
1,"segment",5,"chr6",1,50000000,5e+07,249700,11.884,0.000999999999997669,11.885,1.792454656,88238
1,"segment",5,"chr6",50000001,100000000,5e+07,247201,12.03,0.00100000000000477,12.031,1.78597888,88209
1,"segment",5,"chr6",100000001,150000000,5e+07,249999,11.851,0,11.851,1.851645952,88248
1,"segment",5,"chr7",1,50000000,5e+07,249937,11.39,0,11.39,1.743532032,88228
1,"segment",5,"chr7",50000001,100000000,5e+07,248470,12.113,0.00100000000000477,12.114,1.731694592,88238
1,"segment",5,"chr7",100000001,150000000,5e+07,249749,11.921,0,11.921,1.84240128,88218
1,"segment",5,"chr8",1,50000000,5e+07,248688,11.338,0,11.338,1.807007744,88209
1,"segment",5,"chr8",50000001,100000000,5e+07,249749,11.59,0,11.59,1.876004864,88248
1,"segment",5,"chr9",1,50000000,5e+07,227365,12.158,0,12.159,1.199448064,88228
1,"segment",5,"chr9",50000001,100000000,5e+07,189884,13.277,0,13.277,1.820143616,88209
1,"segment",5,"chr10",1,50000000,5e+07,247573,13.316,0,13.316,1.496141824,88218
1,"segment",5,"chr10",50000001,100000000,5e+07,249995,13.467,0,13.467,1.482805248,88238
1,"segment",5,"chr11",1,50000000,5e+07,249700,12.653,0,12.653,1.5007744,88248
1,"segment",5,"chr11",50000001,100000000,5e+07,247571,12.456,0.00100000000000477,12.457,1.885863936,88228
1,"segment",5,"chr12",1,50000000,5e+07,249346,12.843,0.00100000000000477,12.844,1.792106496,88248
1,"segment",5,"chr12",50000001,100000000,5e+07,250000,11.586,0,11.586,1.785634816,88209
1,"segment",5,"chr13",1,50000000,5e+07,169132,10.742,0.00100000000000477,10.743,1.866625024,88218
1,"segment",5,"chr13",50000001,100000000,5e+07,249749,12.06,0.00199999999999534,12.062,1.71347968,88238
1,"segment",5,"chr14",1,50000000,5e+07,168401,9.60599999999999,0,9.60599999999999,1.633087488,88228
1,"segment",5,"chr14",50000001,100000000,5e+07,250000,12.59,0,12.59,1.689665536,88218
1,"segment",5,"chr15",1,50000000,5e+07,163536,10.21,0.00100000000000477,10.211,1.669042176,88209
1,"segment",5,"chr15",50000001,100000000,5e+07,249749,12.977,0.00199999999999534,12.979,1.606987776,88238
1,"segment",5,"chr16",1,50000000,5e+07,207870,10.607,0.00100000000000477,10.608,1.70745856,88248
1,"segment",5,"chr17",1,50000000,5e+07,248590,12.994,0,12.995,1.647579136,88228
1,"segment",5,"chr18",1,50000000,5e+07,249103,11.455,0,11.455,1.63586048,88209
1,"segment",5,"chr19",1,50000000,5e+07,249159,11.521,0.00100000000000477,11.522,1.690796032,88218
1,"segment",5,"chr20",1,50000000,5e+07,247966,11.671,0,11.671,1.816035328,88248
1,"segment",5,"chr22",1,50000000,5e+07,191709,10.232,0.00100000000000477,10.233,1.658679296,88238
1,"segment",5,"chrX",1,50000000,5e+07,246497,11.698,0.00199999999999534,11.7,1.751650304,88228
1,"segment",5,"chrX",50000001,100000000,5e+07,249228,11.794,0,11.794,1.71577344,88209
1,"segment",5,"chrX",100000001,150000000,5e+07,248556,11.43,0,11.43,1.409028096,88218
1,"segment",5,"chrY",1,50000000,5e+07,129550,8.26499999999999,0,8.26499999999999,1.735766016,88248
1,"segment",5,"chr1",200000001,248956422,48956422,244228,13.5,0,13.5,1.743695872,88238
1,"segment",5,"chr3",150000001,198295559,48295559,241177,11.939,0.00100000000000477,11.94,1.693110272,88228
1,"segment",5,"chr21",1,46709983,46709983,200395,11.853,0.00100000000000477,11.854,1.676099584,88209
1,"segment",5,"chr8",100000001,145138636,45138636,225393,13.092,0.00100000000000477,13.093,1.702703104,88218
1,"segment",5,"chr2",200000001,242193529,42193529,210909,10.771,0.00100000000000477,10.773,1.272451072,88248
1,"segment",5,"chr16",50000001,90338345,40338345,201140,9.113,0,9.113,1.535565824,88238
1,"segment",5,"chr4",150000001,190214555,40214555,200771,10.499,0.00100000000000477,10.5,1.769787392,88228
1,"segment",5,"chr9",100000001,138394717,38394717,191660,8.65400000000002,0.000999999999976353,8.655,1.807745024,88209
1,"segment",5,"chr11",100000001,135086622,35086622,175383,10.911,0,10.911,1.910358016,88248
1,"segment",5,"chr10",100000001,133797422,33797422,168671,7.57599999999999,0.00100000000000477,7.577,1.92464896,88218
1,"segment",5,"chr12",100000001,133275309,33275309,166313,8.51400000000001,0.00100000000000477,8.51600000000002,2.098147328,88238
1,"segment",5,"chr17",50000001,83257441,33257441,165965,7.42599999999999,0.00100000000000477,7.42699999999999,1.92247808,88209
1,"segment",5,"chr5",150000001,181538259,31538259,157385,8.274,0,8.274,1.831596032,88218
1,"segment",5,"chr18",50000001,80373285,30373285,151304,6.19399999999999,0,6.19399999999999,1.829699584,88228
1,"segment",5,"chr6",150000001,170805979,20805979,103478,5.52499999999998,0,5.52499999999998,1.867730944,88248
1,"segment",5,"chr20",50000001,64444167,14444167,71670,3.155,0.00100000000000477,3.15600000000001,2.020532224,88238
1,"segment",5,"chr13",100000001,114364328,14364328,71016,3.81399999999999,0,3.81399999999999,1.693118464,88209
1,"segment",5,"chr7",150000001,159345973,9345973,46677,3.43299999999999,0,3.43299999999999,1.530691584,88228
1,"segment",5,"chr19",50000001,58617616,8617616,43038,2.24299999999999,0,2.24299999999999,1.649143808,88238
1,"segment",5,"chrY",50000001,57227415,7227415,2469,1.381,0,1.381,1.425354752,88248
1,"segment",5,"chr14",100000001,107043718,7043718,34418,2.739,0,2.739,1.095258112,88209
1,"segment",5,"chrX",150000001,156040895,6040895,30154,2.505,0.00200000000000955,2.50700000000001,1.513734144,88218
1,"segment",5,"chr15",100000001,101991189,1991189,9905,2.79399999999998,0,2.79399999999998,1.674678272,88228
1,"segment",5,"chr22",50000001,50818468,818468,4042,1.30200000000002,0.00100000000000477,1.30300000000003,1.468698624,88238
1,"segment",6,"chr1",1,50000000,5e+07,248467,22.079,9.767,31.846,1.350750208,89156
1,"segment",6,"chr1",50000001,100000000,5e+07,250000,21.068,9.804,30.872,1.357135872,89145
1,"segment",6,"chr1",100000001,150000000,5e+07,159605,16.987,9.783,26.77,0.953434112,89135
1,"segment",6,"chr1",150000001,200000000,5e+07,250000,21.849,9.807,31.656,1.32507648,89123
1,"segment",6,"chr2",1,50000000,5e+07,249929,22.285,9.765,32.05,1.339506688,89113
1,"segment",6,"chr2",50000001,100000000,5e+07,241874,21.92,9.788,31.708,1.36198144,89102
1,"segment",6,"chr2",100000001,150000000,5e+07,249999,17.181,0,17.181,1.45340416,89135
1,"segment",6,"chr2",150000001,200000000,5e+07,250000,15.603,0.00100000000000477,15.604,1.67135232,89145
1,"segment",6,"chr3",1,50000000,5e+07,249946,15.509,0.000999999999997669,15.51,1.546944512,89123
1,"segment",6,"chr3",50000001,100000000,5e+07,249348,15.346,0,15.346,1.54253312,89102
1,"segment",6,"chr3",100000001,150000000,5e+07,250000,15.167,0.000999999999997669,15.168,1.550381056,89113
1,"segment",6,"chr4",1,50000000,5e+07,248444,15.078,0.000999999999997669,15.079,1.56872704,89156
1,"segment",6,"chr4",50000001,100000000,5e+07,249529,16.428,0,16.428,1.266221056,89135
1,"segment",6,"chr4",100000001,150000000,5e+07,250000,16.616,0.000999999999997669,16.617,1.213837312,89145
1,"segment",6,"chr5",1,50000000,5e+07,249163,17.094,0,17.094,1.49377024,89123
1,"segment",6,"chr5",50000001,100000000,5e+07,249749,17.189,0,17.189,1.563693056,89102
1,"segment",6,"chr5",100000001,150000000,5e+07,249994,16.694,0,16.694,1.502294016,89113
1,"segment",6,"chr6",1,50000000,5e+07,249700,16.782,0,16.782,1.462652928,89156
1,"segment",6,"chr6",50000001,100000000,5e+07,247201,16.608,0,16.608,0.767279104,89135
1,"segment",6,"chr6",100000001,150000000,5e+07,249999,16.46,0.00399999999999068,16.464,1.099640832,89145
1,"segment",6,"chr7",1,50000000,5e+07,249937,14.704,0.00100000000000477,14.705,1.558945792,89113
1,"segment",6,"chr7",50000001,100000000,5e+07,248470,16.792,0.00100000000000477,16.793,1.433157632,89123
1,"segment",6,"chr7",100000001,150000000,5e+07,249749,16.773,0,16.773,1.423220736,89102
1,"segment",6,"chr8",1,50000000,5e+07,248688,16.472,0,16.472,1.419354112,89156
1,"segment",6,"chr8",50000001,100000000,5e+07,249749,20.123,0.000999999999990564,20.125,1.5844352,89135
1,"segment",6,"chr9",1,50000000,5e+07,227365,16.252,0.00199999999999534,16.254,1.15877888,89113
1,"segment",6,"chr9",50000001,100000000,5e+07,189884,15.538,0.000999999999990564,15.539,0.850788352,89145
1,"segment",6,"chr10",1,50000000,5e+07,247573,17.79,0.00100000000000477,17.791,1.629814784,89123
1,"segment",6,"chr10",50000001,100000000,5e+07,249995,18.24,0.000999999999990564,18.241,1.297317888,89102
1,"segment",6,"chr11",1,50000000,5e+07,249700,17.41,0.00300000000000011,17.413,1.562177536,89156
1,"segment",6,"chr11",50000001,100000000,5e+07,247571,17.698,0.00100000000000477,17.7,0.92557312,89145
1,"segment",6,"chr12",1,50000000,5e+07,249346,18.733,0.00200000000000955,18.735,0.8922112,89113
1,"segment",6,"chr12",50000001,100000000,5e+07,250000,17,0.00100000000000477,17.001,1.617395712,89135
1,"segment",6,"chr13",1,50000000,5e+07,169132,14.843,0.00100000000000477,14.844,1.564704768,89123
1,"segment",6,"chr13",50000001,100000000,5e+07,249749,18.042,0.00200000000000955,18.044,1.316007936,89156
1,"segment",6,"chr14",1,50000000,5e+07,168401,13.835,0.000999999999990564,13.836,1.68480768,89102
1,"segment",6,"chr14",50000001,100000000,5e+07,250000,17.662,0.0130000000000052,17.675,1.10491648,89145
1,"segment",6,"chr15",1,50000000,5e+07,163536,11.732,0.00100000000000477,11.733,1.164046336,89102
1,"segment",6,"chr15",50000001,100000000,5e+07,249749,17.437,0.00400000000000489,17.442,1.194315776,89113
1,"segment",6,"chr16",1,50000000,5e+07,207870,16.188,0.000999999999990564,16.189,1.572532224,89123
1,"segment",6,"chr17",1,50000000,5e+07,248590,16.519,0.00100000000000477,16.52,1.52485888,89135
1,"segment",6,"chr18",1,50000000,5e+07,249103,18.153,0,18.153,1.574227968,89156
1,"segment",6,"chr19",1,50000000,5e+07,249159,16.274,0,16.274,1.048006656,89102
1,"segment",6,"chr20",1,50000000,5e+07,247966,19.388,0,19.388,1.57011968,89123
1,"segment",6,"chr22",1,50000000,5e+07,191709,11.785,0,11.785,0.67690496,89135
1,"segment",6,"chrX",1,50000000,5e+07,246497,20.33,0.00200000000000955,20.332,0.644513792,89145
1,"segment",6,"chrX",50000001,100000000,5e+07,249228,21.203,0,21.203,0.558379008,89113
1,"segment",6,"chrX",100000001,150000000,5e+07,248556,20.709,0.00100000000000477,20.71,1.121304576,89156
1,"segment",6,"chrY",1,50000000,5e+07,129550,12.476,0.00200000000000955,12.478,0.807346176,89102
1,"segment",6,"chr1",200000001,248956422,48956422,244228,21.377,0.00200000000000955,21.379,0.749924352,89135
1,"segment",6,"chr3",150000001,198295559,48295559,241177,16.481,0,16.481,1.616887808,89123
1,"segment",6,"chr21",1,46709983,46709983,200395,14.154,0.0029999999999859,14.158,0.584179712,89145
1,"segment",6,"chr8",100000001,145138636,45138636,225393,17.375,0.00199999999998113,17.377,1.472954368,89113
1,"segment",6,"chr2",200000001,242193529,42193529,210909,17.846,0.00100000000000477,17.85,1.44551936,89102
1,"segment",6,"chr16",50000001,90338345,40338345,201140,12.1,0.00100000000000477,12.101,1.116659712,89156
1,"segment",6,"chr4",150000001,190214555,40214555,200771,14.617,0.00100000000000477,14.618,1.003606016,89135
1,"segment",6,"chr9",100000001,138394717,38394717,191660,14.733,0.00300000000001432,14.736,1.433399296,89145
1,"segment",6,"chr11",100000001,135086622,35086622,175383,13.474,0.00100000000000477,13.475,1.539416064,89123
1,"segment",6,"chr10",100000001,133797422,33797422,168671,13.565,0,13.565,1.42399488,89113
1,"segment",6,"chr12",100000001,133275309,33275309,166313,12.316,0,12.316,1.360027648,89156
1,"segment",6,"chr17",50000001,83257441,33257441,165965,12.508,0,12.508,1.405374464,89102
1,"segment",6,"chr5",150000001,181538259,31538259,157385,12.604,0.00200000000000955,12.606,1.515692032,89135
1,"segment",6,"chr18",50000001,80373285,30373285,151304,9.36599999999999,0.00100000000000477,9.36699999999999,0.90591232,89123
1,"segment",6,"chr6",150000001,170805979,20805979,103478,7.47800000000001,0,7.47800000000001,0.964829184,89113
1,"segment",6,"chr20",50000001,64444167,14444167,71670,3.828,0,3.828,1.51484416,89102
1,"segment",6,"chr13",100000001,114364328,14364328,71016,4.88,0.00100000000000477,4.881,0.837472256,89145
1,"segment",6,"chr7",150000001,159345973,9345973,46677,4.44200000000001,0.00100000000000477,4.44300000000001,0.914726912,89156
1,"segment",6,"chr19",50000001,58617616,8617616,43038,2.60299999999998,0.00100000000000477,2.60399999999998,1.508380672,89102
1,"segment",6,"chrY",50000001,57227415,7227415,2469,4.577,0,4.577,1.457061888,89156
1,"segment",6,"chr14",100000001,107043718,7043718,34418,5.452,0.00100000000000477,5.453,1.413050368,89145
1,"segment",6,"chrX",150000001,156040895,6040895,30154,2.70600000000002,0.000999999999976353,2.70699999999999,1.702477824,89135
1,"segment",6,"chr15",100000001,101991189,1991189,9905,2.37799999999999,0,2.37799999999999,1.41727744,89102
1,"segment",6,"chr22",50000001,50818468,818468,4042,0.97399999999999,0.00200000000000955,0.975999999999999,1.093492736,89113
2,"static",1,"chr1",1,248956422,248956422,1152300,51.8450000000003,0.000999999999294232,51.8459999999995,3.637424128,64341
2,"static",1,"chr2",1,242193529,242193529,1202711,48.7669999999998,0,48.7669999999998,3.683807232,64341
2,"static",1,"chr3",1,198295559,198295559,990471,39.8940000000002,0,39.8940000000002,3.740864512,64341
2,"static",1,"chr4",1,190214555,190214555,948744,35.2049999999999,0,35.2049999999999,4.269355008,64341
2,"static",1,"chr5",1,181538259,181538259,906291,33.8699999999999,0,33.8699999999999,4.359217152,64341
2,"static",1,"chr6",1,170805979,170805979,850378,33.3130000000001,0,33.3130000000001,4.321480704,64341
2,"static",1,"chr7",1,159345973,159345973,794833,32.4870000000001,0,32.4870000000001,4.065939456,64341
2,"static",1,"chrX",1,156040895,156040895,774435,29.7669999999998,0,29.7669999999998,4.143489024,64341
2,"static",1,"chr8",1,145138636,145138636,723830,27.4679999999998,0,27.4679999999998,4.135989248,64341
2,"static",1,"chr9",1,138394717,138394717,608909,23.9870000000001,0,23.9870000000001,4.423110656,64341
2,"static",1,"chr11",1,135086622,135086622,672654,24.5810000000001,0.00100000000020373,24.5820000000003,4.565426176,64341
2,"static",1,"chr10",1,133797422,133797422,666239,27.8890000000001,0,27.8890000000001,4.05282816,64341
2,"static",1,"chr12",1,133275309,133275309,665659,26.9089999999997,0,26.9089999999997,4.20243456,64341
2,"static",1,"chr13",1,114364328,114364328,489897,19.3680000000004,0,19.3680000000004,4.098301952,64341
2,"static",1,"chr14",1,107043718,107043718,452819,16.1099999999997,0,16.1099999999997,4.437069824,64341
2,"static",1,"chr15",1,101991189,101991189,423190,18.7550000000001,0,18.7550000000001,3.912364032,64341
2,"static",1,"chr16",1,90338345,90338345,409010,14.5969999999998,0,14.5969999999998,4.748115968,64341
2,"static",1,"chr17",1,83257441,83257441,414555,15.8640000000005,0,15.8640000000005,4.5539328,64341
2,"static",1,"chr18",1,80373285,80373285,400407,16.8050000000003,0,16.8050000000003,4.2334208,64341
2,"static",1,"chr20",1,64444167,64444167,319636,11.6549999999997,0,11.6549999999997,4.378415104,64341
2,"static",1,"chr19",1,58617616,58617616,292197,11.2240000000002,0,11.2240000000002,4.265132032,64341
2,"static",1,"chrY",1,57227415,57227415,132019,8.26400000000012,0,8.26400000000012,4.117499904,64341
2,"static",1,"chr22",1,50818468,50818468,195751,6.84599999999955,0,6.84599999999955,4.638384128,64341
2,"static",1,"chr21",1,46709983,46709983,200395,7.60100000000057,0,7.60100000000057,4.386607104,64341
2,"static",2,"chr1",1,248956422,248956422,1152300,58.356,7.128,65.484,3.166601216,92613
2,"static",2,"chr2",1,242193529,242193529,1202711,50.266,0,50.266,3.231956992,92613
2,"static",2,"chr3",1,198295559,198295559,990471,39.852,0.00100000000000477,39.853,4.017037312,92613
2,"static",2,"chr4",1,190214555,190214555,948744,37.075,0.00100000000000477,37.076,3.798687744,92613
2,"static",2,"chr5",1,181538259,181538259,906291,36.613,0,36.613,3.693682688,92613
2,"static",2,"chr6",1,170805979,170805979,850378,33.215,0.00100000000000477,33.216,3.886108672,92613
2,"static",2,"chr7",1,159345973,159345973,794833,29.333,0,29.333,3.791130624,92613
2,"static",2,"chrX",1,156040895,156040895,774435,30.081,0,30.081,4.042575872,92613
2,"static",2,"chr8",1,145138636,145138636,723830,27.425,0,27.425,3.901042688,92613
2,"static",2,"chr9",1,138394717,138394717,608909,25.905,0,25.905,3.926654976,92613
2,"static",2,"chr11",1,135086622,135086622,672654,24.468,0,24.468,3.698335744,92613
2,"static",2,"chr10",1,133797422,133797422,666239,24.729,0,24.729,3.913732096,92613
2,"static",2,"chr12",1,133275309,133275309,665659,34.27,7.128,41.398,2.117107712,92603
2,"static",2,"chr13",1,114364328,114364328,489897,18.737,0.000999999999997669,18.738,2.41528832,92603
2,"static",2,"chr14",1,107043718,107043718,452819,20.976,0,20.976,2.537873408,92603
2,"static",2,"chr15",1,101991189,101991189,423190,17.063,0.00100000000000477,17.064,2.373967872,92603
2,"static",2,"chr16",1,90338345,90338345,409010,16.618,0,16.618,2.487578624,92603
2,"static",2,"chr17",1,83257441,83257441,414555,17.118,0,17.118,2.598494208,92603
2,"static",2,"chr18",1,80373285,80373285,400407,16.406,0,16.406,2.563670016,92603
2,"static",2,"chr20",1,64444167,64444167,319636,13.041,0,13.041,2.427363328,92603
2,"static",2,"chr19",1,58617616,58617616,292197,11.555,0,11.555,2.453204992,92603
2,"static",2,"chrY",1,57227415,57227415,132019,8.09400000000002,0,8.09400000000002,2.826665984,92603
2,"static",2,"chr22",1,50818468,50818468,195751,7.36799999999999,0,7.36799999999999,2.453475328,92603
2,"static",2,"chr21",1,46709983,46709983,200395,8.00700000000001,0,8.00700000000001,2.24894976,92603
2,"static",3,"chr1",1,248956422,248956422,1152300,57.238,7.498,64.736,3.021656064,94511
2,"static",3,"chr2",1,242193529,242193529,1202711,55.649,0,55.649,2.5091072,94511
2,"static",3,"chr3",1,198295559,198295559,990471,40.644,0,40.644,3.7464064,94511
2,"static",3,"chr4",1,190214555,190214555,948744,37.547,0,37.547,3.850919936,94511
2,"static",3,"chr5",1,181538259,181538259,906291,35.496,0.00100000000000477,35.497,3.629314048,94511
2,"static",3,"chr6",1,170805979,170805979,850378,32.627,0,32.627,3.747725312,94511
2,"static",3,"chr7",1,159345973,159345973,794833,29.474,0,29.474,3.754651648,94511
2,"static",3,"chrX",1,156040895,156040895,774435,30.096,0.0010000000000332,30.097,4.073926656,94511
2,"static",3,"chr8",1,145138636,145138636,723830,34.274,7.497,41.771,2.04003328,94500
2,"static",3,"chr9",1,138394717,138394717,608909,28.705,0,28.705,2.511806464,94500
2,"static",3,"chr11",1,135086622,135086622,672654,33.184,0,33.184,2.325504,94500
2,"static",3,"chr10",1,133797422,133797422,666239,27.977,0.000999999999990564,27.978,2.599346176,94500
2,"static",3,"chr12",1,133275309,133275309,665659,26.688,0,26.688,2.581725184,94500
2,"static",3,"chr13",1,114364328,114364328,489897,20.541,0.00100000000000477,20.542,2.770931712,94500
2,"static",3,"chr14",1,107043718,107043718,452819,18.454,0.00100000000000477,18.455,2.660892672,94500
2,"static",3,"chr15",1,101991189,101991189,423190,16.77,0,16.77,2.63938048,94500
2,"static",3,"chr16",1,90338345,90338345,409010,20.38,7.496,27.876,1.745338368,94486
2,"static",3,"chr17",1,83257441,83257441,414555,16.938,0,16.939,1.680908288,94486
2,"static",3,"chr18",1,80373285,80373285,400407,18.07,0.000999999999997669,18.071,2.07716352,94486
2,"static",3,"chr20",1,64444167,64444167,319636,14.751,0,14.751,2.215870464,94486
2,"static",3,"chr19",1,58617616,58617616,292197,15.419,0,15.419,1.96325376,94486
2,"static",3,"chrY",1,57227415,57227415,132019,8.28999999999999,0,8.28999999999999,2.240032768,94486
2,"static",3,"chr22",1,50818468,50818468,195751,10.536,0.00100000000000477,10.537,2.232610816,94486
2,"static",3,"chr21",1,46709983,46709983,200395,8.434,0,8.434,2.145538048,94486
2,"static",4,"chr1",1,248956422,248956422,1152300,59.617,7.613,67.23,2.815348736,96026
2,"static",4,"chr2",1,242193529,242193529,1202711,53.452,0,53.452,2.930659328,96026
2,"static",4,"chr3",1,198295559,198295559,990471,40.816,0,40.816,2.719625216,96026
2,"static",4,"chr4",1,190214555,190214555,948744,38.898,0.000999999999976353,38.899,3.602976768,96026
2,"static",4,"chr5",1,181538259,181538259,906291,36.673,0,36.673,3.641643008,96026
2,"static",4,"chr6",1,170805979,170805979,850378,32.986,0.000999999999976353,32.987,3.81720576,96026
2,"static",4,"chr7",1,159345973,159345973,794833,39.141,7.611,46.752,2.445320192,96016
2,"static",4,"chrX",1,156040895,156040895,774435,32.444,0,32.444,2.60112384,96016
2,"static",4,"chr8",1,145138636,145138636,723830,31.741,0,31.741,2.725584896,96016
2,"static",4,"chr9",1,138394717,138394717,608909,26.525,0,26.525,2.91577856,96016
2,"static",4,"chr11",1,135086622,135086622,672654,28.118,0,28.118,2.861735936,96016
2,"static",4,"chr10",1,133797422,133797422,666239,26.141,0,26.141,2.917740544,96016
2,"static",4,"chr12",1,133275309,133275309,665659,32.502,7.61,40.112,2.104721408,96007
2,"static",4,"chr13",1,114364328,114364328,489897,19.82,0,19.82,2.262089728,96007
2,"static",4,"chr14",1,107043718,107043718,452819,20.001,0,20.001,2.426667008,96007
2,"static",4,"chr15",1,101991189,101991189,423190,18.211,0,18.211,1.82806528,96007
2,"static",4,"chr16",1,90338345,90338345,409010,17.987,0,17.987,2.406080512,96007
2,"static",4,"chr17",1,83257441,83257441,414555,17.709,0,17.709,2.340712448,96007
2,"static",4,"chr18",1,80373285,80373285,400407,19.602,7.608,27.21,1.4198784,95996
2,"static",4,"chr20",1,64444167,64444167,319636,14.692,0,14.692,1.719238656,95996
2,"static",4,"chr19",1,58617616,58617616,292197,12.047,0,12.047,1.904951296,95996
2,"static",4,"chrY",1,57227415,57227415,132019,8.481,0,8.481,1.7819648,95996
2,"static",4,"chr22",1,50818468,50818468,195751,7.97300000000001,0.000999999999997669,7.974,1.727156224,95996
2,"static",4,"chr21",1,46709983,46709983,200395,10.04,0,10.04,1.812570112,95996
2,"static",5,"chr1",1,248956422,248956422,1152300,68.905,8.995,77.9,2.055888896,97358
2,"static",5,"chr2",1,242193529,242193529,1202711,56.765,0,56.765,2.742050816,97358
2,"static",5,"chr3",1,198295559,198295559,990471,44.546,0.00100000000000477,44.547,3.300261888,97358
2,"static",5,"chr4",1,190214555,190214555,948744,36.469,0.00100000000000477,36.47,3.720884224,97358
2,"static",5,"chr5",1,181538259,181538259,906291,37.648,0,37.649,3.195793408,97358
2,"static",5,"chr6",1,170805979,170805979,850378,49.585,8.995,58.58,1.926496256,97348
2,"static",5,"chr7",1,159345973,159345973,794833,37.178,0,37.181,2.083360768,97348
2,"static",5,"chrX",1,156040895,156040895,774435,37.26,0.00600000000000023,37.266,2.448678912,97348
2,"static",5,"chr8",1,145138636,145138636,723830,30.82,0,30.82,2.876850176,97348
2,"static",5,"chr9",1,138394717,138394717,608909,26.15,0,26.15,3.061968896,97348
2,"static",5,"chr11",1,135086622,135086622,672654,37.358,8.994,46.352,1.851158528,97338
2,"static",5,"chr10",1,133797422,133797422,666239,32.989,0,32.989,2.15128064,97338
2,"static",5,"chr12",1,133275309,133275309,665659,32.805,0.00199999999999534,32.809,1.64194304,97338
2,"static",5,"chr13",1,114364328,114364328,489897,24.043,0.00499999999999545,24.048,2.381225984,97338
2,"static",5,"chr14",1,107043718,107043718,452819,20.62,0,20.62,2.481860608,97338
2,"static",5,"chr15",1,101991189,101991189,423190,23.302,8.993,32.295,1.371246592,97328
2,"static",5,"chr16",1,90338345,90338345,409010,21.237,0,21.237,1.722097664,97328
2,"static",5,"chr17",1,83257441,83257441,414555,19.232,0.00100000000000477,19.233,1.618010112,97328
2,"static",5,"chr18",1,80373285,80373285,400407,19.925,0.00100000000000477,19.926,1.945735168,97328
2,"static",5,"chr20",1,64444167,64444167,319636,14.08,0,14.08,1.520873472,97328
2,"static",5,"chr19",1,58617616,58617616,292197,17.323,8.993,26.316,1.353228288,97317
2,"static",5,"chrY",1,57227415,57227415,132019,10.066,0.000999999999997669,10.067,1.619697664,97317
2,"static",5,"chr22",1,50818468,50818468,195751,9.489,0.00100000000000477,9.49,1.558921216,97317
2,"static",5,"chr21",1,46709983,46709983,200395,9.399,0,9.399,1.555349504,97317
2,"static",6,"chr1",1,248956422,248956422,1152300,92.163,8.548,100.711,2.003996672,98403
2,"static",6,"chr2",1,242193529,242193529,1202711,60.137,0,60.137,2.4569856,98403
2,"static",6,"chr3",1,198295559,198295559,990471,45.206,0.00100000000000477,45.207,2.343501824,98403
2,"static",6,"chr4",1,190214555,190214555,948744,40.843,0.00200000000000955,40.845,2.993647616,98403
2,"static",6,"chr5",1,181538259,181538259,906291,74.356,8.592,82.948,1.911095296,98393
2,"static",6,"chr6",1,170805979,170805979,850378,47.267,0,47.267,1.208782848,98393
2,"static",6,"chr7",1,159345973,159345973,794833,41.019,0.0029999999999859,41.022,2.480357376,98393
2,"static",6,"chrX",1,156040895,156040895,774435,34.988,0,34.988,2.744098816,98393
2,"static",6,"chr8",1,145138636,145138636,723830,58.304,8.786,67.09,1.62287616,98383
2,"static",6,"chr9",1,138394717,138394717,608909,39.479,0,39.48,0.376946688,98383
2,"static",6,"chr11",1,135086622,135086622,672654,36.448,0.00799999999999557,36.456,2.205728768,98383
2,"static",6,"chr10",1,133797422,133797422,666239,30.946,0.00100000000000477,30.947,2.193014784,98383
2,"static",6,"chr12",1,133275309,133275309,665659,54.076,8.837,62.913,1.521901568,98373
2,"static",6,"chr13",1,114364328,114364328,489897,30.361,0,30.361,0.965840896,98373
2,"static",6,"chr14",1,107043718,107043718,452819,27.897,0.00199999999999534,27.899,0.966135808,98373
2,"static",6,"chr15",1,101991189,101991189,423190,21.879,0.00100000000000477,21.88,1.960955904,98373
2,"static",6,"chr16",1,90338345,90338345,409010,32.393,8.767,41.16,0.528027648,98361
2,"static",6,"chr17",1,83257441,83257441,414555,25.904,0.000999999999997669,25.905,0.842584064,98361
2,"static",6,"chr18",1,80373285,80373285,400407,30.344,0.00100000000000477,30.345,1.70668032,98361
2,"static",6,"chr20",1,64444167,64444167,319636,16.449,0.000999999999990564,16.45,1.283231744,98361
2,"static",6,"chr19",1,58617616,58617616,292197,24.527,8.735,33.262,1.163681792,98348
2,"static",6,"chrY",1,57227415,57227415,132019,13.118,0.000999999999997669,13.119,1.317097472,98348
2,"static",6,"chr22",1,50818468,50818468,195751,10.602,0,10.602,1.45983488,98348
2,"static",6,"chr21",1,46709983,46709983,200395,13.294,0.00500000000000256,13.299,1.30711552,98348
2,"dynamic",1,"chr1",1,248956422,248956422,1152300,54.1089999999995,0,54.1089999999995,3.726249984,64341
2,"dynamic",1,"chr2",1,242193529,242193529,1202711,47.0190000000002,0.00100000000020373,47.0200000000004,4.043010048,64341
2,"dynamic",1,"chr3",1,198295559,198295559,990471,39.402,0,39.402,4.09862144,64341
2,"dynamic",1,"chr4",1,190214555,190214555,948744,39.5320000000002,0,39.5320000000002,3.81130752,64341
2,"dynamic",1,"chr5",1,181538259,181538259,906291,33.4279999999999,0,33.4279999999999,4.2123264,64341
2,"dynamic",1,"chr6",1,170805979,170805979,850378,33.7630000000008,0,33.7630000000008,4.282630144,64341
2,"dynamic",1,"chr7",1,159345973,159345973,794833,31.7139999999999,0,31.7139999999999,4.178251776,64341
2,"dynamic",1,"chrX",1,156040895,156040895,774435,31.3639999999996,0,31.3639999999996,3.80522496,64341
2,"dynamic",1,"chr8",1,145138636,145138636,723830,28.2119999999995,0,28.2119999999995,4.13749248,64341
2,"dynamic",1,"chr9",1,138394717,138394717,608909,25.9880000000012,0,25.9880000000012,4.143120384,64341
2,"dynamic",1,"chr11",1,135086622,135086622,672654,27.0160000000014,0,27.0160000000014,4.142260224,64341
2,"dynamic",1,"chr10",1,133797422,133797422,666239,25.9939999999988,0,25.9939999999988,4.211621888,64341
2,"dynamic",1,"chr12",1,133275309,133275309,665659,26.3270000000011,0,26.3270000000011,4.242825216,64341
2,"dynamic",1,"chr13",1,114364328,114364328,489897,19.512999999999,0,19.512999999999,4.107382784,64341
2,"dynamic",1,"chr14",1,107043718,107043718,452819,16.2909999999993,0,16.2919999999995,4.570820608,64341
2,"dynamic",1,"chr15",1,101991189,101991189,423190,15.9230000000007,0,15.9230000000007,4.736831488,64341
2,"dynamic",1,"chr16",1,90338345,90338345,409010,15.6970000000001,0,15.6970000000001,4.68494336,64341
2,"dynamic",1,"chr17",1,83257441,83257441,414555,16.5450000000001,0.00100000000020373,16.5460000000003,4.499304448,64341
2,"dynamic",1,"chr18",1,80373285,80373285,400407,16.5589999999993,0.00100000000020373,16.5599999999995,4.471894016,64341
2,"dynamic",1,"chr20",1,64444167,64444167,319636,11.8359999999993,0,11.8359999999993,4.385755136,64341
2,"dynamic",1,"chr19",1,58617616,58617616,292197,10.5110000000004,0,10.5110000000004,4.531613696,64341
2,"dynamic",1,"chrY",1,57227415,57227415,132019,8.71999999999935,0,8.71999999999935,4.333113344,64341
2,"dynamic",1,"chr22",1,50818468,50818468,195751,7.5570000000007,0,7.5570000000007,4.504645632,64341
2,"dynamic",1,"chr21",1,46709983,46709983,200395,9.18399999999929,0.00100000000020373,9.18499999999949,4.317753344,64341
2,"dynamic",2,"chr1",1,248956422,248956422,1152300,58.888,7.357,66.245,3.151286272,2297
2,"dynamic",2,"chr2",1,242193529,242193529,1202711,58.975,7.355,66.33,3.258679296,2287
2,"dynamic",2,"chr3",1,198295559,198295559,990471,41.966,0,41.966,3.239493632,2297
2,"dynamic",2,"chr4",1,190214555,190214555,948744,38.946,0,38.946,3.606597632,2287
2,"dynamic",2,"chr5",1,181538259,181538259,906291,35.436,0,35.436,3.68883712,2287
2,"dynamic",2,"chr6",1,170805979,170805979,850378,32.935,0,32.935,3.378221056,2297
2,"dynamic",2,"chr7",1,159345973,159345973,794833,31.626,0,31.626,2.70790656,2297
2,"dynamic",2,"chrX",1,156040895,156040895,774435,29.285,0,29.285,3.858751488,2287
2,"dynamic",2,"chr8",1,145138636,145138636,723830,28.322,0,28.322,3.632410624,2287
2,"dynamic",2,"chr9",1,138394717,138394717,608909,25.09,0,25.09,3.12715264,2297
2,"dynamic",2,"chr11",1,135086622,135086622,672654,27.904,0,27.904,3.407302656,2297
2,"dynamic",2,"chr10",1,133797422,133797422,666239,28.469,0,28.469,3.540127744,2287
2,"dynamic",2,"chr12",1,133275309,133275309,665659,27.232,0,27.232,3.066441728,2297
2,"dynamic",2,"chr13",1,114364328,114364328,489897,18.898,0,18.898,3.857887232,2287
2,"dynamic",2,"chr14",1,107043718,107043718,452819,18.788,0,18.788,3.7301248,2287
2,"dynamic",2,"chr15",1,101991189,101991189,423190,17.891,0,17.891,2.889826304,2297
2,"dynamic",2,"chr16",1,90338345,90338345,409010,16.455,0,16.455,3.526893568,2287
2,"dynamic",2,"chr17",1,83257441,83257441,414555,15.676,0,15.676,3.33262848,2297
2,"dynamic",2,"chr18",1,80373285,80373285,400407,16.0820000000001,0,16.0820000000001,3.49192192,2287
2,"dynamic",2,"chr20",1,64444167,64444167,319636,13.392,0,13.392,3.199135744,2297
2,"dynamic",2,"chr19",1,58617616,58617616,292197,11.598,0,11.598,3.209060352,2287
2,"dynamic",2,"chrY",1,57227415,57227415,132019,8.45799999999997,0.0010000000000332,8.459,3.154833408,2297
2,"dynamic",2,"chr22",1,50818468,50818468,195751,7.63099999999997,0,7.63099999999997,3.087261696,2297
2,"dynamic",2,"chr21",1,46709983,46709983,200395,7.78300000000002,0,7.78300000000002,3.115159552,2287
2,"dynamic",3,"chr1",1,248956422,248956422,1152300,62.329,7.209,69.538,2.722115584,3686
2,"dynamic",3,"chr2",1,242193529,242193529,1202711,64.215,7.209,71.424,2.762248192,3676
2,"dynamic",3,"chr3",1,198295559,198295559,990471,53.331,7.209,60.54,2.385846272,3662
2,"dynamic",3,"chr4",1,190214555,190214555,948744,41.66,0,41.66,3.11568384,3662
2,"dynamic",3,"chr5",1,181538259,181538259,906291,40.49,0,40.49,2.694504448,3686
2,"dynamic",3,"chr6",1,170805979,170805979,850378,37.516,0.000999999999990564,37.517,3.076071424,3676
2,"dynamic",3,"chr7",1,159345973,159345973,794833,39.933,0,39.933,2.465009664,3662
2,"dynamic",3,"chrX",1,156040895,156040895,774435,38.49,0.00100000000000477,38.491,2.807742464,3676
2,"dynamic",3,"chr8",1,145138636,145138636,723830,35.224,0.000999999999990564,35.225,2.809454592,3686
2,"dynamic",3,"chr9",1,138394717,138394717,608909,29.738,0,29.738,2.998386688,3662
2,"dynamic",3,"chr11",1,135086622,135086622,672654,29.092,0.00100000000000477,29.093,2.156367872,3686
2,"dynamic",3,"chr10",1,133797422,133797422,666239,29.36,0.00100000000000477,29.373,3.138224128,3676
2,"dynamic",3,"chr12",1,133275309,133275309,665659,31.86,0,31.86,3.0004224,3662
2,"dynamic",3,"chr13",1,114364328,114364328,489897,23.195,0.000999999999976353,23.196,2.724130816,3686
2,"dynamic",3,"chr14",1,107043718,107043718,452819,22.248,0.00100000000000477,22.249,2.982682624,3676
2,"dynamic",3,"chr15",1,101991189,101991189,423190,20.728,0,20.728,2.610184192,3686
2,"dynamic",3,"chr16",1,90338345,90338345,409010,19.595,0,19.595,2.939502592,3676
2,"dynamic",3,"chr17",1,83257441,83257441,414555,18.177,0,18.177,2.642702336,3662
2,"dynamic",3,"chr18",1,80373285,80373285,400407,19.483,0.00100000000000477,19.484,3.224522752,3676
2,"dynamic",3,"chr20",1,64444167,64444167,319636,13.204,0,13.204,1.851224064,3686
2,"dynamic",3,"chr19",1,58617616,58617616,292197,12.809,0.00100000000000477,12.81,2.796228608,3662
2,"dynamic",3,"chrY",1,57227415,57227415,132019,10.91,0.000999999999976353,10.911,2.227089408,3686
2,"dynamic",3,"chr22",1,50818468,50818468,195751,8.08799999999999,0,8.08799999999999,2.995654656,3662
2,"dynamic",3,"chr21",1,46709983,46709983,200395,7.92699999999999,0,7.92699999999999,3.278024704,3676
2,"dynamic",4,"chr1",1,248956422,248956422,1152300,69.318,8.166,77.484,2.193846272,4869
2,"dynamic",4,"chr2",1,242193529,242193529,1202711,69.716,8.165,77.881,2.258325504,4859
2,"dynamic",4,"chr3",1,198295559,198295559,990471,57.019,8.165,65.184,2.101788672,4849
2,"dynamic",4,"chr4",1,190214555,190214555,948744,53.521,8.163,61.684,2.436448256,4839
2,"dynamic",4,"chr5",1,181538259,181538259,906291,44.163,0,44.164,1.087025152,4839
2,"dynamic",4,"chr6",1,170805979,170805979,850378,42.691,0,42.691,2.016149504,4849
2,"dynamic",4,"chr7",1,159345973,159345973,794833,38.308,0,38.31,2.68791808,4869
2,"dynamic",4,"chrX",1,156040895,156040895,774435,40.805,0,40.806,2.06655488,4859
2,"dynamic",4,"chr8",1,145138636,145138636,723830,40.758,0.00300000000000011,40.762,1.535578112,4839
2,"dynamic",4,"chr9",1,138394717,138394717,608909,37.893,0.00400000000000489,37.897,2.57910784,4849
2,"dynamic",4,"chr11",1,135086622,135086622,672654,35.967,0.00100000000000477,35.968,2.435940352,4869
2,"dynamic",4,"chr10",1,133797422,133797422,666239,40.307,0.00100000000000477,40.308,1.852317696,4859
2,"dynamic",4,"chr12",1,133275309,133275309,665659,38.626,0.000999999999976353,38.627,2.526048256,4849
2,"dynamic",4,"chr13",1,114364328,114364328,489897,28.666,0.00200000000000955,28.668,1.50806528,4839
2,"dynamic",4,"chr14",1,107043718,107043718,452819,29.36,0.00399999999999068,29.364,2.223620096,4869
2,"dynamic",4,"chr15",1,101991189,101991189,423190,27.1,0.00100000000000477,27.101,2.379825152,4859
2,"dynamic",4,"chr16",1,90338345,90338345,409010,25.199,0,25.199,2.582736896,4839
2,"dynamic",4,"chr17",1,83257441,83257441,414555,20.744,0.00100000000000477,20.745,1.422659584,4869
2,"dynamic",4,"chr18",1,80373285,80373285,400407,28.087,0.01400000000001,28.101,2.285789184,4849
2,"dynamic",4,"chr20",1,64444167,64444167,319636,15.942,0,15.942,1.76766976,4859
2,"dynamic",4,"chr19",1,58617616,58617616,292197,15.155,0.00100000000000477,15.156,1.97951488,4869
2,"dynamic",4,"chrY",1,57227415,57227415,132019,9.50200000000001,0.00100000000000477,9.50399999999999,1.669799936,4859
2,"dynamic",4,"chr22",1,50818468,50818468,195751,9.047,0,9.047,1.73172736,4839
2,"dynamic",4,"chr21",1,46709983,46709983,200395,11.892,0.00200000000000955,11.894,2.056339456,4839
2,"dynamic",5,"chr1",1,248956422,248956422,1152300,87.857,8.664,96.521,1.794551808,5959
2,"dynamic",5,"chr2",1,242193529,242193529,1202711,88.184,8.661,96.845,2.102919168,5949
2,"dynamic",5,"chr3",1,198295559,198295559,990471,68.77,8.661,77.431,2.036641792,5939
2,"dynamic",5,"chr4",1,190214555,190214555,948744,68.541,8.659,77.2,1.987063808,5930
2,"dynamic",5,"chr5",1,181538259,181538259,906291,64.27,8.659,72.929,1.93374208,5920
2,"dynamic",5,"chr6",1,170805979,170805979,850378,66.554,0,66.558,0.597815296,5920
2,"dynamic",5,"chr7",1,159345973,159345973,794833,60.061,0,60.062,0.67186688,5930
2,"dynamic",5,"chrX",1,156040895,156040895,774435,59.891,0,59.891,2.299191296,5939
2,"dynamic",5,"chr8",1,145138636,145138636,723830,51.314,0.00199999999999534,51.317,0.496181248,5959
2,"dynamic",5,"chr9",1,138394717,138394717,608909,55.299,0,55.299,1.117073408,5949
2,"dynamic",5,"chr11",1,135086622,135086622,672654,64.368,0.0120000000000005,64.382,0.744144896,5930
2,"dynamic",5,"chr10",1,133797422,133797422,666239,52.375,0,52.375,2.186469376,5939
2,"dynamic",5,"chr12",1,133275309,133275309,665659,53.694,0.00999999999999091,53.706,0.69728256,5920
2,"dynamic",5,"chr13",1,114364328,114364328,489897,40.336,0.00800000000000978,40.344,1.35151616,5959
2,"dynamic",5,"chr14",1,107043718,107043718,452819,38.574,0.00600000000000023,38.58,1.40941312,5949
2,"dynamic",5,"chr15",1,101991189,101991189,423190,23.214,0.00100000000000477,23.216,0.33183744,5939
2,"dynamic",5,"chr16",1,90338345,90338345,409010,43.938,0.00600000000000023,43.944,1.898688512,5920
2,"dynamic",5,"chr17",1,83257441,83257441,414555,35.713,0.00199999999998113,35.715,1.854763008,5949
2,"dynamic",5,"chr18",1,80373285,80373285,400407,33.266,0.00800000000000978,33.274,1.071624192,5959
2,"dynamic",5,"chr20",1,64444167,64444167,319636,25.909,0.00600000000000023,25.915,1.022824448,5930
2,"dynamic",5,"chr19",1,58617616,58617616,292197,22.881,0.00100000000000477,22.882,0.397758464,5939
2,"dynamic",5,"chrY",1,57227415,57227415,132019,15.883,0.00100000000000477,15.884,2.0911104,5930
2,"dynamic",5,"chr22",1,50818468,50818468,195751,14.338,0.00200000000000955,14.34,1.735528448,5949
2,"dynamic",5,"chr21",1,46709983,46709983,200395,14.448,0.00200000000000955,14.45,2.36670976,5959
2,"dynamic",6,"chr1",1,248956422,248956422,1152300,132.253,9.867,142.12,1.421017088,7004
2,"dynamic",6,"chr2",1,242193529,242193529,1202711,139.118,9.869,148.987,2.14833152,6994
2,"dynamic",6,"chr3",1,198295559,198295559,990471,107.006,9.857,116.863,1.991348224,6983
2,"dynamic",6,"chr4",1,190214555,190214555,948744,101.781,9.867,111.648,1.896992768,6972
2,"dynamic",6,"chr5",1,181538259,181538259,906291,99.609,9.86,109.469,1.853566976,6963
2,"dynamic",6,"chr6",1,170805979,170805979,850378,84.686,9.86,94.546,1.85823232,6951
2,"dynamic",6,"chr7",1,159345973,159345973,794833,74.774,0,74.774,0.483565568,6951
2,"dynamic",6,"chrX",1,156040895,156040895,774435,83.246,0.000999999999990564,83.247,0.352083968,6963
2,"dynamic",6,"chr8",1,145138636,145138636,723830,71.643,0.00100000000000477,71.644,0.910098432,6972
2,"dynamic",6,"chr9",1,138394717,138394717,608909,55.813,0,55.813,0.42575872,6983
2,"dynamic",6,"chr11",1,135086622,135086622,672654,73.6,0.00399999999999068,73.607,0.416854016,7004
2,"dynamic",6,"chr10",1,133797422,133797422,666239,63.112,0.00100000000000477,63.114,0.863490048,6994
2,"dynamic",6,"chr12",1,133275309,133275309,665659,98.973,0.007000000000005,98.98,0.690356224,6951
2,"dynamic",6,"chr13",1,114364328,114364328,489897,73.462,0.00499999999999545,73.467,1.002827776,6983
2,"dynamic",6,"chr14",1,107043718,107043718,452819,65.152,0.00600000000000023,65.159,0.639074304,6972
2,"dynamic",6,"chr15",1,101991189,101991189,423190,60.81,0.00800000000000978,60.818,1.990729728,6963
2,"dynamic",6,"chr16",1,90338345,90338345,409010,46.568,0.00199999999998113,46.57,1.023537152,6994
2,"dynamic",6,"chr17",1,83257441,83257441,414555,37.397,0.00199999999998113,37.399,1.230209024,7004
2,"dynamic",6,"chr18",1,80373285,80373285,400407,37.964,0.0029999999999859,37.967,2.062946304,6972
2,"dynamic",6,"chr20",1,64444167,64444167,319636,25.613,0.000999999999976353,25.614,0.975671296,6963
2,"dynamic",6,"chr19",1,58617616,58617616,292197,24.473,0.0080000000000382,24.481,1.297727488,6983
2,"dynamic",6,"chrY",1,57227415,57227415,132019,20.439,0.00399999999996226,20.443,1.165684736,6994
2,"dynamic",6,"chr22",1,50818468,50818468,195751,18.818,0.00200000000000955,18.82,1.504620544,7004
2,"dynamic",6,"chr21",1,46709983,46709983,200395,15.448,0.0029999999999859,15.451,1.35428096,6951
2,"segment",1,"chr1",1,50000000,5e+07,248467,10.9920000000002,0,10.9920000000002,1.97128192,64341
2,"segment",1,"chr1",50000001,100000000,5e+07,250000,10.7520000000004,0,10.7520000000004,2.083344384,64341
2,"segment",1,"chr1",100000001,150000000,5e+07,159605,9.40999999999985,0,9.40999999999985,2.051497984,64341
2,"segment",1,"chr1",150000001,200000000,5e+07,250000,10.7459999999992,0,10.7459999999992,2.177564672,64341
2,"segment",1,"chr2",1,50000000,5e+07,249929,10.7600000000002,0,10.7600000000002,2.280439808,64341
2,"segment",1,"chr2",50000001,100000000,5e+07,241874,9.47100000000137,0,9.47100000000137,2.35675648,64341
2,"segment",1,"chr2",100000001,150000000,5e+07,249999,7.97199999999975,0,7.97199999999975,2.7665408,64341
2,"segment",1,"chr2",150000001,200000000,5e+07,250000,9.70999999999913,0,9.70999999999913,2.714177536,64341
2,"segment",1,"chr3",1,50000000,5e+07,249946,10.018,0,10.018,2.929270784,64341
2,"segment",1,"chr3",50000001,100000000,5e+07,249348,7.92000000000007,0,7.92000000000007,3.225329664,64341
2,"segment",1,"chr3",100000001,150000000,5e+07,250000,9.64600000000064,0,9.64600000000064,3.38999296,64341
2,"segment",1,"chr4",1,50000000,5e+07,248444,9.73099999999977,0,9.73099999999977,3.328274432,64341
2,"segment",1,"chr4",50000001,100000000,5e+07,249529,9.66899999999987,0,9.66899999999987,3.435835392,64341
2,"segment",1,"chr4",100000001,150000000,5e+07,250000,8.3760000000002,0,8.3760000000002,3.21615872,64341
2,"segment",1,"chr5",1,50000000,5e+07,249163,11.0969999999998,0,11.0969999999998,2.948861952,64341
2,"segment",1,"chr5",50000001,100000000,5e+07,249749,7.97899999999936,0,7.97899999999936,3.0615552,64341
2,"segment",1,"chr5",100000001,150000000,5e+07,249994,7.88600000000042,0,7.88600000000042,3.240419328,64341
2,"segment",1,"chr6",1,50000000,5e+07,249700,12.3429999999989,0,12.3429999999989,3.194318848,64341
2,"segment",1,"chr6",50000001,100000000,5e+07,247201,8.29299999999967,0.00100000000020373,8.29399999999987,3.366293504,64341
2,"segment",1,"chr6",100000001,150000000,5e+07,249999,10.4650000000001,0,10.4650000000001,3.082297344,64341
2,"segment",1,"chr7",1,50000000,5e+07,249937,8.60500000000138,0,8.60500000000138,3.403726848,64341
2,"segment",1,"chr7",50000001,100000000,5e+07,248470,10.7699999999986,0,10.7699999999986,3.282632704,64341
2,"segment",1,"chr7",100000001,150000000,5e+07,249749,8.1869999999999,0,8.1869999999999,3.374456832,64341
2,"segment",1,"chr8",1,50000000,5e+07,248688,9.79800000000068,0,9.79800000000068,3.205820416,64341
2,"segment",1,"chr8",50000001,100000000,5e+07,249749,8.53600000000006,0,8.53600000000006,3.272671232,64341
2,"segment",1,"chr9",1,50000000,5e+07,227365,9.15799999999945,0,9.15799999999945,3.488444416,64341
2,"segment",1,"chr9",50000001,100000000,5e+07,189884,7.04500000000007,0.00100000000020373,7.04600000000028,3.394691072,64341
2,"segment",1,"chr10",1,50000000,5e+07,247573,10.7009999999991,0,10.7009999999991,3.137957888,64341
2,"segment",1,"chr10",50000001,100000000,5e+07,249995,7.78900000000067,0.00100000000020373,7.79000000000087,3.259613184,64341
2,"segment",1,"chr11",1,50000000,5e+07,249700,10.8040000000001,0,10.8040000000001,3.306438656,64341
2,"segment",1,"chr11",50000001,100000000,5e+07,247571,7.94499999999971,0,7.94499999999971,3.412426752,64341
2,"segment",1,"chr12",1,50000000,5e+07,249346,9.48500000000058,0,9.48500000000058,3.56552704,64341
2,"segment",1,"chr12",50000001,100000000,5e+07,250000,9.43499999999949,0,9.43499999999949,3.860463616,64341
2,"segment",1,"chr13",1,50000000,5e+07,169132,7.32500000000073,0,7.32500000000073,3.782586368,64341
2,"segment",1,"chr13",50000001,100000000,5e+07,249749,9.40099999999984,0,9.40099999999984,3.948273664,64341
2,"segment",1,"chr14",1,50000000,5e+07,168401,7.3239999999987,0,7.3239999999987,3.777818624,64341
2,"segment",1,"chr14",50000001,100000000,5e+07,250000,9.73899999999958,0.00100000000020373,9.73999999999978,3.825225728,64341
2,"segment",1,"chr15",1,50000000,5e+07,163536,7.91800000000148,0,7.91800000000148,3.85988608,64341
2,"segment",1,"chr15",50000001,100000000,5e+07,249749,8.11799999999857,0,8.11799999999857,3.901005824,64341
2,"segment",1,"chr16",1,50000000,5e+07,207870,8.85800000000017,0,8.85800000000017,3.728535552,64341
2,"segment",1,"chr17",1,50000000,5e+07,248590,9.76400000000103,0,9.76400000000103,3.788341248,64341
2,"segment",1,"chr18",1,50000000,5e+07,249103,8.27000000000044,0,8.27000000000044,3.782262784,64341
2,"segment",1,"chr19",1,50000000,5e+07,249159,8.29700000000048,0.000999999998384737,8.29799999999886,3.89654528,64341
2,"segment",1,"chr20",1,50000000,5e+07,247966,10.1460000000006,0,10.1460000000006,3.613577216,64341
2,"segment",1,"chr22",1,50000000,5e+07,191709,7.14400000000023,0,7.14400000000023,3.684708352,64341
2,"segment",1,"chrX",1,50000000,5e+07,246497,9.90200000000004,0,9.90200000000004,3.764809728,64341
2,"segment",1,"chrX",50000001,100000000,5e+07,249228,7.61200000000099,0,7.61200000000099,4.2320896,64341
2,"segment",1,"chrX",100000001,150000000,5e+07,248556,8.31999999999971,0,8.31999999999971,4.138389504,64341
2,"segment",1,"chrY",1,50000000,5e+07,129550,7.20700000000033,0,7.20700000000033,3.954405376,64341
2,"segment",1,"chr1",200000001,248956422,48956422,244228,11.616,0,11.616,4.027764736,64341
2,"segment",1,"chr3",150000001,198295559,48295559,241177,9.17100000000028,0,9.17100000000028,4.190928896,64341
2,"segment",1,"chr21",1,46709983,46709983,200395,7.96500000000015,0,7.96500000000015,4.179226624,64341
2,"segment",1,"chr8",100000001,145138636,45138636,225393,7.78199999999924,0,7.78199999999924,4.439601152,64341
2,"segment",1,"chr2",200000001,242193529,42193529,210909,9.42100000000028,0,9.42100000000028,3.933134848,64341
2,"segment",1,"chr16",50000001,90338345,40338345,201140,6.94999999999891,0,6.94999999999891,3.973926912,64341
2,"segment",1,"chr4",150000001,190214555,40214555,200771,7.29700000000048,0.00100000000020373,7.29800000000068,4.333289472,64341
2,"segment",1,"chr9",100000001,138394717,38394717,191660,8.9330000000009,0,8.9330000000009,4.042911744,64341
2,"segment",1,"chr11",100000001,135086622,35086622,175383,6.14899999999943,0,6.14899999999943,4.168114176,64341
2,"segment",1,"chr10",100000001,133797422,33797422,168671,6.72799999999916,0,6.72799999999916,4.232962048,64341
2,"segment",1,"chr12",100000001,133275309,33275309,166313,5.86100000000079,0,5.86100000000079,4.181864448,64341
2,"segment",1,"chr17",50000001,83257441,33257441,165965,5.97600000000057,0,5.97600000000057,4.283904,64341
2,"segment",1,"chr5",150000001,181538259,31538259,157385,7.01999999999862,0.00100000000020373,7.02099999999882,4.007821312,64341
2,"segment",1,"chr18",50000001,80373285,30373285,151304,4.98600000000079,0,4.98600000000079,4.479655936,64341
2,"segment",1,"chr6",150000001,170805979,20805979,103478,4.41399999999885,0.00100000000020373,4.41499999999905,4.293107712,64341
2,"segment",1,"chr20",50000001,64444167,14444167,71670,2.8130000000001,0,2.8130000000001,4.26043392,64341
2,"segment",1,"chr13",100000001,114364328,14364328,71016,3.21200000000135,0,3.21200000000135,4.328640512,64341
2,"segment",1,"chr7",150000001,159345973,9345973,46677,3.25699999999961,0,3.25699999999961,3.870093312,64341
2,"segment",1,"chr19",50000001,58617616,8617616,43038,1.57799999999952,0.00100000000020373,1.57899999999972,4.076187648,64341
2,"segment",1,"chrY",50000001,57227415,7227415,2469,0.824000000000524,0,0.824000000000524,4.193861632,64341
2,"segment",1,"chr14",100000001,107043718,7043718,34418,1.65399999999863,0,1.65399999999863,4.475731968,64341
2,"segment",1,"chrX",150000001,156040895,6040895,30154,1.65500000000065,0,1.65500000000065,4.689268736,64341
2,"segment",1,"chr15",100000001,101991189,1991189,9905,1.07999999999993,0,1.07999999999993,4.417998848,64341
2,"segment",1,"chr22",50000001,50818468,818468,4042,0.415000000000873,0,0.415000000000873,4.535783424,64341
2,"segment",2,"chr1",1,50000000,5e+07,248467,13.752,7.009,20.761,1.705508864,10537
2,"segment",2,"chr1",50000001,100000000,5e+07,250000,13.789,7.008,20.797,1.630871552,10527
2,"segment",2,"chr1",100000001,150000000,5e+07,159605,9.971,0,9.971,1.804357632,10537
2,"segment",2,"chr1",150000001,200000000,5e+07,250000,11.671,0,11.671,1.781051392,10527
2,"segment",2,"chr2",1,50000000,5e+07,249929,11.28,0,11.28,1.83662592,10537
2,"segment",2,"chr2",50000001,100000000,5e+07,241874,11.185,0,11.185,1.845866496,10527
2,"segment",2,"chr2",100000001,150000000,5e+07,249999,8.648,0,8.648,2.228310016,10537
2,"segment",2,"chr2",150000001,200000000,5e+07,250000,8.576,0,8.576,2.246754304,10527
2,"segment",2,"chr3",1,50000000,5e+07,249946,11.227,0,11.227,2.4411136,10537
2,"segment",2,"chr3",50000001,100000000,5e+07,249348,11.143,0.000999999999997669,11.144,2.368638976,10527
2,"segment",2,"chr3",100000001,150000000,5e+07,250000,9.712,0,9.712,1.920323584,10537
2,"segment",2,"chr4",1,50000000,5e+07,248444,10.615,0,10.615,2.242101248,10527
2,"segment",2,"chr4",50000001,100000000,5e+07,249529,9.70999999999999,0,9.70999999999999,2.323369984,10537
2,"segment",2,"chr4",100000001,150000000,5e+07,250000,9.10299999999999,0,9.104,2.210455552,10527
2,"segment",2,"chr5",1,50000000,5e+07,249163,10.478,0,10.478,2.434793472,10537
2,"segment",2,"chr5",50000001,100000000,5e+07,249749,10.341,0.000999999999990564,10.342,2.208116736,10527
2,"segment",2,"chr5",100000001,150000000,5e+07,249994,10.097,0,10.097,2.211323904,10537
2,"segment",2,"chr6",1,50000000,5e+07,249700,10.895,0,10.895,2.006204416,10527
2,"segment",2,"chr6",50000001,100000000,5e+07,247201,10.223,0,10.223,2.398470144,10537
2,"segment",2,"chr6",100000001,150000000,5e+07,249999,8.438,0,8.438,2.232414208,10527
2,"segment",2,"chr7",1,50000000,5e+07,249937,10.557,0,10.557,2.248830976,10537
2,"segment",2,"chr7",50000001,100000000,5e+07,248470,10.456,0,10.456,2.258571264,10527
2,"segment",2,"chr7",100000001,150000000,5e+07,249749,8.304,0,8.304,2.319847424,10537
2,"segment",2,"chr8",1,50000000,5e+07,248688,9.154,0,9.154,2.464948224,10527
2,"segment",2,"chr8",50000001,100000000,5e+07,249749,9.30300000000003,0,9.30300000000003,2.551099392,10537
2,"segment",2,"chr9",1,50000000,5e+07,227365,9.036,0,9.036,2.488147968,10527
2,"segment",2,"chr9",50000001,100000000,5e+07,189884,8.26900000000001,0,8.26900000000001,2.128965632,10537
2,"segment",2,"chr10",1,50000000,5e+07,247573,8.87,0,8.87,2.45694464,10527
2,"segment",2,"chr10",50000001,100000000,5e+07,249995,9.149,0.00100000000000477,9.15000000000001,2.338906112,10537
2,"segment",2,"chr11",1,50000000,5e+07,249700,9.85300000000001,0.000999999999976353,9.85399999999998,2.415415296,10527
2,"segment",2,"chr11",50000001,100000000,5e+07,247571,10.002,0,10.002,2.2897664,10537
2,"segment",2,"chr12",1,50000000,5e+07,249346,10.454,0,10.454,2.015232,10527
2,"segment",2,"chr12",50000001,100000000,5e+07,250000,10.201,0,10.201,2.171006976,10537
2,"segment",2,"chr13",1,50000000,5e+07,169132,8.142,0.00100000000000477,8.143,2.127663104,10527
2,"segment",2,"chr13",50000001,100000000,5e+07,249749,9.435,0,9.435,2.265935872,10537
2,"segment",2,"chr14",1,50000000,5e+07,168401,7.255,0.00100000000000477,7.256,2.355748864,10527
2,"segment",2,"chr14",50000001,100000000,5e+07,250000,11.661,0,11.661,2.10384896,10527
2,"segment",2,"chr15",1,50000000,5e+07,163536,9.24299999999999,0,9.24299999999999,2.265874432,10537
2,"segment",2,"chr15",50000001,100000000,5e+07,249749,8.50899999999999,0,8.50899999999999,2.40566272,10537
2,"segment",2,"chr16",1,50000000,5e+07,207870,8.22,0,8.22,2.352566272,10527
2,"segment",2,"chr17",1,50000000,5e+07,248590,9.85900000000001,0,9.85900000000001,2.417557504,10537
2,"segment",2,"chr18",1,50000000,5e+07,249103,10.95,0,10.95,2.259443712,10527
2,"segment",2,"chr19",1,50000000,5e+07,249159,8.98000000000002,0,8.98000000000002,2.42159616,10537
2,"segment",2,"chr20",1,50000000,5e+07,247966,8.81399999999999,0,8.81399999999999,2.302820352,10527
2,"segment",2,"chr22",1,50000000,5e+07,191709,9.16300000000001,0,9.16300000000001,2.306228224,10537
2,"segment",2,"chrX",1,50000000,5e+07,246497,11.28,0.00100000000000477,11.281,2.35235328,10527
2,"segment",2,"chrX",50000001,100000000,5e+07,249228,12.064,0.00100000000000477,12.066,2.135437312,10537
2,"segment",2,"chrX",100000001,150000000,5e+07,248556,8.87099999999998,0,8.87099999999998,2.37897728,10527
2,"segment",2,"chrY",1,50000000,5e+07,129550,6.66,0,6.66,2.267742208,10537
2,"segment",2,"chr1",200000001,248956422,48956422,244228,11.241,0,11.241,2.28747264,10527
2,"segment",2,"chr3",150000001,198295559,48295559,241177,10.257,0.00100000000000477,10.258,2.185969664,10537
2,"segment",2,"chr21",1,46709983,46709983,200395,7.601,0,7.601,2.458128384,10527
2,"segment",2,"chr8",100000001,145138636,45138636,225393,9.20499999999998,0,9.20499999999998,2.257375232,10537
2,"segment",2,"chr2",200000001,242193529,42193529,210909,8.66899999999998,0.000999999999976353,8.66999999999996,2.527338496,10527
2,"segment",2,"chr16",50000001,90338345,40338345,201140,7.88999999999999,0,7.88999999999999,2.078367744,10537
2,"segment",2,"chr4",150000001,190214555,40214555,200771,8.40800000000002,0,8.40800000000002,2.154061824,10527
2,"segment",2,"chr9",100000001,138394717,38394717,191660,6.84900000000005,0,6.84900000000005,2.345889792,10537
2,"segment",2,"chr11",100000001,135086622,35086622,175383,6.34699999999998,0,6.34699999999998,2.261065728,10527
2,"segment",2,"chr10",100000001,133797422,33797422,168671,6.58500000000004,0,6.58500000000004,2.290368512,10537
2,"segment",2,"chr12",100000001,133275309,33275309,166313,6.92500000000001,0,6.92500000000001,2.228207616,10527
2,"segment",2,"chr17",50000001,83257441,33257441,165965,6.72499999999997,0,6.72499999999997,2.378010624,10537
2,"segment",2,"chr5",150000001,181538259,31538259,157385,6.745,0,6.745,2.382589952,10527
2,"segment",2,"chr18",50000001,80373285,30373285,151304,5.33499999999998,0,5.33499999999998,2.480402432,10537
2,"segment",2,"chr6",150000001,170805979,20805979,103478,4.71699999999998,0,4.71699999999998,2.333339648,10527
2,"segment",2,"chr20",50000001,64444167,14444167,71670,2.73500000000001,0,2.73500000000001,2.435878912,10537
2,"segment",2,"chr13",100000001,114364328,14364328,71016,3.411,0,3.411,2.459983872,10537
2,"segment",2,"chr7",150000001,159345973,9345973,46677,2.27099999999996,0,2.27099999999996,2.582388736,10527
2,"segment",2,"chr19",50000001,58617616,8617616,43038,1.81999999999999,0.0010000000000332,1.82100000000003,2.505146368,10527
2,"segment",2,"chrY",50000001,57227415,7227415,2469,1.66800000000001,0.000999999999976353,1.66899999999998,2.007732224,10537
2,"segment",2,"chr14",100000001,107043718,7043718,34418,1.76300000000003,0.000999999999976353,1.76400000000001,2.544201728,10527
2,"segment",2,"chrX",150000001,156040895,6040895,30154,1.726,0,1.726,2.220908544,10537
2,"segment",2,"chr15",100000001,101991189,1991189,9905,1.137,0.0010000000000332,1.13800000000003,2.514415616,10527
2,"segment",2,"chr22",50000001,50818468,818468,4042,0.427999999999997,0,0.427999999999997,2.287890432,10537
2,"segment",3,"chr1",1,50000000,5e+07,248467,13.544,7.625,21.169,1.7009664,11874
2,"segment",3,"chr1",50000001,100000000,5e+07,250000,13.676,7.624,21.3,1.630928896,11864
2,"segment",3,"chr1",100000001,150000000,5e+07,159605,11.406,7.622,19.028,1.594781696,11852
2,"segment",3,"chr1",150000001,200000000,5e+07,250000,10.668,0,10.668,1.882611712,11852
2,"segment",3,"chr2",1,50000000,5e+07,249929,11.237,0.000999999999997669,11.238,1.743753216,11874
2,"segment",3,"chr2",50000001,100000000,5e+07,241874,11.052,0,11.052,1.810300928,11864
2,"segment",3,"chr2",100000001,150000000,5e+07,249999,11.191,0,11.191,1.890992128,11852
2,"segment",3,"chr2",150000001,200000000,5e+07,250000,10.691,0.00100000000000477,10.692,1.777721344,11864
2,"segment",3,"chr3",1,50000000,5e+07,249946,10.089,0,10.089,2.003914752,11874
2,"segment",3,"chr3",50000001,100000000,5e+07,249348,10.207,0,10.207,2.212151296,11852
2,"segment",3,"chr3",100000001,150000000,5e+07,250000,9.95500000000001,0,9.95500000000001,1.992126464,11874
2,"segment",3,"chr4",1,50000000,5e+07,248444,10.254,0.00100000000000477,10.255,2.015916032,11864
2,"segment",3,"chr4",50000001,100000000,5e+07,249529,10.134,0.000999999999997669,10.135,2.1715968,11852
2,"segment",3,"chr4",100000001,150000000,5e+07,250000,10.564,0,10.564,1.707671552,11874
2,"segment",3,"chr5",1,50000000,5e+07,249163,10.309,0.00100000000000477,10.31,1.847590912,11864
2,"segment",3,"chr5",50000001,100000000,5e+07,249749,9.944,0,9.944,2.11503104,11852
2,"segment",3,"chr5",100000001,150000000,5e+07,249994,10.159,0,10.159,1.978351616,11874
2,"segment",3,"chr6",1,50000000,5e+07,249700,10.314,0,10.314,1.85683968,11864
2,"segment",3,"chr6",50000001,100000000,5e+07,247201,9.363,0,9.363,2.428768256,11852
2,"segment",3,"chr6",100000001,150000000,5e+07,249999,9.953,0,9.953,1.997586432,11874
2,"segment",3,"chr7",1,50000000,5e+07,249937,9.795,0,9.795,2.0230144,11864
2,"segment",3,"chr7",50000001,100000000,5e+07,248470,10.651,0,10.651,1.713139712,11852
2,"segment",3,"chr7",100000001,150000000,5e+07,249749,10.007,0,10.007,1.98731776,11874
2,"segment",3,"chr8",1,50000000,5e+07,248688,10.581,0,10.581,1.850810368,11864
2,"segment",3,"chr8",50000001,100000000,5e+07,249749,9.667,0,9.667,1.966084096,11852
2,"segment",3,"chr9",1,50000000,5e+07,227365,10.495,0,10.495,2.000744448,11874
2,"segment",3,"chr9",50000001,100000000,5e+07,189884,8.642,0,8.642,2.128728064,11864
2,"segment",3,"chr10",1,50000000,5e+07,247573,9.74799999999999,0,9.74799999999999,2.480365568,11852
2,"segment",3,"chr10",50000001,100000000,5e+07,249995,9.729,0,9.729,2.023702528,11864
2,"segment",3,"chr11",1,50000000,5e+07,249700,9.03399999999999,0,9.03399999999999,2.174070784,11874
2,"segment",3,"chr11",50000001,100000000,5e+07,247571,9.684,0,9.684,2.338328576,11852
2,"segment",3,"chr12",1,50000000,5e+07,249346,10.082,0,10.082,2.022764544,11864
2,"segment",3,"chr12",50000001,100000000,5e+07,250000,10.29,0,10.29,2.538856448,11874
2,"segment",3,"chr13",1,50000000,5e+07,169132,8.92099999999999,0,8.92099999999999,2.378883072,11852
2,"segment",3,"chr13",50000001,100000000,5e+07,249749,10.092,0,10.092,1.992220672,11864
2,"segment",3,"chr14",1,50000000,5e+07,168401,7.64700000000001,0,7.64700000000001,2.406588416,11874
2,"segment",3,"chr14",50000001,100000000,5e+07,250000,8.863,0,8.863,2.382163968,11852
2,"segment",3,"chr15",1,50000000,5e+07,163536,7.381,0,7.381,2.575048704,11874
2,"segment",3,"chr15",50000001,100000000,5e+07,249749,9.61799999999999,0,9.61799999999999,1.9519488,11864
2,"segment",3,"chr16",1,50000000,5e+07,207870,9.27700000000002,0,9.27700000000002,2.212020224,11852
2,"segment",3,"chr17",1,50000000,5e+07,248590,9.56400000000002,0,9.56400000000002,2.336210944,11874
2,"segment",3,"chr18",1,50000000,5e+07,249103,9.547,0.00100000000000477,9.548,1.970999296,11864
2,"segment",3,"chr19",1,50000000,5e+07,249159,8.499,0,8.499,2.301124608,11852
2,"segment",3,"chr20",1,50000000,5e+07,247966,8.517,0,8.517,2.36894208,11874
2,"segment",3,"chr22",1,50000000,5e+07,191709,7.77600000000001,0.000999999999976353,7.77699999999999,2.097696768,11864
2,"segment",3,"chrX",1,50000000,5e+07,246497,10.711,0,10.711,2.188324864,11852
2,"segment",3,"chrX",50000001,100000000,5e+07,249228,11.344,0,11.344,2.187681792,11874
2,"segment",3,"chrX",100000001,150000000,5e+07,248556,9.76100000000002,0,9.76100000000002,2.101682176,11864
2,"segment",3,"chrY",1,50000000,5e+07,129550,7.76499999999999,0.00100000000000477,7.76599999999999,2.149076992,11852
2,"segment",3,"chr1",200000001,248956422,48956422,244228,12.111,0,12.111,2.323001344,11874
2,"segment",3,"chr3",150000001,198295559,48295559,241177,12.697,0,12.697,2.001199104,11864
2,"segment",3,"chr21",1,46709983,46709983,200395,9.77700000000002,0.00100000000000477,9.77800000000002,1.836720128,11852
2,"segment",3,"chr8",100000001,145138636,45138636,225393,10.27,0.00100000000000477,10.271,2.072461312,11874
2,"segment",3,"chr2",200000001,242193529,42193529,210909,10.993,0,10.993,1.947922432,11864
2,"segment",3,"chr16",50000001,90338345,40338345,201140,7.78199999999998,0.00100000000000477,7.78299999999999,2.062163968,11852
2,"segment",3,"chr4",150000001,190214555,40214555,200771,8.881,0,8.881,2.299531264,11874
2,"segment",3,"chr9",100000001,138394717,38394717,191660,8.673,0,8.673,2.102300672,11852
2,"segment",3,"chr11",100000001,135086622,35086622,175383,7.21000000000001,0,7.21000000000001,2.134503424,11864
2,"segment",3,"chr10",100000001,133797422,33797422,168671,7.81599999999997,0.00100000000000477,7.81699999999998,2.514341888,11874
2,"segment",3,"chr12",100000001,133275309,33275309,166313,8.06300000000002,0,8.06300000000002,1.821782016,11864
2,"segment",3,"chr17",50000001,83257441,33257441,165965,6.63399999999999,0,6.63399999999999,2.191454208,11852
2,"segment",3,"chr5",150000001,181538259,31538259,157385,8.07599999999999,0,8.07599999999999,2.050588672,11852
2,"segment",3,"chr18",50000001,80373285,30373285,151304,6.23000000000002,0,6.23000000000002,2.458923008,11874
2,"segment",3,"chr6",150000001,170805979,20805979,103478,4.87199999999999,0,4.87199999999999,1.99335936,11864
2,"segment",3,"chr20",50000001,64444167,14444167,71670,3.267,0,3.267,2.03616256,11864
2,"segment",3,"chr13",100000001,114364328,14364328,71016,3.834,0.00100000000000477,3.83500000000001,2.241245184,11874
2,"segment",3,"chr7",150000001,159345973,9345973,46677,2.63800000000001,0,2.63800000000001,2.34928128,11852
2,"segment",3,"chr19",50000001,58617616,8617616,43038,2.60499999999999,0,2.60499999999999,1.926946816,11864
2,"segment",3,"chrY",50000001,57227415,7227415,2469,0.966000000000008,0,0.966000000000008,2.416201728,11874
2,"segment",3,"chr14",100000001,107043718,7043718,34418,2.12800000000001,0,2.12800000000001,2.453450752,11852
2,"segment",3,"chrX",150000001,156040895,6040895,30154,2.81100000000001,0,2.81100000000001,2.103369728,11874
2,"segment",3,"chr15",100000001,101991189,1991189,9905,1.12,0.00100000000000477,1.12100000000001,2.176364544,11864
2,"segment",3,"chr22",50000001,50818468,818468,4042,0.454000000000008,0,0.454000000000008,2.24335872,11864
2,"segment",4,"chr1",1,50000000,5e+07,248467,15.896,7.958,23.854,1.658290176,12897
2,"segment",4,"chr1",50000001,100000000,5e+07,250000,15.896,7.957,23.853,1.70356736,12887
2,"segment",4,"chr1",100000001,150000000,5e+07,159605,13.163,7.956,21.119,1.603518464,12878
2,"segment",4,"chr1",150000001,200000000,5e+07,250000,15.904,7.957,23.861,1.703964672,12868
2,"segment",4,"chr2",1,50000000,5e+07,249929,17.292,0,17.292,1.640677376,12878
2,"segment",4,"chr2",50000001,100000000,5e+07,241874,17.636,0.00100000000000122,17.637,1.827258368,12887
2,"segment",4,"chr2",100000001,150000000,5e+07,249999,17.829,0,17.829,1.829322752,12868
2,"segment",4,"chr2",150000001,200000000,5e+07,250000,17.737,0,17.737,1.782431744,12897
2,"segment",4,"chr3",1,50000000,5e+07,249946,14.853,0,14.853,1.558679552,12878
2,"segment",4,"chr3",50000001,100000000,5e+07,249348,15.353,0,15.353,1.36976384,12887
2,"segment",4,"chr3",100000001,150000000,5e+07,250000,14.864,0,14.864,1.297698816,12868
2,"segment",4,"chr4",1,50000000,5e+07,248444,14.731,0.000999999999997669,14.732,1.316503552,12897
2,"segment",4,"chr4",50000001,100000000,5e+07,249529,16.138,0,16.138,1.451040768,12878
2,"segment",4,"chr4",100000001,150000000,5e+07,250000,16.501,0,16.501,1.576054784,12868
2,"segment",4,"chr5",1,50000000,5e+07,249163,16.676,0.000999999999997669,16.677,1.812594688,12887
2,"segment",4,"chr5",50000001,100000000,5e+07,249749,16.208,0.000999999999997669,16.209,1.481089024,12897
2,"segment",4,"chr5",100000001,150000000,5e+07,249994,15.975,0,15.975,1.649717248,12878
2,"segment",4,"chr6",1,50000000,5e+07,249700,15.594,0,15.594,1.764634624,12868
2,"segment",4,"chr6",50000001,100000000,5e+07,247201,15.207,0,15.207,1.803481088,12897
2,"segment",4,"chr6",100000001,150000000,5e+07,249999,14.436,0,14.436,1.846480896,12887
2,"segment",4,"chr7",1,50000000,5e+07,249937,14.451,0,14.451,1.775136768,12878
2,"segment",4,"chr7",50000001,100000000,5e+07,248470,13.978,0.00499999999999545,13.983,1.680379904,12887
2,"segment",4,"chr7",100000001,150000000,5e+07,249749,14.337,0,14.337,1.63969024,12897
2,"segment",4,"chr8",1,50000000,5e+07,248688,15.734,0,15.734,1.725362176,12868
2,"segment",4,"chr8",50000001,100000000,5e+07,249749,15.402,0,15.402,1.832054784,12878
2,"segment",4,"chr9",1,50000000,5e+07,227365,15.016,0,15.016,1.854214144,12887
2,"segment",4,"chr9",50000001,100000000,5e+07,189884,13.3,0.00100000000000477,13.301,1.837375488,12897
2,"segment",4,"chr10",1,50000000,5e+07,247573,13.296,0,13.296,1.892237312,12868
2,"segment",4,"chr10",50000001,100000000,5e+07,249995,12.084,0,12.084,1.79181568,12878
2,"segment",4,"chr11",1,50000000,5e+07,249700,11.911,0.00100000000000477,11.912,1.365684224,12897
2,"segment",4,"chr11",50000001,100000000,5e+07,247571,11.946,0,11.946,1.609510912,12887
2,"segment",4,"chr12",1,50000000,5e+07,249346,14.113,0.00100000000000477,14.114,1.723957248,12868
2,"segment",4,"chr12",50000001,100000000,5e+07,250000,12.168,0.00100000000000477,12.169,1.8095104,12878
2,"segment",4,"chr13",1,50000000,5e+07,169132,11.61,0,11.61,1.786621952,12897
2,"segment",4,"chr13",50000001,100000000,5e+07,249749,12.434,0.00100000000000477,12.435,1.678393344,12887
2,"segment",4,"chr14",1,50000000,5e+07,168401,8.01400000000001,0.00100000000000477,8.01500000000001,2.02115072,12868
2,"segment",4,"chr14",50000001,100000000,5e+07,250000,10.449,0.00100000000000477,10.45,1.9777536,12878
2,"segment",4,"chr15",1,50000000,5e+07,163536,9.35300000000001,0,9.35300000000001,1.688338432,12897
2,"segment",4,"chr15",50000001,100000000,5e+07,249749,11.781,0,11.781,1.915490304,12868
2,"segment",4,"chr16",1,50000000,5e+07,207870,9.97,0,9.97,1.740378112,12887
2,"segment",4,"chr17",1,50000000,5e+07,248590,11.675,0,11.675,1.700728832,12897
2,"segment",4,"chr18",1,50000000,5e+07,249103,11.538,0,11.538,1.772699648,12868
2,"segment",4,"chr19",1,50000000,5e+07,249159,11.291,0,11.291,2.065969152,12878
2,"segment",4,"chr20",1,50000000,5e+07,247966,10.685,0,10.685,1.579147264,12887
2,"segment",4,"chr22",1,50000000,5e+07,191709,9.78200000000001,0.000999999999976353,9.78299999999999,1.783250944,12887
2,"segment",4,"chrX",1,50000000,5e+07,246497,12.076,0.00100000000000477,12.077,2.017697792,12878
2,"segment",4,"chrX",50000001,100000000,5e+07,249228,10.488,0,10.488,1.929678848,12868
2,"segment",4,"chrX",100000001,150000000,5e+07,248556,11.791,0,11.791,1.81725184,12897
2,"segment",4,"chrY",1,50000000,5e+07,129550,9.27799999999999,0,9.27799999999999,1.294921728,12887
2,"segment",4,"chr1",200000001,248956422,48956422,244228,15.154,0,15.154,1.64077568,12868
2,"segment",4,"chr3",150000001,198295559,48295559,241177,12.585,0,12.585,1.359069184,12878
2,"segment",4,"chr21",1,46709983,46709983,200395,9.90700000000001,0,9.90700000000001,0.980635648,12897
2,"segment",4,"chr8",100000001,145138636,45138636,225393,14.366,0,14.366,1.482551296,12887
2,"segment",4,"chr2",200000001,242193529,42193529,210909,13.47,0.00100000000000477,13.471,1.68787968,12897
2,"segment",4,"chr16",50000001,90338345,40338345,201140,11.465,0,11.465,1.956769792,12878
2,"segment",4,"chr4",150000001,190214555,40214555,200771,12.307,0,12.307,1.665581056,12868
2,"segment",4,"chr9",100000001,138394717,38394717,191660,9.101,0,9.101,1.71890688,12887
2,"segment",4,"chr11",100000001,135086622,35086622,175383,7.91499999999999,0,7.91499999999999,1.860681728,12878
2,"segment",4,"chr10",100000001,133797422,33797422,168671,7.02500000000001,0,7.02500000000001,1.893371904,12868
2,"segment",4,"chr12",100000001,133275309,33275309,166313,7.60499999999999,0,7.60499999999999,1.706692608,12897
2,"segment",4,"chr17",50000001,83257441,33257441,165965,6.511,0.00199999999998113,6.51299999999998,1.810182144,12887
2,"segment",4,"chr5",150000001,181538259,31538259,157385,7.86100000000002,0,7.86100000000002,1.5645696,12878
2,"segment",4,"chr18",50000001,80373285,30373285,151304,7.24600000000001,0,7.24600000000001,1.683759104,12868
2,"segment",4,"chr6",150000001,170805979,20805979,103478,6.54400000000001,0,6.54400000000001,1.441722368,12897
2,"segment",4,"chr20",50000001,64444167,14444167,71670,3.32999999999998,0,3.32999999999998,1.814970368,12887
2,"segment",4,"chr13",100000001,114364328,14364328,71016,4.53399999999999,0,4.53399999999999,1.684996096,12887
2,"segment",4,"chr7",150000001,159345973,9345973,46677,2.94200000000001,0,2.94200000000001,1.6925696,12868
2,"segment",4,"chr19",50000001,58617616,8617616,43038,2.22,0,2.22,1.426788352,12878
2,"segment",4,"chrY",50000001,57227415,7227415,2469,1.11599999999999,0,1.11599999999999,1.565671424,12897
2,"segment",4,"chr14",100000001,107043718,7043718,34418,1.99300000000002,0.000999999999976353,1.994,1.765593088,12897
2,"segment",4,"chrX",150000001,156040895,6040895,30154,2.57600000000002,0,2.57600000000002,1.429499904,12878
2,"segment",4,"chr15",100000001,101991189,1991189,9905,1.256,0,1.256,1.81528576,12868
2,"segment",4,"chr22",50000001,50818468,818468,4042,0.543999999999983,0,0.543999999999983,1.765453824,12897
2,"segment",5,"chr1",1,50000000,5e+07,248467,20.477,8.491,28.968,1.2663808,13833
2,"segment",5,"chr1",50000001,100000000,5e+07,250000,21.637,8.505,30.142,1.320398848,13823
2,"segment",5,"chr1",100000001,150000000,5e+07,159605,16.314,8.403,24.717,1.181761536,13814
2,"segment",5,"chr1",150000001,200000000,5e+07,250000,21.711,8.508,30.22,1.305595904,13804
2,"segment",5,"chr2",1,50000000,5e+07,249929,21.385,8.498,29.883,1.318805504,13794
2,"segment",5,"chr2",50000001,100000000,5e+07,241874,15.999,0,15.999,1.451610112,13814
2,"segment",5,"chr2",100000001,150000000,5e+07,249999,15.744,0.000999999999997669,15.745,1.55875328,13833
2,"segment",5,"chr2",150000001,200000000,5e+07,250000,15.636,0,15.636,1.477300224,13794
2,"segment",5,"chr3",1,50000000,5e+07,249946,15.005,0,15.005,1.524785152,13823
2,"segment",5,"chr3",50000001,100000000,5e+07,249348,15.435,0,15.435,1.63414016,13804
2,"segment",5,"chr3",100000001,150000000,5e+07,250000,14.359,0.000999999999997669,14.36,1.536761856,13814
2,"segment",5,"chr4",1,50000000,5e+07,248444,14.108,0,14.108,1.56657664,13833
2,"segment",5,"chr4",50000001,100000000,5e+07,249529,14.236,0,14.236,1.580896256,13823
2,"segment",5,"chr4",100000001,150000000,5e+07,250000,14.574,0,14.574,1.487941632,13794
2,"segment",5,"chr5",1,50000000,5e+07,249163,14.328,0.000999999999997669,14.329,1.60729088,13804
2,"segment",5,"chr5",50000001,100000000,5e+07,249749,13.87,0,13.87,1.168748544,13814
2,"segment",5,"chr5",100000001,150000000,5e+07,249994,14.056,0,14.056,1.750130688,13833
2,"segment",5,"chr6",1,50000000,5e+07,249700,13.01,0,13.01,1.710465024,13823
2,"segment",5,"chr6",50000001,100000000,5e+07,247201,13.515,0,13.515,1.861214208,13804
2,"segment",5,"chr6",100000001,150000000,5e+07,249999,13.758,0,13.758,1.626734592,13794
2,"segment",5,"chr7",1,50000000,5e+07,249937,13.749,0.000999999999990564,13.75,1.427697664,13814
2,"segment",5,"chr7",50000001,100000000,5e+07,248470,15.051,0.00100000000000477,15.052,1.313247232,13823
2,"segment",5,"chr7",100000001,150000000,5e+07,249749,13.388,0.000999999999990564,13.389,1.440530432,13833
2,"segment",5,"chr8",1,50000000,5e+07,248688,14.47,0,14.47,1.381834752,13804
2,"segment",5,"chr8",50000001,100000000,5e+07,249749,12.976,0,12.976,1.466830848,13794
2,"segment",5,"chr9",1,50000000,5e+07,227365,14.59,0.00100000000000477,14.591,1.09195264,13814
2,"segment",5,"chr9",50000001,100000000,5e+07,189884,14.323,0.00200000000000955,14.325,1.532604416,13833
2,"segment",5,"chr10",1,50000000,5e+07,247573,16.931,0,16.931,1.575124992,13794
2,"segment",5,"chr10",50000001,100000000,5e+07,249995,15.037,0,15.037,1.539223552,13823
2,"segment",5,"chr11",1,50000000,5e+07,249700,15.515,0,15.515,1.647501312,13804
2,"segment",5,"chr11",50000001,100000000,5e+07,247571,14.283,0,14.283,1.50562816,13814
2,"segment",5,"chr12",1,50000000,5e+07,249346,13.861,0,13.861,1.478660096,13833
2,"segment",5,"chr12",50000001,100000000,5e+07,250000,15.835,0.00100000000000477,15.836,1.39380736,13823
2,"segment",5,"chr13",1,50000000,5e+07,169132,14.161,0.00100000000000477,14.162,1.547300864,13804
2,"segment",5,"chr13",50000001,100000000,5e+07,249749,16.496,0,16.496,1.559638016,13794
2,"segment",5,"chr14",1,50000000,5e+07,168401,12.661,0,12.661,1.588563968,13814
2,"segment",5,"chr14",50000001,100000000,5e+07,250000,14.341,0.0029999999999859,14.344,1.508257792,13833
2,"segment",5,"chr15",1,50000000,5e+07,163536,14.377,0.00199999999999534,14.379,1.52098816,13804
2,"segment",5,"chr15",50000001,100000000,5e+07,249749,16.404,0.00200000000000955,16.406,1.562128384,13823
2,"segment",5,"chr16",1,50000000,5e+07,207870,15.068,0.00200000000000955,15.07,1.588703232,13794
2,"segment",5,"chr17",1,50000000,5e+07,248590,15.165,0,15.165,1.590808576,13814
2,"segment",5,"chr18",1,50000000,5e+07,249103,15.901,0.00199999999998113,15.903,1.680211968,13833
2,"segment",5,"chr19",1,50000000,5e+07,249159,11.85,0,11.85,1.527341056,13804
2,"segment",5,"chr20",1,50000000,5e+07,247966,16.66,0,16.66,1.698455552,13823
2,"segment",5,"chr22",1,50000000,5e+07,191709,10.996,0.000999999999976353,10.997,1.683550208,13794
2,"segment",5,"chrX",1,50000000,5e+07,246497,16.836,0,16.836,1.409097728,13814
2,"segment",5,"chrX",50000001,100000000,5e+07,249228,15.286,0,15.289,0.512905216,13804
2,"segment",5,"chrX",100000001,150000000,5e+07,248556,15.061,0.00100000000000477,15.062,0.930430976,13833
2,"segment",5,"chrY",1,50000000,5e+07,129550,10.46,0.00100000000000477,10.461,0.774422528,13794
2,"segment",5,"chr1",200000001,248956422,48956422,244228,15.049,0,15.049,1.402404864,13823
2,"segment",5,"chr3",150000001,198295559,48295559,241177,13.979,0.00100000000000477,13.981,0.976961536,13814
2,"segment",5,"chr21",1,46709983,46709983,200395,16.194,0.00900000000001455,16.203,1.425424384,13804
2,"segment",5,"chr8",100000001,145138636,45138636,225393,17.485,0,17.485,1.569677312,13794
2,"segment",5,"chr2",200000001,242193529,42193529,210909,16.638,0.000999999999976353,16.639,1.434750976,13833
2,"segment",5,"chr16",50000001,90338345,40338345,201140,14.421,0,14.421,1.63231744,13823
2,"segment",5,"chr4",150000001,190214555,40214555,200771,14.587,0.0109999999999957,14.598,1.524330496,13814
2,"segment",5,"chr9",100000001,138394717,38394717,191660,14.54,0.00100000000000477,14.541,1.611829248,13804
2,"segment",5,"chr11",100000001,135086622,35086622,175383,10.149,0,10.149,1.53899008,13833
2,"segment",5,"chr10",100000001,133797422,33797422,168671,9.25199999999998,0.00100000000000477,9.25299999999999,1.305726976,13794
2,"segment",5,"chr12",100000001,133275309,33275309,166313,11.055,0,11.055,1.565175808,13823
2,"segment",5,"chr17",50000001,83257441,33257441,165965,8.053,0.00100000000000477,8.054,1.467379712,13814
2,"segment",5,"chr5",150000001,181538259,31538259,157385,11.381,0.00100000000000477,11.382,1.502646272,13794
2,"segment",5,"chr18",50000001,80373285,30373285,151304,9.536,0,9.536,1.461538816,13833
2,"segment",5,"chr6",150000001,170805979,20805979,103478,6.29599999999999,0,6.29599999999999,1.682477056,13823
2,"segment",5,"chr20",50000001,64444167,14444167,71670,3.49299999999999,0,3.49299999999999,1.821515776,13804
2,"segment",5,"chr13",100000001,114364328,14364328,71016,5.03800000000001,0,5.03800000000001,1.149435904,13814
2,"segment",5,"chr7",150000001,159345973,9345973,46677,3.38800000000001,0,3.38800000000001,1.771155456,13804
2,"segment",5,"chr19",50000001,58617616,8617616,43038,2.828,0,2.828,1.451454464,13823
2,"segment",5,"chrY",50000001,57227415,7227415,2469,1.51500000000001,0,1.51500000000001,1.154433024,13814
2,"segment",5,"chr14",100000001,107043718,7043718,34418,2.298,0.00100000000000477,2.29900000000001,1.689337856,13833
2,"segment",5,"chrX",150000001,156040895,6040895,30154,4.85799999999998,0,4.85799999999998,1.571975168,13814
2,"segment",5,"chr15",100000001,101991189,1991189,9905,1.72799999999998,0,1.72799999999998,1.700708352,13804
2,"segment",5,"chr22",50000001,50818468,818468,4042,0.778999999999996,0.00100000000000477,0.780000000000001,1.499344896,13823
2,"segment",6,"chr1",1,50000000,5e+07,248467,26.992,10.619,37.611,1.287917568,14756
2,"segment",6,"chr1",50000001,100000000,5e+07,250000,26.942,10.616,37.559,1.27082496,14746
2,"segment",6,"chr1",100000001,150000000,5e+07,159605,23.918,10.648,34.566,1.158672384,14736
2,"segment",6,"chr1",150000001,200000000,5e+07,250000,26.938,10.609,37.547,1.270759424,14727
2,"segment",6,"chr2",1,50000000,5e+07,249929,26.963,10.644,37.607,1.294884864,14717
2,"segment",6,"chr2",50000001,100000000,5e+07,241874,26.581,10.636,37.217,1.28968704,14707
2,"segment",6,"chr2",100000001,150000000,5e+07,249999,20.603,0.00100000000000477,20.605,1.154822144,14736
2,"segment",6,"chr2",150000001,200000000,5e+07,250000,20.202,0,20.202,1.123360768,14707
2,"segment",6,"chr3",1,50000000,5e+07,249946,21.032,0,21.032,1.317781504,14727
2,"segment",6,"chr3",50000001,100000000,5e+07,249348,20.08,0,20.08,1.090117632,14717
2,"segment",6,"chr3",100000001,150000000,5e+07,250000,20.459,0,20.459,1.319501824,14746
2,"segment",6,"chr4",1,50000000,5e+07,248444,20.26,0,20.26,1.363591168,14756
2,"segment",6,"chr4",50000001,100000000,5e+07,249529,23.908,0.00500000000000256,23.913,1.241829376,14736
2,"segment",6,"chr4",100000001,150000000,5e+07,250000,23.788,0.000999999999997669,23.789,0.714080256,14707
2,"segment",6,"chr5",1,50000000,5e+07,249163,23.847,0.00100000000000477,23.848,1.244983296,14717
2,"segment",6,"chr5",50000001,100000000,5e+07,249749,22.113,0.00200000000000244,22.115,0.755134464,14756
2,"segment",6,"chr5",100000001,150000000,5e+07,249994,23.041,0.000999999999997669,23.042,0.95639552,14746
2,"segment",6,"chr6",1,50000000,5e+07,249700,23.973,0,23.973,1.350504448,14727
2,"segment",6,"chr6",50000001,100000000,5e+07,247201,19.236,0,19.236,0.531828736,14736
2,"segment",6,"chr6",100000001,150000000,5e+07,249999,21.228,0.0109999999999957,21.239,1.06375168,14756
2,"segment",6,"chr7",1,50000000,5e+07,249937,19.72,0.00100000000000477,19.721,0.749166592,14707
2,"segment",6,"chr7",50000001,100000000,5e+07,248470,21.211,0.00300000000000011,21.214,1.257467904,14746
2,"segment",6,"chr7",100000001,150000000,5e+07,249749,20.907,0,20.907,1.163124736,14717
2,"segment",6,"chr8",1,50000000,5e+07,248688,21.009,0.00100000000000477,21.01,1.216180224,14727
2,"segment",6,"chr8",50000001,100000000,5e+07,249749,18.663,0.00100000000000477,18.664,1.552347136,14736
2,"segment",6,"chr9",1,50000000,5e+07,227365,17.497,0.007000000000005,17.504,1.636999168,14707
2,"segment",6,"chr9",50000001,100000000,5e+07,189884,14.849,0.00100000000000477,14.85,1.209114624,14756
2,"segment",6,"chr10",1,50000000,5e+07,247573,17.951,0.00199999999999534,17.953,1.522176,14717
2,"segment",6,"chr10",50000001,100000000,5e+07,249995,17.66,0.00100000000000477,17.661,1.611026432,14746
2,"segment",6,"chr11",1,50000000,5e+07,249700,17.244,0,17.244,1.710460928,14727
2,"segment",6,"chr11",50000001,100000000,5e+07,247571,16.135,0,16.135,1.717018624,14756
2,"segment",6,"chr12",1,50000000,5e+07,249346,16.24,0,16.241,1.697673216,14736
2,"segment",6,"chr12",50000001,100000000,5e+07,250000,15.49,0.00100000000000477,15.491,1.166381056,14707
2,"segment",6,"chr13",1,50000000,5e+07,169132,13.7,0.00200000000000955,13.702,1.460064256,14746
2,"segment",6,"chr13",50000001,100000000,5e+07,249749,15.44,0.00100000000000477,15.441,1.382518784,14717
2,"segment",6,"chr14",1,50000000,5e+07,168401,13.1,0,13.1,1.271799808,14727
2,"segment",6,"chr14",50000001,100000000,5e+07,250000,16.174,0.00100000000000477,16.175,1.072873472,14756
2,"segment",6,"chr15",1,50000000,5e+07,163536,16.873,0,16.873,1.710137344,14707
2,"segment",6,"chr15",50000001,100000000,5e+07,249749,19.737,0.00100000000000477,19.738,1.631367168,14717
2,"segment",6,"chr16",1,50000000,5e+07,207870,16.931,0.0040000000000191,16.935,1.730179072,14727
2,"segment",6,"chr17",1,50000000,5e+07,248590,15.192,0.00399999999999068,15.196,1.167085568,14736
2,"segment",6,"chr18",1,50000000,5e+07,249103,18.947,0.000999999999976353,18.949,1.64253696,14746
2,"segment",6,"chr19",1,50000000,5e+07,249159,16.11,0.00100000000000477,16.111,1.61574912,14756
2,"segment",6,"chr20",1,50000000,5e+07,247966,16.405,0,16.405,1.317937152,14736
2,"segment",6,"chr22",1,50000000,5e+07,191709,16.768,0,16.768,1.592303616,14707
2,"segment",6,"chrX",1,50000000,5e+07,246497,16.762,0.00899999999998613,16.771,1.503453184,14727
2,"segment",6,"chrX",50000001,100000000,5e+07,249228,16.38,0,16.38,1.595625472,14746
2,"segment",6,"chrX",100000001,150000000,5e+07,248556,15.611,0,15.611,1.520689152,14717
2,"segment",6,"chrY",1,50000000,5e+07,129550,12.449,0.00199999999998113,12.451,1.12345088,14756
2,"segment",6,"chr1",200000001,248956422,48956422,244228,17.722,0,17.722,1.257074688,14736
2,"segment",6,"chr3",150000001,198295559,48295559,241177,17.344,0.00100000000000477,17.345,1.679622144,14707
2,"segment",6,"chr21",1,46709983,46709983,200395,12.847,0.00100000000000477,12.848,1.511821312,14727
2,"segment",6,"chr8",100000001,145138636,45138636,225393,16.581,0,16.581,1.564459008,14717
2,"segment",6,"chr2",200000001,242193529,42193529,210909,16.759,0.00100000000000477,16.761,1.579892736,14746
2,"segment",6,"chr16",50000001,90338345,40338345,201140,13.444,0.00100000000000477,13.445,1.461243904,14756
2,"segment",6,"chr4",150000001,190214555,40214555,200771,13.316,0.00100000000000477,13.317,1.549717504,14727
2,"segment",6,"chr9",100000001,138394717,38394717,191660,13.56,0.00100000000000477,13.561,2.078035968,14736
2,"segment",6,"chr11",100000001,135086622,35086622,175383,9.77799999999999,0,9.77799999999999,1.759195136,14707
2,"segment",6,"chr10",100000001,133797422,33797422,168671,10.902,0.000999999999976353,10.903,1.574612992,14717
2,"segment",6,"chr12",100000001,133275309,33275309,166313,10.736,0,10.736,1.673146368,14746
2,"segment",6,"chr17",50000001,83257441,33257441,165965,9.58600000000001,0,9.58600000000001,0.809463808,14756
2,"segment",6,"chr5",150000001,181538259,31538259,157385,9.96300000000002,0,9.96300000000002,0.725815296,14727
2,"segment",6,"chr18",50000001,80373285,30373285,151304,11.912,0.00100000000000477,11.913,1.5259648,14707
2,"segment",6,"chr6",150000001,170805979,20805979,103478,7.60400000000001,0,7.60400000000001,1.465327616,14717
2,"segment",6,"chr20",50000001,64444167,14444167,71670,5.012,0.00199999999998113,5.01399999999998,0.692711424,14746
2,"segment",6,"chr13",100000001,114364328,14364328,71016,5.94400000000002,0.000999999999976353,5.94499999999999,0.879058944,14736
2,"segment",6,"chr7",150000001,159345973,9345973,46677,8.809,0.00100000000000477,8.81,1.706754048,14756
2,"segment",6,"chr19",50000001,58617616,8617616,43038,3.85799999999998,0.00100000000000477,3.85899999999998,0.719253504,14727
2,"segment",6,"chrY",50000001,57227415,7227415,2469,1.405,0,1.405,1.611218944,14717
2,"segment",6,"chr14",100000001,107043718,7043718,34418,3.49600000000001,0.00100000000000477,3.49700000000001,1.100599296,14717
2,"segment",6,"chrX",150000001,156040895,6040895,30154,3.22200000000001,0.00100000000000477,3.22300000000001,1.74174208,14707
2,"segment",6,"chr15",100000001,101991189,1991189,9905,1.72999999999999,0.00200000000000955,1.732,0.790679552,14727
2,"segment",6,"chr22",50000001,50818468,818468,4042,1.25899999999999,0.00100000000000477,1.25999999999999,0.785874944,14746
3,"static",1,"chr1",1,248956422,248956422,1152300,58.652,0,58.652,3.776212992,64341
3,"static",1,"chr2",1,242193529,242193529,1202711,47.1720000000005,0.00100000000020373,47.1730000000007,4.296114176,64341
3,"static",1,"chr3",1,198295559,198295559,990471,39.7800000000007,0,39.7800000000007,4.47668224,64341
3,"static",1,"chr4",1,190214555,190214555,948744,39.5119999999988,0,39.5119999999988,4.3042816,64341
3,"static",1,"chr5",1,181538259,181538259,906291,35.0630000000001,0,35.0630000000001,4.460249088,64341
3,"static",1,"chr6",1,170805979,170805979,850378,35.857,0,35.857,4.171603968,64341
3,"static",1,"chr7",1,159345973,159345973,794833,30.9320000000007,0,30.9320000000007,4.22045696,64341
3,"static",1,"chrX",1,156040895,156040895,774435,30.7819999999992,0,30.7819999999992,4.09890816,64341
3,"static",1,"chr8",1,145138636,145138636,723830,27.3610000000008,0.00100000000020373,27.362000000001,4.210962432,64341
3,"static",1,"chr9",1,138394717,138394717,608909,24.8019999999997,0,24.8019999999997,4.270690304,64341
3,"static",1,"chr11",1,135086622,135086622,672654,28.2979999999989,0.00100000000020373,28.2989999999991,4.374044672,64341
3,"static",1,"chr10",1,133797422,133797422,666239,28.1949999999997,0,28.1949999999997,4.376154112,64341
3,"static",1,"chr12",1,133275309,133275309,665659,26.8040000000001,0.00100000000020373,26.8050000000003,4.448116736,64341
3,"static",1,"chr13",1,114364328,114364328,489897,20.223,0,20.223,4.303126528,64341
3,"static",1,"chr14",1,107043718,107043718,452819,18.6239999999998,0,18.6239999999998,4.158140416,64341
3,"static",1,"chr15",1,101991189,101991189,423190,15.4330000000009,0,15.4330000000009,4.48528384,64341
3,"static",1,"chr16",1,90338345,90338345,409010,15.6880000000001,0,15.6880000000001,4.454416384,64341
3,"static",1,"chr17",1,83257441,83257441,414555,17.8059999999987,0.00100000000020373,17.8069999999989,4.511768576,64341
3,"static",1,"chr18",1,80373285,80373285,400407,13.8130000000001,0,13.8130000000001,4.750565376,64341
3,"static",1,"chr20",1,64444167,64444167,319636,11.9549999999999,0,11.9549999999999,4.4735488,64341
3,"static",1,"chr19",1,58617616,58617616,292197,11.0149999999994,0,11.0149999999994,4.51608576,64341
3,"static",1,"chrY",1,57227415,57227415,132019,8.82000000000153,0,8.82000000000153,4.438724608,64341
3,"static",1,"chr22",1,50818468,50818468,195751,7.43299999999908,0,7.43299999999908,4.429938688,64341
3,"static",1,"chr21",1,46709983,46709983,200395,7.55999999999949,0,7.55999999999949,4.404342784,64341
3,"static",2,"chr1",1,248956422,248956422,1152300,56.832,6.834,63.666,3.174047744,17985
3,"static",2,"chr2",1,242193529,242193529,1202711,49.868,0,49.868,3.109896192,17985
3,"static",2,"chr3",1,198295559,198295559,990471,46.087,0,46.087,3.915354112,17985
3,"static",2,"chr4",1,190214555,190214555,948744,39.55,0,39.55,3.920887808,17985
3,"static",2,"chr5",1,181538259,181538259,906291,40.49,0.000999999999976353,40.491,3.6271104,17985
3,"static",2,"chr6",1,170805979,170805979,850378,31.707,0,31.707,3.9733248,17985
3,"static",2,"chr7",1,159345973,159345973,794833,30.68,0,30.68,3.950395392,17985
3,"static",2,"chrX",1,156040895,156040895,774435,29.488,0,29.488,4.10574848,17985
3,"static",2,"chr8",1,145138636,145138636,723830,26.308,0,26.308,4.023967744,17985
3,"static",2,"chr9",1,138394717,138394717,608909,26.07,0,26.07,4.029046784,17985
3,"static",2,"chr11",1,135086622,135086622,672654,24.785,0,24.785,3.760484352,17985
3,"static",2,"chr10",1,133797422,133797422,666239,25.43,0,25.43,3.93129984,17985
3,"static",2,"chr12",1,133275309,133275309,665659,31.466,6.833,38.299,2.170044416,17972
3,"static",2,"chr13",1,114364328,114364328,489897,19.313,0,19.313,2.479788032,17972
3,"static",2,"chr14",1,107043718,107043718,452819,20.788,0,20.788,2.52715008,17972
3,"static",2,"chr15",1,101991189,101991189,423190,16.354,0.00100000000000477,16.355,2.37395968,17972
3,"static",2,"chr16",1,90338345,90338345,409010,16.663,0,16.663,2.45577728,17972
3,"static",2,"chr17",1,83257441,83257441,414555,20.044,0,20.044,2.459168768,17972
3,"static",2,"chr18",1,80373285,80373285,400407,17.916,0.00100000000000477,17.917,2.565525504,17972
3,"static",2,"chr20",1,64444167,64444167,319636,14.97,0.00100000000000477,14.971,2.470797312,17972
3,"static",2,"chr19",1,58617616,58617616,292197,11.208,0,11.208,2.58383872,17972
3,"static",2,"chrY",1,57227415,57227415,132019,7.70699999999999,0.00100000000000477,7.708,2.772148224,17972
3,"static",2,"chr22",1,50818468,50818468,195751,9.15600000000001,0,9.15600000000001,2.545610752,17972
3,"static",2,"chr21",1,46709983,46709983,200395,10.225,0,10.225,2.575785984,17972
3,"static",3,"chr1",1,248956422,248956422,1152300,60.811,7.902,68.713,2.799378432,19963
3,"static",3,"chr2",1,242193529,242193529,1202711,52.217,0,52.217,3.26817792,19963
3,"static",3,"chr3",1,198295559,198295559,990471,39.796,0.00100000000000477,39.797,3.571421184,19963
3,"static",3,"chr4",1,190214555,190214555,948744,35.009,0,35.009,3.74986752,19963
3,"static",3,"chr5",1,181538259,181538259,906291,35.024,0,35.024,3.802046464,19963
3,"static",3,"chr6",1,170805979,170805979,850378,32.322,0,32.322,3.89122048,19963
3,"static",3,"chr7",1,159345973,159345973,794833,29.838,0,29.838,3.804258304,19963
3,"static",3,"chrX",1,156040895,156040895,774435,30.213,0.0010000000000332,30.214,3.791863808,19963
3,"static",3,"chr8",1,145138636,145138636,723830,37.549,7.901,45.45,2.32912896,19953
3,"static",3,"chr9",1,138394717,138394717,608909,28.172,0,28.172,2.115436544,19953
3,"static",3,"chr11",1,135086622,135086622,672654,30.272,0,30.272,2.602131456,19953
3,"static",3,"chr10",1,133797422,133797422,666239,27.382,0,27.382,2.983657472,19953
3,"static",3,"chr12",1,133275309,133275309,665659,27.207,0,27.207,2.681860096,19953
3,"static",3,"chr13",1,114364328,114364328,489897,18.304,0,18.304,2.905321472,19953
3,"static",3,"chr14",1,107043718,107043718,452819,17.334,0,17.334,2.707841024,19953
3,"static",3,"chr15",1,101991189,101991189,423190,16.464,0.00100000000000477,16.465,2.615943168,19953
3,"static",3,"chr16",1,90338345,90338345,409010,23.989,7.9,31.889,1.78860032,19943
3,"static",3,"chr17",1,83257441,83257441,414555,17.428,0,17.428,2.024927232,19943
3,"static",3,"chr18",1,80373285,80373285,400407,17.557,0,17.557,2.090360832,19943
3,"static",3,"chr20",1,64444167,64444167,319636,15.091,0,15.091,2.13751808,19943
3,"static",3,"chr19",1,58617616,58617616,292197,13.121,0,13.121,2.07736832,19943
3,"static",3,"chrY",1,57227415,57227415,132019,7.45099999999999,0,7.45099999999999,2.347872256,19943
3,"static",3,"chr22",1,50818468,50818468,195751,8.11800000000001,0,8.11800000000001,2.434695168,19943
3,"static",3,"chr21",1,46709983,46709983,200395,8.54299999999999,0,8.54299999999999,2.413932544,19943
3,"static",4,"chr1",1,248956422,248956422,1152300,61.907,8.055,69.962,2.981863424,21427
3,"static",4,"chr2",1,242193529,242193529,1202711,53.543,0,53.543,3.012468736,21427
3,"static",4,"chr3",1,198295559,198295559,990471,40.594,0,40.594,3.543494656,21427
3,"static",4,"chr4",1,190214555,190214555,948744,37.511,0,37.511,3.882102784,21427
3,"static",4,"chr5",1,181538259,181538259,906291,36.495,0,36.495,3.412680704,21427
3,"static",4,"chr6",1,170805979,170805979,850378,32.554,0,32.554,3.77319424,21427
3,"static",4,"chr7",1,159345973,159345973,794833,41.663,8.055,49.718,2.31960576,21416
3,"static",4,"chrX",1,156040895,156040895,774435,33.472,0,33.472,2.604826624,21416
3,"static",4,"chr8",1,145138636,145138636,723830,32.414,0,32.414,2.6565632,21416
3,"static",4,"chr9",1,138394717,138394717,608909,26.735,0,26.735,2.821144576,21416
3,"static",4,"chr11",1,135086622,135086622,672654,27.626,0,27.626,2.832211968,21416
3,"static",4,"chr10",1,133797422,133797422,666239,25.603,0.00100000000000477,25.604,3.074838528,21416
3,"static",4,"chr12",1,133275309,133275309,665659,35.828,8.053,43.881,1.948295168,21406
3,"static",4,"chr13",1,114364328,114364328,489897,20.933,0.000999999999997669,20.934,2.309033984,21406
3,"static",4,"chr14",1,107043718,107043718,452819,21.037,0,21.037,2.373562368,21406
3,"static",4,"chr15",1,101991189,101991189,423190,18.342,0.00100000000000477,18.343,1.953492992,21406
3,"static",4,"chr16",1,90338345,90338345,409010,17.577,0,17.577,2.49094144,21406
3,"static",4,"chr17",1,83257441,83257441,414555,17.841,0,17.841,2.348941312,21406
3,"static",4,"chr18",1,80373285,80373285,400407,21.523,8.051,29.574,1.44881664,21396
3,"static",4,"chr20",1,64444167,64444167,319636,15.074,0.00100000000000122,15.075,1.695891456,21396
3,"static",4,"chr19",1,58617616,58617616,292197,12.951,0,12.951,1.93654784,21396
3,"static",4,"chrY",1,57227415,57227415,132019,8.768,0,8.768,1.957453824,21396
3,"static",4,"chr22",1,50818468,50818468,195751,8.215,0,8.215,1.992892416,21396
3,"static",4,"chr21",1,46709983,46709983,200395,10.067,0,10.067,1.849573376,21396
3,"static",5,"chr1",1,248956422,248956422,1152300,70.714,8.696,79.41,2.172174336,22655
3,"static",5,"chr2",1,242193529,242193529,1202711,57.326,0.00100000000000477,57.327,2.691895296,22655
3,"static",5,"chr3",1,198295559,198295559,990471,44.718,0.00100000000000477,44.719,3.153690624,22655
3,"static",5,"chr4",1,190214555,190214555,948744,37.158,0.00100000000000477,37.159,3.701829632,22655
3,"static",5,"chr5",1,181538259,181538259,906291,35.67,0,35.67,3.619180544,22655
3,"static",5,"chr6",1,170805979,170805979,850378,53.938,8.695,62.633,1.842348032,22643
3,"static",5,"chr7",1,159345973,159345973,794833,34.596,0,34.596,2.040881152,22643
3,"static",5,"chrX",1,156040895,156040895,774435,37.505,0.00199999999999534,37.507,2.38678016,22643
3,"static",5,"chr8",1,145138636,145138636,723830,32.202,0,32.202,2.8391424,22643
3,"static",5,"chr9",1,138394717,138394717,608909,26.736,0,26.736,3.02710784,22643
3,"static",5,"chr11",1,135086622,135086622,672654,41.853,8.694,50.547,1.60641024,22634
3,"static",5,"chr10",1,133797422,133797422,666239,31.416,0.000999999999997669,31.418,2.218037248,22634
3,"static",5,"chr12",1,133275309,133275309,665659,33.16,0.00600000000000023,33.166,1.781706752,22634
3,"static",5,"chr13",1,114364328,114364328,489897,21.592,0.000999999999990564,21.593,2.319179776,22634
3,"static",5,"chr14",1,107043718,107043718,452819,22.196,0,22.196,2.405634048,22634
3,"static",5,"chr15",1,101991189,101991189,423190,26.57,8.692,35.262,1.183870976,22624
3,"static",5,"chr16",1,90338345,90338345,409010,22.55,0,22.551,1.41570048,22624
3,"static",5,"chr17",1,83257441,83257441,414555,18.973,0.000999999999997669,18.974,1.793482752,22624
3,"static",5,"chr18",1,80373285,80373285,400407,17.84,0,17.84,1.790951424,22624
3,"static",5,"chr20",1,64444167,64444167,319636,15.804,0.00100000000000477,15.805,1.681985536,22624
3,"static",5,"chr19",1,58617616,58617616,292197,19.066,8.692,27.758,1.392914432,22615
3,"static",5,"chrY",1,57227415,57227415,132019,11.341,0,11.341,1.5817728,22615
3,"static",5,"chr22",1,50818468,50818468,195751,9.484,0,9.484,1.61775616,22615
3,"static",5,"chr21",1,46709983,46709983,200395,10.239,0,10.239,1.573285888,22615
3,"static",6,"chr1",1,248956422,248956422,1152300,92.398,11.78,104.178,2.035826688,23810
3,"static",6,"chr2",1,242193529,242193529,1202711,61.884,0.00100000000000477,61.885,2.284982272,23810
3,"static",6,"chr3",1,198295559,198295559,990471,45.15,0.00499999999999545,45.155,3.205484544,23810
3,"static",6,"chr4",1,190214555,190214555,948744,37.716,0.00100000000000477,37.717,3.971887104,23810
3,"static",6,"chr5",1,181538259,181538259,906291,74.344,11.779,86.123,1.918283776,23800
3,"static",6,"chr6",1,170805979,170805979,850378,48.863,0,48.864,1.44605184,23800
3,"static",6,"chr7",1,159345973,159345973,794833,39.465,0.0029999999999859,39.468,2.643734528,23800
3,"static",6,"chrX",1,156040895,156040895,774435,34.654,0.00100000000000477,34.655,2.767863808,23800
3,"static",6,"chr8",1,145138636,145138636,723830,59.078,11.779,70.857,1.630531584,23791
3,"static",6,"chr9",1,138394717,138394717,608909,36.678,0,36.683,0.808525824,23791
3,"static",6,"chr11",1,135086622,135086622,672654,38.394,0.0220000000000056,38.417,2.013700096,23791
3,"static",6,"chr10",1,133797422,133797422,666239,31.89,0.00399999999999068,31.894,2.624188416,23791
3,"static",6,"chr12",1,133275309,133275309,665659,56.524,11.781,68.305,1.516593152,23781
3,"static",6,"chr13",1,114364328,114364328,489897,28.616,0,28.616,1.582948352,23781
3,"static",6,"chr14",1,107043718,107043718,452819,28.941,0.000999999999990564,28.942,1.778376704,23781
3,"static",6,"chr15",1,101991189,101991189,423190,20.828,0.00100000000000477,20.829,1.950769152,23781
3,"static",6,"chr16",1,90338345,90338345,409010,35.796,11.773,47.569,0.490610688,23771
3,"static",6,"chr17",1,83257441,83257441,414555,25.196,0.00300000000000011,25.199,0.85106688,23771
3,"static",6,"chr18",1,80373285,80373285,400407,28.343,0.00200000000000955,28.345,1.7084416,23771
3,"static",6,"chr20",1,64444167,64444167,319636,18.426,0,18.427,1.300996096,23771
3,"static",6,"chr19",1,58617616,58617616,292197,26.574,11.775,38.349,1.168166912,23761
3,"static",6,"chrY",1,57227415,57227415,132019,12.972,0,12.973,1.275158528,23761
3,"static",6,"chr22",1,50818468,50818468,195751,11.295,0.000999999999997669,11.296,1.526280192,23761
3,"static",6,"chr21",1,46709983,46709983,200395,12.227,0.00100000000000477,12.228,1.381466112,23761
3,"dynamic",1,"chr1",1,248956422,248956422,1152300,53.4420000000009,0.00100000000020373,53.4430000000011,3.732742144,64341
3,"dynamic",1,"chr2",1,242193529,242193529,1202711,47.0499999999993,0,47.0499999999993,4.203687936,64341
3,"dynamic",1,"chr3",1,198295559,198295559,990471,40.0779999999995,0.00100000000020373,40.0789999999997,4.41081856,64341
3,"dynamic",1,"chr4",1,190214555,190214555,948744,38.4440000000013,0,38.4440000000013,4.2509312,64341
3,"dynamic",1,"chr5",1,181538259,181538259,906291,36.0879999999997,0,36.0879999999997,4.255399936,64341
3,"dynamic",1,"chr6",1,170805979,170805979,850378,32.0759999999991,0,32.0759999999991,4.284997632,64341
3,"dynamic",1,"chr7",1,159345973,159345973,794833,31.9430000000011,0,31.9430000000011,4.096196608,64341
3,"dynamic",1,"chrX",1,156040895,156040895,774435,29.7849999999999,0,29.7849999999999,4.215468032,64341
3,"dynamic",1,"chr8",1,145138636,145138636,723830,29.1279999999988,0,29.1279999999988,4.12915712,64341
3,"dynamic",1,"chr9",1,138394717,138394717,608909,25.5500000000011,0,25.5500000000011,4.157984768,64341
3,"dynamic",1,"chr11",1,135086622,135086622,672654,25.7070000000003,0,25.7070000000003,4.17738752,64341
3,"dynamic",1,"chr10",1,133797422,133797422,666239,26.3289999999997,0,26.3289999999997,3.971551232,64341
3,"dynamic",1,"chr12",1,133275309,133275309,665659,23.1729999999989,0.00100000000020373,23.1739999999991,4.672602112,64341
3,"dynamic",1,"chr13",1,114364328,114364328,489897,19.9070000000011,0,19.9070000000011,4.650000384,64341
3,"dynamic",1,"chr14",1,107043718,107043718,452819,17.7650000000012,0.000999999998384737,17.7659999999996,4.822880256,64341
3,"dynamic",1,"chr15",1,101991189,101991189,423190,16.9709999999995,0,16.9709999999995,4.361146368,64341
3,"dynamic",1,"chr16",1,90338345,90338345,409010,17.5939999999991,0,17.5939999999991,4.128681984,64341
3,"dynamic",1,"chr17",1,83257441,83257441,414555,14.3370000000014,0,14.3370000000014,4.744957952,64341
3,"dynamic",1,"chr18",1,80373285,80373285,400407,15.8939999999984,0,15.8939999999984,4.56626176,64341
3,"dynamic",1,"chr20",1,64444167,64444167,319636,11.4360000000015,0,11.4360000000015,4.585713664,64341
3,"dynamic",1,"chr19",1,58617616,58617616,292197,10.9589999999989,0,10.9589999999989,4.60449792,64341
3,"dynamic",1,"chrY",1,57227415,57227415,132019,8.61800000000039,0,8.61800000000039,4.426604544,64341
3,"dynamic",1,"chr22",1,50818468,50818468,195751,8.24300000000039,0,8.24300000000039,4.58070016,64341
3,"dynamic",1,"chr21",1,46709983,46709983,200395,8.54500000000007,0.00100000000020373,8.54600000000028,4.381335552,64341
3,"dynamic",2,"chr1",1,248956422,248956422,1152300,59.168,7.397,66.565,3.193622528,27687
3,"dynamic",2,"chr2",1,242193529,242193529,1202711,59.39,7.397,66.787,3.306770432,27676
3,"dynamic",2,"chr3",1,198295559,198295559,990471,41.39,0,41.39,3.27399424,27687
3,"dynamic",2,"chr4",1,190214555,190214555,948744,38.43,0.00100000000000477,38.431,3.372077056,27676
3,"dynamic",2,"chr5",1,181538259,181538259,906291,38.84,0.00100000000000477,38.841,2.85599744,27676
3,"dynamic",2,"chr6",1,170805979,170805979,850378,35.092,0,35.092,3.35314944,27687
3,"dynamic",2,"chr7",1,159345973,159345973,794833,32.993,0,32.993,3.103760384,27687
3,"dynamic",2,"chrX",1,156040895,156040895,774435,31.85,0.00100000000000477,31.851,3.851681792,27676
3,"dynamic",2,"chr8",1,145138636,145138636,723830,29.921,0,29.921,3.416236032,27687
3,"dynamic",2,"chr9",1,138394717,138394717,608909,27.781,0,27.781,3.680997376,27676
3,"dynamic",2,"chr11",1,135086622,135086622,672654,28.404,0,28.404,3.613528064,27676
3,"dynamic",2,"chr10",1,133797422,133797422,666239,27.362,0,27.362,3.53179648,27687
3,"dynamic",2,"chr12",1,133275309,133275309,665659,28.73,0,28.73,3.500314624,27676
3,"dynamic",2,"chr13",1,114364328,114364328,489897,22.281,0,22.281,2.852937728,27687
3,"dynamic",2,"chr14",1,107043718,107043718,452819,19.91,0,19.91,2.694811648,27687
3,"dynamic",2,"chr15",1,101991189,101991189,423190,16.567,0,16.567,3.747405824,27676
3,"dynamic",2,"chr16",1,90338345,90338345,409010,16.097,0.000999999999976353,16.098,3.288956928,27687
3,"dynamic",2,"chr17",1,83257441,83257441,414555,17.885,0,17.885,3.449053184,27676
3,"dynamic",2,"chr18",1,80373285,80373285,400407,15.596,0,15.596,3.33037568,27687
3,"dynamic",2,"chr20",1,64444167,64444167,319636,11.642,0.000999999999976353,11.643,3.51154176,27676
3,"dynamic",2,"chr19",1,58617616,58617616,292197,12.451,0.000999999999976353,12.452,3.287887872,27687
3,"dynamic",2,"chrY",1,57227415,57227415,132019,8.16200000000003,0.000999999999976353,8.16300000000001,3.481812992,27676
3,"dynamic",2,"chr22",1,50818468,50818468,195751,8.53799999999995,0,8.53799999999995,3.375804416,27676
3,"dynamic",2,"chr21",1,46709983,46709983,200395,7.45499999999998,0,7.45499999999998,3.325988864,27687
3,"dynamic",3,"chr1",1,248956422,248956422,1152300,63.084,7.876,70.96,3.05657856,29103
3,"dynamic",3,"chr2",1,242193529,242193529,1202711,63.582,7.875,71.457,3.174248448,29093
3,"dynamic",3,"chr3",1,198295559,198295559,990471,52.832,7.875,60.707,2.71345664,29083
3,"dynamic",3,"chr4",1,190214555,190214555,948744,40.945,0,40.945,2.809663488,29083
3,"dynamic",3,"chr5",1,181538259,181538259,906291,40.769,0,40.769,2.819670016,29103
3,"dynamic",3,"chr6",1,170805979,170805979,850378,38.015,0,38.015,3.600060416,29093
3,"dynamic",3,"chr7",1,159345973,159345973,794833,37.439,0,37.439,2.865721344,29083
3,"dynamic",3,"chrX",1,156040895,156040895,774435,34.004,0,34.004,2.861400064,29093
3,"dynamic",3,"chr8",1,145138636,145138636,723830,31.508,0,31.508,3.006910464,29103
3,"dynamic",3,"chr9",1,138394717,138394717,608909,27.161,0.00100000000000477,27.163,2.548174848,29083
3,"dynamic",3,"chr11",1,135086622,135086622,672654,29.024,0,29.024,2.498854912,29093
3,"dynamic",3,"chr10",1,133797422,133797422,666239,28.354,0,28.354,2.489479168,29103
3,"dynamic",3,"chr12",1,133275309,133275309,665659,30.961,0.00100000000000477,30.962,2.940588032,29083
3,"dynamic",3,"chr13",1,114364328,114364328,489897,21.408,0.00100000000000477,21.409,3.024736256,29103
3,"dynamic",3,"chr14",1,107043718,107043718,452819,20.72,0.00200000000000955,20.723,3.064430592,29093
3,"dynamic",3,"chr15",1,101991189,101991189,423190,17.881,0,17.882,2.745438208,29093
3,"dynamic",3,"chr16",1,90338345,90338345,409010,20.466,0,20.466,2.561613824,29103
3,"dynamic",3,"chr17",1,83257441,83257441,414555,17.409,0,17.409,2.751561728,29083
3,"dynamic",3,"chr18",1,80373285,80373285,400407,20.049,0,20.05,2.845515776,29093
3,"dynamic",3,"chr20",1,64444167,64444167,319636,12.731,0,12.731,2.656591872,29103
3,"dynamic",3,"chr19",1,58617616,58617616,292197,11.881,0,11.881,2.718179328,29083
3,"dynamic",3,"chrY",1,57227415,57227415,132019,8.62700000000001,0,8.62700000000001,2.65949184,29103
3,"dynamic",3,"chr22",1,50818468,50818468,195751,7.36500000000001,0.00100000000000477,7.36600000000001,3.038973952,29093
3,"dynamic",3,"chr21",1,46709983,46709983,200395,7.732,0.00100000000000477,7.733,2.616274944,29083
3,"dynamic",4,"chr1",1,248956422,248956422,1152300,66.475,8.043,74.518,2.135007232,30096
3,"dynamic",4,"chr2",1,242193529,242193529,1202711,66.648,8.041,74.689,2.321620992,30086
3,"dynamic",4,"chr3",1,198295559,198295559,990471,55.666,8.041,63.707,2.101669888,30076
3,"dynamic",4,"chr4",1,190214555,190214555,948744,53.674,8.039,61.713,2.039861248,30066
3,"dynamic",4,"chr5",1,181538259,181538259,906291,42.117,0,42.118,1.479503872,30066
3,"dynamic",4,"chr6",1,170805979,170805979,850378,41.289,0,41.289,2.900856832,30076
3,"dynamic",4,"chr7",1,159345973,159345973,794833,38.177,0,38.177,2.602483712,30096
3,"dynamic",4,"chrX",1,156040895,156040895,774435,39.617,0,39.617,2.662383616,30086
3,"dynamic",4,"chr8",1,145138636,145138636,723830,37.299,0.00199999999999534,37.301,1.643986944,30066
3,"dynamic",4,"chr9",1,138394717,138394717,608909,30.397,0,30.397,2.27186688,30076
3,"dynamic",4,"chr11",1,135086622,135086622,672654,32.98,0,32.98,2.518970368,30096
3,"dynamic",4,"chr10",1,133797422,133797422,666239,37.648,0.00100000000000477,37.649,2.030727168,30086
3,"dynamic",4,"chr12",1,133275309,133275309,665659,34.654,0,34.655,2.056769536,30076
3,"dynamic",4,"chr13",1,114364328,114364328,489897,26.49,0.00100000000000477,26.491,1.476050944,30066
3,"dynamic",4,"chr14",1,107043718,107043718,452819,24.019,0.00399999999999068,24.023,1.533616128,30096
3,"dynamic",4,"chr15",1,101991189,101991189,423190,25.376,0,25.376,1.906786304,30086
3,"dynamic",4,"chr16",1,90338345,90338345,409010,23.939,0.00200000000000955,23.941,2.573139968,30076
3,"dynamic",4,"chr17",1,83257441,83257441,414555,21.489,0.00100000000000477,21.49,2.35008,30096
3,"dynamic",4,"chr18",1,80373285,80373285,400407,21.812,0,21.812,2.45557248,30066
3,"dynamic",4,"chr20",1,64444167,64444167,319636,14.729,0.000999999999976353,14.73,1.850298368,30086
3,"dynamic",4,"chr19",1,58617616,58617616,292197,13.064,0.000999999999976353,13.065,1.857839104,30086
3,"dynamic",4,"chrY",1,57227415,57227415,132019,8.91999999999999,0.00100000000000477,8.92099999999999,2.36199936,30076
3,"dynamic",4,"chr22",1,50818468,50818468,195751,9.971,0.00100000000000477,9.97200000000001,1.749577728,30096
3,"dynamic",4,"chr21",1,46709983,46709983,200395,9.607,0,9.607,2.447568896,30066
3,"dynamic",5,"chr1",1,248956422,248956422,1152300,86.441,8.667,95.108,1.658544128,31034
3,"dynamic",5,"chr2",1,242193529,242193529,1202711,86.037,8.669,94.706,2.180214784,31024
3,"dynamic",5,"chr3",1,198295559,198295559,990471,70.269,8.668,78.937,2.004856832,31014
3,"dynamic",5,"chr4",1,190214555,190214555,948744,62.411,8.666,71.077,1.189249024,31004
3,"dynamic",5,"chr5",1,181538259,181538259,906291,63.194,8.666,71.86,1.915162624,30992
3,"dynamic",5,"chr6",1,170805979,170805979,850378,65.461,0.000999999999990564,65.462,2.120740864,31004
3,"dynamic",5,"chr7",1,159345973,159345973,794833,50.23,0,50.232,0.961785856,30992
3,"dynamic",5,"chrX",1,156040895,156040895,774435,52.021,0,52.021,2.186878976,31014
3,"dynamic",5,"chr8",1,145138636,145138636,723830,47.842,0,47.842,0.396673024,31024
3,"dynamic",5,"chr9",1,138394717,138394717,608909,58.803,0.00300000000000011,58.806,1.46092032,31034
3,"dynamic",5,"chr11",1,135086622,135086622,672654,69.161,0.00799999999999557,69.169,0.827727872,30992
3,"dynamic",5,"chr10",1,133797422,133797422,666239,64.619,0.00199999999998113,64.622,1.790701568,31014
3,"dynamic",5,"chr12",1,133275309,133275309,665659,58.603,0.00999999999999091,58.614,0.39540736,31004
3,"dynamic",5,"chr13",1,114364328,114364328,489897,38.241,0.00600000000000023,38.248,1.46302976,31024
3,"dynamic",5,"chr14",1,107043718,107043718,452819,30.769,0.00100000000000477,30.77,1.401536512,31034
3,"dynamic",5,"chr15",1,101991189,101991189,423190,31.114,0.00100000000000477,31.115,1.31657728,31034
3,"dynamic",5,"chr16",1,90338345,90338345,409010,32.215,0.00600000000000023,32.221,1.085186048,31024
3,"dynamic",5,"chr17",1,83257441,83257441,414555,26.86,0.00800000000000978,26.868,1.860636672,30992
3,"dynamic",5,"chr18",1,80373285,80373285,400407,21.603,0.00499999999999545,21.608,1.20014848,31014
3,"dynamic",5,"chr20",1,64444167,64444167,319636,19.895,0.00499999999999545,19.9,1.580945408,31004
3,"dynamic",5,"chr19",1,58617616,58617616,292197,16.989,0,16.989,1.61804288,31034
3,"dynamic",5,"chrY",1,57227415,57227415,132019,15,0,15,2.72924672,30992
3,"dynamic",5,"chr22",1,50818468,50818468,195751,12.909,0.00200000000000955,12.911,1.841979392,31004
3,"dynamic",5,"chr21",1,46709983,46709983,200395,13.25,0.00200000000000955,13.252,1.691062272,31014
3,"dynamic",6,"chr1",1,248956422,248956422,1152300,127.485,8.159,135.644,1.822724096,32080
3,"dynamic",6,"chr2",1,242193529,242193529,1202711,119.803,8.16,127.963,2.09047552,32070
3,"dynamic",6,"chr3",1,198295559,198295559,990471,95.616,8.103,103.719,0.957640704,32059
3,"dynamic",6,"chr4",1,190214555,190214555,948744,93.322,8.159,101.481,0.900173824,32049
3,"dynamic",6,"chr5",1,181538259,181538259,906291,87.453,8.152,95.605,1.914990592,32040
3,"dynamic",6,"chr6",1,170805979,170805979,850378,85.168,8.101,93.269,1.847914496,32030
3,"dynamic",6,"chr7",1,159345973,159345973,794833,79.673,0,79.673,0.474697728,32030
3,"dynamic",6,"chrX",1,156040895,156040895,774435,75.704,0,75.705,0.465969152,32040
3,"dynamic",6,"chr8",1,145138636,145138636,723830,72.474,0.00199999999999534,72.476,0.443482112,32049
3,"dynamic",6,"chr9",1,138394717,138394717,608909,60.502,0.00200000000000955,60.504,1.20477696,32059
3,"dynamic",6,"chr11",1,135086622,135086622,672654,67.328,0.00200000000000955,67.33,1.261289472,32070
3,"dynamic",6,"chr10",1,133797422,133797422,666239,54.416,0.00100000000000477,54.417,0.364474368,32080
3,"dynamic",6,"chr12",1,133275309,133275309,665659,72.027,0.00100000000000477,72.028,1.472249856,32059
3,"dynamic",6,"chr13",1,114364328,114364328,489897,52.095,0.0190000000000055,52.115,0.85118976,32040
3,"dynamic",6,"chr14",1,107043718,107043718,452819,49.063,0.0149999999999864,49.078,0.919076864,32030
3,"dynamic",6,"chr15",1,101991189,101991189,423190,46.162,0.00999999999999091,46.172,1.11863808,32049
3,"dynamic",6,"chr16",1,90338345,90338345,409010,32.219,0.0040000000000191,32.223,1.224638464,32080
3,"dynamic",6,"chr17",1,83257441,83257441,414555,33.217,0.00500000000002387,33.222,0.29126656,32070
3,"dynamic",6,"chr18",1,80373285,80373285,400407,41.352,0.00199999999998113,41.354,2.809839616,32080
3,"dynamic",6,"chr20",1,64444167,64444167,319636,26.801,0.00199999999998113,26.803,0.800108544,32049
3,"dynamic",6,"chr19",1,58617616,58617616,292197,28.594,0.00200000000000955,28.596,0.965578752,32030
3,"dynamic",6,"chrY",1,57227415,57227415,132019,20.528,0.00100000000000477,20.529,0.68827136,32040
3,"dynamic",6,"chr22",1,50818468,50818468,195751,19.717,0.00100000000000477,19.718,1.1104256,32070
3,"dynamic",6,"chr21",1,46709983,46709983,200395,13.138,0.00800000000000978,13.146,1.654263808,32059
3,"segment",1,"chr1",1,50000000,5e+07,248467,10.5310000000009,0.00100000000020373,10.5320000000011,1.975394304,64341
3,"segment",1,"chr1",50000001,100000000,5e+07,250000,10.7649999999994,0,10.7649999999994,2.087862272,64341
3,"segment",1,"chr1",100000001,150000000,5e+07,159605,8.90099999999984,0,8.90099999999984,2.150957056,64341
3,"segment",1,"chr1",150000001,200000000,5e+07,250000,10.8680000000004,0.00100000000020373,10.8690000000006,2.275344384,64341
3,"segment",1,"chr2",1,50000000,5e+07,249929,10.3869999999988,0,10.3869999999988,2.621894656,64341
3,"segment",1,"chr2",50000001,100000000,5e+07,241874,9.91400000000067,0.00100000000020373,9.91500000000087,2.695180288,64341
3,"segment",1,"chr2",100000001,150000000,5e+07,249999,9.69399999999951,0,9.69399999999951,2.79425024,64341
3,"segment",1,"chr2",150000001,200000000,5e+07,250000,9.30600000000049,0,9.30600000000049,2.655035392,64341
3,"segment",1,"chr3",1,50000000,5e+07,249946,10.5120000000006,0,10.5120000000006,2.966564864,64341
3,"segment",1,"chr3",50000001,100000000,5e+07,249348,8.02100000000064,0,8.02100000000064,3.009921024,64341
3,"segment",1,"chr3",100000001,150000000,5e+07,250000,9.62700000000041,0,9.62700000000041,2.826682368,64341
3,"segment",1,"chr4",1,50000000,5e+07,248444,8.51299999999901,0,8.51299999999901,3.153518592,64341
3,"segment",1,"chr4",50000001,100000000,5e+07,249529,9.16799999999967,0.00100000000020373,9.16899999999987,3.224735744,64341
3,"segment",1,"chr4",100000001,150000000,5e+07,250000,9.89500000000044,0,9.89500000000044,3.37672192,64341
3,"segment",1,"chr5",1,50000000,5e+07,249163,9.65999999999985,0,9.65999999999985,3.325251584,64341
3,"segment",1,"chr5",50000001,100000000,5e+07,249749,7.98300000000017,0,7.98300000000017,3.259789312,64341
3,"segment",1,"chr5",100000001,150000000,5e+07,249994,9.88400000000001,0,9.88400000000001,3.174596608,64341
3,"segment",1,"chr6",1,50000000,5e+07,249700,10.6239999999998,0,10.6239999999998,2.965794816,64341
3,"segment",1,"chr6",50000001,100000000,5e+07,247201,7.67799999999988,0,7.67799999999988,3.093434368,64341
3,"segment",1,"chr6",100000001,150000000,5e+07,249999,9.00900000000001,0,9.00900000000001,3.063001088,64341
3,"segment",1,"chr7",1,50000000,5e+07,249937,10.1200000000008,0.00100000000020373,10.121000000001,3.432988672,64341
3,"segment",1,"chr7",50000001,100000000,5e+07,248470,8.88699999999881,0,8.88699999999881,3.235360768,64341
3,"segment",1,"chr7",100000001,150000000,5e+07,249749,9.78100000000086,0,9.78100000000086,3.167072256,64341
3,"segment",1,"chr8",1,50000000,5e+07,248688,10.366,0.00100000000020373,10.3670000000002,3.061260288,64341
3,"segment",1,"chr8",50000001,100000000,5e+07,249749,8.31400000000031,0,8.31400000000031,3.20530432,64341
3,"segment",1,"chr9",1,50000000,5e+07,227365,11.5220000000008,0,11.5220000000008,3.243327488,64341
3,"segment",1,"chr9",50000001,100000000,5e+07,189884,7.76200000000063,0,7.76200000000063,3.4272256,64341
3,"segment",1,"chr10",1,50000000,5e+07,247573,9.73599999999897,0,9.73599999999897,3.644571648,64341
3,"segment",1,"chr10",50000001,100000000,5e+07,249995,8.60399999999936,0,8.60399999999936,3.374211072,64341
3,"segment",1,"chr11",1,50000000,5e+07,249700,10.0320000000011,0,10.0320000000011,3.352305664,64341
3,"segment",1,"chr11",50000001,100000000,5e+07,247571,10.7240000000002,0,10.7250000000004,3.176546304,64341
3,"segment",1,"chr12",1,50000000,5e+07,249346,10.2969999999987,0,10.2969999999987,3.260452864,64341
3,"segment",1,"chr12",50000001,100000000,5e+07,250000,7.82999999999993,0,7.82999999999993,3.439783936,64341
3,"segment",1,"chr13",1,50000000,5e+07,169132,8.43599999999969,0,8.43599999999969,3.36943104,64341
3,"segment",1,"chr13",50000001,100000000,5e+07,249749,8.15700000000106,0,8.15700000000106,3.468701696,64341
3,"segment",1,"chr14",1,50000000,5e+07,168401,7.94399999999951,0.00100000000020373,7.94499999999971,3.345989632,64341
3,"segment",1,"chr14",50000001,100000000,5e+07,250000,8.32200000000012,0,8.32200000000012,3.376861184,64341
3,"segment",1,"chr15",1,50000000,5e+07,163536,7.72400000000016,0,7.72400000000016,3.692969984,64341
3,"segment",1,"chr15",50000001,100000000,5e+07,249749,9.01599999999962,0,9.01599999999962,3.39216384,64341
3,"segment",1,"chr16",1,50000000,5e+07,207870,9.09100000000035,0,9.09100000000035,3.415281664,64341
3,"segment",1,"chr17",1,50000000,5e+07,248590,9.128999999999,0,9.128999999999,3.438772224,64341
3,"segment",1,"chr18",1,50000000,5e+07,249103,9.21500000000015,0.00100000000020373,9.21600000000035,3.383115776,64341
3,"segment",1,"chr19",1,50000000,5e+07,249159,9.77700000000004,0,9.77700000000004,3.26711296,64341
3,"segment",1,"chr20",1,50000000,5e+07,247966,8.41100000000006,0,8.41100000000006,3.448131584,64341
3,"segment",1,"chr22",1,50000000,5e+07,191709,8.38199999999961,0,8.38199999999961,3.391176704,64341
3,"segment",1,"chrX",1,50000000,5e+07,246497,10.0730000000003,0.00100000000020373,10.0740000000005,3.388162048,64341
3,"segment",1,"chrX",50000001,100000000,5e+07,249228,8.10499999999956,0,8.10499999999956,3.505246208,64341
3,"segment",1,"chrX",100000001,150000000,5e+07,248556,9.11800000000039,0,9.11800000000039,3.515117568,64341
3,"segment",1,"chrY",1,50000000,5e+07,129550,7.89199999999983,0.00100000000020373,7.89300000000003,3.698765824,64341
3,"segment",1,"chr1",200000001,248956422,48956422,244228,9.7510000000002,0,9.7510000000002,3.849310208,64341
3,"segment",1,"chr3",150000001,198295559,48295559,241177,9.71399999999994,0,9.71399999999994,3.848163328,64341
3,"segment",1,"chr21",1,46709983,46709983,200395,8.5679999999993,0,8.5679999999993,3.468013568,64341
3,"segment",1,"chr8",100000001,145138636,45138636,225393,7.92000000000007,0,7.92000000000007,3.681943552,64341
3,"segment",1,"chr2",200000001,242193529,42193529,210909,10.112000000001,0,10.112000000001,3.719675904,64341
3,"segment",1,"chr16",50000001,90338345,40338345,201140,7.14999999999964,0,7.14999999999964,3.842678784,64341
3,"segment",1,"chr4",150000001,190214555,40214555,200771,8.90899999999965,0.00100000000020373,8.90999999999985,3.939926016,64341
3,"segment",1,"chr9",100000001,138394717,38394717,191660,6.60299999999916,0,6.60299999999916,4.474544128,64341
3,"segment",1,"chr11",100000001,135086622,35086622,175383,6.6309999999994,0.00100000000020373,6.63199999999961,4.433092608,64341
3,"segment",1,"chr10",100000001,133797422,33797422,168671,6.66100000000006,0,6.66100000000006,4.26483712,64341
3,"segment",1,"chr12",100000001,133275309,33275309,166313,7.10900000000038,0,7.10900000000038,4.09890816,64341
3,"segment",1,"chr17",50000001,83257441,33257441,165965,5.58599999999933,0,5.58599999999933,4.50772992,64341
3,"segment",1,"chr5",150000001,181538259,31538259,157385,6.19300000000112,0,6.19300000000112,4.360126464,64341
3,"segment",1,"chr18",50000001,80373285,30373285,151304,5.61199999999917,0,5.61199999999917,4.452876288,64341
3,"segment",1,"chr6",150000001,170805979,20805979,103478,5.04899999999907,0,5.04899999999907,4.391550976,64341
3,"segment",1,"chr20",50000001,64444167,14444167,71670,3.85499999999956,0,3.85499999999956,3.658010624,64341
3,"segment",1,"chr13",100000001,114364328,14364328,71016,2.76500000000306,0,2.76500000000306,4.038885376,64341
3,"segment",1,"chr7",150000001,159345973,9345973,46677,2.26399999999921,0,2.26399999999921,4.326875136,64341
3,"segment",1,"chr19",50000001,58617616,8617616,43038,1.6349999999984,0,1.6349999999984,4.474363904,64341
3,"segment",1,"chrY",50000001,57227415,7227415,2469,0.894000000000233,0,0.894000000000233,4.592037888,64341
3,"segment",1,"chr14",100000001,107043718,7043718,34418,1.65499999999884,0,1.65499999999884,4.873596928,64341
3,"segment",1,"chrX",150000001,156040895,6040895,30154,2.17500000000291,0,2.17500000000291,4.392943616,64341
3,"segment",1,"chr15",100000001,101991189,1991189,9905,0.872999999999593,0,0.872999999999593,4.616327168,64341
3,"segment",1,"chr22",50000001,50818468,818468,4042,0.443999999999505,0,0.443999999999505,4.734111744,64341
3,"segment",2,"chr1",1,50000000,5e+07,248467,13.543,6.883,20.426,1.700864,35814
3,"segment",2,"chr1",50000001,100000000,5e+07,250000,13.568,6.882,20.45,1.641504768,35804
3,"segment",2,"chr1",100000001,150000000,5e+07,159605,9.333,0,9.333,1.843392512,35814
3,"segment",2,"chr1",150000001,200000000,5e+07,250000,11.241,0,11.241,1.839783936,35804
3,"segment",2,"chr2",1,50000000,5e+07,249929,11.469,0,11.469,1.819910144,35814
3,"segment",2,"chr2",50000001,100000000,5e+07,241874,11.068,0,11.068,1.839546368,35804
3,"segment",2,"chr2",100000001,150000000,5e+07,249999,8.664,0,8.664,2.028888064,35814
3,"segment",2,"chr2",150000001,200000000,5e+07,250000,8.653,0,8.653,1.975242752,35804
3,"segment",2,"chr3",1,50000000,5e+07,249946,10.85,0,10.85,2.083520512,35814
3,"segment",2,"chr3",50000001,100000000,5e+07,249348,11.596,0,11.596,2.223976448,35804
3,"segment",2,"chr3",100000001,150000000,5e+07,250000,10.023,0,10.023,1.83812096,35814
3,"segment",2,"chr4",1,50000000,5e+07,248444,10.717,0,10.717,2.20606464,35804
3,"segment",2,"chr4",50000001,100000000,5e+07,249529,9.735,0,9.735,2.209857536,35814
3,"segment",2,"chr4",100000001,150000000,5e+07,250000,8.80499999999999,0,8.80499999999999,2.177613824,35804
3,"segment",2,"chr5",1,50000000,5e+07,249163,10.062,0,10.062,2.367930368,35814
3,"segment",2,"chr5",50000001,100000000,5e+07,249749,10.333,0,10.333,2.158698496,35804
3,"segment",2,"chr5",100000001,150000000,5e+07,249994,10.258,0.00100000000000477,10.259,2.078355456,35814
3,"segment",2,"chr6",1,50000000,5e+07,249700,11.088,0,11.088,1.934061568,35804
3,"segment",2,"chr6",50000001,100000000,5e+07,247201,10.613,0,10.613,2.301919232,35814
3,"segment",2,"chr6",100000001,150000000,5e+07,249999,8.78399999999999,0,8.78399999999999,2.161426432,35804
3,"segment",2,"chr7",1,50000000,5e+07,249937,10.807,0,10.807,2.163171328,35814
3,"segment",2,"chr7",50000001,100000000,5e+07,248470,10.489,0,10.489,2.154176512,35804
3,"segment",2,"chr7",100000001,150000000,5e+07,249749,9.27700000000002,0,9.27700000000002,2.264829952,35814
3,"segment",2,"chr8",1,50000000,5e+07,248688,10.278,0,10.278,2.310959104,35804
3,"segment",2,"chr8",50000001,100000000,5e+07,249749,10.251,0,10.251,2.43646464,35814
3,"segment",2,"chr9",1,50000000,5e+07,227365,9.87300000000002,0.000999999999976353,9.874,2.377535488,35804
3,"segment",2,"chr9",50000001,100000000,5e+07,189884,9.01399999999998,0.00100000000000477,9.01499999999999,2.099060736,35814
3,"segment",2,"chr10",1,50000000,5e+07,247573,9.709,0,9.709,2.373779456,35804
3,"segment",2,"chr10",50000001,100000000,5e+07,249995,9.327,0,9.328,2.25974272,35814
3,"segment",2,"chr11",1,50000000,5e+07,249700,10.031,0,10.031,2.343596032,35804
3,"segment",2,"chr11",50000001,100000000,5e+07,247571,10.256,0,10.256,2.125139968,35814
3,"segment",2,"chr12",1,50000000,5e+07,249346,10.77,0,10.77,1.95997696,35804
3,"segment",2,"chr12",50000001,100000000,5e+07,250000,10.602,0,10.602,2.064580608,35814
3,"segment",2,"chr13",1,50000000,5e+07,169132,8.57300000000001,0,8.57300000000001,2.081611776,35804
3,"segment",2,"chr13",50000001,100000000,5e+07,249749,9.642,0,9.643,2.192535552,35814
3,"segment",2,"chr14",1,50000000,5e+07,168401,7.36499999999998,0,7.36499999999998,2.309562368,35804
3,"segment",2,"chr14",50000001,100000000,5e+07,250000,11.589,0,11.589,2.046808064,35804
3,"segment",2,"chr15",1,50000000,5e+07,163536,9.261,0,9.261,2.194546688,35814
3,"segment",2,"chr15",50000001,100000000,5e+07,249749,8.69,0.00100000000000477,8.691,2.311503872,35814
3,"segment",2,"chr16",1,50000000,5e+07,207870,8.56099999999998,0,8.56099999999998,2.286465024,35804
3,"segment",2,"chr17",1,50000000,5e+07,248590,9.977,0,9.977,2.324983808,35814
3,"segment",2,"chr18",1,50000000,5e+07,249103,10.916,0,10.916,2.166038528,35804
3,"segment",2,"chr19",1,50000000,5e+07,249159,9.078,0,9.078,2.327769088,35814
3,"segment",2,"chr20",1,50000000,5e+07,247966,9.11599999999999,0,9.11599999999999,2.315112448,35804
3,"segment",2,"chr22",1,50000000,5e+07,191709,9.04900000000001,0,9.04900000000001,2.229608448,35814
3,"segment",2,"chrX",1,50000000,5e+07,246497,11.151,0,11.151,2.27520512,35804
3,"segment",2,"chrX",50000001,100000000,5e+07,249228,12.027,0,12.027,2.066317312,35814
3,"segment",2,"chrX",100000001,150000000,5e+07,248556,8.892,0,8.892,2.306932736,35804
3,"segment",2,"chrY",1,50000000,5e+07,129550,7.04500000000002,0,7.04500000000002,2.398314496,35814
3,"segment",2,"chr1",200000001,248956422,48956422,244228,11.953,0,11.953,2.37088768,35804
3,"segment",2,"chr3",150000001,198295559,48295559,241177,10.99,0,10.99,2.279133184,35814
3,"segment",2,"chr21",1,46709983,46709983,200395,7.84899999999999,0,7.84899999999999,2.493267968,35804
3,"segment",2,"chr8",100000001,145138636,45138636,225393,9.73500000000001,0,9.73500000000001,2.248118272,35814
3,"segment",2,"chr2",200000001,242193529,42193529,210909,9.30099999999999,0,9.30099999999999,2.465021952,35804
3,"segment",2,"chr16",50000001,90338345,40338345,201140,8.62700000000001,0,8.62700000000001,2.047053824,35814
3,"segment",2,"chr4",150000001,190214555,40214555,200771,9.13799999999998,0,9.13799999999998,2.030391296,35804
3,"segment",2,"chr9",100000001,138394717,38394717,191660,6.91199999999998,0,6.91199999999998,2.306830336,35814
3,"segment",2,"chr11",100000001,135086622,35086622,175383,6.84300000000002,0,6.84300000000002,2.216239104,35804
3,"segment",2,"chr10",100000001,133797422,33797422,168671,6.86599999999999,0,6.86599999999999,2.44293632,35814
3,"segment",2,"chr12",100000001,133275309,33275309,166313,6.72000000000003,0,6.72000000000003,2.37043712,35804
3,"segment",2,"chr17",50000001,83257441,33257441,165965,6.60000000000002,0.000999999999976353,6.601,2.425286656,35814
3,"segment",2,"chr5",150000001,181538259,31538259,157385,6.86699999999996,0,6.86699999999996,2.482008064,35804
3,"segment",2,"chr18",50000001,80373285,30373285,151304,5.654,0,5.654,2.527608832,35814
3,"segment",2,"chr6",150000001,170805979,20805979,103478,4.96200000000005,0.000999999999976353,4.96300000000002,2.261598208,35804
3,"segment",2,"chr20",50000001,64444167,14444167,71670,2.77500000000003,0.000999999999976353,2.77600000000001,2.483023872,35814
3,"segment",2,"chr13",100000001,114364328,14364328,71016,3.64999999999998,0.0010000000000332,3.65100000000001,2.507091968,35814
3,"segment",2,"chr7",150000001,159345973,9345973,46677,2.50399999999996,0,2.50399999999996,2.509840384,35804
3,"segment",2,"chr19",50000001,58617616,8617616,43038,2.06899999999996,0,2.06899999999996,2.424942592,35804
3,"segment",2,"chrY",50000001,57227415,7227415,2469,1.798,0,1.798,1.977470976,35814
3,"segment",2,"chr14",100000001,107043718,7043718,34418,1.84499999999997,0,1.84499999999997,2.464022528,35804
3,"segment",2,"chrX",150000001,156040895,6040895,30154,1.85599999999999,0.000999999999976353,1.85699999999997,2.190667776,35814
3,"segment",2,"chr15",100000001,101991189,1991189,9905,1.16899999999998,0,1.16899999999998,2.45100544,35804
3,"segment",2,"chr22",50000001,50818468,818468,4042,0.421000000000049,0,0.421000000000049,2.257887232,35814
3,"segment",3,"chr1",1,50000000,5e+07,248467,15.994,7.845,23.839,1.67657472,37262
3,"segment",3,"chr1",50000001,100000000,5e+07,250000,15.985,7.844,23.829,1.613312,37252
3,"segment",3,"chr1",100000001,150000000,5e+07,159605,13.123,7.843,20.966,1.596350464,37242
3,"segment",3,"chr1",150000001,200000000,5e+07,250000,12.365,0.00100000000000122,12.366,1.86281984,37242
3,"segment",3,"chr2",1,50000000,5e+07,249929,12.23,0.00100000000000122,12.231,1.827278848,37252
3,"segment",3,"chr2",50000001,100000000,5e+07,241874,12.029,0,12.029,1.86195968,37262
3,"segment",3,"chr2",100000001,150000000,5e+07,249999,12.339,0.00100000000000477,12.34,1.900609536,37242
3,"segment",3,"chr2",150000001,200000000,5e+07,250000,10.344,0,10.344,1.909710848,37262
3,"segment",3,"chr3",1,50000000,5e+07,249946,11.441,0,11.441,2.018115584,37252
3,"segment",3,"chr3",50000001,100000000,5e+07,249348,10.574,0,10.574,2.233905152,37242
3,"segment",3,"chr3",100000001,150000000,5e+07,250000,10.31,0,10.31,2.164928512,37262
3,"segment",3,"chr4",1,50000000,5e+07,248444,9.79300000000001,0,9.79300000000001,2.026643456,37252
3,"segment",3,"chr4",50000001,100000000,5e+07,249529,10.283,0,10.283,2.183348224,37242
3,"segment",3,"chr4",100000001,150000000,5e+07,250000,9.879,0.000999999999997669,9.88,2.212405248,37262
3,"segment",3,"chr5",1,50000000,5e+07,249163,10.039,0,10.039,2.002886656,37252
3,"segment",3,"chr5",50000001,100000000,5e+07,249749,11.024,0,11.024,1.980583936,37242
3,"segment",3,"chr5",100000001,150000000,5e+07,249994,10.899,0.000999999999990564,10.9,1.9439616,37262
3,"segment",3,"chr6",1,50000000,5e+07,249700,10.963,0,10.963,1.897836544,37252
3,"segment",3,"chr6",50000001,100000000,5e+07,247201,10.684,0,10.684,2.130518016,37242
3,"segment",3,"chr6",100000001,150000000,5e+07,249999,11.508,0,11.508,1.904930816,37262
3,"segment",3,"chr7",1,50000000,5e+07,249937,11.457,0,11.457,1.828691968,37252
3,"segment",3,"chr7",50000001,100000000,5e+07,248470,10.543,0,10.543,2.434957312,37242
3,"segment",3,"chr7",100000001,150000000,5e+07,249749,10.806,0,10.806,2.073276416,37262
3,"segment",3,"chr8",1,50000000,5e+07,248688,10.259,0,10.259,2.0907008,37252
3,"segment",3,"chr8",50000001,100000000,5e+07,249749,10.078,0,10.078,2.40144384,37242
3,"segment",3,"chr9",1,50000000,5e+07,227365,10.436,0,10.436,2.049589248,37262
3,"segment",3,"chr9",50000001,100000000,5e+07,189884,9.283,0.00100000000000477,9.28400000000001,1.99124992,37252
3,"segment",3,"chr10",1,50000000,5e+07,247573,10.419,0,10.419,2.500759552,37242
3,"segment",3,"chr10",50000001,100000000,5e+07,249995,10.527,0,10.528,1.951653888,37252
3,"segment",3,"chr11",1,50000000,5e+07,249700,10.717,0,10.717,2.048454656,37262
3,"segment",3,"chr11",50000001,100000000,5e+07,247571,10.562,0,10.562,2.383486976,37242
3,"segment",3,"chr12",1,50000000,5e+07,249346,10.738,0,10.738,1.962360832,37252
3,"segment",3,"chr12",50000001,100000000,5e+07,250000,10.567,0,10.567,2.014834688,37262
3,"segment",3,"chr13",1,50000000,5e+07,169132,9.333,0,9.333,2.423939072,37242
3,"segment",3,"chr13",50000001,100000000,5e+07,249749,10.74,0,10.74,1.948839936,37252
3,"segment",3,"chr14",1,50000000,5e+07,168401,7.95099999999999,0,7.95099999999999,2.225242112,37262
3,"segment",3,"chr14",50000001,100000000,5e+07,250000,9.649,0,9.649,2.423181312,37242
3,"segment",3,"chr15",1,50000000,5e+07,163536,9.19499999999999,0,9.19499999999999,1.967734784,37262
3,"segment",3,"chr15",50000001,100000000,5e+07,249749,10.79,0.00100000000000477,10.791,1.970642944,37252
3,"segment",3,"chr16",1,50000000,5e+07,207870,9.852,0,9.852,2.265030656,37242
3,"segment",3,"chr17",1,50000000,5e+07,248590,9.42500000000001,0,9.42500000000001,2.287747072,37262
3,"segment",3,"chr18",1,50000000,5e+07,249103,9.97999999999999,0,9.97999999999999,1.93624064,37252
3,"segment",3,"chr19",1,50000000,5e+07,249159,9.49200000000002,0,9.49200000000002,2.302226432,37262
3,"segment",3,"chr20",1,50000000,5e+07,247966,9.02800000000002,0,9.02800000000002,2.367107072,37242
3,"segment",3,"chr22",1,50000000,5e+07,191709,8.43700000000001,0.00100000000000477,8.43800000000002,2.042957824,37252
3,"segment",3,"chrX",1,50000000,5e+07,246497,11.998,0,11.998,2.18710016,37242
3,"segment",3,"chrX",50000001,100000000,5e+07,249228,11.235,0,11.236,2.373951488,37262
3,"segment",3,"chrX",100000001,150000000,5e+07,248556,11.189,0.00100000000000477,11.19,2.043461632,37252
3,"segment",3,"chrY",1,50000000,5e+07,129550,7.99099999999999,0,7.99099999999999,1.935138816,37262
3,"segment",3,"chr1",200000001,248956422,48956422,244228,11.61,0,11.61,2.140880896,37242
3,"segment",3,"chr3",150000001,198295559,48295559,241177,11.752,0,11.752,1.9723264,37252
3,"segment",3,"chr21",1,46709983,46709983,200395,8.94,0,8.94,1.880834048,37262
3,"segment",3,"chr8",100000001,145138636,45138636,225393,9.98499999999999,0,9.98499999999999,2.02760192,37242
3,"segment",3,"chr2",200000001,242193529,42193529,210909,9.93800000000002,0,9.93800000000002,2.046107648,37252
3,"segment",3,"chr16",50000001,90338345,40338345,201140,7.59699999999998,0,7.59699999999998,2.194796544,37262
3,"segment",3,"chr4",150000001,190214555,40214555,200771,8.739,0,8.739,2.166624256,37242
3,"segment",3,"chr9",100000001,138394717,38394717,191660,8.11599999999999,0,8.11599999999999,2.088890368,37252
3,"segment",3,"chr11",100000001,135086622,35086622,175383,7.20600000000002,0,7.20600000000002,2.212896768,37262
3,"segment",3,"chr10",100000001,133797422,33797422,168671,6.68000000000001,0,6.68000000000001,2.339258368,37242
3,"segment",3,"chr12",100000001,133275309,33275309,166313,7.535,0,7.535,2.250039296,37262
3,"segment",3,"chr17",50000001,83257441,33257441,165965,6.20600000000002,0.000999999999976353,6.20699999999999,2.271715328,37252
3,"segment",3,"chr5",150000001,181538259,31538259,157385,7.79499999999999,0.00100000000000477,7.79599999999999,2.003734528,37252
3,"segment",3,"chr18",50000001,80373285,30373285,151304,6.99199999999999,0,6.99199999999999,2.086412288,37242
3,"segment",3,"chr6",150000001,170805979,20805979,103478,5.47299999999998,0,5.47299999999998,2.219999232,37262
3,"segment",3,"chr20",50000001,64444167,14444167,71670,2.61099999999999,0,2.61099999999999,2.497765376,37262
3,"segment",3,"chr13",100000001,114364328,14364328,71016,2.886,0,2.886,2.467356672,37242
3,"segment",3,"chr7",150000001,159345973,9345973,46677,2.352,0,2.352,2.291798016,37252
3,"segment",3,"chr19",50000001,58617616,8617616,43038,2.02000000000001,0,2.02000000000001,2.307989504,37262
3,"segment",3,"chrY",50000001,57227415,7227415,2469,1.09899999999999,0,1.09899999999999,2.16539136,37252
3,"segment",3,"chr14",100000001,107043718,7043718,34418,1.922,0,1.922,2.373791744,37242
3,"segment",3,"chrX",150000001,156040895,6040895,30154,1.88400000000001,0,1.88400000000001,2.304851968,37252
3,"segment",3,"chr15",100000001,101991189,1991189,9905,0.926999999999992,0,0.926999999999992,2.5455616,37262
3,"segment",3,"chr22",50000001,50818468,818468,4042,0.510999999999996,0.00100000000000477,0.512,2.486849536,37242
3,"segment",4,"chr1",1,50000000,5e+07,248467,15.42,8.31,23.73,1.6371712,38437
3,"segment",4,"chr1",50000001,100000000,5e+07,250000,15.607,8.309,23.916,1.64757504,38426
3,"segment",4,"chr1",100000001,150000000,5e+07,159605,12.955,8.31,21.265,1.54980352,38416
3,"segment",4,"chr1",150000001,200000000,5e+07,250000,15.612,8.307,23.919,1.624088576,38406
3,"segment",4,"chr2",1,50000000,5e+07,249929,13.207,0,13.207,1.809104896,38416
3,"segment",4,"chr2",50000001,100000000,5e+07,241874,12.681,0.00100000000000122,12.682,1.798152192,38437
3,"segment",4,"chr2",100000001,150000000,5e+07,249999,12.849,0,12.849,1.824796672,38406
3,"segment",4,"chr2",150000001,200000000,5e+07,250000,12.805,0,12.805,1.777692672,38426
3,"segment",4,"chr3",1,50000000,5e+07,249946,11.966,0,11.966,1.786855424,38416
3,"segment",4,"chr3",50000001,100000000,5e+07,249348,11.444,0,11.444,1.992400896,38437
3,"segment",4,"chr3",100000001,150000000,5e+07,250000,11.606,0.000999999999997669,11.607,1.950314496,38406
3,"segment",4,"chr4",1,50000000,5e+07,248444,11.413,0,11.413,1.971646464,38426
3,"segment",4,"chr4",50000001,100000000,5e+07,249529,11.498,0,11.498,1.915052032,38416
3,"segment",4,"chr4",100000001,150000000,5e+07,250000,11.313,0.000999999999997669,11.314,1.765691392,38437
3,"segment",4,"chr5",1,50000000,5e+07,249163,11.206,0.00100000000000477,11.207,1.791934464,38426
3,"segment",4,"chr5",50000001,100000000,5e+07,249749,11.501,0,11.501,1.780465664,38406
3,"segment",4,"chr5",100000001,150000000,5e+07,249994,11.617,0,11.617,1.780174848,38416
3,"segment",4,"chr6",1,50000000,5e+07,249700,11.128,0,11.128,1.994973184,38437
3,"segment",4,"chr6",50000001,100000000,5e+07,247201,11.026,0.00100000000000477,11.027,2.034532352,38426
3,"segment",4,"chr6",100000001,150000000,5e+07,249999,11.613,0.000999999999997669,11.614,1.867476992,38406
3,"segment",4,"chr7",1,50000000,5e+07,249937,11.695,0,11.695,1.678823424,38416
3,"segment",4,"chr7",50000001,100000000,5e+07,248470,11.692,0,11.692,1.621315584,38437
3,"segment",4,"chr7",100000001,150000000,5e+07,249749,11.862,0,11.862,1.546047488,38426
3,"segment",4,"chr8",1,50000000,5e+07,248688,12.948,0,12.948,1.592213504,38406
3,"segment",4,"chr8",50000001,100000000,5e+07,249749,12.275,0.00100000000000477,12.276,1.912233984,38416
3,"segment",4,"chr9",1,50000000,5e+07,227365,11.955,0,11.955,1.916166144,38437
3,"segment",4,"chr9",50000001,100000000,5e+07,189884,11.041,0,11.041,1.888841728,38426
3,"segment",4,"chr10",1,50000000,5e+07,247573,12.291,0,12.291,1.779494912,38406
3,"segment",4,"chr10",50000001,100000000,5e+07,249995,14.719,0,14.719,1.942929408,38416
3,"segment",4,"chr11",1,50000000,5e+07,249700,13.963,0.000999999999990564,13.964,1.922052096,38426
3,"segment",4,"chr11",50000001,100000000,5e+07,247571,13.903,0,13.903,1.956450304,38437
3,"segment",4,"chr12",1,50000000,5e+07,249346,13.089,0,13.089,1.861472256,38406
3,"segment",4,"chr12",50000001,100000000,5e+07,250000,13.505,0,13.505,1.931997184,38426
3,"segment",4,"chr13",1,50000000,5e+07,169132,11.422,0,11.422,1.900281856,38437
3,"segment",4,"chr13",50000001,100000000,5e+07,249749,13.868,0,13.868,1.946554368,38416
3,"segment",4,"chr14",1,50000000,5e+07,168401,11.631,0,11.631,1.854939136,38406
3,"segment",4,"chr14",50000001,100000000,5e+07,250000,13.634,0,13.634,1.769279488,38437
3,"segment",4,"chr15",1,50000000,5e+07,163536,11.326,0,11.326,1.7297408,38426
3,"segment",4,"chr15",50000001,100000000,5e+07,249749,11.636,0.00100000000000477,11.637,1.792176128,38406
3,"segment",4,"chr16",1,50000000,5e+07,207870,10.169,0,10.169,1.788473344,38416
3,"segment",4,"chr17",1,50000000,5e+07,248590,10.428,0,10.428,1.7641472,38426
3,"segment",4,"chr18",1,50000000,5e+07,249103,10.382,0,10.382,1.81086208,38437
3,"segment",4,"chr19",1,50000000,5e+07,249159,10.539,0,10.539,2.199965696,38416
3,"segment",4,"chr20",1,50000000,5e+07,247966,10.681,0,10.681,1.808666624,38406
3,"segment",4,"chr22",1,50000000,5e+07,191709,9.03,0.000999999999976353,9.03099999999998,1.887744,38426
3,"segment",4,"chrX",1,50000000,5e+07,246497,11.479,0,11.479,1.936379904,38437
3,"segment",4,"chrX",50000001,100000000,5e+07,249228,11.407,0,11.407,2.063376384,38416
3,"segment",4,"chrX",100000001,150000000,5e+07,248556,10.989,0,10.989,1.9659776,38406
3,"segment",4,"chrY",1,50000000,5e+07,129550,7.48499999999999,0,7.48499999999999,1.882984448,38426
3,"segment",4,"chr1",200000001,248956422,48956422,244228,11.195,0,11.195,1.798074368,38437
3,"segment",4,"chr3",150000001,198295559,48295559,241177,10.469,0,10.469,2.023735296,38416
3,"segment",4,"chr21",1,46709983,46709983,200395,8.715,0.000999999999976353,8.71599999999998,1.783341056,38406
3,"segment",4,"chr8",100000001,145138636,45138636,225393,9.792,0,9.792,1.865322496,38426
3,"segment",4,"chr2",200000001,242193529,42193529,210909,9.53200000000001,0,9.53200000000001,2.0822016,38437
3,"segment",4,"chr16",50000001,90338345,40338345,201140,8.75800000000001,0,8.75800000000001,1.867620352,38406
3,"segment",4,"chr4",150000001,190214555,40214555,200771,9.34300000000002,0.00100000000000477,9.34400000000002,2.012229632,38416
3,"segment",4,"chr9",100000001,138394717,38394717,191660,8.81,0,8.81,2.058063872,38426
3,"segment",4,"chr11",100000001,135086622,35086622,175383,8.14000000000001,0,8.14000000000001,2.084524032,38437
3,"segment",4,"chr10",100000001,133797422,33797422,168671,8.33599999999998,0,8.33599999999998,1.712361472,38406
3,"segment",4,"chr12",100000001,133275309,33275309,166313,8.029,0,8.029,1.800409088,38416
3,"segment",4,"chr17",50000001,83257441,33257441,165965,7.773,0,7.773,1.864310784,38426
3,"segment",4,"chr5",150000001,181538259,31538259,157385,6.90899999999999,0.00100000000000477,6.91,1.8847744,38437
3,"segment",4,"chr18",50000001,80373285,30373285,151304,5.71700000000001,0,5.71700000000001,1.811365888,38406
3,"segment",4,"chr6",150000001,170805979,20805979,103478,4.69,0,4.69,1.914896384,38426
3,"segment",4,"chr20",50000001,64444167,14444167,71670,2.76999999999998,0,2.76999999999998,2.078265344,38416
3,"segment",4,"chr13",100000001,114364328,14364328,71016,3.40899999999999,0.00100000000000477,3.41,2.487472128,38416
3,"segment",4,"chr7",150000001,159345973,9345973,46677,3.38499999999999,0.00100000000000477,3.386,1.703923712,38406
3,"segment",4,"chr19",50000001,58617616,8617616,43038,3.30599999999998,0,3.30599999999998,1.797029888,38437
3,"segment",4,"chrY",50000001,57227415,7227415,2469,1.893,0.00100000000000477,1.89400000000001,1.84510464,38426
3,"segment",4,"chr14",100000001,107043718,7043718,34418,2.13,0,2.13,2.271834112,38416
3,"segment",4,"chrX",150000001,156040895,6040895,30154,1.958,0.00100000000000477,1.959,2.099146752,38426
3,"segment",4,"chr15",100000001,101991189,1991189,9905,1.87899999999999,0,1.87899999999999,1.875939328,38406
3,"segment",4,"chr22",50000001,50818468,818468,4042,0.481999999999999,0,0.481999999999999,1.494642688,38437
3,"segment",5,"chr1",1,50000000,5e+07,248467,17.115,9.02,26.135,1.7067008,39358
3,"segment",5,"chr1",50000001,100000000,5e+07,250000,17.467,9.019,26.486,1.608749056,39348
3,"segment",5,"chr1",100000001,150000000,5e+07,159605,14.427,9.016,23.443,1.565515776,39338
3,"segment",5,"chr1",150000001,200000000,5e+07,250000,17.474,9.017,26.491,1.527820288,39328
3,"segment",5,"chr2",1,50000000,5e+07,249929,17.154,9.016,26.17,1.704615936,39318
3,"segment",5,"chr2",50000001,100000000,5e+07,241874,15.935,0.00100000000000122,15.936,1.562365952,39338
3,"segment",5,"chr2",100000001,150000000,5e+07,249999,15.504,0,15.504,1.789136896,39358
3,"segment",5,"chr2",150000001,200000000,5e+07,250000,15.597,0,15.597,1.719734272,39318
3,"segment",5,"chr3",1,50000000,5e+07,249946,15.317,0,15.317,1.676025856,39328
3,"segment",5,"chr3",50000001,100000000,5e+07,249348,15.354,0.00100000000000122,15.355,1.701404672,39348
3,"segment",5,"chr3",100000001,150000000,5e+07,250000,15.069,0,15.069,1.454333952,39338
3,"segment",5,"chr4",1,50000000,5e+07,248444,15.012,0,15.012,1.637933056,39358
3,"segment",5,"chr4",50000001,100000000,5e+07,249529,13.884,0,13.884,1.825370112,39328
3,"segment",5,"chr4",100000001,150000000,5e+07,250000,13.935,0,13.935,1.709375488,39318
3,"segment",5,"chr5",1,50000000,5e+07,249163,13.434,0.000999999999997669,13.435,1.837379584,39348
3,"segment",5,"chr5",50000001,100000000,5e+07,249749,12.899,0,12.899,1.466650624,39338
3,"segment",5,"chr5",100000001,150000000,5e+07,249994,13.119,0,13.119,1.736454144,39348
3,"segment",5,"chr6",1,50000000,5e+07,249700,12.633,0,12.633,1.764585472,39328
3,"segment",5,"chr6",50000001,100000000,5e+07,247201,12.799,0,12.799,1.748361216,39318
3,"segment",5,"chr6",100000001,150000000,5e+07,249999,13.118,0.000999999999997669,13.119,1.690853376,39358
3,"segment",5,"chr7",1,50000000,5e+07,249937,12.074,0,12.074,1.675988992,39338
3,"segment",5,"chr7",50000001,100000000,5e+07,248470,12.398,0,12.398,1.466048512,39328
3,"segment",5,"chr7",100000001,150000000,5e+07,249749,11.729,0,11.729,1.725046784,39348
3,"segment",5,"chr8",1,50000000,5e+07,248688,11.619,0.00100000000000477,11.62,1.378000896,39318
3,"segment",5,"chr8",50000001,100000000,5e+07,249749,11.473,0.000999999999990564,11.474,1.68278016,39358
3,"segment",5,"chr9",1,50000000,5e+07,227365,11.186,0,11.186,1.688195072,39338
3,"segment",5,"chr9",50000001,100000000,5e+07,189884,10.888,0.00100000000000477,10.889,1.799868416,39348
3,"segment",5,"chr10",1,50000000,5e+07,247573,12.966,0.000999999999990564,12.967,1.680228352,39318
3,"segment",5,"chr10",50000001,100000000,5e+07,249995,11.93,0.00100000000000477,11.931,1.724960768,39328
3,"segment",5,"chr11",1,50000000,5e+07,249700,12.977,0,12.977,1.727725568,39358
3,"segment",5,"chr11",50000001,100000000,5e+07,247571,12.036,0,12.036,1.618509824,39338
3,"segment",5,"chr12",1,50000000,5e+07,249346,13.265,0,13.265,1.750765568,39348
3,"segment",5,"chr12",50000001,100000000,5e+07,250000,12.528,0.00100000000000477,12.529,1.561985024,39328
3,"segment",5,"chr13",1,50000000,5e+07,169132,10.14,0,10.14,1.67524352,39318
3,"segment",5,"chr13",50000001,100000000,5e+07,249749,11.547,0.00100000000000477,11.548,1.562312704,39358
3,"segment",5,"chr14",1,50000000,5e+07,168401,12.14,0,12.14,1.4477312,39338
3,"segment",5,"chr14",50000001,100000000,5e+07,250000,15.623,0.00800000000000978,15.631,1.405128704,39318
3,"segment",5,"chr15",1,50000000,5e+07,163536,13.131,0.00300000000000011,13.134,1.543237632,39328
3,"segment",5,"chr15",50000001,100000000,5e+07,249749,15.567,0.00399999999999068,15.571,1.383563264,39348
3,"segment",5,"chr16",1,50000000,5e+07,207870,14.723,0.00100000000000477,14.724,1.466253312,39358
3,"segment",5,"chr17",1,50000000,5e+07,248590,14.027,0.00100000000000477,14.028,1.554505728,39338
3,"segment",5,"chr18",1,50000000,5e+07,249103,11.451,0.00100000000000477,11.452,1.784356864,39328
3,"segment",5,"chr19",1,50000000,5e+07,249159,11.527,0,11.527,1.72179456,39358
3,"segment",5,"chr20",1,50000000,5e+07,247966,11.482,0,11.482,1.69316352,39318
3,"segment",5,"chr22",1,50000000,5e+07,191709,10.005,0,10.005,1.69588736,39348
3,"segment",5,"chrX",1,50000000,5e+07,246497,14.077,0,14.077,1.549156352,39338
3,"segment",5,"chrX",50000001,100000000,5e+07,249228,14.77,0,14.77,1.588256768,39328
3,"segment",5,"chrX",100000001,150000000,5e+07,248556,12.855,0,12.855,1.324552192,39348
3,"segment",5,"chrY",1,50000000,5e+07,129550,8.53,0.000999999999976353,8.53099999999998,1.152069632,39358
3,"segment",5,"chr1",200000001,248956422,48956422,244228,14.647,0.00199999999998113,14.649,1.68542208,39318
3,"segment",5,"chr3",150000001,198295559,48295559,241177,11.537,0,11.537,1.603432448,39338
3,"segment",5,"chr21",1,46709983,46709983,200395,13.086,0.00199999999998113,13.088,1.701306368,39348
3,"segment",5,"chr8",100000001,145138636,45138636,225393,11.011,0.00200000000000955,11.013,1.715290112,39328
3,"segment",5,"chr2",200000001,242193529,42193529,210909,13.166,0.00100000000000477,13.167,1.701834752,39358
3,"segment",5,"chr16",50000001,90338345,40338345,201140,9.54300000000001,0,9.54300000000001,1.611513856,39318
3,"segment",5,"chr4",150000001,190214555,40214555,200771,10.154,0,10.154,1.405190144,39338
3,"segment",5,"chr9",100000001,138394717,38394717,191660,11.267,0,11.267,1.686372352,39328
3,"segment",5,"chr11",100000001,135086622,35086622,175383,7.797,0.000999999999976353,7.79799999999997,1.751609344,39348
3,"segment",5,"chr10",100000001,133797422,33797422,168671,9.49300000000002,0,9.49300000000002,1.65224448,39358
3,"segment",5,"chr12",100000001,133275309,33275309,166313,7.95699999999999,0,7.95699999999999,1.350578176,39318
3,"segment",5,"chr17",50000001,83257441,33257441,165965,7.13,0.00199999999998113,7.13199999999998,1.311440896,39338
3,"segment",5,"chr5",150000001,181538259,31538259,157385,8.101,0,8.101,1.712549888,39348
3,"segment",5,"chr18",50000001,80373285,30373285,151304,7.10499999999999,0,7.10499999999999,1.436135424,39328
3,"segment",5,"chr6",150000001,170805979,20805979,103478,6.29900000000001,0.00100000000000477,6.30000000000001,0.871825408,39358
3,"segment",5,"chr20",50000001,64444167,14444167,71670,4.55099999999999,0.00100000000000477,4.55199999999999,1.105321984,39318
3,"segment",5,"chr13",100000001,114364328,14364328,71016,4.928,0,4.928,1.261944832,39338
3,"segment",5,"chr7",150000001,159345973,9345973,46677,4.56,0.00100000000000477,4.56100000000001,1.641316352,39348
3,"segment",5,"chr19",50000001,58617616,8617616,43038,2.70000000000002,0.00100000000000477,2.70100000000002,1.562955776,39328
3,"segment",5,"chrY",50000001,57227415,7227415,2469,4.64699999999999,0.00100000000000477,4.648,1.452978176,39318
3,"segment",5,"chr14",100000001,107043718,7043718,34418,5.82400000000001,0,5.82400000000001,1.501548544,39338
3,"segment",5,"chrX",150000001,156040895,6040895,30154,5.46099999999998,0.00100000000000477,5.46199999999999,1.593085952,39328
3,"segment",5,"chr15",100000001,101991189,1991189,9905,4.631,0.00100000000000477,4.63200000000001,1.461870592,39358
3,"segment",5,"chr22",50000001,50818468,818468,4042,1.05600000000001,0,1.05600000000001,1.456033792,39348
3,"segment",6,"chr1",1,50000000,5e+07,248467,21.548,9.69,31.238,1.392181248,40256
3,"segment",6,"chr1",50000001,100000000,5e+07,250000,21.449,9.696,31.145,1.3913088,40245
3,"segment",6,"chr1",100000001,150000000,5e+07,159605,18.123,9.696,27.819,1.277472768,40235
3,"segment",6,"chr1",150000001,200000000,5e+07,250000,21.236,9.697,30.933,1.37859072,40225
3,"segment",6,"chr2",1,50000000,5e+07,249929,20.949,9.697,30.646,1.402806272,40214
3,"segment",6,"chr2",50000001,100000000,5e+07,241874,20.85,9.68,30.53,1.407275008,40204
3,"segment",6,"chr2",100000001,150000000,5e+07,249999,17.006,0,17.006,1.399615488,40235
3,"segment",6,"chr2",150000001,200000000,5e+07,250000,16.159,0.00100000000000477,16.16,1.375834112,40204
3,"segment",6,"chr3",1,50000000,5e+07,249946,15.967,0,15.967,1.29970176,40214
3,"segment",6,"chr3",50000001,100000000,5e+07,249348,15.322,0,15.322,1.47924992,40225
3,"segment",6,"chr3",100000001,150000000,5e+07,250000,15.793,0.00200000000000244,15.796,1.348182016,40245
3,"segment",6,"chr4",1,50000000,5e+07,248444,15.393,0,15.393,1.457524736,40256
3,"segment",6,"chr4",50000001,100000000,5e+07,249529,16.647,0.000999999999997669,16.648,1.469227008,40235
3,"segment",6,"chr4",100000001,150000000,5e+07,250000,15.705,0,15.705,1.420148736,40225
3,"segment",6,"chr5",1,50000000,5e+07,249163,15.832,0.00200000000000244,15.834,1.368035328,40204
3,"segment",6,"chr5",50000001,100000000,5e+07,249749,16.624,0.00199999999999534,16.626,1.64542464,40214
3,"segment",6,"chr5",100000001,150000000,5e+07,249994,16.472,0,16.472,1.668857856,40245
3,"segment",6,"chr6",1,50000000,5e+07,249700,16.583,0.00200000000000244,16.585,1.549983744,40256
3,"segment",6,"chr6",50000001,100000000,5e+07,247201,14.598,0,14.598,1.22621952,40235
3,"segment",6,"chr6",100000001,150000000,5e+07,249999,14.803,0.00199999999999534,14.805,1.209933824,40225
3,"segment",6,"chr7",1,50000000,5e+07,249937,14.106,0.000999999999990564,14.107,1.13866752,40204
3,"segment",6,"chr7",50000001,100000000,5e+07,248470,14.149,0.000999999999990564,14.15,1.533964288,40214
3,"segment",6,"chr7",100000001,150000000,5e+07,249749,14.333,0.00100000000000477,14.334,1.476440064,40245
3,"segment",6,"chr8",1,50000000,5e+07,248688,14.303,0,14.303,1.424297984,40256
3,"segment",6,"chr8",50000001,100000000,5e+07,249749,20.481,0.007000000000005,20.488,1.495076864,40235
3,"segment",6,"chr9",1,50000000,5e+07,227365,16.987,0.00100000000000477,16.988,1.55539456,40204
3,"segment",6,"chr9",50000001,100000000,5e+07,189884,14.7,0.00100000000000477,14.701,1.162248192,40225
3,"segment",6,"chr10",1,50000000,5e+07,247573,16.28,0.000999999999990564,16.281,1.11593472,40214
3,"segment",6,"chr10",50000001,100000000,5e+07,249995,18.155,0.000999999999990564,18.156,1.381490688,40245
3,"segment",6,"chr11",1,50000000,5e+07,249700,16.172,0.00100000000000477,16.174,1.452118016,40256
3,"segment",6,"chr11",50000001,100000000,5e+07,247571,16.424,0.00100000000000477,16.425,1.180041216,40225
3,"segment",6,"chr12",1,50000000,5e+07,249346,15.156,0.00100000000000477,15.157,0.849657856,40204
3,"segment",6,"chr12",50000001,100000000,5e+07,250000,17.815,0,17.815,1.179496448,40214
3,"segment",6,"chr13",1,50000000,5e+07,169132,16.272,0.00100000000000477,16.273,1.614303232,40256
3,"segment",6,"chr13",50000001,100000000,5e+07,249749,18.389,0.00300000000000011,18.392,1.438191616,40245
3,"segment",6,"chr14",1,50000000,5e+07,168401,12.097,0.000999999999990564,12.098,0.96825344,40235
3,"segment",6,"chr14",50000001,100000000,5e+07,250000,17.813,0.00300000000000011,17.816,1.455243264,40225
3,"segment",6,"chr15",1,50000000,5e+07,163536,14.358,0.000999999999990564,14.359,1.281978368,40235
3,"segment",6,"chr15",50000001,100000000,5e+07,249749,18.166,0,18.166,0.95295488,40204
3,"segment",6,"chr16",1,50000000,5e+07,207870,16.473,0.00199999999999534,16.475,1.623785472,40256
3,"segment",6,"chr17",1,50000000,5e+07,248590,19.738,0.00500000000000966,19.743,1.543647232,40214
3,"segment",6,"chr18",1,50000000,5e+07,249103,21.215,0.000999999999990564,21.216,1.420341248,40245
3,"segment",6,"chr19",1,50000000,5e+07,249159,20.083,0,20.083,1.366736896,40235
3,"segment",6,"chr20",1,50000000,5e+07,247966,19.508,0,19.508,1.549062144,40225
3,"segment",6,"chr22",1,50000000,5e+07,191709,14.962,0.00100000000000477,14.964,0.66441216,40204
3,"segment",6,"chrX",1,50000000,5e+07,246497,16.898,0.00100000000000477,16.899,1.2982272,40256
3,"segment",6,"chrX",50000001,100000000,5e+07,249228,22.562,0.0029999999999859,22.565,1.551704064,40214
3,"segment",6,"chrX",100000001,150000000,5e+07,248556,19.31,0,19.31,1.495048192,40245
3,"segment",6,"chrY",1,50000000,5e+07,129550,12.606,0.000999999999976353,12.608,1.169944576,40204
3,"segment",6,"chr1",200000001,248956422,48956422,244228,19.158,0,19.159,1.203802112,40235
3,"segment",6,"chr3",150000001,198295559,48295559,241177,19.229,0.000999999999976353,19.231,0.469958656,40256
3,"segment",6,"chr21",1,46709983,46709983,200395,11.719,0.00199999999998113,11.721,0.840728576,40225
3,"segment",6,"chr8",100000001,145138636,45138636,225393,19.033,0.00200000000000955,19.035,1.551818752,40204
3,"segment",6,"chr2",200000001,242193529,42193529,210909,17.193,0.00100000000000477,17.194,1.483395072,40245
3,"segment",6,"chr16",50000001,90338345,40338345,201140,14.486,0.00200000000000955,14.488,1.167167488,40225
3,"segment",6,"chr4",150000001,190214555,40214555,200771,12.155,0.00100000000000477,12.156,0.726228992,40214
3,"segment",6,"chr9",100000001,138394717,38394717,191660,13.212,0.00399999999999068,13.217,1.038147584,40235
3,"segment",6,"chr11",100000001,135086622,35086622,175383,13.081,0.00100000000000477,13.083,1.23684864,40256
3,"segment",6,"chr10",100000001,133797422,33797422,168671,10.924,0.00100000000000477,10.925,0.942051328,40225
3,"segment",6,"chr12",100000001,133275309,33275309,166313,11.984,0.00200000000000955,11.986,0.952369152,40214
3,"segment",6,"chr17",50000001,83257441,33257441,165965,9.97800000000001,0,9.97800000000001,0.913424384,40204
3,"segment",6,"chr5",150000001,181538259,31538259,157385,13.191,0.00200000000000955,13.193,1.425932288,40235
3,"segment",6,"chr18",50000001,80373285,30373285,151304,9.792,0.00499999999999545,9.798,0.966324224,40245
3,"segment",6,"chr6",150000001,170805979,20805979,103478,10.988,0.00100000000000477,10.989,1.227780096,40256
3,"segment",6,"chr20",50000001,64444167,14444167,71670,8.03899999999999,0.00200000000000955,8.041,1.575645184,40225
3,"segment",6,"chr13",100000001,114364328,14364328,71016,4.68900000000002,0.00100000000000477,4.69000000000003,0.840036352,40214
3,"segment",6,"chr7",150000001,159345973,9345973,46677,6.53100000000001,0,6.53100000000001,1.707913216,40204
3,"segment",6,"chr19",50000001,58617616,8617616,43038,2.999,0,3,0.907296768,40245
3,"segment",6,"chrY",50000001,57227415,7227415,2469,1.63800000000001,0.00100000000000477,1.63900000000001,0.800673792,40214
3,"segment",6,"chr14",100000001,107043718,7043718,34418,2.40100000000001,0,2.40100000000001,1.535356928,40256
3,"segment",6,"chrX",150000001,156040895,6040895,30154,5.18000000000001,0,5.18000000000001,1.481162752,40214
3,"segment",6,"chr15",100000001,101991189,1991189,9905,1.483,0.00100000000000477,1.48400000000001,1.766240256,40225
3,"segment",6,"chr22",50000001,50818468,818468,4042,1.03900000000002,0.00200000000000955,1.04100000000003,1.352052736,40235
