table	key	deltaH_kcal_mol	deltaS_cal_mol_K	source_identifier	source_location	verification	row_role	note
DNA_NN_Breslauer_1986	init	0.0	0.0	10.1073/pnas.83.11.3746	Table 2; p3749 initiation discussion	primary	zero_template	Formation signs reversed from unfolding table; initiation entropy from Gibbs terms at 298.15 K. Zero implementation term, not a separately measured literature parameter.
DNA_NN_Breslauer_1986	init_A/T	0.0	0.0	10.1073/pnas.83.11.3746	Table 2; p3749 initiation discussion	primary	zero_template	Formation signs reversed from unfolding table; initiation entropy from Gibbs terms at 298.15 K. Zero implementation term, not a separately measured literature parameter.
DNA_NN_Breslauer_1986	init_G/C	0.0	0.0	10.1073/pnas.83.11.3746	Table 2; p3749 initiation discussion	primary	zero_template	Formation signs reversed from unfolding table; initiation entropy from Gibbs terms at 298.15 K. Zero implementation term, not a separately measured literature parameter.
DNA_NN_Breslauer_1986	init_oneG/C	0.0	-16.8	10.1073/pnas.83.11.3746	Table 2; p3749 initiation discussion	primary	source_parameter	Formation signs reversed from unfolding table; initiation entropy from Gibbs terms at 298.15 K.
DNA_NN_Breslauer_1986	init_allA/T	0.0	-20.1	10.1073/pnas.83.11.3746	Table 2; p3749 initiation discussion	primary	source_parameter	Formation signs reversed from unfolding table; initiation entropy from Gibbs terms at 298.15 K.
DNA_NN_Breslauer_1986	init_5T/A	0.0	0.0	10.1073/pnas.83.11.3746	Table 2; p3749 initiation discussion	primary	zero_template	Formation signs reversed from unfolding table; initiation entropy from Gibbs terms at 298.15 K. Zero implementation term, not a separately measured literature parameter.
DNA_NN_Breslauer_1986	sym	0.0	-1.3	10.1073/pnas.83.11.3746	Table 2; p3749 initiation discussion	primary	source_parameter	Formation signs reversed from unfolding table; initiation entropy from Gibbs terms at 298.15 K.
DNA_NN_Breslauer_1986	AA/TT	-9.1	-24.0	10.1073/pnas.83.11.3746	Table 2; p3749 initiation discussion	primary	source_parameter	Formation signs reversed from unfolding table; initiation entropy from Gibbs terms at 298.15 K.
DNA_NN_Breslauer_1986	AT/TA	-8.6	-23.9	10.1073/pnas.83.11.3746	Table 2; p3749 initiation discussion	primary	source_parameter	Formation signs reversed from unfolding table; initiation entropy from Gibbs terms at 298.15 K.
DNA_NN_Breslauer_1986	TA/AT	-6.0	-16.9	10.1073/pnas.83.11.3746	Table 2; p3749 initiation discussion	primary	source_parameter	Formation signs reversed from unfolding table; initiation entropy from Gibbs terms at 298.15 K.
DNA_NN_Breslauer_1986	CA/GT	-5.8	-12.9	10.1073/pnas.83.11.3746	Table 2; p3749 initiation discussion	primary	source_parameter	Formation signs reversed from unfolding table; initiation entropy from Gibbs terms at 298.15 K.
DNA_NN_Breslauer_1986	GT/CA	-6.5	-17.3	10.1073/pnas.83.11.3746	Table 2; p3749 initiation discussion	primary	source_parameter	Formation signs reversed from unfolding table; initiation entropy from Gibbs terms at 298.15 K.
DNA_NN_Breslauer_1986	CT/GA	-7.8	-20.8	10.1073/pnas.83.11.3746	Table 2; p3749 initiation discussion	primary	source_parameter	Formation signs reversed from unfolding table; initiation entropy from Gibbs terms at 298.15 K.
DNA_NN_Breslauer_1986	GA/CT	-5.6	-13.5	10.1073/pnas.83.11.3746	Table 2; p3749 initiation discussion	primary	source_parameter	Formation signs reversed from unfolding table; initiation entropy from Gibbs terms at 298.15 K.
DNA_NN_Breslauer_1986	CG/GC	-11.9	-27.8	10.1073/pnas.83.11.3746	Table 2; p3749 initiation discussion	primary	source_parameter	Formation signs reversed from unfolding table; initiation entropy from Gibbs terms at 298.15 K.
DNA_NN_Breslauer_1986	GC/CG	-11.1	-26.7	10.1073/pnas.83.11.3746	Table 2; p3749 initiation discussion	primary	source_parameter	Formation signs reversed from unfolding table; initiation entropy from Gibbs terms at 298.15 K.
DNA_NN_Breslauer_1986	GG/CC	-11.0	-26.6	10.1073/pnas.83.11.3746	Table 2; p3749 initiation discussion	primary	source_parameter	Formation signs reversed from unfolding table; initiation entropy from Gibbs terms at 298.15 K.
DNA_NN_Breslauer_1986	TT/AA	-9.1	-24.0	10.1073/pnas.83.11.3746	Table 2; p3749 initiation discussion	primary	strand_symmetry_copy	Formation signs reversed from unfolding table; initiation entropy from Gibbs terms at 298.15 K. Copy of AA/TT, not an independent fit.
DNA_NN_Breslauer_1986	AC/TG	-6.5	-17.3	10.1073/pnas.83.11.3746	Table 2; p3749 initiation discussion	primary	strand_symmetry_copy	Formation signs reversed from unfolding table; initiation entropy from Gibbs terms at 298.15 K. Copy of GT/CA, not an independent fit.
DNA_NN_Breslauer_1986	AG/TC	-7.8	-20.8	10.1073/pnas.83.11.3746	Table 2; p3749 initiation discussion	primary	strand_symmetry_copy	Formation signs reversed from unfolding table; initiation entropy from Gibbs terms at 298.15 K. Copy of CT/GA, not an independent fit.
DNA_NN_Breslauer_1986	TC/AG	-5.6	-13.5	10.1073/pnas.83.11.3746	Table 2; p3749 initiation discussion	primary	strand_symmetry_copy	Formation signs reversed from unfolding table; initiation entropy from Gibbs terms at 298.15 K. Copy of GA/CT, not an independent fit.
DNA_NN_Breslauer_1986	TG/AC	-5.8	-12.9	10.1073/pnas.83.11.3746	Table 2; p3749 initiation discussion	primary	strand_symmetry_copy	Formation signs reversed from unfolding table; initiation entropy from Gibbs terms at 298.15 K. Copy of CA/GT, not an independent fit.
DNA_NN_Breslauer_1986	CC/GG	-11.0	-26.6	10.1073/pnas.83.11.3746	Table 2; p3749 initiation discussion	primary	strand_symmetry_copy	Formation signs reversed from unfolding table; initiation entropy from Gibbs terms at 298.15 K. Copy of GG/CC, not an independent fit.
DNA_NN_Sugimoto_1996	init	0.6	-9.0	10.1093/nar/24.22.4501	VarGibbs P-SG96.par	secondary	source_parameter	Citation verified; numeric cross-check against VarGibbs, original numeric table pending.
DNA_NN_Sugimoto_1996	init_A/T	0.0	0.0	10.1093/nar/24.22.4501	VarGibbs P-SG96.par	secondary	zero_template	Citation verified; numeric cross-check against VarGibbs, original numeric table pending. Zero implementation term, not a separately measured literature parameter.
DNA_NN_Sugimoto_1996	init_G/C	0.0	0.0	10.1093/nar/24.22.4501	VarGibbs P-SG96.par	secondary	zero_template	Citation verified; numeric cross-check against VarGibbs, original numeric table pending. Zero implementation term, not a separately measured literature parameter.
DNA_NN_Sugimoto_1996	init_oneG/C	0.0	0.0	10.1093/nar/24.22.4501	VarGibbs P-SG96.par	secondary	zero_template	Citation verified; numeric cross-check against VarGibbs, original numeric table pending. Zero implementation term, not a separately measured literature parameter.
DNA_NN_Sugimoto_1996	init_allA/T	0.0	0.0	10.1093/nar/24.22.4501	VarGibbs P-SG96.par	secondary	zero_template	Citation verified; numeric cross-check against VarGibbs, original numeric table pending. Zero implementation term, not a separately measured literature parameter.
DNA_NN_Sugimoto_1996	init_5T/A	0.0	0.0	10.1093/nar/24.22.4501	VarGibbs P-SG96.par	secondary	zero_template	Citation verified; numeric cross-check against VarGibbs, original numeric table pending. Zero implementation term, not a separately measured literature parameter.
DNA_NN_Sugimoto_1996	sym	0.0	-1.4	10.1093/nar/24.22.4501	VarGibbs P-SG96.par	secondary	source_parameter	Citation verified; numeric cross-check against VarGibbs, original numeric table pending.
DNA_NN_Sugimoto_1996	AA/TT	-8.0	-21.9	10.1093/nar/24.22.4501	VarGibbs P-SG96.par	secondary	source_parameter	Citation verified; numeric cross-check against VarGibbs, original numeric table pending.
DNA_NN_Sugimoto_1996	AT/TA	-5.6	-15.2	10.1093/nar/24.22.4501	VarGibbs P-SG96.par	secondary	source_parameter	Citation verified; numeric cross-check against VarGibbs, original numeric table pending.
DNA_NN_Sugimoto_1996	TA/AT	-6.6	-18.4	10.1093/nar/24.22.4501	VarGibbs P-SG96.par	secondary	source_parameter	Citation verified; numeric cross-check against VarGibbs, original numeric table pending.
DNA_NN_Sugimoto_1996	CA/GT	-8.2	-21.0	10.1093/nar/24.22.4501	VarGibbs P-SG96.par	secondary	source_parameter	Citation verified; numeric cross-check against VarGibbs, original numeric table pending.
DNA_NN_Sugimoto_1996	GT/CA	-9.4	-25.5	10.1093/nar/24.22.4501	VarGibbs P-SG96.par	secondary	source_parameter	Citation verified; numeric cross-check against VarGibbs, original numeric table pending.
DNA_NN_Sugimoto_1996	CT/GA	-6.6	-16.4	10.1093/nar/24.22.4501	VarGibbs P-SG96.par	secondary	source_parameter	Citation verified; numeric cross-check against VarGibbs, original numeric table pending.
DNA_NN_Sugimoto_1996	GA/CT	-8.8	-23.5	10.1093/nar/24.22.4501	VarGibbs P-SG96.par	secondary	source_parameter	Citation verified; numeric cross-check against VarGibbs, original numeric table pending.
DNA_NN_Sugimoto_1996	CG/GC	-11.8	-29.0	10.1093/nar/24.22.4501	VarGibbs P-SG96.par	secondary	source_parameter	Citation verified; numeric cross-check against VarGibbs, original numeric table pending.
DNA_NN_Sugimoto_1996	GC/CG	-10.5	-26.4	10.1093/nar/24.22.4501	VarGibbs P-SG96.par	secondary	source_parameter	Citation verified; numeric cross-check against VarGibbs, original numeric table pending.
DNA_NN_Sugimoto_1996	GG/CC	-10.9	-28.4	10.1093/nar/24.22.4501	VarGibbs P-SG96.par	secondary	source_parameter	Citation verified; numeric cross-check against VarGibbs, original numeric table pending.
DNA_NN_Sugimoto_1996	TT/AA	-8.0	-21.9	10.1093/nar/24.22.4501	VarGibbs P-SG96.par	secondary	strand_symmetry_copy	Citation verified; numeric cross-check against VarGibbs, original numeric table pending. Copy of AA/TT, not an independent fit.
DNA_NN_Sugimoto_1996	AC/TG	-9.4	-25.5	10.1093/nar/24.22.4501	VarGibbs P-SG96.par	secondary	strand_symmetry_copy	Citation verified; numeric cross-check against VarGibbs, original numeric table pending. Copy of GT/CA, not an independent fit.
DNA_NN_Sugimoto_1996	AG/TC	-6.6	-16.4	10.1093/nar/24.22.4501	VarGibbs P-SG96.par	secondary	strand_symmetry_copy	Citation verified; numeric cross-check against VarGibbs, original numeric table pending. Copy of CT/GA, not an independent fit.
DNA_NN_Sugimoto_1996	TC/AG	-8.8	-23.5	10.1093/nar/24.22.4501	VarGibbs P-SG96.par	secondary	strand_symmetry_copy	Citation verified; numeric cross-check against VarGibbs, original numeric table pending. Copy of GA/CT, not an independent fit.
DNA_NN_Sugimoto_1996	TG/AC	-8.2	-21.0	10.1093/nar/24.22.4501	VarGibbs P-SG96.par	secondary	strand_symmetry_copy	Citation verified; numeric cross-check against VarGibbs, original numeric table pending. Copy of CA/GT, not an independent fit.
DNA_NN_Sugimoto_1996	CC/GG	-10.9	-28.4	10.1093/nar/24.22.4501	VarGibbs P-SG96.par	secondary	strand_symmetry_copy	Citation verified; numeric cross-check against VarGibbs, original numeric table pending. Copy of GG/CC, not an independent fit.
DNA_NN_Allawi_1998	init	0.0	0.0	10.1021/bi962590c;10.1073/pnas.95.4.1460	1997 Table 1; 1998 Table 2	primary	zero_template	Legacy identifier year is wrong; 1997 Table 1 includes all 13 nonzero terms. Zero implementation term, not a separately measured literature parameter.
DNA_NN_Allawi_1998	init_A/T	2.3	4.1	10.1021/bi962590c;10.1073/pnas.95.4.1460	1997 Table 1; 1998 Table 2	primary	source_parameter	Legacy identifier year is wrong; 1997 Table 1 includes all 13 nonzero terms.
DNA_NN_Allawi_1998	init_G/C	0.1	-2.8	10.1021/bi962590c;10.1073/pnas.95.4.1460	1997 Table 1; 1998 Table 2	primary	source_parameter	Legacy identifier year is wrong; 1997 Table 1 includes all 13 nonzero terms.
DNA_NN_Allawi_1998	init_oneG/C	0.0	0.0	10.1021/bi962590c;10.1073/pnas.95.4.1460	1997 Table 1; 1998 Table 2	primary	zero_template	Legacy identifier year is wrong; 1997 Table 1 includes all 13 nonzero terms. Zero implementation term, not a separately measured literature parameter.
DNA_NN_Allawi_1998	init_allA/T	0.0	0.0	10.1021/bi962590c;10.1073/pnas.95.4.1460	1997 Table 1; 1998 Table 2	primary	zero_template	Legacy identifier year is wrong; 1997 Table 1 includes all 13 nonzero terms. Zero implementation term, not a separately measured literature parameter.
DNA_NN_Allawi_1998	init_5T/A	0.0	0.0	10.1021/bi962590c;10.1073/pnas.95.4.1460	1997 Table 1; 1998 Table 2	primary	zero_template	Legacy identifier year is wrong; 1997 Table 1 includes all 13 nonzero terms. Zero implementation term, not a separately measured literature parameter.
DNA_NN_Allawi_1998	sym	0.0	-1.4	10.1021/bi962590c;10.1073/pnas.95.4.1460	1997 Table 1; 1998 Table 2	primary	source_parameter	Legacy identifier year is wrong; 1997 Table 1 includes all 13 nonzero terms.
DNA_NN_Allawi_1998	AA/TT	-7.9	-22.2	10.1021/bi962590c;10.1073/pnas.95.4.1460	1997 Table 1; 1998 Table 2	primary	source_parameter	Legacy identifier year is wrong; 1997 Table 1 includes all 13 nonzero terms.
DNA_NN_Allawi_1998	AT/TA	-7.2	-20.4	10.1021/bi962590c;10.1073/pnas.95.4.1460	1997 Table 1; 1998 Table 2	primary	source_parameter	Legacy identifier year is wrong; 1997 Table 1 includes all 13 nonzero terms.
DNA_NN_Allawi_1998	TA/AT	-7.2	-21.3	10.1021/bi962590c;10.1073/pnas.95.4.1460	1997 Table 1; 1998 Table 2	primary	source_parameter	Legacy identifier year is wrong; 1997 Table 1 includes all 13 nonzero terms.
DNA_NN_Allawi_1998	CA/GT	-8.5	-22.7	10.1021/bi962590c;10.1073/pnas.95.4.1460	1997 Table 1; 1998 Table 2	primary	source_parameter	Legacy identifier year is wrong; 1997 Table 1 includes all 13 nonzero terms.
DNA_NN_Allawi_1998	GT/CA	-8.4	-22.4	10.1021/bi962590c;10.1073/pnas.95.4.1460	1997 Table 1; 1998 Table 2	primary	source_parameter	Legacy identifier year is wrong; 1997 Table 1 includes all 13 nonzero terms.
DNA_NN_Allawi_1998	CT/GA	-7.8	-21.0	10.1021/bi962590c;10.1073/pnas.95.4.1460	1997 Table 1; 1998 Table 2	primary	source_parameter	Legacy identifier year is wrong; 1997 Table 1 includes all 13 nonzero terms.
DNA_NN_Allawi_1998	GA/CT	-8.2	-22.2	10.1021/bi962590c;10.1073/pnas.95.4.1460	1997 Table 1; 1998 Table 2	primary	source_parameter	Legacy identifier year is wrong; 1997 Table 1 includes all 13 nonzero terms.
DNA_NN_Allawi_1998	CG/GC	-10.6	-27.2	10.1021/bi962590c;10.1073/pnas.95.4.1460	1997 Table 1; 1998 Table 2	primary	source_parameter	Legacy identifier year is wrong; 1997 Table 1 includes all 13 nonzero terms.
DNA_NN_Allawi_1998	GC/CG	-9.8	-24.4	10.1021/bi962590c;10.1073/pnas.95.4.1460	1997 Table 1; 1998 Table 2	primary	source_parameter	Legacy identifier year is wrong; 1997 Table 1 includes all 13 nonzero terms.
DNA_NN_Allawi_1998	GG/CC	-8.0	-19.9	10.1021/bi962590c;10.1073/pnas.95.4.1460	1997 Table 1; 1998 Table 2	primary	source_parameter	Legacy identifier year is wrong; 1997 Table 1 includes all 13 nonzero terms.
DNA_NN_Allawi_1998	TT/AA	-7.9	-22.2	10.1021/bi962590c;10.1073/pnas.95.4.1460	1997 Table 1; 1998 Table 2	primary	strand_symmetry_copy	Legacy identifier year is wrong; 1997 Table 1 includes all 13 nonzero terms. Copy of AA/TT, not an independent fit.
DNA_NN_Allawi_1998	AC/TG	-8.4	-22.4	10.1021/bi962590c;10.1073/pnas.95.4.1460	1997 Table 1; 1998 Table 2	primary	strand_symmetry_copy	Legacy identifier year is wrong; 1997 Table 1 includes all 13 nonzero terms. Copy of GT/CA, not an independent fit.
DNA_NN_Allawi_1998	AG/TC	-7.8	-21.0	10.1021/bi962590c;10.1073/pnas.95.4.1460	1997 Table 1; 1998 Table 2	primary	strand_symmetry_copy	Legacy identifier year is wrong; 1997 Table 1 includes all 13 nonzero terms. Copy of CT/GA, not an independent fit.
DNA_NN_Allawi_1998	TC/AG	-8.2	-22.2	10.1021/bi962590c;10.1073/pnas.95.4.1460	1997 Table 1; 1998 Table 2	primary	strand_symmetry_copy	Legacy identifier year is wrong; 1997 Table 1 includes all 13 nonzero terms. Copy of GA/CT, not an independent fit.
DNA_NN_Allawi_1998	TG/AC	-8.5	-22.7	10.1021/bi962590c;10.1073/pnas.95.4.1460	1997 Table 1; 1998 Table 2	primary	strand_symmetry_copy	Legacy identifier year is wrong; 1997 Table 1 includes all 13 nonzero terms. Copy of CA/GT, not an independent fit.
DNA_NN_Allawi_1998	CC/GG	-8.0	-19.9	10.1021/bi962590c;10.1073/pnas.95.4.1460	1997 Table 1; 1998 Table 2	primary	strand_symmetry_copy	Legacy identifier year is wrong; 1997 Table 1 includes all 13 nonzero terms. Copy of GG/CC, not an independent fit.
DNA_NN_SantaLucia_2004	init	0.2	-5.7	10.1146/annurev.biophys.32.110601.141800	Table 1	primary	source_parameter	
DNA_NN_SantaLucia_2004	init_A/T	2.2	6.9	10.1146/annurev.biophys.32.110601.141800	Table 1	primary	source_parameter	
DNA_NN_SantaLucia_2004	init_G/C	0.0	0.0	10.1146/annurev.biophys.32.110601.141800	Table 1	primary	zero_template	Zero implementation term, not a separately measured literature parameter.
DNA_NN_SantaLucia_2004	init_oneG/C	0.0	0.0	10.1146/annurev.biophys.32.110601.141800	Table 1	primary	zero_template	Zero implementation term, not a separately measured literature parameter.
DNA_NN_SantaLucia_2004	init_allA/T	0.0	0.0	10.1146/annurev.biophys.32.110601.141800	Table 1	primary	zero_template	Zero implementation term, not a separately measured literature parameter.
DNA_NN_SantaLucia_2004	init_5T/A	0.0	0.0	10.1146/annurev.biophys.32.110601.141800	Table 1	primary	zero_template	Zero implementation term, not a separately measured literature parameter.
DNA_NN_SantaLucia_2004	sym	0.0	-1.4	10.1146/annurev.biophys.32.110601.141800	Table 1	primary	source_parameter	
DNA_NN_SantaLucia_2004	AA/TT	-7.6	-21.3	10.1146/annurev.biophys.32.110601.141800	Table 1	primary	source_parameter	
DNA_NN_SantaLucia_2004	AT/TA	-7.2	-20.4	10.1146/annurev.biophys.32.110601.141800	Table 1	primary	source_parameter	
DNA_NN_SantaLucia_2004	TA/AT	-7.2	-21.3	10.1146/annurev.biophys.32.110601.141800	Table 1	primary	source_parameter	
DNA_NN_SantaLucia_2004	CA/GT	-8.5	-22.7	10.1146/annurev.biophys.32.110601.141800	Table 1	primary	source_parameter	
DNA_NN_SantaLucia_2004	GT/CA	-8.4	-22.4	10.1146/annurev.biophys.32.110601.141800	Table 1	primary	source_parameter	
DNA_NN_SantaLucia_2004	CT/GA	-7.8	-21.0	10.1146/annurev.biophys.32.110601.141800	Table 1	primary	source_parameter	
DNA_NN_SantaLucia_2004	GA/CT	-8.2	-22.2	10.1146/annurev.biophys.32.110601.141800	Table 1	primary	source_parameter	
DNA_NN_SantaLucia_2004	CG/GC	-10.6	-27.2	10.1146/annurev.biophys.32.110601.141800	Table 1	primary	source_parameter	
DNA_NN_SantaLucia_2004	GC/CG	-9.8	-24.4	10.1146/annurev.biophys.32.110601.141800	Table 1	primary	source_parameter	
DNA_NN_SantaLucia_2004	GG/CC	-8.0	-19.9	10.1146/annurev.biophys.32.110601.141800	Table 1	primary	source_parameter	
DNA_NN_SantaLucia_2004	TT/AA	-7.6	-21.3	10.1146/annurev.biophys.32.110601.141800	Table 1	primary	strand_symmetry_copy	Copy of AA/TT, not an independent fit.
DNA_NN_SantaLucia_2004	AC/TG	-8.4	-22.4	10.1146/annurev.biophys.32.110601.141800	Table 1	primary	strand_symmetry_copy	Copy of GT/CA, not an independent fit.
DNA_NN_SantaLucia_2004	AG/TC	-7.8	-21.0	10.1146/annurev.biophys.32.110601.141800	Table 1	primary	strand_symmetry_copy	Copy of CT/GA, not an independent fit.
DNA_NN_SantaLucia_2004	TC/AG	-8.2	-22.2	10.1146/annurev.biophys.32.110601.141800	Table 1	primary	strand_symmetry_copy	Copy of GA/CT, not an independent fit.
DNA_NN_SantaLucia_2004	TG/AC	-8.5	-22.7	10.1146/annurev.biophys.32.110601.141800	Table 1	primary	strand_symmetry_copy	Copy of CA/GT, not an independent fit.
DNA_NN_SantaLucia_2004	CC/GG	-8.0	-19.9	10.1146/annurev.biophys.32.110601.141800	Table 1	primary	strand_symmetry_copy	Copy of GG/CC, not an independent fit.
RNA_NN_Freier_1986	init	0.0	-10.8	10.1073/pnas.83.24.9373	Table 2	primary	source_parameter	
RNA_NN_Freier_1986	init_A/T	0.0	0.0	10.1073/pnas.83.24.9373	Table 2	primary	zero_template	Zero implementation term, not a separately measured literature parameter.
RNA_NN_Freier_1986	init_G/C	0.0	0.0	10.1073/pnas.83.24.9373	Table 2	primary	zero_template	Zero implementation term, not a separately measured literature parameter.
RNA_NN_Freier_1986	init_oneG/C	0.0	0.0	10.1073/pnas.83.24.9373	Table 2	primary	zero_template	Zero implementation term, not a separately measured literature parameter.
RNA_NN_Freier_1986	init_allA/T	0.0	0.0	10.1073/pnas.83.24.9373	Table 2	primary	zero_template	Zero implementation term, not a separately measured literature parameter.
RNA_NN_Freier_1986	init_5T/A	0.0	0.0	10.1073/pnas.83.24.9373	Table 2	primary	zero_template	Zero implementation term, not a separately measured literature parameter.
RNA_NN_Freier_1986	sym	0.0	-1.4	10.1073/pnas.83.24.9373	Table 2	primary	source_parameter	
RNA_NN_Freier_1986	AA/TT	-6.6	-18.4	10.1073/pnas.83.24.9373	Table 2	primary	source_parameter	
RNA_NN_Freier_1986	AT/TA	-5.7	-15.5	10.1073/pnas.83.24.9373	Table 2	primary	source_parameter	
RNA_NN_Freier_1986	TA/AT	-8.1	-22.6	10.1073/pnas.83.24.9373	Table 2	primary	source_parameter	
RNA_NN_Freier_1986	CA/GT	-10.5	-27.8	10.1073/pnas.83.24.9373	Table 2	primary	source_parameter	
RNA_NN_Freier_1986	GT/CA	-10.2	-26.2	10.1073/pnas.83.24.9373	Table 2	primary	source_parameter	
RNA_NN_Freier_1986	CT/GA	-7.6	-19.2	10.1073/pnas.83.24.9373	Table 2	primary	source_parameter	
RNA_NN_Freier_1986	GA/CT	-13.3	-35.5	10.1073/pnas.83.24.9373	Table 2	primary	source_parameter	
RNA_NN_Freier_1986	CG/GC	-8.0	-19.4	10.1073/pnas.83.24.9373	Table 2	primary	source_parameter	
RNA_NN_Freier_1986	GC/CG	-14.2	-34.9	10.1073/pnas.83.24.9373	Table 2	primary	source_parameter	
RNA_NN_Freier_1986	GG/CC	-12.2	-29.7	10.1073/pnas.83.24.9373	Table 2	primary	source_parameter	
RNA_NN_Freier_1986	TT/AA	-6.6	-18.4	10.1073/pnas.83.24.9373	Table 2	primary	strand_symmetry_copy	Copy of AA/TT, not an independent fit.
RNA_NN_Freier_1986	AC/TG	-10.2	-26.2	10.1073/pnas.83.24.9373	Table 2	primary	strand_symmetry_copy	Copy of GT/CA, not an independent fit.
RNA_NN_Freier_1986	AG/TC	-7.6	-19.2	10.1073/pnas.83.24.9373	Table 2	primary	strand_symmetry_copy	Copy of CT/GA, not an independent fit.
RNA_NN_Freier_1986	TC/AG	-13.3	-35.5	10.1073/pnas.83.24.9373	Table 2	primary	strand_symmetry_copy	Copy of GA/CT, not an independent fit.
RNA_NN_Freier_1986	TG/AC	-10.5	-27.8	10.1073/pnas.83.24.9373	Table 2	primary	strand_symmetry_copy	Copy of CA/GT, not an independent fit.
RNA_NN_Freier_1986	CC/GG	-12.2	-29.7	10.1073/pnas.83.24.9373	Table 2	primary	strand_symmetry_copy	Copy of GG/CC, not an independent fit.
RNA_NN_Xia_1998	init	3.61	-1.5	10.1021/bi9809425;10.1021/bi3002709	Xia parameters reprinted in Chen 2012 Table 3, outside parentheses	primary_reprint	source_parameter	
RNA_NN_Xia_1998	init_A/T	3.72	10.5	10.1021/bi9809425;10.1021/bi3002709	Xia parameters reprinted in Chen 2012 Table 3, outside parentheses	primary_reprint	source_parameter	
RNA_NN_Xia_1998	init_G/C	0.0	0.0	10.1021/bi9809425;10.1021/bi3002709	Xia parameters reprinted in Chen 2012 Table 3, outside parentheses	primary_reprint	zero_template	Zero implementation term, not a separately measured literature parameter.
RNA_NN_Xia_1998	init_oneG/C	0.0	0.0	10.1021/bi9809425;10.1021/bi3002709	Xia parameters reprinted in Chen 2012 Table 3, outside parentheses	primary_reprint	zero_template	Zero implementation term, not a separately measured literature parameter.
RNA_NN_Xia_1998	init_allA/T	0.0	0.0	10.1021/bi9809425;10.1021/bi3002709	Xia parameters reprinted in Chen 2012 Table 3, outside parentheses	primary_reprint	zero_template	Zero implementation term, not a separately measured literature parameter.
RNA_NN_Xia_1998	init_5T/A	0.0	0.0	10.1021/bi9809425;10.1021/bi3002709	Xia parameters reprinted in Chen 2012 Table 3, outside parentheses	primary_reprint	zero_template	Zero implementation term, not a separately measured literature parameter.
RNA_NN_Xia_1998	sym	0.0	-1.4	10.1021/bi9809425;10.1021/bi3002709	Xia parameters reprinted in Chen 2012 Table 3, outside parentheses	primary_reprint	source_parameter	
RNA_NN_Xia_1998	AA/TT	-6.82	-19.0	10.1021/bi9809425;10.1021/bi3002709	Xia parameters reprinted in Chen 2012 Table 3, outside parentheses	primary_reprint	source_parameter	
RNA_NN_Xia_1998	AT/TA	-9.38	-26.7	10.1021/bi9809425;10.1021/bi3002709	Xia parameters reprinted in Chen 2012 Table 3, outside parentheses	primary_reprint	source_parameter	
RNA_NN_Xia_1998	TA/AT	-7.69	-20.5	10.1021/bi9809425;10.1021/bi3002709	Xia parameters reprinted in Chen 2012 Table 3, outside parentheses	primary_reprint	source_parameter	
RNA_NN_Xia_1998	CA/GT	-10.44	-26.9	10.1021/bi9809425;10.1021/bi3002709	Xia parameters reprinted in Chen 2012 Table 3, outside parentheses	primary_reprint	source_parameter	
RNA_NN_Xia_1998	GT/CA	-11.4	-29.5	10.1021/bi9809425;10.1021/bi3002709	Xia parameters reprinted in Chen 2012 Table 3, outside parentheses	primary_reprint	source_parameter	
RNA_NN_Xia_1998	CT/GA	-10.48	-27.1	10.1021/bi9809425;10.1021/bi3002709	Xia parameters reprinted in Chen 2012 Table 3, outside parentheses	primary_reprint	source_parameter	
RNA_NN_Xia_1998	GA/CT	-12.44	-32.5	10.1021/bi9809425;10.1021/bi3002709	Xia parameters reprinted in Chen 2012 Table 3, outside parentheses	primary_reprint	source_parameter	
RNA_NN_Xia_1998	CG/GC	-10.64	-26.7	10.1021/bi9809425;10.1021/bi3002709	Xia parameters reprinted in Chen 2012 Table 3, outside parentheses	primary_reprint	source_parameter	
RNA_NN_Xia_1998	GC/CG	-14.88	-36.9	10.1021/bi9809425;10.1021/bi3002709	Xia parameters reprinted in Chen 2012 Table 3, outside parentheses	primary_reprint	source_parameter	
RNA_NN_Xia_1998	GG/CC	-13.39	-32.7	10.1021/bi9809425;10.1021/bi3002709	Xia parameters reprinted in Chen 2012 Table 3, outside parentheses	primary_reprint	source_parameter	
RNA_NN_Xia_1998	TT/AA	-6.82	-19.0	10.1021/bi9809425;10.1021/bi3002709	Xia parameters reprinted in Chen 2012 Table 3, outside parentheses	primary_reprint	strand_symmetry_copy	Copy of AA/TT, not an independent fit.
RNA_NN_Xia_1998	AC/TG	-11.4	-29.5	10.1021/bi9809425;10.1021/bi3002709	Xia parameters reprinted in Chen 2012 Table 3, outside parentheses	primary_reprint	strand_symmetry_copy	Copy of GT/CA, not an independent fit.
RNA_NN_Xia_1998	AG/TC	-10.48	-27.1	10.1021/bi9809425;10.1021/bi3002709	Xia parameters reprinted in Chen 2012 Table 3, outside parentheses	primary_reprint	strand_symmetry_copy	Copy of CT/GA, not an independent fit.
RNA_NN_Xia_1998	TC/AG	-12.44	-32.5	10.1021/bi9809425;10.1021/bi3002709	Xia parameters reprinted in Chen 2012 Table 3, outside parentheses	primary_reprint	strand_symmetry_copy	Copy of GA/CT, not an independent fit.
RNA_NN_Xia_1998	TG/AC	-10.44	-26.9	10.1021/bi9809425;10.1021/bi3002709	Xia parameters reprinted in Chen 2012 Table 3, outside parentheses	primary_reprint	strand_symmetry_copy	Copy of CA/GT, not an independent fit.
RNA_NN_Xia_1998	CC/GG	-13.39	-32.7	10.1021/bi9809425;10.1021/bi3002709	Xia parameters reprinted in Chen 2012 Table 3, outside parentheses	primary_reprint	strand_symmetry_copy	Copy of GG/CC, not an independent fit.
RNA_NN_Chen_2012	init	6.4	6.99	10.1021/bi3002709	Table 3 and footnote c	primary	source_parameter	Refitted WC terms combined with GU terms fitted against Xia WC; special GGUC/CUGG not implemented.
RNA_NN_Chen_2012	init_A/T	3.85	11.04	10.1021/bi3002709	Table 3 and footnote c	primary	source_parameter	Refitted WC terms combined with GU terms fitted against Xia WC; special GGUC/CUGG not implemented.
RNA_NN_Chen_2012	init_G/C	0.0	0.0	10.1021/bi3002709	Table 3 and footnote c	primary	zero_template	Refitted WC terms combined with GU terms fitted against Xia WC; special GGUC/CUGG not implemented. Zero implementation term, not a separately measured literature parameter.
RNA_NN_Chen_2012	init_oneG/C	0.0	0.0	10.1021/bi3002709	Table 3 and footnote c	primary	zero_template	Refitted WC terms combined with GU terms fitted against Xia WC; special GGUC/CUGG not implemented. Zero implementation term, not a separately measured literature parameter.
RNA_NN_Chen_2012	init_allA/T	0.0	0.0	10.1021/bi3002709	Table 3 and footnote c	primary	zero_template	Refitted WC terms combined with GU terms fitted against Xia WC; special GGUC/CUGG not implemented. Zero implementation term, not a separately measured literature parameter.
RNA_NN_Chen_2012	init_5T/A	0.0	0.0	10.1021/bi3002709	Table 3 and footnote c	primary	zero_template	Refitted WC terms combined with GU terms fitted against Xia WC; special GGUC/CUGG not implemented. Zero implementation term, not a separately measured literature parameter.
RNA_NN_Chen_2012	sym	0.0	-1.4	10.1021/bi3002709	Table 3 and footnote c	primary	source_parameter	Refitted WC terms combined with GU terms fitted against Xia WC; special GGUC/CUGG not implemented.
RNA_NN_Chen_2012	AA/TT	-7.09	-19.8	10.1021/bi3002709	Table 3 and footnote c	primary	source_parameter	Refitted WC terms combined with GU terms fitted against Xia WC; special GGUC/CUGG not implemented.
RNA_NN_Chen_2012	AT/TA	-9.11	-25.8	10.1021/bi3002709	Table 3 and footnote c	primary	source_parameter	Refitted WC terms combined with GU terms fitted against Xia WC; special GGUC/CUGG not implemented.
RNA_NN_Chen_2012	TA/AT	-8.5	-22.9	10.1021/bi3002709	Table 3 and footnote c	primary	source_parameter	Refitted WC terms combined with GU terms fitted against Xia WC; special GGUC/CUGG not implemented.
RNA_NN_Chen_2012	CA/GT	-11.03	-28.8	10.1021/bi3002709	Table 3 and footnote c	primary	source_parameter	Refitted WC terms combined with GU terms fitted against Xia WC; special GGUC/CUGG not implemented.
RNA_NN_Chen_2012	GT/CA	-11.98	-31.3	10.1021/bi3002709	Table 3 and footnote c	primary	source_parameter	Refitted WC terms combined with GU terms fitted against Xia WC; special GGUC/CUGG not implemented.
RNA_NN_Chen_2012	CT/GA	-10.9	-28.5	10.1021/bi3002709	Table 3 and footnote c	primary	source_parameter	Refitted WC terms combined with GU terms fitted against Xia WC; special GGUC/CUGG not implemented.
RNA_NN_Chen_2012	GA/CT	-13.21	-34.9	10.1021/bi3002709	Table 3 and footnote c	primary	source_parameter	Refitted WC terms combined with GU terms fitted against Xia WC; special GGUC/CUGG not implemented.
RNA_NN_Chen_2012	CG/GC	-10.88	-27.4	10.1021/bi3002709	Table 3 and footnote c	primary	source_parameter	Refitted WC terms combined with GU terms fitted against Xia WC; special GGUC/CUGG not implemented.
RNA_NN_Chen_2012	GC/CG	-16.04	-40.6	10.1021/bi3002709	Table 3 and footnote c	primary	source_parameter	Refitted WC terms combined with GU terms fitted against Xia WC; special GGUC/CUGG not implemented.
RNA_NN_Chen_2012	GG/CC	-14.18	-35.0	10.1021/bi3002709	Table 3 and footnote c	primary	source_parameter	Refitted WC terms combined with GU terms fitted against Xia WC; special GGUC/CUGG not implemented.
RNA_NN_Chen_2012	GT/TG	-13.83	-46.9	10.1021/bi3002709	Table 3 and footnote c	primary	source_parameter	Refitted WC terms combined with GU terms fitted against Xia WC; special GGUC/CUGG not implemented.
RNA_NN_Chen_2012	GG/TT	-17.82	-56.7	10.1021/bi3002709	Table 3 and footnote c	primary	source_parameter	Refitted WC terms combined with GU terms fitted against Xia WC; special GGUC/CUGG not implemented.
RNA_NN_Chen_2012	AG/TT	-3.96	-11.6	10.1021/bi3002709	Table 3 and footnote c	primary	source_parameter	Refitted WC terms combined with GU terms fitted against Xia WC; special GGUC/CUGG not implemented.
RNA_NN_Chen_2012	TG/AT	-0.96	-1.8	10.1021/bi3002709	Table 3 and footnote c	primary	source_parameter	Refitted WC terms combined with GU terms fitted against Xia WC; special GGUC/CUGG not implemented.
RNA_NN_Chen_2012	TT/AG	-10.38	-31.8	10.1021/bi3002709	Table 3 and footnote c	primary	source_parameter	Refitted WC terms combined with GU terms fitted against Xia WC; special GGUC/CUGG not implemented.
RNA_NN_Chen_2012	TG/GT	-12.64	-38.9	10.1021/bi3002709	Table 3 and footnote c	primary	source_parameter	Refitted WC terms combined with GU terms fitted against Xia WC; special GGUC/CUGG not implemented.
RNA_NN_Chen_2012	AT/TG	-7.39	-21.0	10.1021/bi3002709	Table 3 and footnote c	primary	source_parameter	Refitted WC terms combined with GU terms fitted against Xia WC; special GGUC/CUGG not implemented.
RNA_NN_Chen_2012	CG/GT	-5.56	-13.9	10.1021/bi3002709	Table 3 and footnote c	primary	source_parameter	Refitted WC terms combined with GU terms fitted against Xia WC; special GGUC/CUGG not implemented.
RNA_NN_Chen_2012	CT/GG	-9.44	-24.7	10.1021/bi3002709	Table 3 and footnote c	primary	source_parameter	Refitted WC terms combined with GU terms fitted against Xia WC; special GGUC/CUGG not implemented.
RNA_NN_Chen_2012	GG/CT	-7.03	-16.8	10.1021/bi3002709	Table 3 and footnote c	primary	source_parameter	Refitted WC terms combined with GU terms fitted against Xia WC; special GGUC/CUGG not implemented.
RNA_NN_Chen_2012	GT/CG	-11.09	-28.8	10.1021/bi3002709	Table 3 and footnote c	primary	source_parameter	Refitted WC terms combined with GU terms fitted against Xia WC; special GGUC/CUGG not implemented.
RNA_NN_Chen_2012	TT/AA	-7.09	-19.8	10.1021/bi3002709	Table 3 and footnote c	primary	strand_symmetry_copy	Refitted WC terms combined with GU terms fitted against Xia WC; special GGUC/CUGG not implemented. Copy of AA/TT, not an independent fit.
RNA_NN_Chen_2012	AC/TG	-11.98	-31.3	10.1021/bi3002709	Table 3 and footnote c	primary	strand_symmetry_copy	Refitted WC terms combined with GU terms fitted against Xia WC; special GGUC/CUGG not implemented. Copy of GT/CA, not an independent fit.
RNA_NN_Chen_2012	AG/TC	-10.9	-28.5	10.1021/bi3002709	Table 3 and footnote c	primary	strand_symmetry_copy	Refitted WC terms combined with GU terms fitted against Xia WC; special GGUC/CUGG not implemented. Copy of CT/GA, not an independent fit.
RNA_NN_Chen_2012	TC/AG	-13.21	-34.9	10.1021/bi3002709	Table 3 and footnote c	primary	strand_symmetry_copy	Refitted WC terms combined with GU terms fitted against Xia WC; special GGUC/CUGG not implemented. Copy of GA/CT, not an independent fit.
RNA_NN_Chen_2012	TG/AC	-11.03	-28.8	10.1021/bi3002709	Table 3 and footnote c	primary	strand_symmetry_copy	Refitted WC terms combined with GU terms fitted against Xia WC; special GGUC/CUGG not implemented. Copy of CA/GT, not an independent fit.
RNA_NN_Chen_2012	CC/GG	-14.18	-35.0	10.1021/bi3002709	Table 3 and footnote c	primary	strand_symmetry_copy	Refitted WC terms combined with GU terms fitted against Xia WC; special GGUC/CUGG not implemented. Copy of GG/CC, not an independent fit.
RNA_DNA_NN_Sugimoto_1995	init	1.9	-3.9	10.1021/bi00035a029	VarGibbs P-SG95.par	secondary	source_parameter	Citation verified; numeric cross-check against VarGibbs, original numeric table pending.
RNA_DNA_NN_Sugimoto_1995	init_A/T	0.0	0.0	10.1021/bi00035a029	VarGibbs P-SG95.par	secondary	zero_template	Citation verified; numeric cross-check against VarGibbs, original numeric table pending. Zero implementation term, not a separately measured literature parameter.
RNA_DNA_NN_Sugimoto_1995	init_G/C	0.0	0.0	10.1021/bi00035a029	VarGibbs P-SG95.par	secondary	zero_template	Citation verified; numeric cross-check against VarGibbs, original numeric table pending. Zero implementation term, not a separately measured literature parameter.
RNA_DNA_NN_Sugimoto_1995	init_oneG/C	0.0	0.0	10.1021/bi00035a029	VarGibbs P-SG95.par	secondary	zero_template	Citation verified; numeric cross-check against VarGibbs, original numeric table pending. Zero implementation term, not a separately measured literature parameter.
RNA_DNA_NN_Sugimoto_1995	init_allA/T	0.0	0.0	10.1021/bi00035a029	VarGibbs P-SG95.par	secondary	zero_template	Citation verified; numeric cross-check against VarGibbs, original numeric table pending. Zero implementation term, not a separately measured literature parameter.
RNA_DNA_NN_Sugimoto_1995	init_5T/A	0.0	0.0	10.1021/bi00035a029	VarGibbs P-SG95.par	secondary	zero_template	Citation verified; numeric cross-check against VarGibbs, original numeric table pending. Zero implementation term, not a separately measured literature parameter.
RNA_DNA_NN_Sugimoto_1995	sym	0.0	0.0	10.1021/bi00035a029	VarGibbs P-SG95.par	secondary	source_parameter	Citation verified; numeric cross-check against VarGibbs, original numeric table pending.
RNA_DNA_NN_Sugimoto_1995	AA/TT	-7.8	-21.9	10.1021/bi00035a029	VarGibbs P-SG95.par	secondary	source_parameter	Citation verified; numeric cross-check against VarGibbs, original numeric table pending.
RNA_DNA_NN_Sugimoto_1995	AC/TG	-5.9	-12.3	10.1021/bi00035a029	VarGibbs P-SG95.par	secondary	source_parameter	Citation verified; numeric cross-check against VarGibbs, original numeric table pending.
RNA_DNA_NN_Sugimoto_1995	AG/TC	-9.1	-23.5	10.1021/bi00035a029	VarGibbs P-SG95.par	secondary	source_parameter	Citation verified; numeric cross-check against VarGibbs, original numeric table pending.
RNA_DNA_NN_Sugimoto_1995	AT/TA	-8.3	-23.9	10.1021/bi00035a029	VarGibbs P-SG95.par	secondary	source_parameter	Citation verified; numeric cross-check against VarGibbs, original numeric table pending.
RNA_DNA_NN_Sugimoto_1995	CA/GT	-9.0	-26.1	10.1021/bi00035a029	VarGibbs P-SG95.par	secondary	source_parameter	Citation verified; numeric cross-check against VarGibbs, original numeric table pending.
RNA_DNA_NN_Sugimoto_1995	CC/GG	-9.3	-23.2	10.1021/bi00035a029	VarGibbs P-SG95.par	secondary	source_parameter	Citation verified; numeric cross-check against VarGibbs, original numeric table pending.
RNA_DNA_NN_Sugimoto_1995	CG/GC	-16.3	-47.1	10.1021/bi00035a029	VarGibbs P-SG95.par	secondary	source_parameter	Citation verified; numeric cross-check against VarGibbs, original numeric table pending.
RNA_DNA_NN_Sugimoto_1995	CT/GA	-7.0	-19.7	10.1021/bi00035a029	VarGibbs P-SG95.par	secondary	source_parameter	Citation verified; numeric cross-check against VarGibbs, original numeric table pending.
RNA_DNA_NN_Sugimoto_1995	GA/CT	-5.5	-13.5	10.1021/bi00035a029	VarGibbs P-SG95.par	secondary	source_parameter	Citation verified; numeric cross-check against VarGibbs, original numeric table pending.
RNA_DNA_NN_Sugimoto_1995	GC/CG	-8.0	-17.1	10.1021/bi00035a029	VarGibbs P-SG95.par	secondary	source_parameter	Citation verified; numeric cross-check against VarGibbs, original numeric table pending.
RNA_DNA_NN_Sugimoto_1995	GG/CC	-12.8	-31.9	10.1021/bi00035a029	VarGibbs P-SG95.par	secondary	source_parameter	Citation verified; numeric cross-check against VarGibbs, original numeric table pending.
RNA_DNA_NN_Sugimoto_1995	GT/CA	-7.8	-21.6	10.1021/bi00035a029	VarGibbs P-SG95.par	secondary	source_parameter	Citation verified; numeric cross-check against VarGibbs, original numeric table pending.
RNA_DNA_NN_Sugimoto_1995	TA/AT	-7.8	-23.2	10.1021/bi00035a029	VarGibbs P-SG95.par	secondary	source_parameter	Citation verified; numeric cross-check against VarGibbs, original numeric table pending.
RNA_DNA_NN_Sugimoto_1995	TC/AG	-8.6	-22.9	10.1021/bi00035a029	VarGibbs P-SG95.par	secondary	source_parameter	Citation verified; numeric cross-check against VarGibbs, original numeric table pending.
RNA_DNA_NN_Sugimoto_1995	TG/AC	-10.4	-28.4	10.1021/bi00035a029	VarGibbs P-SG95.par	secondary	source_parameter	Citation verified; numeric cross-check against VarGibbs, original numeric table pending.
RNA_DNA_NN_Sugimoto_1995	TT/AA	-11.5	-36.4	10.1021/bi00035a029	VarGibbs P-SG95.par	secondary	source_parameter	Citation verified; numeric cross-check against VarGibbs, original numeric table pending.
DNA_IMM_Peyret_1999	AG/TT	1.0	0.9	10.1021/bi962590c	Table 5 / VarGibbs P-AL97.par	secondary	source_parameter	11 G.T keys, including 3 tandem G.T stacks.
DNA_IMM_Peyret_1999	AT/TG	-2.5	-8.3	10.1021/bi962590c	Table 5 / VarGibbs P-AL97.par	secondary	source_parameter	11 G.T keys, including 3 tandem G.T stacks.
DNA_IMM_Peyret_1999	CG/GT	-4.1	-11.7	10.1021/bi962590c	Table 5 / VarGibbs P-AL97.par	secondary	source_parameter	11 G.T keys, including 3 tandem G.T stacks.
DNA_IMM_Peyret_1999	CT/GG	-2.8	-8.0	10.1021/bi962590c	Table 5 / VarGibbs P-AL97.par	secondary	source_parameter	11 G.T keys, including 3 tandem G.T stacks.
DNA_IMM_Peyret_1999	GG/CT	3.3	10.4	10.1021/bi962590c	Table 5 / VarGibbs P-AL97.par	secondary	source_parameter	11 G.T keys, including 3 tandem G.T stacks.
DNA_IMM_Peyret_1999	GG/TT	5.8	16.3	10.1021/bi962590c	Table 5 / VarGibbs P-AL97.par	secondary	source_parameter	11 G.T keys, including 3 tandem G.T stacks.
DNA_IMM_Peyret_1999	GT/CG	-4.4	-12.3	10.1021/bi962590c	Table 5 / VarGibbs P-AL97.par	secondary	source_parameter	11 G.T keys, including 3 tandem G.T stacks.
DNA_IMM_Peyret_1999	GT/TG	4.1	9.5	10.1021/bi962590c	Table 5 / VarGibbs P-AL97.par	secondary	source_parameter	11 G.T keys, including 3 tandem G.T stacks.
DNA_IMM_Peyret_1999	TG/AT	-0.1	-1.7	10.1021/bi962590c	Table 5 / VarGibbs P-AL97.par	secondary	source_parameter	11 G.T keys, including 3 tandem G.T stacks.
DNA_IMM_Peyret_1999	TG/GT	-1.4	-6.2	10.1021/bi962590c	Table 5 / VarGibbs P-AL97.par	secondary	source_parameter	11 G.T keys, including 3 tandem G.T stacks.
DNA_IMM_Peyret_1999	TT/AG	-1.3	-5.3	10.1021/bi962590c	Table 5 / VarGibbs P-AL97.par	secondary	source_parameter	11 G.T keys, including 3 tandem G.T stacks.
DNA_IMM_Peyret_1999	AA/TG	-0.6	-2.3	10.1021/bi9724873	Table 4 / VarGibbs P-AL98C.par	secondary	source_parameter	G.A; VarGibbs file header has wrong DOI, corrected here.
DNA_IMM_Peyret_1999	AG/TA	-0.7	-2.3	10.1021/bi9724873	Table 4 / VarGibbs P-AL98C.par	secondary	source_parameter	G.A; VarGibbs file header has wrong DOI, corrected here.
DNA_IMM_Peyret_1999	CA/GG	-0.7	-2.3	10.1021/bi9724873	Table 4 / VarGibbs P-AL98C.par	secondary	source_parameter	G.A; VarGibbs file header has wrong DOI, corrected here.
DNA_IMM_Peyret_1999	CG/GA	-4.0	-13.2	10.1021/bi9724873	Table 4 / VarGibbs P-AL98C.par	secondary	source_parameter	G.A; VarGibbs file header has wrong DOI, corrected here.
DNA_IMM_Peyret_1999	GA/CG	-0.6	-1.0	10.1021/bi9724873	Table 4 / VarGibbs P-AL98C.par	secondary	source_parameter	G.A; VarGibbs file header has wrong DOI, corrected here.
DNA_IMM_Peyret_1999	GG/CA	0.5	3.2	10.1021/bi9724873	Table 4 / VarGibbs P-AL98C.par	secondary	source_parameter	G.A; VarGibbs file header has wrong DOI, corrected here.
DNA_IMM_Peyret_1999	TA/AG	0.7	0.7	10.1021/bi9724873	Table 4 / VarGibbs P-AL98C.par	secondary	source_parameter	G.A; VarGibbs file header has wrong DOI, corrected here.
DNA_IMM_Peyret_1999	TG/AA	3.0	7.4	10.1021/bi9724873	Table 4 / VarGibbs P-AL98C.par	secondary	source_parameter	G.A; VarGibbs file header has wrong DOI, corrected here.
DNA_IMM_Peyret_1999	AC/TT	0.7	0.2	10.1093/nar/26.11.2694	Table 4 / VarGibbs P-AL98.par	secondary	source_parameter	C.T
DNA_IMM_Peyret_1999	AT/TC	-1.2	-6.2	10.1093/nar/26.11.2694	Table 4 / VarGibbs P-AL98.par	secondary	source_parameter	C.T
DNA_IMM_Peyret_1999	CC/GT	-0.8	-4.5	10.1093/nar/26.11.2694	Table 4 / VarGibbs P-AL98.par	secondary	source_parameter	C.T
DNA_IMM_Peyret_1999	CT/GC	-1.5	-6.1	10.1093/nar/26.11.2694	Table 4 / VarGibbs P-AL98.par	secondary	source_parameter	C.T
DNA_IMM_Peyret_1999	GC/CT	2.3	5.4	10.1093/nar/26.11.2694	Table 4 / VarGibbs P-AL98.par	secondary	source_parameter	C.T
DNA_IMM_Peyret_1999	GT/CC	5.2	13.5	10.1093/nar/26.11.2694	Table 4 / VarGibbs P-AL98.par	secondary	source_parameter	C.T
DNA_IMM_Peyret_1999	TC/AT	1.2	0.7	10.1093/nar/26.11.2694	Table 4 / VarGibbs P-AL98.par	secondary	source_parameter	C.T
DNA_IMM_Peyret_1999	TT/AC	1.0	0.7	10.1093/nar/26.11.2694	Table 4 / VarGibbs P-AL98.par	secondary	source_parameter	C.T
DNA_IMM_Peyret_1999	AA/TC	2.3	4.6	10.1021/bi9803729	Table 4 / VarGibbs P-AL98B.par	secondary	source_parameter	A.C at pH 7
DNA_IMM_Peyret_1999	AC/TA	5.3	14.6	10.1021/bi9803729	Table 4 / VarGibbs P-AL98B.par	secondary	source_parameter	A.C at pH 7
DNA_IMM_Peyret_1999	CA/GC	1.9	3.7	10.1021/bi9803729	Table 4 / VarGibbs P-AL98B.par	secondary	source_parameter	A.C at pH 7
DNA_IMM_Peyret_1999	CC/GA	0.6	-0.6	10.1021/bi9803729	Table 4 / VarGibbs P-AL98B.par	secondary	source_parameter	A.C at pH 7
DNA_IMM_Peyret_1999	GA/CC	5.2	14.2	10.1021/bi9803729	Table 4 / VarGibbs P-AL98B.par	secondary	source_parameter	A.C at pH 7
DNA_IMM_Peyret_1999	GC/CA	-0.7	-3.8	10.1021/bi9803729	Table 4 / VarGibbs P-AL98B.par	secondary	source_parameter	A.C at pH 7
DNA_IMM_Peyret_1999	TA/AC	3.4	8.0	10.1021/bi9803729	Table 4 / VarGibbs P-AL98B.par	secondary	source_parameter	A.C at pH 7
DNA_IMM_Peyret_1999	TC/AA	7.6	20.2	10.1021/bi9803729	Table 4 / VarGibbs P-AL98B.par	secondary	source_parameter	A.C at pH 7
DNA_IMM_Peyret_1999	AA/TA	1.2	1.7	10.1021/bi9825091	VarGibbs P-PY99.par	secondary	source_parameter	A.A/C.C/G.G/T.T
DNA_IMM_Peyret_1999	CA/GA	-0.9	-4.2	10.1021/bi9825091	VarGibbs P-PY99.par	secondary	source_parameter	A.A/C.C/G.G/T.T
DNA_IMM_Peyret_1999	GA/CA	-2.9	-9.8	10.1021/bi9825091	VarGibbs P-PY99.par	secondary	source_parameter	A.A/C.C/G.G/T.T
DNA_IMM_Peyret_1999	TA/AA	4.7	12.9	10.1021/bi9825091	VarGibbs P-PY99.par	secondary	source_parameter	A.A/C.C/G.G/T.T
DNA_IMM_Peyret_1999	AC/TC	0.0	-4.4	10.1021/bi9825091	VarGibbs P-PY99.par	secondary	source_parameter	A.A/C.C/G.G/T.T
DNA_IMM_Peyret_1999	CC/GC	-1.5	-7.2	10.1021/bi9825091	VarGibbs P-PY99.par	secondary	source_parameter	A.A/C.C/G.G/T.T
DNA_IMM_Peyret_1999	GC/CC	3.6	8.9	10.1021/bi9825091	VarGibbs P-PY99.par	secondary	source_parameter	A.A/C.C/G.G/T.T
DNA_IMM_Peyret_1999	TC/AC	6.1	16.4	10.1021/bi9825091	VarGibbs P-PY99.par	secondary	source_parameter	A.A/C.C/G.G/T.T
DNA_IMM_Peyret_1999	AG/TG	-3.1	-9.5	10.1021/bi9825091	VarGibbs P-PY99.par	secondary	source_parameter	A.A/C.C/G.G/T.T
DNA_IMM_Peyret_1999	CG/GG	-4.9	-15.3	10.1021/bi9825091	VarGibbs P-PY99.par	secondary	source_parameter	A.A/C.C/G.G/T.T
DNA_IMM_Peyret_1999	GG/CG	-6.0	-15.8	10.1021/bi9825091	VarGibbs P-PY99.par	secondary	source_parameter	A.A/C.C/G.G/T.T
DNA_IMM_Peyret_1999	TG/AG	1.6	3.6	10.1021/bi9825091	VarGibbs P-PY99.par	secondary	source_parameter	A.A/C.C/G.G/T.T
DNA_IMM_Peyret_1999	AT/TT	-2.7	-10.8	10.1021/bi9825091	VarGibbs P-PY99.par	secondary	source_parameter	A.A/C.C/G.G/T.T
DNA_IMM_Peyret_1999	CT/GT	-5.0	-15.8	10.1021/bi9825091	VarGibbs P-PY99.par	secondary	source_parameter	A.A/C.C/G.G/T.T
DNA_IMM_Peyret_1999	GT/CT	-2.2	-8.4	10.1021/bi9825091	VarGibbs P-PY99.par	secondary	source_parameter	A.A/C.C/G.G/T.T
DNA_IMM_Peyret_1999	TT/AT	0.2	-1.5	10.1021/bi9825091	VarGibbs P-PY99.par	secondary	source_parameter	A.A/C.C/G.G/T.T
DNA_IMM_Peyret_1999	AI/TC	-8.9	-25.5	10.1093/nar/gki918	Table 2	primary	source_parameter	36 inosine entries match original table.
DNA_IMM_Peyret_1999	TI/AC	-5.9	-17.4	10.1093/nar/gki918	Table 2	primary	source_parameter	36 inosine entries match original table.
DNA_IMM_Peyret_1999	AC/TI	-8.8	-25.4	10.1093/nar/gki918	Table 2	primary	source_parameter	36 inosine entries match original table.
DNA_IMM_Peyret_1999	TC/AI	-4.9	-13.9	10.1093/nar/gki918	Table 2	primary	source_parameter	36 inosine entries match original table.
DNA_IMM_Peyret_1999	CI/GC	-5.4	-13.7	10.1093/nar/gki918	Table 2	primary	source_parameter	36 inosine entries match original table.
DNA_IMM_Peyret_1999	GI/CC	-6.8	-19.1	10.1093/nar/gki918	Table 2	primary	source_parameter	36 inosine entries match original table.
DNA_IMM_Peyret_1999	CC/GI	-8.3	-23.8	10.1093/nar/gki918	Table 2	primary	source_parameter	36 inosine entries match original table.
DNA_IMM_Peyret_1999	GC/CI	-5.0	-12.6	10.1093/nar/gki918	Table 2	primary	source_parameter	36 inosine entries match original table.
DNA_IMM_Peyret_1999	AI/TA	-8.3	-25.0	10.1093/nar/gki918	Table 2	primary	source_parameter	36 inosine entries match original table.
DNA_IMM_Peyret_1999	TI/AA	-3.4	-11.2	10.1093/nar/gki918	Table 2	primary	source_parameter	36 inosine entries match original table.
DNA_IMM_Peyret_1999	AA/TI	-0.7	-2.6	10.1093/nar/gki918	Table 2	primary	source_parameter	36 inosine entries match original table.
DNA_IMM_Peyret_1999	TA/AI	-1.3	-4.6	10.1093/nar/gki918	Table 2	primary	source_parameter	36 inosine entries match original table.
DNA_IMM_Peyret_1999	CI/GA	2.6	8.9	10.1093/nar/gki918	Table 2	primary	source_parameter	36 inosine entries match original table.
DNA_IMM_Peyret_1999	GI/CA	-7.8	-21.1	10.1093/nar/gki918	Table 2	primary	source_parameter	36 inosine entries match original table.
DNA_IMM_Peyret_1999	CA/GI	-7.0	-20.0	10.1093/nar/gki918	Table 2	primary	source_parameter	36 inosine entries match original table.
DNA_IMM_Peyret_1999	GA/CI	-7.6	-20.2	10.1093/nar/gki918	Table 2	primary	source_parameter	36 inosine entries match original table.
DNA_IMM_Peyret_1999	AI/TT	0.49	-0.7	10.1093/nar/gki918	Table 2	primary	source_parameter	36 inosine entries match original table.
DNA_IMM_Peyret_1999	TI/AT	-6.5	-22.0	10.1093/nar/gki918	Table 2	primary	source_parameter	36 inosine entries match original table.
DNA_IMM_Peyret_1999	AT/TI	-5.6	-18.7	10.1093/nar/gki918	Table 2	primary	source_parameter	36 inosine entries match original table.
DNA_IMM_Peyret_1999	TT/AI	-0.8	-4.3	10.1093/nar/gki918	Table 2	primary	source_parameter	36 inosine entries match original table.
DNA_IMM_Peyret_1999	CI/GT	-1.0	-2.4	10.1093/nar/gki918	Table 2	primary	source_parameter	36 inosine entries match original table.
DNA_IMM_Peyret_1999	GI/CT	-3.5	-10.6	10.1093/nar/gki918	Table 2	primary	source_parameter	36 inosine entries match original table.
DNA_IMM_Peyret_1999	CT/GI	0.1	-1.0	10.1093/nar/gki918	Table 2	primary	source_parameter	36 inosine entries match original table.
DNA_IMM_Peyret_1999	GT/CI	-4.3	-12.1	10.1093/nar/gki918	Table 2	primary	source_parameter	36 inosine entries match original table.
DNA_IMM_Peyret_1999	AI/TG	-4.9	-15.8	10.1093/nar/gki918	Table 2	primary	source_parameter	36 inosine entries match original table.
DNA_IMM_Peyret_1999	TI/AG	-1.9	-8.5	10.1093/nar/gki918	Table 2	primary	source_parameter	36 inosine entries match original table.
DNA_IMM_Peyret_1999	AG/TI	0.1	-1.8	10.1093/nar/gki918	Table 2	primary	source_parameter	36 inosine entries match original table.
DNA_IMM_Peyret_1999	TG/AI	1.0	1.0	10.1093/nar/gki918	Table 2	primary	source_parameter	36 inosine entries match original table.
DNA_IMM_Peyret_1999	CI/GG	7.1	21.3	10.1093/nar/gki918	Table 2	primary	source_parameter	36 inosine entries match original table.
DNA_IMM_Peyret_1999	GI/CG	-1.1	-3.2	10.1093/nar/gki918	Table 2	primary	source_parameter	36 inosine entries match original table.
DNA_IMM_Peyret_1999	CG/GI	5.8	16.9	10.1093/nar/gki918	Table 2	primary	source_parameter	36 inosine entries match original table.
DNA_IMM_Peyret_1999	GG/CI	-7.6	-22.0	10.1093/nar/gki918	Table 2	primary	source_parameter	36 inosine entries match original table.
DNA_IMM_Peyret_1999	AI/TI	-3.3	-11.9	10.1093/nar/gki918	Table 2	primary	source_parameter	36 inosine entries match original table.
DNA_IMM_Peyret_1999	TI/AI	0.1	-2.3	10.1093/nar/gki918	Table 2	primary	source_parameter	36 inosine entries match original table.
DNA_IMM_Peyret_1999	CI/GI	1.3	3.0	10.1093/nar/gki918	Table 2	primary	source_parameter	36 inosine entries match original table.
DNA_IMM_Peyret_1999	GI/CI	-0.5	-1.3	10.1093/nar/gki918	Table 2	primary	source_parameter	36 inosine entries match original table.
DNA_TMM_Bommarito_2000	AA/TA	-3.1	-7.8	WO2001094611A2	Tables 2-3, printed pp52-54	primary	source_parameter	Legacy identifier misattributes author and year; patent GG/CG H/S/G internally inconsistent.
DNA_TMM_Bommarito_2000	TA/AA	-2.5	-6.3	WO2001094611A2	Tables 2-3, printed pp52-54	primary	source_parameter	Legacy identifier misattributes author and year; patent GG/CG H/S/G internally inconsistent.
DNA_TMM_Bommarito_2000	CA/GA	-4.3	-10.7	WO2001094611A2	Tables 2-3, printed pp52-54	primary	source_parameter	Legacy identifier misattributes author and year; patent GG/CG H/S/G internally inconsistent.
DNA_TMM_Bommarito_2000	GA/CA	-8.0	-22.5	WO2001094611A2	Tables 2-3, printed pp52-54	primary	source_parameter	Legacy identifier misattributes author and year; patent GG/CG H/S/G internally inconsistent.
DNA_TMM_Bommarito_2000	AC/TC	-0.1	0.5	WO2001094611A2	Tables 2-3, printed pp52-54	primary	source_parameter	Legacy identifier misattributes author and year; patent GG/CG H/S/G internally inconsistent.
DNA_TMM_Bommarito_2000	TC/AC	-0.7	-1.3	WO2001094611A2	Tables 2-3, printed pp52-54	primary	source_parameter	Legacy identifier misattributes author and year; patent GG/CG H/S/G internally inconsistent.
DNA_TMM_Bommarito_2000	CC/GC	-2.1	-5.1	WO2001094611A2	Tables 2-3, printed pp52-54	primary	source_parameter	Legacy identifier misattributes author and year; patent GG/CG H/S/G internally inconsistent.
DNA_TMM_Bommarito_2000	GC/CC	-3.9	-10.6	WO2001094611A2	Tables 2-3, printed pp52-54	primary	source_parameter	Legacy identifier misattributes author and year; patent GG/CG H/S/G internally inconsistent.
DNA_TMM_Bommarito_2000	AG/TG	-1.1	-2.1	WO2001094611A2	Tables 2-3, printed pp52-54	primary	source_parameter	Legacy identifier misattributes author and year; patent GG/CG H/S/G internally inconsistent.
DNA_TMM_Bommarito_2000	TG/AG	-1.1	-2.7	WO2001094611A2	Tables 2-3, printed pp52-54	primary	source_parameter	Legacy identifier misattributes author and year; patent GG/CG H/S/G internally inconsistent.
DNA_TMM_Bommarito_2000	CG/GG	-3.8	-9.5	WO2001094611A2	Tables 2-3, printed pp52-54	primary	source_parameter	Legacy identifier misattributes author and year; patent GG/CG H/S/G internally inconsistent.
DNA_TMM_Bommarito_2000	GG/CG	-0.7	-19.2	WO2001094611A2	Tables 2-3, printed pp52-54	primary	source_parameter	Legacy identifier misattributes author and year; patent GG/CG H/S/G internally inconsistent.
DNA_TMM_Bommarito_2000	AT/TT	-2.4	-6.5	WO2001094611A2	Tables 2-3, printed pp52-54	primary	source_parameter	Legacy identifier misattributes author and year; patent GG/CG H/S/G internally inconsistent.
DNA_TMM_Bommarito_2000	TT/AT	-3.2	-8.9	WO2001094611A2	Tables 2-3, printed pp52-54	primary	source_parameter	Legacy identifier misattributes author and year; patent GG/CG H/S/G internally inconsistent.
DNA_TMM_Bommarito_2000	CT/GT	-6.1	-16.9	WO2001094611A2	Tables 2-3, printed pp52-54	primary	source_parameter	Legacy identifier misattributes author and year; patent GG/CG H/S/G internally inconsistent.
DNA_TMM_Bommarito_2000	GT/CT	-7.4	-21.2	WO2001094611A2	Tables 2-3, printed pp52-54	primary	source_parameter	Legacy identifier misattributes author and year; patent GG/CG H/S/G internally inconsistent.
DNA_TMM_Bommarito_2000	AA/TC	-1.6	-4.0	WO2001094611A2	Tables 2-3, printed pp52-54	primary	source_parameter	Legacy identifier misattributes author and year; patent GG/CG H/S/G internally inconsistent.
DNA_TMM_Bommarito_2000	AC/TA	-1.8	-3.8	WO2001094611A2	Tables 2-3, printed pp52-54	primary	source_parameter	Legacy identifier misattributes author and year; patent GG/CG H/S/G internally inconsistent.
DNA_TMM_Bommarito_2000	CA/GC	-2.6	-5.9	WO2001094611A2	Tables 2-3, printed pp52-54	primary	source_parameter	Legacy identifier misattributes author and year; patent GG/CG H/S/G internally inconsistent.
DNA_TMM_Bommarito_2000	CC/GA	-2.7	-6.0	WO2001094611A2	Tables 2-3, printed pp52-54	primary	source_parameter	Legacy identifier misattributes author and year; patent GG/CG H/S/G internally inconsistent.
DNA_TMM_Bommarito_2000	GA/CC	-5.0	-13.8	WO2001094611A2	Tables 2-3, printed pp52-54	primary	source_parameter	Legacy identifier misattributes author and year; patent GG/CG H/S/G internally inconsistent.
DNA_TMM_Bommarito_2000	GC/CA	-3.2	-7.1	WO2001094611A2	Tables 2-3, printed pp52-54	primary	source_parameter	Legacy identifier misattributes author and year; patent GG/CG H/S/G internally inconsistent.
DNA_TMM_Bommarito_2000	TA/AC	-2.3	-5.9	WO2001094611A2	Tables 2-3, printed pp52-54	primary	source_parameter	Legacy identifier misattributes author and year; patent GG/CG H/S/G internally inconsistent.
DNA_TMM_Bommarito_2000	TC/AA	-2.7	-7.0	WO2001094611A2	Tables 2-3, printed pp52-54	primary	source_parameter	Legacy identifier misattributes author and year; patent GG/CG H/S/G internally inconsistent.
DNA_TMM_Bommarito_2000	AC/TT	-0.9	-1.7	WO2001094611A2	Tables 2-3, printed pp52-54	primary	source_parameter	Legacy identifier misattributes author and year; patent GG/CG H/S/G internally inconsistent.
DNA_TMM_Bommarito_2000	AT/TC	-2.3	-6.3	WO2001094611A2	Tables 2-3, printed pp52-54	primary	source_parameter	Legacy identifier misattributes author and year; patent GG/CG H/S/G internally inconsistent.
DNA_TMM_Bommarito_2000	CC/GT	-3.2	-8.0	WO2001094611A2	Tables 2-3, printed pp52-54	primary	source_parameter	Legacy identifier misattributes author and year; patent GG/CG H/S/G internally inconsistent.
DNA_TMM_Bommarito_2000	CT/GC	-3.9	-10.6	WO2001094611A2	Tables 2-3, printed pp52-54	primary	source_parameter	Legacy identifier misattributes author and year; patent GG/CG H/S/G internally inconsistent.
DNA_TMM_Bommarito_2000	GC/CT	-4.9	-13.5	WO2001094611A2	Tables 2-3, printed pp52-54	primary	source_parameter	Legacy identifier misattributes author and year; patent GG/CG H/S/G internally inconsistent.
DNA_TMM_Bommarito_2000	GT/CC	-3.0	-7.8	WO2001094611A2	Tables 2-3, printed pp52-54	primary	source_parameter	Legacy identifier misattributes author and year; patent GG/CG H/S/G internally inconsistent.
DNA_TMM_Bommarito_2000	TC/AT	-2.5	-6.3	WO2001094611A2	Tables 2-3, printed pp52-54	primary	source_parameter	Legacy identifier misattributes author and year; patent GG/CG H/S/G internally inconsistent.
DNA_TMM_Bommarito_2000	TT/AC	-0.7	-1.2	WO2001094611A2	Tables 2-3, printed pp52-54	primary	source_parameter	Legacy identifier misattributes author and year; patent GG/CG H/S/G internally inconsistent.
DNA_TMM_Bommarito_2000	AA/TG	-1.9	-4.4	WO2001094611A2	Tables 2-3, printed pp52-54	primary	source_parameter	Legacy identifier misattributes author and year; patent GG/CG H/S/G internally inconsistent.
DNA_TMM_Bommarito_2000	AG/TA	-2.5	-5.9	WO2001094611A2	Tables 2-3, printed pp52-54	primary	source_parameter	Legacy identifier misattributes author and year; patent GG/CG H/S/G internally inconsistent.
DNA_TMM_Bommarito_2000	CA/GG	-3.9	-9.6	WO2001094611A2	Tables 2-3, printed pp52-54	primary	source_parameter	Legacy identifier misattributes author and year; patent GG/CG H/S/G internally inconsistent.
DNA_TMM_Bommarito_2000	CG/GA	-6.0	-15.5	WO2001094611A2	Tables 2-3, printed pp52-54	primary	source_parameter	Legacy identifier misattributes author and year; patent GG/CG H/S/G internally inconsistent.
DNA_TMM_Bommarito_2000	GA/CG	-4.3	-11.1	WO2001094611A2	Tables 2-3, printed pp52-54	primary	source_parameter	Legacy identifier misattributes author and year; patent GG/CG H/S/G internally inconsistent.
DNA_TMM_Bommarito_2000	GG/CA	-4.6	-11.4	WO2001094611A2	Tables 2-3, printed pp52-54	primary	source_parameter	Legacy identifier misattributes author and year; patent GG/CG H/S/G internally inconsistent.
DNA_TMM_Bommarito_2000	TA/AG	-2.0	-4.7	WO2001094611A2	Tables 2-3, printed pp52-54	primary	source_parameter	Legacy identifier misattributes author and year; patent GG/CG H/S/G internally inconsistent.
DNA_TMM_Bommarito_2000	TG/AA	-2.4	-5.8	WO2001094611A2	Tables 2-3, printed pp52-54	primary	source_parameter	Legacy identifier misattributes author and year; patent GG/CG H/S/G internally inconsistent.
DNA_TMM_Bommarito_2000	AG/TT	-3.2	-8.7	WO2001094611A2	Tables 2-3, printed pp52-54	primary	source_parameter	Legacy identifier misattributes author and year; patent GG/CG H/S/G internally inconsistent.
DNA_TMM_Bommarito_2000	AT/TG	-3.5	-9.4	WO2001094611A2	Tables 2-3, printed pp52-54	primary	source_parameter	Legacy identifier misattributes author and year; patent GG/CG H/S/G internally inconsistent.
DNA_TMM_Bommarito_2000	CG/GT	-3.8	-9.0	WO2001094611A2	Tables 2-3, printed pp52-54	primary	source_parameter	Legacy identifier misattributes author and year; patent GG/CG H/S/G internally inconsistent.
DNA_TMM_Bommarito_2000	CT/GG	-6.6	-18.7	WO2001094611A2	Tables 2-3, printed pp52-54	primary	source_parameter	Legacy identifier misattributes author and year; patent GG/CG H/S/G internally inconsistent.
DNA_TMM_Bommarito_2000	GG/CT	-5.7	-15.9	WO2001094611A2	Tables 2-3, printed pp52-54	primary	source_parameter	Legacy identifier misattributes author and year; patent GG/CG H/S/G internally inconsistent.
DNA_TMM_Bommarito_2000	GT/CG	-5.9	-16.1	WO2001094611A2	Tables 2-3, printed pp52-54	primary	source_parameter	Legacy identifier misattributes author and year; patent GG/CG H/S/G internally inconsistent.
DNA_TMM_Bommarito_2000	TG/AT	-3.9	-10.5	WO2001094611A2	Tables 2-3, printed pp52-54	primary	source_parameter	Legacy identifier misattributes author and year; patent GG/CG H/S/G internally inconsistent.
DNA_TMM_Bommarito_2000	TT/AG	-3.6	-9.8	WO2001094611A2	Tables 2-3, printed pp52-54	primary	source_parameter	Legacy identifier misattributes author and year; patent GG/CG H/S/G internally inconsistent.
DNA_DE_Bommarito_2000	AA/.T	0.2	2.3	10.1093/nar/28.9.1929	Table 2	primary	source_parameter	
DNA_DE_Bommarito_2000	AC/.G	-6.3	-17.1	10.1093/nar/28.9.1929	Table 2	primary	source_parameter	
DNA_DE_Bommarito_2000	AG/.C	-3.7	-10.0	10.1093/nar/28.9.1929	Table 2	primary	source_parameter	
DNA_DE_Bommarito_2000	AT/.A	-2.9	-7.6	10.1093/nar/28.9.1929	Table 2	primary	source_parameter	
DNA_DE_Bommarito_2000	CA/.T	0.6	3.3	10.1093/nar/28.9.1929	Table 2	primary	source_parameter	
DNA_DE_Bommarito_2000	CC/.G	-4.4	-12.6	10.1093/nar/28.9.1929	Table 2	primary	source_parameter	
DNA_DE_Bommarito_2000	CG/.C	-4.0	-11.9	10.1093/nar/28.9.1929	Table 2	primary	source_parameter	
DNA_DE_Bommarito_2000	CT/.A	-4.1	-13.0	10.1093/nar/28.9.1929	Table 2	primary	source_parameter	
DNA_DE_Bommarito_2000	GA/.T	-1.1	-1.6	10.1093/nar/28.9.1929	Table 2	primary	source_parameter	
DNA_DE_Bommarito_2000	GC/.G	-5.1	-14.0	10.1093/nar/28.9.1929	Table 2	primary	source_parameter	
DNA_DE_Bommarito_2000	GG/.C	-3.9	-10.9	10.1093/nar/28.9.1929	Table 2	primary	source_parameter	
DNA_DE_Bommarito_2000	GT/.A	-4.2	-15.0	10.1093/nar/28.9.1929	Table 2	primary	source_parameter	
DNA_DE_Bommarito_2000	TA/.T	-6.9	-20.0	10.1093/nar/28.9.1929	Table 2	primary	source_parameter	
DNA_DE_Bommarito_2000	TC/.G	-4.0	-10.9	10.1093/nar/28.9.1929	Table 2	primary	source_parameter	
DNA_DE_Bommarito_2000	TG/.C	-4.9	-13.8	10.1093/nar/28.9.1929	Table 2	primary	source_parameter	
DNA_DE_Bommarito_2000	TT/.A	-0.2	-0.5	10.1093/nar/28.9.1929	Table 2	primary	source_parameter	
DNA_DE_Bommarito_2000	.A/AT	-0.7	-0.8	10.1093/nar/28.9.1929	Table 2	primary	source_parameter	
DNA_DE_Bommarito_2000	.C/AG	-2.1	-3.9	10.1093/nar/28.9.1929	Table 2	primary	source_parameter	
DNA_DE_Bommarito_2000	.G/AC	-5.9	-16.5	10.1093/nar/28.9.1929	Table 2	primary	source_parameter	
DNA_DE_Bommarito_2000	.T/AA	-0.5	-1.1	10.1093/nar/28.9.1929	Table 2	primary	source_parameter	
DNA_DE_Bommarito_2000	.A/CT	4.4	14.9	10.1093/nar/28.9.1929	Table 2	primary	source_parameter	
DNA_DE_Bommarito_2000	.C/CG	-0.2	-0.1	10.1093/nar/28.9.1929	Table 2	primary	source_parameter	
DNA_DE_Bommarito_2000	.G/CC	-2.6	-7.4	10.1093/nar/28.9.1929	Table 2	primary	source_parameter	
DNA_DE_Bommarito_2000	.T/CA	4.7	14.2	10.1093/nar/28.9.1929	Table 2	primary	source_parameter	
DNA_DE_Bommarito_2000	.A/GT	-1.6	-3.6	10.1093/nar/28.9.1929	Table 2	primary	source_parameter	
DNA_DE_Bommarito_2000	.C/GG	-3.9	-11.2	10.1093/nar/28.9.1929	Table 2	primary	source_parameter	
DNA_DE_Bommarito_2000	.G/GC	-3.2	-10.4	10.1093/nar/28.9.1929	Table 2	primary	source_parameter	
DNA_DE_Bommarito_2000	.T/GA	-4.1	-13.1	10.1093/nar/28.9.1929	Table 2	primary	source_parameter	
DNA_DE_Bommarito_2000	.A/TT	2.9	10.4	10.1093/nar/28.9.1929	Table 2	primary	source_parameter	
DNA_DE_Bommarito_2000	.C/TG	-4.4	-13.1	10.1093/nar/28.9.1929	Table 2	primary	source_parameter	
DNA_DE_Bommarito_2000	.G/TC	-5.2	-15.0	10.1093/nar/28.9.1929	Table 2	primary	source_parameter	
DNA_DE_Bommarito_2000	.T/TA	-3.8	-12.6	10.1093/nar/28.9.1929	Table 2	primary	source_parameter	
RNA_DE_Turner_2010	.T/AA	-4.9	-13.2	10.1093/nar/gkp892	NNDB Turner 2004 dangle_dh.txt and dangle_dg.txt	primary_database	derived_entropy	2010 is database publication year; S=(H-G37)*1000/310.15, within printed precision.
RNA_DE_Turner_2010	.T/CA	-0.9	-1.3	10.1093/nar/gkp892	NNDB Turner 2004 dangle_dh.txt and dangle_dg.txt	primary_database	derived_entropy	2010 is database publication year; S=(H-G37)*1000/310.15, within printed precision.
RNA_DE_Turner_2010	.T/GA	-5.5	-15.1	10.1093/nar/gkp892	NNDB Turner 2004 dangle_dh.txt and dangle_dg.txt	primary_database	derived_entropy	2010 is database publication year; S=(H-G37)*1000/310.15, within printed precision.
RNA_DE_Turner_2010	.T/TA	-2.3	-5.5	10.1093/nar/gkp892	NNDB Turner 2004 dangle_dh.txt and dangle_dg.txt	primary_database	derived_entropy	2010 is database publication year; S=(H-G37)*1000/310.15, within printed precision.
RNA_DE_Turner_2010	.G/AC	-9.0	-23.5	10.1093/nar/gkp892	NNDB Turner 2004 dangle_dh.txt and dangle_dg.txt	primary_database	derived_entropy	2010 is database publication year; S=(H-G37)*1000/310.15, within printed precision.
RNA_DE_Turner_2010	.G/CC	-4.1	-10.6	10.1093/nar/gkp892	NNDB Turner 2004 dangle_dh.txt and dangle_dg.txt	primary_database	derived_entropy	2010 is database publication year; S=(H-G37)*1000/310.15, within printed precision.
RNA_DE_Turner_2010	.G/GC	-8.6	-22.2	10.1093/nar/gkp892	NNDB Turner 2004 dangle_dh.txt and dangle_dg.txt	primary_database	derived_entropy	2010 is database publication year; S=(H-G37)*1000/310.15, within printed precision.
RNA_DE_Turner_2010	.G/TC	-7.5	-20.31	10.1093/nar/gkp892	NNDB Turner 2004 dangle_dh.txt and dangle_dg.txt	primary_database	derived_entropy	2010 is database publication year; S=(H-G37)*1000/310.15, within printed precision.
RNA_DE_Turner_2010	.C/AG	-7.4	-20.3	10.1093/nar/gkp892	NNDB Turner 2004 dangle_dh.txt and dangle_dg.txt	primary_database	derived_entropy	2010 is database publication year; S=(H-G37)*1000/310.15, within printed precision.
RNA_DE_Turner_2010	.C/CG	-2.8	-7.7	10.1093/nar/gkp892	NNDB Turner 2004 dangle_dh.txt and dangle_dg.txt	primary_database	derived_entropy	2010 is database publication year; S=(H-G37)*1000/310.15, within printed precision.
RNA_DE_Turner_2010	.C/GG	-6.4	-16.4	10.1093/nar/gkp892	NNDB Turner 2004 dangle_dh.txt and dangle_dg.txt	primary_database	derived_entropy	2010 is database publication year; S=(H-G37)*1000/310.15, within printed precision.
RNA_DE_Turner_2010	.C/TG	-3.6	-9.7	10.1093/nar/gkp892	NNDB Turner 2004 dangle_dh.txt and dangle_dg.txt	primary_database	derived_entropy	2010 is database publication year; S=(H-G37)*1000/310.15, within printed precision.
RNA_DE_Turner_2010	.T/AG	-4.9	-13.2	10.1093/nar/gkp892	NNDB Turner 2004 dangle_dh.txt and dangle_dg.txt	primary_database	derived_entropy	2010 is database publication year; S=(H-G37)*1000/310.15, within printed precision.
RNA_DE_Turner_2010	.T/CG	-0.9	-1.3	10.1093/nar/gkp892	NNDB Turner 2004 dangle_dh.txt and dangle_dg.txt	primary_database	derived_entropy	2010 is database publication year; S=(H-G37)*1000/310.15, within printed precision.
RNA_DE_Turner_2010	.T/GG	-5.5	-15.1	10.1093/nar/gkp892	NNDB Turner 2004 dangle_dh.txt and dangle_dg.txt	primary_database	derived_entropy	2010 is database publication year; S=(H-G37)*1000/310.15, within printed precision.
RNA_DE_Turner_2010	.T/TG	-2.3	-5.5	10.1093/nar/gkp892	NNDB Turner 2004 dangle_dh.txt and dangle_dg.txt	primary_database	derived_entropy	2010 is database publication year; S=(H-G37)*1000/310.15, within printed precision.
RNA_DE_Turner_2010	.A/AT	-5.7	-16.1	10.1093/nar/gkp892	NNDB Turner 2004 dangle_dh.txt and dangle_dg.txt	primary_database	derived_entropy	2010 is database publication year; S=(H-G37)*1000/310.15, within printed precision.
RNA_DE_Turner_2010	.A/CT	-0.7	-1.9	10.1093/nar/gkp892	NNDB Turner 2004 dangle_dh.txt and dangle_dg.txt	primary_database	derived_entropy	2010 is database publication year; S=(H-G37)*1000/310.15, within printed precision.
RNA_DE_Turner_2010	.A/GT	-5.8	-16.4	10.1093/nar/gkp892	NNDB Turner 2004 dangle_dh.txt and dangle_dg.txt	primary_database	derived_entropy	2010 is database publication year; S=(H-G37)*1000/310.15, within printed precision.
RNA_DE_Turner_2010	.A/TT	-2.2	-6.8	10.1093/nar/gkp892	NNDB Turner 2004 dangle_dh.txt and dangle_dg.txt	primary_database	derived_entropy	2010 is database publication year; S=(H-G37)*1000/310.15, within printed precision.
RNA_DE_Turner_2010	.G/AT	-5.7	-16.1	10.1093/nar/gkp892	NNDB Turner 2004 dangle_dh.txt and dangle_dg.txt	primary_database	derived_entropy	2010 is database publication year; S=(H-G37)*1000/310.15, within printed precision.
RNA_DE_Turner_2010	.G/CT	-0.7	-1.9	10.1093/nar/gkp892	NNDB Turner 2004 dangle_dh.txt and dangle_dg.txt	primary_database	derived_entropy	2010 is database publication year; S=(H-G37)*1000/310.15, within printed precision.
RNA_DE_Turner_2010	.G/GT	-5.8	-16.4	10.1093/nar/gkp892	NNDB Turner 2004 dangle_dh.txt and dangle_dg.txt	primary_database	derived_entropy	2010 is database publication year; S=(H-G37)*1000/310.15, within printed precision.
RNA_DE_Turner_2010	.G/TT	-2.2	-6.8	10.1093/nar/gkp892	NNDB Turner 2004 dangle_dh.txt and dangle_dg.txt	primary_database	derived_entropy	2010 is database publication year; S=(H-G37)*1000/310.15, within printed precision.
RNA_DE_Turner_2010	AT/.A	-0.5	-0.6	10.1093/nar/gkp892	NNDB Turner 2004 dangle_dh.txt and dangle_dg.txt	primary_database	derived_entropy	2010 is database publication year; S=(H-G37)*1000/310.15, within printed precision.
RNA_DE_Turner_2010	CT/.A	6.9	22.6	10.1093/nar/gkp892	NNDB Turner 2004 dangle_dh.txt and dangle_dg.txt	primary_database	derived_entropy	2010 is database publication year; S=(H-G37)*1000/310.15, within printed precision.
RNA_DE_Turner_2010	GT/.A	0.6	2.6	10.1093/nar/gkp892	NNDB Turner 2004 dangle_dh.txt and dangle_dg.txt	primary_database	derived_entropy	2010 is database publication year; S=(H-G37)*1000/310.15, within printed precision.
RNA_DE_Turner_2010	TT/.A	0.6	2.6	10.1093/nar/gkp892	NNDB Turner 2004 dangle_dh.txt and dangle_dg.txt	primary_database	derived_entropy	2010 is database publication year; S=(H-G37)*1000/310.15, within printed precision.
RNA_DE_Turner_2010	AG/.C	-1.6	-4.5	10.1093/nar/gkp892	NNDB Turner 2004 dangle_dh.txt and dangle_dg.txt	primary_database	derived_entropy	2010 is database publication year; S=(H-G37)*1000/310.15, within printed precision.
RNA_DE_Turner_2010	CG/.C	0.7	3.2	10.1093/nar/gkp892	NNDB Turner 2004 dangle_dh.txt and dangle_dg.txt	primary_database	derived_entropy	2010 is database publication year; S=(H-G37)*1000/310.15, within printed precision.
RNA_DE_Turner_2010	GG/.C	-4.6	-14.8	10.1093/nar/gkp892	NNDB Turner 2004 dangle_dh.txt and dangle_dg.txt	primary_database	derived_entropy	2010 is database publication year; S=(H-G37)*1000/310.15, within printed precision.
RNA_DE_Turner_2010	TG/.C	-0.4	-1.3	10.1093/nar/gkp892	NNDB Turner 2004 dangle_dh.txt and dangle_dg.txt	primary_database	derived_entropy	2010 is database publication year; S=(H-G37)*1000/310.15, within printed precision.
RNA_DE_Turner_2010	AC/.G	-2.4	-6.1	10.1093/nar/gkp892	NNDB Turner 2004 dangle_dh.txt and dangle_dg.txt	primary_database	derived_entropy	2010 is database publication year; S=(H-G37)*1000/310.15, within printed precision.
RNA_DE_Turner_2010	CC/.G	3.3	11.6	10.1093/nar/gkp892	NNDB Turner 2004 dangle_dh.txt and dangle_dg.txt	primary_database	derived_entropy	2010 is database publication year; S=(H-G37)*1000/310.15, within printed precision.
RNA_DE_Turner_2010	GC/.G	0.8	3.2	10.1093/nar/gkp892	NNDB Turner 2004 dangle_dh.txt and dangle_dg.txt	primary_database	derived_entropy	2010 is database publication year; S=(H-G37)*1000/310.15, within printed precision.
RNA_DE_Turner_2010	TC/.G	-1.4	-4.2	10.1093/nar/gkp892	NNDB Turner 2004 dangle_dh.txt and dangle_dg.txt	primary_database	derived_entropy	2010 is database publication year; S=(H-G37)*1000/310.15, within printed precision.
RNA_DE_Turner_2010	AT/.G	-0.5	-0.6	10.1093/nar/gkp892	NNDB Turner 2004 dangle_dh.txt and dangle_dg.txt	primary_database	derived_entropy	2010 is database publication year; S=(H-G37)*1000/310.15, within printed precision.
RNA_DE_Turner_2010	CT/.G	6.9	22.6	10.1093/nar/gkp892	NNDB Turner 2004 dangle_dh.txt and dangle_dg.txt	primary_database	derived_entropy	2010 is database publication year; S=(H-G37)*1000/310.15, within printed precision.
RNA_DE_Turner_2010	GT/.G	0.6	2.6	10.1093/nar/gkp892	NNDB Turner 2004 dangle_dh.txt and dangle_dg.txt	primary_database	derived_entropy	2010 is database publication year; S=(H-G37)*1000/310.15, within printed precision.
RNA_DE_Turner_2010	TT/.G	0.6	2.6	10.1093/nar/gkp892	NNDB Turner 2004 dangle_dh.txt and dangle_dg.txt	primary_database	derived_entropy	2010 is database publication year; S=(H-G37)*1000/310.15, within printed precision.
RNA_DE_Turner_2010	AA/.T	1.6	6.1	10.1093/nar/gkp892	NNDB Turner 2004 dangle_dh.txt and dangle_dg.txt	primary_database	derived_entropy	2010 is database publication year; S=(H-G37)*1000/310.15, within printed precision.
RNA_DE_Turner_2010	CA/.T	2.2	8.1	10.1093/nar/gkp892	NNDB Turner 2004 dangle_dh.txt and dangle_dg.txt	primary_database	derived_entropy	2010 is database publication year; S=(H-G37)*1000/310.15, within printed precision.
RNA_DE_Turner_2010	GA/.T	0.7	3.5	10.1093/nar/gkp892	NNDB Turner 2004 dangle_dh.txt and dangle_dg.txt	primary_database	derived_entropy	2010 is database publication year; S=(H-G37)*1000/310.15, within printed precision.
RNA_DE_Turner_2010	TA/.T	3.1	10.6	10.1093/nar/gkp892	NNDB Turner 2004 dangle_dh.txt and dangle_dg.txt	primary_database	derived_entropy	2010 is database publication year; S=(H-G37)*1000/310.15, within printed precision.
RNA_DE_Turner_2010	AG/.T	1.6	6.1	10.1093/nar/gkp892	NNDB Turner 2004 dangle_dh.txt and dangle_dg.txt	primary_database	derived_entropy	2010 is database publication year; S=(H-G37)*1000/310.15, within printed precision.
RNA_DE_Turner_2010	CG/.T	2.2	8.1	10.1093/nar/gkp892	NNDB Turner 2004 dangle_dh.txt and dangle_dg.txt	primary_database	derived_entropy	2010 is database publication year; S=(H-G37)*1000/310.15, within printed precision.
RNA_DE_Turner_2010	GG/.T	0.7	3.5	10.1093/nar/gkp892	NNDB Turner 2004 dangle_dh.txt and dangle_dg.txt	primary_database	derived_entropy	2010 is database publication year; S=(H-G37)*1000/310.15, within printed precision.
RNA_DE_Turner_2010	TG/.T	3.1	10.6	10.1093/nar/gkp892	NNDB Turner 2004 dangle_dh.txt and dangle_dg.txt	primary_database	derived_entropy	2010 is database publication year; S=(H-G37)*1000/310.15, within printed precision.
DNA_NN_Weber_OW04_69	init	0.0	0.0	10.1093/bioinformatics/btu751	Author release VarGibbs 5.0 data/AOP-OW04-69.par	author_data	zero_template	Agreement within stored four-decimal precision; name Weber is not necessarily first author. Zero implementation term, not a separately measured literature parameter.
DNA_NN_Weber_OW04_69	init_A/T	4.8549	15.0479	10.1093/bioinformatics/btu751	Author release VarGibbs 5.0 data/AOP-OW04-69.par	author_data	source_parameter	Agreement within stored four-decimal precision; name Weber is not necessarily first author.
DNA_NN_Weber_OW04_69	init_G/C	2.7622	8.5772	10.1093/bioinformatics/btu751	Author release VarGibbs 5.0 data/AOP-OW04-69.par	author_data	source_parameter	Agreement within stored four-decimal precision; name Weber is not necessarily first author.
DNA_NN_Weber_OW04_69	init_oneG/C	0.0	0.0	10.1093/bioinformatics/btu751	Author release VarGibbs 5.0 data/AOP-OW04-69.par	author_data	zero_template	Agreement within stored four-decimal precision; name Weber is not necessarily first author. Zero implementation term, not a separately measured literature parameter.
DNA_NN_Weber_OW04_69	init_allA/T	0.0	0.0	10.1093/bioinformatics/btu751	Author release VarGibbs 5.0 data/AOP-OW04-69.par	author_data	zero_template	Agreement within stored four-decimal precision; name Weber is not necessarily first author. Zero implementation term, not a separately measured literature parameter.
DNA_NN_Weber_OW04_69	init_5T/A	0.0	0.0	10.1093/bioinformatics/btu751	Author release VarGibbs 5.0 data/AOP-OW04-69.par	author_data	zero_template	Agreement within stored four-decimal precision; name Weber is not necessarily first author. Zero implementation term, not a separately measured literature parameter.
DNA_NN_Weber_OW04_69	sym	0.0	-0.5873	10.1093/bioinformatics/btu751	Author release VarGibbs 5.0 data/AOP-OW04-69.par	author_data	source_parameter	Agreement within stored four-decimal precision; name Weber is not necessarily first author.
DNA_NN_Weber_OW04_69	AA/TT	-6.8315	-20.4105	10.1093/bioinformatics/btu751	Author release VarGibbs 5.0 data/AOP-OW04-69.par	author_data	source_parameter	Agreement within stored four-decimal precision; name Weber is not necessarily first author.
DNA_NN_Weber_OW04_69	AT/TA	-3.0941	-8.7078	10.1093/bioinformatics/btu751	Author release VarGibbs 5.0 data/AOP-OW04-69.par	author_data	source_parameter	Agreement within stored four-decimal precision; name Weber is not necessarily first author.
DNA_NN_Weber_OW04_69	TA/AT	-10.4021	-32.1233	10.1093/bioinformatics/btu751	Author release VarGibbs 5.0 data/AOP-OW04-69.par	author_data	source_parameter	Agreement within stored four-decimal precision; name Weber is not necessarily first author.
DNA_NN_Weber_OW04_69	CA/GT	-14.7626	-43.1062	10.1093/bioinformatics/btu751	Author release VarGibbs 5.0 data/AOP-OW04-69.par	author_data	source_parameter	Agreement within stored four-decimal precision; name Weber is not necessarily first author.
DNA_NN_Weber_OW04_69	GT/CA	-0.0815	1.5161	10.1093/bioinformatics/btu751	Author release VarGibbs 5.0 data/AOP-OW04-69.par	author_data	source_parameter	Agreement within stored four-decimal precision; name Weber is not necessarily first author.
DNA_NN_Weber_OW04_69	CT/GA	-7.4408	-20.5458	10.1093/bioinformatics/btu751	Author release VarGibbs 5.0 data/AOP-OW04-69.par	author_data	source_parameter	Agreement within stored four-decimal precision; name Weber is not necessarily first author.
DNA_NN_Weber_OW04_69	GA/CT	-6.1987	-17.9548	10.1093/bioinformatics/btu751	Author release VarGibbs 5.0 data/AOP-OW04-69.par	author_data	source_parameter	Agreement within stored four-decimal precision; name Weber is not necessarily first author.
DNA_NN_Weber_OW04_69	CG/GC	-14.905	-41.4616	10.1093/bioinformatics/btu751	Author release VarGibbs 5.0 data/AOP-OW04-69.par	author_data	source_parameter	Agreement within stored four-decimal precision; name Weber is not necessarily first author.
DNA_NN_Weber_OW04_69	GC/CG	-1.8135	-2.213	10.1093/bioinformatics/btu751	Author release VarGibbs 5.0 data/AOP-OW04-69.par	author_data	source_parameter	Agreement within stored four-decimal precision; name Weber is not necessarily first author.
DNA_NN_Weber_OW04_69	GG/CC	-9.022	-24.7968	10.1093/bioinformatics/btu751	Author release VarGibbs 5.0 data/AOP-OW04-69.par	author_data	source_parameter	Agreement within stored four-decimal precision; name Weber is not necessarily first author.
DNA_NN_Weber_OW04_69	TT/AA	-6.8315	-20.4105	10.1093/bioinformatics/btu751	Author release VarGibbs 5.0 data/AOP-OW04-69.par	author_data	strand_symmetry_copy	Agreement within stored four-decimal precision; name Weber is not necessarily first author. Copy of AA/TT, not an independent fit.
DNA_NN_Weber_OW04_69	AC/TG	-0.0815	1.5161	10.1093/bioinformatics/btu751	Author release VarGibbs 5.0 data/AOP-OW04-69.par	author_data	strand_symmetry_copy	Agreement within stored four-decimal precision; name Weber is not necessarily first author. Copy of GT/CA, not an independent fit.
DNA_NN_Weber_OW04_69	AG/TC	-7.4408	-20.5458	10.1093/bioinformatics/btu751	Author release VarGibbs 5.0 data/AOP-OW04-69.par	author_data	strand_symmetry_copy	Agreement within stored four-decimal precision; name Weber is not necessarily first author. Copy of CT/GA, not an independent fit.
DNA_NN_Weber_OW04_69	TC/AG	-6.1987	-17.9548	10.1093/bioinformatics/btu751	Author release VarGibbs 5.0 data/AOP-OW04-69.par	author_data	strand_symmetry_copy	Agreement within stored four-decimal precision; name Weber is not necessarily first author. Copy of GA/CT, not an independent fit.
DNA_NN_Weber_OW04_69	TG/AC	-14.7626	-43.1062	10.1093/bioinformatics/btu751	Author release VarGibbs 5.0 data/AOP-OW04-69.par	author_data	strand_symmetry_copy	Agreement within stored four-decimal precision; name Weber is not necessarily first author. Copy of CA/GT, not an independent fit.
DNA_NN_Weber_OW04_69	CC/GG	-9.022	-24.7968	10.1093/bioinformatics/btu751	Author release VarGibbs 5.0 data/AOP-OW04-69.par	author_data	strand_symmetry_copy	Agreement within stored four-decimal precision; name Weber is not necessarily first author. Copy of GG/CC, not an independent fit.
DNA_NN_Weber_OW04_119	init	0.0	0.0	10.1093/bioinformatics/btu751	Author release VarGibbs 5.0 data/AOP-OW04-119.par	author_data	zero_template	Agreement within stored four-decimal precision; name Weber is not necessarily first author. Zero implementation term, not a separately measured literature parameter.
DNA_NN_Weber_OW04_119	init_A/T	4.0569	11.1	10.1093/bioinformatics/btu751	Author release VarGibbs 5.0 data/AOP-OW04-119.par	author_data	source_parameter	Agreement within stored four-decimal precision; name Weber is not necessarily first author.
DNA_NN_Weber_OW04_119	init_G/C	2.2427	5.4788	10.1093/bioinformatics/btu751	Author release VarGibbs 5.0 data/AOP-OW04-119.par	author_data	source_parameter	Agreement within stored four-decimal precision; name Weber is not necessarily first author.
DNA_NN_Weber_OW04_119	init_oneG/C	0.0	0.0	10.1093/bioinformatics/btu751	Author release VarGibbs 5.0 data/AOP-OW04-119.par	author_data	zero_template	Agreement within stored four-decimal precision; name Weber is not necessarily first author. Zero implementation term, not a separately measured literature parameter.
DNA_NN_Weber_OW04_119	init_allA/T	0.0	0.0	10.1093/bioinformatics/btu751	Author release VarGibbs 5.0 data/AOP-OW04-119.par	author_data	zero_template	Agreement within stored four-decimal precision; name Weber is not necessarily first author. Zero implementation term, not a separately measured literature parameter.
DNA_NN_Weber_OW04_119	init_5T/A	0.0	0.0	10.1093/bioinformatics/btu751	Author release VarGibbs 5.0 data/AOP-OW04-119.par	author_data	zero_template	Agreement within stored four-decimal precision; name Weber is not necessarily first author. Zero implementation term, not a separately measured literature parameter.
DNA_NN_Weber_OW04_119	sym	0.0	-0.5873	10.1093/bioinformatics/btu751	Author release VarGibbs 5.0 data/AOP-OW04-119.par	author_data	source_parameter	Agreement within stored four-decimal precision; name Weber is not necessarily first author.
DNA_NN_Weber_OW04_119	AA/TT	-7.5348	-22.21	10.1093/bioinformatics/btu751	Author release VarGibbs 5.0 data/AOP-OW04-119.par	author_data	source_parameter	Agreement within stored four-decimal precision; name Weber is not necessarily first author.
DNA_NN_Weber_OW04_119	AT/TA	-0.4697	-0.6289	10.1093/bioinformatics/btu751	Author release VarGibbs 5.0 data/AOP-OW04-119.par	author_data	source_parameter	Agreement within stored four-decimal precision; name Weber is not necessarily first author.
DNA_NN_Weber_OW04_119	TA/AT	-13.8995	-42.214	10.1093/bioinformatics/btu751	Author release VarGibbs 5.0 data/AOP-OW04-119.par	author_data	source_parameter	Agreement within stored four-decimal precision; name Weber is not necessarily first author.
DNA_NN_Weber_OW04_119	CA/GT	-16.2807	-46.9669	10.1093/bioinformatics/btu751	Author release VarGibbs 5.0 data/AOP-OW04-119.par	author_data	source_parameter	Agreement within stored four-decimal precision; name Weber is not necessarily first author.
DNA_NN_Weber_OW04_119	GT/CA	0.2914	2.7872	10.1093/bioinformatics/btu751	Author release VarGibbs 5.0 data/AOP-OW04-119.par	author_data	source_parameter	Agreement within stored four-decimal precision; name Weber is not necessarily first author.
DNA_NN_Weber_OW04_119	CT/GA	-6.2247	-16.5012	10.1093/bioinformatics/btu751	Author release VarGibbs 5.0 data/AOP-OW04-119.par	author_data	source_parameter	Agreement within stored four-decimal precision; name Weber is not necessarily first author.
DNA_NN_Weber_OW04_119	GA/CT	-8.2538	-23.7549	10.1093/bioinformatics/btu751	Author release VarGibbs 5.0 data/AOP-OW04-119.par	author_data	source_parameter	Agreement within stored four-decimal precision; name Weber is not necessarily first author.
DNA_NN_Weber_OW04_119	CG/GC	-15.3115	-41.9659	10.1093/bioinformatics/btu751	Author release VarGibbs 5.0 data/AOP-OW04-119.par	author_data	source_parameter	Agreement within stored four-decimal precision; name Weber is not necessarily first author.
DNA_NN_Weber_OW04_119	GC/CG	-3.1981	-6.0332	10.1093/bioinformatics/btu751	Author release VarGibbs 5.0 data/AOP-OW04-119.par	author_data	source_parameter	Agreement within stored four-decimal precision; name Weber is not necessarily first author.
DNA_NN_Weber_OW04_119	GG/CC	-10.4625	-28.561	10.1093/bioinformatics/btu751	Author release VarGibbs 5.0 data/AOP-OW04-119.par	author_data	source_parameter	Agreement within stored four-decimal precision; name Weber is not necessarily first author.
DNA_NN_Weber_OW04_119	TT/AA	-7.5348	-22.21	10.1093/bioinformatics/btu751	Author release VarGibbs 5.0 data/AOP-OW04-119.par	author_data	strand_symmetry_copy	Agreement within stored four-decimal precision; name Weber is not necessarily first author. Copy of AA/TT, not an independent fit.
DNA_NN_Weber_OW04_119	AC/TG	0.2914	2.7872	10.1093/bioinformatics/btu751	Author release VarGibbs 5.0 data/AOP-OW04-119.par	author_data	strand_symmetry_copy	Agreement within stored four-decimal precision; name Weber is not necessarily first author. Copy of GT/CA, not an independent fit.
DNA_NN_Weber_OW04_119	AG/TC	-6.2247	-16.5012	10.1093/bioinformatics/btu751	Author release VarGibbs 5.0 data/AOP-OW04-119.par	author_data	strand_symmetry_copy	Agreement within stored four-decimal precision; name Weber is not necessarily first author. Copy of CT/GA, not an independent fit.
DNA_NN_Weber_OW04_119	TC/AG	-8.2538	-23.7549	10.1093/bioinformatics/btu751	Author release VarGibbs 5.0 data/AOP-OW04-119.par	author_data	strand_symmetry_copy	Agreement within stored four-decimal precision; name Weber is not necessarily first author. Copy of GA/CT, not an independent fit.
DNA_NN_Weber_OW04_119	TG/AC	-16.2807	-46.9669	10.1093/bioinformatics/btu751	Author release VarGibbs 5.0 data/AOP-OW04-119.par	author_data	strand_symmetry_copy	Agreement within stored four-decimal precision; name Weber is not necessarily first author. Copy of CA/GT, not an independent fit.
DNA_NN_Weber_OW04_119	CC/GG	-10.4625	-28.561	10.1093/bioinformatics/btu751	Author release VarGibbs 5.0 data/AOP-OW04-119.par	author_data	strand_symmetry_copy	Agreement within stored four-decimal precision; name Weber is not necessarily first author. Copy of GG/CC, not an independent fit.
DNA_NN_Weber_OW04_220	init	0.0	0.0	10.1093/bioinformatics/btu751	Author release VarGibbs 5.0 data/AOP-OW04-220.par	author_data	zero_template	Agreement within stored four-decimal precision; name Weber is not necessarily first author. Zero implementation term, not a separately measured literature parameter.
DNA_NN_Weber_OW04_220	init_A/T	4.3309	12.6063	10.1093/bioinformatics/btu751	Author release VarGibbs 5.0 data/AOP-OW04-220.par	author_data	source_parameter	Agreement within stored four-decimal precision; name Weber is not necessarily first author.
DNA_NN_Weber_OW04_220	init_G/C	2.471	6.7606	10.1093/bioinformatics/btu751	Author release VarGibbs 5.0 data/AOP-OW04-220.par	author_data	source_parameter	Agreement within stored four-decimal precision; name Weber is not necessarily first author.
DNA_NN_Weber_OW04_220	init_oneG/C	0.0	0.0	10.1093/bioinformatics/btu751	Author release VarGibbs 5.0 data/AOP-OW04-220.par	author_data	zero_template	Agreement within stored four-decimal precision; name Weber is not necessarily first author. Zero implementation term, not a separately measured literature parameter.
DNA_NN_Weber_OW04_220	init_allA/T	0.0	0.0	10.1093/bioinformatics/btu751	Author release VarGibbs 5.0 data/AOP-OW04-220.par	author_data	zero_template	Agreement within stored four-decimal precision; name Weber is not necessarily first author. Zero implementation term, not a separately measured literature parameter.
DNA_NN_Weber_OW04_220	init_5T/A	0.0	0.0	10.1093/bioinformatics/btu751	Author release VarGibbs 5.0 data/AOP-OW04-220.par	author_data	zero_template	Agreement within stored four-decimal precision; name Weber is not necessarily first author. Zero implementation term, not a separately measured literature parameter.
DNA_NN_Weber_OW04_220	sym	0.0	-0.5873	10.1093/bioinformatics/btu751	Author release VarGibbs 5.0 data/AOP-OW04-220.par	author_data	source_parameter	Agreement within stored four-decimal precision; name Weber is not necessarily first author.
DNA_NN_Weber_OW04_220	AA/TT	-7.4688	-21.6832	10.1093/bioinformatics/btu751	Author release VarGibbs 5.0 data/AOP-OW04-220.par	author_data	source_parameter	Agreement within stored four-decimal precision; name Weber is not necessarily first author.
DNA_NN_Weber_OW04_220	AT/TA	-0.8398	-1.8294	10.1093/bioinformatics/btu751	Author release VarGibbs 5.0 data/AOP-OW04-220.par	author_data	source_parameter	Agreement within stored four-decimal precision; name Weber is not necessarily first author.
DNA_NN_Weber_OW04_220	TA/AT	-12.9102	-38.6391	10.1093/bioinformatics/btu751	Author release VarGibbs 5.0 data/AOP-OW04-220.par	author_data	source_parameter	Agreement within stored four-decimal precision; name Weber is not necessarily first author.
DNA_NN_Weber_OW04_220	CA/GT	-15.577	-44.4811	10.1093/bioinformatics/btu751	Author release VarGibbs 5.0 data/AOP-OW04-220.par	author_data	source_parameter	Agreement within stored four-decimal precision; name Weber is not necessarily first author.
DNA_NN_Weber_OW04_220	GT/CA	0.7896	4.1875	10.1093/bioinformatics/btu751	Author release VarGibbs 5.0 data/AOP-OW04-220.par	author_data	source_parameter	Agreement within stored four-decimal precision; name Weber is not necessarily first author.
DNA_NN_Weber_OW04_220	CT/GA	-6.7601	-18.0953	10.1093/bioinformatics/btu751	Author release VarGibbs 5.0 data/AOP-OW04-220.par	author_data	source_parameter	Agreement within stored four-decimal precision; name Weber is not necessarily first author.
DNA_NN_Weber_OW04_220	GA/CT	-7.542	-21.2968	10.1093/bioinformatics/btu751	Author release VarGibbs 5.0 data/AOP-OW04-220.par	author_data	source_parameter	Agreement within stored four-decimal precision; name Weber is not necessarily first author.
DNA_NN_Weber_OW04_220	CG/GC	-15.6929	-43.077	10.1093/bioinformatics/btu751	Author release VarGibbs 5.0 data/AOP-OW04-220.par	author_data	source_parameter	Agreement within stored four-decimal precision; name Weber is not necessarily first author.
DNA_NN_Weber_OW04_220	GC/CG	-2.5826	-4.1353	10.1093/bioinformatics/btu751	Author release VarGibbs 5.0 data/AOP-OW04-220.par	author_data	source_parameter	Agreement within stored four-decimal precision; name Weber is not necessarily first author.
DNA_NN_Weber_OW04_220	GG/CC	-9.8508	-26.5768	10.1093/bioinformatics/btu751	Author release VarGibbs 5.0 data/AOP-OW04-220.par	author_data	source_parameter	Agreement within stored four-decimal precision; name Weber is not necessarily first author.
DNA_NN_Weber_OW04_220	TT/AA	-7.4688	-21.6832	10.1093/bioinformatics/btu751	Author release VarGibbs 5.0 data/AOP-OW04-220.par	author_data	strand_symmetry_copy	Agreement within stored four-decimal precision; name Weber is not necessarily first author. Copy of AA/TT, not an independent fit.
DNA_NN_Weber_OW04_220	AC/TG	0.7896	4.1875	10.1093/bioinformatics/btu751	Author release VarGibbs 5.0 data/AOP-OW04-220.par	author_data	strand_symmetry_copy	Agreement within stored four-decimal precision; name Weber is not necessarily first author. Copy of GT/CA, not an independent fit.
DNA_NN_Weber_OW04_220	AG/TC	-6.7601	-18.0953	10.1093/bioinformatics/btu751	Author release VarGibbs 5.0 data/AOP-OW04-220.par	author_data	strand_symmetry_copy	Agreement within stored four-decimal precision; name Weber is not necessarily first author. Copy of CT/GA, not an independent fit.
DNA_NN_Weber_OW04_220	TC/AG	-7.542	-21.2968	10.1093/bioinformatics/btu751	Author release VarGibbs 5.0 data/AOP-OW04-220.par	author_data	strand_symmetry_copy	Agreement within stored four-decimal precision; name Weber is not necessarily first author. Copy of GA/CT, not an independent fit.
DNA_NN_Weber_OW04_220	TG/AC	-15.577	-44.4811	10.1093/bioinformatics/btu751	Author release VarGibbs 5.0 data/AOP-OW04-220.par	author_data	strand_symmetry_copy	Agreement within stored four-decimal precision; name Weber is not necessarily first author. Copy of CA/GT, not an independent fit.
DNA_NN_Weber_OW04_220	CC/GG	-9.8508	-26.5768	10.1093/bioinformatics/btu751	Author release VarGibbs 5.0 data/AOP-OW04-220.par	author_data	strand_symmetry_copy	Agreement within stored four-decimal precision; name Weber is not necessarily first author. Copy of GG/CC, not an independent fit.
DNA_NN_Weber_OW04_621	init	0.0	0.0	10.1093/bioinformatics/btu751	Author release VarGibbs 5.0 data/AOP-OW04-621.par	author_data	zero_template	Agreement within stored four-decimal precision; name Weber is not necessarily first author. Zero implementation term, not a separately measured literature parameter.
DNA_NN_Weber_OW04_621	init_A/T	2.8755	10.9634	10.1093/bioinformatics/btu751	Author release VarGibbs 5.0 data/AOP-OW04-621.par	author_data	source_parameter	Agreement within stored four-decimal precision; name Weber is not necessarily first author.
DNA_NN_Weber_OW04_621	init_G/C	1.479	6.6027	10.1093/bioinformatics/btu751	Author release VarGibbs 5.0 data/AOP-OW04-621.par	author_data	source_parameter	Agreement within stored four-decimal precision; name Weber is not necessarily first author.
DNA_NN_Weber_OW04_621	init_oneG/C	0.0	0.0	10.1093/bioinformatics/btu751	Author release VarGibbs 5.0 data/AOP-OW04-621.par	author_data	zero_template	Agreement within stored four-decimal precision; name Weber is not necessarily first author. Zero implementation term, not a separately measured literature parameter.
DNA_NN_Weber_OW04_621	init_allA/T	0.0	0.0	10.1093/bioinformatics/btu751	Author release VarGibbs 5.0 data/AOP-OW04-621.par	author_data	zero_template	Agreement within stored four-decimal precision; name Weber is not necessarily first author. Zero implementation term, not a separately measured literature parameter.
DNA_NN_Weber_OW04_621	init_5T/A	0.0	0.0	10.1093/bioinformatics/btu751	Author release VarGibbs 5.0 data/AOP-OW04-621.par	author_data	zero_template	Agreement within stored four-decimal precision; name Weber is not necessarily first author. Zero implementation term, not a separately measured literature parameter.
DNA_NN_Weber_OW04_621	sym	0.0	-0.5873	10.1093/bioinformatics/btu751	Author release VarGibbs 5.0 data/AOP-OW04-621.par	author_data	source_parameter	Agreement within stored four-decimal precision; name Weber is not necessarily first author.
DNA_NN_Weber_OW04_621	AA/TT	-5.7538	-16.2941	10.1093/bioinformatics/btu751	Author release VarGibbs 5.0 data/AOP-OW04-621.par	author_data	source_parameter	Agreement within stored four-decimal precision; name Weber is not necessarily first author.
DNA_NN_Weber_OW04_621	AT/TA	-0.4605	-0.5974	10.1093/bioinformatics/btu751	Author release VarGibbs 5.0 data/AOP-OW04-621.par	author_data	source_parameter	Agreement within stored four-decimal precision; name Weber is not necessarily first author.
DNA_NN_Weber_OW04_621	TA/AT	-10.7988	-31.913	10.1093/bioinformatics/btu751	Author release VarGibbs 5.0 data/AOP-OW04-621.par	author_data	source_parameter	Agreement within stored four-decimal precision; name Weber is not necessarily first author.
DNA_NN_Weber_OW04_621	CA/GT	-10.7744	-30.3081	10.1093/bioinformatics/btu751	Author release VarGibbs 5.0 data/AOP-OW04-621.par	author_data	source_parameter	Agreement within stored four-decimal precision; name Weber is not necessarily first author.
DNA_NN_Weber_OW04_621	GT/CA	-0.861	-0.9626	10.1093/bioinformatics/btu751	Author release VarGibbs 5.0 data/AOP-OW04-621.par	author_data	source_parameter	Agreement within stored four-decimal precision; name Weber is not necessarily first author.
DNA_NN_Weber_OW04_621	CT/GA	-4.1898	-10.7677	10.1093/bioinformatics/btu751	Author release VarGibbs 5.0 data/AOP-OW04-621.par	author_data	source_parameter	Agreement within stored four-decimal precision; name Weber is not necessarily first author.
DNA_NN_Weber_OW04_621	GA/CT	-7.2483	-20.275	10.1093/bioinformatics/btu751	Author release VarGibbs 5.0 data/AOP-OW04-621.par	author_data	source_parameter	Agreement within stored four-decimal precision; name Weber is not necessarily first author.
DNA_NN_Weber_OW04_621	CG/GC	-10.5953	-28.4924	10.1093/bioinformatics/btu751	Author release VarGibbs 5.0 data/AOP-OW04-621.par	author_data	source_parameter	Agreement within stored four-decimal precision; name Weber is not necessarily first author.
DNA_NN_Weber_OW04_621	GC/CG	-4.4725	-10.2831	10.1093/bioinformatics/btu751	Author release VarGibbs 5.0 data/AOP-OW04-621.par	author_data	source_parameter	Agreement within stored four-decimal precision; name Weber is not necessarily first author.
DNA_NN_Weber_OW04_621	GG/CC	-8.1045	-21.6798	10.1093/bioinformatics/btu751	Author release VarGibbs 5.0 data/AOP-OW04-621.par	author_data	source_parameter	Agreement within stored four-decimal precision; name Weber is not necessarily first author.
DNA_NN_Weber_OW04_621	TT/AA	-5.7538	-16.2941	10.1093/bioinformatics/btu751	Author release VarGibbs 5.0 data/AOP-OW04-621.par	author_data	strand_symmetry_copy	Agreement within stored four-decimal precision; name Weber is not necessarily first author. Copy of AA/TT, not an independent fit.
DNA_NN_Weber_OW04_621	AC/TG	-0.861	-0.9626	10.1093/bioinformatics/btu751	Author release VarGibbs 5.0 data/AOP-OW04-621.par	author_data	strand_symmetry_copy	Agreement within stored four-decimal precision; name Weber is not necessarily first author. Copy of GT/CA, not an independent fit.
DNA_NN_Weber_OW04_621	AG/TC	-4.1898	-10.7677	10.1093/bioinformatics/btu751	Author release VarGibbs 5.0 data/AOP-OW04-621.par	author_data	strand_symmetry_copy	Agreement within stored four-decimal precision; name Weber is not necessarily first author. Copy of CT/GA, not an independent fit.
DNA_NN_Weber_OW04_621	TC/AG	-7.2483	-20.275	10.1093/bioinformatics/btu751	Author release VarGibbs 5.0 data/AOP-OW04-621.par	author_data	strand_symmetry_copy	Agreement within stored four-decimal precision; name Weber is not necessarily first author. Copy of GA/CT, not an independent fit.
DNA_NN_Weber_OW04_621	TG/AC	-10.7744	-30.3081	10.1093/bioinformatics/btu751	Author release VarGibbs 5.0 data/AOP-OW04-621.par	author_data	strand_symmetry_copy	Agreement within stored four-decimal precision; name Weber is not necessarily first author. Copy of CA/GT, not an independent fit.
DNA_NN_Weber_OW04_621	CC/GG	-8.1045	-21.6798	10.1093/bioinformatics/btu751	Author release VarGibbs 5.0 data/AOP-OW04-621.par	author_data	strand_symmetry_copy	Agreement within stored four-decimal precision; name Weber is not necessarily first author. Copy of GG/CC, not an independent fit.
DNA_NN_Weber_OW04_1020	init	0.0	0.0	10.1093/bioinformatics/btu751	Author release VarGibbs 5.0 data/AOP-OW04-1020.par	author_data	zero_template	Agreement within stored four-decimal precision; name Weber is not necessarily first author. Zero implementation term, not a separately measured literature parameter.
DNA_NN_Weber_OW04_1020	init_A/T	6.4573	16.9991	10.1093/bioinformatics/btu751	Author release VarGibbs 5.0 data/AOP-OW04-1020.par	author_data	source_parameter	Agreement within stored four-decimal precision; name Weber is not necessarily first author.
DNA_NN_Weber_OW04_1020	init_G/C	4.855	11.8191	10.1093/bioinformatics/btu751	Author release VarGibbs 5.0 data/AOP-OW04-1020.par	author_data	source_parameter	Agreement within stored four-decimal precision; name Weber is not necessarily first author.
DNA_NN_Weber_OW04_1020	init_oneG/C	0.0	0.0	10.1093/bioinformatics/btu751	Author release VarGibbs 5.0 data/AOP-OW04-1020.par	author_data	zero_template	Agreement within stored four-decimal precision; name Weber is not necessarily first author. Zero implementation term, not a separately measured literature parameter.
DNA_NN_Weber_OW04_1020	init_allA/T	0.0	0.0	10.1093/bioinformatics/btu751	Author release VarGibbs 5.0 data/AOP-OW04-1020.par	author_data	zero_template	Agreement within stored four-decimal precision; name Weber is not necessarily first author. Zero implementation term, not a separately measured literature parameter.
DNA_NN_Weber_OW04_1020	init_5T/A	0.0	0.0	10.1093/bioinformatics/btu751	Author release VarGibbs 5.0 data/AOP-OW04-1020.par	author_data	zero_template	Agreement within stored four-decimal precision; name Weber is not necessarily first author. Zero implementation term, not a separately measured literature parameter.
DNA_NN_Weber_OW04_1020	sym	0.0	-0.5873	10.1093/bioinformatics/btu751	Author release VarGibbs 5.0 data/AOP-OW04-1020.par	author_data	source_parameter	Agreement within stored four-decimal precision; name Weber is not necessarily first author.
DNA_NN_Weber_OW04_1020	AA/TT	-8.6278	-24.3084	10.1093/bioinformatics/btu751	Author release VarGibbs 5.0 data/AOP-OW04-1020.par	author_data	source_parameter	Agreement within stored four-decimal precision; name Weber is not necessarily first author.
DNA_NN_Weber_OW04_1020	AT/TA	-2.1846	-5.6406	10.1093/bioinformatics/btu751	Author release VarGibbs 5.0 data/AOP-OW04-1020.par	author_data	source_parameter	Agreement within stored four-decimal precision; name Weber is not necessarily first author.
DNA_NN_Weber_OW04_1020	TA/AT	-13.8317	-40.275	10.1093/bioinformatics/btu751	Author release VarGibbs 5.0 data/AOP-OW04-1020.par	author_data	source_parameter	Agreement within stored four-decimal precision; name Weber is not necessarily first author.
DNA_NN_Weber_OW04_1020	CA/GT	-15.0245	-41.9995	10.1093/bioinformatics/btu751	Author release VarGibbs 5.0 data/AOP-OW04-1020.par	author_data	source_parameter	Agreement within stored four-decimal precision; name Weber is not necessarily first author.
DNA_NN_Weber_OW04_1020	GT/CA	-1.7673	-3.21	10.1093/bioinformatics/btu751	Author release VarGibbs 5.0 data/AOP-OW04-1020.par	author_data	source_parameter	Agreement within stored four-decimal precision; name Weber is not necessarily first author.
DNA_NN_Weber_OW04_1020	CT/GA	-6.9985	-18.5138	10.1093/bioinformatics/btu751	Author release VarGibbs 5.0 data/AOP-OW04-1020.par	author_data	source_parameter	Agreement within stored four-decimal precision; name Weber is not necessarily first author.
DNA_NN_Weber_OW04_1020	GA/CT	-9.5341	-26.2352	10.1093/bioinformatics/btu751	Author release VarGibbs 5.0 data/AOP-OW04-1020.par	author_data	source_parameter	Agreement within stored four-decimal precision; name Weber is not necessarily first author.
DNA_NN_Weber_OW04_1020	CG/GC	-14.4129	-38.8461	10.1093/bioinformatics/btu751	Author release VarGibbs 5.0 data/AOP-OW04-1020.par	author_data	source_parameter	Agreement within stored four-decimal precision; name Weber is not necessarily first author.
DNA_NN_Weber_OW04_1020	GC/CG	-6.7989	-15.8173	10.1093/bioinformatics/btu751	Author release VarGibbs 5.0 data/AOP-OW04-1020.par	author_data	source_parameter	Agreement within stored four-decimal precision; name Weber is not necessarily first author.
DNA_NN_Weber_OW04_1020	GG/CC	-11.0161	-29.2985	10.1093/bioinformatics/btu751	Author release VarGibbs 5.0 data/AOP-OW04-1020.par	author_data	source_parameter	Agreement within stored four-decimal precision; name Weber is not necessarily first author.
DNA_NN_Weber_OW04_1020	TT/AA	-8.6278	-24.3084	10.1093/bioinformatics/btu751	Author release VarGibbs 5.0 data/AOP-OW04-1020.par	author_data	strand_symmetry_copy	Agreement within stored four-decimal precision; name Weber is not necessarily first author. Copy of AA/TT, not an independent fit.
DNA_NN_Weber_OW04_1020	AC/TG	-1.7673	-3.21	10.1093/bioinformatics/btu751	Author release VarGibbs 5.0 data/AOP-OW04-1020.par	author_data	strand_symmetry_copy	Agreement within stored four-decimal precision; name Weber is not necessarily first author. Copy of GT/CA, not an independent fit.
DNA_NN_Weber_OW04_1020	AG/TC	-6.9985	-18.5138	10.1093/bioinformatics/btu751	Author release VarGibbs 5.0 data/AOP-OW04-1020.par	author_data	strand_symmetry_copy	Agreement within stored four-decimal precision; name Weber is not necessarily first author. Copy of CT/GA, not an independent fit.
DNA_NN_Weber_OW04_1020	TC/AG	-9.5341	-26.2352	10.1093/bioinformatics/btu751	Author release VarGibbs 5.0 data/AOP-OW04-1020.par	author_data	strand_symmetry_copy	Agreement within stored four-decimal precision; name Weber is not necessarily first author. Copy of GA/CT, not an independent fit.
DNA_NN_Weber_OW04_1020	TG/AC	-15.0245	-41.9995	10.1093/bioinformatics/btu751	Author release VarGibbs 5.0 data/AOP-OW04-1020.par	author_data	strand_symmetry_copy	Agreement within stored four-decimal precision; name Weber is not necessarily first author. Copy of CA/GT, not an independent fit.
DNA_NN_Weber_OW04_1020	CC/GG	-11.0161	-29.2985	10.1093/bioinformatics/btu751	Author release VarGibbs 5.0 data/AOP-OW04-1020.par	author_data	strand_symmetry_copy	Agreement within stored four-decimal precision; name Weber is not necessarily first author. Copy of GG/CC, not an independent fit.
DNA_NN_Weber_2015	init	0.0	0.0	10.1093/bioinformatics/btu751	Author release VarGibbs 5.0 data/AOP-CMB.par	author_data	zero_template	Agreement within stored four-decimal precision; name Weber is not necessarily first author. Zero implementation term, not a separately measured literature parameter.
DNA_NN_Weber_2015	init_A/T	2.5326	5.6637	10.1093/bioinformatics/btu751	Author release VarGibbs 5.0 data/AOP-CMB.par	author_data	source_parameter	Agreement within stored four-decimal precision; name Weber is not necessarily first author.
DNA_NN_Weber_2015	init_G/C	0.49	-0.6757	10.1093/bioinformatics/btu751	Author release VarGibbs 5.0 data/AOP-CMB.par	author_data	source_parameter	Agreement within stored four-decimal precision; name Weber is not necessarily first author.
DNA_NN_Weber_2015	init_oneG/C	0.0	0.0	10.1093/bioinformatics/btu751	Author release VarGibbs 5.0 data/AOP-CMB.par	author_data	zero_template	Agreement within stored four-decimal precision; name Weber is not necessarily first author. Zero implementation term, not a separately measured literature parameter.
DNA_NN_Weber_2015	init_allA/T	0.0	0.0	10.1093/bioinformatics/btu751	Author release VarGibbs 5.0 data/AOP-CMB.par	author_data	zero_template	Agreement within stored four-decimal precision; name Weber is not necessarily first author. Zero implementation term, not a separately measured literature parameter.
DNA_NN_Weber_2015	init_5T/A	0.0	0.0	10.1093/bioinformatics/btu751	Author release VarGibbs 5.0 data/AOP-CMB.par	author_data	zero_template	Agreement within stored four-decimal precision; name Weber is not necessarily first author. Zero implementation term, not a separately measured literature parameter.
DNA_NN_Weber_2015	sym	0.0	-0.5873	10.1093/bioinformatics/btu751	Author release VarGibbs 5.0 data/AOP-CMB.par	author_data	source_parameter	Agreement within stored four-decimal precision; name Weber is not necessarily first author.
DNA_NN_Weber_2015	AA/TT	-7.2009	-20.2175	10.1093/bioinformatics/btu751	Author release VarGibbs 5.0 data/AOP-CMB.par	author_data	source_parameter	Agreement within stored four-decimal precision; name Weber is not necessarily first author.
DNA_NN_Weber_2015	AT/TA	-5.6921	-15.8947	10.1093/bioinformatics/btu751	Author release VarGibbs 5.0 data/AOP-CMB.par	author_data	source_parameter	Agreement within stored four-decimal precision; name Weber is not necessarily first author.
DNA_NN_Weber_2015	TA/AT	-4.0774	-11.3388	10.1093/bioinformatics/btu751	Author release VarGibbs 5.0 data/AOP-CMB.par	author_data	source_parameter	Agreement within stored four-decimal precision; name Weber is not necessarily first author.
DNA_NN_Weber_2015	CA/GT	-8.5782	-23.1654	10.1093/bioinformatics/btu751	Author release VarGibbs 5.0 data/AOP-CMB.par	author_data	source_parameter	Agreement within stored four-decimal precision; name Weber is not necessarily first author.
DNA_NN_Weber_2015	GT/CA	-7.2564	-19.3191	10.1093/bioinformatics/btu751	Author release VarGibbs 5.0 data/AOP-CMB.par	author_data	source_parameter	Agreement within stored four-decimal precision; name Weber is not necessarily first author.
DNA_NN_Weber_2015	CT/GA	-6.4646	-17.0925	10.1093/bioinformatics/btu751	Author release VarGibbs 5.0 data/AOP-CMB.par	author_data	source_parameter	Agreement within stored four-decimal precision; name Weber is not necessarily first author.
DNA_NN_Weber_2015	GA/CT	-7.1036	-18.9155	10.1093/bioinformatics/btu751	Author release VarGibbs 5.0 data/AOP-CMB.par	author_data	source_parameter	Agreement within stored four-decimal precision; name Weber is not necessarily first author.
DNA_NN_Weber_2015	CG/GC	-9.7028	-24.8796	10.1093/bioinformatics/btu751	Author release VarGibbs 5.0 data/AOP-CMB.par	author_data	source_parameter	Agreement within stored four-decimal precision; name Weber is not necessarily first author.
DNA_NN_Weber_2015	GC/CG	-9.5938	-24.4371	10.1093/bioinformatics/btu751	Author release VarGibbs 5.0 data/AOP-CMB.par	author_data	source_parameter	Agreement within stored four-decimal precision; name Weber is not necessarily first author.
DNA_NN_Weber_2015	GG/CC	-8.7684	-22.7375	10.1093/bioinformatics/btu751	Author release VarGibbs 5.0 data/AOP-CMB.par	author_data	source_parameter	Agreement within stored four-decimal precision; name Weber is not necessarily first author.
DNA_NN_Weber_2015	TT/AA	-7.2009	-20.2175	10.1093/bioinformatics/btu751	Author release VarGibbs 5.0 data/AOP-CMB.par	author_data	strand_symmetry_copy	Agreement within stored four-decimal precision; name Weber is not necessarily first author. Copy of AA/TT, not an independent fit.
DNA_NN_Weber_2015	AC/TG	-7.2564	-19.3191	10.1093/bioinformatics/btu751	Author release VarGibbs 5.0 data/AOP-CMB.par	author_data	strand_symmetry_copy	Agreement within stored four-decimal precision; name Weber is not necessarily first author. Copy of GT/CA, not an independent fit.
DNA_NN_Weber_2015	AG/TC	-6.4646	-17.0925	10.1093/bioinformatics/btu751	Author release VarGibbs 5.0 data/AOP-CMB.par	author_data	strand_symmetry_copy	Agreement within stored four-decimal precision; name Weber is not necessarily first author. Copy of CT/GA, not an independent fit.
DNA_NN_Weber_2015	TC/AG	-7.1036	-18.9155	10.1093/bioinformatics/btu751	Author release VarGibbs 5.0 data/AOP-CMB.par	author_data	strand_symmetry_copy	Agreement within stored four-decimal precision; name Weber is not necessarily first author. Copy of GA/CT, not an independent fit.
DNA_NN_Weber_2015	TG/AC	-8.5782	-23.1654	10.1093/bioinformatics/btu751	Author release VarGibbs 5.0 data/AOP-CMB.par	author_data	strand_symmetry_copy	Agreement within stored four-decimal precision; name Weber is not necessarily first author. Copy of CA/GT, not an independent fit.
DNA_NN_Weber_2015	CC/GG	-8.7684	-22.7375	10.1093/bioinformatics/btu751	Author release VarGibbs 5.0 data/AOP-CMB.par	author_data	strand_symmetry_copy	Agreement within stored four-decimal precision; name Weber is not necessarily first author. Copy of GG/CC, not an independent fit.
RNA_NN_Weber_VIF_71	init	3.4085	0.2886	10.1016/j.chemphys.2019.01.016	Author release VarGibbs 5.0 data/AOP-VIFRW-71.par	author_data	source_parameter	Agreement within stored four-decimal precision; name Weber is not necessarily first author.
RNA_NN_Weber_VIF_71	init_A/T	4.6722	12.4606	10.1016/j.chemphys.2019.01.016	Author release VarGibbs 5.0 data/AOP-VIFRW-71.par	author_data	source_parameter	Agreement within stored four-decimal precision; name Weber is not necessarily first author.
RNA_NN_Weber_VIF_71	init_G/C	0.0	0.0	10.1016/j.chemphys.2019.01.016	Author release VarGibbs 5.0 data/AOP-VIFRW-71.par	author_data	zero_template	Agreement within stored four-decimal precision; name Weber is not necessarily first author. Zero implementation term, not a separately measured literature parameter.
RNA_NN_Weber_VIF_71	init_oneG/C	0.0	0.0	10.1016/j.chemphys.2019.01.016	Author release VarGibbs 5.0 data/AOP-VIFRW-71.par	author_data	zero_template	Agreement within stored four-decimal precision; name Weber is not necessarily first author. Zero implementation term, not a separately measured literature parameter.
RNA_NN_Weber_VIF_71	init_allA/T	0.0	0.0	10.1016/j.chemphys.2019.01.016	Author release VarGibbs 5.0 data/AOP-VIFRW-71.par	author_data	zero_template	Agreement within stored four-decimal precision; name Weber is not necessarily first author. Zero implementation term, not a separately measured literature parameter.
RNA_NN_Weber_VIF_71	init_5T/A	0.0	0.0	10.1016/j.chemphys.2019.01.016	Author release VarGibbs 5.0 data/AOP-VIFRW-71.par	author_data	zero_template	Agreement within stored four-decimal precision; name Weber is not necessarily first author. Zero implementation term, not a separately measured literature parameter.
RNA_NN_Weber_VIF_71	sym	0.0	-1.4	10.1016/j.chemphys.2019.01.016	Author release VarGibbs 5.0 data/AOP-VIFRW-71.par	author_data	source_parameter	Agreement within stored four-decimal precision; name Weber is not necessarily first author.
RNA_NN_Weber_VIF_71	AA/TT	-5.3315	-14.8085	10.1016/j.chemphys.2019.01.016	Author release VarGibbs 5.0 data/AOP-VIFRW-71.par	author_data	source_parameter	Agreement within stored four-decimal precision; name Weber is not necessarily first author.
RNA_NN_Weber_VIF_71	AT/TA	-10.2716	-29.6132	10.1016/j.chemphys.2019.01.016	Author release VarGibbs 5.0 data/AOP-VIFRW-71.par	author_data	source_parameter	Agreement within stored four-decimal precision; name Weber is not necessarily first author.
RNA_NN_Weber_VIF_71	TA/AT	-10.3296	-31.9802	10.1016/j.chemphys.2019.01.016	Author release VarGibbs 5.0 data/AOP-VIFRW-71.par	author_data	source_parameter	Agreement within stored four-decimal precision; name Weber is not necessarily first author.
RNA_NN_Weber_VIF_71	CA/GT	-10.3505	-29.3566	10.1016/j.chemphys.2019.01.016	Author release VarGibbs 5.0 data/AOP-VIFRW-71.par	author_data	source_parameter	Agreement within stored four-decimal precision; name Weber is not necessarily first author.
RNA_NN_Weber_VIF_71	GT/CA	-12.4315	-32.9656	10.1016/j.chemphys.2019.01.016	Author release VarGibbs 5.0 data/AOP-VIFRW-71.par	author_data	source_parameter	Agreement within stored four-decimal precision; name Weber is not necessarily first author.
RNA_NN_Weber_VIF_71	CT/GA	-11.5553	-31.1152	10.1016/j.chemphys.2019.01.016	Author release VarGibbs 5.0 data/AOP-VIFRW-71.par	author_data	source_parameter	Agreement within stored four-decimal precision; name Weber is not necessarily first author.
RNA_NN_Weber_VIF_71	GA/CT	-12.135	-33.8251	10.1016/j.chemphys.2019.01.016	Author release VarGibbs 5.0 data/AOP-VIFRW-71.par	author_data	source_parameter	Agreement within stored four-decimal precision; name Weber is not necessarily first author.
RNA_NN_Weber_VIF_71	CG/GC	-10.6616	-27.9859	10.1016/j.chemphys.2019.01.016	Author release VarGibbs 5.0 data/AOP-VIFRW-71.par	author_data	source_parameter	Agreement within stored four-decimal precision; name Weber is not necessarily first author.
RNA_NN_Weber_VIF_71	GC/CG	-14.2091	-36.2688	10.1016/j.chemphys.2019.01.016	Author release VarGibbs 5.0 data/AOP-VIFRW-71.par	author_data	source_parameter	Agreement within stored four-decimal precision; name Weber is not necessarily first author.
RNA_NN_Weber_VIF_71	GG/CC	-12.8534	-32.1972	10.1016/j.chemphys.2019.01.016	Author release VarGibbs 5.0 data/AOP-VIFRW-71.par	author_data	source_parameter	Agreement within stored four-decimal precision; name Weber is not necessarily first author.
RNA_NN_Weber_VIF_71	TT/AA	-5.3315	-14.8085	10.1016/j.chemphys.2019.01.016	Author release VarGibbs 5.0 data/AOP-VIFRW-71.par	author_data	strand_symmetry_copy	Agreement within stored four-decimal precision; name Weber is not necessarily first author. Copy of AA/TT, not an independent fit.
RNA_NN_Weber_VIF_71	AC/TG	-12.4315	-32.9656	10.1016/j.chemphys.2019.01.016	Author release VarGibbs 5.0 data/AOP-VIFRW-71.par	author_data	strand_symmetry_copy	Agreement within stored four-decimal precision; name Weber is not necessarily first author. Copy of GT/CA, not an independent fit.
RNA_NN_Weber_VIF_71	AG/TC	-11.5553	-31.1152	10.1016/j.chemphys.2019.01.016	Author release VarGibbs 5.0 data/AOP-VIFRW-71.par	author_data	strand_symmetry_copy	Agreement within stored four-decimal precision; name Weber is not necessarily first author. Copy of CT/GA, not an independent fit.
RNA_NN_Weber_VIF_71	TC/AG	-12.135	-33.8251	10.1016/j.chemphys.2019.01.016	Author release VarGibbs 5.0 data/AOP-VIFRW-71.par	author_data	strand_symmetry_copy	Agreement within stored four-decimal precision; name Weber is not necessarily first author. Copy of GA/CT, not an independent fit.
RNA_NN_Weber_VIF_71	TG/AC	-10.3505	-29.3566	10.1016/j.chemphys.2019.01.016	Author release VarGibbs 5.0 data/AOP-VIFRW-71.par	author_data	strand_symmetry_copy	Agreement within stored four-decimal precision; name Weber is not necessarily first author. Copy of CA/GT, not an independent fit.
RNA_NN_Weber_VIF_71	CC/GG	-12.8534	-32.1972	10.1016/j.chemphys.2019.01.016	Author release VarGibbs 5.0 data/AOP-VIFRW-71.par	author_data	strand_symmetry_copy	Agreement within stored four-decimal precision; name Weber is not necessarily first author. Copy of GG/CC, not an independent fit.
RNA_NN_Weber_VIF_121	init	2.317	0.2578	10.1016/j.chemphys.2019.01.016	Author release VarGibbs 5.0 data/AOP-VIFRW-121.par	author_data	source_parameter	Agreement within stored four-decimal precision; name Weber is not necessarily first author.
RNA_NN_Weber_VIF_121	init_A/T	5.6296	15.1423	10.1016/j.chemphys.2019.01.016	Author release VarGibbs 5.0 data/AOP-VIFRW-121.par	author_data	source_parameter	Agreement within stored four-decimal precision; name Weber is not necessarily first author.
RNA_NN_Weber_VIF_121	init_G/C	0.0	0.0	10.1016/j.chemphys.2019.01.016	Author release VarGibbs 5.0 data/AOP-VIFRW-121.par	author_data	zero_template	Agreement within stored four-decimal precision; name Weber is not necessarily first author. Zero implementation term, not a separately measured literature parameter.
RNA_NN_Weber_VIF_121	init_oneG/C	0.0	0.0	10.1016/j.chemphys.2019.01.016	Author release VarGibbs 5.0 data/AOP-VIFRW-121.par	author_data	zero_template	Agreement within stored four-decimal precision; name Weber is not necessarily first author. Zero implementation term, not a separately measured literature parameter.
RNA_NN_Weber_VIF_121	init_allA/T	0.0	0.0	10.1016/j.chemphys.2019.01.016	Author release VarGibbs 5.0 data/AOP-VIFRW-121.par	author_data	zero_template	Agreement within stored four-decimal precision; name Weber is not necessarily first author. Zero implementation term, not a separately measured literature parameter.
RNA_NN_Weber_VIF_121	init_5T/A	0.0	0.0	10.1016/j.chemphys.2019.01.016	Author release VarGibbs 5.0 data/AOP-VIFRW-121.par	author_data	zero_template	Agreement within stored four-decimal precision; name Weber is not necessarily first author. Zero implementation term, not a separately measured literature parameter.
RNA_NN_Weber_VIF_121	sym	0.0	-1.4	10.1016/j.chemphys.2019.01.016	Author release VarGibbs 5.0 data/AOP-VIFRW-121.par	author_data	source_parameter	Agreement within stored four-decimal precision; name Weber is not necessarily first author.
RNA_NN_Weber_VIF_121	AA/TT	-9.5363	-28.996	10.1016/j.chemphys.2019.01.016	Author release VarGibbs 5.0 data/AOP-VIFRW-121.par	author_data	source_parameter	Agreement within stored four-decimal precision; name Weber is not necessarily first author.
RNA_NN_Weber_VIF_121	AT/TA	-11.4066	-32.4378	10.1016/j.chemphys.2019.01.016	Author release VarGibbs 5.0 data/AOP-VIFRW-121.par	author_data	source_parameter	Agreement within stored four-decimal precision; name Weber is not necessarily first author.
RNA_NN_Weber_VIF_121	TA/AT	-10.5677	-33.7691	10.1016/j.chemphys.2019.01.016	Author release VarGibbs 5.0 data/AOP-VIFRW-121.par	author_data	source_parameter	Agreement within stored four-decimal precision; name Weber is not necessarily first author.
RNA_NN_Weber_VIF_121	CA/GT	-10.1748	-29.8826	10.1016/j.chemphys.2019.01.016	Author release VarGibbs 5.0 data/AOP-VIFRW-121.par	author_data	source_parameter	Agreement within stored four-decimal precision; name Weber is not necessarily first author.
RNA_NN_Weber_VIF_121	GT/CA	-12.2827	-32.2623	10.1016/j.chemphys.2019.01.016	Author release VarGibbs 5.0 data/AOP-VIFRW-121.par	author_data	source_parameter	Agreement within stored four-decimal precision; name Weber is not necessarily first author.
RNA_NN_Weber_VIF_121	CT/GA	-11.3606	-30.2829	10.1016/j.chemphys.2019.01.016	Author release VarGibbs 5.0 data/AOP-VIFRW-121.par	author_data	source_parameter	Agreement within stored four-decimal precision; name Weber is not necessarily first author.
RNA_NN_Weber_VIF_121	GA/CT	-12.8637	-37.1318	10.1016/j.chemphys.2019.01.016	Author release VarGibbs 5.0 data/AOP-VIFRW-121.par	author_data	source_parameter	Agreement within stored four-decimal precision; name Weber is not necessarily first author.
RNA_NN_Weber_VIF_121	CG/GC	-10.8907	-29.1438	10.1016/j.chemphys.2019.01.016	Author release VarGibbs 5.0 data/AOP-VIFRW-121.par	author_data	source_parameter	Agreement within stored four-decimal precision; name Weber is not necessarily first author.
RNA_NN_Weber_VIF_121	GC/CG	-13.9826	-35.8758	10.1016/j.chemphys.2019.01.016	Author release VarGibbs 5.0 data/AOP-VIFRW-121.par	author_data	source_parameter	Agreement within stored four-decimal precision; name Weber is not necessarily first author.
RNA_NN_Weber_VIF_121	GG/CC	-11.6163	-28.9123	10.1016/j.chemphys.2019.01.016	Author release VarGibbs 5.0 data/AOP-VIFRW-121.par	author_data	source_parameter	Agreement within stored four-decimal precision; name Weber is not necessarily first author.
RNA_NN_Weber_VIF_121	TT/AA	-9.5363	-28.996	10.1016/j.chemphys.2019.01.016	Author release VarGibbs 5.0 data/AOP-VIFRW-121.par	author_data	strand_symmetry_copy	Agreement within stored four-decimal precision; name Weber is not necessarily first author. Copy of AA/TT, not an independent fit.
RNA_NN_Weber_VIF_121	AC/TG	-12.2827	-32.2623	10.1016/j.chemphys.2019.01.016	Author release VarGibbs 5.0 data/AOP-VIFRW-121.par	author_data	strand_symmetry_copy	Agreement within stored four-decimal precision; name Weber is not necessarily first author. Copy of GT/CA, not an independent fit.
RNA_NN_Weber_VIF_121	AG/TC	-11.3606	-30.2829	10.1016/j.chemphys.2019.01.016	Author release VarGibbs 5.0 data/AOP-VIFRW-121.par	author_data	strand_symmetry_copy	Agreement within stored four-decimal precision; name Weber is not necessarily first author. Copy of CT/GA, not an independent fit.
RNA_NN_Weber_VIF_121	TC/AG	-12.8637	-37.1318	10.1016/j.chemphys.2019.01.016	Author release VarGibbs 5.0 data/AOP-VIFRW-121.par	author_data	strand_symmetry_copy	Agreement within stored four-decimal precision; name Weber is not necessarily first author. Copy of GA/CT, not an independent fit.
RNA_NN_Weber_VIF_121	TG/AC	-10.1748	-29.8826	10.1016/j.chemphys.2019.01.016	Author release VarGibbs 5.0 data/AOP-VIFRW-121.par	author_data	strand_symmetry_copy	Agreement within stored four-decimal precision; name Weber is not necessarily first author. Copy of CA/GT, not an independent fit.
RNA_NN_Weber_VIF_121	CC/GG	-11.6163	-28.9123	10.1016/j.chemphys.2019.01.016	Author release VarGibbs 5.0 data/AOP-VIFRW-121.par	author_data	strand_symmetry_copy	Agreement within stored four-decimal precision; name Weber is not necessarily first author. Copy of GG/CC, not an independent fit.
RNA_NN_Weber_VIF_221	init	2.4417	-1.2287	10.1016/j.chemphys.2019.01.016	Author release VarGibbs 5.0 data/AOP-VIFRW-221.par	author_data	source_parameter	Agreement within stored four-decimal precision; name Weber is not necessarily first author.
RNA_NN_Weber_VIF_221	init_A/T	5.2434	14.1869	10.1016/j.chemphys.2019.01.016	Author release VarGibbs 5.0 data/AOP-VIFRW-221.par	author_data	source_parameter	Agreement within stored four-decimal precision; name Weber is not necessarily first author.
RNA_NN_Weber_VIF_221	init_G/C	0.0	0.0	10.1016/j.chemphys.2019.01.016	Author release VarGibbs 5.0 data/AOP-VIFRW-221.par	author_data	zero_template	Agreement within stored four-decimal precision; name Weber is not necessarily first author. Zero implementation term, not a separately measured literature parameter.
RNA_NN_Weber_VIF_221	init_oneG/C	0.0	0.0	10.1016/j.chemphys.2019.01.016	Author release VarGibbs 5.0 data/AOP-VIFRW-221.par	author_data	zero_template	Agreement within stored four-decimal precision; name Weber is not necessarily first author. Zero implementation term, not a separately measured literature parameter.
RNA_NN_Weber_VIF_221	init_allA/T	0.0	0.0	10.1016/j.chemphys.2019.01.016	Author release VarGibbs 5.0 data/AOP-VIFRW-221.par	author_data	zero_template	Agreement within stored four-decimal precision; name Weber is not necessarily first author. Zero implementation term, not a separately measured literature parameter.
RNA_NN_Weber_VIF_221	init_5T/A	0.0	0.0	10.1016/j.chemphys.2019.01.016	Author release VarGibbs 5.0 data/AOP-VIFRW-221.par	author_data	zero_template	Agreement within stored four-decimal precision; name Weber is not necessarily first author. Zero implementation term, not a separately measured literature parameter.
RNA_NN_Weber_VIF_221	sym	0.0	-1.4	10.1016/j.chemphys.2019.01.016	Author release VarGibbs 5.0 data/AOP-VIFRW-221.par	author_data	source_parameter	Agreement within stored four-decimal precision; name Weber is not necessarily first author.
RNA_NN_Weber_VIF_221	AA/TT	-7.2734	-20.9687	10.1016/j.chemphys.2019.01.016	Author release VarGibbs 5.0 data/AOP-VIFRW-221.par	author_data	source_parameter	Agreement within stored four-decimal precision; name Weber is not necessarily first author.
RNA_NN_Weber_VIF_221	AT/TA	-11.0415	-30.951	10.1016/j.chemphys.2019.01.016	Author release VarGibbs 5.0 data/AOP-VIFRW-221.par	author_data	source_parameter	Agreement within stored four-decimal precision; name Weber is not necessarily first author.
RNA_NN_Weber_VIF_221	TA/AT	-9.4127	-29.3164	10.1016/j.chemphys.2019.01.016	Author release VarGibbs 5.0 data/AOP-VIFRW-221.par	author_data	source_parameter	Agreement within stored four-decimal precision; name Weber is not necessarily first author.
RNA_NN_Weber_VIF_221	CA/GT	-11.1475	-32.0746	10.1016/j.chemphys.2019.01.016	Author release VarGibbs 5.0 data/AOP-VIFRW-221.par	author_data	source_parameter	Agreement within stored four-decimal precision; name Weber is not necessarily first author.
RNA_NN_Weber_VIF_221	GT/CA	-11.7833	-30.3817	10.1016/j.chemphys.2019.01.016	Author release VarGibbs 5.0 data/AOP-VIFRW-221.par	author_data	source_parameter	Agreement within stored four-decimal precision; name Weber is not necessarily first author.
RNA_NN_Weber_VIF_221	CT/GA	-12.4938	-33.5013	10.1016/j.chemphys.2019.01.016	Author release VarGibbs 5.0 data/AOP-VIFRW-221.par	author_data	source_parameter	Agreement within stored four-decimal precision; name Weber is not necessarily first author.
RNA_NN_Weber_VIF_221	GA/CT	-11.9556	-33.3326	10.1016/j.chemphys.2019.01.016	Author release VarGibbs 5.0 data/AOP-VIFRW-221.par	author_data	source_parameter	Agreement within stored four-decimal precision; name Weber is not necessarily first author.
RNA_NN_Weber_VIF_221	CG/GC	-11.9159	-31.8045	10.1016/j.chemphys.2019.01.016	Author release VarGibbs 5.0 data/AOP-VIFRW-221.par	author_data	source_parameter	Agreement within stored four-decimal precision; name Weber is not necessarily first author.
RNA_NN_Weber_VIF_221	GC/CG	-13.5035	-33.7292	10.1016/j.chemphys.2019.01.016	Author release VarGibbs 5.0 data/AOP-VIFRW-221.par	author_data	source_parameter	Agreement within stored four-decimal precision; name Weber is not necessarily first author.
RNA_NN_Weber_VIF_221	GG/CC	-11.8934	-29.0209	10.1016/j.chemphys.2019.01.016	Author release VarGibbs 5.0 data/AOP-VIFRW-221.par	author_data	source_parameter	Agreement within stored four-decimal precision; name Weber is not necessarily first author.
RNA_NN_Weber_VIF_221	TT/AA	-7.2734	-20.9687	10.1016/j.chemphys.2019.01.016	Author release VarGibbs 5.0 data/AOP-VIFRW-221.par	author_data	strand_symmetry_copy	Agreement within stored four-decimal precision; name Weber is not necessarily first author. Copy of AA/TT, not an independent fit.
RNA_NN_Weber_VIF_221	AC/TG	-11.7833	-30.3817	10.1016/j.chemphys.2019.01.016	Author release VarGibbs 5.0 data/AOP-VIFRW-221.par	author_data	strand_symmetry_copy	Agreement within stored four-decimal precision; name Weber is not necessarily first author. Copy of GT/CA, not an independent fit.
RNA_NN_Weber_VIF_221	AG/TC	-12.4938	-33.5013	10.1016/j.chemphys.2019.01.016	Author release VarGibbs 5.0 data/AOP-VIFRW-221.par	author_data	strand_symmetry_copy	Agreement within stored four-decimal precision; name Weber is not necessarily first author. Copy of CT/GA, not an independent fit.
RNA_NN_Weber_VIF_221	TC/AG	-11.9556	-33.3326	10.1016/j.chemphys.2019.01.016	Author release VarGibbs 5.0 data/AOP-VIFRW-221.par	author_data	strand_symmetry_copy	Agreement within stored four-decimal precision; name Weber is not necessarily first author. Copy of GA/CT, not an independent fit.
RNA_NN_Weber_VIF_221	TG/AC	-11.1475	-32.0746	10.1016/j.chemphys.2019.01.016	Author release VarGibbs 5.0 data/AOP-VIFRW-221.par	author_data	strand_symmetry_copy	Agreement within stored four-decimal precision; name Weber is not necessarily first author. Copy of CA/GT, not an independent fit.
RNA_NN_Weber_VIF_221	CC/GG	-11.8934	-29.0209	10.1016/j.chemphys.2019.01.016	Author release VarGibbs 5.0 data/AOP-VIFRW-221.par	author_data	strand_symmetry_copy	Agreement within stored four-decimal precision; name Weber is not necessarily first author. Copy of GG/CC, not an independent fit.
RNA_NN_Weber_VIF_621	init	2.0381	-0.7355	10.1016/j.chemphys.2019.01.016	Author release VarGibbs 5.0 data/AOP-VIFRW-621.par	author_data	source_parameter	Agreement within stored four-decimal precision; name Weber is not necessarily first author.
RNA_NN_Weber_VIF_621	init_A/T	4.7624	12.686	10.1016/j.chemphys.2019.01.016	Author release VarGibbs 5.0 data/AOP-VIFRW-621.par	author_data	source_parameter	Agreement within stored four-decimal precision; name Weber is not necessarily first author.
RNA_NN_Weber_VIF_621	init_G/C	0.0	0.0	10.1016/j.chemphys.2019.01.016	Author release VarGibbs 5.0 data/AOP-VIFRW-621.par	author_data	zero_template	Agreement within stored four-decimal precision; name Weber is not necessarily first author. Zero implementation term, not a separately measured literature parameter.
RNA_NN_Weber_VIF_621	init_oneG/C	0.0	0.0	10.1016/j.chemphys.2019.01.016	Author release VarGibbs 5.0 data/AOP-VIFRW-621.par	author_data	zero_template	Agreement within stored four-decimal precision; name Weber is not necessarily first author. Zero implementation term, not a separately measured literature parameter.
RNA_NN_Weber_VIF_621	init_allA/T	0.0	0.0	10.1016/j.chemphys.2019.01.016	Author release VarGibbs 5.0 data/AOP-VIFRW-621.par	author_data	zero_template	Agreement within stored four-decimal precision; name Weber is not necessarily first author. Zero implementation term, not a separately measured literature parameter.
RNA_NN_Weber_VIF_621	init_5T/A	0.0	0.0	10.1016/j.chemphys.2019.01.016	Author release VarGibbs 5.0 data/AOP-VIFRW-621.par	author_data	zero_template	Agreement within stored four-decimal precision; name Weber is not necessarily first author. Zero implementation term, not a separately measured literature parameter.
RNA_NN_Weber_VIF_621	sym	0.0	-1.4	10.1016/j.chemphys.2019.01.016	Author release VarGibbs 5.0 data/AOP-VIFRW-621.par	author_data	source_parameter	Agreement within stored four-decimal precision; name Weber is not necessarily first author.
RNA_NN_Weber_VIF_621	AA/TT	-5.0673	-13.7959	10.1016/j.chemphys.2019.01.016	Author release VarGibbs 5.0 data/AOP-VIFRW-621.par	author_data	source_parameter	Agreement within stored four-decimal precision; name Weber is not necessarily first author.
RNA_NN_Weber_VIF_621	AT/TA	-12.0086	-33.5987	10.1016/j.chemphys.2019.01.016	Author release VarGibbs 5.0 data/AOP-VIFRW-621.par	author_data	source_parameter	Agreement within stored four-decimal precision; name Weber is not necessarily first author.
RNA_NN_Weber_VIF_621	TA/AT	-9.4331	-29.1261	10.1016/j.chemphys.2019.01.016	Author release VarGibbs 5.0 data/AOP-VIFRW-621.par	author_data	source_parameter	Agreement within stored four-decimal precision; name Weber is not necessarily first author.
RNA_NN_Weber_VIF_621	CA/GT	-12.3988	-36.0577	10.1016/j.chemphys.2019.01.016	Author release VarGibbs 5.0 data/AOP-VIFRW-621.par	author_data	source_parameter	Agreement within stored four-decimal precision; name Weber is not necessarily first author.
RNA_NN_Weber_VIF_621	GT/CA	-13.1418	-34.7699	10.1016/j.chemphys.2019.01.016	Author release VarGibbs 5.0 data/AOP-VIFRW-621.par	author_data	source_parameter	Agreement within stored four-decimal precision; name Weber is not necessarily first author.
RNA_NN_Weber_VIF_621	CT/GA	-11.6446	-30.8224	10.1016/j.chemphys.2019.01.016	Author release VarGibbs 5.0 data/AOP-VIFRW-621.par	author_data	source_parameter	Agreement within stored four-decimal precision; name Weber is not necessarily first author.
RNA_NN_Weber_VIF_621	GA/CT	-11.993	-33.4713	10.1016/j.chemphys.2019.01.016	Author release VarGibbs 5.0 data/AOP-VIFRW-621.par	author_data	source_parameter	Agreement within stored four-decimal precision; name Weber is not necessarily first author.
RNA_NN_Weber_VIF_621	CG/GC	-11.8	-31.5396	10.1016/j.chemphys.2019.01.016	Author release VarGibbs 5.0 data/AOP-VIFRW-621.par	author_data	source_parameter	Agreement within stored four-decimal precision; name Weber is not necessarily first author.
RNA_NN_Weber_VIF_621	GC/CG	-13.1341	-32.6632	10.1016/j.chemphys.2019.01.016	Author release VarGibbs 5.0 data/AOP-VIFRW-621.par	author_data	source_parameter	Agreement within stored four-decimal precision; name Weber is not necessarily first author.
RNA_NN_Weber_VIF_621	GG/CC	-11.4641	-27.8822	10.1016/j.chemphys.2019.01.016	Author release VarGibbs 5.0 data/AOP-VIFRW-621.par	author_data	source_parameter	Agreement within stored four-decimal precision; name Weber is not necessarily first author.
RNA_NN_Weber_VIF_621	TT/AA	-5.0673	-13.7959	10.1016/j.chemphys.2019.01.016	Author release VarGibbs 5.0 data/AOP-VIFRW-621.par	author_data	strand_symmetry_copy	Agreement within stored four-decimal precision; name Weber is not necessarily first author. Copy of AA/TT, not an independent fit.
RNA_NN_Weber_VIF_621	AC/TG	-13.1418	-34.7699	10.1016/j.chemphys.2019.01.016	Author release VarGibbs 5.0 data/AOP-VIFRW-621.par	author_data	strand_symmetry_copy	Agreement within stored four-decimal precision; name Weber is not necessarily first author. Copy of GT/CA, not an independent fit.
RNA_NN_Weber_VIF_621	AG/TC	-11.6446	-30.8224	10.1016/j.chemphys.2019.01.016	Author release VarGibbs 5.0 data/AOP-VIFRW-621.par	author_data	strand_symmetry_copy	Agreement within stored four-decimal precision; name Weber is not necessarily first author. Copy of CT/GA, not an independent fit.
RNA_NN_Weber_VIF_621	TC/AG	-11.993	-33.4713	10.1016/j.chemphys.2019.01.016	Author release VarGibbs 5.0 data/AOP-VIFRW-621.par	author_data	strand_symmetry_copy	Agreement within stored four-decimal precision; name Weber is not necessarily first author. Copy of GA/CT, not an independent fit.
RNA_NN_Weber_VIF_621	TG/AC	-12.3988	-36.0577	10.1016/j.chemphys.2019.01.016	Author release VarGibbs 5.0 data/AOP-VIFRW-621.par	author_data	strand_symmetry_copy	Agreement within stored four-decimal precision; name Weber is not necessarily first author. Copy of CA/GT, not an independent fit.
RNA_NN_Weber_VIF_621	CC/GG	-11.4641	-27.8822	10.1016/j.chemphys.2019.01.016	Author release VarGibbs 5.0 data/AOP-VIFRW-621.par	author_data	strand_symmetry_copy	Agreement within stored four-decimal precision; name Weber is not necessarily first author. Copy of GG/CC, not an independent fit.
RNA_NN_Weber_VIF_1021	init	5.2375	1.0265	10.1016/j.chemphys.2019.01.016	Author release VarGibbs 5.0 data/AOP-VIFRW-1021.par	author_data	source_parameter	Agreement within stored four-decimal precision; name Weber is not necessarily first author.
RNA_NN_Weber_VIF_1021	init_A/T	1.8683	4.84	10.1016/j.chemphys.2019.01.016	Author release VarGibbs 5.0 data/AOP-VIFRW-1021.par	author_data	source_parameter	Agreement within stored four-decimal precision; name Weber is not necessarily first author.
RNA_NN_Weber_VIF_1021	init_G/C	0.0	0.0	10.1016/j.chemphys.2019.01.016	Author release VarGibbs 5.0 data/AOP-VIFRW-1021.par	author_data	zero_template	Agreement within stored four-decimal precision; name Weber is not necessarily first author. Zero implementation term, not a separately measured literature parameter.
RNA_NN_Weber_VIF_1021	init_oneG/C	0.0	0.0	10.1016/j.chemphys.2019.01.016	Author release VarGibbs 5.0 data/AOP-VIFRW-1021.par	author_data	zero_template	Agreement within stored four-decimal precision; name Weber is not necessarily first author. Zero implementation term, not a separately measured literature parameter.
RNA_NN_Weber_VIF_1021	init_allA/T	0.0	0.0	10.1016/j.chemphys.2019.01.016	Author release VarGibbs 5.0 data/AOP-VIFRW-1021.par	author_data	zero_template	Agreement within stored four-decimal precision; name Weber is not necessarily first author. Zero implementation term, not a separately measured literature parameter.
RNA_NN_Weber_VIF_1021	init_5T/A	0.0	0.0	10.1016/j.chemphys.2019.01.016	Author release VarGibbs 5.0 data/AOP-VIFRW-1021.par	author_data	zero_template	Agreement within stored four-decimal precision; name Weber is not necessarily first author. Zero implementation term, not a separately measured literature parameter.
RNA_NN_Weber_VIF_1021	sym	0.0	-1.4	10.1016/j.chemphys.2019.01.016	Author release VarGibbs 5.0 data/AOP-VIFRW-1021.par	author_data	source_parameter	Agreement within stored four-decimal precision; name Weber is not necessarily first author.
RNA_NN_Weber_VIF_1021	AA/TT	-6.9088	-18.9939	10.1016/j.chemphys.2019.01.016	Author release VarGibbs 5.0 data/AOP-VIFRW-1021.par	author_data	source_parameter	Agreement within stored four-decimal precision; name Weber is not necessarily first author.
RNA_NN_Weber_VIF_1021	AT/TA	-12.3315	-35.5068	10.1016/j.chemphys.2019.01.016	Author release VarGibbs 5.0 data/AOP-VIFRW-1021.par	author_data	source_parameter	Agreement within stored four-decimal precision; name Weber is not necessarily first author.
RNA_NN_Weber_VIF_1021	TA/AT	-11.187	-31.5678	10.1016/j.chemphys.2019.01.016	Author release VarGibbs 5.0 data/AOP-VIFRW-1021.par	author_data	source_parameter	Agreement within stored four-decimal precision; name Weber is not necessarily first author.
RNA_NN_Weber_VIF_1021	CA/GT	-9.2476	-22.8267	10.1016/j.chemphys.2019.01.016	Author release VarGibbs 5.0 data/AOP-VIFRW-1021.par	author_data	source_parameter	Agreement within stored four-decimal precision; name Weber is not necessarily first author.
RNA_NN_Weber_VIF_1021	GT/CA	-13.0887	-34.4079	10.1016/j.chemphys.2019.01.016	Author release VarGibbs 5.0 data/AOP-VIFRW-1021.par	author_data	source_parameter	Agreement within stored four-decimal precision; name Weber is not necessarily first author.
RNA_NN_Weber_VIF_1021	CT/GA	-11.4727	-29.7037	10.1016/j.chemphys.2019.01.016	Author release VarGibbs 5.0 data/AOP-VIFRW-1021.par	author_data	source_parameter	Agreement within stored four-decimal precision; name Weber is not necessarily first author.
RNA_NN_Weber_VIF_1021	GA/CT	-13.2535	-34.76	10.1016/j.chemphys.2019.01.016	Author release VarGibbs 5.0 data/AOP-VIFRW-1021.par	author_data	source_parameter	Agreement within stored four-decimal precision; name Weber is not necessarily first author.
RNA_NN_Weber_VIF_1021	CG/GC	-12.2039	-30.9536	10.1016/j.chemphys.2019.01.016	Author release VarGibbs 5.0 data/AOP-VIFRW-1021.par	author_data	source_parameter	Agreement within stored four-decimal precision; name Weber is not necessarily first author.
RNA_NN_Weber_VIF_1021	GC/CG	-15.5716	-38.5593	10.1016/j.chemphys.2019.01.016	Author release VarGibbs 5.0 data/AOP-VIFRW-1021.par	author_data	source_parameter	Agreement within stored four-decimal precision; name Weber is not necessarily first author.
RNA_NN_Weber_VIF_1021	GG/CC	-15.0523	-36.9921	10.1016/j.chemphys.2019.01.016	Author release VarGibbs 5.0 data/AOP-VIFRW-1021.par	author_data	source_parameter	Agreement within stored four-decimal precision; name Weber is not necessarily first author.
RNA_NN_Weber_VIF_1021	TT/AA	-6.9088	-18.9939	10.1016/j.chemphys.2019.01.016	Author release VarGibbs 5.0 data/AOP-VIFRW-1021.par	author_data	strand_symmetry_copy	Agreement within stored four-decimal precision; name Weber is not necessarily first author. Copy of AA/TT, not an independent fit.
RNA_NN_Weber_VIF_1021	AC/TG	-13.0887	-34.4079	10.1016/j.chemphys.2019.01.016	Author release VarGibbs 5.0 data/AOP-VIFRW-1021.par	author_data	strand_symmetry_copy	Agreement within stored four-decimal precision; name Weber is not necessarily first author. Copy of GT/CA, not an independent fit.
RNA_NN_Weber_VIF_1021	AG/TC	-11.4727	-29.7037	10.1016/j.chemphys.2019.01.016	Author release VarGibbs 5.0 data/AOP-VIFRW-1021.par	author_data	strand_symmetry_copy	Agreement within stored four-decimal precision; name Weber is not necessarily first author. Copy of CT/GA, not an independent fit.
RNA_NN_Weber_VIF_1021	TC/AG	-13.2535	-34.76	10.1016/j.chemphys.2019.01.016	Author release VarGibbs 5.0 data/AOP-VIFRW-1021.par	author_data	strand_symmetry_copy	Agreement within stored four-decimal precision; name Weber is not necessarily first author. Copy of GA/CT, not an independent fit.
RNA_NN_Weber_VIF_1021	TG/AC	-9.2476	-22.8267	10.1016/j.chemphys.2019.01.016	Author release VarGibbs 5.0 data/AOP-VIFRW-1021.par	author_data	strand_symmetry_copy	Agreement within stored four-decimal precision; name Weber is not necessarily first author. Copy of CA/GT, not an independent fit.
RNA_NN_Weber_VIF_1021	CC/GG	-15.0523	-36.9921	10.1016/j.chemphys.2019.01.016	Author release VarGibbs 5.0 data/AOP-VIFRW-1021.par	author_data	strand_symmetry_copy	Agreement within stored four-decimal precision; name Weber is not necessarily first author. Copy of GG/CC, not an independent fit.
RNA_NN_Weber_FIF_71	init	3.61	-1.5	10.1016/j.chemphys.2019.01.016	Author release VarGibbs 5.0 data/AOP-FIFRW-71.par	author_data	source_parameter	Agreement within stored four-decimal precision; name Weber is not necessarily first author.
RNA_NN_Weber_FIF_71	init_A/T	3.72	10.5	10.1016/j.chemphys.2019.01.016	Author release VarGibbs 5.0 data/AOP-FIFRW-71.par	author_data	source_parameter	Agreement within stored four-decimal precision; name Weber is not necessarily first author.
RNA_NN_Weber_FIF_71	init_G/C	0.0	0.0	10.1016/j.chemphys.2019.01.016	Author release VarGibbs 5.0 data/AOP-FIFRW-71.par	author_data	zero_template	Agreement within stored four-decimal precision; name Weber is not necessarily first author. Zero implementation term, not a separately measured literature parameter.
RNA_NN_Weber_FIF_71	init_oneG/C	0.0	0.0	10.1016/j.chemphys.2019.01.016	Author release VarGibbs 5.0 data/AOP-FIFRW-71.par	author_data	zero_template	Agreement within stored four-decimal precision; name Weber is not necessarily first author. Zero implementation term, not a separately measured literature parameter.
RNA_NN_Weber_FIF_71	init_allA/T	0.0	0.0	10.1016/j.chemphys.2019.01.016	Author release VarGibbs 5.0 data/AOP-FIFRW-71.par	author_data	zero_template	Agreement within stored four-decimal precision; name Weber is not necessarily first author. Zero implementation term, not a separately measured literature parameter.
RNA_NN_Weber_FIF_71	init_5T/A	0.0	0.0	10.1016/j.chemphys.2019.01.016	Author release VarGibbs 5.0 data/AOP-FIFRW-71.par	author_data	zero_template	Agreement within stored four-decimal precision; name Weber is not necessarily first author. Zero implementation term, not a separately measured literature parameter.
RNA_NN_Weber_FIF_71	sym	0.0	-1.4	10.1016/j.chemphys.2019.01.016	Author release VarGibbs 5.0 data/AOP-FIFRW-71.par	author_data	source_parameter	Agreement within stored four-decimal precision; name Weber is not necessarily first author.
RNA_NN_Weber_FIF_71	AA/TT	-5.6583	-15.6834	10.1016/j.chemphys.2019.01.016	Author release VarGibbs 5.0 data/AOP-FIFRW-71.par	author_data	source_parameter	Agreement within stored four-decimal precision; name Weber is not necessarily first author.
RNA_NN_Weber_FIF_71	AT/TA	-8.5043	-25.96	10.1016/j.chemphys.2019.01.016	Author release VarGibbs 5.0 data/AOP-FIFRW-71.par	author_data	source_parameter	Agreement within stored four-decimal precision; name Weber is not necessarily first author.
RNA_NN_Weber_FIF_71	TA/AT	-10.527	-30.0115	10.1016/j.chemphys.2019.01.016	Author release VarGibbs 5.0 data/AOP-FIFRW-71.par	author_data	source_parameter	Agreement within stored four-decimal precision; name Weber is not necessarily first author.
RNA_NN_Weber_FIF_71	CA/GT	-11.001	-29.8012	10.1016/j.chemphys.2019.01.016	Author release VarGibbs 5.0 data/AOP-FIFRW-71.par	author_data	source_parameter	Agreement within stored four-decimal precision; name Weber is not necessarily first author.
RNA_NN_Weber_FIF_71	GT/CA	-11.87	-31.8195	10.1016/j.chemphys.2019.01.016	Author release VarGibbs 5.0 data/AOP-FIFRW-71.par	author_data	source_parameter	Agreement within stored four-decimal precision; name Weber is not necessarily first author.
RNA_NN_Weber_FIF_71	CT/GA	-10.7268	-29.1405	10.1016/j.chemphys.2019.01.016	Author release VarGibbs 5.0 data/AOP-FIFRW-71.par	author_data	source_parameter	Agreement within stored four-decimal precision; name Weber is not necessarily first author.
RNA_NN_Weber_FIF_71	GA/CT	-12.8979	-34.641	10.1016/j.chemphys.2019.01.016	Author release VarGibbs 5.0 data/AOP-FIFRW-71.par	author_data	source_parameter	Agreement within stored four-decimal precision; name Weber is not necessarily first author.
RNA_NN_Weber_FIF_71	CG/GC	-10.5983	-27.339	10.1016/j.chemphys.2019.01.016	Author release VarGibbs 5.0 data/AOP-FIFRW-71.par	author_data	source_parameter	Agreement within stored four-decimal precision; name Weber is not necessarily first author.
RNA_NN_Weber_FIF_71	GC/CG	-14.6024	-36.966	10.1016/j.chemphys.2019.01.016	Author release VarGibbs 5.0 data/AOP-FIFRW-71.par	author_data	source_parameter	Agreement within stored four-decimal precision; name Weber is not necessarily first author.
RNA_NN_Weber_FIF_71	GG/CC	-13.3232	-33.1294	10.1016/j.chemphys.2019.01.016	Author release VarGibbs 5.0 data/AOP-FIFRW-71.par	author_data	source_parameter	Agreement within stored four-decimal precision; name Weber is not necessarily first author.
RNA_NN_Weber_FIF_71	TT/AA	-5.6583	-15.6834	10.1016/j.chemphys.2019.01.016	Author release VarGibbs 5.0 data/AOP-FIFRW-71.par	author_data	strand_symmetry_copy	Agreement within stored four-decimal precision; name Weber is not necessarily first author. Copy of AA/TT, not an independent fit.
RNA_NN_Weber_FIF_71	AC/TG	-11.87	-31.8195	10.1016/j.chemphys.2019.01.016	Author release VarGibbs 5.0 data/AOP-FIFRW-71.par	author_data	strand_symmetry_copy	Agreement within stored four-decimal precision; name Weber is not necessarily first author. Copy of GT/CA, not an independent fit.
RNA_NN_Weber_FIF_71	AG/TC	-10.7268	-29.1405	10.1016/j.chemphys.2019.01.016	Author release VarGibbs 5.0 data/AOP-FIFRW-71.par	author_data	strand_symmetry_copy	Agreement within stored four-decimal precision; name Weber is not necessarily first author. Copy of CT/GA, not an independent fit.
RNA_NN_Weber_FIF_71	TC/AG	-12.8979	-34.641	10.1016/j.chemphys.2019.01.016	Author release VarGibbs 5.0 data/AOP-FIFRW-71.par	author_data	strand_symmetry_copy	Agreement within stored four-decimal precision; name Weber is not necessarily first author. Copy of GA/CT, not an independent fit.
RNA_NN_Weber_FIF_71	TG/AC	-11.001	-29.8012	10.1016/j.chemphys.2019.01.016	Author release VarGibbs 5.0 data/AOP-FIFRW-71.par	author_data	strand_symmetry_copy	Agreement within stored four-decimal precision; name Weber is not necessarily first author. Copy of CA/GT, not an independent fit.
RNA_NN_Weber_FIF_71	CC/GG	-13.3232	-33.1294	10.1016/j.chemphys.2019.01.016	Author release VarGibbs 5.0 data/AOP-FIFRW-71.par	author_data	strand_symmetry_copy	Agreement within stored four-decimal precision; name Weber is not necessarily first author. Copy of GG/CC, not an independent fit.
RNA_NN_Weber_FIF_121	init	3.61	-1.5	10.1016/j.chemphys.2019.01.016	Author release VarGibbs 5.0 data/AOP-FIFRW-121.par	author_data	source_parameter	Agreement within stored four-decimal precision; name Weber is not necessarily first author.
RNA_NN_Weber_FIF_121	init_A/T	3.72	10.5	10.1016/j.chemphys.2019.01.016	Author release VarGibbs 5.0 data/AOP-FIFRW-121.par	author_data	source_parameter	Agreement within stored four-decimal precision; name Weber is not necessarily first author.
RNA_NN_Weber_FIF_121	init_G/C	0.0	0.0	10.1016/j.chemphys.2019.01.016	Author release VarGibbs 5.0 data/AOP-FIFRW-121.par	author_data	zero_template	Agreement within stored four-decimal precision; name Weber is not necessarily first author. Zero implementation term, not a separately measured literature parameter.
RNA_NN_Weber_FIF_121	init_oneG/C	0.0	0.0	10.1016/j.chemphys.2019.01.016	Author release VarGibbs 5.0 data/AOP-FIFRW-121.par	author_data	zero_template	Agreement within stored four-decimal precision; name Weber is not necessarily first author. Zero implementation term, not a separately measured literature parameter.
RNA_NN_Weber_FIF_121	init_allA/T	0.0	0.0	10.1016/j.chemphys.2019.01.016	Author release VarGibbs 5.0 data/AOP-FIFRW-121.par	author_data	zero_template	Agreement within stored four-decimal precision; name Weber is not necessarily first author. Zero implementation term, not a separately measured literature parameter.
RNA_NN_Weber_FIF_121	init_5T/A	0.0	0.0	10.1016/j.chemphys.2019.01.016	Author release VarGibbs 5.0 data/AOP-FIFRW-121.par	author_data	zero_template	Agreement within stored four-decimal precision; name Weber is not necessarily first author. Zero implementation term, not a separately measured literature parameter.
RNA_NN_Weber_FIF_121	sym	0.0	-1.4	10.1016/j.chemphys.2019.01.016	Author release VarGibbs 5.0 data/AOP-FIFRW-121.par	author_data	source_parameter	Agreement within stored four-decimal precision; name Weber is not necessarily first author.
RNA_NN_Weber_FIF_121	AA/TT	-10.6106	-31.9905	10.1016/j.chemphys.2019.01.016	Author release VarGibbs 5.0 data/AOP-FIFRW-121.par	author_data	source_parameter	Agreement within stored four-decimal precision; name Weber is not necessarily first author.
RNA_NN_Weber_FIF_121	AT/TA	-7.5798	-22.764	10.1016/j.chemphys.2019.01.016	Author release VarGibbs 5.0 data/AOP-FIFRW-121.par	author_data	source_parameter	Agreement within stored four-decimal precision; name Weber is not necessarily first author.
RNA_NN_Weber_FIF_121	TA/AT	-11.5058	-32.8953	10.1016/j.chemphys.2019.01.016	Author release VarGibbs 5.0 data/AOP-FIFRW-121.par	author_data	source_parameter	Agreement within stored four-decimal precision; name Weber is not necessarily first author.
RNA_NN_Weber_FIF_121	CA/GT	-11.786	-32.2437	10.1016/j.chemphys.2019.01.016	Author release VarGibbs 5.0 data/AOP-FIFRW-121.par	author_data	source_parameter	Agreement within stored four-decimal precision; name Weber is not necessarily first author.
RNA_NN_Weber_FIF_121	GT/CA	-11.1365	-29.0034	10.1016/j.chemphys.2019.01.016	Author release VarGibbs 5.0 data/AOP-FIFRW-121.par	author_data	source_parameter	Agreement within stored four-decimal precision; name Weber is not necessarily first author.
RNA_NN_Weber_FIF_121	CT/GA	-9.66	-25.3309	10.1016/j.chemphys.2019.01.016	Author release VarGibbs 5.0 data/AOP-FIFRW-121.par	author_data	source_parameter	Agreement within stored four-decimal precision; name Weber is not necessarily first author.
RNA_NN_Weber_FIF_121	GA/CT	-14.8961	-40.8555	10.1016/j.chemphys.2019.01.016	Author release VarGibbs 5.0 data/AOP-FIFRW-121.par	author_data	source_parameter	Agreement within stored four-decimal precision; name Weber is not necessarily first author.
RNA_NN_Weber_FIF_121	CG/GC	-10.9362	-28.2149	10.1016/j.chemphys.2019.01.016	Author release VarGibbs 5.0 data/AOP-FIFRW-121.par	author_data	source_parameter	Agreement within stored four-decimal precision; name Weber is not necessarily first author.
RNA_NN_Weber_FIF_121	GC/CG	-15.0954	-38.051	10.1016/j.chemphys.2019.01.016	Author release VarGibbs 5.0 data/AOP-FIFRW-121.par	author_data	source_parameter	Agreement within stored four-decimal precision; name Weber is not necessarily first author.
RNA_NN_Weber_FIF_121	GG/CC	-12.9669	-31.8119	10.1016/j.chemphys.2019.01.016	Author release VarGibbs 5.0 data/AOP-FIFRW-121.par	author_data	source_parameter	Agreement within stored four-decimal precision; name Weber is not necessarily first author.
RNA_NN_Weber_FIF_121	TT/AA	-10.6106	-31.9905	10.1016/j.chemphys.2019.01.016	Author release VarGibbs 5.0 data/AOP-FIFRW-121.par	author_data	strand_symmetry_copy	Agreement within stored four-decimal precision; name Weber is not necessarily first author. Copy of AA/TT, not an independent fit.
RNA_NN_Weber_FIF_121	AC/TG	-11.1365	-29.0034	10.1016/j.chemphys.2019.01.016	Author release VarGibbs 5.0 data/AOP-FIFRW-121.par	author_data	strand_symmetry_copy	Agreement within stored four-decimal precision; name Weber is not necessarily first author. Copy of GT/CA, not an independent fit.
RNA_NN_Weber_FIF_121	AG/TC	-9.66	-25.3309	10.1016/j.chemphys.2019.01.016	Author release VarGibbs 5.0 data/AOP-FIFRW-121.par	author_data	strand_symmetry_copy	Agreement within stored four-decimal precision; name Weber is not necessarily first author. Copy of CT/GA, not an independent fit.
RNA_NN_Weber_FIF_121	TC/AG	-14.8961	-40.8555	10.1016/j.chemphys.2019.01.016	Author release VarGibbs 5.0 data/AOP-FIFRW-121.par	author_data	strand_symmetry_copy	Agreement within stored four-decimal precision; name Weber is not necessarily first author. Copy of GA/CT, not an independent fit.
RNA_NN_Weber_FIF_121	TG/AC	-11.786	-32.2437	10.1016/j.chemphys.2019.01.016	Author release VarGibbs 5.0 data/AOP-FIFRW-121.par	author_data	strand_symmetry_copy	Agreement within stored four-decimal precision; name Weber is not necessarily first author. Copy of CA/GT, not an independent fit.
RNA_NN_Weber_FIF_121	CC/GG	-12.9669	-31.8119	10.1016/j.chemphys.2019.01.016	Author release VarGibbs 5.0 data/AOP-FIFRW-121.par	author_data	strand_symmetry_copy	Agreement within stored four-decimal precision; name Weber is not necessarily first author. Copy of GG/CC, not an independent fit.
RNA_NN_Weber_FIF_221	init	3.61	-1.5	10.1016/j.chemphys.2019.01.016	Author release VarGibbs 5.0 data/AOP-FIFRW-221.par	author_data	source_parameter	Agreement within stored four-decimal precision; name Weber is not necessarily first author.
RNA_NN_Weber_FIF_221	init_A/T	3.72	10.5	10.1016/j.chemphys.2019.01.016	Author release VarGibbs 5.0 data/AOP-FIFRW-221.par	author_data	source_parameter	Agreement within stored four-decimal precision; name Weber is not necessarily first author.
RNA_NN_Weber_FIF_221	init_G/C	0.0	0.0	10.1016/j.chemphys.2019.01.016	Author release VarGibbs 5.0 data/AOP-FIFRW-221.par	author_data	zero_template	Agreement within stored four-decimal precision; name Weber is not necessarily first author. Zero implementation term, not a separately measured literature parameter.
RNA_NN_Weber_FIF_221	init_oneG/C	0.0	0.0	10.1016/j.chemphys.2019.01.016	Author release VarGibbs 5.0 data/AOP-FIFRW-221.par	author_data	zero_template	Agreement within stored four-decimal precision; name Weber is not necessarily first author. Zero implementation term, not a separately measured literature parameter.
RNA_NN_Weber_FIF_221	init_allA/T	0.0	0.0	10.1016/j.chemphys.2019.01.016	Author release VarGibbs 5.0 data/AOP-FIFRW-221.par	author_data	zero_template	Agreement within stored four-decimal precision; name Weber is not necessarily first author. Zero implementation term, not a separately measured literature parameter.
RNA_NN_Weber_FIF_221	init_5T/A	0.0	0.0	10.1016/j.chemphys.2019.01.016	Author release VarGibbs 5.0 data/AOP-FIFRW-221.par	author_data	zero_template	Agreement within stored four-decimal precision; name Weber is not necessarily first author. Zero implementation term, not a separately measured literature parameter.
RNA_NN_Weber_FIF_221	sym	0.0	-1.4	10.1016/j.chemphys.2019.01.016	Author release VarGibbs 5.0 data/AOP-FIFRW-221.par	author_data	source_parameter	Agreement within stored four-decimal precision; name Weber is not necessarily first author.
RNA_NN_Weber_FIF_221	AA/TT	-7.7054	-22.0235	10.1016/j.chemphys.2019.01.016	Author release VarGibbs 5.0 data/AOP-FIFRW-221.par	author_data	source_parameter	Agreement within stored four-decimal precision; name Weber is not necessarily first author.
RNA_NN_Weber_FIF_221	AT/TA	-8.4715	-24.8591	10.1016/j.chemphys.2019.01.016	Author release VarGibbs 5.0 data/AOP-FIFRW-221.par	author_data	source_parameter	Agreement within stored four-decimal precision; name Weber is not necessarily first author.
RNA_NN_Weber_FIF_221	TA/AT	-10.0105	-28.2728	10.1016/j.chemphys.2019.01.016	Author release VarGibbs 5.0 data/AOP-FIFRW-221.par	author_data	source_parameter	Agreement within stored four-decimal precision; name Weber is not necessarily first author.
RNA_NN_Weber_FIF_221	CA/GT	-12.2437	-33.5058	10.1016/j.chemphys.2019.01.016	Author release VarGibbs 5.0 data/AOP-FIFRW-221.par	author_data	source_parameter	Agreement within stored four-decimal precision; name Weber is not necessarily first author.
RNA_NN_Weber_FIF_221	GT/CA	-11.0624	-28.5283	10.1016/j.chemphys.2019.01.016	Author release VarGibbs 5.0 data/AOP-FIFRW-221.par	author_data	source_parameter	Agreement within stored four-decimal precision; name Weber is not necessarily first author.
RNA_NN_Weber_FIF_221	CT/GA	-11.3271	-30.2921	10.1016/j.chemphys.2019.01.016	Author release VarGibbs 5.0 data/AOP-FIFRW-221.par	author_data	source_parameter	Agreement within stored four-decimal precision; name Weber is not necessarily first author.
RNA_NN_Weber_FIF_221	GA/CT	-13.3287	-35.658	10.1016/j.chemphys.2019.01.016	Author release VarGibbs 5.0 data/AOP-FIFRW-221.par	author_data	source_parameter	Agreement within stored four-decimal precision; name Weber is not necessarily first author.
RNA_NN_Weber_FIF_221	CG/GC	-12.0183	-31.3994	10.1016/j.chemphys.2019.01.016	Author release VarGibbs 5.0 data/AOP-FIFRW-221.par	author_data	source_parameter	Agreement within stored four-decimal precision; name Weber is not necessarily first author.
RNA_NN_Weber_FIF_221	GC/CG	-14.3687	-35.5373	10.1016/j.chemphys.2019.01.016	Author release VarGibbs 5.0 data/AOP-FIFRW-221.par	author_data	source_parameter	Agreement within stored four-decimal precision; name Weber is not necessarily first author.
RNA_NN_Weber_FIF_221	GG/CC	-13.0358	-31.6893	10.1016/j.chemphys.2019.01.016	Author release VarGibbs 5.0 data/AOP-FIFRW-221.par	author_data	source_parameter	Agreement within stored four-decimal precision; name Weber is not necessarily first author.
RNA_NN_Weber_FIF_221	TT/AA	-7.7054	-22.0235	10.1016/j.chemphys.2019.01.016	Author release VarGibbs 5.0 data/AOP-FIFRW-221.par	author_data	strand_symmetry_copy	Agreement within stored four-decimal precision; name Weber is not necessarily first author. Copy of AA/TT, not an independent fit.
RNA_NN_Weber_FIF_221	AC/TG	-11.0624	-28.5283	10.1016/j.chemphys.2019.01.016	Author release VarGibbs 5.0 data/AOP-FIFRW-221.par	author_data	strand_symmetry_copy	Agreement within stored four-decimal precision; name Weber is not necessarily first author. Copy of GT/CA, not an independent fit.
RNA_NN_Weber_FIF_221	AG/TC	-11.3271	-30.2921	10.1016/j.chemphys.2019.01.016	Author release VarGibbs 5.0 data/AOP-FIFRW-221.par	author_data	strand_symmetry_copy	Agreement within stored four-decimal precision; name Weber is not necessarily first author. Copy of CT/GA, not an independent fit.
RNA_NN_Weber_FIF_221	TC/AG	-13.3287	-35.658	10.1016/j.chemphys.2019.01.016	Author release VarGibbs 5.0 data/AOP-FIFRW-221.par	author_data	strand_symmetry_copy	Agreement within stored four-decimal precision; name Weber is not necessarily first author. Copy of GA/CT, not an independent fit.
RNA_NN_Weber_FIF_221	TG/AC	-12.2437	-33.5058	10.1016/j.chemphys.2019.01.016	Author release VarGibbs 5.0 data/AOP-FIFRW-221.par	author_data	strand_symmetry_copy	Agreement within stored four-decimal precision; name Weber is not necessarily first author. Copy of CA/GT, not an independent fit.
RNA_NN_Weber_FIF_221	CC/GG	-13.0358	-31.6893	10.1016/j.chemphys.2019.01.016	Author release VarGibbs 5.0 data/AOP-FIFRW-221.par	author_data	strand_symmetry_copy	Agreement within stored four-decimal precision; name Weber is not necessarily first author. Copy of GG/CC, not an independent fit.
RNA_NN_Weber_FIF_621	init	3.61	-1.5	10.1016/j.chemphys.2019.01.016	Author release VarGibbs 5.0 data/AOP-FIFRW-621.par	author_data	source_parameter	Agreement within stored four-decimal precision; name Weber is not necessarily first author.
RNA_NN_Weber_FIF_621	init_A/T	3.72	10.5	10.1016/j.chemphys.2019.01.016	Author release VarGibbs 5.0 data/AOP-FIFRW-621.par	author_data	source_parameter	Agreement within stored four-decimal precision; name Weber is not necessarily first author.
RNA_NN_Weber_FIF_621	init_G/C	0.0	0.0	10.1016/j.chemphys.2019.01.016	Author release VarGibbs 5.0 data/AOP-FIFRW-621.par	author_data	zero_template	Agreement within stored four-decimal precision; name Weber is not necessarily first author. Zero implementation term, not a separately measured literature parameter.
RNA_NN_Weber_FIF_621	init_oneG/C	0.0	0.0	10.1016/j.chemphys.2019.01.016	Author release VarGibbs 5.0 data/AOP-FIFRW-621.par	author_data	zero_template	Agreement within stored four-decimal precision; name Weber is not necessarily first author. Zero implementation term, not a separately measured literature parameter.
RNA_NN_Weber_FIF_621	init_allA/T	0.0	0.0	10.1016/j.chemphys.2019.01.016	Author release VarGibbs 5.0 data/AOP-FIFRW-621.par	author_data	zero_template	Agreement within stored four-decimal precision; name Weber is not necessarily first author. Zero implementation term, not a separately measured literature parameter.
RNA_NN_Weber_FIF_621	init_5T/A	0.0	0.0	10.1016/j.chemphys.2019.01.016	Author release VarGibbs 5.0 data/AOP-FIFRW-621.par	author_data	zero_template	Agreement within stored four-decimal precision; name Weber is not necessarily first author. Zero implementation term, not a separately measured literature parameter.
RNA_NN_Weber_FIF_621	sym	0.0	-1.4	10.1016/j.chemphys.2019.01.016	Author release VarGibbs 5.0 data/AOP-FIFRW-621.par	author_data	source_parameter	Agreement within stored four-decimal precision; name Weber is not necessarily first author.
RNA_NN_Weber_FIF_621	AA/TT	-5.8155	-15.677	10.1016/j.chemphys.2019.01.016	Author release VarGibbs 5.0 data/AOP-FIFRW-621.par	author_data	source_parameter	Agreement within stored four-decimal precision; name Weber is not necessarily first author.
RNA_NN_Weber_FIF_621	AT/TA	-9.092	-26.3098	10.1016/j.chemphys.2019.01.016	Author release VarGibbs 5.0 data/AOP-FIFRW-621.par	author_data	source_parameter	Agreement within stored four-decimal precision; name Weber is not necessarily first author.
RNA_NN_Weber_FIF_621	TA/AT	-10.2523	-28.5906	10.1016/j.chemphys.2019.01.016	Author release VarGibbs 5.0 data/AOP-FIFRW-621.par	author_data	source_parameter	Agreement within stored four-decimal precision; name Weber is not necessarily first author.
RNA_NN_Weber_FIF_621	CA/GT	-13.3474	-36.646	10.1016/j.chemphys.2019.01.016	Author release VarGibbs 5.0 data/AOP-FIFRW-621.par	author_data	source_parameter	Agreement within stored four-decimal precision; name Weber is not necessarily first author.
RNA_NN_Weber_FIF_621	GT/CA	-12.7358	-33.5822	10.1016/j.chemphys.2019.01.016	Author release VarGibbs 5.0 data/AOP-FIFRW-621.par	author_data	source_parameter	Agreement within stored four-decimal precision; name Weber is not necessarily first author.
RNA_NN_Weber_FIF_621	CT/GA	-10.4105	-27.1001	10.1016/j.chemphys.2019.01.016	Author release VarGibbs 5.0 data/AOP-FIFRW-621.par	author_data	source_parameter	Agreement within stored four-decimal precision; name Weber is not necessarily first author.
RNA_NN_Weber_FIF_621	GA/CT	-13.6846	-36.4177	10.1016/j.chemphys.2019.01.016	Author release VarGibbs 5.0 data/AOP-FIFRW-621.par	author_data	source_parameter	Agreement within stored four-decimal precision; name Weber is not necessarily first author.
RNA_NN_Weber_FIF_621	CG/GC	-11.7763	-30.4166	10.1016/j.chemphys.2019.01.016	Author release VarGibbs 5.0 data/AOP-FIFRW-621.par	author_data	source_parameter	Agreement within stored four-decimal precision; name Weber is not necessarily first author.
RNA_NN_Weber_FIF_621	GC/CG	-14.5406	-35.7457	10.1016/j.chemphys.2019.01.016	Author release VarGibbs 5.0 data/AOP-FIFRW-621.par	author_data	source_parameter	Agreement within stored four-decimal precision; name Weber is not necessarily first author.
RNA_NN_Weber_FIF_621	GG/CC	-13.1793	-31.8911	10.1016/j.chemphys.2019.01.016	Author release VarGibbs 5.0 data/AOP-FIFRW-621.par	author_data	source_parameter	Agreement within stored four-decimal precision; name Weber is not necessarily first author.
RNA_NN_Weber_FIF_621	TT/AA	-5.8155	-15.677	10.1016/j.chemphys.2019.01.016	Author release VarGibbs 5.0 data/AOP-FIFRW-621.par	author_data	strand_symmetry_copy	Agreement within stored four-decimal precision; name Weber is not necessarily first author. Copy of AA/TT, not an independent fit.
RNA_NN_Weber_FIF_621	AC/TG	-12.7358	-33.5822	10.1016/j.chemphys.2019.01.016	Author release VarGibbs 5.0 data/AOP-FIFRW-621.par	author_data	strand_symmetry_copy	Agreement within stored four-decimal precision; name Weber is not necessarily first author. Copy of GT/CA, not an independent fit.
RNA_NN_Weber_FIF_621	AG/TC	-10.4105	-27.1001	10.1016/j.chemphys.2019.01.016	Author release VarGibbs 5.0 data/AOP-FIFRW-621.par	author_data	strand_symmetry_copy	Agreement within stored four-decimal precision; name Weber is not necessarily first author. Copy of CT/GA, not an independent fit.
RNA_NN_Weber_FIF_621	TC/AG	-13.6846	-36.4177	10.1016/j.chemphys.2019.01.016	Author release VarGibbs 5.0 data/AOP-FIFRW-621.par	author_data	strand_symmetry_copy	Agreement within stored four-decimal precision; name Weber is not necessarily first author. Copy of GA/CT, not an independent fit.
RNA_NN_Weber_FIF_621	TG/AC	-13.3474	-36.646	10.1016/j.chemphys.2019.01.016	Author release VarGibbs 5.0 data/AOP-FIFRW-621.par	author_data	strand_symmetry_copy	Agreement within stored four-decimal precision; name Weber is not necessarily first author. Copy of CA/GT, not an independent fit.
RNA_NN_Weber_FIF_621	CC/GG	-13.1793	-31.8911	10.1016/j.chemphys.2019.01.016	Author release VarGibbs 5.0 data/AOP-FIFRW-621.par	author_data	strand_symmetry_copy	Agreement within stored four-decimal precision; name Weber is not necessarily first author. Copy of GG/CC, not an independent fit.
RNA_NN_Weber_FIF_1021	init	3.61	-1.5	10.1016/j.chemphys.2019.01.016	Author release VarGibbs 5.0 data/AOP-FIFRW-1021.par	author_data	source_parameter	Agreement within stored four-decimal precision; name Weber is not necessarily first author.
RNA_NN_Weber_FIF_1021	init_A/T	3.72	10.5	10.1016/j.chemphys.2019.01.016	Author release VarGibbs 5.0 data/AOP-FIFRW-1021.par	author_data	source_parameter	Agreement within stored four-decimal precision; name Weber is not necessarily first author.
RNA_NN_Weber_FIF_1021	init_G/C	0.0	0.0	10.1016/j.chemphys.2019.01.016	Author release VarGibbs 5.0 data/AOP-FIFRW-1021.par	author_data	zero_template	Agreement within stored four-decimal precision; name Weber is not necessarily first author. Zero implementation term, not a separately measured literature parameter.
RNA_NN_Weber_FIF_1021	init_oneG/C	0.0	0.0	10.1016/j.chemphys.2019.01.016	Author release VarGibbs 5.0 data/AOP-FIFRW-1021.par	author_data	zero_template	Agreement within stored four-decimal precision; name Weber is not necessarily first author. Zero implementation term, not a separately measured literature parameter.
RNA_NN_Weber_FIF_1021	init_allA/T	0.0	0.0	10.1016/j.chemphys.2019.01.016	Author release VarGibbs 5.0 data/AOP-FIFRW-1021.par	author_data	zero_template	Agreement within stored four-decimal precision; name Weber is not necessarily first author. Zero implementation term, not a separately measured literature parameter.
RNA_NN_Weber_FIF_1021	init_5T/A	0.0	0.0	10.1016/j.chemphys.2019.01.016	Author release VarGibbs 5.0 data/AOP-FIFRW-1021.par	author_data	zero_template	Agreement within stored four-decimal precision; name Weber is not necessarily first author. Zero implementation term, not a separately measured literature parameter.
RNA_NN_Weber_FIF_1021	sym	0.0	-1.4	10.1016/j.chemphys.2019.01.016	Author release VarGibbs 5.0 data/AOP-FIFRW-1021.par	author_data	source_parameter	Agreement within stored four-decimal precision; name Weber is not necessarily first author.
RNA_NN_Weber_FIF_1021	AA/TT	-6.4314	-17.6766	10.1016/j.chemphys.2019.01.016	Author release VarGibbs 5.0 data/AOP-FIFRW-1021.par	author_data	source_parameter	Agreement within stored four-decimal precision; name Weber is not necessarily first author.
RNA_NN_Weber_FIF_1021	AT/TA	-12.7794	-37.0377	10.1016/j.chemphys.2019.01.016	Author release VarGibbs 5.0 data/AOP-FIFRW-1021.par	author_data	source_parameter	Agreement within stored four-decimal precision; name Weber is not necessarily first author.
RNA_NN_Weber_FIF_1021	TA/AT	-13.5099	-39.1452	10.1016/j.chemphys.2019.01.016	Author release VarGibbs 5.0 data/AOP-FIFRW-1021.par	author_data	source_parameter	Agreement within stored four-decimal precision; name Weber is not necessarily first author.
RNA_NN_Weber_FIF_1021	CA/GT	-8.3871	-20.6134	10.1016/j.chemphys.2019.01.016	Author release VarGibbs 5.0 data/AOP-FIFRW-1021.par	author_data	source_parameter	Agreement within stored four-decimal precision; name Weber is not necessarily first author.
RNA_NN_Weber_FIF_1021	GT/CA	-12.5166	-33.0215	10.1016/j.chemphys.2019.01.016	Author release VarGibbs 5.0 data/AOP-FIFRW-1021.par	author_data	source_parameter	Agreement within stored four-decimal precision; name Weber is not necessarily first author.
RNA_NN_Weber_FIF_1021	CT/GA	-10.0627	-25.7313	10.1016/j.chemphys.2019.01.016	Author release VarGibbs 5.0 data/AOP-FIFRW-1021.par	author_data	source_parameter	Agreement within stored four-decimal precision; name Weber is not necessarily first author.
RNA_NN_Weber_FIF_1021	GA/CT	-13.4641	-35.8415	10.1016/j.chemphys.2019.01.016	Author release VarGibbs 5.0 data/AOP-FIFRW-1021.par	author_data	source_parameter	Agreement within stored four-decimal precision; name Weber is not necessarily first author.
RNA_NN_Weber_FIF_1021	CG/GC	-10.8365	-27.2504	10.1016/j.chemphys.2019.01.016	Author release VarGibbs 5.0 data/AOP-FIFRW-1021.par	author_data	source_parameter	Agreement within stored four-decimal precision; name Weber is not necessarily first author.
RNA_NN_Weber_FIF_1021	GC/CG	-14.7595	-36.6631	10.1016/j.chemphys.2019.01.016	Author release VarGibbs 5.0 data/AOP-FIFRW-1021.par	author_data	source_parameter	Agreement within stored four-decimal precision; name Weber is not necessarily first author.
RNA_NN_Weber_FIF_1021	GG/CC	-13.6056	-33.2045	10.1016/j.chemphys.2019.01.016	Author release VarGibbs 5.0 data/AOP-FIFRW-1021.par	author_data	source_parameter	Agreement within stored four-decimal precision; name Weber is not necessarily first author.
RNA_NN_Weber_FIF_1021	TT/AA	-6.4314	-17.6766	10.1016/j.chemphys.2019.01.016	Author release VarGibbs 5.0 data/AOP-FIFRW-1021.par	author_data	strand_symmetry_copy	Agreement within stored four-decimal precision; name Weber is not necessarily first author. Copy of AA/TT, not an independent fit.
RNA_NN_Weber_FIF_1021	AC/TG	-12.5166	-33.0215	10.1016/j.chemphys.2019.01.016	Author release VarGibbs 5.0 data/AOP-FIFRW-1021.par	author_data	strand_symmetry_copy	Agreement within stored four-decimal precision; name Weber is not necessarily first author. Copy of GT/CA, not an independent fit.
RNA_NN_Weber_FIF_1021	AG/TC	-10.0627	-25.7313	10.1016/j.chemphys.2019.01.016	Author release VarGibbs 5.0 data/AOP-FIFRW-1021.par	author_data	strand_symmetry_copy	Agreement within stored four-decimal precision; name Weber is not necessarily first author. Copy of CT/GA, not an independent fit.
RNA_NN_Weber_FIF_1021	TC/AG	-13.4641	-35.8415	10.1016/j.chemphys.2019.01.016	Author release VarGibbs 5.0 data/AOP-FIFRW-1021.par	author_data	strand_symmetry_copy	Agreement within stored four-decimal precision; name Weber is not necessarily first author. Copy of GA/CT, not an independent fit.
RNA_NN_Weber_FIF_1021	TG/AC	-8.3871	-20.6134	10.1016/j.chemphys.2019.01.016	Author release VarGibbs 5.0 data/AOP-FIFRW-1021.par	author_data	strand_symmetry_copy	Agreement within stored four-decimal precision; name Weber is not necessarily first author. Copy of CA/GT, not an independent fit.
RNA_NN_Weber_FIF_1021	CC/GG	-13.6056	-33.2045	10.1016/j.chemphys.2019.01.016	Author release VarGibbs 5.0 data/AOP-FIFRW-1021.par	author_data	strand_symmetry_copy	Agreement within stored four-decimal precision; name Weber is not necessarily first author. Copy of GG/CC, not an independent fit.
RNA_DNA_NN_Weber_2019_FT	init	1.4943	-8.5131	10.1016/j.bpc.2019.106189	Author release VarGibbs 5.0 data/AOP-DRFT.par	author_data	source_parameter	Agreement within stored four-decimal precision; name Weber is not necessarily first author.
RNA_DNA_NN_Weber_2019_FT	init_A/T	0.0	0.0	10.1016/j.bpc.2019.106189	Author release VarGibbs 5.0 data/AOP-DRFT.par	author_data	zero_template	Agreement within stored four-decimal precision; name Weber is not necessarily first author. Zero implementation term, not a separately measured literature parameter.
RNA_DNA_NN_Weber_2019_FT	init_G/C	0.0	0.0	10.1016/j.bpc.2019.106189	Author release VarGibbs 5.0 data/AOP-DRFT.par	author_data	zero_template	Agreement within stored four-decimal precision; name Weber is not necessarily first author. Zero implementation term, not a separately measured literature parameter.
RNA_DNA_NN_Weber_2019_FT	init_oneG/C	0.0	0.0	10.1016/j.bpc.2019.106189	Author release VarGibbs 5.0 data/AOP-DRFT.par	author_data	zero_template	Agreement within stored four-decimal precision; name Weber is not necessarily first author. Zero implementation term, not a separately measured literature parameter.
RNA_DNA_NN_Weber_2019_FT	init_allA/T	0.0	0.0	10.1016/j.bpc.2019.106189	Author release VarGibbs 5.0 data/AOP-DRFT.par	author_data	zero_template	Agreement within stored four-decimal precision; name Weber is not necessarily first author. Zero implementation term, not a separately measured literature parameter.
RNA_DNA_NN_Weber_2019_FT	init_5T/A	0.0	0.0	10.1016/j.bpc.2019.106189	Author release VarGibbs 5.0 data/AOP-DRFT.par	author_data	zero_template	Agreement within stored four-decimal precision; name Weber is not necessarily first author. Zero implementation term, not a separately measured literature parameter.
RNA_DNA_NN_Weber_2019_FT	sym	0.0	0.0	10.1016/j.bpc.2019.106189	Author release VarGibbs 5.0 data/AOP-DRFT.par	author_data	source_parameter	Agreement within stored four-decimal precision; name Weber is not necessarily first author.
RNA_DNA_NN_Weber_2019_FT	AA/TT	-10.2758	-29.8576	10.1016/j.bpc.2019.106189	Author release VarGibbs 5.0 data/AOP-DRFT.par	author_data	source_parameter	Agreement within stored four-decimal precision; name Weber is not necessarily first author.
RNA_DNA_NN_Weber_2019_FT	AC/TG	-11.7433	-31.0498	10.1016/j.bpc.2019.106189	Author release VarGibbs 5.0 data/AOP-DRFT.par	author_data	source_parameter	Agreement within stored four-decimal precision; name Weber is not necessarily first author.
RNA_DNA_NN_Weber_2019_FT	AG/TC	-12.2978	-33.1193	10.1016/j.bpc.2019.106189	Author release VarGibbs 5.0 data/AOP-DRFT.par	author_data	source_parameter	Agreement within stored four-decimal precision; name Weber is not necessarily first author.
RNA_DNA_NN_Weber_2019_FT	AT/TA	-9.899	-28.5875	10.1016/j.bpc.2019.106189	Author release VarGibbs 5.0 data/AOP-DRFT.par	author_data	source_parameter	Agreement within stored four-decimal precision; name Weber is not necessarily first author.
RNA_DNA_NN_Weber_2019_FT	CA/GT	-11.4676	-32.109	10.1016/j.bpc.2019.106189	Author release VarGibbs 5.0 data/AOP-DRFT.par	author_data	source_parameter	Agreement within stored four-decimal precision; name Weber is not necessarily first author.
RNA_DNA_NN_Weber_2019_FT	CC/GG	-12.423	-32.8537	10.1016/j.bpc.2019.106189	Author release VarGibbs 5.0 data/AOP-DRFT.par	author_data	source_parameter	Agreement within stored four-decimal precision; name Weber is not necessarily first author.
RNA_DNA_NN_Weber_2019_FT	CG/GC	-12.6023	-33.6818	10.1016/j.bpc.2019.106189	Author release VarGibbs 5.0 data/AOP-DRFT.par	author_data	source_parameter	Agreement within stored four-decimal precision; name Weber is not necessarily first author.
RNA_DNA_NN_Weber_2019_FT	CT/GA	-10.8693	-31.0383	10.1016/j.bpc.2019.106189	Author release VarGibbs 5.0 data/AOP-DRFT.par	author_data	source_parameter	Agreement within stored four-decimal precision; name Weber is not necessarily first author.
RNA_DNA_NN_Weber_2019_FT	GA/CT	-9.7656	-25.4503	10.1016/j.bpc.2019.106189	Author release VarGibbs 5.0 data/AOP-DRFT.par	author_data	source_parameter	Agreement within stored four-decimal precision; name Weber is not necessarily first author.
RNA_DNA_NN_Weber_2019_FT	GC/CG	-13.4801	-34.4699	10.1016/j.bpc.2019.106189	Author release VarGibbs 5.0 data/AOP-DRFT.par	author_data	source_parameter	Agreement within stored four-decimal precision; name Weber is not necessarily first author.
RNA_DNA_NN_Weber_2019_FT	GG/CC	-11.9087	-28.2205	10.1016/j.bpc.2019.106189	Author release VarGibbs 5.0 data/AOP-DRFT.par	author_data	source_parameter	Agreement within stored four-decimal precision; name Weber is not necessarily first author.
RNA_DNA_NN_Weber_2019_FT	GT/CA	-9.3923	-25.2281	10.1016/j.bpc.2019.106189	Author release VarGibbs 5.0 data/AOP-DRFT.par	author_data	source_parameter	Agreement within stored four-decimal precision; name Weber is not necessarily first author.
RNA_DNA_NN_Weber_2019_FT	TA/AT	-9.5595	-28.8683	10.1016/j.bpc.2019.106189	Author release VarGibbs 5.0 data/AOP-DRFT.par	author_data	source_parameter	Agreement within stored four-decimal precision; name Weber is not necessarily first author.
RNA_DNA_NN_Weber_2019_FT	TC/AG	-11.5436	-33.0019	10.1016/j.bpc.2019.106189	Author release VarGibbs 5.0 data/AOP-DRFT.par	author_data	source_parameter	Agreement within stored four-decimal precision; name Weber is not necessarily first author.
RNA_DNA_NN_Weber_2019_FT	TG/AC	-9.7935	-26.284	10.1016/j.bpc.2019.106189	Author release VarGibbs 5.0 data/AOP-DRFT.par	author_data	source_parameter	Agreement within stored four-decimal precision; name Weber is not necessarily first author.
RNA_DNA_NN_Weber_2019_FT	TT/AA	-8.2694	-25.2054	10.1016/j.bpc.2019.106189	Author release VarGibbs 5.0 data/AOP-DRFT.par	author_data	source_parameter	Agreement within stored four-decimal precision; name Weber is not necessarily first author.
RNA_DNA_NN_Weber_2019_VH	init	1.5947	-8.6455	10.1016/j.bpc.2019.106189	Author release VarGibbs 5.0 data/AOP-DRVH.par	author_data	source_parameter	Agreement within stored four-decimal precision; name Weber is not necessarily first author.
RNA_DNA_NN_Weber_2019_VH	init_A/T	0.0	0.0	10.1016/j.bpc.2019.106189	Author release VarGibbs 5.0 data/AOP-DRVH.par	author_data	zero_template	Agreement within stored four-decimal precision; name Weber is not necessarily first author. Zero implementation term, not a separately measured literature parameter.
RNA_DNA_NN_Weber_2019_VH	init_G/C	0.0	0.0	10.1016/j.bpc.2019.106189	Author release VarGibbs 5.0 data/AOP-DRVH.par	author_data	zero_template	Agreement within stored four-decimal precision; name Weber is not necessarily first author. Zero implementation term, not a separately measured literature parameter.
RNA_DNA_NN_Weber_2019_VH	init_oneG/C	0.0	0.0	10.1016/j.bpc.2019.106189	Author release VarGibbs 5.0 data/AOP-DRVH.par	author_data	zero_template	Agreement within stored four-decimal precision; name Weber is not necessarily first author. Zero implementation term, not a separately measured literature parameter.
RNA_DNA_NN_Weber_2019_VH	init_allA/T	0.0	0.0	10.1016/j.bpc.2019.106189	Author release VarGibbs 5.0 data/AOP-DRVH.par	author_data	zero_template	Agreement within stored four-decimal precision; name Weber is not necessarily first author. Zero implementation term, not a separately measured literature parameter.
RNA_DNA_NN_Weber_2019_VH	init_5T/A	0.0	0.0	10.1016/j.bpc.2019.106189	Author release VarGibbs 5.0 data/AOP-DRVH.par	author_data	zero_template	Agreement within stored four-decimal precision; name Weber is not necessarily first author. Zero implementation term, not a separately measured literature parameter.
RNA_DNA_NN_Weber_2019_VH	sym	0.0	0.0	10.1016/j.bpc.2019.106189	Author release VarGibbs 5.0 data/AOP-DRVH.par	author_data	source_parameter	Agreement within stored four-decimal precision; name Weber is not necessarily first author.
RNA_DNA_NN_Weber_2019_VH	AA/TT	-9.9268	-28.6058	10.1016/j.bpc.2019.106189	Author release VarGibbs 5.0 data/AOP-DRVH.par	author_data	source_parameter	Agreement within stored four-decimal precision; name Weber is not necessarily first author.
RNA_DNA_NN_Weber_2019_VH	AC/TG	-10.5935	-27.3484	10.1016/j.bpc.2019.106189	Author release VarGibbs 5.0 data/AOP-DRVH.par	author_data	source_parameter	Agreement within stored four-decimal precision; name Weber is not necessarily first author.
RNA_DNA_NN_Weber_2019_VH	AG/TC	-12.1751	-32.9612	10.1016/j.bpc.2019.106189	Author release VarGibbs 5.0 data/AOP-DRVH.par	author_data	source_parameter	Agreement within stored four-decimal precision; name Weber is not necessarily first author.
RNA_DNA_NN_Weber_2019_VH	AT/TA	-9.8591	-28.5101	10.1016/j.bpc.2019.106189	Author release VarGibbs 5.0 data/AOP-DRVH.par	author_data	source_parameter	Agreement within stored four-decimal precision; name Weber is not necessarily first author.
RNA_DNA_NN_Weber_2019_VH	CA/GT	-10.7358	-29.8654	10.1016/j.bpc.2019.106189	Author release VarGibbs 5.0 data/AOP-DRVH.par	author_data	source_parameter	Agreement within stored four-decimal precision; name Weber is not necessarily first author.
RNA_DNA_NN_Weber_2019_VH	CC/GG	-12.4383	-32.9497	10.1016/j.bpc.2019.106189	Author release VarGibbs 5.0 data/AOP-DRVH.par	author_data	source_parameter	Agreement within stored four-decimal precision; name Weber is not necessarily first author.
RNA_DNA_NN_Weber_2019_VH	CG/GC	-13.0108	-35.1695	10.1016/j.bpc.2019.106189	Author release VarGibbs 5.0 data/AOP-DRVH.par	author_data	source_parameter	Agreement within stored four-decimal precision; name Weber is not necessarily first author.
RNA_DNA_NN_Weber_2019_VH	CT/GA	-10.5706	-30.0225	10.1016/j.bpc.2019.106189	Author release VarGibbs 5.0 data/AOP-DRVH.par	author_data	source_parameter	Agreement within stored four-decimal precision; name Weber is not necessarily first author.
RNA_DNA_NN_Weber_2019_VH	GA/CT	-9.5993	-24.4245	10.1016/j.bpc.2019.106189	Author release VarGibbs 5.0 data/AOP-DRVH.par	author_data	source_parameter	Agreement within stored four-decimal precision; name Weber is not necessarily first author.
RNA_DNA_NN_Weber_2019_VH	GC/CG	-14.0583	-35.7112	10.1016/j.bpc.2019.106189	Author release VarGibbs 5.0 data/AOP-DRVH.par	author_data	source_parameter	Agreement within stored four-decimal precision; name Weber is not necessarily first author.
RNA_DNA_NN_Weber_2019_VH	GG/CC	-11.3728	-26.5422	10.1016/j.bpc.2019.106189	Author release VarGibbs 5.0 data/AOP-DRVH.par	author_data	source_parameter	Agreement within stored four-decimal precision; name Weber is not necessarily first author.
RNA_DNA_NN_Weber_2019_VH	GT/CA	-11.4595	-31.6731	10.1016/j.bpc.2019.106189	Author release VarGibbs 5.0 data/AOP-DRVH.par	author_data	source_parameter	Agreement within stored four-decimal precision; name Weber is not necessarily first author.
RNA_DNA_NN_Weber_2019_VH	TA/AT	-10.2428	-30.8614	10.1016/j.bpc.2019.106189	Author release VarGibbs 5.0 data/AOP-DRVH.par	author_data	source_parameter	Agreement within stored four-decimal precision; name Weber is not necessarily first author.
RNA_DNA_NN_Weber_2019_VH	TC/AG	-11.6522	-32.9572	10.1016/j.bpc.2019.106189	Author release VarGibbs 5.0 data/AOP-DRVH.par	author_data	source_parameter	Agreement within stored four-decimal precision; name Weber is not necessarily first author.
RNA_DNA_NN_Weber_2019_VH	TG/AC	-10.6942	-29.0233	10.1016/j.bpc.2019.106189	Author release VarGibbs 5.0 data/AOP-DRVH.par	author_data	source_parameter	Agreement within stored four-decimal precision; name Weber is not necessarily first author.
RNA_DNA_NN_Weber_2019_VH	TT/AA	-7.7206	-23.8767	10.1016/j.bpc.2019.106189	Author release VarGibbs 5.0 data/AOP-DRVH.par	author_data	source_parameter	Agreement within stored four-decimal precision; name Weber is not necessarily first author.
RNA_DNA_NN_Weber_2019_LS	init	0.963	-6.5119	10.1016/j.bpc.2019.106189	Author release VarGibbs 5.0 data/AOP-DRLS.par	author_data	source_parameter	Agreement within stored four-decimal precision; name Weber is not necessarily first author.
RNA_DNA_NN_Weber_2019_LS	init_A/T	0.0	0.0	10.1016/j.bpc.2019.106189	Author release VarGibbs 5.0 data/AOP-DRLS.par	author_data	zero_template	Agreement within stored four-decimal precision; name Weber is not necessarily first author. Zero implementation term, not a separately measured literature parameter.
RNA_DNA_NN_Weber_2019_LS	init_G/C	0.0	0.0	10.1016/j.bpc.2019.106189	Author release VarGibbs 5.0 data/AOP-DRLS.par	author_data	zero_template	Agreement within stored four-decimal precision; name Weber is not necessarily first author. Zero implementation term, not a separately measured literature parameter.
RNA_DNA_NN_Weber_2019_LS	init_oneG/C	0.0	0.0	10.1016/j.bpc.2019.106189	Author release VarGibbs 5.0 data/AOP-DRLS.par	author_data	zero_template	Agreement within stored four-decimal precision; name Weber is not necessarily first author. Zero implementation term, not a separately measured literature parameter.
RNA_DNA_NN_Weber_2019_LS	init_allA/T	0.0	0.0	10.1016/j.bpc.2019.106189	Author release VarGibbs 5.0 data/AOP-DRLS.par	author_data	zero_template	Agreement within stored four-decimal precision; name Weber is not necessarily first author. Zero implementation term, not a separately measured literature parameter.
RNA_DNA_NN_Weber_2019_LS	init_5T/A	0.0	0.0	10.1016/j.bpc.2019.106189	Author release VarGibbs 5.0 data/AOP-DRLS.par	author_data	zero_template	Agreement within stored four-decimal precision; name Weber is not necessarily first author. Zero implementation term, not a separately measured literature parameter.
RNA_DNA_NN_Weber_2019_LS	sym	0.0	0.0	10.1016/j.bpc.2019.106189	Author release VarGibbs 5.0 data/AOP-DRLS.par	author_data	source_parameter	Agreement within stored four-decimal precision; name Weber is not necessarily first author.
RNA_DNA_NN_Weber_2019_LS	AA/TT	-10.6987	-32.0137	10.1016/j.bpc.2019.106189	Author release VarGibbs 5.0 data/AOP-DRLS.par	author_data	source_parameter	Agreement within stored four-decimal precision; name Weber is not necessarily first author.
RNA_DNA_NN_Weber_2019_LS	AC/TG	-12.701	-37.8656	10.1016/j.bpc.2019.106189	Author release VarGibbs 5.0 data/AOP-DRLS.par	author_data	source_parameter	Agreement within stored four-decimal precision; name Weber is not necessarily first author.
RNA_DNA_NN_Weber_2019_LS	AG/TC	-12.2281	-33.2457	10.1016/j.bpc.2019.106189	Author release VarGibbs 5.0 data/AOP-DRLS.par	author_data	source_parameter	Agreement within stored four-decimal precision; name Weber is not necessarily first author.
RNA_DNA_NN_Weber_2019_LS	AT/TA	-9.4736	-30.5491	10.1016/j.bpc.2019.106189	Author release VarGibbs 5.0 data/AOP-DRLS.par	author_data	source_parameter	Agreement within stored four-decimal precision; name Weber is not necessarily first author.
RNA_DNA_NN_Weber_2019_LS	CA/GT	-13.8697	-37.9789	10.1016/j.bpc.2019.106189	Author release VarGibbs 5.0 data/AOP-DRLS.par	author_data	source_parameter	Agreement within stored four-decimal precision; name Weber is not necessarily first author.
RNA_DNA_NN_Weber_2019_LS	CC/GG	-7.472	-19.349	10.1016/j.bpc.2019.106189	Author release VarGibbs 5.0 data/AOP-DRLS.par	author_data	source_parameter	Agreement within stored four-decimal precision; name Weber is not necessarily first author.
RNA_DNA_NN_Weber_2019_LS	CG/GC	-11.9288	-29.9238	10.1016/j.bpc.2019.106189	Author release VarGibbs 5.0 data/AOP-DRLS.par	author_data	source_parameter	Agreement within stored four-decimal precision; name Weber is not necessarily first author.
RNA_DNA_NN_Weber_2019_LS	CT/GA	-8.6009	-22.9547	10.1016/j.bpc.2019.106189	Author release VarGibbs 5.0 data/AOP-DRLS.par	author_data	source_parameter	Agreement within stored four-decimal precision; name Weber is not necessarily first author.
RNA_DNA_NN_Weber_2019_LS	GA/CT	-12.2396	-33.9475	10.1016/j.bpc.2019.106189	Author release VarGibbs 5.0 data/AOP-DRLS.par	author_data	source_parameter	Agreement within stored four-decimal precision; name Weber is not necessarily first author.
RNA_DNA_NN_Weber_2019_LS	GC/CG	-8.4153	-22.4119	10.1016/j.bpc.2019.106189	Author release VarGibbs 5.0 data/AOP-DRLS.par	author_data	source_parameter	Agreement within stored four-decimal precision; name Weber is not necessarily first author.
RNA_DNA_NN_Weber_2019_LS	GG/CC	-11.8223	-30.8244	10.1016/j.bpc.2019.106189	Author release VarGibbs 5.0 data/AOP-DRLS.par	author_data	source_parameter	Agreement within stored four-decimal precision; name Weber is not necessarily first author.
RNA_DNA_NN_Weber_2019_LS	GT/CA	-10.2316	-29.0019	10.1016/j.bpc.2019.106189	Author release VarGibbs 5.0 data/AOP-DRLS.par	author_data	source_parameter	Agreement within stored four-decimal precision; name Weber is not necessarily first author.
RNA_DNA_NN_Weber_2019_LS	TA/AT	-9.9307	-30.7749	10.1016/j.bpc.2019.106189	Author release VarGibbs 5.0 data/AOP-DRLS.par	author_data	source_parameter	Agreement within stored four-decimal precision; name Weber is not necessarily first author.
RNA_DNA_NN_Weber_2019_LS	TC/AG	-8.7011	-25.6312	10.1016/j.bpc.2019.106189	Author release VarGibbs 5.0 data/AOP-DRLS.par	author_data	source_parameter	Agreement within stored four-decimal precision; name Weber is not necessarily first author.
RNA_DNA_NN_Weber_2019_LS	TG/AC	-9.5454	-25.177	10.1016/j.bpc.2019.106189	Author release VarGibbs 5.0 data/AOP-DRLS.par	author_data	source_parameter	Agreement within stored four-decimal precision; name Weber is not necessarily first author.
RNA_DNA_NN_Weber_2019_LS	TT/AA	-10.8561	-35.9011	10.1016/j.bpc.2019.106189	Author release VarGibbs 5.0 data/AOP-DRLS.par	author_data	source_parameter	Agreement within stored four-decimal precision; name Weber is not necessarily first author.
RNA_DNA_NN_Banerjee_2020	init	0.0	0.0	10.1093/nar/gkaa572	Table 2; footnotes b/c	primary	zero_template	16 stacks match; implementation charges initiation per end instead of once per duplex selected by terminal types. Zero implementation term, not a separately measured literature parameter.
RNA_DNA_NN_Banerjee_2020	init_A/T	0.0	-7.0	10.1093/nar/gkaa572	Table 2; footnotes b/c	primary	source_parameter	16 stacks match; implementation charges initiation per end instead of once per duplex selected by terminal types.
RNA_DNA_NN_Banerjee_2020	init_G/C	0.0	-4.9	10.1093/nar/gkaa572	Table 2; footnotes b/c	primary	source_parameter	16 stacks match; implementation charges initiation per end instead of once per duplex selected by terminal types.
RNA_DNA_NN_Banerjee_2020	init_oneG/C	0.0	0.0	10.1093/nar/gkaa572	Table 2; footnotes b/c	primary	zero_template	16 stacks match; implementation charges initiation per end instead of once per duplex selected by terminal types. Zero implementation term, not a separately measured literature parameter.
RNA_DNA_NN_Banerjee_2020	init_allA/T	0.0	0.0	10.1093/nar/gkaa572	Table 2; footnotes b/c	primary	zero_template	16 stacks match; implementation charges initiation per end instead of once per duplex selected by terminal types. Zero implementation term, not a separately measured literature parameter.
RNA_DNA_NN_Banerjee_2020	init_5T/A	0.0	0.0	10.1093/nar/gkaa572	Table 2; footnotes b/c	primary	zero_template	16 stacks match; implementation charges initiation per end instead of once per duplex selected by terminal types. Zero implementation term, not a separately measured literature parameter.
RNA_DNA_NN_Banerjee_2020	sym	0.0	0.0	10.1093/nar/gkaa572	Table 2; footnotes b/c	primary	source_parameter	16 stacks match; implementation charges initiation per end instead of once per duplex selected by terminal types.
RNA_DNA_NN_Banerjee_2020	AA/TT	-7.8	-22.9	10.1093/nar/gkaa572	Table 2; footnotes b/c	primary	source_parameter	16 stacks match; implementation charges initiation per end instead of once per duplex selected by terminal types.
RNA_DNA_NN_Banerjee_2020	AC/TG	-10.1	-27.3	10.1093/nar/gkaa572	Table 2; footnotes b/c	primary	source_parameter	16 stacks match; implementation charges initiation per end instead of once per duplex selected by terminal types.
RNA_DNA_NN_Banerjee_2020	AG/TC	-9.4	-26.2	10.1093/nar/gkaa572	Table 2; footnotes b/c	primary	source_parameter	16 stacks match; implementation charges initiation per end instead of once per duplex selected by terminal types.
RNA_DNA_NN_Banerjee_2020	AT/TA	-5.8	-17.5	10.1093/nar/gkaa572	Table 2; footnotes b/c	primary	source_parameter	16 stacks match; implementation charges initiation per end instead of once per duplex selected by terminal types.
RNA_DNA_NN_Banerjee_2020	CA/GT	-9.8	-27.4	10.1093/nar/gkaa572	Table 2; footnotes b/c	primary	source_parameter	16 stacks match; implementation charges initiation per end instead of once per duplex selected by terminal types.
RNA_DNA_NN_Banerjee_2020	CC/GG	-9.5	-24.8	10.1093/nar/gkaa572	Table 2; footnotes b/c	primary	source_parameter	16 stacks match; implementation charges initiation per end instead of once per duplex selected by terminal types.
RNA_DNA_NN_Banerjee_2020	CG/GC	-9.0	-24.3	10.1093/nar/gkaa572	Table 2; footnotes b/c	primary	source_parameter	16 stacks match; implementation charges initiation per end instead of once per duplex selected by terminal types.
RNA_DNA_NN_Banerjee_2020	CT/GA	-6.1	-17.9	10.1093/nar/gkaa572	Table 2; footnotes b/c	primary	source_parameter	16 stacks match; implementation charges initiation per end instead of once per duplex selected by terminal types.
RNA_DNA_NN_Banerjee_2020	GA/CT	-8.6	-22.7	10.1093/nar/gkaa572	Table 2; footnotes b/c	primary	source_parameter	16 stacks match; implementation charges initiation per end instead of once per duplex selected by terminal types.
RNA_DNA_NN_Banerjee_2020	GC/CG	-10.6	-27.7	10.1093/nar/gkaa572	Table 2; footnotes b/c	primary	source_parameter	16 stacks match; implementation charges initiation per end instead of once per duplex selected by terminal types.
RNA_DNA_NN_Banerjee_2020	GG/CC	-13.3	-35.7	10.1093/nar/gkaa572	Table 2; footnotes b/c	primary	source_parameter	16 stacks match; implementation charges initiation per end instead of once per duplex selected by terminal types.
RNA_DNA_NN_Banerjee_2020	GT/CA	-9.3	-25.5	10.1093/nar/gkaa572	Table 2; footnotes b/c	primary	source_parameter	16 stacks match; implementation charges initiation per end instead of once per duplex selected by terminal types.
RNA_DNA_NN_Banerjee_2020	TA/AT	-6.6	-19.7	10.1093/nar/gkaa572	Table 2; footnotes b/c	primary	source_parameter	16 stacks match; implementation charges initiation per end instead of once per duplex selected by terminal types.
RNA_DNA_NN_Banerjee_2020	TC/AG	-6.5	-16.3	10.1093/nar/gkaa572	Table 2; footnotes b/c	primary	source_parameter	16 stacks match; implementation charges initiation per end instead of once per duplex selected by terminal types.
RNA_DNA_NN_Banerjee_2020	TG/AC	-8.9	-23.3	10.1093/nar/gkaa572	Table 2; footnotes b/c	primary	source_parameter	16 stacks match; implementation charges initiation per end instead of once per duplex selected by terminal types.
RNA_DNA_NN_Banerjee_2020	TT/AA	-7.4	-24.3	10.1093/nar/gkaa572	Table 2; footnotes b/c	primary	source_parameter	16 stacks match; implementation charges initiation per end instead of once per duplex selected by terminal types.
RNA_NN_Zuber_2022	init	4.66	1.78	10.1093/nar/gkac261	Tables 1A-1B	primary	source_parameter	New model needs no special GGUC/CUGG correction.
RNA_NN_Zuber_2022	init_A/T	0.0	0.0	10.1093/nar/gkac261	Tables 1A-1B	primary	zero_template	New model needs no special GGUC/CUGG correction. Zero implementation term, not a separately measured literature parameter.
RNA_NN_Zuber_2022	init_G/C	0.0	0.0	10.1093/nar/gkac261	Tables 1A-1B	primary	zero_template	New model needs no special GGUC/CUGG correction. Zero implementation term, not a separately measured literature parameter.
RNA_NN_Zuber_2022	init_oneG/C	0.0	0.0	10.1093/nar/gkac261	Tables 1A-1B	primary	zero_template	New model needs no special GGUC/CUGG correction. Zero implementation term, not a separately measured literature parameter.
RNA_NN_Zuber_2022	init_allA/T	0.0	0.0	10.1093/nar/gkac261	Tables 1A-1B	primary	zero_template	New model needs no special GGUC/CUGG correction. Zero implementation term, not a separately measured literature parameter.
RNA_NN_Zuber_2022	init_5T/A	0.0	0.0	10.1093/nar/gkac261	Tables 1A-1B	primary	zero_template	New model needs no special GGUC/CUGG correction. Zero implementation term, not a separately measured literature parameter.
RNA_NN_Zuber_2022	sym	0.0	-1.38	10.1093/nar/gkac261	Tables 1A-1B	primary	source_parameter	New model needs no special GGUC/CUGG correction.
RNA_NN_Zuber_2022	AA/TT	-7.44	-20.98	10.1093/nar/gkac261	Tables 1A-1B	primary	source_parameter	New model needs no special GGUC/CUGG correction.
RNA_NN_Zuber_2022	AT/TA	-8.91	-25.22	10.1093/nar/gkac261	Tables 1A-1B	primary	source_parameter	New model needs no special GGUC/CUGG correction.
RNA_NN_Zuber_2022	TA/AT	-9.16	-25.4	10.1093/nar/gkac261	Tables 1A-1B	primary	source_parameter	New model needs no special GGUC/CUGG correction.
RNA_NN_Zuber_2022	CA/GT	-10.47	-27.08	10.1093/nar/gkac261	Tables 1A-1B	primary	source_parameter	New model needs no special GGUC/CUGG correction.
RNA_NN_Zuber_2022	GT/CA	-11.98	-31.37	10.1093/nar/gkac261	Tables 1A-1B	primary	source_parameter	New model needs no special GGUC/CUGG correction.
RNA_NN_Zuber_2022	CT/GA	-9.34	-23.66	10.1093/nar/gkac261	Tables 1A-1B	primary	source_parameter	New model needs no special GGUC/CUGG correction.
RNA_NN_Zuber_2022	GA/CT	-13.75	-36.53	10.1093/nar/gkac261	Tables 1A-1B	primary	source_parameter	New model needs no special GGUC/CUGG correction.
RNA_NN_Zuber_2022	CG/GC	-9.61	-23.46	10.1093/nar/gkac261	Tables 1A-1B	primary	source_parameter	New model needs no special GGUC/CUGG correction.
RNA_NN_Zuber_2022	GC/CG	-16.52	-42.13	10.1093/nar/gkac261	Tables 1A-1B	primary	source_parameter	New model needs no special GGUC/CUGG correction.
RNA_NN_Zuber_2022	GG/CC	-13.94	-34.41	10.1093/nar/gkac261	Tables 1A-1B	primary	source_parameter	New model needs no special GGUC/CUGG correction.
RNA_NN_Zuber_2022	GT/TG	-7.66	-24.11	10.1093/nar/gkac261	Tables 1A-1B	primary	source_parameter	New model needs no special GGUC/CUGG correction.
RNA_NN_Zuber_2022	GG/TT	-9.06	-28.57	10.1093/nar/gkac261	Tables 1A-1B	primary	source_parameter	New model needs no special GGUC/CUGG correction.
RNA_NN_Zuber_2022	AG/TT	-5.1	-16.53	10.1093/nar/gkac261	Tables 1A-1B	primary	source_parameter	New model needs no special GGUC/CUGG correction.
RNA_NN_Zuber_2022	TG/AT	-2.72	-8.08	10.1093/nar/gkac261	Tables 1A-1B	primary	source_parameter	New model needs no special GGUC/CUGG correction.
RNA_NN_Zuber_2022	TT/AG	-10.58	-32.19	10.1093/nar/gkac261	Tables 1A-1B	primary	source_parameter	New model needs no special GGUC/CUGG correction.
RNA_NN_Zuber_2022	TG/GT	-8.76	-27.04	10.1093/nar/gkac261	Tables 1A-1B	primary	source_parameter	New model needs no special GGUC/CUGG correction.
RNA_NN_Zuber_2022	AT/TG	-9.23	-27.32	10.1093/nar/gkac261	Tables 1A-1B	primary	source_parameter	New model needs no special GGUC/CUGG correction.
RNA_NN_Zuber_2022	CG/GT	-5.64	-14.83	10.1093/nar/gkac261	Tables 1A-1B	primary	source_parameter	New model needs no special GGUC/CUGG correction.
RNA_NN_Zuber_2022	CT/GG	-9.26	-23.64	10.1093/nar/gkac261	Tables 1A-1B	primary	source_parameter	New model needs no special GGUC/CUGG correction.
RNA_NN_Zuber_2022	GG/CT	-12.41	-34.23	10.1093/nar/gkac261	Tables 1A-1B	primary	source_parameter	New model needs no special GGUC/CUGG correction.
RNA_NN_Zuber_2022	GT/CG	-14.73	-40.32	10.1093/nar/gkac261	Tables 1A-1B	primary	source_parameter	New model needs no special GGUC/CUGG correction.
RNA_NN_Zuber_2022	TT/AA	-7.44	-20.98	10.1093/nar/gkac261	Tables 1A-1B	primary	strand_symmetry_copy	New model needs no special GGUC/CUGG correction. Copy of AA/TT, not an independent fit.
RNA_NN_Zuber_2022	AC/TG	-11.98	-31.37	10.1093/nar/gkac261	Tables 1A-1B	primary	strand_symmetry_copy	New model needs no special GGUC/CUGG correction. Copy of GT/CA, not an independent fit.
RNA_NN_Zuber_2022	AG/TC	-9.34	-23.66	10.1093/nar/gkac261	Tables 1A-1B	primary	strand_symmetry_copy	New model needs no special GGUC/CUGG correction. Copy of CT/GA, not an independent fit.
RNA_NN_Zuber_2022	TC/AG	-13.75	-36.53	10.1093/nar/gkac261	Tables 1A-1B	primary	strand_symmetry_copy	New model needs no special GGUC/CUGG correction. Copy of GA/CT, not an independent fit.
RNA_NN_Zuber_2022	TG/AC	-10.47	-27.08	10.1093/nar/gkac261	Tables 1A-1B	primary	strand_symmetry_copy	New model needs no special GGUC/CUGG correction. Copy of CA/GT, not an independent fit.
RNA_NN_Zuber_2022	CC/GG	-13.94	-34.41	10.1093/nar/gkac261	Tables 1A-1B	primary	strand_symmetry_copy	New model needs no special GGUC/CUGG correction. Copy of GG/CC, not an independent fit.
RNA_NN_Zuber_2022_END	AA/TT	4.36	13.35	10.1093/nar/gkac261	Tables 1A-1B, six end classes expanded to 24 keys	primary	expanded_end_class	
RNA_NN_Zuber_2022_END	AT/TA	4.36	13.35	10.1093/nar/gkac261	Tables 1A-1B, six end classes expanded to 24 keys	primary	expanded_end_class	
RNA_NN_Zuber_2022_END	AG/TC	3.17	8.79	10.1093/nar/gkac261	Tables 1A-1B, six end classes expanded to 24 keys	primary	expanded_end_class	
RNA_NN_Zuber_2022_END	AC/TG	3.17	8.79	10.1093/nar/gkac261	Tables 1A-1B, six end classes expanded to 24 keys	primary	expanded_end_class	
RNA_NN_Zuber_2022_END	AG/TT	5.16	18.96	10.1093/nar/gkac261	Tables 1A-1B, six end classes expanded to 24 keys	primary	expanded_end_class	
RNA_NN_Zuber_2022_END	AT/TG	5.16	18.96	10.1093/nar/gkac261	Tables 1A-1B, six end classes expanded to 24 keys	primary	expanded_end_class	
RNA_NN_Zuber_2022_END	TA/AT	4.36	13.35	10.1093/nar/gkac261	Tables 1A-1B, six end classes expanded to 24 keys	primary	expanded_end_class	
RNA_NN_Zuber_2022_END	TT/AA	4.36	13.35	10.1093/nar/gkac261	Tables 1A-1B, six end classes expanded to 24 keys	primary	expanded_end_class	
RNA_NN_Zuber_2022_END	TG/AC	3.17	8.79	10.1093/nar/gkac261	Tables 1A-1B, six end classes expanded to 24 keys	primary	expanded_end_class	
RNA_NN_Zuber_2022_END	TC/AG	3.17	8.79	10.1093/nar/gkac261	Tables 1A-1B, six end classes expanded to 24 keys	primary	expanded_end_class	
RNA_NN_Zuber_2022_END	TG/AT	5.16	18.96	10.1093/nar/gkac261	Tables 1A-1B, six end classes expanded to 24 keys	primary	expanded_end_class	
RNA_NN_Zuber_2022_END	TT/AG	5.16	18.96	10.1093/nar/gkac261	Tables 1A-1B, six end classes expanded to 24 keys	primary	expanded_end_class	
RNA_NN_Zuber_2022_END	GA/TT	3.65	12.78	10.1093/nar/gkac261	Tables 1A-1B, six end classes expanded to 24 keys	primary	expanded_end_class	
RNA_NN_Zuber_2022_END	GT/TA	3.65	12.78	10.1093/nar/gkac261	Tables 1A-1B, six end classes expanded to 24 keys	primary	expanded_end_class	
RNA_NN_Zuber_2022_END	GG/TC	3.91	12.17	10.1093/nar/gkac261	Tables 1A-1B, six end classes expanded to 24 keys	primary	expanded_end_class	
RNA_NN_Zuber_2022_END	GC/TG	3.91	12.17	10.1093/nar/gkac261	Tables 1A-1B, six end classes expanded to 24 keys	primary	expanded_end_class	
RNA_NN_Zuber_2022_END	GG/TT	6.23	22.47	10.1093/nar/gkac261	Tables 1A-1B, six end classes expanded to 24 keys	primary	expanded_end_class	
RNA_NN_Zuber_2022_END	GT/TG	6.23	22.47	10.1093/nar/gkac261	Tables 1A-1B, six end classes expanded to 24 keys	primary	expanded_end_class	
RNA_NN_Zuber_2022_END	TA/GT	3.65	12.78	10.1093/nar/gkac261	Tables 1A-1B, six end classes expanded to 24 keys	primary	expanded_end_class	
RNA_NN_Zuber_2022_END	TT/GA	3.65	12.78	10.1093/nar/gkac261	Tables 1A-1B, six end classes expanded to 24 keys	primary	expanded_end_class	
RNA_NN_Zuber_2022_END	TG/GC	3.91	12.17	10.1093/nar/gkac261	Tables 1A-1B, six end classes expanded to 24 keys	primary	expanded_end_class	
RNA_NN_Zuber_2022_END	TC/GG	3.91	12.17	10.1093/nar/gkac261	Tables 1A-1B, six end classes expanded to 24 keys	primary	expanded_end_class	
RNA_NN_Zuber_2022_END	TG/GT	6.23	22.47	10.1093/nar/gkac261	Tables 1A-1B, six end classes expanded to 24 keys	primary	expanded_end_class	
RNA_NN_Zuber_2022_END	TT/GG	6.23	22.47	10.1093/nar/gkac261	Tables 1A-1B, six end classes expanded to 24 keys	primary	expanded_end_class	
RNA_NN_Ghosh_2023_PEG200	init	4.6	-2.9	10.1093/nar/gkad020	Table 1	primary	source_parameter	40 wt% PEG200, 100 mM NaCl.
RNA_NN_Ghosh_2023_PEG200	init_A/T	6.5	18.2	10.1093/nar/gkad020	Table 1	primary	source_parameter	40 wt% PEG200, 100 mM NaCl.
RNA_NN_Ghosh_2023_PEG200	init_G/C	0.0	0.0	10.1093/nar/gkad020	Table 1	primary	zero_template	40 wt% PEG200, 100 mM NaCl. Zero implementation term, not a separately measured literature parameter.
RNA_NN_Ghosh_2023_PEG200	init_oneG/C	0.0	0.0	10.1093/nar/gkad020	Table 1	primary	zero_template	40 wt% PEG200, 100 mM NaCl. Zero implementation term, not a separately measured literature parameter.
RNA_NN_Ghosh_2023_PEG200	init_allA/T	0.0	0.0	10.1093/nar/gkad020	Table 1	primary	zero_template	40 wt% PEG200, 100 mM NaCl. Zero implementation term, not a separately measured literature parameter.
RNA_NN_Ghosh_2023_PEG200	init_5T/A	0.0	0.0	10.1093/nar/gkad020	Table 1	primary	zero_template	40 wt% PEG200, 100 mM NaCl. Zero implementation term, not a separately measured literature parameter.
RNA_NN_Ghosh_2023_PEG200	sym	0.0	-1.4	10.1093/nar/gkad020	Table 1	primary	source_parameter	40 wt% PEG200, 100 mM NaCl.
RNA_NN_Ghosh_2023_PEG200	AA/TT	-10.0	-30.4	10.1093/nar/gkad020	Table 1	primary	source_parameter	40 wt% PEG200, 100 mM NaCl.
RNA_NN_Ghosh_2023_PEG200	AT/TA	-10.1	-30.8	10.1093/nar/gkad020	Table 1	primary	source_parameter	40 wt% PEG200, 100 mM NaCl.
RNA_NN_Ghosh_2023_PEG200	TA/AT	-11.1	-31.5	10.1093/nar/gkad020	Table 1	primary	source_parameter	40 wt% PEG200, 100 mM NaCl.
RNA_NN_Ghosh_2023_PEG200	CA/GT	-12.1	-32.1	10.1093/nar/gkad020	Table 1	primary	source_parameter	40 wt% PEG200, 100 mM NaCl.
RNA_NN_Ghosh_2023_PEG200	GT/CA	-10.7	-28.7	10.1093/nar/gkad020	Table 1	primary	source_parameter	40 wt% PEG200, 100 mM NaCl.
RNA_NN_Ghosh_2023_PEG200	CT/GA	-11.2	-30.4	10.1093/nar/gkad020	Table 1	primary	source_parameter	40 wt% PEG200, 100 mM NaCl.
RNA_NN_Ghosh_2023_PEG200	GA/CT	-11.7	-30.5	10.1093/nar/gkad020	Table 1	primary	source_parameter	40 wt% PEG200, 100 mM NaCl.
RNA_NN_Ghosh_2023_PEG200	CG/GC	-11.1	-28.8	10.1093/nar/gkad020	Table 1	primary	source_parameter	40 wt% PEG200, 100 mM NaCl.
RNA_NN_Ghosh_2023_PEG200	GC/CG	-13.8	-34.6	10.1093/nar/gkad020	Table 1	primary	source_parameter	40 wt% PEG200, 100 mM NaCl.
RNA_NN_Ghosh_2023_PEG200	GG/CC	-14.8	-38.4	10.1093/nar/gkad020	Table 1	primary	source_parameter	40 wt% PEG200, 100 mM NaCl.
RNA_NN_Ghosh_2023_PEG200	TT/AA	-10.0	-30.4	10.1093/nar/gkad020	Table 1	primary	strand_symmetry_copy	40 wt% PEG200, 100 mM NaCl. Copy of AA/TT, not an independent fit.
RNA_NN_Ghosh_2023_PEG200	AC/TG	-10.7	-28.7	10.1093/nar/gkad020	Table 1	primary	strand_symmetry_copy	40 wt% PEG200, 100 mM NaCl. Copy of GT/CA, not an independent fit.
RNA_NN_Ghosh_2023_PEG200	AG/TC	-11.2	-30.4	10.1093/nar/gkad020	Table 1	primary	strand_symmetry_copy	40 wt% PEG200, 100 mM NaCl. Copy of CT/GA, not an independent fit.
RNA_NN_Ghosh_2023_PEG200	TC/AG	-11.7	-30.5	10.1093/nar/gkad020	Table 1	primary	strand_symmetry_copy	40 wt% PEG200, 100 mM NaCl. Copy of GA/CT, not an independent fit.
RNA_NN_Ghosh_2023_PEG200	TG/AC	-12.1	-32.1	10.1093/nar/gkad020	Table 1	primary	strand_symmetry_copy	40 wt% PEG200, 100 mM NaCl. Copy of CA/GT, not an independent fit.
RNA_NN_Ghosh_2023_PEG200	CC/GG	-14.8	-38.4	10.1093/nar/gkad020	Table 1	primary	strand_symmetry_copy	40 wt% PEG200, 100 mM NaCl. Copy of GG/CC, not an independent fit.
DNA_NN_Ghosh_2020_PEG200	init	0.0	0.0	10.1073/pnas.1920886117	SI Tables S7-S8, as recorded in existing v1.1.1 provenance	pending	zero_template	Article identity verified; original SI download unavailable; stored values not independently reverified. Zero implementation term, not a separately measured literature parameter.
DNA_NN_Ghosh_2020_PEG200	init_A/T	-2.9	-12.7	10.1073/pnas.1920886117	SI Tables S7-S8, as recorded in existing v1.1.1 provenance	pending	source_parameter	Article identity verified; original SI download unavailable; stored values not independently reverified.
DNA_NN_Ghosh_2020_PEG200	init_G/C	-10.1	-35.1	10.1073/pnas.1920886117	SI Tables S7-S8, as recorded in existing v1.1.1 provenance	pending	source_parameter	Article identity verified; original SI download unavailable; stored values not independently reverified.
DNA_NN_Ghosh_2020_PEG200	init_oneG/C	0.0	0.0	10.1073/pnas.1920886117	SI Tables S7-S8, as recorded in existing v1.1.1 provenance	pending	zero_template	Article identity verified; original SI download unavailable; stored values not independently reverified. Zero implementation term, not a separately measured literature parameter.
DNA_NN_Ghosh_2020_PEG200	init_allA/T	0.0	0.0	10.1073/pnas.1920886117	SI Tables S7-S8, as recorded in existing v1.1.1 provenance	pending	zero_template	Article identity verified; original SI download unavailable; stored values not independently reverified. Zero implementation term, not a separately measured literature parameter.
DNA_NN_Ghosh_2020_PEG200	init_5T/A	0.0	0.0	10.1073/pnas.1920886117	SI Tables S7-S8, as recorded in existing v1.1.1 provenance	pending	zero_template	Article identity verified; original SI download unavailable; stored values not independently reverified. Zero implementation term, not a separately measured literature parameter.
DNA_NN_Ghosh_2020_PEG200	sym	0.0	-1.4	10.1073/pnas.1920886117	SI Tables S7-S8, as recorded in existing v1.1.1 provenance	pending	source_parameter	Article identity verified; original SI download unavailable; stored values not independently reverified.
DNA_NN_Ghosh_2020_PEG200	AA/TT	-6.5	-19.2	10.1073/pnas.1920886117	SI Tables S7-S8, as recorded in existing v1.1.1 provenance	pending	source_parameter	Article identity verified; original SI download unavailable; stored values not independently reverified.
DNA_NN_Ghosh_2020_PEG200	AT/TA	-9.4	-29.4	10.1073/pnas.1920886117	SI Tables S7-S8, as recorded in existing v1.1.1 provenance	pending	source_parameter	Article identity verified; original SI download unavailable; stored values not independently reverified.
DNA_NN_Ghosh_2020_PEG200	TA/AT	-4.3	-13.3	10.1073/pnas.1920886117	SI Tables S7-S8, as recorded in existing v1.1.1 provenance	pending	source_parameter	Article identity verified; original SI download unavailable; stored values not independently reverified.
DNA_NN_Ghosh_2020_PEG200	CA/GT	-13.1	-38.8	10.1073/pnas.1920886117	SI Tables S7-S8, as recorded in existing v1.1.1 provenance	pending	source_parameter	Article identity verified; original SI download unavailable; stored values not independently reverified.
DNA_NN_Ghosh_2020_PEG200	GT/CA	-9.2	-26.8	10.1073/pnas.1920886117	SI Tables S7-S8, as recorded in existing v1.1.1 provenance	pending	source_parameter	Article identity verified; original SI download unavailable; stored values not independently reverified.
DNA_NN_Ghosh_2020_PEG200	CT/GA	-3.4	-7.9	10.1073/pnas.1920886117	SI Tables S7-S8, as recorded in existing v1.1.1 provenance	pending	source_parameter	Article identity verified; original SI download unavailable; stored values not independently reverified.
DNA_NN_Ghosh_2020_PEG200	GA/CT	-4.9	-13.0	10.1073/pnas.1920886117	SI Tables S7-S8, as recorded in existing v1.1.1 provenance	pending	source_parameter	Article identity verified; original SI download unavailable; stored values not independently reverified.
DNA_NN_Ghosh_2020_PEG200	CG/GC	-6.4	-16.1	10.1073/pnas.1920886117	SI Tables S7-S8, as recorded in existing v1.1.1 provenance	pending	source_parameter	Article identity verified; original SI download unavailable; stored values not independently reverified.
DNA_NN_Ghosh_2020_PEG200	GC/CG	-4.2	-9.3	10.1073/pnas.1920886117	SI Tables S7-S8, as recorded in existing v1.1.1 provenance	pending	source_parameter	Article identity verified; original SI download unavailable; stored values not independently reverified.
DNA_NN_Ghosh_2020_PEG200	GG/CC	-4.0	-8.9	10.1073/pnas.1920886117	SI Tables S7-S8, as recorded in existing v1.1.1 provenance	pending	source_parameter	Article identity verified; original SI download unavailable; stored values not independently reverified.
DNA_NN_Ghosh_2020_PEG200	TT/AA	-6.5	-19.2	10.1073/pnas.1920886117	SI Tables S7-S8, as recorded in existing v1.1.1 provenance	pending	strand_symmetry_copy	Article identity verified; original SI download unavailable; stored values not independently reverified. Copy of AA/TT, not an independent fit.
DNA_NN_Ghosh_2020_PEG200	AC/TG	-9.2	-26.8	10.1073/pnas.1920886117	SI Tables S7-S8, as recorded in existing v1.1.1 provenance	pending	strand_symmetry_copy	Article identity verified; original SI download unavailable; stored values not independently reverified. Copy of GT/CA, not an independent fit.
DNA_NN_Ghosh_2020_PEG200	AG/TC	-3.4	-7.9	10.1073/pnas.1920886117	SI Tables S7-S8, as recorded in existing v1.1.1 provenance	pending	strand_symmetry_copy	Article identity verified; original SI download unavailable; stored values not independently reverified. Copy of CT/GA, not an independent fit.
DNA_NN_Ghosh_2020_PEG200	TC/AG	-4.9	-13.0	10.1073/pnas.1920886117	SI Tables S7-S8, as recorded in existing v1.1.1 provenance	pending	strand_symmetry_copy	Article identity verified; original SI download unavailable; stored values not independently reverified. Copy of GA/CT, not an independent fit.
DNA_NN_Ghosh_2020_PEG200	TG/AC	-13.1	-38.8	10.1073/pnas.1920886117	SI Tables S7-S8, as recorded in existing v1.1.1 provenance	pending	strand_symmetry_copy	Article identity verified; original SI download unavailable; stored values not independently reverified. Copy of CA/GT, not an independent fit.
DNA_NN_Ghosh_2020_PEG200	CC/GG	-4.0	-8.9	10.1073/pnas.1920886117	SI Tables S7-S8, as recorded in existing v1.1.1 provenance	pending	strand_symmetry_copy	Article identity verified; original SI download unavailable; stored values not independently reverified. Copy of GG/CC, not an independent fit.
