85.2911015453
82.4840014049
84.4522746325
80.9360962918
85.1335254969
86.4475995898
85.9658977820
84.4944821965
82.1988545034
80.2331969695
82.0287599494
84.1858057041
84.6410471208
79.3688620103
82.8688730591
82.0159496761
84.0902034502
85.3987092862
78.4368362604
80.6072053869
81.0301425451
77.9717082309
82.7969183208
82.9176601628
84.4398572600
76.4705585779
79.0797661889
82.6913928169
84.5918017730
84.8822693757
83.0315466648
82.5485080962
85.1690254743
83.5318872526
85.2340751833
84.3740679679
83.9001745432
88.0974316760
79.8925968890
79.8990025048
81.0545270576
84.6935311110
83.3631815346
83.2516318892
75.3880261533
86.4878063461
77.0872633407
83.6396774072
84.0569633827
82.4466126095
81.3358252250
83.9765319883
81.6362539109
80.8854819440
85.0824962134
75.6814986071
81.2376085099
82.8654499317
77.0897528964
78.5176806315
80.7498589261
81.7987903844
79.3951519082
81.2577833829
83.1817876636
82.5291908778
83.4052222943
83.7960086759
81.1806111673
81.9716355019
77.8954891403
82.8088260145
84.5853297308
88.7611145617
77.6783446297
81.1067095856
83.7259444652
83.1688573752
85.6682964432
83.3954563167
82.7915148283
80.8399699077
84.3942356795
80.0892697697
84.1417234262
81.0986793730
83.4126058268
84.0729522206
86.3173318406
72.7915042739
83.8651600547
76.5483083046
81.9390303486
83.3676793561
76.2938101899
82.4839798656
75.7840916986
82.4034182815
81.9031383149
82.7101086088
74.7124279052
83.5668597797
82.9310550749
75.5926208869
82.5239237250
79.6603792825
78.1645604001
82.2044593199
85.0748107555
84.0754055419
83.7061300607
78.9815715094
85.4846666108
74.1831735978
77.6858239382
79.2123638409
82.9883352834
79.8130069371
76.6008317475
87.6040962291
74.7955341604
81.8186069555
80.5209561536
78.4168262314
82.6883230083
83.8253093946
85.2424278210
80.9800964275
83.3915184907
84.2564647777
79.5507978015
84.6774585714
84.7922314864
82.3215440353
76.5605621817
84.1106694486
84.0891488856
83.4742388163
82.6193556757
84.3674542376
84.2547417681
82.7331227406
81.2746080968
81.3256753304
81.8047823990
88.2881596845
71.8743634176
80.0199441432
86.5131423175
81.7377824135
82.0088649429
83.8230829711
83.0760512737
84.4301605686
82.7290232287
87.4359732759
82.4551086788
82.9753537161
78.9623303255
80.8188933779
81.5343182513
80.2610143248
82.9423216691
83.7660356394
85.6859905005
80.9055218785
83.5751218906
81.5386581511
85.4105397297
74.0367435662
80.1366339861
82.6961514759
81.6779798983
79.4384157327
81.8216040583
76.9366991762
79.5246269954
81.4365593982
77.7830114048
82.0739641576
86.8878459749
79.6864908617
85.8429386984
82.1108804101
84.9944746179
83.4799624006
83.4117286021
83.9461310606
76.5594520071
83.3178952805
86.5563108091
78.5720282150
81.4847855714
79.0652300669
78.4367697021
81.8178881926
88.3049212270
74.9948415548
84.2715081674
82.5360463016
82.7327583069
84.5575520616
86.3582351519
84.0296494173
82.3747796296
82.8410601348
83.7746188837
80.9843487053
84.3035049894
84.2781206981
77.1053060339
73.4919526450
78.2014919462
83.2370595890
85.0316402449
79.4201756455
84.2596905745
82.5796280444
84.0843203022
83.0738274130
82.8332346826
84.4587268334
82.4495563589
83.7946082003
72.1356153165
81.7606734785
82.3290357089
82.5761407266
76.8492838273
81.7892266595
83.3840835246
78.4469258787
78.5871408775
83.2258851127
80.9309730012
82.4873290684
84.3782786132
83.0035953707
80.1926934630
84.3679861999
79.6288236294
81.3555933633
81.1652619331
76.3203556454
80.1101385031
83.7329187748
84.1544266946
78.6216291914
82.8667727862
80.5515616884
81.1791101027
80.4378383587
82.4864075181
81.1887264324
82.5347145982
82.2948861062
79.8602659402
82.4148089730
79.8136932747
84.0912714026
82.5238350623
82.9574918805
80.1296976927
84.9139160644
84.1105789471
82.2609192541
82.1341981694
83.2605652108
84.4978108035
79.7991310876
80.4473856909
83.8784044899
83.7192334630
81.1426650648
82.8751188209
81.3933542706
77.9828179508
83.2272408588
87.7033220079
84.6307680043
84.8497123484
83.9998274960
81.2097604739
80.1233017722
78.3856493792
80.5477461843
83.9265883846
83.1540031625
80.0011225136
85.2921272336
82.2284208217
81.7017705917
83.6068450565
82.4954632626
84.3925317345
82.4368793758
76.9852291792
82.0696016134
81.9452833423
85.9466530535
82.4617993018
80.2494541880
82.1226686373
86.5539194822
82.2198222085
73.7484831033
84.7923514913
82.9051281359
83.3839633319
83.3231116293
80.3710282049
80.1860073621
84.6808267556
81.6082352624
79.3361980083
76.5188135446
83.8451558049
82.9421937057
82.2479529841
78.4952317890
78.7915103969
84.0672734114
81.2618812448
82.6432327921
87.7164208541
84.0501310204
89.5521463329
84.8792135136
84.6790864065
81.8699002868
83.5979625201
80.0025892356
79.9118853243
82.6825850487
84.7176957128
77.2511946745
78.5876886350
79.0577968745
86.5918424333
85.3845482497
86.6545978455
79.9886018786
82.8550095493
83.5076825495
77.9895169811
80.2494260348
82.8420479815
81.3124191236
83.7152836050
83.9490830880
82.0510128983
81.6187633097
81.8897014672
84.0872816386
85.1603363416
83.6167146487
82.1020343262
84.2655982092
82.6591035765
83.8717308475
79.6438464729
85.5822049760
84.2735184385
83.1082157837
78.3468270809
83.5946263141
82.1190858434
82.8842949348
85.7325643643
75.1755888834
79.4721392674
83.1842160848
86.4207023345
78.9162561284
78.1189002121
84.7971760330
85.8492856295
79.2349120035
86.1067382708
82.4731140299
83.8477688464
82.4168317671
82.5423504802
83.8727508270
83.3121665354
80.6534145022
82.8543228017
85.4986381124
87.4171076343
82.7249119228
84.4906214140
78.9032477032
83.2487201249
85.7264815702
84.2746978678
86.7428400782
82.5189079127
80.2187493522
84.0145149458
84.4259334929
84.0843142948
80.7246749405
79.6376409885
77.3900898669
83.2271300278
75.4834387507
84.2298719680
84.4854739713
80.1380610076
72.9665065288
77.6519115809
84.3696302014
82.9333759442
87.2847135338
77.8645358636
80.1787710716
83.8878117341
83.2854032259
81.8410829663
82.7364062958
83.5008592132
83.9892122511
82.8827377594
74.4114275989
85.0269004399
80.1028855650
82.0740102038
81.6276448820
81.9204451273
86.6138758265
80.7032558482
84.1279666216
83.6291003273
85.2137623797
75.9058390176
86.5591506380
78.6898714592
83.7014381739
82.5229868747
80.6631163558
79.6433340875
81.0557340870
81.2639615002
82.1515678467
82.9018272981
83.3026162391
85.1234730014
82.9829193379
78.6304981413
81.3597807017
80.8420461850
83.9885202040
85.4840783184
87.1945711719
85.9510341974
81.9717672241
82.6080585116
85.0858101700
81.1246960884
82.7293167877
83.3737878881
84.4480571469
82.5060269874
85.0686565014
81.7574211463
84.7062411629
80.9223694663
82.4899531836
82.7423329829
82.5427802715
77.2979463607
81.2901338074
80.4505136466
81.1062741157
85.1685767551
85.1501072467
80.8901764077
84.4916220702
79.9233510800
82.6930314807
82.6302704580
82.9100535535
81.2983808229
83.7915113683
77.8203051645
84.6740641338
82.8681926650
79.9314127723
76.7315010096
81.1431182785
83.9313689416
80.6344496609
84.6379456214
73.5156062786
82.6930066178
83.3659625451
85.1961234372
79.8528570455
86.0665354418
73.6266667017
84.0523240053
83.0098612546
82.4448074453
85.0038749161
80.3057987842
73.2324747757
84.4535750843
82.9741164075
81.0764023163
83.5417214296
80.8397535125
79.9222473095
81.5586735588
76.3097564736
81.9081703762
82.2453994523
80.3174143734
79.5831093814
84.4894721370
83.8385060789
84.7443824249
81.7991326252
83.8722025230
78.8412476802
83.2920702654
86.1604275265
84.2066149855
80.5999305539
80.3156261355
77.2039810150
83.3358693047
79.4533551486
84.3116026682
76.0044823243
83.1764926983
81.3171254890
82.9418404508
85.0835818602
85.7327979466
83.7044867351
84.8046470679
84.4700506980
77.6175954738
81.2001724299
78.9650900192
83.3065977752
86.7901470913
82.1982455346
82.1432928337
84.0740650450
83.9746046931
85.3525363215
87.3004913699
81.5809340964
84.6762245865
83.7897092841
83.1133385547
83.2053495629
80.2899098288
81.2843346562
82.8208747060
79.4576706435
81.5536105367
80.6327528078
82.9932266259
80.3545655960
84.9469401102
85.4815848167
76.7729606263
82.7218921573
80.2806847434
79.1978706503
85.0763079810
85.0791404866
75.9456877513
86.6001724791
84.3532432812
78.6061739586
81.8224809191
80.1907003831
76.4948583515
80.2408381203
82.5085078540
82.9334005019
84.6465875223
84.4630648868
84.2862925658
82.9338499170
80.3001520030
86.4549805326
82.9825130052
77.6141611933
86.3430423559
70.3329788661
84.1256258912
73.0287869178
81.2632993195
81.0355817197
75.8341190424
86.8501330281
81.5518150792
83.0715372246
84.4862047066
82.3929963746
79.9348821370
77.9509173700
80.6645303410
83.5566752738
86.4286278308
83.7669817379
81.4803868473
81.6801173651
86.8898697086
87.3208996518
85.7144045708
83.5611341677
83.2704342747
81.7767355418
83.4145421506
81.6064737878
83.7549629459
80.4224137894
82.7543755707
83.4571256638
83.4367106774
77.2222976674
85.9263921962
85.7482887449
79.1491883169
82.8896008224
85.1485710460
82.2126987245
83.6865236353
79.0579457917
81.5550661640
82.7632374077
86.3359686255
76.8713907464
84.2945244016
83.4923646033
82.6407587675
78.1531226542
83.5574001337
80.1385628321
83.4772361770
79.6627598738
83.0168098407
74.1895741248
83.2167941767
84.7398039323
85.8026731038
86.9184846820
83.9111818445
79.1715807816
80.6166879499
86.1070856496
86.4789875818
86.5197155758
82.4860225261
85.2463763607
73.4956804365
75.4013393588
81.4147377901
85.1416438966
82.4271261704
79.1730618913
74.9575006165
78.7484541717
74.3908768580
83.6509603221
81.8437621014
82.3446970365
81.0021551945
81.3345938048
81.6996918690
73.8759686818
83.6487647812
82.0075350991
81.7981168220
84.2756216214
85.5906051588
83.7138743914
79.2549371937
81.5925372321
83.0131785830
84.5919272870
84.4146398469
80.8742012613
78.0974582805
78.3550537169
82.5621395957
79.9300582266
74.0665306202
82.9195397853
81.5359922302
83.0816890917
88.8528203896
83.1250938505
84.0813347492
78.2016431070
83.7905447197
82.1405317538
82.7003986646
80.4634986747
84.2600673589
83.1964814302
82.1910589864
76.1916100423
82.2979395429
84.9015151830
82.1005687342
82.8530244579
81.5683470887
83.8320210982
84.1603770858
83.3767447405
85.3989437249
85.9808445104
81.5470327987
82.5852077806
83.9173493859
84.5670399674
82.9201449659
83.0217192645
79.0201017709
80.2929378377
86.9901029526
85.4511791382
82.1622403678
74.6987312412
80.8699389262
79.7456639863
80.0958967390
84.0837488022
82.7635540107
82.3029900116
82.5570389945
84.8146597442
83.3055999373
81.1338054590
82.7224427716
73.3617553401
83.5638060863
78.9448198614
82.0435964117
81.1457643438
80.6487304291
75.2254244585
81.0898930722
81.2383873039
83.1634776094
77.3711804632
79.7983098399
83.5833147111
84.9250605542
80.8463342054
84.9695379847
82.8486141915
82.3086529186
84.0818791752
84.1173641135
83.8114304922
75.3979462571
82.3646225426
83.9299034423
80.0878123446
84.4045609642
86.1596127530
83.7527835399
85.0172663139
83.7623015942
83.1481079414
75.6659597757
83.6602236311
81.8316045519
85.5962270867
76.2789829982
85.5489200801
82.0827660622
78.7204572984
80.7213507704
82.6471022032
75.3688795290
85.2478953704
82.6732152837
84.2027886696
82.6392082163
86.5834764707
80.5679097970
82.5576314547
82.9496268844
86.1829408170
81.7731071280
82.4223713298
86.7557021931
81.8519299667
84.2673096083
84.9837636957
82.7839771400
85.1350633134
85.0329532806
79.1627872880
84.2554458609
83.6456156015
89.1740845233
77.1856585591
83.3097361633
80.8787535274
84.2669122167
83.6235158835
85.6490364536
72.1063238861
80.6486401031
82.5162402880
85.7056821182
86.5431088656
79.2640409724
83.4346810606
80.8087849475
86.1556736683
83.4005318335
82.7430286176
84.1223402438
86.5180532258
86.2371333903
84.5688834733
76.2545940251
81.1147655357
82.4815306753
85.3012848011
81.6697169105
79.6219357413
81.3082264229
79.6782087848
84.3050291614
74.4006021126
84.7091040478
81.9852851056
84.7596715109
80.5305535360
80.1494133479
81.8880987534
81.5889776048
83.3597393757
84.7762359942
84.7648992201
81.5978750923
84.3952066679
81.4897428388
82.1279152358
84.8815107626
84.2422976581
81.4274935929
82.9816853986
74.4052745129
82.6140710072
80.1908204185
79.0354739917
85.3857682248
82.3831566250
81.9218438517
82.7697038578
84.4469683250
82.9472170255
76.0402332530
81.6967492796
83.2787788802
85.1109329446
84.7689349116
81.9811720022
80.9236088709
84.5403405831
82.9501000463
81.9828092544
83.0062797666
78.1026658884
82.6162087134
84.4257253922
82.1234618604
84.0373312166
81.0768389727
83.5224997966
83.7775187140
81.3722931558
86.8290581273
81.7507698567
84.2127748384
79.1053751834
80.7540953985
79.6188491701
84.8707494014
83.1299388612
84.3536842625
83.3117468965
83.5093359003
81.4281756995
77.8915454990
79.1626545447
81.2325385707
84.8225063252
85.1572025659
84.6087293923
83.0268541038
83.6586971900
82.3679105059
82.1349813400
83.4147500089
82.1946340950
84.7118524493
81.3587311154
82.5191752852
84.5741319564
87.0465621133
83.8843024753
81.0317829798
84.5489620985
83.2018550891
82.7947919543
75.7528304512
81.6169821312
84.7311203465
81.9993137879
81.5426723368
81.0927134918
83.2507120231
80.7648485223
83.6715038703
81.0285009285
79.9372488967
84.7564940724
79.1988416908
83.3871492422
77.6786097958
84.9724031666
83.8136939489
81.5936996136
82.7959654730
79.3749625334
80.8775577760
85.2797421379
84.9735111507
86.2169537570
77.1170190040
84.1766769777
82.0100933279
80.3033431637
83.8785232092
82.6830841310
77.1569006801
83.9400065598
84.9675667948
84.3627743274
79.7051395388
84.4787058180
83.1606010980
83.6625129753
83.6702933642
83.3474770291
77.2572582197
82.1846592362
82.8608901271
82.2478211999
82.2043253894
81.3659795047
80.8046755857
75.2073933899
85.9941150550
82.0733299641
83.9878443352
78.9092926883
80.0147471325
83.8368033805
81.1858693770
81.0243917077
80.4384707360
78.2896269801
87.3074063438
85.1802312417
85.6045770034
84.3800568184
84.4227947724
84.4481270341
84.7407006975
82.6291962115
78.7250763163
82.9822231487
84.5254163832
80.5638787418
81.2087746951
84.2441053892
84.1429873796
83.1834032277
82.4530026933
81.0741313545
87.0816563050
82.4296325697
84.0802568407
79.9530294013
74.1559990484
84.4776616860
76.6962272217
84.0306787227
84.3375991840
84.0623805451
87.1665400395
83.4746101876
82.9723419580
80.9011435902
74.9751834821
83.8212314430
82.3508000176
78.1886529522
83.7359625834
86.9941074922
76.5536983040
84.1199442776
81.9168950137
83.4286589140
81.3430096271
82.5780562508
84.2617306145
79.3998872711
86.5718710310
82.6783905497
83.2039628232
79.4823125956
82.8581247764
78.7192175626
83.6492443179
85.2134953856
85.2896015890
80.3271042468
83.1196191314
81.0000728148
84.4935182840
84.0966169980
85.2858947418
83.7632805420
80.6698784098
74.3086821935
81.0018562858
81.6003135957
85.1241588338
83.2800985236
78.1802373467
86.1805850070
84.8035248985
83.6791149478
79.7290512462
81.9561991562
80.5489967872
84.2447502899
85.2794364611
84.5773802565
85.8497531829
85.3226914783
84.6656067704
83.7358975135
88.9986689541
84.7416371957
84.4667136195
79.0855043746
82.2416197996
81.5369150939
82.8880349595
85.2917092748
86.6094233459
84.6482607571
86.0307574383
85.6126600460
80.6134647149
79.1391199266
83.5988185611
81.6248926909
80.6594382378
83.3606498670
74.5590547306
83.4799320201
80.6244434426
83.4841233350
83.7279328510
82.4197949085
83.8963080106
83.1798119979
76.2282423345
80.7717866111
80.6832573108
81.2009675713
85.3001608433
82.7312909258
83.4543156797
82.5259746160
82.5912182930
83.3372578961
83.7450575168
83.6112176383
82.0257075791
82.7003790601
86.0682367716
82.2333622364
80.8659193935
82.4263146740
84.8209860738
86.0624293272
84.0040577097
80.9000243836
83.1378681731
84.2502706055
80.8935656235
82.6129359898
81.0652835193
85.0892939791
76.6230831338
77.3060245164
79.6838699096
81.2100034561
86.6656501787
84.1145244075
81.4685888270
85.6548410433
83.1764926983
82.9544641568
83.5001098796
71.4236689174
81.0047370938
72.7100192859
83.8169103715
84.7107787180
82.3155211566
82.5375549469
84.4848309659
82.9845440022
74.8253566440
84.8958163282
83.1843822618
83.6860774200
81.3672498157
82.0359088540
83.5058154262
76.1038941427
81.8943398554
79.1245561881
79.7214031575
82.6246218945
82.8517391491
83.0955910540
80.8359556100
82.1449571507
80.0968826473
81.0567569285
82.8261617495
74.9318455422
85.4847396754
82.9134047674
84.2651231771
83.0091949249
85.5433320058
86.7135656477
82.6836108074
85.6486855611
75.2576698429
87.7765546908
82.1165006386
84.3698303650
85.9061406549
84.1555248957
83.3303282835
82.8588706333
77.9226936478
78.0165975015
81.7398537350
83.2572178090
83.5453936343
82.6351904616
81.9920064615
83.7821232972
82.2498647697
75.0654262326
81.6234626882
79.6400917281
75.4349370587
81.6155555484
83.7940840199
80.3304956073
82.5242320404
83.5892248816
76.4748464890
83.3445668257
82.6241978064
83.6422542132
82.1039280720
83.8571188618
82.0578065181
82.4114911100
82.4756673171
85.9399544826
82.4514722719
79.9758917371
85.9188502208
82.9848520374
84.0875870476
84.2825241690
85.3002633864
77.5875386481
80.2917142970
82.0619852313
80.7764743315
81.1793815194
80.3973094733
84.5647495224
81.9713564304
74.3159403604
82.9169307558
86.4622590076
82.5141956133
82.9694422404
85.1001561732
80.9719468141
72.3093021962
84.0532637343
80.4252788182
83.7990327473
82.6567301994
83.6822217855
78.1407707056
85.8151101467
80.9009724798
80.5313547646
84.8714604250
76.7450662384
79.4708945758
78.9012556784
81.5525078390
85.3206928615
77.7841451256
83.8595890827
82.9846108037
83.3679409686
78.9768409535
84.6751697725
83.4262271012
83.1841137364
83.0088003061
84.2764521501
74.5314166439
80.7100520763
79.3441529047
83.2885966985
86.7434997806
84.0365610364
74.7416039109
79.6530095858
84.3372106380
83.4159835632
83.3314599968
85.2677615418
83.0783475714
79.8078945755
79.7890824575
81.4267435960
84.4554557612
83.7056668897
81.5977266020
84.4008158730
83.5598106252
81.1222791517
85.4499058003
85.9691976078
84.6976043478
80.1321816211
74.4888673922
85.3779638537
82.7226054514
84.0780998668
83.7409571813
84.0979739022
82.0185170440
80.5443988670
81.6402022073
82.5168699349
74.7365116820
80.6124761865
83.8016381778
86.5344245839
84.7002284999
83.5854844601
82.3929004476
71.3094782446
82.9377424036
84.7628699414
85.4285895282
85.4087053475
83.8799279030
83.0982299640
75.2059055484
85.4830135154
78.3831981457
80.7306028966
84.7879930510
81.0706778331
77.4974108010
78.7534925950
81.1840029210
82.6122586670
78.5556365728
81.9527223752
82.3920518545
82.0777155967
81.4064669988
81.2596595298
79.9000321321
84.4845544016
85.8622085421
81.4734167674
82.1874595706
80.8241019388
82.9769988440
82.8448636828
80.6374931752
81.9693189118
83.2781137951
79.5195508341
80.9783756406
74.5618677835
82.4154581635
82.7901935255
77.4765370413
83.0023782161
82.8428778509
83.1488608589
85.9533114604
84.8724803083
84.6900298906
80.7870617466
79.1648417161
83.9125217316
81.6563750985
83.4472272418
83.3477968687
82.0410229343
84.6983677428
84.4469708145
84.1753947047
82.9260125077
85.5376120692
83.9134399241
78.6255914772
85.1059834239
76.9482938192
78.7847660398
86.0616915843
83.9544056709
80.6383034161
82.5451826692
81.5666914702
81.3354415738
83.4270040198
83.5324662969
81.9089987890
75.3999626032
80.9861134665
82.8976568103
87.5857513149
85.4685808213
88.3649291592
77.4549067336
82.2426894258
78.2601380047
85.1904391287
83.9732884198
82.2177825762
83.1076808690
83.9531312909
75.8592377957
80.5942455408
77.6662844989
85.4924700015
85.6661614265
85.0399743473
83.8403306413
82.9152386408
71.3845948479
81.9937511135
86.2231870474
80.9434333359
84.5358541221
73.3672670296
79.8540514487
77.2893118346
83.7598588119
82.3617782274
82.5560682141
82.0781999405
83.2673418915
82.1227862242
85.2188286508
83.9153244938
77.9066368514
84.3282224083
82.6211779848
82.0536843048
87.6175417521
71.4726981845
85.4518310182
83.2113532639
82.8221368939
80.7809489620
80.8722307143
84.5893826342
83.7650407885
85.3105103604
81.3811220896
75.7676100630
82.4496752223
83.6772193204
82.3725598267
80.9929613154
82.7411883795
84.5748735356
84.8777820004
80.6757369980
81.4558207216
83.7764789943
81.4368519955
83.0245514216
79.8394666045
82.6387981650
82.8141884181
82.4195561508
84.6929585557
80.9852465566
83.9061133460
83.7085748490
72.2495259663
82.1606354995
84.7406879075
81.0973651760
81.2777246802
83.2479360632
81.4822826006
84.4549955226
83.4406754899
88.5215966115
79.8880656621
86.5787944263
81.8114843708
84.1770329678
86.5778810247
83.8494842735
84.4091647061
81.6497283199
85.0188857489
77.9644120677
83.3184454902
80.8790414411
85.0744448378
84.0278691806
86.7185331172
84.7728138109
82.2018960672
85.7051521427
74.8303590755
81.1257059932
81.6138244326
80.6594015218
76.7515121232
81.9610304453
80.7103764411
81.9888314867
80.4104662502
82.7488069361
83.3280449382
81.3525830832
81.7190257594
86.0367801953
81.6267345087
85.0701480518
82.4794753012
84.8841213678
78.3527143848
84.2711570269
85.2770425328
85.0270994867
87.8629048216
80.8508298469
84.5236297698
85.4818484991
85.6467056365
83.7690926511
83.9612726223
81.9272677048
86.2011887528
82.3071367790
80.9098250817
79.1194702394
83.9942122263
81.8383466973
75.9131911277
82.6518691108
81.4000029586
83.6989912091
79.2170680488
81.8150603912
74.5769284976
83.1228515580
81.9084232905
72.6480122309
82.8874690131
78.0037396340
86.2451074369
85.5599115413
84.3731998038
83.5215353097
80.6056220300
84.4208944099
84.4091412619
78.5164212153
85.3965178664
85.1826325687
81.1797559355
82.5763615728
79.6228040639
83.2272474305
78.2651124598
86.3359636008
82.4693677663
86.3288290558
81.2843544785
71.2527943988
83.3352357520
82.0841880625
75.0349403750
83.6474807952
84.4739168156
89.3432533696
84.3655433062
77.4083327654
75.7510285799
83.1158472892
81.4526604843
86.2091628389
83.1470452641
77.4562316024
85.3921674264
81.1815942442
77.5524530824
80.3679949876
82.5133228431
81.2065576576
84.4425889045
83.3249913554
82.1464082886
77.0921819074
81.6111911320
83.3305509933
83.1074668693
82.9646066462
84.0588083944
83.8133777841
78.5052856501
82.6982103071
80.5034151210
84.6288975358
80.5137250196
82.6768326346
84.3144460143
81.1613240572
84.3606383428
85.3117991275
83.5895143840
82.8026549235
82.8512282850
82.2993486064
82.5275496308
75.3021744892
84.1110442730
83.7088539401
79.8508678589
83.0749745022
84.6791135530
85.9620888908
84.9863834402
81.3095973981
84.4851080784
83.4552306094
82.6459809391
82.1557140666
85.9544235228
84.6290796909
85.4793366123
82.2944660261
86.0697379920
77.8147849042
84.4370292693
81.3680198174
83.6095106939
80.2464936214
82.1708635262
82.2126593729
84.9838660546
82.6505906652
81.9672313759
85.1089070469
83.5612702073
78.4263868194
85.2532444354
80.1842995281
81.6832042542
81.4106006504
82.9067802779
77.8155627249
83.5690379836
82.1014901424
83.2936460002
78.8433509893
80.2580777518
84.8872793500
82.9271966181
79.7410391840
81.8368194083
86.9322873680
82.7675827749
84.1705183182
73.2615414814
86.0091478254
83.6690684308
79.2072019434
80.0646904982
81.7861476260
79.7490426752
78.6543848441
80.0193705560
82.1960339724
83.7145571584
84.7429589037
84.7650842630
81.7391244348
82.1736905337
83.3164346700
83.0692214940
86.2457462427
74.5080385441
80.7577320318
82.5415728690
85.1087122420
81.1342880100
86.0328128732
85.4453177711
76.9689279970
79.4506709607
79.4305504358
82.0018285930
81.8597262056
84.1003788496
81.1871334800
83.7850252398
78.3287192069
82.9596626561
81.9960355230
78.5581969708
74.8545769362
84.1748921149
82.9312683033
83.6208268604
82.8789653209
84.5531425525
84.3177671360
82.5405771378
81.6084603398
84.4790486420
84.5791259083
85.7770037414
84.0383950226
86.5110888635
78.5951227812
85.9297656616
81.1693965736
81.0352804037
78.0585469636
84.1668351352
83.8235722556
80.0167858936
83.3662393091
78.5745021379
81.3157839238
83.4158865061
85.0623382374
81.2076810205
84.9815961860
85.7832581458
82.1942618685
85.8889952157
75.6464534918
83.9132118632
82.5832424537
78.2239710612
79.9080343738
79.6854178414
79.1392891004
84.0708696956
81.5047325224
82.0391438331
82.4086998667
85.5216542974
85.7683300885
82.2022928910
81.5637786991
78.8916269006
83.6162906093
76.2141627841
85.0747085548
81.3176888607
81.1155915362
82.4076116798
79.2110182474
79.6620927474
82.2857423723
83.5112936669
83.1265072351
83.9212419433
80.0300689367
77.6413530320
82.6360685361
81.1391146519
80.9492502225
82.5133459128
82.3370685749
83.0627766251
80.9289858001
69.4389239444
86.5060116935
77.8586038665
82.0679588167
81.6843318965
80.7948166031
83.3190912207
82.5359241687
83.9377640426
83.2009621929
82.4690602929
85.8060547239
83.1505291805
80.8792322168
78.5578379262
87.4667699035
82.0830310302
85.3403502554
83.5128927176
80.3898503224
80.6961608403
82.1924529464
82.6475982060
81.7953696570
81.4847417073
81.4743586841
78.3021708182
84.5864393641
77.7899887567
81.0668013660
81.6810884315
81.0131519303
82.4202443093
85.3353917091
81.5474454641
83.2488490930
83.1255720337
82.7558994313
81.0085841052
80.9827487928
81.8834086173
83.2466195372
81.6197922801
83.1458245062
80.2464382306
82.0784961615
75.0201426735
82.8930220617
75.5534243715
85.6487073753
80.8947956180
81.2492134346
77.1171122484
83.3123672913
83.2431813786
85.2002121332
77.0005347509
82.0963339792
83.2705877947
81.0090647753
80.6836574156
73.0755786343
84.4933574463
80.3628241617
84.2361127530
83.1443975416
83.2133389653
78.1538601958
81.9615447811
80.4104728057
82.2123747034
78.0190860748
86.4664373119
91.5733421563
81.7991316058
85.2241386985
76.9704840063
82.1143089260
86.8625902836
81.4070809093
74.0784221872
82.2343106121
81.9592847006
84.0121289089
81.7799150072
76.0269634168
85.2774275015
84.3569052957
82.9491535527
77.0211297766
82.3753822333
73.7262977968
78.6750778303
79.3417380691
83.2715730921
75.6170506475
72.0497120696
77.1683720705
87.4419691529
86.2643337224
85.5017538864
81.0382501279
85.2752147135
82.9138828835
78.8934541280
84.5227386541
75.6757342606
82.3931958994
82.0697708543
82.1963576128
82.3726764779
82.7622129977
86.4160069846
84.0734242595
86.2149018449
81.1731237792
82.4668884527
75.7794854854
75.7115158720
80.0876774842
80.2713101146
84.4521949218
78.9079984774
86.4453462648
84.0539143898
82.2114571114
83.6308570104
81.0547545527
75.3645716428
81.7176440504
80.4567186977
81.9909386875
83.1201859527
83.5884265402
84.6200389256
84.2248199648
85.2050912955
82.3171542445
81.2933552388
84.5919314820
78.6532753102
85.2692336680
83.5347216126
84.4590245994
84.4314376827
85.4334412304
78.4693679376
84.3942494313
82.9245985606
75.5351737581
84.2912200757
80.2233015061
79.8849090386
77.2125512248
80.6597631271
82.6319588053
82.4179700980
85.8233933254
80.9559626444
84.0942489944
83.2503222653
70.8818107466
76.5224280262
83.2253328607
82.6181095223
83.0228234365
86.3847916831
86.1582193014
76.4894018041
78.6057746591
83.0474430378
83.0699711906
86.4219066858
87.0223255836
84.9196341085
81.1898399644
84.5176769746
85.5990031389
77.1675655573
81.7981201455
83.6684600783
86.0683942654
76.9420247941
79.7199187337
80.3360275165
81.9967558473
81.6400224227
84.0513923663
77.3387941780
84.2495162626
82.2078059797
83.4738734808
76.8597171158
84.8985046590
80.3946784534
84.5583604718
82.5726648120
82.7819573123
84.4928287490
85.1893061654
83.5168407323
84.9046626059
83.4429924491
83.6087502096
79.3945226291
83.7876129383
83.1369790069
81.8128114303
83.8084340126
83.6897692639
77.2595845758
85.7211783722
84.9071779102
84.2351243313
81.7004994986
80.5132283865
81.1543695427
84.5049790597
82.6380668777
86.7527804419
81.6374861754
83.9974270870
81.0911845338
76.4220529355
83.2885331114
86.0355721644
77.0115571471
75.0458775620
84.2416439494
81.1854525572
86.3655381374
83.2059027734
84.0301138959
83.2372495812
79.3980370511
82.3087324991
82.0943852808
83.0820758148
82.0339297165
80.3765931543
85.4593588971
86.2737089144
86.1285863327
80.7376228016
82.6246218945
86.0592238382
85.7357553058
81.8737095776
80.5804151646
84.9845786135
85.8151175020
84.4923214929
78.9854727720
83.9637280001
83.9756918101
80.5907811865
81.5221868717
83.0178903988
81.2589725704
82.6926072061
79.9520087222
81.9805216157
83.3976796404
79.0248255947
83.7899272788
77.5505263014
86.2330810322
80.1523690717
79.7852744913
82.6671578294
80.0679538360
85.6492911386
85.1344195168
85.0478300370
81.5437920952
80.4638674119
84.6516408922
86.2470243601
83.2166808072
82.3970527719
84.6709874518
83.0853560486
83.5736850208
83.3925811928
84.1011840997
86.7333102417
82.1884038197
81.7317552182
85.2691641200
77.6904612235
84.8720981929
77.7567868461
82.9867694123
83.5967305159
75.2873311132
77.6435629647
82.5477072167
82.8649282592
81.6747271803
85.3213624155
80.0599100805
83.2848191811
76.5072126250
80.8591373700
82.6268167432
86.4741156376
81.7043721224
77.2240066157
80.9542797668
81.5157670025
81.6904417676
79.2721920577
80.6552099015
84.5957808185
86.1735827528
82.3900407751
81.0861118791
82.7877061984
76.0852548426
84.2733872411
80.8099643438
85.2317645331
80.8412517572
80.6324527099
84.2311937076
82.1304863081
82.6815376993
84.0940061428
82.9829193379
85.0799179169
83.0162273581
85.2051237690
83.7439280443
82.7602503741
81.1119641195
83.1308016937
79.7086990230
80.7402500367
84.8070210388
79.8345165571
82.4927100231
82.5013598810
81.9503624843
82.3028666501
81.3776492316
86.2027393458
88.0392936021
77.4891810974
81.6524097820
82.7064524246
81.7583970492
83.4245695186
83.2183471391
82.9027380719
85.5039627621
81.4426299603
80.0645054375
83.3346804644
84.2186625588
84.4913819813
83.2050493572
88.2212585924
78.9865263038
75.9557502635
79.9264381921
82.3659288970
79.2892322089
85.0478300370
84.8066031500
75.1694003725
77.7990011981
78.9111660319
80.2184355418
80.8056556779
84.8450579903
82.6289706713
78.6004437022
82.8687493684
81.6277496031
81.1421845934
83.2836715807
85.3089801451
81.5985633281
82.7201950088
86.9713237337
84.9577361890
80.4231164694
76.1158351222
82.3080889838
79.9128861506
81.6395481416
80.0602973500
81.2624417878
81.3607961070
82.7779135163
78.2738629840
83.6972728787
81.6438051523
77.4388544422
81.1805309815
84.3261645916
83.8574283747
84.8396869401
77.9814397530
83.3290747022
81.7556061269
80.5344941718
85.2616804491
81.2670432770
80.9684895527
82.8543500170
77.9208019995
84.0411671968
86.4071477456
86.4004724067
82.5338728015
81.6877214154
83.1587157102
82.0255351462
79.3704949966
85.9774000588
81.0803336723
84.3897948227
74.9727645047
83.7847987911
77.6879204392
80.8975242769
78.8944234917
80.6858073725
80.5790091000
83.1118746314
79.9200649043
82.9412754374
81.0703455163
83.3083053664
76.5663251351
83.0167950688
79.8562105883
84.0850655815
82.4154957300
82.9825091557
85.7296694518
83.1334473716
82.7207887718
81.7440533352
78.4588303968
83.3846411140
84.3389308106
82.1825544689
83.8449706158
77.2731109349
83.0990388584
81.0723688165
82.9511452971
84.2346623450
82.5836676126
85.9307424779
81.4613146648
81.9999317038
73.5096405610
83.9496166617
82.1294256033
84.8752161223
83.9407533645
81.8001515595
84.1115925717
84.4991644031
84.7970090308
83.8191265677
80.7343427777
84.4765603288
83.1823152974
81.1599685644
69.6975308868
84.4920120626
80.2931977705
81.8086665284
83.0095131834
84.8002178157
81.2932255444
82.2958690789
80.9668779372
81.1748462992
84.3340132544
81.7037088673
85.3183828167
78.3362153740
79.6382164959
87.0590819358
80.9098250817
82.0830782213
85.1063900524
82.2434722218
83.3640677919
82.8476370175
81.8059043992
84.0861850112
74.7635402887
83.1430822607
75.9813747502
86.8451488759
82.8628446982
79.1622206442
71.8018703384
84.2800346216
84.6636732946
82.9286246275
83.5874775399
83.6648481807
77.9943280614
75.6809976235
83.7882851537
84.1162546316
83.6300939777
83.2176940501
81.9547187274
83.5601741848
78.9600103634
75.3367528593
83.3731377136
81.6272380035
78.3380520767
77.3859485389
84.7835655870
84.1234080570
82.1370481218
84.8244138672
82.3071054314
82.3235921705
78.5763235028
81.9069336941
86.3906157749
79.4731669528
80.4489677943
83.0917604010
87.0968226490
81.5226230312
84.6405141758
84.6707186915
82.7394782197
81.3983328035
86.0043921371
85.9924601404
82.4349889716
75.8489872429
83.2535964430
74.1030311392
84.4962437114
84.8385467521
81.7325701664
80.5592339081
79.8387523190
79.6557115374
85.3313319914
81.4026966988
83.8076861208
85.1495311335
82.8371016277
81.6615661753
84.6541936270
84.0196958545
84.2870708364
85.7353580720
78.8645656031
81.2746080968
84.7743346377
82.0910604865
83.8916976926
79.2151083472
82.9427629839
83.0057971700
83.7579377218
82.6274549616
75.2801176854
80.3581827220
83.0918110163
80.9281202023
85.4343741528
83.0760895264
82.0217305482
85.3958390899
81.9746856421
82.7284159022
81.5811305482
81.9738725726
83.2223252797
84.5022572202
81.9279951488
85.0010410031
80.8154647331
80.2336373758
81.6950122793
82.6904863588
82.7108293269
81.9687372326
79.7522072630
88.2502869281
75.7521981031
85.0496585804
84.8401387456
81.0921618510
81.4888616067
77.5034667948
83.6213911243
77.9670346148
83.4872383530
83.2065459438
79.6435239496
83.0318050555
82.3226889402
81.5019421064
85.0793767947
86.1409485159
78.2506390898
73.4411034820
82.7900878276
79.3975958854
80.1626296432
74.4479999216
82.7223771947
83.0521737413
83.6358872594
82.7187904776
80.4233387844
85.4628757191
82.3860785631
86.6341256905
80.2360908813
85.4202431254
82.9374303826
79.5683954898
81.7938242726
83.9331430616
84.3411420804
86.1947920986
81.2888941896
84.9395128849
82.0497765871
82.7347622337
81.3427758383
82.9200197224
84.6684935902
86.1109560902
82.6867841023
81.0360696586
82.1771104167
83.2183471391
83.3148074666
83.3263653264
81.5794511377
80.2915687243
86.5993418494
82.6956769427
84.4100739270
81.2103720724
84.5055709366
80.9384288318
78.5479864488
79.4154090191
80.9459360954
81.0120527613
84.2076541507
86.0262942556
79.2511593645
84.0700589647
79.9297600998
83.8022846892
84.5411314066
84.3555135273
85.7178794989
81.5815458840
83.0526982051
80.5347312287
81.0645705033
82.8073353636
81.2897979985
81.0503682643
82.9104605680
85.0254147112
85.0966385644
85.1575128736
84.2599240995
78.9735348084
80.4279537883
82.9030579085
82.5085634048
84.5941185330
82.4546347478
80.7555970054
81.8431030765
72.4194801463
79.1883386250
82.7279965099
81.0158309727
82.4958388132
84.9422512348
84.9597532232
86.2345709540
84.3304753666
76.1991758785
80.6962484286
84.4282400272
83.6495700105
83.9009488242
79.6669298245
82.6074544239
83.0830580201
83.3960352081
82.1878629815
81.1178286171
79.3200091877
83.5970345500
82.4364519538
81.9671551413
82.6894459663
82.8096972854
82.6789173258
84.1546981951
84.0778176183
81.7352682679
81.8242854566
79.2914688698
84.0321639766
82.1617028423
85.4662238589
84.3015812743
81.3854792786
84.8623625791
74.1914381750
81.2487558707
83.8605247394
83.7571163311
82.4275288917
83.7319868522
80.6582896987
82.2114571114
79.5368059166
79.6900091272
81.3944198295
81.9067386038
83.0410605791
79.3892486571
82.7606749884
78.7146096837
84.1580199128
84.5710629271
84.0495817947
81.0214103334
85.2566589783
76.4687277515
81.2670432770
84.5659644109
84.3095657376
74.2143998806
73.1444283702
83.7949562194
84.5959286030
84.1759198525
83.3137930058
82.2670270888
82.6080366970
83.8996354824
85.0534308571
81.6979510741
79.4819908405
80.8065186743
73.0088966207
80.7553499430
81.6051894629
85.0082965413
77.6652966478
83.4024269590
80.2007434096
83.0651009731
78.8163908235
81.1933673326
74.4328260350
83.7641306798
78.0288566095
84.2424793704
82.6019547956
83.0147442577
84.8767168656
81.2087746951
83.5514037647
83.7662882403
83.9245327445
86.8633873479
84.0083741643
76.9715574111
83.9277724053
80.6941392532
80.1906207746
81.4765448605
83.1998430619
78.9732798062
83.5261830552
83.5491847798
78.5467345777
85.9500681008
83.6575573907
80.2057985195
78.1240907030
84.9915153677
82.8836919579
84.9297286398
77.8162768199
87.5608202322
85.9862549772
80.9834548946
83.9400722950
73.5162190665
86.0646559322
78.6865195034
83.2176832599
82.8106803839
84.1893274785
79.2235757500
81.2864629056
80.0941356046
80.3136013192
85.0155355196
87.4260913058
78.1399841486
84.5231366984
81.1900668267
80.9877600720
82.4645979962
83.5435081955
86.1870240736
83.1193732654
82.8818551560
85.1618268573
75.1215117808
84.1858366924
84.6961161437
82.2167343487
81.3962971481
79.0223870351
80.2230871680
84.5630929784
79.3911629869
82.6962603986
83.8276621662
80.5957590313
75.1071592164
78.0057871529
82.0582080544
72.1449549772
82.8187028087
83.1537091725
78.8746553975
78.8365450750
78.0413179060
81.5463369299
80.8268016743
84.1343426838
83.1704456199
81.9249335902
83.4628577828
74.6489672318
83.8342199833
76.5473611053
81.6439291565
85.2538399348
81.7172073403
80.9919991641
74.4898052212
80.3977328490
84.3748328658
79.0403560796
84.8673516582
83.7454609075
84.3480446346
82.5228356855
85.0094801650
81.8507464575
85.0886680350
81.1289271192
82.1734493772
79.5315144860
83.2338860532
78.3680180288
86.7666938994
85.4154477443
77.5067185153
80.5539876703
81.0828366482
83.1573231635
83.8532541422
82.6165772448
84.5281001288
84.5906276838
82.3457947706
82.9756207018
80.3664338544
84.3725441387
79.9992162405
81.8291278974
83.0818748864
78.6316060314
80.5562062716
79.7204905637
72.7732315228
84.0773175178
81.2188505745
85.4212216749
84.1558796973
84.3383567813
81.3125123316
81.9446281372
76.6970321140
80.3417274182
79.6535283546
82.2899402387
80.3653555563
83.9135103127
83.0943123292
83.0260223454
77.9932154611
83.1096794550
80.1211011187
82.4950690678
83.8098394959
84.4837350530
82.3922751306
83.8619599587
81.1619975704
76.0674797185
80.6269601937
76.7438021626
83.9337781744
75.9892952114
84.1422407313
76.8628872574
78.6206834538
79.4983274440
82.2311891320
80.0728509212
83.8497475257
83.9311085905
84.8959121236
81.5183782645
81.4164951894
84.9500345501
82.9963587068
75.0628338186
83.3771519879
82.8114413278
81.1029499763
79.2937908838
82.9949300756
83.6196188860
79.5896080273
82.7455338858
84.5714239970
82.2530599624
83.6351508885
81.6257953554
83.6706336721
82.9405221117
82.5779537311
84.0770114654
81.6993611029
83.1426392675
85.6266934507
83.2545817615
80.3724892141
82.8585493467
82.3148107422
84.9924592129
82.3291895993
85.8436752239
75.7667882493
83.9173907257
79.4830473011
81.5758303115
80.5437763022
83.8532831151
84.4594443648
82.2423317601
85.1871169295
83.1232804993
79.8391405488
83.3440331441
82.9107544023
75.2521476005
85.3755967682
83.1064926287
82.2143373481
80.8719697388
81.6536702565
84.0724885605
82.7988880948
82.2119422193
78.8139241741
84.6511977666
87.2685245286
81.9629139159
82.4532272925
82.7589565950
81.8928956113
87.5304661292
82.1950562448
85.7842319282
79.4665297738
86.0620898589
82.6571124434
80.0334103400
83.2419269487
82.1380081479
75.9743388581
79.5700611079
86.0595592206
79.4787681901
77.9509360912
84.8026049010
83.8611442228
79.7958975754
81.3781201552
80.5706605333
83.1374114714
80.4940682190
78.5069877614
84.2670212592
73.6892553651
83.2548527567
80.8594501134
84.5970923707
78.5426080397
78.6902832902
78.8204785375
82.3305432974
85.1869744086
82.7783892692
85.1042620480
83.7522631914
80.3545123110
84.0794608661
76.9516161315
84.1118019446
81.7167291854
81.6952637311
81.2166521276
81.3492452784
84.8756180392
84.6339987207
81.3502954083
73.1255682244
82.8350387774
79.5332688364
82.6028723871
73.8900518420
82.5764010263
73.4988280882
82.9529354564
84.8803110450
81.9324653764
83.8540176298
83.5090130561
81.5131059287
82.9357786265
86.5058480908
81.9961432324
84.0773105295
80.7046740580
80.5713336419
80.8525800929
83.3630618508
83.9902329274
82.0490067977
85.4163289864
82.9143051777
81.5401011978
85.3570857867
82.4424224803
82.2119208779
83.3341500520
78.8608650462
77.7850071525
85.0737007967
83.9533518869
80.2914509872
81.8551311226
82.8005899296
75.0206741764
82.7297620243
85.0730698718
82.1588648293
81.5201709915
82.7787346565
82.3040875588
82.2940284129
84.5856287479
83.2071609260
78.9984839096
85.0890286279
81.7063600933
84.1625134281
83.3998339598
82.2542202457
82.5947323959
81.2926980864
80.2639454449
78.2512646188
79.2235757500
74.5112279031
76.4653294969
80.8265630777
79.5276669430
81.7588858942
82.6255274515
83.1504478121
80.0656931293
85.1133147247
75.4043738888
83.6199236056
82.9207464942
83.6895796341
76.5838385075
82.4183499947
80.8907913446
82.9269625533
79.9491562343
88.3430052396
83.8740416477
78.2965600992
83.6504514264
70.9858860779
84.7223235478
83.7172379050
81.6177323403
80.8659596927
80.6841032253
83.4245115148
82.7503129693
78.9025823442
84.2078424901
80.2406544306
81.4411942665
84.8179775120
84.8981354881
82.3914795247
76.4933468112
81.4558737663
86.6166770840
81.8122905031
80.6984416985
83.2665755637
76.4724412169
76.3466855491
83.5303969008
83.6836281134
82.3642587443
78.0189454360
85.3584447549
78.2380015824
81.1146702667
86.7684143962
84.5931757312
82.0347937675
81.0528178835
79.9859889383
83.3064802495
84.6938859623
84.8783311370
81.5648444093
84.0677693346
73.2183392320
81.2194670166
78.5642289738
76.1332569188
85.6349427302
80.0787450962
86.5120295098
80.4987381895
82.2805618429
81.2394823514
82.4711337007
84.4094892548
83.7037835368
83.3575985694
77.9093279976
84.5627722241
84.6897028399
83.4139010792
82.1295099753
85.4816791405
82.3263024238
73.9824021281
79.7147666705
86.3487477016
84.2526507668
81.8342486108
84.5716152564
80.7582200687
83.7792539851
82.8482944513
85.1771722270
80.2349667320
82.3231368505
79.7787612441
77.9902637706
84.5376321447
81.1064634841
78.0923059042
83.4635705357
85.4363732188
80.9043751710
81.2308973974
72.7329973659
84.7623839516
79.6675571613
81.7287642371
83.7312450998
80.9643360968
79.1893298109
80.5014685587
83.7145571584
82.7374310066
71.9727308291
81.0206376293
82.2861955099
83.9097121696
83.4388981763
82.7806557333
83.1365357180
85.1578195718
83.9358744288
84.0225119528
86.3924195993
86.2524896550
84.9503395454
86.0503100132
85.8474133301
81.6772892476
82.3693655828
82.1814582792
84.6736923099
84.0009192009
81.4035713942
81.8265416967
86.3705901615
80.7027811670
76.1111045340
82.7142951460
80.9994772322
82.2644700366
82.0735076634
84.6259416177
77.9538145161
81.4430256355
83.8566066576
85.0992878557
74.0239817670
80.1406249764
82.6934618628
82.7927340500
78.6346513176
84.5195909506
78.8294625476
79.6042316302
82.8363867215
85.7580258468
84.0053376526
84.2464061494
78.3482728258
83.5717020591
83.6133110342
86.5771326103
83.0391200127
83.8541052705
80.1362163141
77.1382029613
82.9176601628
83.5487615011
79.0901400645
85.0691578072
79.6601371888
80.0425769813
80.0606106953
81.7011985385
81.8340270772
80.8100179464
79.4813534497
82.7148309260
80.6641722140
84.5393227525
83.6800706078
83.3644833637
82.5576314547
84.5018989991
83.9156126623
82.7224591322
85.8097549227
82.7520687220
82.4365915922
82.7112866928
82.0044483344
78.1873742351
82.1226000169
83.6831739864
80.2388134884
84.7840077337
82.5250796607
82.2479787751
82.4541632185
82.5027518648
79.6050588725
79.9361814790
85.4785831102
84.3572730671
82.7624354539
80.8784801421
82.6888023449
85.4026374651
82.8089481568
78.2878803084
85.1005649843
83.0843523824
83.6936805109
82.8955256891
83.2016083071
83.4430599069
83.8310229477
85.5431520877
83.0806651115
84.8220664268
83.1830269723
83.9343469332
81.5681772274
79.9191892565
86.2446509659
81.9804660153
83.5189481589
77.8087580963
83.5209350974
77.3918107220
84.0761800028
83.9191563631
84.3733105571
84.1658809490
82.3541772064
79.4438109458
84.3375202551
80.7857102625
81.3260266860
83.7355670152
79.2534787213
85.2494547236
84.8273209442
84.1848942028
82.0172289998
84.0570580289
84.0549426973
86.3171595689
82.4320023578
83.0770835786
83.8697375901
83.4807364098
79.3110869616
81.3918385155
83.2258589520
83.7178908811
82.7399895634
82.5207291631
82.4400496923
79.7086990230
79.3288869183
80.6766532123
83.9191498014
84.5342493984
82.5656269907
82.9787879899
83.3744108609
85.3425485567
81.4281340543
83.8842394396
80.7493525023
79.7632207167
82.0950178386
81.6847727341
80.7284451966
84.5924600292
82.2260476261
84.8320244179
78.9701546392
80.5131246851
75.1511128076
82.0281411622
80.5436640555
73.4968228667
83.3994986117
84.9764807401
81.2380544251
82.9478623540
85.2695152146
82.2941173193
81.8852068608
84.2978978985
78.5770478018
81.2378496741
81.7763574526
82.9110463339
83.0521737413
84.4430591502
83.5902621302
79.7767720373
77.9089377275
79.4469731131
84.4571291116
83.1115144927
84.3670479662
82.9778549027
86.8388858265
76.9980911362
82.6657768931
82.8783320822
73.8708583083
83.4295092428
82.4218781053
83.1220285116
77.7428807140
84.4014531799
81.2765575669
84.7014974265
81.8453854257
85.3388925844
85.3667523275
84.0155302052
79.0643147587
76.0813137562
85.5073657656
83.0700514588
85.6858310171
82.4148922061
77.9671813460
80.5113967617
81.2847125408
83.4484058526
77.1284746780
84.5968434573
83.8552226069
80.3133755689
83.4825934734
82.9804744707
81.9438029017
80.6390775349
82.0432404469
85.6716633264
84.4132116433
83.4525296365
70.0679938924
85.5933566734
84.7612126675
83.9269061102
78.9273867249
84.4970166749
83.6050346239
80.9734887991
83.7656930169
83.5322909220
82.3018026751
82.8004015018
78.8900628023
83.4533171199
82.3868934938
81.3859765689
80.2678961544
75.0791728895
85.4282771540
84.6848803682
82.5539508926
84.7186587833
86.0290240986
84.0722025588
86.1960047248
81.4779559472
80.9309730012
82.3274700245
83.0354488320
80.5701799403
75.7758869776
85.2987175035
81.4561230520
82.3289427854
82.7720666115
84.1325141586
75.9800378576
83.0850389683
86.5827796621
83.2661581291
82.7097362915
76.0488594672
82.4888186024
88.1416131002
79.2450060021
82.5256307155
83.5335981007
80.4625732182
79.1277307738
83.3227902376
81.7085755074
81.2849117055
84.7200998764
82.9908912314
74.4682193265
82.3291283074
81.4312964870
81.6746611726
79.5594915893
78.2329811160
84.8913906996
84.8725427991
79.6768945700
85.4155088114
82.7156180979
69.6968688903
82.3130105615
81.6966049599
84.7465572189
83.0017423038
83.2032639576
77.5388260061
78.5560602706
84.2157407204
85.6460917799
84.4425319856
78.2160042425
84.2292530494
73.5753307349
83.7168619369
80.7417370432
78.8595272908
81.2019042221
84.3703971537
83.5888669038
83.5533791987
80.0631400411
82.5720599854
74.1163535945
78.4362097890
84.4345508140
79.1844473297
84.1005381007
80.9057753417
81.3602710297
81.1914880074
78.6540414794
81.9423723808
81.3885406255
80.3634731416
79.0482618479
85.0551635685
72.8134177380
80.8873137702
84.8200241339
80.0094245527
86.5618127116
81.8660598514
82.2994811588
83.3841349655
82.8182655500
85.6828524222
83.7259175466
80.6976856525
82.3036795708
81.9601102825
84.6610256169
80.5951525211
80.9567905881
83.9797090442
81.1504535806
82.7469419462
84.1589869093
80.9158746929
79.4466140257
76.1900095774
80.9685569744
84.7595986440
83.9858802517
73.9572189728
82.1086811457
82.6244606316
80.3653789112
82.6435465546
81.3109332396
83.6164409032
81.5670282396
83.5792202054
78.8101002879
83.8655921622
81.9866186500
85.6045770034
83.1145152311
76.0495042038
85.2721634968
82.1850843197
80.6694948294
81.7516068211
83.9215355816
73.9481301563
85.2612769987
85.0959756768
84.1145548385
83.0725991179
82.9914939138
80.2527543288
83.2538806208
84.9925855941
79.2042376111
82.1646492536
81.4682273230
83.5856966561
82.3924382131
85.6805018235
85.6911106734
79.1473744303
82.3328873096
85.9820337684
82.4711069136
81.4948437127
84.7485543919
83.3753073776
83.9596658429
82.9847311661
75.7632404146
77.6366133431
84.6131427740
79.2746005101
83.8808802228
84.0719153945
82.6071728905
79.6504667114
74.6701414911
79.6933422575
84.1347643293
85.9811214051
73.2840524972
82.0819270128
89.2624314777
80.1798292996
84.2159663234
86.9942076181
83.3501337417
84.0572877750
72.1395220980
79.6789922599
81.6258157750
84.8150560099
78.4631806859
82.3797074301
85.4185164452
86.8933461943
83.8199728880
83.7165684382
78.0274827718
84.2572063307
79.8776913022
81.2646437949
81.1998355864
80.1878449073
82.3842979925
82.7631829696
82.1085272773
81.6383741601
77.3804783050
83.6857703084
81.3372000654
85.3223773410
85.1731483473
84.9358896075
82.1121105774
80.5599719783
82.7850839065
81.9035385556
81.0040183305
82.8566111695
84.7095988894
82.3724936237
79.1427368242
76.1978743104
82.0032246624
81.8147166850
81.5699809692
80.6625497471
73.9246797853
85.8690900749
82.1863044385
85.3646861041
84.2408515289
79.9542503452
82.8297731254
79.9046595580
83.3052343514
83.7549629459
80.0675731865
83.6101408681
85.4906248532
83.9465017594
85.3812640645
82.6736732139
84.8292594692
84.8152316343
79.0991719954
79.2920417270
84.6613564555
85.0696732744
84.5968434573
85.3996103463
77.5562023575
81.9106469089
82.4148665154
80.3657154259
85.7369507864
82.8474609656
81.6262299968
78.0933157926
86.0277849896
82.9402623441
84.4052626877
80.2236019473
83.1589708094
83.6027328962
84.2448434119
85.7796617764
84.8067838140
80.4536368251
81.4946001080
84.5590297546
82.5588666569
84.1743891671
79.6926024381
83.0225266469
87.4153965709
80.5417450675
76.3034391483
81.8929813646
86.7747455384
86.3585595010
82.4630008933
80.1895652000
82.7722448458
75.4890867083
79.6500929824
80.6745272447
80.6659536415
86.9032256145
75.3319465162
82.4028022576
79.7757192842
81.9941136831
83.2128078307
84.7788112243
81.0572402956
83.5879501555
84.7687484784
77.8517074843
83.2737492653
86.1131221608
84.6523116617
82.7741832351
85.8137337435
79.6210820889
81.1123015724
84.5761229751
78.9924960190
85.2409642852
85.8270320471
83.6119465902
81.8401016170
84.9240955107
82.7407194967
87.2297203689
77.4198468261
80.5901293192
86.0624293272
82.4660960454
82.3554148017
82.3442418533
86.6168237723
84.5878161490
81.3639845005
83.6560582828
83.1546895047
81.7681634111
86.2229612312
82.3828760645
86.4126960345
83.8715869534
83.3873653472
84.8688009655
78.6448789095
83.7054526151
81.4719006809
84.5291328343
82.7585018361
76.5807465179
81.8126510273
84.6843958503
86.7373811414
81.2790817121
82.6934746578
82.9949104774
78.6175442069
78.8451202520
80.3799153565
80.8224765936
79.5305288145
82.7325027430
86.2194625141
84.0255741923
86.0685076807
76.1874683654
83.9760620934
81.4950116646
82.2795798438
80.9776834194
85.7110001722
84.3100552998
81.5739239967
82.7045561922
85.1220283743
84.6964338322
80.8872635430
83.9319607377
81.9171295343
79.9655565112
83.8902654108
83.0698977519
84.6690285231
82.0236532163
69.1257453016
82.9702960301
77.7633986664
81.5305886508
85.2266304925
84.3419209049
78.7441410229
78.6947840912
81.1184635805
80.7329081880
83.8686770297
80.8991791487
83.4575941942
81.9819021263
86.8755887546
79.0080635590
83.2207017641
83.1277428227
78.4471681901
69.8176599952
84.0719323902
82.8716212090
80.3224587475
74.0642173506
85.2252058012
82.5902462751
74.0411295590
74.5434868673
81.2773339148
84.5558649983
85.9106894774
82.1652337937
77.7231955577
81.6050603891
89.7059856672
82.3642895824
82.3078887075
83.6764012625
86.2959978740
81.1032265158
82.0805673489
79.7562490453
83.9459163658
72.4498235556
85.2687821537
84.1080618418
84.4072294499
81.4841981591
86.5109721372
84.5119049927
81.2169697709
86.6614612753
79.6994661067
82.1732127218
80.7704954471
76.8160093708
87.1620810531
80.4311593478
86.0934440612
84.9440388883
83.0550485518
75.5850929905
79.3345050609
81.9771137962
83.9373242596
82.5548565538
83.7345748120
82.2851424782
84.0316058876
76.9795615559
75.6905775310
80.9973071436
82.0300697267
74.1746271391
83.5011326477
83.2687781499
84.6973149904
82.6841239673
73.9406302370
82.0395205625
79.1703557192
78.7714827681
87.0089107896
81.6697331055
84.1462293412
82.3878102847
83.3794992342
84.8446135395
79.7150650749
74.4656960070
77.2344869664
81.7301684483
76.2622402397
76.6155333174
81.6686203923
82.7680064541
82.4496178335
74.5580567834
78.2349811928
76.2834959913
75.8763700101
82.4427758750
79.7230681905
84.9120187284
82.0159496761
80.8506886551
82.1301360460
82.9288689003
81.0621205039
85.6322469287
83.2743797619
82.0957684026
86.2780053317
79.8556741252
79.1196132710
81.7836487896
82.8591925244
85.0583441713
77.0310679970
81.9420629567
84.2503453525
84.5985851899
80.9542679779
81.8231583243
83.6807242546
82.1448550942
74.7560408342
83.9680077630
83.7847043144
78.6368138496
83.1102724608
86.1833016391
84.5565203357
78.8642368759
74.5924632916
81.5934923805
78.7966046353
81.6465322426
82.1146205428
76.6495696977
80.3573922503
81.7741727550
84.5923414429
84.0066089285
85.5710744157
81.2652387005
78.2745657625
80.4255242727
80.5669180876
82.0539842881
82.0114579007
79.0846888144
83.4576084656
79.1404580712
81.3778985929
86.1453496375
83.7122878322
82.3506346168
83.0257261391
85.8382439357
81.8635016835
82.3182135562
83.4223678884
79.3367701176
79.5710376936
84.7609301847
84.5452478725
83.7536278437
75.1145845184
81.6594745585
85.6044039387
84.5205453718
83.8383686629
83.7383337175
84.3132605961
85.2323116757
81.8749334821
84.2295612999
85.1052872445
83.4875407256
76.2201243784
79.9902013881
84.5719758741
79.9132435417
76.4653294969
84.3875006777
83.7971963035
81.2118992771
82.2575397694
81.0177647989
87.2171327539
82.5781520526
84.4811850946
82.1017112011
80.7354633943
83.7044355312
76.2288820622
78.3362153740
75.6848440371
84.6411686714
77.7494588047
86.9454854767
84.7173225874
82.2949050176
83.5305596256
84.3062229476
81.4028505859
78.8758135936
84.1920895649
81.3296830574
84.0217049736
79.2625034779
83.6663964700
77.3586827255
74.7309826511
84.1776519391
84.0515570665
81.8504653315
84.8747084611
83.0930511834
79.3480631470
84.1490425942
83.3666157460
83.2093861302
78.1127438824
84.3243522398
80.2698815268
83.2566542824
80.7022124117
85.9408533771
83.3482815621
87.1302400419
84.5565203357
84.6990558211
79.1220477369
83.7492275090
75.9168604385
73.4369374059
76.7243438818
81.6749299789
79.5572383489
82.9913177352
84.6113937828
82.6752662625
86.1591360758
82.0114645534
80.5106530196
82.5121872467
82.9509326570
80.6433277623
83.8025154828
84.4387859602
84.4196596825
75.3793405855
79.8147123406
83.5161655092
77.8410785828
85.2317012603
81.3347551742
84.5745319979
84.0112836248
84.6046795663
81.6277500958
81.5452231346
87.7633511980
78.3346775194
78.3198814961
77.6932776988
82.3622206664
84.5984840372
84.8786692221
83.0977388109
82.4339468554
84.7798201620
81.6233668897
80.8691954467
78.1529828366
84.2415051413
84.6071459980
82.8967576363
80.1970132209
81.3768448646
86.5064605818
86.8216371161
78.4077564145
79.0927791145
82.6763106978
81.7931200375
81.5488821090
85.1694732324
71.7061651796
75.6768725020
83.4594520681
81.9347516624
85.3743775425
82.0941381680
82.4184780346
76.9786350417
80.5932684569
84.0679171847
80.9088886218
81.9794490426
82.9802296327
81.6076909809
78.7414358327
84.9486517828
77.2885402687
82.3958273138
80.7960735909
83.5503721496
79.4225929172
79.7980276166
80.1067410281
77.6348549416
84.6107576603
83.9135679004
84.1556229693
86.0154743103
76.0540753183
80.0308843606
87.2614682463
83.0125763795
83.1951667450
85.8091162941
83.8849095124
82.6961824461
83.7886281884
81.1068096023
85.1590628490
83.7927989335
74.8373869840
82.9095736724
81.6890928865
84.6937445676
83.1122371233
83.7680439144
81.8132495003
74.9420863818
79.6848299226
85.0647735875
81.5266014255
83.4647760806
76.7745100808
83.9440785793
83.9239065982
80.4141639834
80.8553675891
81.4986866269
82.8754814129
85.0219517084
82.7408944811
82.7131538851
88.8577725484
83.7877623016
83.4712124762
82.1896969298
86.3190505112
82.4340024803
82.0319736427
77.0712543071
76.6948943982
80.8350569165
83.6243112688
77.9394276343
82.7853797144
85.1553505576
83.7807556388
82.7001850827
85.2371563515
76.8327510963
77.8886912316
83.5036637400
83.8148836387
85.1259626564
86.0544292355
81.3559068001
81.7591722457
83.2073442803
83.1800616901
81.5971285480
79.2367943605
83.9546483460
85.6044993159
81.0083980885
83.8235531748
85.0036494971
87.4632448932
87.3626400341
83.3070280772
82.2294660060
85.3325131010
83.0351096054
83.0467374053
82.0288010807
83.7502545377
82.5897347591
81.1690093657
78.3433959951
82.6181638099
83.2950586279
82.4295417589
78.4964441248
81.7969184156
80.4403103377
81.0200465084
80.2826244747
86.1032585946
72.8697512066
78.7066047009
83.2098990663
72.0479404323
84.1239119398
80.8819126422
76.3176820523
81.8298079920
84.3574199155
85.4320102477
81.9459383117
83.2337746946
82.8581946442
87.2783531463
83.1527015807
82.4035681537
84.5827168887
77.8218219578
83.0642807337
83.2406603644
81.5885923684
83.6515176922
82.5051378485
77.4385713592
76.5509052604
85.7713816895
85.2870487845
81.0134681600
85.7366072750
77.4465230480
84.7796622052
83.2843104612
79.0222897428
83.6510660714
84.1410942877
84.4601292573
82.8771818879
84.5593349304
75.7714172932
84.7167666199
85.1105555098
83.6197243416
83.8341239267
80.1597019401
80.3413171309
74.0222088750
77.5638944322
84.4455442711
80.1385484400
77.1053957061
77.4108354375
81.0424170842
82.1626985262
84.8131593252
83.5623456956
83.5579980112
84.7707175916
85.5405803562
84.0797156065
85.6489373614
88.0944251062
79.1042881516
80.3806177438
84.6683307649
81.7594103221
80.0398514765
81.6680591791
83.9055910434
81.7190304151
84.8356104041
81.7276190543
86.7027990901
81.7398537350
74.2394933562
82.8716723147
86.1432822549
81.8391845781
77.1440498076
83.2406603644
80.1777180497
82.2967593637
80.8916731987
82.5054489466
82.1433598744
84.3322612965
81.3526251653
80.7188406003
84.8463291245
80.6722834136
82.9066931385
80.4411950604
71.5535045709
83.4201191564
84.8185180587
84.2893759483
84.1508498946
85.0270041134
81.2914774027
78.5259862422
79.5969200981
82.6337281841
82.0928840827
81.9389626480
82.0217116163
82.0255428551
84.2862714587
84.2393716905
83.5450066993
85.0647372443
82.5846562431
79.8341629960
85.8397655057
81.4994193452
83.7070585554
80.0256351385
84.8198853669
83.8032517268
85.6349257644
81.8263928048
83.4730691184
78.5787800123
79.8247897745
82.0657810271
85.6017187469
85.8277173643
81.8942446301
83.2637757099
72.3682401454
81.0761851841
85.0049487841
79.1364525235
78.9689964106
84.0531075835
80.2263555045
85.6351986702
81.6280584355
81.7869901599
82.0031464247
85.8629908012
82.2718371132
83.0600808347
87.7197255460
82.8012072811
83.9731767960
79.6349763161
85.8585064080
79.2508446471
79.6012960534
80.5683644088
81.9103153548
74.4377696500
82.3355496181
81.2859909325
81.4640772439
78.2038339422
82.6935909294
88.9725815818
84.7881608396
76.2068080625
88.0081665901
84.2088341647
79.4408332145
79.1805686113
81.8499664744
86.0614702967
81.2630344089
73.6862331696
76.1632808543
83.3937762932
83.8786646699
80.8860065311
78.0927857050
84.5597670116
82.7997039051
85.4291261997
85.2139295150
80.0005567208
80.8222313283
85.3931735120
82.9469600137
77.5545091020
82.0598887399
71.7388058086
85.2224541412
78.8225773435
83.0323800576
82.1161750312
82.2027975949
80.1409681130
84.1251862467
78.1119963733
80.9801514245
84.7214494493
82.3074311111
83.1695003643
75.3086442016
80.6531507935
83.1158704989
82.0719276127
78.6068093806
84.9249695306
82.3500648747
80.8737820309
78.3351628390
82.6715800101
82.5697399962
82.6987463377
83.0559538199
79.0812632548
83.8632127624
79.0648644911
84.2481640142
84.4937141323
83.6068233259
80.8648847214
82.6438638460
83.7212421366
80.6847586960
81.9964542420
83.8352352934
80.6179276632
78.5039660301
83.6675097697
81.2448740563
75.8871723304
82.4860330185
85.9935231470
81.7982812605
82.2379544150
78.9551663780
81.4703688097
86.0128790454
82.1561386862
84.0362260363
82.2535119701
82.0486924265
83.8019202870
84.1150044621
86.4180359291
84.8870221344
83.6291003273
83.7526898700
84.0263862118
80.6496753849
83.0236646871
84.0097402322
84.2812637286
77.0650172281
81.9034504481
83.8372903001
84.6934239544
76.6797590556
80.1655541895
84.7578266181
82.9889808977
84.2381921984
82.8560102126
82.4939995232
85.1328794437
83.1585092843
85.2699018387
85.6154791505
83.4965820905
82.6265416448
83.5624694624
85.4040510187
83.7999962978
76.8652842502
76.6992287573
80.3829871597
81.2566671582
71.0685353942
84.0147821563
86.9387957154
82.7295840128
86.2071559543
81.9421208648
83.7954663612
84.9577361890
83.9360050154
85.6405524775
86.4636464702
80.7465745871
78.0988665738
86.7607028369
86.4752219926
80.0424619929
80.7153212132
84.3113726453
82.9443046967
84.4985753948
82.7450304086
84.9852717428
82.7417006234
83.6757841940
81.7257844716
83.6794541527
82.9298086244
82.4107581498
83.8780712225
79.3263929758
84.0143450784
81.6820576139
81.3410173417
83.2174567381
83.4650944803
83.3791027104
84.7925344785
82.9360073007
74.4379321311
82.8955205350
85.8089969589
81.1853522066
82.8721790156
81.0254622287
84.6432533413
81.4648213994
83.7662681464
81.7748609734
84.0643904982
83.7513283028
76.5381432615
83.3693975959
82.8885530132
82.6632339175
83.3184654000
81.1174646148
82.2702043120
79.7887052199
83.7385372581
79.8620107732
83.9469270393
83.8235722556
82.0531688649
84.2645434095
82.5884373851
83.4414124251
81.8152818536
81.2517326641
82.9671306922
79.5235045941
74.2186120643
83.6145402961
79.0343207275
82.9221487784
86.1978409284
77.1413353085
79.7125048746
80.4461899481
83.3615389577
82.7594374885
83.2294509649
80.6039117537
82.8381286307
84.7250576718
83.3699498897
84.3451593478
82.8473071732
83.5776314841
83.7541857235
87.6604224539
78.0472630519
84.5151785215
76.4492668688
81.1990466578
83.8279812216
85.5516257948
83.4439264947
85.1953517913
82.6231350775
84.3650516762
81.3284152676
78.5864146202
80.0157850080
83.4093777917
82.1842603411
79.1007744653
80.2393280700
74.0441114654
81.6658326402
84.3213882383
82.9727152037
83.6048656041
80.1283750759
81.6227726105
84.1107795027
84.3580768007
82.2381667892
77.9552058506
83.0795092986
84.1898821413
80.7987477147
82.9997396012
84.3667999310
76.4028341712
82.7572051017
83.5222733072
81.3315916775
83.9739536997
83.8830827981
84.7660174656
85.9948412299
85.6545878013
81.8175216750
82.5576553320
81.8601595321
82.0604205887
83.3507814551
82.8897597439
78.7846870346
80.6139463149
86.1726337384
83.4862919513
76.5310475659
84.6336778013
81.9391431392
82.5980375879
82.5997948474
79.5375927713
81.6732332313
86.7802251177
80.3696058783
79.9187850948
82.2718036759
81.9807422733
83.6237524322
89.6667519242
84.4290460796
83.6536745753
85.2143617233
82.0140070940
83.6972003824
83.8149940544
85.1258388950
82.8312577149
78.8919888184
82.0120916905
83.9901812446
81.3556294762
82.7401633381
84.5080953529
84.9621745834
77.8424933670
82.3331201985
78.3933453951
82.1302260474
84.4869543705
79.4406396551
81.4330419325
84.6399837817
81.9461553911
82.7080225862
82.0485374557
84.6481826034
82.6939653985
85.5213643125
83.3609067692
76.8978855565
81.4465879830
78.4204688185
81.5263339837
81.7572961951
81.9522758266
84.0587004812
86.3424789416
81.7384436226
87.9187703203
83.4480764369
83.7067627395
84.4380130492
78.2821697731
78.1596420521
83.8047985157
80.9099992824
84.1728832058
88.7961646097
75.5041965122
83.0773975861
83.1660609858
82.8854471365
84.0177144347
84.1650609712
81.8990579571
85.3346666541
84.0102866961
83.6806014344
79.5497746323
79.4137681991
79.1227305073
80.8933321589
83.6284604658
82.3441162631
83.6303091380
80.0490394316
83.1317457751
85.2034536074
82.8917868615
83.7262361643
85.4372341086
83.8787610346
85.6408483845
84.0775264681
83.9535343464
77.7699288598
82.4613080988
78.7073359928
83.3760182970
78.2850627297
77.3677260616
82.0133676084
82.3224154754
85.9778175528
79.0880299543
81.1263059263
81.7688532901
83.7464188024
90.0278613943
83.2768022955
78.9819027372
84.6426310431
80.8779487525
84.3763394423
85.3264424648
84.2120472819
84.6222153013
80.0958380259
83.3430663247
83.0335028281
85.7273527704
79.1080548878
84.7184684430
84.8742107796
82.2380526690
82.8358948769
83.6875941111
80.1484477221
85.7106901979
85.2187693509
80.8664574079
83.6828331246
84.6755740534
79.3097862158
81.2227109775
82.2352579697
87.1359447043
82.2960788496
80.8496275458
75.3377599004
80.2472640440
84.5439032504
82.3064120689
83.2900600283
83.0931983666
82.8673930862
82.8105704624
85.6738591644
84.2316044455
84.3444473610
81.8911042285
82.0675105137
80.8740878947
81.6457790363
83.0784798018
84.9234982753
82.8013567299
83.3822177685
75.9054166694
80.9584532214
78.2152641464
84.0626201674
85.2909954451
85.8755493370
84.4895267218
85.3902660645
83.1911845469
71.7726498964
81.5299584220
82.3774132129
85.3185372138
80.6895661252
84.0921944704
82.4694690228
80.8866800276
84.3322441430
83.2440205133
82.7856775103
73.4958649186
79.9196382224
84.4748451898
83.3444337089
78.5219434858
80.5932684569
81.9491833936
84.0384743260
81.3289140384
84.5456422906
76.4147341379
83.8725906398
82.4608839572
82.1781284436
80.7968875848
83.1145152311
74.9442161511
80.4985785840
82.7036087721
82.5304945993
77.3416627867
87.4959836467
80.1998640821
83.3563537104
81.9758994458
81.1886241062
75.7278845861
84.7689349116
82.2602833279
83.4484587804
74.1310331128
82.1602021111
83.5812929570
84.0988352283
86.1157639415
81.1816343815
83.5273670718
77.9379900298
79.2968711440
82.6213125752
85.9253020739
83.1294904367
74.5608230600
83.9269606538
84.0426832054
81.1996733995
82.9559703914
83.2883404556
83.2630861198
82.6065975974
85.7042931656
84.2145005745
81.4929473548
80.9343205244
84.8118331197
79.2427487111
79.0520283017
81.9201429858
81.2787007281
78.0774211534
86.4200686206
82.2859933939
81.1315080221
82.0364182006
83.8658925058
83.8417187036
85.6544319794
85.0458439367
84.3986675374
84.6236871802
84.0732822703
84.7109930443
85.6815683014
85.5654763352
79.8989088159
83.9874907125
82.2478994636
83.2717282131
74.8855143585
83.2899440694
84.3168873082
74.2269386458
77.0920711818
79.5023737149
84.4914935952
81.5370147316
83.3887353800
86.9149914765
76.3073740690
81.8510288084
77.8226080871
83.0853560486
78.5058643335
80.6175143430
82.3176391449
71.9105682208
85.1207721650
82.9312293775
83.6210280352
74.9799508961
81.3811370457
78.6934958518
75.9200819979
82.6189963687
83.5605419303
86.1138938076
84.5857671026
83.4689070756
84.6097748978
80.0243380106
80.0884774248
78.9636193980
82.9709216991
82.2720050109
85.7254917690
79.9892684722
84.9520550387
82.1602021111
82.2269774883
87.2182898498
83.0296118659
86.2479699563
80.2967787641
86.5723051975
75.6455612908
83.5436072257
89.1652547613
80.7010232834
82.3898435746
75.0889859094
82.1642075291
81.3217852835
76.8830556513
76.9204278762
85.4126173256
83.8122473281
82.9581822760
82.0749047081
79.6877482026
84.5016917419
80.5278222666
84.0295533232
75.7714172932
83.5143080591
79.8154432160
85.2330728126
83.3957469142
84.0074825956
86.0278635376
83.1836739952
78.9618232276
83.2406603644
75.7544999758
85.7947048955
83.1970617326
84.9672342695
77.2435286230
85.6353535535
82.1501026920
74.8598225468
80.0665027974
76.6337379341
81.4101188159
83.7379272292
85.0225258815
83.9402016851
79.6373981547
80.3801483832
83.0853136526
81.9547663327
76.1059332787
78.7109026418
82.3601095027
81.3279611170
81.6783429418
79.1817006536
81.4991873393
81.7661908756
82.9611601376
77.1550918895
87.1992726962
84.3683255558
82.7949616526
78.8161544161
82.1582439728
80.8655688024
88.4193222944
79.6879392456
83.7899272788
79.2737982422
84.8076234228
84.8885238749
84.4870834801
82.6319122711
80.4542493992
85.0042580166
80.0730231082
76.2888230761
87.7506994846
85.4151417554
77.2564833449
76.8919373667
80.4368868981
83.4398574871
82.0830782213
83.8573467986
75.9107994241
80.9750992389
82.3181018506
80.4542425905
81.9711604500
84.8224980913
80.6404451366
80.5191694610
82.9518375223
83.0976062383
86.0952623238
82.4897427747
81.5579823136
87.0916082417
77.7523981365
79.4824840954
80.0102850108
84.6503621655
84.4737212614
81.4521763907
78.7588156511
83.3966301958
86.4369270989
80.9898786148
81.6990524577
75.1808222320
81.8076305561
84.4065907995
84.9817049312
84.6151813305
84.1127193738
83.6336157509
78.8318379175
73.8527978712
80.1469618849
75.9224776785
82.8486220459
84.1641000045
80.9840896102
82.5766221068
84.7063130729
82.1664167461
78.2629998716
76.4248799542
85.5682091300
82.4804874697
76.9158809211
82.8440215444
83.3752802564
85.8994870337
83.3867579491
80.8521961313
82.4820606095
82.9281523106
83.3583269287
80.1218631494
82.6768036225
85.3804801017
79.8009054258
82.1132227908
82.2469237513
81.5442383952
77.2762478185
83.7785849404
83.4995245298
82.7620863386
78.9400266479
84.4418595721
84.4233989410
84.5654746502
81.9316734694
81.4936892455
81.2697378949
84.7381179838
78.7461820108
82.0499641408
83.0980992607
81.4672885693
83.3901107311
82.4338558125
81.2800720658
85.6461756967
84.3859305268
80.6880262948
83.4297677265
86.0807927421
78.8233664132
80.8231687129
83.2710031347
77.0672177743
85.2461876075
88.4187104784
76.3844609547
81.2194861517
81.6519563583
85.7920186676
81.8032222024
81.1537340158
83.8550590157
85.2232983698
83.1485077677
80.2063821258
82.4838009424
80.7780242690
88.8150613828
72.5741533784
84.1042156560
84.8391464869
84.2612017422
87.3743391578
84.3352692009
84.7986110336
85.7546855313
82.3238616269
73.2453203759
82.0545605318
81.7747436742
80.9450841860
83.2123707700
80.3119209560
73.3120753702
80.9989002657
83.4969185620
78.1616439702
84.4420259607
81.7067189860
83.3598194799
80.7589229801
82.8767435351
84.8183809255
84.5458066998
84.7326783592
86.0551303192
81.1548883169
81.0687156303
84.3499780440
78.1664556258
86.2721036958
85.2133332446
85.1362527305
73.3647236184
84.3250287450
83.2586087179
82.7168159162
84.4964390847
85.0858470002
77.8979855894
79.4634762807
83.3273894560
82.4546347478
79.5479778329
81.9229445759
80.2298157293
79.8579606055
83.5268436956
82.1832057715
83.8470900493
83.2108418950
82.5127031087
81.8152190270
83.7192301195
81.0008448221
79.6647925017
81.0061633157
78.9225532432
83.8389546622
84.1127485476
83.6072140976
76.9555984065
77.0825875933
84.4045213096
83.0460186454
82.8305914272
75.7437515272
85.0082080204
79.5480754751
83.0942477456
78.3788551910
78.3315003892
78.8894497574
79.3664724142
81.9578390671
74.5760398202
80.9041811642
78.6261981879
82.1071089229
82.2447404655
81.5467184059
82.8928441802
86.3315272013
81.7062631366
74.1282819422
80.3753163038
80.7944903622
82.9631099350
85.8285404959
83.1656255876
82.0860258296
75.9066843505
84.4985629545
83.6485069555
77.7126335602
85.0984752295
82.8340250909
81.4024836886
83.8141691627
85.1243232993
82.5080105724
80.1026230974
80.8489032997
81.5644629864
80.4156055977
84.4745154287
84.8001448394
82.2828659343
84.5755703056
82.4784280891
80.1134995289
83.6333576077
78.0467577626
81.1299059875
83.7175782654
78.9664710283
85.6928143706
83.9551734213
84.5975202777
85.2474714145
78.8641339222
78.0811828773
83.5024912572
81.6897778275
81.4433524407
83.2925381186
85.5599503549
86.3077365730
83.5453119772
82.4755038710
79.0972569681
84.2338530729
84.5860712222
81.8054293006
84.4045952994
85.9909406138
85.4902806674
79.2262118820
80.9358083693
81.8834086173
82.0861923869
85.1591298823
82.6930564398
80.9802344237
80.8045829272
82.6548226893
84.1852793046
80.9117980124
84.1396086402
81.6670430644
79.3100162641
84.2934963812
83.1724901235
82.3153967305
86.4299535610
80.4526752545
79.1436127386
84.0989012650
83.1303663051
80.7135378143
82.3142267730
79.4232655051
82.9591931875
84.2843449612
76.8714904856
80.4387676528
83.4765030973
81.4337244939
84.2990512188
85.2767117971
88.4579297457
82.4446898219
84.6302786322
81.0761851841
79.5317903645
82.2032584348
83.8841803310
84.5845510152
79.7869441792
83.5175965937
84.2201638020
79.5518158359
77.0480912216
83.1387279442
81.5182604000
81.7738663557
84.1195381767
83.6620347387
83.5244104759
70.4091190768
73.5088094243
83.0584963321
84.1789434867
82.7463025342
86.5358474725
84.2603983416
80.3702442869
75.6594067429
80.3481966694
84.3961262081
80.5885572274
84.6499776331
87.6350444727
84.4686864945
84.8165937313
85.6071332133
80.5440684715
81.9012218254
84.3920158397
79.2977212129
82.1015577899
84.9928844147
81.0339328183
84.1652341045
85.4785636511
80.8177176450
79.2322642176
83.6879332707
83.4047448362
83.1805441823
81.5590662696
82.9233656165
86.2564561600
83.5578615509
77.4298089351
79.1890284697
82.0585102859
82.9707311804
86.0487276404
83.0662666652
82.8711204535
82.3688346537
77.8585196547
75.3235740016
79.6075345422
85.4649709572
87.8326528442
84.2890709113
78.3689094313
83.1439886544
79.5504183899
79.6435571770
78.3400160489
80.4495852922
73.7807770918
81.6990040401
82.9073072603
80.3763691065
71.2853181544
83.5187871720
81.5470765350
79.5695807699
83.7219142332
82.0569746505
84.4741190513
81.1447256386
82.8512282850
85.0707779427
83.0538713230
85.6129753522
84.0420107136
84.4244752194
87.6912412658
81.7023082893
81.3268504164
80.2754243641
82.2315491705
83.5088557012
82.1352655992
86.5418662256
79.8769451001
80.4529874185
79.7099202962
81.7029689688
83.5933460152
83.9637278589
87.1922786370
80.1124667574
84.2546442247
81.6716740707
87.3580529291
82.4910603518
81.4842471436
80.6046926783
81.1361989513
83.2407224506
79.5140615362
83.7048995539
79.8960632714
80.1592386530
81.7993030035
82.7286974115
81.1611307169
80.6095081497
81.7391244348
76.2695478922
83.3125410699
81.0404200231
83.1228971849
83.3565466767
80.5513949404
84.2041301870
82.6825756187
84.1901801617
83.4348453257
83.8332645139
84.5333404235
84.9203469449
85.0584834897
82.6514266396
82.6332903571
83.9933611898
80.8444228964
80.9257691538
75.4818627954
81.5409701521
81.9497595365
73.6969661072
82.3103634946
80.2506376349
85.1613440330
79.2933007222
82.9837405390
84.1791250713
81.9877729428
84.5985336039
82.4992454137
80.0421009588
85.5629925510
80.7113635513
85.0415260987
79.2240918269
82.0454388987
86.1426867655
82.5940275202
80.3750848495
74.6893894023
83.7693133697
82.6956769427
77.7417852583
85.8875806027
74.6516270553
80.4760906554
84.8543634190
84.1146787899
76.7288205386
84.7302635794
78.4311434376
82.1112045026
82.1357155112
82.7404425396
82.3970527719
84.7334148252
83.3612537054
84.1910420853
83.1549341307
81.4154880578
79.7704708515
81.1462169652
79.0784929145
83.7670818265
78.4431071113
83.7093186574
81.3753381995
84.2203944018
80.1553214177
82.3638920496
79.1883350961
74.4374454254
85.6129383964
85.2393932833
78.9925702360
83.0899972901
81.7414541342
84.0307680025
77.6731530354
82.6001821965
83.8422131072
86.7322776001
78.8518891727
71.0707993299
75.4999838367
79.3956870416
77.5050400953
85.6553164294
83.7044611717
80.9567797811
80.7679291997
80.3789637071
85.4372073546
81.1868479098
82.3938295680
84.7728778800
82.3805611346
85.2810837418
84.5916288246
75.8623702621
82.0518699993
78.3364800728
82.2905839374
82.2615132912
82.8099483913
82.9925126013
80.7449784439
80.5290028813
82.8592495942
83.9317405141
83.0095413081
81.8202933014
75.5364895599
86.7998166766
84.3124001617
80.6958653897
81.5627189242
85.1383247408
84.4478575079
83.3723399447
74.8482921161
82.2114391722
77.4693451321
83.0227776108
82.2122081246
81.6428515330
82.7402797497
86.1667861653
82.0230356481
81.6673967748
78.8515594229
82.0108115410
81.3421390295
83.5244850345
85.6238544941
75.0927355918
84.7795321512
83.2605747531
81.8004928703
85.3723439761
81.5634463100
81.2301865194
77.0971539222
83.3909203879
80.6430018362
83.5854844601
77.5074989602
81.7700182837
81.2584173548
81.3702561260
83.9709459965
76.9495641872
82.8541952052
85.3118482451
78.4288015769
81.2936778019
80.5202047395
82.0930663763
83.3370897867
79.8763717138
81.6460194599
77.0478141374
82.0793604768
73.9361992973
85.0703849714
81.3588558146
84.8113543025
84.5101339653
77.1077634452
84.9396868325
82.9938332905
78.6409436708
84.1186979012
80.1201514952
85.1871881520
74.2122895563
76.8796525276
85.7258168626
85.2452742231
85.9242026987
83.9739341889
83.5287122465
86.6913831494
85.1256348289
81.8309780064
84.7542636209
85.7317655054
84.7935825603
80.8765883892
83.7611438889
77.9459694906
80.8132467474
83.2126324064
85.2112516856
81.6555213406
82.4808520722
82.0197864847
81.3394912543
82.8745530863
79.0560806930
82.3211149712
84.4296665956
80.2410908430
82.9805196603
83.5515867215
83.9387361113
82.5749580911
82.7205152828
83.5974074066
82.7426640989
76.3754933550
74.0731286077
78.0617149320
82.9269550588
84.4140223694
78.4502828931
85.2415682291
85.0083755211
85.5485012693
79.6619673148
81.6782637644
81.7336877135
83.4788110305
82.7964071318
84.5975506184
79.5814758880
79.5333628962
84.5777766508
82.4499702804
84.8174299004
85.6323837025
86.0062052700
87.7059476368
82.8876685670
81.8333063889
85.1241898464
83.9056412296
78.0601897838
84.6874520555
88.0080092043
77.8322418291
79.9137998558
82.7553892613
86.9934673556
78.5276241814
83.3606211991
86.5444453341
85.5181853489
81.4771057566
85.5320421459
80.1206090348
76.8443053444
82.3021703578
83.8356915002
85.4907276324
78.9606696611
83.2624899956
86.5554470723
84.5134632325
84.9926622413
79.0723613002
82.8425642263
83.2128958450
85.9230831229
84.2869716802
78.7519265396
83.1881052847
74.6424013054
80.3909870224
82.8705152614
81.5940331132
88.0218686293
84.0066027381
79.7745278752
78.4929265315
81.9360889666
82.3831505696
82.7650661458
76.9974045816
85.4014446792
82.6882915267
84.6648488817
75.5216453792
82.5836480518
83.0008258871
81.6061860882
83.8424053526
77.5509968857
78.6906347486
84.6663058763
82.1491981059
80.9474747228
86.7219382138
83.1158007101
77.4183373895
81.8751582825
76.8073602909
81.5093979122
79.9443893447
83.6571520366
85.2413210418
78.8535087672
88.2916539324
83.6624335005
84.4782787491
84.6236232864
83.9882910118
83.9795300552
81.8430860316
82.4120593864
82.8573375851
79.6715536284
79.0222957845
84.4061059230
80.0405796467
71.7337286599
85.0582949105
77.5212144590
79.0510316450
84.0145149458
83.5431007063
80.9159252961
84.5121877461
76.1836707372
85.8757537727
83.4042141088
84.6919783424
79.9686768725
82.2237340819
85.8622491699
79.9377746335
82.4292321174
82.4058927254
70.3753894412
83.2471670913
85.8624038723
80.7036596345
75.2475922860
79.5045384464
78.2110054503
79.3455179005
84.4606400809
80.3341260308
73.6713274507
76.7220891889
81.1070708500
82.9069551130
81.0211377449
82.4915893105
85.2134659138
82.4163964541
85.5878090498
85.1026369412
81.5968942161
79.0330246830
80.1938765511
82.4903043319
82.7231010871
86.3902561868
79.3422962823
82.7193534235
79.7099043687
81.7302079651
80.2383013457
78.2877344680
84.9961729633
82.1167280962
81.2210738701
78.6387623050
79.8116162450
80.8057179949
83.7734125588
82.7690401362
80.5206576221
82.2167343487
85.9746816669
81.4248319186
81.3081444205
80.8797051212
84.1612710442
83.5652550794
70.7842989188
86.0602482080
77.1895164430
73.5724900401
81.5543376467
83.1365348199
82.6992279383
81.3150590779
80.1103057613
83.2596128925
81.9424664093
81.8849920807
82.8276432357
78.2669854660
86.6431418316
83.1136263943
85.1578962736
73.3275437794
84.4976032595
79.3035169134
85.6690973164
81.8936622262
85.0047898929
84.1546118000
76.8370278427
76.8606692389
85.7610142741
82.9822775779
82.3694532812
83.0837509561
81.1671270222
81.4677283549
84.0620454193
81.4871160855
73.1085716321
86.0586380633
82.2567550447
82.5398945402
82.3796993967
83.0822785151
83.8089589055
82.0319226794
86.4289374098
81.1133009841
81.9222863879
82.2982379912
85.0425025712
86.2582476310
85.4879430166
81.4236405383
84.4276374341
84.4098641494
85.0609527752
85.2206708553
84.9403836335
82.3593778231
83.0338542658
84.5570730673
74.3800913169
86.4466130448
78.2221853990
83.2223638925
82.0880261085
82.8887606778
84.3343226754
80.3160702363
81.4174419961
81.7060847859
77.1246493970
78.1938881842
81.3989849916
87.0440021377
82.6453847370
83.7195631228
82.2035536712
80.7166470170
83.7013472831
80.7513449875
76.7965688108
79.8227397825
81.5696288125
78.9400853301
84.1801995137
79.5109211951
79.9644278381
83.4841026531
83.5094446610
76.5032609966
80.5637739970
84.8265916038
84.1205435041
83.2220687836
82.9388519376
74.2227772350
85.7695297035
74.9465665056
83.4457494989
82.7292126340
82.2216500248
84.1210699675
81.2526190453
85.7319965266
82.7877934557
82.8337284814
77.4694927020
83.7185797058
80.5960187896
82.9042387977
86.1473386977
84.3877913025
82.0114545665
84.4759055943
83.7370514375
83.9937673427
84.0363652459
81.0710366612
83.0663736990
82.8773726589
81.7454720355
81.0721137169
82.1381894967
79.6019373187
81.9959889977
83.4837659871
78.7842445356
85.6430937420
87.6172322549
79.5857724516
82.7273007510
83.2870565173
78.7249789592
84.1297324812
84.8968429047
79.4165106240
82.9247921493
77.3413598519
84.5175749381
83.4183537517
85.2819551000
85.3456639926
86.6870574873
82.1959493060
81.1740518592
77.3626320936
74.2061731639
81.1991025646
70.4127549653
83.8173923075
85.7404003370
80.5499114508
81.9433170194
82.4039496686
84.6372389397
85.0227885694
84.4508001525
83.1759181689
82.2336168144
78.0529728665
82.9899558957
83.2987100151
84.1365252467
78.4083078199
83.2622496002
79.8750851863
82.5069637969
84.9502625782
86.8414323077
80.1691443656
83.4969937000
83.0159905273
82.2526047632
82.8522261729
81.3385667723
84.2177385448
79.5021209882
75.3714799090
81.2197944661
79.9310158579
82.3758951947
81.9688115259
83.9716990276
83.9242089855
85.9403263574
74.3042144106
81.3185585980
80.1855870069
85.1962216726
83.9738442845
83.3757735857
83.0193366999
83.0918533069
85.5465991309
77.5226787665
80.4341441885
78.3520680262
80.7275436762
84.6967789592
85.7206086723
85.9989794262
80.7553499430
81.7950335215
82.1527744815
78.8621656251
82.7105353531
82.1031584110
85.7629395350
83.9170435533
83.6715038703
81.7160108140
85.1823267478
86.0627883217
81.4256801251
83.5909789664
80.2031467720
85.4029021022
84.5473505221
80.5312209281
80.8701516112
74.7330373021
82.4324564500
84.5723363137
82.9031703867
75.7449213948
82.9465834913
83.3898408517
83.6002356739
82.9592595855
85.2490311758
83.0199336086
82.8716056971
80.3192765053
83.3046805487
83.6713220116
85.7182278245
76.9477796660
82.4741165475
80.1641594898
84.7206204430
83.3223430580
83.3734101281
83.3272944425
79.2910259446
84.6519206233
85.0849323674
81.8234609921
83.9227362573
84.1108230609
80.0978806724
73.5809763905
82.6909268834
82.6029472423
78.0883256368
83.2721425233
84.9784381258
85.1620265326
79.1164829882
79.6626008173
84.2913270636
82.0756288712
80.5576052852
77.7901490743
82.7348678472
81.4412176193
82.2008255619
83.9242342377
82.4991538222
82.2668415321
80.8944470577
74.3545125825
80.6434542180
85.0555418207
85.0700420220
84.3116026682
77.2814431872
84.3857382923
79.9177718253
85.7738764091
84.0947569596
82.4562376745
86.1867507784
83.3781953042
82.5776621577
78.7491031536
84.9975483904
83.4593559542
84.8511120080
78.7589165815
79.5673138256
78.0754975790
79.4493141418
80.9133191788
81.8506169705
78.9119555521
84.1429870101
83.8121101604
83.6979471549
82.2714165158
74.4712516675
78.5702783440
76.2303393064
80.9742597237
85.6521250087
83.4692940887
85.4847214190
84.1892292338
82.9190054630
83.6990939711
79.0414311935
84.3435578595
79.2021552942
85.6183262515
82.9717744031
83.2912424651
82.4525723258
86.3723909686
83.4984507079
82.8079552624
81.5718042251
81.2827496462
84.8333733879
86.2553549395
82.8940734548
84.9533883440
81.9645502365
83.2441437542
83.6790118128
82.0294628420
79.2521996646
82.5038607386
84.4246699275
83.4643569293
81.2921267215
81.3559718091
79.0032835611
82.6857036987
78.6164510738
80.6216732446
82.5730227288
78.8590759868
72.1279798473
82.8360675218
84.0081764721
78.7705603191
84.5098514007
82.3213026761
81.6692368592
80.8120147882
86.7742964763
81.8131729046
86.3498063122
75.6989504369
83.3213023273
86.7809921893
74.2290371704
77.8151526017
82.3219971496
80.9475907283
78.0644578917
83.7298673415
82.8743280214
79.6826798995
81.7073585280
80.7687989025
76.1228572400
82.0586385552
82.2232449279
76.1623727195
77.2451529654
85.7717431979
81.7437274480
78.9689125042
84.8141500171
81.3957145225
84.3292924337
81.6410894894
85.3303026209
82.2527260925
84.6036954643
85.9927350259
82.5313000396
74.8656729951
79.6564648590
86.0592238382
83.5202906856
76.7490976261
83.1514683199
81.6324835635
82.1995773121
79.9899468242
78.2880860555
84.7697308578
79.2878548557
79.4586970493
84.2627794730
81.1986129207
84.9765275790
84.8670057207
83.8391702600
82.3710377551
78.9375528890
83.0199428246
74.8766410436
84.3952637138
83.4067276819
82.3386787999
84.2306057409
80.9912286337
83.0443607150
77.0917403471
81.1479472351
83.7192434334
83.4075200370
84.8326059694
83.6043343697
84.3717984149
84.0521094235
85.2885898667
81.0913464337
82.0672044454
85.9274893693
78.5306608112
84.4372353261
83.8645167295
82.1151688983
82.8692369630
81.7965495396
80.6000909106
86.2029310639
83.3503579677
80.3218209525
80.4868278841
85.9526558386
84.6893775795
83.0328072710
84.7474292151
85.0192022353
82.6063847063
79.8831283523
80.4108625898
83.3687386764
79.9117467529
84.7572208325
83.0365918400
84.3590938888
83.3356589008
81.1305359386
82.7621978778
80.2212842941
86.2463293954
83.1961891212
79.3147488399
77.5079405232
81.3406531839
75.1631606314
85.8201927500
76.3168070327
79.2038374144
78.8675975928
81.4812377332
82.5167114598
82.0127422470
83.1334688567
80.4434421506
81.9255240971
80.5723438005
79.7018026662
80.0995595220
82.9236344221
87.0738738719
84.4025529573
84.2917798264
79.6835803223
83.6314235565
80.9015096051
83.1343279542
81.8116461080
78.6620206692
77.9839190308
84.0990679483
81.3794148356
84.8642078029
82.2569730578
83.9608083151
78.2459897455
79.1123223262
76.4922052294
84.0156222030
82.4105563006
80.6519264524
81.9003138390
86.8922545509
76.2798676452
77.4736983546
83.8733436434
81.6738522029
86.9800028069
82.6586405129
84.7811198317
86.1574849501
81.8148085459
78.5222542444
83.4223902518
81.6291765148
81.1622709217
83.7758347911
85.7469353835
77.4769958729
81.4525494222
83.8113440674
84.7163225001
83.1652233763
83.0799579334
80.3946784534
82.2153010668
83.2975199301
81.8119309858
84.9725019405
82.8870144517
84.7910370514
83.3935696184
77.3993376584
83.0283571526
80.6360441898
75.9655524227
81.3458932961
78.0763861153
82.7934095552
76.4336073993
83.9057652251
85.9510790034
79.8878941122
83.7417398649
80.6319640808
84.9317004369
81.5821902917
81.1972605341
82.3314461831
80.2969362448
78.8264229978
79.3198133290
81.7208976555
84.9251678297
86.7536788735
76.7198162292
84.3536198649
80.1237224422
81.8161155329
82.4328716343
75.3884271178
82.2343106121
82.3868934938
74.3308861824
83.4032101701
84.6725189930
84.0662088488
83.2746366387
83.0860998563
74.9002164150
83.3753767312
83.6446881561
82.5477072167
82.3692091233
83.2347861517
78.7955513362
84.5703338418
83.0306264318
85.6156103360
82.5374289237
80.4923689770
84.3576391063
81.3417161824
83.4096109036
78.6950554488
82.1970269402
79.5373225710
81.1520529724
86.4262349220
86.2103854197
83.2050493572
81.7328200065
81.7648130186
83.4373820836
86.2486723695
73.1443229765
83.0855461033
79.1733963634
76.2946840956
81.3079945846
85.6213218679
83.6920240134
82.5697581065
83.7761598860
86.7451469433
83.5301487520
80.3622422371
80.9609492502
79.8583742641
79.4202462500
79.6953903022
79.4996949428
84.7593760813
82.3415080477
72.7951240685
81.1632165086
81.8025314073
82.9535167643
81.2264887621
84.1080261700
83.2190566905
83.8986402818
83.4273281054
82.6551572829
81.5427233805
85.6822398294
85.1456649323
83.4488409872
82.0107844887
85.4256338113
80.8105238017
85.3364715163
84.9478524348
79.0749481158
84.1746561692
83.0733543109
77.8884102224
81.7308618714
84.3980462745
77.3822653315
82.4853013654
87.8480257961
84.1117241166
78.3200783195
80.4170848921
81.3091671418
84.0689541634
84.3955448720
83.9286868008
75.8280404115
82.6163935117
83.1889073734
78.7312472240
84.0307716461
74.1978691950
84.8741415586
82.7358398347
85.6073693738
81.4288622306
84.4667711472
81.1904653475
75.3995149686
82.9936932007
83.5045668005
83.3785085216
83.4598318436
83.3965349213
71.8882781031
84.9044199342
81.6692368592
84.9056443945
82.7419998157
86.2130333928
87.3710837648
80.7955067466
85.0540222951
83.8727374146
83.1897683463
82.7494702809
80.7245862019
77.7260752976
84.5453181350
81.2869167685
82.7109485153
84.5974775712
82.2607080183
84.4342699492
84.7959905015
78.6242194955
77.9657616855
83.9215337807
82.7108888056
82.3667276161
83.3297008880
77.4914993424
83.6054223872
81.6977008222
81.7969389565
83.1025776792
82.5810233537
78.3993721354
86.1717131339
85.8972155036
82.1180353164
82.5147465448
84.9215435381
80.2539992226
83.7692750207
82.0965801841
78.2581133569
84.8098962554
85.5656869883
85.7585923645
77.3101011883
81.4905745253
84.9127141358
81.0769120607
84.6357031753
79.7261363496
82.2076689536
83.6199236056
86.8925675600
86.1041433207
84.8076689862
85.4645768286
81.2863126758
79.9012906594
76.1832015421
81.4286401996
83.5149950074
86.7074732764
80.5804303164
84.3094334021
84.3488758493
75.2214690193
83.7663453400
84.8534500663
87.6562190708
82.6810055251
81.2389156894
80.1577427931
82.1889480665
80.1202278788
90.4820743656
80.2370548235
84.3123733604
79.4996492604
82.1154801611
79.9169905210
83.0362510308
80.4681803561
85.2359604993
82.6483407636
76.8732988675
86.6333629650
80.6005874907
84.2711555191
85.7512796206
77.7643492345
82.8282397612
82.4365475609
79.3498225888
78.0783830705
79.9156775925
83.6655310010
85.0458928714
83.5878060183
82.4943922537
83.8790141813
72.3591255184
84.7494482995
79.1649089166
73.5491187750
84.7008578032
76.8899560771
80.6725117865
86.0749123187
82.8918088518
83.1865518016
84.7942404319
81.3753588810
84.5516252626
82.0358452896
81.6855784217
84.9460185236
80.4132252710
86.5366396785
80.4875886766
85.8877962459
83.8069685062
83.2288235667
80.4591720492
85.1108226888
84.8314335060
82.7567708757
70.7489889322
84.1859749357
80.5600276716
82.6517872719
83.8678385582
82.5511075854
77.5439440580
86.7764114407
85.6489483560
86.7893664532
82.6966708212
81.8091034342
80.2425837554
81.2341071464
77.6616251889
79.6829107054
84.4964197823
79.2464397707
82.6930564398
82.7486073587
85.7051732507
82.0553218447
82.8424535395
76.5445413569
72.2819130659
78.8862038777
83.1664268177
85.2451930441
81.6870204152
84.2095849830
85.4082247189
77.5236917403
85.9335537473
82.9913897394
82.1385748456
82.2740079377
74.7135735546
84.9139970459
83.2392630480
82.6409858545
75.9306152630
83.3510278442
84.6499280491
83.3246363071
81.7650107666
85.2639100804
80.4421016545
86.9241662122
83.6773626897
82.5878046715
82.9500771856
84.4200755099
79.8824817244
84.1428136071
82.5261227719
74.4968100268
76.9796304727
84.7105924576
83.6661473804
85.5710658165
83.8048674977
85.3104612614
80.1341387515
81.3393541575
81.4086557616
82.0711194427
82.3677090747
84.0660480900
76.6211470318
87.7362488688
77.0570348720
81.8028763238
80.9167665258
82.1474387537
83.4837457474
73.6500692435
81.1759062173
83.4753860209
82.7564094175
80.5143551196
81.6980499344
78.6296828892
82.4895634992
83.2235128916
84.8875343357
85.8123770013
75.7056868166
85.3371925759
84.6629354063
81.6379633376
81.3775854193
84.1508558302
82.7198715092
84.0455942294
82.3109155505
77.6543647595
82.1920049030
84.4563895365
76.2890081923
83.8941980021
85.3372307918
83.8240566477
82.0574998707
82.9949300756
84.9171335806
82.3802704018
76.9707853402
81.3569086703
84.3006095782
83.5789954144
83.1272508784
84.3091121553
86.3629178324
75.9408888034
85.4840968047
82.2906958643
83.5965624023
82.5844858558
86.5055577813
83.1814599928
84.4691261554
79.9104438105
84.1135661645
83.9045902833
80.9442782728
81.9252378004
86.1868720528
80.6274947099
78.9044129664
81.3220691427
83.1175573457
80.9043429347
82.6778824958
80.7287049741
82.3594104324
83.7893727728
78.9170728113
81.9487138325
82.5294497792
84.4331026836
84.0689990348
86.7848448430
83.6186268274
78.6809401751
79.5548395126
80.9659600540
86.6018918886
82.3029023522
82.3843141468
82.3261066670
85.8830611415
82.1429904426
83.6158196113
86.0133367369
84.3300115087
84.5336826580
84.4142427726
80.6733965933
86.0180671388
85.4504474198
83.1962059913
83.0848038755
73.8213534464
88.8442794200
80.0975391230
82.7097935608
81.1768408795
79.6926382806
80.6144188700
76.6429426776
83.0331489672
80.6792272916
84.0551044696
79.3106976319
85.9175559587
77.9083817349
82.5846837283
81.4609664693
82.6117316257
84.4104932579
85.2228127033
83.4795101509
85.4345648208
82.5224740915
79.4228579493
79.8317369181
85.8854280320
81.2736442846
78.9113333216
75.0242254276
84.7064977598
81.9403320655
71.9169057387
80.0646904982
84.5136539549
84.5590297546
86.2576556241
81.8790338359
71.7974695594
85.6269839742
84.5801652739
82.0912387098
85.8990352079
83.2346440109
77.3320883275
79.0128429449
82.8577334309
83.5022668678
79.5022004142
83.4011620155
83.0619405126
83.6770864691
84.6418444212
84.0054888385
85.0666440283
84.4096099958
83.0920499707
83.2748928364
82.6501190511
81.8431086737
83.9068741516
82.2102409445
82.5636412910
78.4695273875
77.9003852355
81.0400515922
85.8146294334
77.4886816482
80.1601217137
84.3498135418
83.3982023594
82.9207608287
83.1229424996
83.0199336086
83.0201373713
83.7733994626
84.9635122526
79.9044047901
82.1092269992
82.9728069967
86.4763267236
82.2082583249
85.6595052203
84.4761169018
79.2216902510
82.9019863616
80.7636941390
80.0452665762
78.2897973484
83.2568056913
82.7106229520
81.5322172043
81.6646663801
83.6756479186
77.9352126537
83.3331173497
86.7463551840
82.4270397115
80.9903340593
80.4964909394
79.2310094453
78.3938768628
83.9179743185
82.3132838574
82.9673295846
82.0049631373
84.0066341326
77.8479332643
81.0373214882
78.5554740079
84.0843023471
81.7880692157
83.2450143885
79.1634822797
82.1372881374
79.1552480124
86.0712181767
80.9692875817
80.9717368457
83.2030207965
84.6178304026
80.8239052465
84.1077294084
85.7641996962
82.0435306448
72.8108602851
80.2713574347
81.0067509379
81.5318042560
83.0503915889
83.3774799154
81.7598978569
72.2113080284
77.0010601655
82.9625633284
83.9758669089
84.0131956207
84.9789398384
83.6506411591
84.7674331300
84.4815825521
85.2088288808
83.9885788122
82.4235768604
82.9779294204
83.2336399108
80.6372680290
81.2525018723
84.5441681776
81.0778117157
85.9817576711
77.9180608314
84.1471242370
81.1230826288
83.0944388736
84.4843974112
80.5896766898
84.0805281522
79.4578788704
82.8423382975
84.6410733063
82.5853804683
77.2254065568
80.5869788143
82.9293574203
77.6604320356
80.8827878160
82.4249878030
85.4979062003
82.0262218218
72.2573696263
83.4568511625
82.8048291906
84.4215161980
83.6826586220
84.4217572570
84.1770773272
78.4419727294
80.0215246837
84.5500141264
80.5525609742
84.2152634098
83.1110136990
83.8153086554
80.8562337864
77.2745902923
81.6364521510
81.7671759420
80.9085194969
83.6475769973
85.5794954093
84.6521440595
80.7607201665
83.3697815811
85.2988640091
77.9631562151
82.2890803201
84.9113579604
76.6194930100
84.7634336613
84.7237120256
82.5747222459
82.4431412858
79.3527958236
82.8785405573
81.9231663839
83.3872576084
82.0153069503
82.7793607369
83.5259764393
77.6082363478
81.8482099133
78.9129553187
81.9313410742
78.9229524078
79.9639991034
79.4436004849
82.3931958994
83.4836254255
82.8904880116
86.1084359657
83.3452558977
83.0862720265
81.9666969888
83.8968310530
81.8544190641
80.0527883313
82.3683072231
82.4600457760
84.3011220038
71.7411088352
81.6388398248
87.0352130881
85.8618552613
79.7089999711
83.9974270870
82.1926371888
81.6876878606
78.2199397985
79.7771628354
70.0693654809
84.0140057097
84.1799484876
79.0929617120
83.0171020073
78.2102083165
86.3796650069
81.0474172824
82.7355414996
83.2438975534
79.1112844561
83.4189438799
82.2178042461
84.2843110994
86.1746266065
83.0962667766
81.5009129198
77.0544068398
84.7720313587
83.2718836898
85.9195238007
85.6543961227
83.2388592106
82.4524762829
84.0131579257
81.3796486933
83.7940840199
81.1498087701
84.9575856555
78.4360798126
82.8760166521
82.9584503802
85.8077712997
82.7215005999
88.4405886793
82.0127375972
82.7242692295
83.1122645633
79.6958006538
84.8610048993
81.1631699338
81.0453429655
84.4117324000
76.7643434940
84.1347033771
84.4003014468
80.2363486042
81.5247336898
84.2877410203
81.6683019681
82.0865443821
84.4344759929
81.4981230826
85.4278492000
74.7787633541
80.7467290160
83.6818098066
85.1228159590
79.6788242843
73.8924998179
82.6527082031
80.9827026170
78.6926784887
81.9689962345
82.0478790201
82.7247825093
81.6039687394
86.8352843489
78.5969224165
81.7346047731
79.2963153298
83.2503222653
81.6690323290
82.0441222949
78.8942885547
81.6939273612
84.4683684943
82.8067058131
85.9110163541
82.9955578227
84.3524842774
79.7539567353
83.3046085927
79.0188626764
80.1347340269
84.5451061816
87.1760018914
83.2608505368
83.4283250728
79.9497720684
86.2506679058
85.4403531889
81.9216210074
82.7063017100
82.1746778543
84.7687484784
80.9071590954
80.9435014430
81.4518064213
81.9794774538
85.1552878770
81.9699748821
84.2737340214
85.1331264068
82.6577941150
82.0486924265
83.6615494843
84.6142984000
77.9426367910
83.2619463936
74.1220550882
82.5664864046
85.5407452710
83.1984151997
76.5588803919
80.6010241091
83.9113426480
81.6683451759
81.9359964670
83.8754290976
83.0203961387
77.1343365089
83.4723088635
85.7300511174
82.6370457729
81.7460543463
81.3893729649
81.1590512074
84.5746718164
76.3145270369
79.5083209501
79.1740126568
74.4643900614
83.6482520184
81.7920982506
83.5428487176
83.4953175842
82.3975465474
81.2625914671
85.8496595388
81.3213024529
85.8473668372
83.1631649620
85.7997165468
86.5450520001
84.7183480034
81.8476692804
82.6501480906
75.9880011912
82.2476145787
81.3413537407
84.0550403959
82.1989660702
85.7747650879
83.4056635512
83.6135180609
82.8204244006
79.1208761916
81.9552604123
80.5506537316
84.1435323754
82.5636606893
85.3552887601
82.7304862779
80.1317196072
83.9008117933
82.6323736076
81.8663695857
84.3177820833
81.6593187733
85.0363918381
79.4174669722
85.3204901019
72.7115525277
83.3117663928
79.5186748810
83.0642818606
81.2426176904
85.6543961227
76.4548087196
83.1352152642
83.2685834523
82.3689517158
82.7523027273
81.6771607518
81.6969081459
82.5741389265
84.2159763414
78.1979165938
82.7761664374
87.2579126372
80.6792436135
84.8542388831
82.2456380419
83.5996953848
86.4247472370
83.2987486000
85.2928412868
83.9017598962
82.6429481365
86.0683355377
83.8748899946
81.5176007985
80.5793477946
80.5077295420
85.6573500438
80.9834864757
81.5543427733
83.8997751504
84.4001328814
77.7634310916
83.2398188209
75.7625764057
80.4833624023
84.0851172438
80.5565204835
81.2804385830
73.8579470354
81.4514198982
83.3563844822
84.6985929486
82.3725102613
83.9507393574
81.6616037473
83.8507879626
81.3626695684
82.4414369058
78.8936818471
82.6579242232
84.9518793663
85.3367847172
78.9804466686
85.3322415064
85.8895908666
80.8538437749
83.8181084512
82.9143051777
84.2646762394
84.1793073311
81.1005472200
83.5250008920
82.3273746372
83.3342784089
79.5636638919
79.9538363275
86.1952594743
83.5465759593
84.8519159177
84.1371026778
84.8830031391
81.1943798776
85.4679676376
81.7465312269
84.6457113229
83.9257080436
85.1335312965
81.9108942086
82.6449227734
81.6837452881
85.9016378761
84.2610183015
79.5906889970
83.4003763264
83.6862362602
81.2617344377
83.3164296684
85.2216059856
81.3794032262
85.6623477473
84.2944255122
81.5141853643
82.4181600008
78.3246388866
85.2106512834
78.7076075110
84.1571354875
83.2642157021
81.4428870940
81.9537507515
84.2372707635
82.0785955268
84.5664889125
80.5874302399
83.3207183058
82.3300893221
83.9740434698
81.2513300740
80.9350203414
86.1169069412
82.7090515816
75.7435302665
81.8507464575
86.0934227898
76.6164080057
82.2720138253
83.5596898692
80.7659554012
85.4786803012
83.2407799380
85.2673628677
82.8051915812
83.3308148723
79.4387776609
86.0481506834
81.3073486073
84.4661344989
82.1852173620
78.8413199697
82.5740065270
81.6364803225
80.3891047723
84.0993672165
81.8387885533
80.5146907895
75.1139337392
83.0249340048
81.0193002683
82.3487566335
83.6167169759
80.7926241223
83.2312609400
83.6724272903
85.5961557515
84.7092617753
78.9198430595
84.8628561436
85.5878039510
84.3147709996
84.1732189042
81.0838455121
82.6716621834
81.5811305482
84.8633727568
84.7390296156
79.0680536793
85.1315873213
79.5977045660
80.2590548155
81.0814960041
82.0551969212
85.4906591373
79.7485978861
83.0476453138
80.9226466607
84.6664035494
84.6629354063
83.8048674977
83.0148829309
82.6652634083
81.0882762565
82.2207916948
83.6102217688
79.2604811739
84.7648822064
84.2337762765
82.2934375054
82.8011742205
84.9146685197
82.6121932313
82.6898297825
83.5011041243
89.4261935821
79.3485426223
81.9681051688
85.6749040225
84.7548595784
81.5955791946
88.0278204927
82.8072132174
80.5432066178
83.2630490696
83.7557483224
85.9784454713
82.4009132948
80.6021789953
81.1042993056
86.2079353844
84.6887462410
82.6914361992
80.0330245752
83.8810128942
85.4923339069
84.7513729776
85.5320716187
73.7264237909
72.9633596428
83.5200668127
83.2255519695
83.8364899877
81.2815709407
80.9466605554
82.9703762185
83.8086956695
82.1257839747
83.4329633437
77.1536544261
84.4518348689
82.3621561961
81.9999564109
72.6711288860
82.2349119422
82.7042991275
86.3946985768
77.2625480564
81.2146039160
84.8719033316
79.1304737112
81.6965514168
79.0390457216
84.5329260545
74.5781931738
82.4945536782
85.0146149535
82.6050969076
79.4219599758
85.2321436973
71.6205083751
82.2396411949
82.7014598148
79.1520008781
82.5386582067
81.2169637042
82.9843296981
85.7955252847
78.9352620360
85.3659101786
83.3272944425
84.5443474485
84.8968755148
78.4027715320
76.8410502300
78.2990076340
80.1822831487
83.7044867351
85.1680587650
77.8436049104
83.8249914228
82.2999414314
72.3888904320
85.6046270890
81.1070708500
81.9928927763
81.8877278038
80.6704181994
87.9284760452
86.0127267000
82.7277209407
74.8529614275
80.6963365249
83.9275000985
80.2400534334
82.1944464153
84.5170145620
81.1986648763
80.9610111167
82.4797820796
81.2523337022
84.0285431188
81.0697986294
86.1256444149
86.6574649909
80.8046078191
83.3426647716
80.7902370830
83.1639462201
82.6273595121
84.0314192088
79.5937958358
84.6265170207
78.5299493767
88.6808228442
81.7204342742
80.7559538621
82.3975738205
82.4401798907
84.8292265974
82.0396514330
85.3554142946
81.8975533229
81.3009158597
88.3269398458
78.1284521988
83.2225617606
81.8841344712
80.2314299723
84.2577744760
82.7184261420
81.4830383148
84.8422249538
85.5102435662
82.4653019884
78.6050096349
84.2074207593
81.0224297527
83.8518861195
79.4948612446
74.0309022893
83.0861090263
82.5153077634
85.4477034833
81.2214275644
85.5738172915
82.2391891644
80.7267692415
80.9343626222
84.7625737969
77.4716504008
83.6887053053
82.7951263769
71.5080480320
83.1206661933
82.4636333389
81.0441536964
82.5904019113
78.8294625476
82.1852952499
83.6848327240
82.6064933520
81.7838310590
78.7306042823
83.3236152545
84.8269985457
84.6261346147
84.7017286879
73.3974252989
80.6045965626
80.5062641025
82.4033811383
84.9142574111
78.4994658393
82.5144992758
84.7748958696
85.5683169909
76.9611464241
82.0088433127
86.8563586579
76.4909238797
83.6087340931
81.3033833043
81.7364669947
86.7813045744
83.8241946686
77.8449166585
83.1095576814
82.3054549793
85.8185581983
82.8043290429
79.4352369160
83.6052271509
82.8267991427
79.9978388501
84.2892221294
79.5976765194
79.7510792111
85.1805199588
84.6521424465
74.4549462822
83.7988879251
82.3346313773
81.1548513602
84.5382890512
83.2915908463
81.8230875398
85.3678518452
82.0500722442
75.4243372796
81.2141356113
82.4619412434
83.0334797221
85.0655664547
82.2151215761
84.6678601001
85.1064229413
82.2376814011
81.3050640493
87.6815455155
80.4715876628
81.8924212021
78.4930586572
82.3964766813
78.6690472717
81.4809190732
80.6885839126
81.0966859002
84.5263702297
84.6629354063
81.2263924451
80.3612207294
84.5532008537
81.1684689193
79.1593637623
79.8450644422
85.0062944174
81.7227552166
86.3869060325
85.7240635178
84.6220742684
81.3594028441
82.4472940079
78.3446593616
85.5432852128
80.7746330797
80.8302262454
79.2178288150
80.1755190075
80.8342758579
83.5801720921
81.7618980434
81.5967024013
83.3976042093
80.9417106038
82.6403743797
82.2076618185
69.2224597952
76.5107770922
82.6936170436
82.3949556480
74.3834963596
78.5467345777
78.5889352606
74.0816178142
84.1517554436
83.5135753982
83.2541366876
82.5927995336
79.0761594504
82.5762409589
84.1477734826
82.6557844598
80.2212125586
80.9761203710
80.7345235895
85.1716239463
82.5979767173
83.3908512701
86.6255236190
84.9956334738
79.6984692109
82.8383169103
79.0318403653
83.8411791275
81.7281018566
81.6751983619
81.2027957312
76.9369766153
85.6072184496
85.1754368071
84.6709941745
81.6138119333
85.6347651877
82.2228045498
85.1826143450
85.1384925862
84.2650446491
77.6616757388
79.4611185379
82.3021395734
82.6820545637
85.3243381392
83.2674099826
77.2382623333
78.2843559305
85.1286728652
83.6045145038
84.5030551648
83.3304320012
81.2421840359
84.3307010449
83.8678385582
84.0848476959
84.1927169990
84.5857105356
82.2362879795
84.4870834801
82.3587196592
81.3933542706
81.2948167716
83.9610822851
83.0085851835
81.2658326643
80.9165425055
82.9113023866
81.2101783608
83.3777196347
85.1094177934
85.5129560268
84.7839733531
86.0906322530
84.7805392912
83.8587675201
77.2694405890
84.0064822884
86.2960292681
76.8675359113
80.9342923739
84.8321586742
80.6784317411
81.1225809221
78.9036033879
84.5238383333
81.6414519195
83.3218634845
84.2552585820
80.6802089820
84.7123283198
85.0121661295
77.6156109356
83.9325521109
81.9126167787
76.6006814489
81.8733769373
77.3521375382
84.4659955260
82.1634256458
81.0256631256
81.2416470172
86.0416372701
84.4116980345
82.8101935923
83.3789060572
81.4835161705
80.2703727236
80.2432649583
76.8566862181
80.8597065536
80.7272260415
72.6171707420
84.7463425727
83.9978650870
84.3487085672
83.7222544482
83.0753608715
86.7870557029
86.4753796432
82.6762771127
82.1570123459
85.3971246597
78.7423355530
80.3778983336
84.6017662192
81.8653862205
81.0053350179
82.1284495196
83.6410778950
80.4440239704
83.8729773171
83.1873800227
81.2925352274
80.3077829046
86.4647746992
81.0480761313
73.6110127988
84.2877526954
80.2796504867
77.2862278993
81.7936652944
79.9388846717
82.7334825287
81.9227985906
80.1151714697
82.9548223447
80.9517573980
81.8274884392
85.6543364463
84.3542564923
86.1911253125
82.9530484199
84.3017605499
82.8934570465
81.8322306453
85.0809512982
83.8055703089
79.2904938966
76.8952060798
81.1625454243
84.7677704245
86.6809053252
84.2606340963
84.8719707303
83.0971116023
82.0609141244
84.6184404508
82.3107903553
84.6118783680
85.4618069456
84.6707186915
81.9874404638
84.4252330478
85.0190875313
79.1647074879
78.8002119087
84.4051972562
83.1656884726
83.3235151825
82.0786453274
77.9915225847
80.3657413035
79.9623964061
84.3119999074
81.6221823465
83.1746482353
85.1330425009
84.3275140003
84.4834107977
73.0364827447
84.0588245282
80.0111469492
83.3328474288
74.0299047569
82.8333314633
82.6946202875
82.5189918175
80.8592269415
84.5857671026
82.8735764975
85.6103020306
80.3580591424
83.7779383778
82.0872191303
80.1863582641
82.6181095223
82.9604668254
74.7542737263
83.5904236089
84.1467583601
79.3627508286
81.2555750097
87.3542400064
86.4008446320
83.0860905192
84.1766496156
84.7375116637
82.9083539937
83.9826852263
83.4521022907
85.0727909658
82.3230338343
83.7588716470
81.3867604717
80.9862893747
84.6831159825
78.2101238605
86.3687975949
84.0148172443
76.6908078565
80.4063543584
82.1641221282
81.5630311829
86.3387306357
83.4089879649
83.7826849373
84.8240041523
76.5311320720
73.1824059455
84.1679551488
82.1269314098
83.2318243683
81.2784910779
84.1852793046
81.8618112276
83.8552411214
81.5156022426
85.6434625588
83.4518937309
82.8275110627
84.5744820457
81.7496933718
82.0416407301
74.7265830707
78.3395272121
73.6304678976
83.2401304297
84.5672335665
74.8479770115
80.3151079630
83.6850530701
84.1435323754
84.5200615069
83.8571188618
82.7324094520
84.7458611856
83.8292594605
85.4785831102
85.1212754622
81.4376384929
85.4884510295
77.9636421746
81.8921595762
78.8914192719
80.5795256947
87.7397171110
82.0621821013
87.4329572761
78.8527751000
72.8135012393
84.4152332629
82.2727918798
78.3281338546
83.6428256746
82.1382571368
83.9947971385
83.2703257291
84.4980051175
81.2846918645
82.3515971611
88.3733480536
85.4770525205
80.7458824746
83.1452168139
85.7153532257
81.4314681489
86.6231127057
84.0693660445
81.7143439881
82.7609129696
81.1723272543
82.6036144693
80.9110411699
85.3140816314
73.9003387501
81.3129177171
82.0397647574
80.4387111964
83.5926813906
82.6159228364
83.3906469385
83.2094775804
83.3325790288
87.9013560134
74.3038287333
78.5987826549
83.0203961387
78.0022112970
80.9850782228
83.9929143406
81.4317048908
84.6152333047
82.3774291682
84.9787967175
85.7550442164
82.9267225000
84.6329828334
82.0633367862
82.8133364444
81.5728032574
85.6432825292
84.1736435920
83.0916588228
82.7223363448
83.4445025197
85.2317645331
82.8769083280
81.4851502592
79.4096444740
77.3911138948
77.5590993688
82.9625120587
82.8763413037
85.0215228314
81.6046384108
81.4528991439
84.7223235478
82.6716130697
79.4983110197
81.2407038130
85.0861698289
81.8318467995
77.0761832032
82.6758466373
81.8752688739
83.7289659985
80.6064401555
84.5145332548
85.4047102460
80.6641818929
81.5423680076
83.9602713135
86.9547578802
82.7039221121
81.0430392127
82.0371549207
84.9378933767
78.1055540285
77.4333567685
81.2360717407
83.0684721802
81.4821960454
84.6662695755
82.9390766065
83.6426015923
84.3785896218
85.8801516619
79.0543089209
84.4646768187
86.7700019034
82.3719680534
80.4162088457
82.1343840353
79.9170371881
82.6700132408
81.0547432344
84.9766988489
83.5606625890
81.1904072915
77.0628726580
82.7599741830
83.5798098473
84.9780648616
80.1217676520
75.3694653487
80.2372289494
77.4751717956
84.0111537993
82.1979949434
84.6677801179
82.2974939750
86.0333344534
83.3703348350
84.4277186556
84.5344502030
84.3913728986
87.8319915075
83.8979623625
79.0531312689
85.7494375151
78.9642480162
85.3204901019
81.2224892780
81.7926678567
83.1149107758
77.7926140695
85.7360746289
83.7098473098
85.2803959183
84.1380438840
82.5036047049
83.2438468693
75.8529308711
84.0910970611
84.7433231704
85.1315127349
84.2785596431
83.3219744372
83.5454142784
81.8373277312
80.1951106735
81.7381856944
72.3236583976
77.8019402171
78.8939301341
81.5460525704
82.5634140870
85.8605828124
80.0580657647
82.6742833119
82.8525600138
84.6384559834
85.5878025082
79.2984371003
83.2253328607
84.0167116121
83.2538806208
82.9727117085
78.1938881842
85.1645104208
81.7218323790
78.1628228641
81.5135119427
81.3730592018
86.2618053985
84.7447634262
83.6688035820
82.8512282850
84.8062734270
83.2693822239
84.7361478448
79.5034778104
80.1371191615
84.0166691559
83.0886824871
85.3226442408
86.0234649842
83.8602090149
85.1130606742
85.2277915399
84.3898642328
80.9726563430
84.5213621174
79.9524149876
79.0904580538
83.6085973294
82.7169572312
84.0689541634
84.1455942095
83.0948376259
87.4700139637
77.9107443425
83.1374028459
83.7112414589
80.2941194302
73.1562942958
81.9650423725
81.3935401439
85.3503817930
75.7908393567
82.4144389527
83.6472438667
82.4869744990
76.2588233864
85.7560992079
80.2257579705
85.0223255562
73.0810745840
81.1823298644
79.3040311789
90.1702556449
75.9237148691
77.9052494983
82.9322049317
83.7955898186
79.3571465469
81.9426035434
83.3945616905
80.9971567701
78.4624716153
82.2569144172
81.7960447585
84.8439515814
84.4118409755
86.9337282387
82.1950562448
81.9523257556
82.1442337680
84.4652801019
82.1679263435
80.0852829830
81.8632123869
72.4086330378
81.7478129942
81.0300543585
84.7095988894
84.6636732946
78.9733551957
78.8238596270
83.4848348168
85.8010683708
84.6182651978
78.5095597089
81.2041147536
80.0906096063
78.5978964091
81.5649002931
86.7612543767
82.6569789669
83.0574190953
79.9438299568
85.6074895571
71.8905690510
82.8981004677
83.4670142102
81.5452902297
85.1204272068
78.7432791527
85.0142153193
82.3220278993
83.0050038530
83.8176224104
87.3864784782
84.1356590108
80.9484336797
82.6485314297
80.5930876487
83.4028631928
82.7914075907
79.6635433967
82.3091174171
83.8485988056
84.8855116841
83.8631162823
81.6022777762
80.2022889009
81.7072058979
85.9703499451
80.5124152913
81.0483535098
85.8633846993
84.3840726681
83.5112936669
83.2062492091
79.7331678000
78.7603033122
80.4693732530
81.6384792222
82.5668166565
84.1095604671
82.4477443667
78.0847356479
85.0185719910
83.1621367554
83.1321175593
83.4235270988
79.8056821289
82.2476674106
86.9038052725
85.5033030501
80.6459331797
84.0106989130
84.1804676182
79.3130048241
80.5610563820
83.9307594515
82.1310424757
84.0178324316
85.2178484457
83.3831743502
83.5862628897
82.5134370827
80.8907100029
82.4567167350
84.6348661665
83.4979759664
83.5490328690
77.7697319845
78.4799222682
82.0726056349
80.0564167270
81.4691846762
86.7119687297
78.4972933839
82.7728687773
85.5571239060
73.8392511637
82.4635563529
87.6495866851
80.8750385196
86.6315702640
78.7418218916
81.1591135364
83.6917276278
82.8680803460
81.1549300636
83.1078333424
84.2819140772
86.1758841465
82.8735764975
84.0789053816
77.0036971504
86.4028659106
79.2253706890
79.2203860444
81.5337636483
80.6404930422
84.5421202126
68.3938326635
82.5037320254
75.6030016407
83.4314612856
83.8842403566
81.1368887442
83.2091346649
82.0518415977
76.5430719436
85.3117499924
83.8782632923
80.2846837391
79.5244164445
83.5939302025
82.1511199499
87.2125450864
86.3112085995
82.4225862056
84.4909895459
84.6130265782
80.1993230743
82.0570721216
81.7125307469
85.1429123231
81.2637921859
84.0620101899
87.0480265603
86.4485199739
82.8337284814
76.7980759623
80.0812503182
80.2119409487
83.6483975332
82.2408061637
84.2015095334
82.9826285380
84.1977249931
84.5052105412
86.0330495237
82.8629650162
82.6836377270
84.2403687944
84.9316374487
84.9918606138
82.6304147507
80.0096613466
81.4365506119
80.6096283763
82.9321951476
85.4389282701
75.9985205469
84.7754962963
81.4884933574
83.3744343949
77.7289321350
83.0314265146
83.5888669038
81.9856233627
75.0320805735
89.8864329548
74.4832308869
82.3056845373
82.6236665372
85.6726424031
80.8713253899
76.1539356302
83.4528927280
84.0756860149
88.1295614482
79.5388716873
83.6791149478
84.7326783592
81.4613193793
81.3214069144
83.0797650569
84.9204806177
78.3614482739
83.0861660239
80.5277128399
82.5044946220
78.3147467193
82.7033383502
80.7131271927
80.5431166448
78.2609435078
83.0986167404
84.8016215639
80.0522712992
81.8474044537
83.5752623906
83.0377302258
83.1290651724
85.4923168676
84.5549025446
81.8144465638
75.1934970881
82.6205898414
80.9967952759
84.1861142601
82.7330186279
83.2605652108
81.8075408006
81.9652018141
78.5781141931
74.5076805427
84.2605887415
85.9792313812
82.6867776667
80.1474766506
84.4930715371
83.6367425507
81.4615359102
83.6803201682
84.1790549864
83.6156457241
72.2838769930
79.0988971730
79.7271952793
82.3004527809
82.4193591773
80.3284902042
83.0239402437
84.2402363731
81.5619318765
83.6299409744
82.0346729439
81.0412412545
80.3760255961
82.3157589855
87.3511504982
73.2961281448
82.3790915374
82.4498676390
85.2279839816
84.0087561556
84.6741424965
78.8843528621
79.0044903815
81.9762119044
82.5485080962
78.4367034069
83.4243572808
81.9329835478
80.3411379606
82.9923765600
83.9512212043
82.7207494753
85.5711286643
84.3426269104
83.2064898880
85.7040441178
81.3603017828
81.7770659077
81.9940113201
81.5492891788
84.1257083842
79.4682262209
88.1382252635
85.2689364388
81.5707501493
86.9831168042
78.2717746514
81.7689293565
83.2932872479
81.7382553085
81.0634539795
79.7997031467
82.8684324502
81.9941475897
83.7414678318
82.4917705582
84.3467884855
86.3534060153
81.2407659401
80.3191880439
80.7646128184
83.7333571422
83.7475851941
82.9504764039
80.9634287751
79.7470401705
83.6405908762
80.6294794849
85.4930104944
82.3825816073
85.1668624898
82.5056429961
78.7632583949
81.7153369750
83.4400531477
82.5689810139
86.0443054703
75.5009346791
84.3369049919
87.2790030002
80.9070206680
75.1426816399
82.6783939427
83.5588379065
77.2738171593
77.6020413200
76.8887875734
81.9542140542
85.3320601212
81.1198745907
73.4063842817
79.3169550433
85.3609432738
83.5720601927
76.5324636646
81.6952902184
81.8426758968
79.6779616012
85.0809053774
84.5748625588
85.7036313826
84.7914613838
81.3030293868
84.0649041343
80.7973813061
84.9637689934
78.7553942171
84.6531971402
81.4323299256
77.8185022730
78.0180925255
80.4985382671
85.8244457550
81.0148490150
80.7031485242
87.0104367342
81.2106413533
79.1611646652
81.2103523516
75.2146067268
82.5355158962
82.1007952616
79.3997264930
81.9389545582
89.0485974191
80.4164829457
80.5133743889
82.0249193425
81.3700185123
85.2715429049
84.4265942037
81.1312548951
83.3454819766
85.5296169000
81.7327181862
83.2725072562
83.7994714546
80.8156347432
80.3492601004
85.4107655177
83.0552254422
77.5711775877
85.2614269031
87.4945903497
80.2404003787
82.4170857080
81.8672078398
83.3162291428
75.6145876527
84.9754786246
85.3207749012
84.4225684604
84.3665816727
80.8298420869
84.8726057694
84.3170819623
80.7376134599
81.8615546523
80.6834249472
80.5921835170
85.3875326773
80.2338908107
83.9125217316
87.8364904399
81.0068108128
82.0121114586
82.8612035780
85.8449731274
85.1795010941
77.5080152717
83.3091199108
83.1729758901
84.6716006508
84.2475046760
83.0403654692
76.4796869364
74.9431694578
82.1607260508
84.9096069660
82.4878906857
83.0973326836
85.5543834024
84.3209548624
78.0090612972
82.4271042636
81.5074021147
78.9289840086
80.4508225182
82.3342944900
83.4008033504
79.2524180104
89.5972797070
81.6175932902
69.2222336711
84.8939031930
84.0721026817
82.0326381876
83.9677183157
84.1858623454
84.9225081349
82.7754703511
82.3064120689
80.4217552839
81.3245637155
84.9556158072
72.0794042926
79.2074592989
81.3324649308
83.2371345549
84.5340884751
79.6130297344
80.8451001412
88.7381340139
84.4634560680
77.5948002093
82.0255505761
83.3209134939
86.6730092312
84.7047707928
83.2819222609
80.6462553219
84.2509752532
82.9222055295
80.6171016480
83.1661987850
85.6770725741
82.6141985392
83.8086217479
83.6576327052
84.4954976259
84.7477720715
84.4834361314
83.7272486270
82.2624773957
82.4880757068
83.6651873267
87.7154479007
74.4490242936
79.9936915120
85.8425060416
78.9973220393
79.2197447215
77.9454685931
79.4318032836
82.6506764000
81.3507734547
86.2430314388
84.6195598822
81.8936701256
85.6574627454
73.4425433200
82.3153967305
82.1973506219
82.1193553907
83.8929438984
78.8523045860
85.6491801490
87.6270801229
85.3595852902
85.2709712547
77.4742099578
81.5707057325
84.5976979224
84.9941589627
84.2479522410
81.9776864493
84.9720855983
87.5171519769
83.9296063599
79.6702000592
70.2124089575
73.9402721273
79.0319423537
82.8592495942
84.9700006066
84.0466377725
82.7314071418
83.3700669404
84.7360029693
82.1432093658
82.7864926897
81.5884044435
86.6814196227
78.6489551138
85.5008030939
85.0314912048
83.2455722000
83.0989326028
84.6370815848
83.7461620361
89.6676945277
81.6017562440
85.5489675601
81.0278079304
85.0010710143
80.4366580028
82.1978159264
83.9459590170
80.3138831184
85.4088968766
83.3409160680
76.9791979059
82.9108946983
82.5126758185
78.8707368703
83.8311160503
84.5059569424
78.4942632042
83.6490703873
83.6964109139
85.4683700928
81.7039921854
79.5753971281
76.5314571152
82.0974462424
84.4674545712
83.1458245062
83.9044023556
83.3201438575
83.4210825089
77.2534607738
83.5232189328
80.8782394841
86.5138456951
86.1421963541
80.7443628792
81.3985011074
73.4904759672
80.7472190417
83.7522166274
86.5561387067
82.7036087721
85.2927519590
83.7342630076
81.7051782104
85.1403682055
83.7499261776
83.5034776487
89.7867839207
78.8420394356
82.0898031803
84.0500735258
85.3713925246
80.6822000012
85.1531176260
81.6602341869
83.0455607841
81.0044491037
82.8997355707
84.2605390138
83.9375617729
86.4093758881
86.1022751369
77.2791554711
83.2453117151
79.0773415541
85.1122118682
81.8855118005
84.3965495891
83.5605382460
81.3710304274
82.4860330185
81.7935409022
82.9573810537
81.3280960865
83.9846564183
85.7348579471
82.0589423525
83.5337306970
81.9701914667
82.6294512767
83.1391768402
84.4475174317
85.6565222610
80.3294315452
81.8528826979
75.6030743581
85.7596900302
85.5458000821
81.4000556398
81.3425896191
84.3832505152
83.3664936066
81.5964687712
82.5210363457
80.0426798579
85.7592904876
77.7419756875
84.5492064601
79.6560710354
82.5657278055
76.5274165712
82.3426793387
83.6055979988
82.1503308274
86.2680252421
84.8087432139
82.7029103731
75.5449024427
84.2381418605
81.1092962707
83.6038036258
79.7801489085
82.8882695405
83.5461512486
82.9681251498
82.3698574677
84.3422605926
83.1999159866
83.2503222653
84.0264629438
79.3991642046
82.3198839575
82.6992832110
81.0234085245
73.1771043643
85.4870905746
84.9223737437
76.0276037568
80.5480122782
80.0005089808
81.6744196232
83.7252742010
84.4022492447
76.6675938931
80.3770863001
83.2851798031
79.4940970946
82.1822490342
84.7615058003
83.8736533845
82.6106589749
84.8466880489
82.9812299812
73.7338460232
83.3360986635
83.7637968339
79.8550881337
84.5240283349
80.7352638987
85.4477534724
84.1013414608
82.1101817118
86.7891778869
80.2922079762
73.8307775828
83.8000807275
82.7982683073
80.3742882508
78.1669205912
82.2952773205
83.5035239867
79.5350561228
79.8538998155
85.5465420616
82.7968051909
75.5118160608
80.9417586354
80.5359867713
73.8467657376
81.3587013617
83.6850530701
78.5335982429
81.9409954679
82.0229781924
83.0327184122
82.8064505030
76.0972550298
83.0732106761
82.7028229002
81.4355593925
81.0113895967
82.8433707049
83.0526028304
83.2660092038
77.1456809286
82.6047786890
80.3337499177
83.6055759866
82.9298133654
83.2291391687
85.8933347602
77.5899736181
71.8129036352
82.7435427397
80.1631564153
79.3042863200
82.8841890971
82.0742743966
86.4665707631
83.7185271961
78.3467914694
84.1954086000
84.3882215704
82.4915893105
82.2181304024
83.0260596965
80.2644827796
77.3903697744
86.6968795397
80.4858441268
82.8834965470
83.4651345019
81.8758407681
83.3080938902
81.2919228419
81.3080449945
79.8780447962
75.9738788192
84.5287141139
77.9459162792
80.5928261713
84.6394179698
76.0020283121
81.2458326133
83.7929053212
78.1575289007
79.4026516651
82.8572692271
82.0714260093
80.4669260182
83.4401760353
84.8921474632
77.0582829433
80.3211213286
86.5018184832
83.7826373661
86.9446197983
82.9756207018
80.5304400570
74.8799140346
83.4458944082
75.6641622066
85.1575121021
83.0809728330
79.0576910495
83.2800985236
82.7471220014
80.3232695225
81.5078001288
86.5059494480
79.5936212982
80.2669295619
87.3270047753
82.8947622764
85.2238989264
84.1082405231
79.2205353294
83.5251554246
73.3438129180
83.6470075646
77.9019630169
81.7922334319
84.7543880556
82.7190137047
83.3470745458
79.6196073277
85.6325294285
84.9359170947
81.1855913279
85.7596263860
86.7347298763
86.2961989547
85.7309755074
84.2868395439
81.6362956739
80.1883156140
87.4411162923
82.7225413884
70.7833453904
78.7414580743
85.5512552254
82.0737350129
83.6987200413
84.6374083746
85.3263960682
79.0068821685
79.2208102068
74.2874097081
84.4780524299
73.4220387736
84.1839647487
80.8733398807
75.9164670930
71.7788211358
83.3767530990
83.7892542347
81.1150126074
84.3963896183
82.0823980736
80.0039858478
85.1326399548
71.2219820732
82.8602274021
81.9105642161
83.6686452209
85.8956613093
78.8183645489
82.4049351362
81.5252969521
85.2519143481
83.1725732220
84.8179692323
80.3523113413
83.4532566538
82.1664611142
85.3806370100
87.3720623347
86.1584508997
83.2819288178
82.3636829700
83.8612438109
82.8186855533
80.6778158525
78.6046848238
81.9357458919
83.3757735857
80.0849311703
84.8584438484
82.9383555471
86.6961835449
83.8545712710
81.0169764113
85.6880414785
83.5576348612
81.0193002683
83.4033822863
86.9530299987
81.0201605818
83.0420002413
82.7403265077
84.9184436236
82.5192170945
84.6767118773
85.9583107511
80.8001876379
79.7213805893
82.4743158871
82.2760030385
82.2536233431
83.3549968653
82.9770004624
83.0009810888
83.4082000250
81.4821669537
82.9845042115
84.8790096562
83.9866309749
79.0451133025
85.8237965723
80.7052217984
82.9381524926
83.2615564169
86.4275948725
78.9030216255
85.1021934812
82.6882370136
80.7346593254
84.1671212758
83.6639836854
84.2098467981
80.2185737346
81.8901677520
78.7627008329
81.3626915444
84.2249933328
81.2180910813
83.2413212512
84.5300018747
86.4596719530
83.3839711155
83.3235375832
82.7168511431
72.9423278210
84.6624378233
82.9415570734
82.7569826563
81.4358085992
78.8381645947
79.1716137805
78.3185545875
82.9564178635
80.6770709023
80.5935178969
85.4351609764
83.4818913205
84.3193857315
80.1162079260
73.0877115886
80.4570134507
82.5584384685
84.6290571530
83.0403468483
84.4427375768
80.3503813532
80.3454941113
83.8968705446
83.9259864920
82.5019487078
83.1338990852
80.0013467064
88.8615255087
81.0518329564
84.2646291453
87.3905745061
85.0116744445
83.0178603169
81.9142317228
76.7428884299
81.4798573894
86.1060319913
84.4296923751
84.3979960619
77.5223128612
74.1297115515
88.1017171517
70.5131485619
84.7041411242
83.5076307462
79.6101660323
79.9465207718
82.3753822333
80.1248016122
77.0178855257
79.7722969050
80.1278705241
81.0262453660
81.2697563031
85.4072718428
84.7824211006
76.7967022572
85.6734756362
81.5946429373
79.5028762897
84.5607979910
84.2541565915
81.4742694547
83.4598204430
80.7413885243
81.9452833423
78.3570434580
82.2420425148
82.3655397152
84.9591437439
85.1565250834
79.8345409340
85.3551221648
81.8629712432
82.1671932852
73.4587086313
79.9286415200
86.2491429644
81.9837712043
83.7269406895
86.5900735768
83.2532114963
81.7742057883
84.9166474773
83.9911793739
82.4406682414
84.8409494077
81.6029954663
82.6695187142
75.2766897635
82.7281820032
84.6949803079
80.7666540497
84.4514614946
82.2704173370
79.7807563313
73.7266301941
83.7829144751
83.1060454018
80.1395779409
76.3410755818
81.8301563998
84.1492980915
76.4932484132
85.3592605855
75.9417179852
84.8469169096
73.8297356554
73.5673177873
81.6422157652
79.3448236940
85.7957231369
80.1990812129
85.3263496551
81.7851545171
82.6449907617
81.8872475449
83.9981482540
86.6707390361
81.6162971635
77.1337627512
83.3637174197
82.8489430588
84.7086584222
81.4477888824
75.6663243517
81.1424392868
85.1951752747
83.2770776189
83.1744790719
84.2529679159
83.8588717663
78.2790544051
82.7465591160
84.5925194380
81.6643002246
79.6789444731
82.8648015426
85.4705596886
81.8964313197
81.4844930910
85.8595281114
83.2470004371
70.0457837124
84.3150219962
76.5994866762
83.4246273697
81.5444484196
82.4496606828
83.8030509963
88.7935854884
84.0040660652
83.8772722493
85.0800874573
83.0857063734
86.2447686082
85.0721521631
82.9553521327
84.4396459318
84.9836556888
77.6265729230
77.5876077092
80.0498885818
76.9760476996
81.8993758728
81.0965171109
76.0959594285
84.3895807920
83.8458999004
78.6712588131
80.6819088009
81.0593466466
81.9971518594
77.1294613453
80.5326910349
84.7426971648
86.1939594015
86.0248930417
83.5854348817
78.5392079989
81.8152818536
83.2647327511
73.6089200434
80.3139941896
85.5516004843
84.3701806761
83.8031260603
76.4066743235
84.7965878750
81.9449621903
86.2929750015
82.6114610170
73.4386771064
84.0754370827
83.9295604687
83.6034471160
82.4875212356
85.9015251136
82.1188161376
82.0108382970
73.4858583038
86.0011457552
85.0862596630
82.9310181074
82.1554085822
82.3186726500
86.3198328035
80.5216596444
78.9564453800
82.9009582647
81.9797859687
82.7272554390
69.8033199645
82.9744985591
82.7775705625
82.5982745645
81.0662023629
84.3759408379
80.2010038867
82.4589215487
77.4204138950
84.8302384701
82.8346217601
83.3779122838
84.2892242237
79.9472342847
82.0088971335
81.2523854570
82.4801656018
83.1878680884
81.9061592682
84.9086792276
80.5673929154
78.4975484623
84.3142190217
78.9205969104
85.3910450801
85.9545617704
82.3073991710
78.4713785624
84.4331703306
84.7140487402
79.3634256600
82.0829778692
85.4669386533
82.1312866833
81.6026033351
78.9639835089
82.6483775800
83.4932428686
78.3656691493
89.4459139869
82.5795308263
83.5680484374
82.2786212521
79.5786949214
81.8117702099
81.2386278185
82.8012400753
84.9383566422
84.5833597222
81.0120527613
79.6493198848
87.2312781892
81.2438321501
83.5259764393
79.9791354234
79.1677067316
78.7004204042
86.3762733723
82.1811971523
80.7197153143
76.4039193900
82.7483917305
86.8781065998
82.6497957356
83.3293694754
81.0674435527
87.2343750984
83.4087557205
77.2336505013
82.8903312197
84.1209956766
81.6799420774
74.8400431110
81.8733729379
86.2038835944
82.3171640357
82.6737168191
85.9635459157
75.7912349109
81.4909893830
82.7175436729
81.6668481552
82.8818514858
83.6732048082
77.6538956331
81.3697362913
82.8040467407
83.6243968101
81.4326700504
80.8981892028
84.7801079675
81.7627443687
85.5240277785
83.5556836727
85.4744709091
82.5064784594
83.5614998421
82.0670974191
84.6520878048
82.3087061995
83.6293031286
81.4704529729
84.7502524648
84.0063426147
83.9780797981
83.2311520639
80.3518076228
84.5304928306
84.1690865055
69.3684899726
76.7571385032
80.2876911939
78.7798962605
81.5012437297
84.8686733190
82.1474421013
82.0609853981
82.8344182873
85.0630098896
72.7002786888
82.5825172629
81.5927651232
77.7493405621
79.8387217075
86.6187865638
80.9452040033
84.3074470664
83.9730643798
82.4908608188
80.3763691065
81.0493255246
84.5854492867
83.0332671916
80.1809533006
83.7865990252
84.7258630399
81.0789932221
82.8369895583
78.9174648769
83.8672655612
86.7980332101
81.9838965571
86.4711189863
83.3941693351
85.8647525316
86.0707881831
80.8867526314
83.5861063762
84.0327216653
84.7317167382
79.7035852006
79.7694947509
80.6350204025
80.0508244807
83.6564128985
80.3602710308
78.2055702942
86.1983920590
81.6198717747
81.4522780518
85.4677973655
85.4739905672
84.5646990585
83.4730570665
77.1413353085
81.7400289907
81.4729597573
82.0621821013
83.5799238809
81.5763445008
83.5223442708
80.9150062608
85.7804530541
83.2738639606
79.0567877542
80.9711233602
82.1890188928
77.0725340370
77.5921202381
85.7519812360
80.7902878493
82.1048959257
83.7858259234
83.2526438657
80.5435234840
82.2273962680
82.4565853270
82.0766429148
84.5354849971
79.6886253937
83.1585092843
82.6664772187
77.9907042112
80.7679217560
83.8007204486
83.8567984804
79.5383713608
81.8887708212
77.0214483492
84.9023502354
84.6913343460
83.8938961423
83.6914079150
84.1300529692
80.1093274089
84.5625679497
88.0655025817
79.5119133726
86.1380658496
83.8592831288
76.4325426529
81.1563608537
82.2226884116
83.6303512930
84.9140166153
84.5744919270
84.3904267780
82.0307800016
83.8213474429
85.7105137652
87.0907753136
82.3877594150
82.5662723291
82.0843323096
83.3553955078
77.5513401353
78.1624253533
81.2898976267
78.8684979658
82.4025138302
80.9285295687
83.0499720735
81.9684190196
83.9648927435
83.9791258953
85.4232592130
80.7318947347
81.6015598275
87.3847398869
82.2409491637
72.5400727095
82.5860108796
81.8720307366
79.4150591212
85.6578283687
82.5331445991
80.0407709500
81.4729894158
76.8986141659
85.4681374244
85.0104127573
83.9887493634
82.7467486220
85.3501010854
80.5790823445
83.6321565888
78.1737071637
82.7597735182
81.3272967809
77.2855013697
82.3669777332
79.5747642802
77.6129754811
83.9962604891
77.2260822237
85.4534815487
82.8649744026
82.7580318729
84.4175701443
81.7401942096
83.7292184520
84.8253681596
79.8247897745
83.0924544129
78.8923225921
76.4986368852
80.9895402514
74.0350000106
86.1089305206
83.3771519879
83.6509603221
78.7290097487
81.6796766085
76.0677309530
85.3947429341
81.1114355925
85.4789901463
84.9629934955
83.5986341420
83.5832336354
84.5968464543
81.8089867148
75.7346834191
83.5946752178
77.5430767630
79.2698027754
76.1814943941
83.5624793078
80.1360475446
85.3463726925
84.8078102758
84.6608596328
82.5346743195
82.2656363447
86.4686038208
78.8561136438
80.9617860615
86.7653819224
82.8811772841
83.5404868044
82.3363072974
78.4085061545
81.2361989660
84.1706925464
84.0015150065
83.6004177984
83.4213317046
83.3050643323
84.4269344076
78.4708815477
83.3860006021
84.4049736641
83.2993809031
84.2083595283
80.6291546407
83.4946114821
87.0014361579
83.0284466721
76.8077793303
80.8115966214
77.5873122848
81.7206680032
80.8079206656
80.2532545790
83.0935952320
77.3458595507
80.4391015761
83.8405998721
82.5219224064
82.6840860742
85.0291442090
70.6960663241
82.9887111336
85.4868931555
83.7846661619
86.2791202207
81.5783163504
85.7293908567
86.1579657915
82.9003732794
86.8699814139
83.5904236089
83.8130186427
83.8980750842
83.1924118789
85.8428928059
85.0812218071
85.2505389893
82.1735737051
80.2573542047
77.5862505063
82.6978628409
82.3135059157
83.3441794240
88.0337251474
82.3714294241
84.9322821390
83.8009969426
79.6572569792
81.4880285832
82.6857523953
84.3129035332
83.7722510280
83.7195828697
79.0032835611
83.7360062901
82.8869859459
81.7028817379
79.8939394067
82.8945559877
80.8050723601
86.3328032271
84.6741495036
84.0891638547
83.3325794391
80.1023133236
82.2100788724
80.8150370036
83.0967525852
84.9589745456
85.7709889280
85.7949855457
81.3432436999
74.6046393188
78.1316005058
84.2339857673
80.2483629454
81.0088656936
78.6526273080
82.7050029027
83.1374028459
88.4755010618
81.4873428423
84.2268194009
79.0331640586
84.0880117022
83.2698665090
78.0421984444
80.6765609318
80.7733382707
84.7989400375
83.7346936551
83.5767678162
78.8037739043
86.9521312202
78.0186131240
86.7954027776
80.3115270869
84.6122761680
80.8853360563
79.8352500250
84.0937387779
83.1731754259
73.5658282882
78.4367034069
81.0349193118
79.9688670471
82.1244529093
85.2191702662
81.0969854675
83.5103462282
82.1224165008
82.6224056683
82.8191221169
84.4708043829
83.0674909712
83.5248580880
81.1501224311
81.0208928218
83.8700460942
86.2915981175
78.3689188842
83.5770578315
84.2727972772
84.1221130657
84.0723920915
80.6749936591
83.6209278538
80.7683380592
82.3609979213
80.5931147535
77.8878755726
80.0587732625
81.0781108979
83.6137391279
82.1810668971
78.1677980778
82.3542973622
81.4291039659
83.0864941034
83.8489609882
84.8085177926
81.1337500965
82.7961954590
82.6810088539
84.0266666769
81.4253465412
81.2023614772
82.2396706814
77.3104477509
80.6288809370
85.7049625096
81.0189269887
83.3556997780
82.2534018959
81.5854846332
83.9082040830
81.0643102531
84.4002226646
83.5802815625
76.8376810258
83.4494039135
82.2888573016
74.8035217683
88.9071659106
83.4540447173
84.7597468049
82.9128336801
79.6826798995
82.3464489695
82.4919731929
79.6137541678
84.0013668867
81.6661776370
83.0008270780
81.5982955097
74.5478804337
73.7453373148
85.3826883104
80.4575867436
85.0205780255
86.3513953042
82.8397314513
81.7022673987
75.3234144701
84.1705971306
70.7190230052
83.4261714737
79.7683767212
69.9322596213
82.2578920984
81.1115671015
80.2811009426
83.5854844601
85.3834959400
80.6779855358
80.1995183733
80.3360221228
80.0420589357
84.6299308784
85.5905804288
80.5706605333
81.6311347477
82.8530534330
82.4139263982
81.2497096588
82.5210104150
81.2099611466
83.8320731153
87.3357991682
78.0120722265
85.2624124270
78.9229524078
76.2838769682
80.7182602008
83.7040962588
78.3983765303
84.1822045029
83.5278376650
83.5914027392
75.0652523530
81.4228906748
81.6237721074
80.3889594620
82.3265957926
68.8861325255
81.4875166854
76.9954904093
84.1263042525
80.7348452613
79.6665462897
85.9996440412
76.2452150592
84.0909862617
76.6247963341
81.4293276914
85.3457220777
81.5404775740
84.1311683941
78.0963678780
75.4938687266
80.5742082573
77.5409379687
84.0378032166
78.7910440613
85.4807379506
78.2343086499
80.8508095360
84.6608616741
82.8874152143
80.5138736083
81.5053844552
83.9900767747
84.7938645297
85.1629269851
83.8400232016
80.9870363808
81.3082752022
81.5325973784
82.7211066398
86.5982909630
81.3084399910
80.4674670826
86.5034486405
79.6533220005
78.2225453720
82.4600457760
81.6474413246
76.5308053619
84.7802473798
80.7965086106
79.3501234584
81.7819437144
85.0726996864
74.1052739397
78.9357922112
81.3141514921
77.8824418628
85.0759226929
80.2354711388
83.4616386989
80.7780109913
80.6320661883
75.9761097684
83.8498949497
82.6282719701
80.0948444781
83.8932009389
84.5645161092
81.8894731515
80.1072146210
81.4470489730
83.5981191228
77.1044773631
85.0919585962
86.2318686196
85.0869000588
80.6257079220
86.2812056324
85.5348175863
82.8258139333
83.2596067623
84.2851901515
81.3287321474
79.8738052844
81.9218492586
83.2140685167
82.2082599629
84.2152278579
81.9661927372
82.0537738050
85.4584621430
79.0608440123
83.9307422385
79.5856793677
86.2804642184
83.1637242185
82.4724012509
80.4922993162
83.2737492653
82.5944008002
84.7195897903
76.5885842750
81.1092517413
82.8304986963
86.5299152825
77.8631579466
83.5429738565
78.3162448332
78.0366702991
81.1788260195
79.4199980585
83.7107620904
83.9783629142
85.6293913571
81.6963541050
84.3259351017
83.1343300373
86.9367931558
83.9594697384
82.0910012655
84.2674784938
82.0897331356
79.2600460848
78.7615656322
80.3155085358
82.3722130571
83.0272284571
81.8799884752
83.9708611065
84.8305444413
83.3748305831
81.7940152286
81.3391217712
83.3106926631
85.2762757756
80.5809035760
82.6522332130
85.4920434025
79.7199187337
85.1393647975
80.9417202336
81.0572125329
81.2266537225
82.5895159628
85.6497503775
80.5607554767
77.1146824530
79.1604620297
85.7664012096
85.9483249931
82.0724266697
85.7406456779
83.9051646802
84.1027514762
84.7802488612
79.3275316120
84.3433352851
81.0209444581
83.9803989553
82.7810450724
84.9244291434
82.8606410936
85.4028360142
80.9726840911
85.1694705261
84.1170451396
79.8279672915
81.6325694230
77.9492636428
85.9874973673
83.7309561055
73.7328359978
84.9287927106
83.7687665290
85.0543991687
80.6281721626
82.2727918798
81.2818191320
84.5681402942
79.4232205083
85.9924601404
76.8421684084
79.1890284697
81.6236011660
80.7319467088
72.5893384056
83.7178908811
84.0694533583
84.2068899822
77.8017690879
83.9209395181
78.1373272267
83.1553469631
81.1531240385
80.9626152670
80.4988988503
82.2496399409
83.9355531204
83.3758961030
84.4762264877
82.4058093390
81.3312202626
81.3910452321
82.8509036381
83.9502038775
83.7051383191
82.6267999376
85.0907106539
84.5048100166
82.6034849491
85.0172753497
83.7108903262
86.1652413150
77.7683072918
81.9348992297
84.2234382299
82.1811971523
84.3474492996
83.8267178385
85.1015168268
84.0302089108
74.4999821439
81.1055586931
87.0452914784
81.8913781490
85.1635741409
82.0268882331
78.7022513086
83.6650182632
80.3402191271
83.8610542415
77.5305100625
78.8301558456
83.0644471907
85.3766499294
85.7644220840
82.3270864621
78.3050978766
84.0797258256
79.2238667546
83.6796342607
81.9389022950
82.9703580525
79.3648226611
85.8379132771
83.9919237163
85.3863172469
78.8719895401
79.0009159535
85.8821670069
84.1459373865
82.6024845860
84.8212614307
82.3684645929
88.3238948558
82.9778549027
83.3381795551
81.4117634007
81.2903103833
83.7742870674
85.5794505246
84.2746835892
83.1094180401
77.4403810616
85.9181430054
85.3253564098
82.8897228631
83.0480549493
84.6216229857
80.5948599409
81.3821503654
81.0841522175
83.0648126048
81.7232025066
82.5748198854
80.6969592223
82.9410808405
81.2174377589
83.5211214697
86.7586140434
81.3838796480
83.2338367216
81.1259981870
82.7113469304
81.6096721844
84.8099337776
82.4993583368
77.7090815992
83.7469656452
78.0005602298
82.5360463016
84.4954736155
83.5678823958
86.4259370707
83.5473090537
83.2138913483
84.4495541077
74.5845117107
86.4755314618
81.7625445671
81.8509708924
82.6616200771
86.1773742605
81.1084221842
84.6073216979
82.4717136270
82.1890846646
81.8782617135
83.0228945105
83.1430508776
83.8912722858
79.1087028567
85.0611084415
84.6384077240
80.0826758932
83.4696774547
80.0897877327
81.1275243705
79.2661519720
80.7585093096
83.4410983617
84.0440689882
80.9492351014
74.0836841855
79.2641956151
83.3924967203
83.0694444383
81.1180492660
77.0189192818
76.1194356883
81.9878166831
80.4508225182
83.1519047727
82.5197822288
83.4050820072
83.4730934135
77.2504027316
82.5564269671
82.3161031172
81.7705116233
81.7387287770
76.8058283237
74.9727819819
84.6936022377
82.8894819906
86.1791332354
83.6210790249
85.5712276418
80.6407832019
83.7082192648
84.8843923263
78.7816007725
84.9615923128
84.4786503720
79.8956069084
81.9381705830
82.2088707778
87.7029470498
78.4708190132
85.0421412523
79.9835463890
77.8073455360
81.1805507975
78.5313457257
78.0437642382
80.0380059518
81.9962497681
79.3119993062
84.8276489652
85.2703513218
80.6393877681
83.3620340865
81.2177660196
84.1890803602
83.3646480391
80.6900998655
82.7998961846
82.3257641790
81.4262786464
83.2263967162
82.7511246127
82.2515705757
81.5055920340
81.6737483379
86.8138085534
78.6044358048
82.4181596112
79.1677028552
83.8166762911
85.4308975805
79.9573093539
80.2057426191
81.4626378423
84.3936058742
86.5007278796
84.5951379169
82.1095575212
85.7493322125
83.3070462934
81.9021384495
84.2758559200
79.3194122588
82.5060555690
79.5759267259
85.0396448847
79.7508340276
86.8711217158
83.2521850966
86.0694368832
84.7092856242
82.1304064756
83.6469077181
82.6935909294
83.5903879002
77.8732171995
85.0390562832
83.9206413098
81.6244697885
81.4834584529
82.9207320991
85.4049275810
82.5430631201
78.7465206672
82.1648252089
88.8393561022
75.6543527255
86.7692978962
80.5660601504
81.8561410224
81.6539569316
85.1742588349
82.7321993249
85.2432928933
81.6669284943
84.9947907112
80.7727244094
82.5550371129
82.2170497970
82.7240094654
79.1638823992
83.5683760492
75.8826999312
83.0069842212
83.5128730483
79.7611082012
82.0736438589
83.5644220256
83.5376471261
77.7103880244
75.3795538206
77.5471930203
82.7362977715
80.0403235177
84.7854118547
78.6543470216
84.6146977453
78.4668349058
78.6033394364
78.8127747258
73.9300668473
80.2786167031
83.8103942103
77.0849073522
78.7021330333
74.5495551359
81.3778729546
80.7056426839
84.3963354692
84.3781816967
81.6772558202
87.0614216463
82.4777020336
83.9901946798
81.3945461733
81.7879688813
84.9362667241
80.3476888556
