85.2911015453
82.4840014049
84.4522746325
80.9360962918
85.1335254969
86.4475995898
85.9658977820
84.4944821965
82.1988545034
80.2331969695
82.0287599494
84.1858057041
84.6410471208
79.3688620103
82.8688730591
82.0159496761
84.0902034502
85.3987092862
78.4368362604
80.6072053869
81.0301425451
77.9717082309
82.7969183208
82.9176601628
84.4398572600
76.4705585779
79.0797661889
82.6913928169
84.5918017730
84.8822693757
83.0315466648
82.5485080962
85.1690254743
83.5318872526
85.2340751833
84.3740679679
83.9001745432
88.0974316760
79.8925968890
79.8990025048
81.0545270576
84.6935311110
83.3631815346
83.2516318892
75.3880261533
86.4878063461
77.0872633407
83.6396774072
84.0569633827
82.4466126095
81.3358252250
83.9765319883
81.6362539109
80.8854819440
85.0824962134
75.6814986071
81.2376085099
82.8654499317
77.0897528964
78.5176806315
80.7498589261
81.7987903844
79.3951519082
81.2577833829
83.1817876636
82.5291908778
83.4052222943
83.7960086759
81.1806111673
81.9716355019
77.8954891403
82.8088260145
84.5853297308
88.7611145617
77.6783446297
81.1067095856
83.7259444652
83.1688573752
85.6682964432
83.3954563167
82.7915148283
80.8399699077
84.3942356795
80.0892697697
84.1417234262
81.0986793730
83.4126058268
84.0729522206
86.3173318406
72.7915042739
83.8651600547
76.5483083046
81.9390303486
83.3676793561
76.2938101899
82.4839798656
75.7840916986
82.4034182815
81.9031383149
82.7101086088
74.7124279052
83.5668597797
82.9310550749
75.5926208869
82.5239237250
79.6603792825
78.1645604001
82.2044593199
85.0748107555
84.0754055419
83.7061300607
78.9815715094
85.4846666108
74.1831735978
77.6858239382
79.2123638409
82.9883352834
79.8130069371
76.6008317475
87.6040962291
74.7955341604
81.8186069555
80.5209561536
78.4168262314
82.6883230083
83.8253093946
85.2424278210
80.9800964275
83.3915184907
84.2564647777
79.5507978015
84.6774585714
84.7922314864
82.3215440353
76.5605621817
84.1106694486
84.0891488856
83.4742388163
82.6193556757
84.3674542376
84.2547417681
82.7331227406
81.2746080968
81.3256753304
81.8047823990
88.2881596845
71.8743634176
80.0199441432
86.5131423175
81.7377824135
82.0088649429
83.8230829711
83.0760512737
84.4301605686
82.7290232287
87.4359732759
82.4551086788
82.9753537161
78.9623303255
80.8188933779
81.5343182513
80.2610143248
82.9423216691
83.7660356394
85.6859905005
80.9055218785
83.5751218906
81.5386581511
85.4105397297
74.0367435662
80.1366339861
82.6961514759
81.6779798983
79.4384157327
81.8216040583
76.9366991762
79.5246269954
81.4365593982
77.7830114048
82.0739641576
86.8878459749
79.6864908617
85.8429386984
82.1108804101
84.9944746179
83.4799624006
83.4117286021
83.9461310606
76.5594520071
83.3178952805
86.5563108091
78.5720282150
81.4847855714
79.0652300669
78.4367697021
81.8178881926
88.3049212270
74.9948415548
84.2715081674
82.5360463016
82.7327583069
84.5575520616
86.3582351519
84.0296494173
82.3747796296
82.8410601348
83.7746188837
80.9843487053
84.3035049894
84.2781206981
77.1053060339
73.4919526450
78.2014919462
83.2370595890
85.0316402449
79.4201756455
84.2596905745
82.5796280444
84.0843203022
83.0738274130
82.8332346826
84.4587268334
82.4495563589
83.7946082003
72.1356153165
81.7606734785
82.3290357089
82.5761407266
76.8492838273
81.7892266595
83.3840835246
78.4469258787
78.5871408775
83.2258851127
80.9309730012
82.4873290684
84.3782786132
83.0035953707
80.1926934630
84.3679861999
79.6288236294
81.3555933633
81.1652619331
76.3203556454
80.1101385031
83.7329187748
84.1544266946
78.6216291914
82.8667727862
80.5515616884
81.1791101027
80.4378383587
82.4864075181
81.1887264324
82.5347145982
82.2948861062
79.8602659402
82.4148089730
79.8136932747
84.0912714026
82.5238350623
82.9574918805
80.1296976927
84.9139160644
84.1105789471
82.2609192541
82.1341981694
83.2605652108
84.4978108035
79.7991310876
80.4473856909
83.8784044899
83.7192334630
81.1426650648
82.8751188209
81.3933542706
77.9828179508
83.2272408588
87.7033220079
84.6307680043
84.8497123484
83.9998274960
81.2097604739
80.1233017722
78.3856493792
80.5477461843
83.9265883846
83.1540031625
80.0011225136
85.2921272336
82.2284208217
81.7017705917
83.6068450565
82.4954632626
84.3925317345
82.4368793758
76.9852291792
82.0696016134
81.9452833423
85.9466530535
82.4617993018
80.2494541880
82.1226686373
86.5539194822
82.2198222085
73.7484831033
84.7923514913
82.9051281359
83.3839633319
83.3231116293
80.3710282049
80.1860073621
84.6808267556
81.6082352624
79.3361980083
76.5188135446
83.8451558049
82.9421937057
82.2479529841
78.4952317890
78.7915103969
84.0672734114
81.2618812448
82.6432327921
87.7164208541
84.0501310204
89.5521463329
84.8792135136
84.6790864065
81.8699002868
83.5979625201
80.0025892356
79.9118853243
82.6825850487
84.7176957128
77.2511946745
78.5876886350
79.0577968745
86.5918424333
85.3845482497
86.6545978455
79.9886018786
82.8550095493
83.5076825495
77.9895169811
80.2494260348
82.8420479815
81.3124191236
83.7152836050
83.9490830880
82.0510128983
81.6187633097
81.8897014672
84.0872816386
85.1603363416
83.6167146487
82.1020343262
84.2655982092
82.6591035765
83.8717308475
79.6438464729
85.5822049760
84.2735184385
83.1082157837
78.3468270809
83.5946263141
82.1190858434
82.8842949348
85.7325643643
75.1755888834
79.4721392674
83.1842160848
86.4207023345
78.9162561284
78.1189002121
84.7971760330
85.8492856295
79.2349120035
86.1067382708
82.4731140299
83.8477688464
82.4168317671
82.5423504802
83.8727508270
83.3121665354
80.6534145022
82.8543228017
85.4986381124
87.4171076343
82.7249119228
84.4906214140
78.9032477032
83.2487201249
85.7264815702
84.2746978678
86.7428400782
82.5189079127
80.2187493522
84.0145149458
84.4259334929
84.0843142948
80.7246749405
79.6376409885
77.3900898669
83.2271300278
75.4834387507
84.2298719680
84.4854739713
80.1380610076
72.9665065288
77.6519115809
84.3696302014
82.9333759442
87.2847135338
77.8645358636
80.1787710716
83.8878117341
83.2854032259
81.8410829663
82.7364062958
83.5008592132
83.9892122511
82.8827377594
74.4114275989
85.0269004399
80.1028855650
82.0740102038
81.6276448820
81.9204451273
86.6138758265
80.7032558482
84.1279666216
83.6291003273
85.2137623797
75.9058390176
86.5591506380
78.6898714592
83.7014381739
82.5229868747
80.6631163558
79.6433340875
81.0557340870
81.2639615002
82.1515678467
82.9018272981
83.3026162391
85.1234730014
82.9829193379
78.6304981413
81.3597807017
80.8420461850
83.9885202040
85.4840783184
87.1945711719
85.9510341974
81.9717672241
82.6080585116
85.0858101700
81.1246960884
82.7293167877
83.3737878881
84.4480571469
82.5060269874
85.0686565014
81.7574211463
84.7062411629
80.9223694663
82.4899531836
82.7423329829
82.5427802715
77.2979463607
81.2901338074
80.4505136466
81.1062741157
85.1685767551
85.1501072467
80.8901764077
84.4916220702
79.9233510800
82.6930314807
82.6302704580
82.9100535535
81.2983808229
83.7915113683
77.8203051645
84.6740641338
82.8681926650
79.9314127723
76.7315010096
81.1431182785
83.9313689416
80.6344496609
84.6379456214
73.5156062786
82.6930066178
83.3659625451
85.1961234372
79.8528570455
86.0665354418
73.6266667017
84.0523240053
83.0098612546
82.4448074453
85.0038749161
80.3057987842
73.2324747757
84.4535750843
82.9741164075
81.0764023163
83.5417214296
80.8397535125
79.9222473095
81.5586735588
76.3097564736
81.9081703762
82.2453994523
80.3174143734
79.5831093814
84.4894721370
83.8385060789
84.7443824249
81.7991326252
83.8722025230
78.8412476802
83.2920702654
86.1604275265
84.2066149855
80.5999305539
80.3156261355
77.2039810150
83.3358693047
79.4533551486
84.3116026682
76.0044823243
83.1764926983
81.3171254890
82.9418404508
85.0835818602
85.7327979466
83.7044867351
84.8046470679
84.4700506980
77.6175954738
81.2001724299
78.9650900192
83.3065977752
86.7901470913
82.1982455346
82.1432928337
84.0740650450
83.9746046931
85.3525363215
87.3004913699
81.5809340964
84.6762245865
83.7897092841
83.1133385547
83.2053495629
80.2899098288
81.2843346562
82.8208747060
79.4576706435
81.5536105367
80.6327528078
82.9932266259
80.3545655960
84.9469401102
85.4815848167
76.7729606263
82.7218921573
80.2806847434
79.1978706503
85.0763079810
85.0791404866
75.9456877513
86.6001724791
84.3532432812
78.6061739586
81.8224809191
80.1907003831
76.4948583515
80.2408381203
82.5085078540
82.9334005019
84.6465875223
84.4630648868
84.2862925658
82.9338499170
80.3001520030
86.4549805326
82.9825130052
77.6141611933
86.3430423559
70.3329788661
84.1256258912
73.0287869178
81.2632993195
81.0355817197
75.8341190424
86.8501330281
81.5518150792
83.0715372246
84.4862047066
82.3929963746
79.9348821370
77.9509173700
80.6645303410
83.5566752738
86.4286278308
83.7669817379
81.4803868473
81.6801173651
86.8898697086
87.3208996518
85.7144045708
83.5611341677
83.2704342747
81.7767355418
83.4145421506
81.6064737878
83.7549629459
80.4224137894
82.7543755707
83.4571256638
83.4367106774
77.2222976674
85.9263921962
85.7482887449
79.1491883169
82.8896008224
85.1485710460
82.2126987245
83.6865236353
79.0579457917
81.5550661640
82.7632374077
86.3359686255
76.8713907464
84.2945244016
83.4923646033
82.6407587675
78.1531226542
83.5574001337
80.1385628321
83.4772361770
79.6627598738
83.0168098407
74.1895741248
83.2167941767
84.7398039323
85.8026731038
86.9184846820
83.9111818445
79.1715807816
80.6166879499
86.1070856496
86.4789875818
86.5197155758
82.4860225261
85.2463763607
73.4956804365
75.4013393588
81.4147377901
85.1416438966
82.4271261704
79.1730618913
74.9575006165
78.7484541717
74.3908768580
83.6509603221
81.8437621014
82.3446970365
81.0021551945
81.3345938048
81.6996918690
73.8759686818
83.6487647812
82.0075350991
81.7981168220
84.2756216214
85.5906051588
83.7138743914
79.2549371937
81.5925372321
83.0131785830
84.5919272870
84.4146398469
80.8742012613
78.0974582805
78.3550537169
82.5621395957
79.9300582266
74.0665306202
82.9195397853
81.5359922302
83.0816890917
88.8528203896
83.1250938505
84.0813347492
78.2016431070
83.7905447197
82.1405317538
82.7003986646
80.4634986747
84.2600673589
83.1964814302
82.1910589864
76.1916100423
82.2979395429
84.9015151830
82.1005687342
82.8530244579
81.5683470887
83.8320210982
84.1603770858
83.3767447405
85.3989437249
85.9808445104
81.5470327987
82.5852077806
83.9173493859
84.5670399674
82.9201449659
83.0217192645
79.0201017709
80.2929378377
86.9901029526
85.4511791382
82.1622403678
74.6987312412
80.8699389262
79.7456639863
80.0958967390
84.0837488022
82.7635540107
82.3029900116
82.5570389945
84.8146597442
83.3055999373
81.1338054590
82.7224427716
73.3617553401
83.5638060863
78.9448198614
82.0435964117
81.1457643438
80.6487304291
75.2254244585
81.0898930722
81.2383873039
83.1634776094
77.3711804632
79.7983098399
83.5833147111
84.9250605542
80.8463342054
84.9695379847
82.8486141915
82.3086529186
84.0818791752
84.1173641135
83.8114304922
75.3979462571
82.3646225426
83.9299034423
80.0878123446
84.4045609642
86.1596127530
83.7527835399
85.0172663139
83.7623015942
83.1481079414
75.6659597757
83.6602236311
81.8316045519
85.5962270867
76.2789829982
85.5489200801
82.0827660622
78.7204572984
80.7213507704
82.6471022032
75.3688795290
85.2478953704
82.6732152837
84.2027886696
82.6392082163
86.5834764707
80.5679097970
82.5576314547
82.9496268844
86.1829408170
81.7731071280
82.4223713298
86.7557021931
81.8519299667
84.2673096083
84.9837636957
82.7839771400
85.1350633134
85.0329532806
79.1627872880
84.2554458609
83.6456156015
89.1740845233
77.1856585591
83.3097361633
80.8787535274
84.2669122167
83.6235158835
85.6490364536
72.1063238861
80.6486401031
82.5162402880
85.7056821182
86.5431088656
79.2640409724
83.4346810606
80.8087849475
86.1556736683
83.4005318335
82.7430286176
84.1223402438
86.5180532258
86.2371333903
84.5688834733
76.2545940251
81.1147655357
82.4815306753
85.3012848011
81.6697169105
79.6219357413
81.3082264229
79.6782087848
84.3050291614
74.4006021126
84.7091040478
81.9852851056
84.7596715109
80.5305535360
80.1494133479
81.8880987534
81.5889776048
83.3597393757
84.7762359942
84.7648992201
81.5978750923
84.3952066679
81.4897428388
82.1279152358
84.8815107626
84.2422976581
81.4274935929
82.9816853986
74.4052745129
82.6140710072
80.1908204185
79.0354739917
85.3857682248
82.3831566250
81.9218438517
82.7697038578
84.4469683250
82.9472170255
76.0402332530
81.6967492796
83.2787788802
85.1109329446
84.7689349116
81.9811720022
80.9236088709
84.5403405831
82.9501000463
81.9828092544
83.0062797666
78.1026658884
82.6162087134
84.4257253922
82.1234618604
84.0373312166
81.0768389727
83.5224997966
83.7775187140
81.3722931558
86.8290581273
81.7507698567
84.2127748384
79.1053751834
80.7540953985
79.6188491701
84.8707494014
83.1299388612
84.3536842625
83.3117468965
83.5093359003
81.4281756995
77.8915454990
79.1626545447
81.2325385707
84.8225063252
85.1572025659
84.6087293923
83.0268541038
83.6586971900
82.3679105059
82.1349813400
83.4147500089
82.1946340950
84.7118524493
81.3587311154
82.5191752852
84.5741319564
87.0465621133
83.8843024753
81.0317829798
84.5489620985
83.2018550891
82.7947919543
75.7528304512
81.6169821312
84.7311203465
81.9993137879
81.5426723368
81.0927134918
83.2507120231
80.7648485223
83.6715038703
81.0285009285
79.9372488967
84.7564940724
79.1988416908
83.3871492422
77.6786097958
84.9724031666
83.8136939489
81.5936996136
82.7959654730
79.3749625334
80.8775577760
85.2797421379
84.9735111507
86.2169537570
77.1170190040
84.1766769777
82.0100933279
80.3033431637
83.8785232092
82.6830841310
77.1569006801
83.9400065598
84.9675667948
84.3627743274
79.7051395388
84.4787058180
83.1606010980
83.6625129753
83.6702933642
83.3474770291
77.2572582197
82.1846592362
82.8608901271
82.2478211999
82.2043253894
81.3659795047
80.8046755857
75.2073933899
85.9941150550
82.0733299641
83.9878443352
78.9092926883
80.0147471325
83.8368033805
81.1858693770
81.0243917077
80.4384707360
78.2896269801
87.3074063438
85.1802312417
85.6045770034
84.3800568184
84.4227947724
84.4481270341
84.7407006975
82.6291962115
78.7250763163
82.9822231487
84.5254163832
80.5638787418
81.2087746951
84.2441053892
84.1429873796
83.1834032277
82.4530026933
81.0741313545
87.0816563050
82.4296325697
84.0802568407
79.9530294013
74.1559990484
84.4776616860
76.6962272217
84.0306787227
84.3375991840
84.0623805451
87.1665400395
83.4746101876
82.9723419580
80.9011435902
74.9751834821
83.8212314430
82.3508000176
78.1886529522
83.7359625834
86.9941074922
76.5536983040
84.1199442776
81.9168950137
83.4286589140
81.3430096271
82.5780562508
84.2617306145
79.3998872711
86.5718710310
82.6783905497
83.2039628232
79.4823125956
82.8581247764
78.7192175626
83.6492443179
85.2134953856
85.2896015890
80.3271042468
83.1196191314
81.0000728148
84.4935182840
84.0966169980
85.2858947418
83.7632805420
80.6698784098
74.3086821935
81.0018562858
81.6003135957
85.1241588338
83.2800985236
78.1802373467
86.1805850070
84.8035248985
83.6791149478
79.7290512462
81.9561991562
80.5489967872
84.2447502899
85.2794364611
84.5773802565
85.8497531829
85.3226914783
84.6656067704
83.7358975135
88.9986689541
84.7416371957
84.4667136195
79.0855043746
82.2416197996
81.5369150939
82.8880349595
85.2917092748
86.6094233459
84.6482607571
86.0307574383
85.6126600460
80.6134647149
79.1391199266
83.5988185611
81.6248926909
80.6594382378
83.3606498670
74.5590547306
83.4799320201
80.6244434426
83.4841233350
83.7279328510
82.4197949085
83.8963080106
83.1798119979
76.2282423345
80.7717866111
80.6832573108
81.2009675713
85.3001608433
82.7312909258
83.4543156797
82.5259746160
82.5912182930
83.3372578961
83.7450575168
83.6112176383
82.0257075791
82.7003790601
86.0682367716
82.2333622364
80.8659193935
82.4263146740
84.8209860738
86.0624293272
84.0040577097
80.9000243836
83.1378681731
84.2502706055
80.8935656235
82.6129359898
81.0652835193
85.0892939791
76.6230831338
77.3060245164
79.6838699096
81.2100034561
86.6656501787
84.1145244075
81.4685888270
85.6548410433
83.1764926983
82.9544641568
83.5001098796
71.4236689174
81.0047370938
72.7100192859
83.8169103715
84.7107787180
82.3155211566
82.5375549469
84.4848309659
82.9845440022
74.8253566440
84.8958163282
83.1843822618
83.6860774200
81.3672498157
82.0359088540
83.5058154262
76.1038941427
81.8943398554
79.1245561881
79.7214031575
82.6246218945
82.8517391491
83.0955910540
80.8359556100
82.1449571507
80.0968826473
81.0567569285
82.8261617495
74.9318455422
85.4847396754
82.9134047674
84.2651231771
83.0091949249
85.5433320058
86.7135656477
82.6836108074
85.6486855611
75.2576698429
87.7765546908
82.1165006386
84.3698303650
85.9061406549
84.1555248957
83.3303282835
82.8588706333
77.9226936478
78.0165975015
81.7398537350
83.2572178090
83.5453936343
82.6351904616
81.9920064615
83.7821232972
82.2498647697
75.0654262326
81.6234626882
79.6400917281
75.4349370587
81.6155555484
83.7940840199
80.3304956073
82.5242320404
83.5892248816
76.4748464890
83.3445668257
82.6241978064
83.6422542132
82.1039280720
83.8571188618
82.0578065181
82.4114911100
82.4756673171
85.9399544826
82.4514722719
79.9758917371
85.9188502208
82.9848520374
84.0875870476
84.2825241690
85.3002633864
77.5875386481
80.2917142970
82.0619852313
80.7764743315
81.1793815194
80.3973094733
84.5647495224
81.9713564304
74.3159403604
82.9169307558
86.4622590076
82.5141956133
82.9694422404
85.1001561732
80.9719468141
72.3093021962
84.0532637343
80.4252788182
83.7990327473
82.6567301994
83.6822217855
78.1407707056
85.8151101467
80.9009724798
80.5313547646
84.8714604250
76.7450662384
79.4708945758
78.9012556784
81.5525078390
85.3206928615
77.7841451256
83.8595890827
82.9846108037
83.3679409686
78.9768409535
84.6751697725
83.4262271012
83.1841137364
83.0088003061
84.2764521501
74.5314166439
80.7100520763
79.3441529047
83.2885966985
86.7434997806
84.0365610364
74.7416039109
79.6530095858
84.3372106380
83.4159835632
83.3314599968
85.2677615418
83.0783475714
79.8078945755
79.7890824575
81.4267435960
84.4554557612
83.7056668897
81.5977266020
84.4008158730
83.5598106252
81.1222791517
85.4499058003
85.9691976078
84.6976043478
80.1321816211
74.4888673922
85.3779638537
82.7226054514
84.0780998668
83.7409571813
84.0979739022
82.0185170440
80.5443988670
81.6402022073
82.5168699349
74.7365116820
80.6124761865
83.8016381778
86.5344245839
84.7002284999
83.5854844601
82.3929004476
71.3094782446
82.9377424036
84.7628699414
85.4285895282
85.4087053475
83.8799279030
83.0982299640
75.2059055484
85.4830135154
78.3831981457
80.7306028966
84.7879930510
81.0706778331
77.4974108010
78.7534925950
81.1840029210
82.6122586670
78.5556365728
81.9527223752
82.3920518545
82.0777155967
81.4064669988
81.2596595298
79.9000321321
84.4845544016
85.8622085421
81.4734167674
82.1874595706
80.8241019388
82.9769988440
82.8448636828
80.6374931752
81.9693189118
83.2781137951
79.5195508341
80.9783756406
74.5618677835
82.4154581635
82.7901935255
77.4765370413
83.0023782161
82.8428778509
83.1488608589
85.9533114604
84.8724803083
84.6900298906
80.7870617466
79.1648417161
83.9125217316
81.6563750985
83.4472272418
83.3477968687
82.0410229343
84.6983677428
84.4469708145
84.1753947047
82.9260125077
85.5376120692
83.9134399241
78.6255914772
85.1059834239
76.9482938192
78.7847660398
86.0616915843
83.9544056709
80.6383034161
82.5451826692
81.5666914702
81.3354415738
83.4270040198
83.5324662969
81.9089987890
75.3999626032
80.9861134665
82.8976568103
87.5857513149
85.4685808213
88.3649291592
77.4549067336
82.2426894258
78.2601380047
85.1904391287
83.9732884198
82.2177825762
83.1076808690
83.9531312909
75.8592377957
80.5942455408
77.6662844989
85.4924700015
85.6661614265
85.0399743473
83.8403306413
82.9152386408
71.3845948479
81.9937511135
86.2231870474
80.9434333359
84.5358541221
73.3672670296
79.8540514487
77.2893118346
83.7598588119
82.3617782274
82.5560682141
82.0781999405
83.2673418915
82.1227862242
85.2188286508
83.9153244938
77.9066368514
84.3282224083
82.6211779848
82.0536843048
87.6175417521
71.4726981845
85.4518310182
83.2113532639
82.8221368939
80.7809489620
80.8722307143
84.5893826342
83.7650407885
85.3105103604
81.3811220896
75.7676100630
82.4496752223
83.6772193204
82.3725598267
80.9929613154
82.7411883795
84.5748735356
84.8777820004
80.6757369980
81.4558207216
83.7764789943
81.4368519955
83.0245514216
79.8394666045
82.6387981650
82.8141884181
82.4195561508
84.6929585557
80.9852465566
83.9061133460
83.7085748490
72.2495259663
82.1606354995
84.7406879075
81.0973651760
81.2777246802
83.2479360632
81.4822826006
84.4549955226
83.4406754899
88.5215966115
79.8880656621
86.5787944263
81.8114843708
84.1770329678
86.5778810247
83.8494842735
84.4091647061
81.6497283199
85.0188857489
77.9644120677
83.3184454902
80.8790414411
85.0744448378
84.0278691806
86.7185331172
84.7728138109
82.2018960672
85.7051521427
74.8303590755
81.1257059932
81.6138244326
80.6594015218
76.7515121232
81.9610304453
80.7103764411
81.9888314867
80.4104662502
82.7488069361
83.3280449382
81.3525830832
81.7190257594
86.0367801953
81.6267345087
85.0701480518
82.4794753012
84.8841213678
78.3527143848
84.2711570269
85.2770425328
85.0270994867
87.8629048216
80.8508298469
84.5236297698
85.4818484991
85.6467056365
83.7690926511
83.9612726223
81.9272677048
86.2011887528
82.3071367790
80.9098250817
79.1194702394
83.9942122263
81.8383466973
75.9131911277
82.6518691108
81.4000029586
83.6989912091
79.2170680488
81.8150603912
74.5769284976
83.1228515580
81.9084232905
72.6480122309
82.8874690131
78.0037396340
86.2451074369
85.5599115413
84.3731998038
83.5215353097
80.6056220300
84.4208944099
84.4091412619
78.5164212153
85.3965178664
85.1826325687
81.1797559355
82.5763615728
79.6228040639
83.2272474305
78.2651124598
86.3359636008
82.4693677663
86.3288290558
81.2843544785
71.2527943988
83.3352357520
82.0841880625
75.0349403750
83.6474807952
84.4739168156
89.3432533696
84.3655433062
77.4083327654
75.7510285799
83.1158472892
81.4526604843
86.2091628389
83.1470452641
77.4562316024
85.3921674264
81.1815942442
77.5524530824
80.3679949876
82.5133228431
81.2065576576
84.4425889045
83.3249913554
82.1464082886
77.0921819074
81.6111911320
83.3305509933
83.1074668693
82.9646066462
84.0588083944
83.8133777841
78.5052856501
82.6982103071
80.5034151210
84.6288975358
80.5137250196
82.6768326346
84.3144460143
81.1613240572
84.3606383428
85.3117991275
83.5895143840
82.8026549235
82.8512282850
82.2993486064
82.5275496308
75.3021744892
84.1110442730
83.7088539401
79.8508678589
83.0749745022
84.6791135530
85.9620888908
84.9863834402
81.3095973981
84.4851080784
83.4552306094
82.6459809391
82.1557140666
85.9544235228
84.6290796909
85.4793366123
82.2944660261
86.0697379920
77.8147849042
84.4370292693
81.3680198174
83.6095106939
80.2464936214
82.1708635262
82.2126593729
84.9838660546
82.6505906652
81.9672313759
85.1089070469
83.5612702073
78.4263868194
85.2532444354
80.1842995281
81.6832042542
81.4106006504
82.9067802779
77.8155627249
83.5690379836
82.1014901424
83.2936460002
78.8433509893
80.2580777518
84.8872793500
82.9271966181
79.7410391840
81.8368194083
86.9322873680
82.7675827749
84.1705183182
73.2615414814
86.0091478254
83.6690684308
79.2072019434
80.0646904982
81.7861476260
79.7490426752
78.6543848441
80.0193705560
82.1960339724
83.7145571584
84.7429589037
84.7650842630
81.7391244348
82.1736905337
83.3164346700
83.0692214940
86.2457462427
74.5080385441
80.7577320318
82.5415728690
85.1087122420
81.1342880100
86.0328128732
85.4453177711
76.9689279970
79.4506709607
79.4305504358
82.0018285930
81.8597262056
84.1003788496
81.1871334800
83.7850252398
78.3287192069
82.9596626561
81.9960355230
78.5581969708
74.8545769362
84.1748921149
82.9312683033
83.6208268604
82.8789653209
84.5531425525
84.3177671360
82.5405771378
81.6084603398
84.4790486420
84.5791259083
85.7770037414
84.0383950226
86.5110888635
78.5951227812
85.9297656616
81.1693965736
81.0352804037
78.0585469636
84.1668351352
83.8235722556
80.0167858936
83.3662393091
78.5745021379
81.3157839238
83.4158865061
85.0623382374
81.2076810205
84.9815961860
85.7832581458
82.1942618685
85.8889952157
75.6464534918
83.9132118632
82.5832424537
78.2239710612
79.9080343738
79.6854178414
79.1392891004
84.0708696956
81.5047325224
82.0391438331
82.4086998667
85.5216542974
85.7683300885
82.2022928910
81.5637786991
78.8916269006
83.6162906093
76.2141627841
85.0747085548
81.3176888607
81.1155915362
82.4076116798
79.2110182474
79.6620927474
82.2857423723
83.5112936669
83.1265072351
83.9212419433
80.0300689367
77.6413530320
82.6360685361
81.1391146519
80.9492502225
82.5133459128
82.3370685749
83.0627766251
80.9289858001
69.4389239444
86.5060116935
77.8586038665
82.0679588167
81.6843318965
80.7948166031
83.3190912207
82.5359241687
83.9377640426
83.2009621929
82.4690602929
85.8060547239
83.1505291805
80.8792322168
78.5578379262
87.4667699035
82.0830310302
85.3403502554
83.5128927176
80.3898503224
80.6961608403
82.1924529464
82.6475982060
81.7953696570
81.4847417073
81.4743586841
78.3021708182
84.5864393641
77.7899887567
81.0668013660
81.6810884315
81.0131519303
82.4202443093
85.3353917091
81.5474454641
83.2488490930
83.1255720337
82.7558994313
81.0085841052
80.9827487928
81.8834086173
83.2466195372
81.6197922801
83.1458245062
80.2464382306
82.0784961615
75.0201426735
82.8930220617
75.5534243715
85.6487073753
80.8947956180
81.2492134346
77.1171122484
83.3123672913
83.2431813786
85.2002121332
77.0005347509
82.0963339792
83.2705877947
81.0090647753
80.6836574156
73.0755786343
84.4933574463
80.3628241617
84.2361127530
83.1443975416
83.2133389653
78.1538601958
81.9615447811
80.4104728057
82.2123747034
78.0190860748
86.4664373119
91.5733421563
81.7991316058
85.2241386985
76.9704840063
82.1143089260
86.8625902836
81.4070809093
74.0784221872
82.2343106121
81.9592847006
84.0121289089
81.7799150072
76.0269634168
85.2774275015
84.3569052957
82.9491535527
77.0211297766
82.3753822333
73.7262977968
78.6750778303
79.3417380691
83.2715730921
75.6170506475
72.0497120696
77.1683720705
87.4419691529
86.2643337224
85.5017538864
81.0382501279
85.2752147135
82.9138828835
78.8934541280
84.5227386541
75.6757342606
82.3931958994
82.0697708543
82.1963576128
82.3726764779
82.7622129977
86.4160069846
84.0734242595
86.2149018449
81.1731237792
82.4668884527
75.7794854854
75.7115158720
80.0876774842
80.2713101146
84.4521949218
78.9079984774
86.4453462648
84.0539143898
82.2114571114
83.6308570104
81.0547545527
75.3645716428
81.7176440504
80.4567186977
81.9909386875
83.1201859527
83.5884265402
84.6200389256
84.2248199648
85.2050912955
82.3171542445
81.2933552388
84.5919314820
78.6532753102
85.2692336680
83.5347216126
84.4590245994
84.4314376827
85.4334412304
78.4693679376
84.3942494313
82.9245985606
75.5351737581
84.2912200757
80.2233015061
79.8849090386
77.2125512248
80.6597631271
82.6319588053
82.4179700980
85.8233933254
80.9559626444
84.0942489944
83.2503222653
70.8818107466
76.5224280262
83.2253328607
82.6181095223
83.0228234365
86.3847916831
86.1582193014
76.4894018041
78.6057746591
83.0474430378
83.0699711906
86.4219066858
87.0223255836
84.9196341085
81.1898399644
84.5176769746
85.5990031389
77.1675655573
81.7981201455
83.6684600783
86.0683942654
76.9420247941
79.7199187337
80.3360275165
81.9967558473
81.6400224227
84.0513923663
77.3387941780
84.2495162626
82.2078059797
83.4738734808
76.8597171158
84.8985046590
80.3946784534
84.5583604718
82.5726648120
82.7819573123
84.4928287490
85.1893061654
83.5168407323
84.9046626059
83.4429924491
83.6087502096
79.3945226291
83.7876129383
83.1369790069
81.8128114303
83.8084340126
83.6897692639
77.2595845758
85.7211783722
84.9071779102
84.2351243313
81.7004994986
80.5132283865
81.1543695427
84.5049790597
82.6380668777
86.7527804419
81.6374861754
83.9974270870
81.0911845338
76.4220529355
83.2885331114
86.0355721644
77.0115571471
75.0458775620
84.2416439494
81.1854525572
86.3655381374
83.2059027734
84.0301138959
83.2372495812
79.3980370511
82.3087324991
82.0943852808
83.0820758148
82.0339297165
80.3765931543
85.4593588971
86.2737089144
86.1285863327
80.7376228016
82.6246218945
86.0592238382
85.7357553058
81.8737095776
80.5804151646
84.9845786135
85.8151175020
84.4923214929
78.9854727720
83.9637280001
83.9756918101
80.5907811865
81.5221868717
83.0178903988
81.2589725704
82.6926072061
79.9520087222
81.9805216157
83.3976796404
79.0248255947
83.7899272788
77.5505263014
86.2330810322
80.1523690717
79.7852744913
82.6671578294
80.0679538360
85.6492911386
85.1344195168
85.0478300370
81.5437920952
80.4638674119
84.6516408922
86.2470243601
83.2166808072
82.3970527719
84.6709874518
83.0853560486
83.5736850208
83.3925811928
84.1011840997
86.7333102417
82.1884038197
81.7317552182
85.2691641200
77.6904612235
84.8720981929
77.7567868461
82.9867694123
83.5967305159
75.2873311132
77.6435629647
82.5477072167
82.8649282592
81.6747271803
85.3213624155
80.0599100805
83.2848191811
76.5072126250
80.8591373700
82.6268167432
86.4741156376
81.7043721224
77.2240066157
80.9542797668
81.5157670025
81.6904417676
79.2721920577
80.6552099015
84.5957808185
86.1735827528
82.3900407751
81.0861118791
82.7877061984
76.0852548426
84.2733872411
80.8099643438
85.2317645331
80.8412517572
80.6324527099
84.2311937076
82.1304863081
82.6815376993
84.0940061428
82.9829193379
85.0799179169
83.0162273581
85.2051237690
83.7439280443
82.7602503741
81.1119641195
83.1308016937
79.7086990230
80.7402500367
84.8070210388
79.8345165571
82.4927100231
82.5013598810
81.9503624843
82.3028666501
81.3776492316
86.2027393458
88.0392936021
77.4891810974
81.6524097820
82.7064524246
81.7583970492
83.4245695186
83.2183471391
82.9027380719
85.5039627621
81.4426299603
80.0645054375
83.3346804644
84.2186625588
84.4913819813
83.2050493572
88.2212585924
78.9865263038
75.9557502635
79.9264381921
82.3659288970
79.2892322089
85.0478300370
84.8066031500
75.1694003725
77.7990011981
78.9111660319
80.2184355418
80.8056556779
84.8450579903
82.6289706713
78.6004437022
82.8687493684
81.6277496031
81.1421845934
83.2836715807
85.3089801451
81.5985633281
82.7201950088
86.9713237337
84.9577361890
80.4231164694
76.1158351222
82.3080889838
79.9128861506
81.6395481416
80.0602973500
81.2624417878
81.3607961070
82.7779135163
78.2738629840
83.6972728787
81.6438051523
77.4388544422
81.1805309815
84.3261645916
83.8574283747
84.8396869401
77.9814397530
83.3290747022
81.7556061269
80.5344941718
85.2616804491
81.2670432770
80.9684895527
82.8543500170
77.9208019995
84.0411671968
86.4071477456
86.4004724067
82.5338728015
81.6877214154
83.1587157102
82.0255351462
79.3704949966
85.9774000588
81.0803336723
84.3897948227
74.9727645047
83.7847987911
77.6879204392
80.8975242769
78.8944234917
80.6858073725
80.5790091000
83.1118746314
79.9200649043
82.9412754374
81.0703455163
83.3083053664
76.5663251351
83.0167950688
79.8562105883
84.0850655815
82.4154957300
82.9825091557
85.7296694518
83.1334473716
82.7207887718
81.7440533352
78.4588303968
83.3846411140
84.3389308106
82.1825544689
83.8449706158
77.2731109349
83.0990388584
81.0723688165
82.9511452971
84.2346623450
82.5836676126
85.9307424779
81.4613146648
81.9999317038
73.5096405610
83.9496166617
82.1294256033
84.8752161223
83.9407533645
81.8001515595
84.1115925717
84.4991644031
84.7970090308
83.8191265677
80.7343427777
84.4765603288
83.1823152974
81.1599685644
69.6975308868
84.4920120626
80.2931977705
81.8086665284
83.0095131834
84.8002178157
81.2932255444
82.2958690789
80.9668779372
81.1748462992
84.3340132544
81.7037088673
85.3183828167
78.3362153740
79.6382164959
87.0590819358
80.9098250817
82.0830782213
85.1063900524
82.2434722218
83.3640677919
82.8476370175
81.8059043992
84.0861850112
74.7635402887
83.1430822607
75.9813747502
86.8451488759
82.8628446982
79.1622206442
71.8018703384
84.2800346216
84.6636732946
82.9286246275
83.5874775399
83.6648481807
77.9943280614
75.6809976235
83.7882851537
84.1162546316
83.6300939777
83.2176940501
81.9547187274
83.5601741848
78.9600103634
75.3367528593
83.3731377136
81.6272380035
78.3380520767
77.3859485389
84.7835655870
84.1234080570
82.1370481218
84.8244138672
82.3071054314
82.3235921705
78.5763235028
81.9069336941
86.3906157749
79.4731669528
80.4489677943
83.0917604010
87.0968226490
81.5226230312
84.6405141758
84.6707186915
82.7394782197
81.3983328035
86.0043921371
85.9924601404
82.4349889716
75.8489872429
83.2535964430
74.1030311392
84.4962437114
84.8385467521
81.7325701664
80.5592339081
79.8387523190
79.6557115374
85.3313319914
81.4026966988
83.8076861208
85.1495311335
82.8371016277
81.6615661753
84.6541936270
84.0196958545
84.2870708364
85.7353580720
78.8645656031
81.2746080968
84.7743346377
82.0910604865
83.8916976926
79.2151083472
82.9427629839
83.0057971700
83.7579377218
82.6274549616
75.2801176854
80.3581827220
83.0918110163
80.9281202023
85.4343741528
83.0760895264
82.0217305482
85.3958390899
81.9746856421
82.7284159022
81.5811305482
81.9738725726
83.2223252797
84.5022572202
81.9279951488
85.0010410031
80.8154647331
80.2336373758
81.6950122793
82.6904863588
82.7108293269
81.9687372326
79.7522072630
88.2502869281
75.7521981031
85.0496585804
84.8401387456
81.0921618510
81.4888616067
77.5034667948
83.6213911243
77.9670346148
83.4872383530
83.2065459438
79.6435239496
83.0318050555
82.3226889402
81.5019421064
85.0793767947
86.1409485159
78.2506390898
73.4411034820
82.7900878276
79.3975958854
80.1626296432
74.4479999216
82.7223771947
83.0521737413
83.6358872594
82.7187904776
80.4233387844
85.4628757191
82.3860785631
86.6341256905
80.2360908813
85.4202431254
82.9374303826
79.5683954898
81.7938242726
83.9331430616
84.3411420804
86.1947920986
81.2888941896
84.9395128849
82.0497765871
82.7347622337
81.3427758383
82.9200197224
84.6684935902
86.1109560902
82.6867841023
81.0360696586
82.1771104167
83.2183471391
83.3148074666
83.3263653264
81.5794511377
80.2915687243
86.5993418494
82.6956769427
84.4100739270
81.2103720724
84.5055709366
80.9384288318
78.5479864488
79.4154090191
80.9459360954
81.0120527613
84.2076541507
86.0262942556
79.2511593645
84.0700589647
79.9297600998
83.8022846892
84.5411314066
84.3555135273
85.7178794989
81.5815458840
83.0526982051
80.5347312287
81.0645705033
82.8073353636
81.2897979985
81.0503682643
82.9104605680
85.0254147112
85.0966385644
85.1575128736
84.2599240995
78.9735348084
80.4279537883
82.9030579085
82.5085634048
84.5941185330
82.4546347478
80.7555970054
81.8431030765
72.4194801463
79.1883386250
82.7279965099
81.0158309727
82.4958388132
84.9422512348
84.9597532232
86.2345709540
84.3304753666
76.1991758785
80.6962484286
84.4282400272
83.6495700105
83.9009488242
79.6669298245
82.6074544239
83.0830580201
83.3960352081
82.1878629815
81.1178286171
79.3200091877
83.5970345500
82.4364519538
81.9671551413
82.6894459663
82.8096972854
82.6789173258
84.1546981951
84.0778176183
81.7352682679
81.8242854566
79.2914688698
84.0321639766
82.1617028423
85.4662238589
84.3015812743
81.3854792786
84.8623625791
74.1914381750
81.2487558707
83.8605247394
83.7571163311
82.4275288917
83.7319868522
80.6582896987
82.2114571114
79.5368059166
79.6900091272
81.3944198295
81.9067386038
83.0410605791
79.3892486571
82.7606749884
78.7146096837
84.1580199128
84.5710629271
84.0495817947
81.0214103334
85.2566589783
76.4687277515
81.2670432770
84.5659644109
84.3095657376
74.2143998806
73.1444283702
83.7949562194
84.5959286030
84.1759198525
83.3137930058
82.2670270888
82.6080366970
83.8996354824
85.0534308571
81.6979510741
79.4819908405
80.8065186743
73.0088966207
80.7553499430
81.6051894629
85.0082965413
77.6652966478
83.4024269590
80.2007434096
83.0651009731
78.8163908235
81.1933673326
74.4328260350
83.7641306798
78.0288566095
84.2424793704
82.6019547956
83.0147442577
84.8767168656
81.2087746951
83.5514037647
83.7662882403
83.9245327445
86.8633873479
84.0083741643
76.9715574111
83.9277724053
80.6941392532
80.1906207746
81.4765448605
83.1998430619
78.9732798062
83.5261830552
83.5491847798
78.5467345777
85.9500681008
83.6575573907
80.2057985195
78.1240907030
84.9915153677
82.8836919579
84.9297286398
77.8162768199
87.5608202322
85.9862549772
80.9834548946
83.9400722950
73.5162190665
86.0646559322
78.6865195034
83.2176832599
82.8106803839
84.1893274785
79.2235757500
81.2864629056
80.0941356046
80.3136013192
85.0155355196
87.4260913058
78.1399841486
84.5231366984
81.1900668267
80.9877600720
82.4645979962
83.5435081955
86.1870240736
83.1193732654
82.8818551560
85.1618268573
75.1215117808
84.1858366924
84.6961161437
82.2167343487
81.3962971481
79.0223870351
80.2230871680
84.5630929784
79.3911629869
82.6962603986
83.8276621662
80.5957590313
75.1071592164
78.0057871529
82.0582080544
72.1449549772
82.8187028087
83.1537091725
78.8746553975
78.8365450750
78.0413179060
81.5463369299
80.8268016743
84.1343426838
83.1704456199
81.9249335902
83.4628577828
74.6489672318
83.8342199833
76.5473611053
81.6439291565
85.2538399348
81.7172073403
80.9919991641
74.4898052212
80.3977328490
84.3748328658
79.0403560796
84.8673516582
83.7454609075
84.3480446346
82.5228356855
85.0094801650
81.8507464575
85.0886680350
81.1289271192
82.1734493772
79.5315144860
83.2338860532
78.3680180288
86.7666938994
85.4154477443
77.5067185153
80.5539876703
81.0828366482
83.1573231635
83.8532541422
82.6165772448
84.5281001288
84.5906276838
82.3457947706
82.9756207018
80.3664338544
84.3725441387
79.9992162405
81.8291278974
83.0818748864
78.6316060314
80.5562062716
79.7204905637
72.7732315228
84.0773175178
81.2188505745
85.4212216749
84.1558796973
84.3383567813
81.3125123316
81.9446281372
76.6970321140
80.3417274182
79.6535283546
82.2899402387
80.3653555563
83.9135103127
83.0943123292
83.0260223454
77.9932154611
83.1096794550
80.1211011187
82.4950690678
83.8098394959
84.4837350530
82.3922751306
83.8619599587
81.1619975704
76.0674797185
80.6269601937
76.7438021626
83.9337781744
75.9892952114
84.1422407313
76.8628872574
78.6206834538
79.4983274440
82.2311891320
80.0728509212
83.8497475257
83.9311085905
84.8959121236
81.5183782645
81.4164951894
84.9500345501
82.9963587068
75.0628338186
83.3771519879
82.8114413278
81.1029499763
79.2937908838
82.9949300756
83.6196188860
79.5896080273
82.7455338858
84.5714239970
82.2530599624
83.6351508885
81.6257953554
83.6706336721
82.9405221117
82.5779537311
84.0770114654
81.6993611029
83.1426392675
85.6266934507
83.2545817615
80.3724892141
82.8585493467
82.3148107422
84.9924592129
82.3291895993
85.8436752239
75.7667882493
83.9173907257
79.4830473011
81.5758303115
80.5437763022
83.8532831151
84.4594443648
82.2423317601
85.1871169295
83.1232804993
79.8391405488
83.3440331441
82.9107544023
75.2521476005
85.3755967682
83.1064926287
82.2143373481
80.8719697388
81.6536702565
84.0724885605
82.7988880948
82.2119422193
78.8139241741
84.6511977666
87.2685245286
81.9629139159
82.4532272925
82.7589565950
81.8928956113
87.5304661292
82.1950562448
85.7842319282
79.4665297738
86.0620898589
82.6571124434
80.0334103400
83.2419269487
82.1380081479
75.9743388581
79.5700611079
86.0595592206
79.4787681901
77.9509360912
84.8026049010
83.8611442228
79.7958975754
81.3781201552
80.5706605333
83.1374114714
80.4940682190
78.5069877614
84.2670212592
73.6892553651
83.2548527567
80.8594501134
84.5970923707
78.5426080397
78.6902832902
78.8204785375
82.3305432974
85.1869744086
82.7783892692
85.1042620480
83.7522631914
80.3545123110
84.0794608661
76.9516161315
84.1118019446
81.7167291854
81.6952637311
81.2166521276
81.3492452784
84.8756180392
84.6339987207
81.3502954083
73.1255682244
82.8350387774
79.5332688364
82.6028723871
73.8900518420
82.5764010263
73.4988280882
82.9529354564
84.8803110450
81.9324653764
83.8540176298
83.5090130561
81.5131059287
82.9357786265
86.5058480908
81.9961432324
84.0773105295
80.7046740580
80.5713336419
80.8525800929
83.3630618508
83.9902329274
82.0490067977
85.4163289864
82.9143051777
81.5401011978
85.3570857867
82.4424224803
82.2119208779
83.3341500520
78.8608650462
77.7850071525
85.0737007967
83.9533518869
80.2914509872
81.8551311226
82.8005899296
75.0206741764
82.7297620243
85.0730698718
82.1588648293
81.5201709915
82.7787346565
82.3040875588
82.2940284129
84.5856287479
83.2071609260
78.9984839096
85.0890286279
81.7063600933
84.1625134281
83.3998339598
82.2542202457
82.5947323959
81.2926980864
80.2639454449
78.2512646188
79.2235757500
74.5112279031
76.4653294969
80.8265630777
79.5276669430
81.7588858942
82.6255274515
83.1504478121
80.0656931293
85.1133147247
75.4043738888
83.6199236056
82.9207464942
83.6895796341
76.5838385075
82.4183499947
80.8907913446
82.9269625533
79.9491562343
88.3430052396
83.8740416477
78.2965600992
83.6504514264
70.9858860779
84.7223235478
83.7172379050
81.6177323403
80.8659596927
80.6841032253
83.4245115148
82.7503129693
78.9025823442
84.2078424901
80.2406544306
81.4411942665
84.8179775120
84.8981354881
82.3914795247
76.4933468112
81.4558737663
86.6166770840
81.8122905031
80.6984416985
83.2665755637
76.4724412169
76.3466855491
83.5303969008
83.6836281134
82.3642587443
78.0189454360
85.3584447549
78.2380015824
81.1146702667
86.7684143962
84.5931757312
82.0347937675
81.0528178835
79.9859889383
83.3064802495
84.6938859623
84.8783311370
81.5648444093
84.0677693346
73.2183392320
81.2194670166
78.5642289738
76.1332569188
85.6349427302
80.0787450962
86.5120295098
80.4987381895
82.2805618429
81.2394823514
82.4711337007
84.4094892548
83.7037835368
83.3575985694
77.9093279976
84.5627722241
84.6897028399
83.4139010792
82.1295099753
85.4816791405
82.3263024238
73.9824021281
79.7147666705
86.3487477016
84.2526507668
81.8342486108
84.5716152564
80.7582200687
83.7792539851
82.8482944513
85.1771722270
80.2349667320
82.3231368505
79.7787612441
77.9902637706
84.5376321447
81.1064634841
78.0923059042
83.4635705357
85.4363732188
80.9043751710
81.2308973974
72.7329973659
84.7623839516
79.6675571613
81.7287642371
83.7312450998
80.9643360968
79.1893298109
80.5014685587
83.7145571584
82.7374310066
71.9727308291
81.0206376293
82.2861955099
83.9097121696
83.4388981763
82.7806557333
83.1365357180
85.1578195718
83.9358744288
84.0225119528
86.3924195993
86.2524896550
84.9503395454
86.0503100132
85.8474133301
81.6772892476
82.3693655828
82.1814582792
84.6736923099
84.0009192009
81.4035713942
81.8265416967
86.3705901615
80.7027811670
76.1111045340
82.7142951460
80.9994772322
82.2644700366
82.0735076634
84.6259416177
77.9538145161
81.4430256355
83.8566066576
85.0992878557
74.0239817670
80.1406249764
82.6934618628
82.7927340500
78.6346513176
84.5195909506
78.8294625476
79.6042316302
82.8363867215
85.7580258468
84.0053376526
84.2464061494
78.3482728258
83.5717020591
83.6133110342
86.5771326103
83.0391200127
83.8541052705
80.1362163141
77.1382029613
82.9176601628
83.5487615011
79.0901400645
85.0691578072
79.6601371888
80.0425769813
80.0606106953
81.7011985385
81.8340270772
80.8100179464
79.4813534497
82.7148309260
80.6641722140
84.5393227525
83.6800706078
83.3644833637
82.5576314547
84.5018989991
83.9156126623
82.7224591322
85.8097549227
82.7520687220
82.4365915922
82.7112866928
82.0044483344
78.1873742351
82.1226000169
83.6831739864
80.2388134884
84.7840077337
82.5250796607
82.2479787751
82.4541632185
82.5027518648
79.6050588725
79.9361814790
85.4785831102
84.3572730671
82.7624354539
80.8784801421
82.6888023449
85.4026374651
82.8089481568
78.2878803084
85.1005649843
83.0843523824
83.6936805109
82.8955256891
83.2016083071
83.4430599069
83.8310229477
85.5431520877
83.0806651115
84.8220664268
83.1830269723
83.9343469332
81.5681772274
79.9191892565
86.2446509659
81.9804660153
83.5189481589
77.8087580963
83.5209350974
77.3918107220
84.0761800028
83.9191563631
84.3733105571
84.1658809490
82.3541772064
79.4438109458
84.3375202551
80.7857102625
81.3260266860
83.7355670152
79.2534787213
85.2494547236
84.8273209442
84.1848942028
82.0172289998
84.0570580289
84.0549426973
86.3171595689
82.4320023578
83.0770835786
83.8697375901
83.4807364098
79.3110869616
81.3918385155
83.2258589520
83.7178908811
82.7399895634
82.5207291631
82.4400496923
79.7086990230
79.3288869183
80.6766532123
83.9191498014
84.5342493984
82.5656269907
82.9787879899
83.3744108609
85.3425485567
81.4281340543
83.8842394396
80.7493525023
79.7632207167
82.0950178386
81.6847727341
80.7284451966
84.5924600292
82.2260476261
84.8320244179
78.9701546392
80.5131246851
75.1511128076
82.0281411622
80.5436640555
73.4968228667
83.3994986117
84.9764807401
81.2380544251
82.9478623540
85.2695152146
82.2941173193
81.8852068608
84.2978978985
78.5770478018
81.2378496741
81.7763574526
82.9110463339
83.0521737413
84.4430591502
83.5902621302
79.7767720373
77.9089377275
79.4469731131
84.4571291116
83.1115144927
84.3670479662
82.9778549027
86.8388858265
76.9980911362
82.6657768931
82.8783320822
73.8708583083
83.4295092428
82.4218781053
83.1220285116
77.7428807140
84.4014531799
81.2765575669
84.7014974265
81.8453854257
85.3388925844
85.3667523275
84.0155302052
79.0643147587
76.0813137562
85.5073657656
83.0700514588
85.6858310171
82.4148922061
77.9671813460
80.5113967617
81.2847125408
83.4484058526
77.1284746780
84.5968434573
83.8552226069
80.3133755689
83.4825934734
82.9804744707
81.9438029017
80.6390775349
82.0432404469
85.6716633264
84.4132116433
83.4525296365
70.0679938924
85.5933566734
84.7612126675
83.9269061102
78.9273867249
84.4970166749
83.6050346239
80.9734887991
83.7656930169
83.5322909220
82.3018026751
82.8004015018
78.8900628023
83.4533171199
82.3868934938
81.3859765689
80.2678961544
75.0791728895
85.4282771540
84.6848803682
82.5539508926
84.7186587833
86.0290240986
84.0722025588
86.1960047248
81.4779559472
80.9309730012
82.3274700245
83.0354488320
80.5701799403
75.7758869776
85.2987175035
81.4561230520
82.3289427854
82.7720666115
84.1325141586
75.9800378576
83.0850389683
86.5827796621
83.2661581291
82.7097362915
76.0488594672
82.4888186024
88.1416131002
79.2450060021
82.5256307155
83.5335981007
80.4625732182
79.1277307738
83.3227902376
81.7085755074
81.2849117055
84.7200998764
82.9908912314
74.4682193265
82.3291283074
81.4312964870
81.6746611726
79.5594915893
78.2329811160
84.8913906996
84.8725427991
79.6768945700
85.4155088114
82.7156180979
69.6968688903
82.3130105615
81.6966049599
84.7465572189
83.0017423038
83.2032639576
77.5388260061
78.5560602706
84.2157407204
85.6460917799
84.4425319856
78.2160042425
84.2292530494
73.5753307349
83.7168619369
80.7417370432
78.8595272908
81.2019042221
84.3703971537
83.5888669038
83.5533791987
80.0631400411
82.5720599854
74.1163535945
78.4362097890
84.4345508140
79.1844473297
84.1005381007
80.9057753417
81.3602710297
81.1914880074
78.6540414794
81.9423723808
81.3885406255
80.3634731416
79.0482618479
85.0551635685
72.8134177380
80.8873137702
84.8200241339
80.0094245527
86.5618127116
81.8660598514
82.2994811588
83.3841349655
82.8182655500
85.6828524222
83.7259175466
80.6976856525
82.3036795708
81.9601102825
84.6610256169
80.5951525211
80.9567905881
83.9797090442
81.1504535806
82.7469419462
84.1589869093
80.9158746929
79.4466140257
76.1900095774
80.9685569744
84.7595986440
83.9858802517
73.9572189728
82.1086811457
82.6244606316
80.3653789112
82.6435465546
81.3109332396
83.6164409032
81.5670282396
83.5792202054
78.8101002879
83.8655921622
81.9866186500
85.6045770034
83.1145152311
76.0495042038
85.2721634968
82.1850843197
80.6694948294
81.7516068211
83.9215355816
73.9481301563
85.2612769987
85.0959756768
84.1145548385
83.0725991179
82.9914939138
80.2527543288
83.2538806208
84.9925855941
79.2042376111
82.1646492536
81.4682273230
83.5856966561
82.3924382131
85.6805018235
85.6911106734
79.1473744303
82.3328873096
85.9820337684
82.4711069136
81.4948437127
84.7485543919
83.3753073776
83.9596658429
82.9847311661
75.7632404146
77.6366133431
84.6131427740
79.2746005101
83.8808802228
84.0719153945
82.6071728905
79.6504667114
74.6701414911
79.6933422575
84.1347643293
85.9811214051
73.2840524972
82.0819270128
89.2624314777
80.1798292996
84.2159663234
86.9942076181
83.3501337417
84.0572877750
72.1395220980
79.6789922599
81.6258157750
84.8150560099
78.4631806859
82.3797074301
85.4185164452
86.8933461943
83.8199728880
83.7165684382
78.0274827718
84.2572063307
79.8776913022
81.2646437949
81.1998355864
80.1878449073
82.3842979925
82.7631829696
82.1085272773
81.6383741601
77.3804783050
83.6857703084
81.3372000654
85.3223773410
85.1731483473
84.9358896075
82.1121105774
80.5599719783
82.7850839065
81.9035385556
81.0040183305
82.8566111695
84.7095988894
82.3724936237
79.1427368242
76.1978743104
82.0032246624
81.8147166850
81.5699809692
80.6625497471
73.9246797853
85.8690900749
82.1863044385
85.3646861041
84.2408515289
79.9542503452
82.8297731254
79.9046595580
83.3052343514
83.7549629459
80.0675731865
83.6101408681
85.4906248532
83.9465017594
85.3812640645
82.6736732139
84.8292594692
84.8152316343
79.0991719954
79.2920417270
84.6613564555
85.0696732744
84.5968434573
85.3996103463
77.5562023575
81.9106469089
82.4148665154
80.3657154259
85.7369507864
82.8474609656
81.6262299968
78.0933157926
86.0277849896
82.9402623441
84.4052626877
80.2236019473
83.1589708094
83.6027328962
84.2448434119
85.7796617764
84.8067838140
80.4536368251
81.4946001080
84.5590297546
82.5588666569
84.1743891671
79.6926024381
83.0225266469
87.4153965709
80.5417450675
76.3034391483
81.8929813646
86.7747455384
86.3585595010
82.4630008933
80.1895652000
82.7722448458
75.4890867083
79.6500929824
80.6745272447
80.6659536415
86.9032256145
75.3319465162
82.4028022576
79.7757192842
81.9941136831
83.2128078307
84.7788112243
81.0572402956
83.5879501555
84.7687484784
77.8517074843
83.2737492653
86.1131221608
84.6523116617
82.7741832351
85.8137337435
79.6210820889
81.1123015724
84.5761229751
78.9924960190
85.2409642852
85.8270320471
83.6119465902
81.8401016170
84.9240955107
82.7407194967
87.2297203689
77.4198468261
80.5901293192
86.0624293272
82.4660960454
82.3554148017
82.3442418533
86.6168237723
84.5878161490
81.3639845005
83.6560582828
83.1546895047
81.7681634111
86.2229612312
82.3828760645
86.4126960345
83.8715869534
83.3873653472
84.8688009655
78.6448789095
83.7054526151
81.4719006809
84.5291328343
82.7585018361
76.5807465179
81.8126510273
84.6843958503
86.7373811414
81.2790817121
82.6934746578
82.9949104774
78.6175442069
78.8451202520
80.3799153565
80.8224765936
79.5305288145
82.7325027430
86.2194625141
84.0255741923
86.0685076807
76.1874683654
83.9760620934
81.4950116646
82.2795798438
80.9776834194
85.7110001722
84.3100552998
81.5739239967
82.7045561922
85.1220283743
84.6964338322
80.8872635430
83.9319607377
81.9171295343
79.9655565112
83.8902654108
83.0698977519
84.6690285231
82.0236532163
69.1257453016
82.9702960301
77.7633986664
81.5305886508
85.2266304925
84.3419209049
78.7441410229
78.6947840912
81.1184635805
80.7329081880
83.8686770297
80.8991791487
83.4575941942
81.9819021263
86.8755887546
79.0080635590
83.2207017641
83.1277428227
78.4471681901
69.8176599952
84.0719323902
82.8716212090
80.3224587475
74.0642173506
85.2252058012
82.5902462751
74.0411295590
74.5434868673
81.2773339148
84.5558649983
85.9106894774
82.1652337937
77.7231955577
81.6050603891
89.7059856672
82.3642895824
82.3078887075
83.6764012625
86.2959978740
81.1032265158
82.0805673489
79.7562490453
83.9459163658
72.4498235556
85.2687821537
84.1080618418
84.4072294499
81.4841981591
86.5109721372
84.5119049927
81.2169697709
86.6614612753
79.6994661067
82.1732127218
80.7704954471
76.8160093708
87.1620810531
80.4311593478
86.0934440612
84.9440388883
83.0550485518
75.5850929905
79.3345050609
81.9771137962
83.9373242596
82.5548565538
83.7345748120
82.2851424782
84.0316058876
76.9795615559
75.6905775310
80.9973071436
82.0300697267
74.1746271391
83.5011326477
83.2687781499
84.6973149904
82.6841239673
73.9406302370
82.0395205625
79.1703557192
78.7714827681
87.0089107896
81.6697331055
84.1462293412
82.3878102847
83.3794992342
84.8446135395
79.7150650749
74.4656960070
77.2344869664
81.7301684483
76.2622402397
76.6155333174
81.6686203923
82.7680064541
82.4496178335
74.5580567834
78.2349811928
76.2834959913
75.8763700101
82.4427758750
79.7230681905
84.9120187284
82.0159496761
80.8506886551
82.1301360460
82.9288689003
81.0621205039
85.6322469287
83.2743797619
82.0957684026
86.2780053317
79.8556741252
79.1196132710
81.7836487896
82.8591925244
85.0583441713
77.0310679970
81.9420629567
84.2503453525
84.5985851899
80.9542679779
81.8231583243
83.6807242546
82.1448550942
74.7560408342
83.9680077630
83.7847043144
78.6368138496
83.1102724608
86.1833016391
84.5565203357
78.8642368759
74.5924632916
81.5934923805
78.7966046353
81.6465322426
82.1146205428
76.6495696977
80.3573922503
81.7741727550
84.5923414429
84.0066089285
85.5710744157
81.2652387005
78.2745657625
80.4255242727
80.5669180876
82.0539842881
82.0114579007
79.0846888144
83.4576084656
79.1404580712
81.3778985929
86.1453496375
83.7122878322
82.3506346168
83.0257261391
85.8382439357
81.8635016835
82.3182135562
83.4223678884
79.3367701176
79.5710376936
84.7609301847
84.5452478725
83.7536278437
75.1145845184
81.6594745585
85.6044039387
84.5205453718
83.8383686629
83.7383337175
84.3132605961
85.2323116757
81.8749334821
84.2295612999
85.1052872445
83.4875407256
76.2201243784
79.9902013881
84.5719758741
79.9132435417
76.4653294969
84.3875006777
83.7971963035
81.2118992771
82.2575397694
81.0177647989
87.2171327539
82.5781520526
84.4811850946
82.1017112011
80.7354633943
83.7044355312
76.2288820622
78.3362153740
75.6848440371
84.6411686714
77.7494588047
86.9454854767
84.7173225874
82.2949050176
83.5305596256
84.3062229476
81.4028505859
78.8758135936
84.1920895649
81.3296830574
84.0217049736
79.2625034779
83.6663964700
77.3586827255
74.7309826511
84.1776519391
84.0515570665
81.8504653315
84.8747084611
83.0930511834
79.3480631470
84.1490425942
83.3666157460
83.2093861302
78.1127438824
84.3243522398
80.2698815268
83.2566542824
80.7022124117
85.9408533771
83.3482815621
87.1302400419
84.5565203357
84.6990558211
79.1220477369
83.7492275090
75.9168604385
73.4369374059
76.7243438818
81.6749299789
79.5572383489
82.9913177352
84.6113937828
82.6752662625
86.1591360758
82.0114645534
80.5106530196
82.5121872467
82.9509326570
80.6433277623
83.8025154828
84.4387859602
84.4196596825
75.3793405855
79.8147123406
83.5161655092
77.8410785828
85.2317012603
81.3347551742
84.5745319979
84.0112836248
84.6046795663
81.6277500958
81.5452231346
87.7633511980
78.3346775194
78.3198814961
77.6932776988
82.3622206664
84.5984840372
84.8786692221
83.0977388109
82.4339468554
84.7798201620
81.6233668897
80.8691954467
78.1529828366
84.2415051413
84.6071459980
82.8967576363
80.1970132209
81.3768448646
86.5064605818
86.8216371161
78.4077564145
79.0927791145
82.6763106978
81.7931200375
81.5488821090
85.1694732324
71.7061651796
75.6768725020
83.4594520681
81.9347516624
85.3743775425
82.0941381680
82.4184780346
76.9786350417
80.5932684569
84.0679171847
80.9088886218
81.9794490426
82.9802296327
81.6076909809
78.7414358327
84.9486517828
77.2885402687
82.3958273138
80.7960735909
83.5503721496
79.4225929172
79.7980276166
80.1067410281
77.6348549416
84.6107576603
83.9135679004
84.1556229693
86.0154743103
76.0540753183
80.0308843606
87.2614682463
83.0125763795
83.1951667450
85.8091162941
83.8849095124
82.6961824461
83.7886281884
81.1068096023
85.1590628490
83.7927989335
74.8373869840
82.9095736724
81.6890928865
84.6937445676
83.1122371233
83.7680439144
81.8132495003
74.9420863818
79.6848299226
85.0647735875
81.5266014255
83.4647760806
76.7745100808
83.9440785793
83.9239065982
80.4141639834
80.8553675891
81.4986866269
82.8754814129
85.0219517084
82.7408944811
82.7131538851
88.8577725484
83.7877623016
83.4712124762
82.1896969298
86.3190505112
82.4340024803
82.0319736427
77.0712543071
76.6948943982
80.8350569165
83.6243112688
77.9394276343
82.7853797144
85.1553505576
83.7807556388
82.7001850827
85.2371563515
76.8327510963
77.8886912316
83.5036637400
83.8148836387
85.1259626564
86.0544292355
81.3559068001
81.7591722457
83.2073442803
83.1800616901
81.5971285480
79.2367943605
83.9546483460
85.6044993159
81.0083980885
83.8235531748
85.0036494971
87.4632448932
87.3626400341
83.3070280772
82.2294660060
85.3325131010
83.0351096054
83.0467374053
82.0288010807
83.7502545377
82.5897347591
81.1690093657
78.3433959951
82.6181638099
83.2950586279
82.4295417589
78.4964441248
81.7969184156
80.4403103377
81.0200465084
80.2826244747
86.1032585946
72.8697512066
78.7066047009
83.2098990663
72.0479404323
84.1239119398
80.8819126422
76.3176820523
81.8298079920
84.3574199155
85.4320102477
81.9459383117
83.2337746946
82.8581946442
87.2783531463
83.1527015807
82.4035681537
84.5827168887
77.8218219578
83.0642807337
83.2406603644
81.5885923684
83.6515176922
82.5051378485
77.4385713592
76.5509052604
85.7713816895
85.2870487845
81.0134681600
85.7366072750
77.4465230480
84.7796622052
83.2843104612
79.0222897428
83.6510660714
84.1410942877
84.4601292573
82.8771818879
84.5593349304
75.7714172932
84.7167666199
85.1105555098
83.6197243416
83.8341239267
80.1597019401
80.3413171309
74.0222088750
77.5638944322
84.4455442711
80.1385484400
77.1053957061
77.4108354375
81.0424170842
82.1626985262
84.8131593252
83.5623456956
83.5579980112
84.7707175916
85.5405803562
84.0797156065
85.6489373614
88.0944251062
79.1042881516
80.3806177438
84.6683307649
81.7594103221
80.0398514765
81.6680591791
83.9055910434
81.7190304151
84.8356104041
81.7276190543
86.7027990901
81.7398537350
74.2394933562
82.8716723147
86.1432822549
81.8391845781
77.1440498076
83.2406603644
80.1777180497
82.2967593637
80.8916731987
82.5054489466
82.1433598744
84.3322612965
81.3526251653
80.7188406003
84.8463291245
80.6722834136
82.9066931385
80.4411950604
71.5535045709
83.4201191564
84.8185180587
84.2893759483
84.1508498946
85.0270041134
81.2914774027
78.5259862422
79.5969200981
82.6337281841
82.0928840827
81.9389626480
82.0217116163
82.0255428551
84.2862714587
84.2393716905
83.5450066993
85.0647372443
82.5846562431
79.8341629960
85.8397655057
81.4994193452
83.7070585554
80.0256351385
84.8198853669
83.8032517268
85.6349257644
81.8263928048
83.4730691184
78.5787800123
79.8247897745
82.0657810271
85.6017187469
85.8277173643
81.8942446301
83.2637757099
72.3682401454
81.0761851841
85.0049487841
79.1364525235
78.9689964106
84.0531075835
80.2263555045
85.6351986702
81.6280584355
81.7869901599
82.0031464247
85.8629908012
82.2718371132
83.0600808347
87.7197255460
82.8012072811
83.9731767960
79.6349763161
85.8585064080
79.2508446471
79.6012960534
80.5683644088
81.9103153548
74.4377696500
82.3355496181
81.2859909325
81.4640772439
78.2038339422
82.6935909294
88.9725815818
84.7881608396
76.2068080625
88.0081665901
84.2088341647
79.4408332145
79.1805686113
81.8499664744
86.0614702967
81.2630344089
73.6862331696
76.1632808543
83.3937762932
83.8786646699
80.8860065311
78.0927857050
84.5597670116
82.7997039051
85.4291261997
85.2139295150
80.0005567208
80.8222313283
85.3931735120
82.9469600137
77.5545091020
82.0598887399
71.7388058086
85.2224541412
78.8225773435
83.0323800576
82.1161750312
82.2027975949
80.1409681130
84.1251862467
78.1119963733
80.9801514245
84.7214494493
82.3074311111
83.1695003643
75.3086442016
80.6531507935
83.1158704989
82.0719276127
78.6068093806
84.9249695306
82.3500648747
80.8737820309
78.3351628390
82.6715800101
82.5697399962
82.6987463377
83.0559538199
79.0812632548
83.8632127624
79.0648644911
84.2481640142
84.4937141323
83.6068233259
80.8648847214
82.6438638460
83.7212421366
80.6847586960
81.9964542420
83.8352352934
80.6179276632
78.5039660301
83.6675097697
81.2448740563
75.8871723304
82.4860330185
85.9935231470
81.7982812605
82.2379544150
78.9551663780
81.4703688097
86.0128790454
82.1561386862
84.0362260363
82.2535119701
82.0486924265
83.8019202870
84.1150044621
86.4180359291
84.8870221344
83.6291003273
83.7526898700
84.0263862118
80.6496753849
83.0236646871
84.0097402322
84.2812637286
77.0650172281
81.9034504481
83.8372903001
84.6934239544
76.6797590556
80.1655541895
84.7578266181
82.9889808977
84.2381921984
82.8560102126
82.4939995232
85.1328794437
83.1585092843
85.2699018387
85.6154791505
83.4965820905
82.6265416448
83.5624694624
85.4040510187
83.7999962978
76.8652842502
76.6992287573
80.3829871597
81.2566671582
71.0685353942
84.0147821563
86.9387957154
82.7295840128
86.2071559543
81.9421208648
83.7954663612
84.9577361890
83.9360050154
85.6405524775
86.4636464702
80.7465745871
78.0988665738
86.7607028369
86.4752219926
80.0424619929
80.7153212132
84.3113726453
82.9443046967
84.4985753948
82.7450304086
84.9852717428
82.7417006234
83.6757841940
81.7257844716
83.6794541527
82.9298086244
82.4107581498
83.8780712225
79.3263929758
84.0143450784
81.6820576139
81.3410173417
83.2174567381
83.4650944803
83.3791027104
84.7925344785
82.9360073007
74.4379321311
82.8955205350
85.8089969589
81.1853522066
82.8721790156
81.0254622287
84.6432533413
81.4648213994
83.7662681464
81.7748609734
84.0643904982
83.7513283028
76.5381432615
83.3693975959
82.8885530132
82.6632339175
83.3184654000
81.1174646148
82.2702043120
79.7887052199
83.7385372581
79.8620107732
83.9469270393
83.8235722556
82.0531688649
84.2645434095
82.5884373851
83.4414124251
81.8152818536
81.2517326641
82.9671306922
79.5235045941
74.2186120643
83.6145402961
79.0343207275
82.9221487784
86.1978409284
77.1413353085
79.7125048746
80.4461899481
83.3615389577
82.7594374885
83.2294509649
80.6039117537
82.8381286307
84.7250576718
83.3699498897
84.3451593478
82.8473071732
83.5776314841
83.7541857235
87.6604224539
78.0472630519
84.5151785215
76.4492668688
81.1990466578
83.8279812216
85.5516257948
83.4439264947
85.1953517913
82.6231350775
84.3650516762
81.3284152676
78.5864146202
80.0157850080
83.4093777917
82.1842603411
79.1007744653
80.2393280700
74.0441114654
81.6658326402
84.3213882383
82.9727152037
83.6048656041
80.1283750759
81.6227726105
84.1107795027
84.3580768007
82.2381667892
77.9552058506
83.0795092986
84.1898821413
80.7987477147
82.9997396012
84.3667999310
76.4028341712
82.7572051017
83.5222733072
81.3315916775
83.9739536997
83.8830827981
84.7660174656
85.9948412299
85.6545878013
81.8175216750
82.5576553320
81.8601595321
82.0604205887
83.3507814551
82.8897597439
78.7846870346
80.6139463149
86.1726337384
83.4862919513
76.5310475659
84.6336778013
81.9391431392
82.5980375879
82.5997948474
79.5375927713
81.6732332313
86.7802251177
80.3696058783
79.9187850948
82.2718036759
81.9807422733
83.6237524322
89.6667519242
84.4290460796
83.6536745753
85.2143617233
82.0140070940
83.6972003824
83.8149940544
85.1258388950
82.8312577149
78.8919888184
82.0120916905
83.9901812446
81.3556294762
82.7401633381
84.5080953529
84.9621745834
77.8424933670
82.3331201985
78.3933453951
82.1302260474
84.4869543705
79.4406396551
81.4330419325
84.6399837817
81.9461553911
82.7080225862
82.0485374557
84.6481826034
82.6939653985
85.5213643125
83.3609067692
76.8978855565
81.4465879830
78.4204688185
81.5263339837
81.7572961951
81.9522758266
84.0587004812
86.3424789416
81.7384436226
87.9187703203
83.4480764369
83.7067627395
84.4380130492
78.2821697731
78.1596420521
83.8047985157
80.9099992824
84.1728832058
88.7961646097
75.5041965122
83.0773975861
83.1660609858
82.8854471365
84.0177144347
84.1650609712
81.8990579571
85.3346666541
84.0102866961
83.6806014344
79.5497746323
79.4137681991
79.1227305073
80.8933321589
83.6284604658
82.3441162631
83.6303091380
80.0490394316
83.1317457751
85.2034536074
82.8917868615
83.7262361643
85.4372341086
83.8787610346
85.6408483845
84.0775264681
83.9535343464
77.7699288598
82.4613080988
78.7073359928
83.3760182970
78.2850627297
77.3677260616
82.0133676084
82.3224154754
85.9778175528
79.0880299543
81.1263059263
81.7688532901
83.7464188024
90.0278613943
83.2768022955
78.9819027372
84.6426310431
80.8779487525
84.3763394423
85.3264424648
84.2120472819
84.6222153013
80.0958380259
83.3430663247
83.0335028281
85.7273527704
79.1080548878
84.7184684430
84.8742107796
82.2380526690
82.8358948769
83.6875941111
80.1484477221
85.7106901979
85.2187693509
80.8664574079
83.6828331246
84.6755740534
79.3097862158
81.2227109775
82.2352579697
87.1359447043
82.2960788496
80.8496275458
75.3377599004
80.2472640440
84.5439032504
82.3064120689
83.2900600283
83.0931983666
82.8673930862
82.8105704624
85.6738591644
84.2316044455
84.3444473610
81.8911042285
82.0675105137
80.8740878947
81.6457790363
83.0784798018
84.9234982753
82.8013567299
83.3822177685
75.9054166694
80.9584532214
78.2152641464
84.0626201674
85.2909954451
85.8755493370
84.4895267218
85.3902660645
83.1911845469
71.7726498964
81.5299584220
82.3774132129
85.3185372138
80.6895661252
84.0921944704
82.4694690228
80.8866800276
84.3322441430
83.2440205133
82.7856775103
73.4958649186
79.9196382224
84.4748451898
83.3444337089
78.5219434858
80.5932684569
81.9491833936
84.0384743260
81.3289140384
84.5456422906
76.4147341379
83.8725906398
82.4608839572
82.1781284436
80.7968875848
83.1145152311
74.9442161511
80.4985785840
82.7036087721
82.5304945993
77.3416627867
87.4959836467
80.1998640821
83.3563537104
81.9758994458
81.1886241062
75.7278845861
84.7689349116
82.2602833279
83.4484587804
74.1310331128
82.1602021111
83.5812929570
84.0988352283
86.1157639415
81.1816343815
83.5273670718
77.9379900298
79.2968711440
82.6213125752
85.9253020739
83.1294904367
74.5608230600
83.9269606538
84.0426832054
81.1996733995
82.9559703914
83.2883404556
83.2630861198
82.6065975974
85.7042931656
84.2145005745
81.4929473548
80.9343205244
84.8118331197
79.2427487111
79.0520283017
81.9201429858
81.2787007281
78.0774211534
86.4200686206
82.2859933939
81.1315080221
82.0364182006
83.8658925058
83.8417187036
85.6544319794
85.0458439367
84.3986675374
84.6236871802
84.0732822703
84.7109930443
85.6815683014
85.5654763352
79.8989088159
83.9874907125
82.2478994636
83.2717282131
74.8855143585
83.2899440694
84.3168873082
74.2269386458
77.0920711818
79.5023737149
84.4914935952
81.5370147316
83.3887353800
86.9149914765
76.3073740690
81.8510288084
77.8226080871
83.0853560486
78.5058643335
80.6175143430
82.3176391449
71.9105682208
85.1207721650
82.9312293775
83.6210280352
74.9799508961
81.3811370457
78.6934958518
75.9200819979
82.6189963687
83.5605419303
86.1138938076
84.5857671026
83.4689070756
84.6097748978
80.0243380106
80.0884774248
78.9636193980
82.9709216991
82.2720050109
85.7254917690
79.9892684722
84.9520550387
82.1602021111
82.2269774883
87.2182898498
83.0296118659
86.2479699563
80.2967787641
86.5723051975
75.6455612908
83.5436072257
89.1652547613
80.7010232834
82.3898435746
75.0889859094
82.1642075291
81.3217852835
76.8830556513
76.9204278762
85.4126173256
83.8122473281
82.9581822760
82.0749047081
79.6877482026
84.5016917419
80.5278222666
84.0295533232
75.7714172932
83.5143080591
79.8154432160
85.2330728126
83.3957469142
84.0074825956
86.0278635376
83.1836739952
78.9618232276
83.2406603644
75.7544999758
85.7947048955
83.1970617326
84.9672342695
77.2435286230
85.6353535535
82.1501026920
74.8598225468
80.0665027974
76.6337379341
81.4101188159
83.7379272292
85.0225258815
83.9402016851
79.6373981547
80.3801483832
83.0853136526
81.9547663327
76.1059332787
78.7109026418
82.3601095027
81.3279611170
81.6783429418
79.1817006536
81.4991873393
81.7661908756
82.9611601376
77.1550918895
87.1992726962
84.3683255558
82.7949616526
78.8161544161
82.1582439728
80.8655688024
88.4193222944
79.6879392456
83.7899272788
79.2737982422
84.8076234228
84.8885238749
84.4870834801
82.6319122711
80.4542493992
85.0042580166
80.0730231082
76.2888230761
87.7506994846
85.4151417554
77.2564833449
76.8919373667
80.4368868981
83.4398574871
82.0830782213
83.8573467986
75.9107994241
80.9750992389
82.3181018506
80.4542425905
81.9711604500
84.8224980913
80.6404451366
80.5191694610
82.9518375223
83.0976062383
86.0952623238
82.4897427747
81.5579823136
87.0916082417
77.7523981365
79.4824840954
80.0102850108
84.6503621655
84.4737212614
81.4521763907
78.7588156511
83.3966301958
86.4369270989
80.9898786148
81.6990524577
75.1808222320
81.8076305561
84.4065907995
84.9817049312
84.6151813305
84.1127193738
83.6336157509
78.8318379175
73.8527978712
80.1469618849
75.9224776785
82.8486220459
84.1641000045
80.9840896102
82.5766221068
84.7063130729
82.1664167461
78.2629998716
76.4248799542
85.5682091300
82.4804874697
76.9158809211
82.8440215444
83.3752802564
85.8994870337
83.3867579491
80.8521961313
82.4820606095
82.9281523106
83.3583269287
80.1218631494
82.6768036225
85.3804801017
79.8009054258
82.1132227908
82.2469237513
81.5442383952
77.2762478185
83.7785849404
83.4995245298
82.7620863386
78.9400266479
84.4418595721
84.4233989410
84.5654746502
81.9316734694
81.4936892455
81.2697378949
84.7381179838
78.7461820108
82.0499641408
83.0980992607
81.4672885693
83.3901107311
82.4338558125
81.2800720658
85.6461756967
84.3859305268
80.6880262948
83.4297677265
86.0807927421
78.8233664132
80.8231687129
83.2710031347
77.0672177743
85.2461876075
88.4187104784
76.3844609547
81.2194861517
81.6519563583
85.7920186676
81.8032222024
81.1537340158
83.8550590157
85.2232983698
83.1485077677
80.2063821258
82.4838009424
80.7780242690
88.8150613828
72.5741533784
84.1042156560
84.8391464869
84.2612017422
87.3743391578
84.3352692009
84.7986110336
85.7546855313
82.3238616269
73.2453203759
82.0545605318
81.7747436742
80.9450841860
83.2123707700
80.3119209560
73.3120753702
80.9989002657
83.4969185620
78.1616439702
84.4420259607
81.7067189860
83.3598194799
80.7589229801
82.8767435351
84.8183809255
84.5458066998
84.7326783592
86.0551303192
81.1548883169
81.0687156303
84.3499780440
78.1664556258
86.2721036958
85.2133332446
85.1362527305
73.3647236184
84.3250287450
83.2586087179
82.7168159162
84.4964390847
85.0858470002
77.8979855894
79.4634762807
83.3273894560
82.4546347478
79.5479778329
81.9229445759
80.2298157293
79.8579606055
83.5268436956
82.1832057715
83.8470900493
83.2108418950
82.5127031087
81.8152190270
83.7192301195
81.0008448221
79.6647925017
81.0061633157
78.9225532432
83.8389546622
84.1127485476
83.6072140976
76.9555984065
77.0825875933
84.4045213096
83.0460186454
82.8305914272
75.7437515272
85.0082080204
79.5480754751
83.0942477456
78.3788551910
78.3315003892
78.8894497574
79.3664724142
81.9578390671
74.5760398202
80.9041811642
78.6261981879
82.1071089229
82.2447404655
81.5467184059
82.8928441802
86.3315272013
81.7062631366
74.1282819422
80.3753163038
80.7944903622
82.9631099350
85.8285404959
83.1656255876
82.0860258296
75.9066843505
84.4985629545
83.6485069555
77.7126335602
85.0984752295
82.8340250909
81.4024836886
83.8141691627
85.1243232993
82.5080105724
80.1026230974
80.8489032997
81.5644629864
80.4156055977
84.4745154287
84.8001448394
82.2828659343
84.5755703056
82.4784280891
80.1134995289
83.6333576077
78.0467577626
81.1299059875
83.7175782654
78.9664710283
85.6928143706
83.9551734213
84.5975202777
85.2474714145
78.8641339222
78.0811828773
83.5024912572
81.6897778275
81.4433524407
83.2925381186
85.5599503549
86.3077365730
83.5453119772
82.4755038710
79.0972569681
84.2338530729
84.5860712222
81.8054293006
84.4045952994
85.9909406138
85.4902806674
79.2262118820
80.9358083693
81.8834086173
82.0861923869
85.1591298823
82.6930564398
80.9802344237
80.8045829272
82.6548226893
84.1852793046
80.9117980124
84.1396086402
81.6670430644
79.3100162641
84.2934963812
83.1724901235
82.3153967305
86.4299535610
80.4526752545
79.1436127386
84.0989012650
83.1303663051
80.7135378143
82.3142267730
79.4232655051
82.9591931875
84.2843449612
76.8714904856
80.4387676528
83.4765030973
81.4337244939
84.2990512188
85.2767117971
88.4579297457
82.4446898219
84.6302786322
81.0761851841
79.5317903645
82.2032584348
83.8841803310
84.5845510152
79.7869441792
83.5175965937
84.2201638020
79.5518158359
77.0480912216
83.1387279442
81.5182604000
81.7738663557
84.1195381767
83.6620347387
83.5244104759
70.4091190768
73.5088094243
83.0584963321
84.1789434867
82.7463025342
86.5358474725
84.2603983416
80.3702442869
75.6594067429
80.3481966694
84.3961262081
80.5885572274
84.6499776331
87.6350444727
84.4686864945
84.8165937313
85.6071332133
80.5440684715
81.9012218254
84.3920158397
79.2977212129
82.1015577899
84.9928844147
81.0339328183
84.1652341045
85.4785636511
80.8177176450
79.2322642176
83.6879332707
83.4047448362
83.1805441823
81.5590662696
82.9233656165
86.2564561600
83.5578615509
77.4298089351
79.1890284697
82.0585102859
82.9707311804
86.0487276404
83.0662666652
82.8711204535
82.3688346537
77.8585196547
75.3235740016
79.6075345422
85.4649709572
87.8326528442
84.2890709113
78.3689094313
83.1439886544
79.5504183899
79.6435571770
78.3400160489
80.4495852922
73.7807770918
81.6990040401
82.9073072603
80.3763691065
71.2853181544
83.5187871720
81.5470765350
79.5695807699
83.7219142332
82.0569746505
84.4741190513
81.1447256386
82.8512282850
85.0707779427
83.0538713230
85.6129753522
84.0420107136
84.4244752194
87.6912412658
81.7023082893
81.3268504164
80.2754243641
82.2315491705
83.5088557012
82.1352655992
86.5418662256
79.8769451001
80.4529874185
79.7099202962
81.7029689688
83.5933460152
83.9637278589
87.1922786370
80.1124667574
84.2546442247
81.6716740707
87.3580529291
82.4910603518
81.4842471436
80.6046926783
81.1361989513
83.2407224506
79.5140615362
83.7048995539
79.8960632714
80.1592386530
81.7993030035
82.7286974115
81.1611307169
80.6095081497
81.7391244348
76.2695478922
83.3125410699
81.0404200231
83.1228971849
83.3565466767
80.5513949404
84.2041301870
82.6825756187
84.1901801617
83.4348453257
83.8332645139
84.5333404235
84.9203469449
85.0584834897
82.6514266396
82.6332903571
83.9933611898
80.8444228964
80.9257691538
75.4818627954
81.5409701521
81.9497595365
73.6969661072
82.3103634946
80.2506376349
85.1613440330
79.2933007222
82.9837405390
84.1791250713
81.9877729428
84.5985336039
82.4992454137
80.0421009588
85.5629925510
80.7113635513
85.0415260987
79.2240918269
82.0454388987
86.1426867655
82.5940275202
80.3750848495
74.6893894023
83.7693133697
82.6956769427
77.7417852583
85.8875806027
74.6516270553
80.4760906554
84.8543634190
84.1146787899
76.7288205386
84.7302635794
78.4311434376
82.1112045026
82.1357155112
82.7404425396
82.3970527719
84.7334148252
83.3612537054
84.1910420853
83.1549341307
81.4154880578
79.7704708515
81.1462169652
79.0784929145
83.7670818265
78.4431071113
83.7093186574
81.3753381995
84.2203944018
80.1553214177
82.3638920496
79.1883350961
74.4374454254
85.6129383964
85.2393932833
78.9925702360
83.0899972901
81.7414541342
84.0307680025
77.6731530354
82.6001821965
83.8422131072
86.7322776001
78.8518891727
71.0707993299
75.4999838367
79.3956870416
77.5050400953
85.6553164294
83.7044611717
80.9567797811
80.7679291997
80.3789637071
85.4372073546
81.1868479098
82.3938295680
84.7728778800
82.3805611346
85.2810837418
84.5916288246
75.8623702621
82.0518699993
78.3364800728
82.2905839374
82.2615132912
82.8099483913
82.9925126013
80.7449784439
80.5290028813
82.8592495942
83.9317405141
83.0095413081
81.8202933014
75.5364895599
86.7998166766
84.3124001617
80.6958653897
81.5627189242
85.1383247408
84.4478575079
83.3723399447
74.8482921161
82.2114391722
77.4693451321
83.0227776108
82.2122081246
81.6428515330
82.7402797497
86.1667861653
82.0230356481
81.6673967748
78.8515594229
82.0108115410
81.3421390295
83.5244850345
85.6238544941
75.0927355918
84.7795321512
83.2605747531
81.8004928703
85.3723439761
81.5634463100
81.2301865194
77.0971539222
83.3909203879
80.6430018362
83.5854844601
77.5074989602
81.7700182837
81.2584173548
81.3702561260
83.9709459965
76.9495641872
82.8541952052
85.3118482451
78.4288015769
81.2936778019
80.5202047395
82.0930663763
83.3370897867
79.8763717138
81.6460194599
77.0478141374
82.0793604768
73.9361992973
85.0703849714
81.3588558146
84.8113543025
84.5101339653
77.1077634452
84.9396868325
82.9938332905
78.6409436708
84.1186979012
80.1201514952
85.1871881520
74.2122895563
76.8796525276
85.7258168626
85.2452742231
85.9242026987
83.9739341889
83.5287122465
86.6913831494
85.1256348289
81.8309780064
84.7542636209
85.7317655054
84.7935825603
80.8765883892
83.7611438889
77.9459694906
80.8132467474
83.2126324064
85.2112516856
81.6555213406
82.4808520722
82.0197864847
81.3394912543
82.8745530863
79.0560806930
82.3211149712
84.4296665956
80.2410908430
82.9805196603
83.5515867215
83.9387361113
82.5749580911
82.7205152828
83.5974074066
82.7426640989
76.3754933550
74.0731286077
78.0617149320
82.9269550588
84.4140223694
78.4502828931
85.2415682291
85.0083755211
85.5485012693
79.6619673148
81.6782637644
81.7336877135
83.4788110305
82.7964071318
84.5975506184
79.5814758880
79.5333628962
84.5777766508
82.4499702804
84.8174299004
85.6323837025
86.0062052700
87.7059476368
82.8876685670
81.8333063889
85.1241898464
83.9056412296
78.0601897838
84.6874520555
88.0080092043
77.8322418291
79.9137998558
82.7553892613
86.9934673556
78.5276241814
83.3606211991
86.5444453341
85.5181853489
81.4771057566
85.5320421459
80.1206090348
76.8443053444
82.3021703578
83.8356915002
85.4907276324
78.9606696611
83.2624899956
86.5554470723
84.5134632325
84.9926622413
79.0723613002
82.8425642263
83.2128958450
85.9230831229
84.2869716802
78.7519265396
83.1881052847
74.6424013054
80.3909870224
82.8705152614
81.5940331132
88.0218686293
84.0066027381
79.7745278752
78.4929265315
81.9360889666
82.3831505696
82.7650661458
76.9974045816
85.4014446792
82.6882915267
84.6648488817
75.5216453792
82.5836480518
83.0008258871
81.6061860882
83.8424053526
77.5509968857
78.6906347486
84.6663058763
82.1491981059
80.9474747228
86.7219382138
83.1158007101
77.4183373895
81.8751582825
76.8073602909
81.5093979122
79.9443893447
83.6571520366
85.2413210418
78.8535087672
88.2916539324
83.6624335005
84.4782787491
84.6236232864
83.9882910118
83.9795300552
81.8430860316
82.4120593864
82.8573375851
79.6715536284
79.0222957845
84.4061059230
80.0405796467
71.7337286599
85.0582949105
77.5212144590
79.0510316450
84.0145149458
83.5431007063
80.9159252961
84.5121877461
76.1836707372
85.8757537727
83.4042141088
84.6919783424
79.9686768725
82.2237340819
85.8622491699
79.9377746335
82.4292321174
82.4058927254
70.3753894412
83.2471670913
85.8624038723
80.7036596345
75.2475922860
79.5045384464
78.2110054503
79.3455179005
84.4606400809
80.3341260308
73.6713274507
76.7220891889
81.1070708500
82.9069551130
81.0211377449
82.4915893105
85.2134659138
82.4163964541
85.5878090498
85.1026369412
81.5968942161
79.0330246830
80.1938765511
82.4903043319
82.7231010871
86.3902561868
79.3422962823
82.7193534235
79.7099043687
81.7302079651
80.2383013457
78.2877344680
84.9961729633
82.1167280962
81.2210738701
78.6387623050
79.8116162450
80.8057179949
83.7734125588
82.7690401362
80.5206576221
82.2167343487
85.9746816669
81.4248319186
81.3081444205
80.8797051212
84.1612710442
83.5652550794
70.7842989188
86.0602482080
77.1895164430
73.5724900401
81.5543376467
83.1365348199
82.6992279383
81.3150590779
80.1103057613
83.2596128925
81.9424664093
81.8849920807
82.8276432357
78.2669854660
86.6431418316
83.1136263943
85.1578962736
73.3275437794
84.4976032595
79.3035169134
85.6690973164
81.8936622262
85.0047898929
84.1546118000
76.8370278427
76.8606692389
85.7610142741
82.9822775779
82.3694532812
83.0837509561
81.1671270222
81.4677283549
84.0620454193
81.4871160855
73.1085716321
86.0586380633
82.2567550447
82.5398945402
82.3796993967
83.0822785151
83.8089589055
82.0319226794
86.4289374098
81.1133009841
81.9222863879
82.2982379912
85.0425025712
86.2582476310
85.4879430166
81.4236405383
84.4276374341
84.4098641494
85.0609527752
85.2206708553
84.9403836335
82.3593778231
83.0338542658
84.5570730673
74.3800913169
86.4466130448
78.2221853990
83.2223638925
82.0880261085
82.8887606778
84.3343226754
80.3160702363
81.4174419961
81.7060847859
77.1246493970
78.1938881842
81.3989849916
87.0440021377
82.6453847370
83.7195631228
82.2035536712
80.7166470170
83.7013472831
80.7513449875
76.7965688108
79.8227397825
81.5696288125
78.9400853301
84.1801995137
79.5109211951
79.9644278381
83.4841026531
83.5094446610
76.5032609966
80.5637739970
84.8265916038
84.1205435041
83.2220687836
82.9388519376
74.2227772350
85.7695297035
74.9465665056
83.4457494989
82.7292126340
82.2216500248
84.1210699675
81.2526190453
85.7319965266
82.7877934557
82.8337284814
77.4694927020
83.7185797058
80.5960187896
82.9042387977
86.1473386977
84.3877913025
82.0114545665
84.4759055943
83.7370514375
83.9937673427
84.0363652459
81.0710366612
83.0663736990
82.8773726589
81.7454720355
81.0721137169
82.1381894967
79.6019373187
81.9959889977
83.4837659871
78.7842445356
85.6430937420
87.6172322549
79.5857724516
82.7273007510
83.2870565173
78.7249789592
84.1297324812
84.8968429047
79.4165106240
82.9247921493
77.3413598519
84.5175749381
83.4183537517
85.2819551000
85.3456639926
86.6870574873
82.1959493060
81.1740518592
77.3626320936
74.2061731639
81.1991025646
70.4127549653
83.8173923075
85.7404003370
80.5499114508
81.9433170194
82.4039496686
84.6372389397
85.0227885694
84.4508001525
83.1759181689
82.2336168144
78.0529728665
82.9899558957
83.2987100151
84.1365252467
78.4083078199
83.2622496002
79.8750851863
82.5069637969
84.9502625782
86.8414323077
80.1691443656
83.4969937000
83.0159905273
82.2526047632
82.8522261729
81.3385667723
84.2177385448
79.5021209882
75.3714799090
81.2197944661
79.9310158579
82.3758951947
81.9688115259
83.9716990276
83.9242089855
85.9403263574
74.3042144106
81.3185585980
80.1855870069
85.1962216726
83.9738442845
83.3757735857
83.0193366999
83.0918533069
85.5465991309
77.5226787665
80.4341441885
78.3520680262
80.7275436762
84.6967789592
85.7206086723
85.9989794262
80.7553499430
81.7950335215
82.1527744815
78.8621656251
82.7105353531
82.1031584110
85.7629395350
83.9170435533
83.6715038703
81.7160108140
85.1823267478
86.0627883217
81.4256801251
83.5909789664
80.2031467720
85.4029021022
84.5473505221
80.5312209281
80.8701516112
74.7330373021
82.4324564500
84.5723363137
82.9031703867
75.7449213948
82.9465834913
83.3898408517
83.6002356739
82.9592595855
85.2490311758
83.0199336086
82.8716056971
80.3192765053
83.3046805487
83.6713220116
85.7182278245
76.9477796660
82.4741165475
80.1641594898
84.7206204430
83.3223430580
83.3734101281
83.3272944425
79.2910259446
84.6519206233
85.0849323674
81.8234609921
83.9227362573
84.1108230609
80.0978806724
73.5809763905
82.6909268834
82.6029472423
78.0883256368
83.2721425233
84.9784381258
85.1620265326
79.1164829882
79.6626008173
84.2913270636
82.0756288712
80.5576052852
77.7901490743
82.7348678472
81.4412176193
82.2008255619
83.9242342377
82.4991538222
82.2668415321
80.8944470577
74.3545125825
80.6434542180
85.0555418207
85.0700420220
84.3116026682
77.2814431872
84.3857382923
79.9177718253
85.7738764091
84.0947569596
82.4562376745
86.1867507784
83.3781953042
82.5776621577
78.7491031536
84.9975483904
83.4593559542
84.8511120080
78.7589165815
79.5673138256
78.0754975790
79.4493141418
80.9133191788
81.8506169705
78.9119555521
84.1429870101
83.8121101604
83.6979471549
82.2714165158
74.4712516675
78.5702783440
76.2303393064
80.9742597237
85.6521250087
83.4692940887
85.4847214190
84.1892292338
82.9190054630
83.6990939711
79.0414311935
84.3435578595
79.2021552942
85.6183262515
82.9717744031
83.2912424651
82.4525723258
86.3723909686
83.4984507079
82.8079552624
81.5718042251
81.2827496462
84.8333733879
86.2553549395
82.8940734548
84.9533883440
81.9645502365
83.2441437542
83.6790118128
82.0294628420
79.2521996646
82.5038607386
84.4246699275
83.4643569293
81.2921267215
81.3559718091
79.0032835611
82.6857036987
78.6164510738
80.6216732446
82.5730227288
78.8590759868
72.1279798473
82.8360675218
84.0081764721
78.7705603191
84.5098514007
82.3213026761
81.6692368592
80.8120147882
86.7742964763
81.8131729046
86.3498063122
75.6989504369
83.3213023273
86.7809921893
74.2290371704
77.8151526017
82.3219971496
80.9475907283
78.0644578917
83.7298673415
82.8743280214
79.6826798995
81.7073585280
80.7687989025
76.1228572400
82.0586385552
82.2232449279
76.1623727195
77.2451529654
85.7717431979
81.7437274480
78.9689125042
84.8141500171
81.3957145225
84.3292924337
81.6410894894
85.3303026209
82.2527260925
84.6036954643
85.9927350259
82.5313000396
74.8656729951
79.6564648590
86.0592238382
83.5202906856
76.7490976261
83.1514683199
81.6324835635
82.1995773121
79.9899468242
78.2880860555
84.7697308578
79.2878548557
79.4586970493
84.2627794730
81.1986129207
84.9765275790
84.8670057207
83.8391702600
82.3710377551
78.9375528890
83.0199428246
74.8766410436
84.3952637138
83.4067276819
82.3386787999
84.2306057409
80.9912286337
83.0443607150
77.0917403471
81.1479472351
83.7192434334
83.4075200370
84.8326059694
83.6043343697
84.3717984149
84.0521094235
85.2885898667
81.0913464337
82.0672044454
85.9274893693
78.5306608112
84.4372353261
83.8645167295
82.1151688983
82.8692369630
81.7965495396
80.6000909106
86.2029310639
83.3503579677
80.3218209525
80.4868278841
85.9526558386
84.6893775795
83.0328072710
84.7474292151
85.0192022353
82.6063847063
79.8831283523
80.4108625898
83.3687386764
79.9117467529
84.7572208325
83.0365918400
84.3590938888
83.3356589008
81.1305359386
82.7621978778
80.2212842941
86.2463293954
83.1961891212
79.3147488399
77.5079405232
81.3406531839
75.1631606314
85.8201927500
76.3168070327
79.2038374144
78.8675975928
81.4812377332
82.5167114598
82.0127422470
83.1334688567
80.4434421506
81.9255240971
80.5723438005
79.7018026662
80.0995595220
82.9236344221
87.0738738719
84.4025529573
84.2917798264
79.6835803223
83.6314235565
80.9015096051
83.1343279542
81.8116461080
78.6620206692
77.9839190308
84.0990679483
81.3794148356
84.8642078029
82.2569730578
83.9608083151
78.2459897455
79.1123223262
76.4922052294
84.0156222030
82.4105563006
80.6519264524
81.9003138390
86.8922545509
76.2798676452
77.4736983546
83.8733436434
81.6738522029
86.9800028069
82.6586405129
84.7811198317
86.1574849501
81.8148085459
78.5222542444
83.4223902518
81.6291765148
81.1622709217
83.7758347911
85.7469353835
77.4769958729
81.4525494222
83.8113440674
84.7163225001
83.1652233763
83.0799579334
80.3946784534
82.2153010668
83.2975199301
81.8119309858
84.9725019405
82.8870144517
84.7910370514
83.3935696184
77.3993376584
83.0283571526
80.6360441898
75.9655524227
81.3458932961
78.0763861153
82.7934095552
76.4336073993
83.9057652251
85.9510790034
79.8878941122
83.7417398649
80.6319640808
84.9317004369
81.5821902917
81.1972605341
82.3314461831
80.2969362448
78.8264229978
79.3198133290
81.7208976555
84.9251678297
86.7536788735
76.7198162292
84.3536198649
80.1237224422
81.8161155329
82.4328716343
75.3884271178
82.2343106121
82.3868934938
74.3308861824
83.4032101701
84.6725189930
84.0662088488
83.2746366387
83.0860998563
74.9002164150
83.3753767312
83.6446881561
82.5477072167
82.3692091233
83.2347861517
78.7955513362
84.5703338418
83.0306264318
85.6156103360
82.5374289237
80.4923689770
84.3576391063
81.3417161824
83.4096109036
78.6950554488
82.1970269402
79.5373225710
81.1520529724
86.4262349220
86.2103854197
83.2050493572
81.7328200065
81.7648130186
83.4373820836
86.2486723695
73.1443229765
83.0855461033
79.1733963634
76.2946840956
81.3079945846
85.6213218679
83.6920240134
82.5697581065
83.7761598860
86.7451469433
83.5301487520
80.3622422371
80.9609492502
79.8583742641
79.4202462500
79.6953903022
79.4996949428
84.7593760813
82.3415080477
72.7951240685
81.1632165086
81.8025314073
82.9535167643
81.2264887621
84.1080261700
83.2190566905
83.8986402818
83.4273281054
82.6551572829
81.5427233805
85.6822398294
85.1456649323
83.4488409872
82.0107844887
85.4256338113
80.8105238017
85.3364715163
84.9478524348
79.0749481158
84.1746561692
83.0733543109
77.8884102224
81.7308618714
84.3980462745
77.3822653315
82.4853013654
87.8480257961
84.1117241166
78.3200783195
80.4170848921
81.3091671418
84.0689541634
84.3955448720
83.9286868008
75.8280404115
82.6163935117
83.1889073734
78.7312472240
84.0307716461
74.1978691950
84.8741415586
82.7358398347
85.6073693738
81.4288622306
84.4667711472
81.1904653475
75.3995149686
82.9936932007
83.5045668005
83.3785085216
83.4598318436
83.3965349213
71.8882781031
84.9044199342
81.6692368592
84.9056443945
82.7419998157
86.2130333928
87.3710837648
80.7955067466
85.0540222951
83.8727374146
83.1897683463
82.7494702809
80.7245862019
77.7260752976
84.5453181350
81.2869167685
82.7109485153
84.5974775712
82.2607080183
84.4342699492
84.7959905015
78.6242194955
77.9657616855
83.9215337807
82.7108888056
82.3667276161
83.3297008880
77.4914993424
83.6054223872
81.6977008222
81.7969389565
83.1025776792
82.5810233537
78.3993721354
86.1717131339
85.8972155036
82.1180353164
82.5147465448
84.9215435381
80.2539992226
83.7692750207
82.0965801841
78.2581133569
84.8098962554
85.5656869883
85.7585923645
77.3101011883
81.4905745253
84.9127141358
81.0769120607
84.6357031753
79.7261363496
82.2076689536
83.6199236056
86.8925675600
86.1041433207
84.8076689862
85.4645768286
81.2863126758
79.9012906594
76.1832015421
81.4286401996
83.5149950074
86.7074732764
80.5804303164
84.3094334021
84.3488758493
75.2214690193
83.7663453400
84.8534500663
87.6562190708
82.6810055251
81.2389156894
80.1577427931
82.1889480665
80.1202278788
90.4820743656
80.2370548235
84.3123733604
79.4996492604
82.1154801611
79.9169905210
83.0362510308
80.4681803561
85.2359604993
82.6483407636
76.8732988675
86.6333629650
80.6005874907
84.2711555191
85.7512796206
77.7643492345
82.8282397612
82.4365475609
79.3498225888
78.0783830705
79.9156775925
83.6655310010
85.0458928714
83.5878060183
82.4943922537
83.8790141813
72.3591255184
84.7494482995
79.1649089166
73.5491187750
84.7008578032
76.8899560771
80.6725117865
86.0749123187
82.8918088518
83.1865518016
84.7942404319
81.3753588810
84.5516252626
82.0358452896
81.6855784217
84.9460185236
80.4132252710
86.5366396785
80.4875886766
85.8877962459
83.8069685062
83.2288235667
80.4591720492
85.1108226888
84.8314335060
82.7567708757
70.7489889322
84.1859749357
80.5600276716
82.6517872719
83.8678385582
82.5511075854
77.5439440580
86.7764114407
85.6489483560
86.7893664532
82.6966708212
81.8091034342
80.2425837554
81.2341071464
77.6616251889
79.6829107054
84.4964197823
79.2464397707
82.6930564398
82.7486073587
85.7051732507
82.0553218447
82.8424535395
76.5445413569
72.2819130659
78.8862038777
83.1664268177
85.2451930441
81.6870204152
84.2095849830
85.4082247189
77.5236917403
85.9335537473
82.9913897394
82.1385748456
82.2740079377
74.7135735546
84.9139970459
83.2392630480
82.6409858545
75.9306152630
83.3510278442
84.6499280491
83.3246363071
81.7650107666
85.2639100804
80.4421016545
86.9241662122
83.6773626897
82.5878046715
82.9500771856
84.4200755099
79.8824817244
84.1428136071
82.5261227719
74.4968100268
76.9796304727
84.7105924576
83.6661473804
85.5710658165
83.8048674977
85.3104612614
80.1341387515
81.3393541575
81.4086557616
82.0711194427
82.3677090747
84.0660480900
76.6211470318
87.7362488688
77.0570348720
81.8028763238
80.9167665258
82.1474387537
83.4837457474
73.6500692435
81.1759062173
83.4753860209
82.7564094175
80.5143551196
81.6980499344
78.6296828892
82.4895634992
83.2235128916
84.8875343357
85.8123770013
75.7056868166
85.3371925759
84.6629354063
81.6379633376
81.3775854193
84.1508558302
82.7198715092
84.0455942294
82.3109155505
77.6543647595
82.1920049030
84.4563895365
76.2890081923
83.8941980021
85.3372307918
83.8240566477
82.0574998707
82.9949300756
84.9171335806
82.3802704018
76.9707853402
81.3569086703
84.3006095782
83.5789954144
83.1272508784
84.3091121553
86.3629178324
75.9408888034
85.4840968047
82.2906958643
83.5965624023
82.5844858558
86.5055577813
83.1814599928
84.4691261554
79.9104438105
84.1135661645
83.9045902833
80.9442782728
81.9252378004
86.1868720528
80.6274947099
78.9044129664
81.3220691427
83.1175573457
80.9043429347
82.6778824958
80.7287049741
82.3594104324
83.7893727728
78.9170728113
81.9487138325
82.5294497792
84.4331026836
84.0689990348
86.7848448430
83.6186268274
78.6809401751
79.5548395126
80.9659600540
86.6018918886
82.3029023522
82.3843141468
82.3261066670
85.8830611415
82.1429904426
83.6158196113
86.0133367369
84.3300115087
84.5336826580
84.4142427726
80.6733965933
86.0180671388
85.4504474198
83.1962059913
83.0848038755
73.8213534464
88.8442794200
80.0975391230
82.7097935608
81.1768408795
79.6926382806
80.6144188700
76.6429426776
83.0331489672
80.6792272916
84.0551044696
79.3106976319
85.9175559587
77.9083817349
82.5846837283
81.4609664693
82.6117316257
84.4104932579
85.2228127033
83.4795101509
85.4345648208
82.5224740915
79.4228579493
79.8317369181
85.8854280320
81.2736442846
78.9113333216
75.0242254276
84.7064977598
81.9403320655
71.9169057387
80.0646904982
84.5136539549
84.5590297546
86.2576556241
81.8790338359
71.7974695594
85.6269839742
84.5801652739
82.0912387098
85.8990352079
83.2346440109
77.3320883275
79.0128429449
82.8577334309
83.5022668678
79.5022004142
83.4011620155
83.0619405126
83.6770864691
84.6418444212
84.0054888385
85.0666440283
84.4096099958
83.0920499707
83.2748928364
82.6501190511
81.8431086737
83.9068741516
82.2102409445
82.5636412910
78.4695273875
77.9003852355
81.0400515922
85.8146294334
77.4886816482
80.1601217137
84.3498135418
83.3982023594
82.9207608287
83.1229424996
83.0199336086
83.0201373713
83.7733994626
84.9635122526
79.9044047901
82.1092269992
82.9728069967
86.4763267236
82.2082583249
85.6595052203
84.4761169018
79.2216902510
82.9019863616
80.7636941390
80.0452665762
78.2897973484
83.2568056913
82.7106229520
81.5322172043
81.6646663801
83.6756479186
77.9352126537
83.3331173497
86.7463551840
82.4270397115
80.9903340593
80.4964909394
79.2310094453
78.3938768628
83.9179743185
82.3132838574
82.9673295846
82.0049631373
84.0066341326
77.8479332643
81.0373214882
78.5554740079
84.0843023471
81.7880692157
83.2450143885
79.1634822797
82.1372881374
79.1552480124
86.0712181767
80.9692875817
80.9717368457
83.2030207965
84.6178304026
80.8239052465
84.1077294084
85.7641996962
82.0435306448
72.8108602851
80.2713574347
81.0067509379
81.5318042560
83.0503915889
83.3774799154
81.7598978569
72.2113080284
77.0010601655
82.9625633284
83.9758669089
84.0131956207
84.9789398384
83.6506411591
84.7674331300
84.4815825521
85.2088288808
83.9885788122
82.4235768604
82.9779294204
83.2336399108
80.6372680290
81.2525018723
84.5441681776
81.0778117157
85.9817576711
77.9180608314
84.1471242370
81.1230826288
83.0944388736
84.4843974112
80.5896766898
84.0805281522
79.4578788704
82.8423382975
84.6410733063
82.5853804683
77.2254065568
80.5869788143
82.9293574203
77.6604320356
80.8827878160
82.4249878030
85.4979062003
82.0262218218
72.2573696263
83.4568511625
82.8048291906
84.4215161980
83.6826586220
84.4217572570
84.1770773272
78.4419727294
80.0215246837
84.5500141264
80.5525609742
84.2152634098
83.1110136990
83.8153086554
80.8562337864
77.2745902923
81.6364521510
81.7671759420
80.9085194969
83.6475769973
85.5794954093
84.6521440595
80.7607201665
83.3697815811
85.2988640091
77.9631562151
82.2890803201
84.9113579604
76.6194930100
84.7634336613
84.7237120256
82.5747222459
82.4431412858
79.3527958236
82.8785405573
81.9231663839
83.3872576084
82.0153069503
82.7793607369
83.5259764393
77.6082363478
81.8482099133
78.9129553187
81.9313410742
78.9229524078
79.9639991034
79.4436004849
82.3931958994
83.4836254255
82.8904880116
86.1084359657
83.3452558977
83.0862720265
81.9666969888
83.8968310530
81.8544190641
80.0527883313
82.3683072231
82.4600457760
84.3011220038
71.7411088352
81.6388398248
87.0352130881
85.8618552613
79.7089999711
83.9974270870
82.1926371888
81.6876878606
78.2199397985
79.7771628354
70.0693654809
84.0140057097
84.1799484876
79.0929617120
83.0171020073
78.2102083165
86.3796650069
81.0474172824
82.7355414996
83.2438975534
79.1112844561
83.4189438799
82.2178042461
84.2843110994
86.1746266065
83.0962667766
81.5009129198
77.0544068398
84.7720313587
83.2718836898
85.9195238007
85.6543961227
83.2388592106
82.4524762829
84.0131579257
81.3796486933
83.7940840199
81.1498087701
84.9575856555
78.4360798126
82.8760166521
82.9584503802
85.8077712997
82.7215005999
88.4405886793
82.0127375972
82.7242692295
83.1122645633
79.6958006538
84.8610048993
81.1631699338
81.0453429655
84.4117324000
76.7643434940
84.1347033771
84.4003014468
80.2363486042
81.5247336898
84.2877410203
81.6683019681
82.0865443821
84.4344759929
81.4981230826
85.4278492000
74.7787633541
80.7467290160
83.6818098066
85.1228159590
79.6788242843
73.8924998179
82.6527082031
80.9827026170
78.6926784887
81.9689962345
82.0478790201
82.7247825093
81.6039687394
86.8352843489
78.5969224165
81.7346047731
79.2963153298
83.2503222653
81.6690323290
82.0441222949
78.8942885547
81.6939273612
84.4683684943
82.8067058131
85.9110163541
82.9955578227
84.3524842774
79.7539567353
83.3046085927
79.0188626764
80.1347340269
84.5451061816
87.1760018914
83.2608505368
83.4283250728
79.9497720684
86.2506679058
85.4403531889
81.9216210074
82.7063017100
82.1746778543
84.7687484784
80.9071590954
80.9435014430
81.4518064213
81.9794774538
85.1552878770
81.9699748821
84.2737340214
85.1331264068
82.6577941150
82.0486924265
83.6615494843
84.6142984000
77.9426367910
83.2619463936
74.1220550882
82.5664864046
85.5407452710
83.1984151997
76.5588803919
80.6010241091
83.9113426480
81.6683451759
81.9359964670
83.8754290976
83.0203961387
77.1343365089
83.4723088635
85.7300511174
82.6370457729
81.7460543463
81.3893729649
81.1590512074
84.5746718164
76.3145270369
79.5083209501
79.1740126568
74.4643900614
83.6482520184
81.7920982506
83.5428487176
83.4953175842
82.3975465474
81.2625914671
85.8496595388
81.3213024529
85.8473668372
83.1631649620
85.7997165468
86.5450520001
84.7183480034
81.8476692804
82.6501480906
75.9880011912
82.2476145787
81.3413537407
84.0550403959
82.1989660702
85.7747650879
83.4056635512
83.6135180609
82.8204244006
79.1208761916
81.9552604123
80.5506537316
84.1435323754
82.5636606893
85.3552887601
82.7304862779
80.1317196072
83.9008117933
82.6323736076
81.8663695857
84.3177820833
81.6593187733
85.0363918381
79.4174669722
85.3204901019
72.7115525277
83.3117663928
79.5186748810
83.0642818606
81.2426176904
85.6543961227
76.4548087196
83.1352152642
83.2685834523
82.3689517158
82.7523027273
81.6771607518
81.6969081459
82.5741389265
84.2159763414
78.1979165938
82.7761664374
87.2579126372
80.6792436135
84.8542388831
82.2456380419
83.5996953848
86.4247472370
83.2987486000
85.2928412868
83.9017598962
82.6429481365
86.0683355377
83.8748899946
81.5176007985
80.5793477946
80.5077295420
85.6573500438
80.9834864757
81.5543427733
83.8997751504
84.4001328814
77.7634310916
83.2398188209
75.7625764057
80.4833624023
84.0851172438
80.5565204835
81.2804385830
73.8579470354
81.4514198982
83.3563844822
84.6985929486
82.3725102613
83.9507393574
81.6616037473
83.8507879626
81.3626695684
82.4414369058
78.8936818471
82.6579242232
84.9518793663
85.3367847172
78.9804466686
85.3322415064
85.8895908666
80.8538437749
83.8181084512
82.9143051777
84.2646762394
84.1793073311
81.1005472200
83.5250008920
82.3273746372
83.3342784089
79.5636638919
79.9538363275
86.1952594743
83.5465759593
84.8519159177
84.1371026778
84.8830031391
81.1943798776
85.4679676376
81.7465312269
84.6457113229
83.9257080436
85.1335312965
81.9108942086
82.6449227734
81.6837452881
85.9016378761
84.2610183015
79.5906889970
83.4003763264
83.6862362602
81.2617344377
83.3164296684
85.2216059856
81.3794032262
85.6623477473
84.2944255122
81.5141853643
82.4181600008
78.3246388866
85.2106512834
78.7076075110
84.1571354875
83.2642157021
81.4428870940
81.9537507515
84.2372707635
82.0785955268
84.5664889125
80.5874302399
83.3207183058
82.3300893221
83.9740434698
81.2513300740
80.9350203414
86.1169069412
82.7090515816
75.7435302665
81.8507464575
86.0934227898
76.6164080057
82.2720138253
83.5596898692
80.7659554012
85.4786803012
83.2407799380
85.2673628677
82.8051915812
83.3308148723
79.4387776609
86.0481506834
81.3073486073
84.4661344989
82.1852173620
78.8413199697
82.5740065270
81.6364803225
80.3891047723
84.0993672165
81.8387885533
80.5146907895
75.1139337392
83.0249340048
81.0193002683
82.3487566335
83.6167169759
80.7926241223
83.2312609400
83.6724272903
85.5961557515
84.7092617753
78.9198430595
84.8628561436
85.5878039510
84.3147709996
84.1732189042
81.0838455121
82.6716621834
81.5811305482
84.8633727568
84.7390296156
79.0680536793
85.1315873213
79.5977045660
80.2590548155
81.0814960041
82.0551969212
85.4906591373
79.7485978861
83.0476453138
80.9226466607
84.6664035494
84.6629354063
83.8048674977
83.0148829309
82.6652634083
81.0882762565
82.2207916948
83.6102217688
79.2604811739
84.7648822064
84.2337762765
82.2934375054
82.8011742205
84.9146685197
82.6121932313
82.6898297825
83.5011041243
89.4261935821
79.3485426223
81.9681051688
85.6749040225
84.7548595784
81.5955791946
88.0278204927
82.8072132174
80.5432066178
83.2630490696
83.7557483224
85.9784454713
82.4009132948
80.6021789953
81.1042993056
86.2079353844
84.6887462410
82.6914361992
80.0330245752
83.8810128942
85.4923339069
84.7513729776
85.5320716187
73.7264237909
72.9633596428
83.5200668127
83.2255519695
83.8364899877
81.2815709407
80.9466605554
82.9703762185
83.8086956695
82.1257839747
83.4329633437
77.1536544261
84.4518348689
82.3621561961
81.9999564109
72.6711288860
82.2349119422
82.7042991275
86.3946985768
77.2625480564
81.2146039160
84.8719033316
79.1304737112
81.6965514168
79.0390457216
84.5329260545
74.5781931738
82.4945536782
85.0146149535
82.6050969076
79.4219599758
85.2321436973
71.6205083751
82.2396411949
82.7014598148
79.1520008781
82.5386582067
81.2169637042
82.9843296981
85.7955252847
78.9352620360
85.3659101786
83.3272944425
84.5443474485
84.8968755148
78.4027715320
76.8410502300
78.2990076340
80.1822831487
83.7044867351
85.1680587650
77.8436049104
83.8249914228
82.2999414314
72.3888904320
85.6046270890
81.1070708500
81.9928927763
81.8877278038
80.6704181994
87.9284760452
86.0127267000
82.7277209407
74.8529614275
80.6963365249
83.9275000985
80.2400534334
82.1944464153
84.5170145620
81.1986648763
80.9610111167
82.4797820796
81.2523337022
84.0285431188
81.0697986294
86.1256444149
86.6574649909
80.8046078191
83.3426647716
80.7902370830
83.1639462201
82.6273595121
84.0314192088
79.5937958358
84.6265170207
78.5299493767
88.6808228442
81.7204342742
80.7559538621
82.3975738205
82.4401798907
84.8292265974
82.0396514330
85.3554142946
81.8975533229
81.3009158597
88.3269398458
78.1284521988
83.2225617606
81.8841344712
80.2314299723
84.2577744760
82.7184261420
81.4830383148
84.8422249538
85.5102435662
82.4653019884
78.6050096349
84.2074207593
81.0224297527
83.8518861195
79.4948612446
74.0309022893
83.0861090263
82.5153077634
85.4477034833
81.2214275644
85.5738172915
82.2391891644
80.7267692415
80.9343626222
84.7625737969
77.4716504008
83.6887053053
82.7951263769
71.5080480320
83.1206661933
82.4636333389
81.0441536964
82.5904019113
78.8294625476
82.1852952499
83.6848327240
82.6064933520
81.7838310590
78.7306042823
83.3236152545
84.8269985457
84.6261346147
84.7017286879
73.3974252989
80.6045965626
80.5062641025
82.4033811383
84.9142574111
78.4994658393
82.5144992758
84.7748958696
85.5683169909
76.9611464241
82.0088433127
86.8563586579
76.4909238797
83.6087340931
81.3033833043
81.7364669947
86.7813045744
83.8241946686
77.8449166585
83.1095576814
82.3054549793
85.8185581983
82.8043290429
79.4352369160
83.6052271509
82.8267991427
79.9978388501
84.2892221294
79.5976765194
79.7510792111
85.1805199588
84.6521424465
74.4549462822
83.7988879251
82.3346313773
81.1548513602
84.5382890512
83.2915908463
81.8230875398
85.3678518452
82.0500722442
75.4243372796
81.2141356113
82.4619412434
83.0334797221
85.0655664547
82.2151215761
84.6678601001
85.1064229413
82.2376814011
81.3050640493
87.6815455155
80.4715876628
81.8924212021
78.4930586572
82.3964766813
78.6690472717
81.4809190732
80.6885839126
81.0966859002
84.5263702297
84.6629354063
81.2263924451
80.3612207294
84.5532008537
81.1684689193
79.1593637623
79.8450644422
85.0062944174
81.7227552166
86.3869060325
85.7240635178
84.6220742684
81.3594028441
82.4472940079
78.3446593616
85.5432852128
80.7746330797
80.8302262454
79.2178288150
80.1755190075
80.8342758579
83.5801720921
81.7618980434
81.5967024013
83.3976042093
80.9417106038
82.6403743797
82.2076618185
69.2224597952
76.5107770922
82.6936170436
82.3949556480
74.3834963596
78.5467345777
78.5889352606
74.0816178142
84.1517554436
83.5135753982
83.2541366876
82.5927995336
79.0761594504
82.5762409589
84.1477734826
82.6557844598
80.2212125586
80.9761203710
80.7345235895
85.1716239463
82.5979767173
83.3908512701
86.6255236190
84.9956334738
79.6984692109
82.8383169103
79.0318403653
83.8411791275
81.7281018566
81.6751983619
81.2027957312
76.9369766153
85.6072184496
85.1754368071
84.6709941745
81.6138119333
85.6347651877
82.2228045498
85.1826143450
85.1384925862
84.2650446491
77.6616757388
79.4611185379
82.3021395734
82.6820545637
85.3243381392
83.2674099826
77.2382623333
78.2843559305
85.1286728652
83.6045145038
84.5030551648
83.3304320012
81.2421840359
84.3307010449
83.8678385582
84.0848476959
84.1927169990
84.5857105356
82.2362879795
84.4870834801
82.3587196592
81.3933542706
81.2948167716
83.9610822851
83.0085851835
81.2658326643
80.9165425055
82.9113023866
81.2101783608
83.3777196347
85.1094177934
85.5129560268
84.7839733531
86.0906322530
84.7805392912
83.8587675201
77.2694405890
84.0064822884
86.2960292681
76.8675359113
80.9342923739
84.8321586742
80.6784317411
81.1225809221
78.9036033879
84.5238383333
81.6414519195
83.3218634845
84.2552585820
80.6802089820
84.7123283198
85.0121661295
77.6156109356
83.9325521109
81.9126167787
76.6006814489
81.8733769373
77.3521375382
84.4659955260
82.1634256458
81.0256631256
81.2416470172
86.0416372701
84.4116980345
82.8101935923
83.3789060572
81.4835161705
80.2703727236
80.2432649583
76.8566862181
80.8597065536
80.7272260415
72.6171707420
84.7463425727
83.9978650870
84.3487085672
83.7222544482
83.0753608715
86.7870557029
86.4753796432
82.6762771127
82.1570123459
85.3971246597
78.7423355530
80.3778983336
84.6017662192
81.8653862205
81.0053350179
82.1284495196
83.6410778950
80.4440239704
83.8729773171
83.1873800227
81.2925352274
80.3077829046
86.4647746992
81.0480761313
73.6110127988
84.2877526954
80.2796504867
77.2862278993
81.7936652944
79.9388846717
82.7334825287
81.9227985906
80.1151714697
82.9548223447
80.9517573980
81.8274884392
85.6543364463
84.3542564923
86.1911253125
82.9530484199
84.3017605499
82.8934570465
81.8322306453
85.0809512982
83.8055703089
79.2904938966
76.8952060798
81.1625454243
84.7677704245
86.6809053252
84.2606340963
84.8719707303
83.0971116023
82.0609141244
84.6184404508
82.3107903553
84.6118783680
85.4618069456
84.6707186915
81.9874404638
84.4252330478
85.0190875313
79.1647074879
78.8002119087
84.4051972562
83.1656884726
83.3235151825
82.0786453274
77.9915225847
80.3657413035
79.9623964061
84.3119999074
81.6221823465
83.1746482353
85.1330425009
84.3275140003
84.4834107977
73.0364827447
84.0588245282
80.0111469492
83.3328474288
74.0299047569
82.8333314633
82.6946202875
82.5189918175
80.8592269415
84.5857671026
82.8735764975
85.6103020306
80.3580591424
83.7779383778
82.0872191303
80.1863582641
82.6181095223
82.9604668254
74.7542737263
83.5904236089
84.1467583601
79.3627508286
81.2555750097
87.3542400064
86.4008446320
83.0860905192
84.1766496156
84.7375116637
82.9083539937
83.9826852263
83.4521022907
85.0727909658
82.3230338343
83.7588716470
81.3867604717
80.9862893747
84.6831159825
78.2101238605
86.3687975949
84.0148172443
76.6908078565
80.4063543584
82.1641221282
81.5630311829
86.3387306357
83.4089879649
83.7826849373
84.8240041523
76.5311320720
73.1824059455
84.1679551488
82.1269314098
83.2318243683
81.2784910779
84.1852793046
81.8618112276
83.8552411214
81.5156022426
85.6434625588
83.4518937309
82.8275110627
84.5744820457
81.7496933718
82.0416407301
74.7265830707
78.3395272121
73.6304678976
83.2401304297
84.5672335665
74.8479770115
80.3151079630
83.6850530701
84.1435323754
84.5200615069
83.8571188618
82.7324094520
84.7458611856
83.8292594605
85.4785831102
85.1212754622
81.4376384929
85.4884510295
77.9636421746
81.8921595762
78.8914192719
80.5795256947
87.7397171110
82.0621821013
87.4329572761
78.8527751000
72.8135012393
84.4152332629
82.2727918798
78.3281338546
83.6428256746
82.1382571368
83.9947971385
83.2703257291
84.4980051175
81.2846918645
82.3515971611
88.3733480536
85.4770525205
80.7458824746
83.1452168139
85.7153532257
81.4314681489
86.6231127057
84.0693660445
81.7143439881
82.7609129696
81.1723272543
82.6036144693
80.9110411699
85.3140816314
73.9003387501
81.3129177171
82.0397647574
80.4387111964
83.5926813906
82.6159228364
83.3906469385
83.2094775804
83.3325790288
87.9013560134
74.3038287333
78.5987826549
83.0203961387
78.0022112970
80.9850782228
83.9929143406
81.4317048908
84.6152333047
82.3774291682
84.9787967175
85.7550442164
82.9267225000
84.6329828334
82.0633367862
82.8133364444
81.5728032574
85.6432825292
84.1736435920
83.0916588228
82.7223363448
83.4445025197
85.2317645331
82.8769083280
81.4851502592
79.4096444740
77.3911138948
77.5590993688
82.9625120587
82.8763413037
85.0215228314
81.6046384108
81.4528991439
84.7223235478
82.6716130697
79.4983110197
81.2407038130
85.0861698289
81.8318467995
77.0761832032
82.6758466373
81.8752688739
83.7289659985
80.6064401555
84.5145332548
85.4047102460
80.6641818929
81.5423680076
83.9602713135
86.9547578802
82.7039221121
81.0430392127
82.0371549207
84.9378933767
78.1055540285
77.4333567685
81.2360717407
83.0684721802
81.4821960454
84.6662695755
82.9390766065
83.6426015923
84.3785896218
85.8801516619
79.0543089209
84.4646768187
86.7700019034
82.3719680534
80.4162088457
82.1343840353
79.9170371881
82.6700132408
81.0547432344
84.9766988489
83.5606625890
81.1904072915
77.0628726580
82.7599741830
83.5798098473
84.9780648616
80.1217676520
75.3694653487
80.2372289494
77.4751717956
84.0111537993
82.1979949434
84.6677801179
82.2974939750
86.0333344534
83.3703348350
84.4277186556
84.5344502030
84.3913728986
87.8319915075
83.8979623625
79.0531312689
85.7494375151
78.9642480162
85.3204901019
81.2224892780
81.7926678567
83.1149107758
77.7926140695
85.7360746289
83.7098473098
85.2803959183
84.1380438840
82.5036047049
83.2438468693
75.8529308711
84.0910970611
84.7433231704
85.1315127349
84.2785596431
83.3219744372
83.5454142784
81.8373277312
80.1951106735
81.7381856944
72.3236583976
77.8019402171
78.8939301341
81.5460525704
82.5634140870
85.8605828124
80.0580657647
82.6742833119
82.8525600138
84.6384559834
85.5878025082
79.2984371003
83.2253328607
84.0167116121
83.2538806208
82.9727117085
78.1938881842
85.1645104208
81.7218323790
78.1628228641
81.5135119427
81.3730592018
86.2618053985
84.7447634262
83.6688035820
82.8512282850
84.8062734270
83.2693822239
84.7361478448
79.5034778104
80.1371191615
84.0166691559
83.0886824871
85.3226442408
86.0234649842
83.8602090149
85.1130606742
85.2277915399
84.3898642328
80.9726563430
84.5213621174
79.9524149876
79.0904580538
83.6085973294
82.7169572312
84.0689541634
84.1455942095
83.0948376259
87.4700139637
77.9107443425
83.1374028459
83.7112414589
80.2941194302
73.1562942958
81.9650423725
81.3935401439
85.3503817930
75.7908393567
82.4144389527
83.6472438667
82.4869744990
76.2588233864
85.7560992079
80.2257579705
85.0223255562
73.0810745840
81.1823298644
79.3040311789
90.1702556449
75.9237148691
77.9052494983
82.9322049317
83.7955898186
79.3571465469
81.9426035434
83.3945616905
80.9971567701
78.4624716153
82.2569144172
81.7960447585
84.8439515814
84.4118409755
86.9337282387
82.1950562448
81.9523257556
82.1442337680
84.4652801019
82.1679263435
80.0852829830
81.8632123869
72.4086330378
81.7478129942
81.0300543585
84.7095988894
84.6636732946
78.9733551957
78.8238596270
83.4848348168
85.8010683708
84.6182651978
78.5095597089
81.2041147536
80.0906096063
78.5978964091
81.5649002931
86.7612543767
82.6569789669
83.0574190953
79.9438299568
85.6074895571
71.8905690510
82.8981004677
83.4670142102
81.5452902297
85.1204272068
78.7432791527
85.0142153193
82.3220278993
83.0050038530
83.8176224104
87.3864784782
84.1356590108
80.9484336797
82.6485314297
80.5930876487
83.4028631928
82.7914075907
79.6635433967
82.3091174171
83.8485988056
84.8855116841
83.8631162823
81.6022777762
80.2022889009
81.7072058979
85.9703499451
80.5124152913
81.0483535098
85.8633846993
84.3840726681
83.5112936669
83.2062492091
79.7331678000
78.7603033122
80.4693732530
81.6384792222
82.5668166565
84.1095604671
82.4477443667
78.0847356479
85.0185719910
83.1621367554
83.1321175593
83.4235270988
79.8056821289
82.2476674106
86.9038052725
85.5033030501
80.6459331797
84.0106989130
84.1804676182
79.3130048241
80.5610563820
83.9307594515
82.1310424757
84.0178324316
85.2178484457
83.3831743502
83.5862628897
82.5134370827
80.8907100029
82.4567167350
84.6348661665
83.4979759664
83.5490328690
77.7697319845
78.4799222682
82.0726056349
80.0564167270
81.4691846762
86.7119687297
78.4972933839
82.7728687773
85.5571239060
73.8392511637
82.4635563529
87.6495866851
80.8750385196
86.6315702640
78.7418218916
81.1591135364
83.6917276278
82.8680803460
81.1549300636
83.1078333424
84.2819140772
86.1758841465
82.8735764975
84.0789053816
77.0036971504
86.4028659106
79.2253706890
79.2203860444
81.5337636483
80.6404930422
84.5421202126
68.3938326635
82.5037320254
75.6030016407
83.4314612856
83.8842403566
81.1368887442
83.2091346649
82.0518415977
76.5430719436
85.3117499924
83.8782632923
80.2846837391
79.5244164445
83.5939302025
82.1511199499
87.2125450864
86.3112085995
82.4225862056
84.4909895459
84.6130265782
80.1993230743
82.0570721216
81.7125307469
85.1429123231
81.2637921859
84.0620101899
87.0480265603
86.4485199739
82.8337284814
76.7980759623
80.0812503182
80.2119409487
83.6483975332
82.2408061637
84.2015095334
82.9826285380
84.1977249931
84.5052105412
86.0330495237
82.8629650162
82.6836377270
84.2403687944
84.9316374487
84.9918606138
82.6304147507
80.0096613466
81.4365506119
80.6096283763
82.9321951476
85.4389282701
75.9985205469
84.7754962963
81.4884933574
83.3744343949
77.7289321350
83.0314265146
83.5888669038
81.9856233627
75.0320805735
89.8864329548
74.4832308869
82.3056845373
82.6236665372
85.6726424031
80.8713253899
76.1539356302
83.4528927280
84.0756860149
88.1295614482
79.5388716873
83.6791149478
84.7326783592
81.4613193793
81.3214069144
83.0797650569
84.9204806177
78.3614482739
83.0861660239
80.5277128399
82.5044946220
78.3147467193
82.7033383502
80.7131271927
80.5431166448
78.2609435078
83.0986167404
84.8016215639
80.0522712992
81.8474044537
83.5752623906
83.0377302258
83.1290651724
85.4923168676
84.5549025446
81.8144465638
75.1934970881
82.6205898414
80.9967952759
84.1861142601
82.7330186279
83.2605652108
81.8075408006
81.9652018141
78.5781141931
74.5076805427
84.2605887415
85.9792313812
82.6867776667
80.1474766506
84.4930715371
83.6367425507
81.4615359102
83.6803201682
84.1790549864
83.6156457241
72.2838769930
79.0988971730
79.7271952793
82.3004527809
82.4193591773
80.3284902042
83.0239402437
84.2402363731
81.5619318765
83.6299409744
82.0346729439
81.0412412545
80.3760255961
82.3157589855
87.3511504982
73.2961281448
82.3790915374
82.4498676390
85.2279839816
84.0087561556
84.6741424965
78.8843528621
79.0044903815
81.9762119044
82.5485080962
78.4367034069
83.4243572808
81.9329835478
80.3411379606
82.9923765600
83.9512212043
82.7207494753
85.5711286643
84.3426269104
83.2064898880
85.7040441178
81.3603017828
81.7770659077
81.9940113201
81.5492891788
84.1257083842
79.4682262209
88.1382252635
85.2689364388
81.5707501493
86.9831168042
78.2717746514
81.7689293565
83.2932872479
81.7382553085
81.0634539795
79.7997031467
82.8684324502
81.9941475897
83.7414678318
82.4917705582
84.3467884855
86.3534060153
81.2407659401
80.3191880439
80.7646128184
83.7333571422
83.7475851941
82.9504764039
80.9634287751
79.7470401705
83.6405908762
80.6294794849
85.4930104944
82.3825816073
85.1668624898
82.5056429961
78.7632583949
81.7153369750
83.4400531477
82.5689810139
86.0443054703
75.5009346791
84.3369049919
87.2790030002
80.9070206680
75.1426816399
82.6783939427
83.5588379065
77.2738171593
77.6020413200
76.8887875734
81.9542140542
85.3320601212
81.1198745907
73.4063842817
79.3169550433
85.3609432738
83.5720601927
76.5324636646
81.6952902184
81.8426758968
79.6779616012
85.0809053774
84.5748625588
85.7036313826
84.7914613838
81.3030293868
84.0649041343
80.7973813061
84.9637689934
78.7553942171
84.6531971402
81.4323299256
77.8185022730
78.0180925255
80.4985382671
85.8244457550
81.0148490150
80.7031485242
87.0104367342
81.2106413533
79.1611646652
81.2103523516
75.2146067268
82.5355158962
82.1007952616
79.3997264930
81.9389545582
89.0485974191
80.4164829457
80.5133743889
82.0249193425
81.3700185123
85.2715429049
84.4265942037
81.1312548951
83.3454819766
85.5296169000
81.7327181862
83.2725072562
83.7994714546
80.8156347432
80.3492601004
85.4107655177
83.0552254422
77.5711775877
85.2614269031
87.4945903497
80.2404003787
82.4170857080
81.8672078398
83.3162291428
75.6145876527
84.9754786246
85.3207749012
84.4225684604
84.3665816727
80.8298420869
84.8726057694
84.3170819623
80.7376134599
81.8615546523
80.6834249472
80.5921835170
85.3875326773
80.2338908107
83.9125217316
87.8364904399
81.0068108128
82.0121114586
82.8612035780
85.8449731274
85.1795010941
77.5080152717
83.3091199108
83.1729758901
84.6716006508
84.2475046760
83.0403654692
76.4796869364
74.9431694578
82.1607260508
84.9096069660
82.4878906857
83.0973326836
85.5543834024
84.3209548624
78.0090612972
82.4271042636
81.5074021147
78.9289840086
80.4508225182
82.3342944900
83.4008033504
79.2524180104
89.5972797070
81.6175932902
69.2222336711
84.8939031930
84.0721026817
82.0326381876
83.9677183157
84.1858623454
84.9225081349
82.7754703511
82.3064120689
80.4217552839
81.3245637155
84.9556158072
72.0794042926
79.2074592989
81.3324649308
83.2371345549
84.5340884751
79.6130297344
80.8451001412
88.7381340139
84.4634560680
77.5948002093
82.0255505761
83.3209134939
86.6730092312
84.7047707928
83.2819222609
80.6462553219
84.2509752532
82.9222055295
80.6171016480
83.1661987850
85.6770725741
82.6141985392
83.8086217479
83.6576327052
84.4954976259
84.7477720715
84.4834361314
83.7272486270
82.2624773957
82.4880757068
83.6651873267
87.7154479007
74.4490242936
79.9936915120
85.8425060416
78.9973220393
79.2197447215
77.9454685931
79.4318032836
82.6506764000
81.3507734547
86.2430314388
84.6195598822
81.8936701256
85.6574627454
73.4425433200
82.3153967305
82.1973506219
82.1193553907
83.8929438984
78.8523045860
85.6491801490
87.6270801229
85.3595852902
85.2709712547
77.4742099578
81.5707057325
84.5976979224
84.9941589627
84.2479522410
81.9776864493
84.9720855983
87.5171519769
83.9296063599
79.6702000592
70.2124089575
73.9402721273
79.0319423537
82.8592495942
84.9700006066
84.0466377725
82.7314071418
83.3700669404
84.7360029693
82.1432093658
82.7864926897
81.5884044435
86.6814196227
78.6489551138
85.5008030939
85.0314912048
83.2455722000
83.0989326028
84.6370815848
83.7461620361
89.6676945277
81.6017562440
85.5489675601
81.0278079304
85.0010710143
80.4366580028
82.1978159264
83.9459590170
80.3138831184
85.4088968766
83.3409160680
76.9791979059
82.9108946983
82.5126758185
78.8707368703
83.8311160503
84.5059569424
78.4942632042
83.6490703873
83.6964109139
85.4683700928
81.7039921854
79.5753971281
76.5314571152
82.0974462424
84.4674545712
83.1458245062
83.9044023556
83.3201438575
83.4210825089
77.2534607738
83.5232189328
80.8782394841
86.5138456951
86.1421963541
80.7443628792
81.3985011074
73.4904759672
80.7472190417
83.7522166274
86.5561387067
82.7036087721
85.2927519590
83.7342630076
81.7051782104
85.1403682055
83.7499261776
83.5034776487
89.7867839207
78.8420394356
82.0898031803
84.0500735258
85.3713925246
80.6822000012
85.1531176260
81.6602341869
83.0455607841
81.0044491037
82.8997355707
84.2605390138
83.9375617729
86.4093758881
86.1022751369
77.2791554711
83.2453117151
79.0773415541
85.1122118682
81.8855118005
84.3965495891
83.5605382460
81.3710304274
82.4860330185
81.7935409022
82.9573810537
81.3280960865
83.9846564183
85.7348579471
82.0589423525
83.5337306970
81.9701914667
82.6294512767
83.1391768402
84.4475174317
85.6565222610
80.3294315452
81.8528826979
75.6030743581
85.7596900302
85.5458000821
81.4000556398
81.3425896191
84.3832505152
83.3664936066
81.5964687712
82.5210363457
80.0426798579
85.7592904876
77.7419756875
84.5492064601
79.6560710354
82.5657278055
76.5274165712
82.3426793387
83.6055979988
82.1503308274
86.2680252421
84.8087432139
82.7029103731
75.5449024427
84.2381418605
81.1092962707
83.6038036258
79.7801489085
82.8882695405
83.5461512486
82.9681251498
82.3698574677
84.3422605926
83.1999159866
83.2503222653
84.0264629438
79.3991642046
82.3198839575
82.6992832110
81.0234085245
73.1771043643
85.4870905746
84.9223737437
76.0276037568
80.5480122782
80.0005089808
81.6744196232
83.7252742010
84.4022492447
76.6675938931
80.3770863001
83.2851798031
79.4940970946
82.1822490342
84.7615058003
83.8736533845
82.6106589749
84.8466880489
82.9812299812
73.7338460232
83.3360986635
83.7637968339
79.8550881337
84.5240283349
80.7352638987
85.4477534724
84.1013414608
82.1101817118
86.7891778869
80.2922079762
73.8307775828
83.8000807275
82.7982683073
80.3742882508
78.1669205912
82.2952773205
83.5035239867
79.5350561228
79.8538998155
85.5465420616
82.7968051909
75.5118160608
80.9417586354
80.5359867713
73.8467657376
81.3587013617
83.6850530701
78.5335982429
81.9409954679
82.0229781924
83.0327184122
82.8064505030
76.0972550298
83.0732106761
82.7028229002
81.4355593925
81.0113895967
82.8433707049
83.0526028304
83.2660092038
77.1456809286
82.6047786890
80.3337499177
83.6055759866
82.9298133654
83.2291391687
85.8933347602
77.5899736181
71.8129036352
82.7435427397
80.1631564153
79.3042863200
82.8841890971
82.0742743966
86.4665707631
83.7185271961
78.3467914694
84.1954086000
84.3882215704
82.4915893105
82.2181304024
83.0260596965
80.2644827796
77.3903697744
86.6968795397
80.4858441268
82.8834965470
83.4651345019
81.8758407681
83.3080938902
81.2919228419
81.3080449945
79.8780447962
75.9738788192
84.5287141139
77.9459162792
80.5928261713
84.6394179698
76.0020283121
81.2458326133
83.7929053212
78.1575289007
79.4026516651
82.8572692271
82.0714260093
80.4669260182
83.4401760353
84.8921474632
77.0582829433
80.3211213286
86.5018184832
83.7826373661
86.9446197983
82.9756207018
80.5304400570
74.8799140346
83.4458944082
75.6641622066
85.1575121021
83.0809728330
79.0576910495
83.2800985236
82.7471220014
80.3232695225
81.5078001288
86.5059494480
79.5936212982
80.2669295619
87.3270047753
82.8947622764
85.2238989264
84.1082405231
79.2205353294
83.5251554246
73.3438129180
83.6470075646
77.9019630169
81.7922334319
84.7543880556
82.7190137047
83.3470745458
79.6196073277
85.6325294285
84.9359170947
81.1855913279
85.7596263860
86.7347298763
86.2961989547
85.7309755074
84.2868395439
81.6362956739
80.1883156140
87.4411162923
82.7225413884
70.7833453904
78.7414580743
85.5512552254
82.0737350129
83.6987200413
84.6374083746
85.3263960682
79.0068821685
79.2208102068
74.2874097081
84.4780524299
73.4220387736
84.1839647487
80.8733398807
75.9164670930
71.7788211358
83.3767530990
83.7892542347
81.1150126074
84.3963896183
82.0823980736
80.0039858478
85.1326399548
71.2219820732
82.8602274021
81.9105642161
83.6686452209
85.8956613093
78.8183645489
82.4049351362
81.5252969521
85.2519143481
83.1725732220
84.8179692323
80.3523113413
83.4532566538
82.1664611142
85.3806370100
87.3720623347
86.1584508997
83.2819288178
82.3636829700
83.8612438109
82.8186855533
80.6778158525
78.6046848238
81.9357458919
83.3757735857
80.0849311703
84.8584438484
82.9383555471
86.6961835449
83.8545712710
81.0169764113
85.6880414785
83.5576348612
81.0193002683
83.4033822863
86.9530299987
81.0201605818
83.0420002413
82.7403265077
84.9184436236
82.5192170945
84.6767118773
85.9583107511
80.8001876379
79.7213805893
82.4743158871
82.2760030385
82.2536233431
83.3549968653
82.9770004624
83.0009810888
83.4082000250
81.4821669537
82.9845042115
84.8790096562
83.9866309749
79.0451133025
85.8237965723
80.7052217984
82.9381524926
83.2615564169
86.4275948725
78.9030216255
85.1021934812
82.6882370136
80.7346593254
84.1671212758
83.6639836854
84.2098467981
80.2185737346
81.8901677520
78.7627008329
81.3626915444
84.2249933328
81.2180910813
83.2413212512
84.5300018747
86.4596719530
83.3839711155
83.3235375832
82.7168511431
72.9423278210
84.6624378233
82.9415570734
82.7569826563
81.4358085992
78.8381645947
79.1716137805
78.3185545875
82.9564178635
80.6770709023
80.5935178969
85.4351609764
83.4818913205
84.3193857315
80.1162079260
73.0877115886
80.4570134507
82.5584384685
84.6290571530
83.0403468483
84.4427375768
80.3503813532
80.3454941113
83.8968705446
83.9259864920
82.5019487078
83.1338990852
80.0013467064
88.8615255087
81.0518329564
84.2646291453
87.3905745061
85.0116744445
83.0178603169
81.9142317228
76.7428884299
81.4798573894
86.1060319913
84.4296923751
84.3979960619
77.5223128612
74.1297115515
88.1017171517
70.5131485619
84.7041411242
83.5076307462
79.6101660323
79.9465207718
82.3753822333
80.1248016122
77.0178855257
79.7722969050
80.1278705241
81.0262453660
81.2697563031
85.4072718428
84.7824211006
76.7967022572
85.6734756362
81.5946429373
79.5028762897
84.5607979910
84.2541565915
81.4742694547
83.4598204430
80.7413885243
81.9452833423
78.3570434580
82.2420425148
82.3655397152
84.9591437439
85.1565250834
79.8345409340
85.3551221648
81.8629712432
82.1671932852
73.4587086313
79.9286415200
86.2491429644
81.9837712043
83.7269406895
86.5900735768
83.2532114963
81.7742057883
84.9166474773
83.9911793739
82.4406682414
84.8409494077
81.6029954663
82.6695187142
75.2766897635
82.7281820032
84.6949803079
80.7666540497
84.4514614946
82.2704173370
79.7807563313
73.7266301941
83.7829144751
83.1060454018
80.1395779409
76.3410755818
81.8301563998
84.1492980915
76.4932484132
85.3592605855
75.9417179852
84.8469169096
73.8297356554
73.5673177873
81.6422157652
79.3448236940
85.7957231369
80.1990812129
85.3263496551
81.7851545171
82.6449907617
81.8872475449
83.9981482540
86.6707390361
81.6162971635
77.1337627512
83.3637174197
82.8489430588
84.7086584222
81.4477888824
75.6663243517
81.1424392868
85.1951752747
83.2770776189
83.1744790719
84.2529679159
83.8588717663
78.2790544051
82.7465591160
84.5925194380
81.6643002246
79.6789444731
82.8648015426
85.4705596886
81.8964313197
81.4844930910
85.8595281114
83.2470004371
70.0457837124
84.3150219962
76.5994866762
83.4246273697
81.5444484196
82.4496606828
83.8030509963
88.7935854884
84.0040660652
83.8772722493
85.0800874573
83.0857063734
86.2447686082
85.0721521631
82.9553521327
84.4396459318
84.9836556888
77.6265729230
77.5876077092
80.0498885818
76.9760476996
81.8993758728
81.0965171109
76.0959594285
84.3895807920
83.8458999004
78.6712588131
80.6819088009
81.0593466466
81.9971518594
77.1294613453
80.5326910349
84.7426971648
86.1939594015
86.0248930417
83.5854348817
78.5392079989
81.8152818536
83.2647327511
73.6089200434
80.3139941896
85.5516004843
84.3701806761
83.8031260603
76.4066743235
84.7965878750
81.9449621903
86.2929750015
82.6114610170
73.4386771064
84.0754370827
83.9295604687
83.6034471160
82.4875212356
85.9015251136
82.1188161376
82.0108382970
73.4858583038
86.0011457552
85.0862596630
82.9310181074
82.1554085822
82.3186726500
86.3198328035
80.5216596444
78.9564453800
82.9009582647
81.9797859687
82.7272554390
69.8033199645
82.9744985591
82.7775705625
82.5982745645
81.0662023629
84.3759408379
80.2010038867
82.4589215487
77.4204138950
84.8302384701
82.8346217601
83.3779122838
84.2892242237
79.9472342847
82.0088971335
81.2523854570
82.4801656018
83.1878680884
81.9061592682
84.9086792276
80.5673929154
78.4975484623
84.3142190217
78.9205969104
85.3910450801
85.9545617704
82.3073991710
78.4713785624
84.4331703306
84.7140487402
79.3634256600
82.0829778692
85.4669386533
82.1312866833
81.6026033351
78.9639835089
82.6483775800
83.4932428686
78.3656691493
89.4459139869
82.5795308263
83.5680484374
82.2786212521
79.5786949214
81.8117702099
81.2386278185
82.8012400753
84.9383566422
84.5833597222
81.0120527613
79.6493198848
87.2312781892
81.2438321501
83.5259764393
79.9791354234
79.1677067316
78.7004204042
86.3762733723
82.1811971523
80.7197153143
76.4039193900
82.7483917305
86.8781065998
82.6497957356
83.3293694754
81.0674435527
87.2343750984
83.4087557205
77.2336505013
82.8903312197
84.1209956766
81.6799420774
74.8400431110
81.8733729379
86.2038835944
82.3171640357
82.6737168191
85.9635459157
75.7912349109
81.4909893830
82.7175436729
81.6668481552
82.8818514858
83.6732048082
77.6538956331
81.3697362913
82.8040467407
83.6243968101
81.4326700504
80.8981892028
84.7801079675
81.7627443687
85.5240277785
83.5556836727
85.4744709091
82.5064784594
83.5614998421
82.0670974191
84.6520878048
82.3087061995
83.6293031286
81.4704529729
84.7502524648
84.0063426147
83.9780797981
83.2311520639
80.3518076228
84.5304928306
84.1690865055
69.3684899726
76.7571385032
80.2876911939
78.7798962605
81.5012437297
84.8686733190
82.1474421013
82.0609853981
82.8344182873
85.0630098896
72.7002786888
82.5825172629
81.5927651232
77.7493405621
79.8387217075
86.6187865638
80.9452040033
84.3074470664
83.9730643798
82.4908608188
80.3763691065
81.0493255246
84.5854492867
83.0332671916
80.1809533006
83.7865990252
84.7258630399
81.0789932221
82.8369895583
78.9174648769
83.8672655612
86.7980332101
81.9838965571
86.4711189863
83.3941693351
85.8647525316
86.0707881831
80.8867526314
83.5861063762
84.0327216653
84.7317167382
79.7035852006
79.7694947509
80.6350204025
80.0508244807
83.6564128985
80.3602710308
78.2055702942
86.1983920590
81.6198717747
81.4522780518
85.4677973655
85.4739905672
84.5646990585
83.4730570665
77.1413353085
81.7400289907
81.4729597573
82.0621821013
83.5799238809
81.5763445008
83.5223442708
80.9150062608
85.7804530541
83.2738639606
79.0567877542
80.9711233602
82.1890188928
77.0725340370
77.5921202381
85.7519812360
80.7902878493
82.1048959257
83.7858259234
83.2526438657
80.5435234840
82.2273962680
82.4565853270
82.0766429148
84.5354849971
79.6886253937
83.1585092843
82.6664772187
77.9907042112
80.7679217560
83.8007204486
83.8567984804
79.5383713608
81.8887708212
77.0214483492
84.9023502354
84.6913343460
83.8938961423
83.6914079150
84.1300529692
80.1093274089
84.5625679497
88.0655025817
79.5119133726
86.1380658496
83.8592831288
76.4325426529
81.1563608537
82.2226884116
83.6303512930
84.9140166153
84.5744919270
84.3904267780
82.0307800016
83.8213474429
85.7105137652
87.0907753136
82.3877594150
82.5662723291
82.0843323096
83.3553955078
77.5513401353
78.1624253533
81.2898976267
78.8684979658
82.4025138302
80.9285295687
83.0499720735
81.9684190196
83.9648927435
83.9791258953
85.4232592130
80.7318947347
81.6015598275
87.3847398869
82.2409491637
72.5400727095
82.5860108796
81.8720307366
79.4150591212
85.6578283687
82.5331445991
80.0407709500
81.4729894158
76.8986141659
85.4681374244
85.0104127573
83.9887493634
82.7467486220
85.3501010854
80.5790823445
83.6321565888
78.1737071637
82.7597735182
81.3272967809
77.2855013697
82.3669777332
79.5747642802
77.6129754811
83.9962604891
77.2260822237
85.4534815487
82.8649744026
82.7580318729
84.4175701443
81.7401942096
83.7292184520
84.8253681596
79.8247897745
83.0924544129
78.8923225921
76.4986368852
80.9895402514
74.0350000106
86.1089305206
83.3771519879
83.6509603221
78.7290097487
81.6796766085
76.0677309530
85.3947429341
81.1114355925
85.4789901463
84.9629934955
83.5986341420
83.5832336354
84.5968464543
81.8089867148
75.7346834191
83.5946752178
77.5430767630
79.2698027754
76.1814943941
83.5624793078
80.1360475446
85.3463726925
84.8078102758
84.6608596328
82.5346743195
82.2656363447
86.4686038208
78.8561136438
80.9617860615
86.7653819224
82.8811772841
83.5404868044
82.3363072974
78.4085061545
81.2361989660
84.1706925464
84.0015150065
83.6004177984
83.4213317046
83.3050643323
84.4269344076
78.4708815477
83.3860006021
84.4049736641
83.2993809031
84.2083595283
80.6291546407
83.4946114821
87.0014361579
83.0284466721
76.8077793303
80.8115966214
77.5873122848
81.7206680032
80.8079206656
80.2532545790
83.0935952320
77.3458595507
80.4391015761
83.8405998721
82.5219224064
82.6840860742
85.0291442090
70.6960663241
82.9887111336
85.4868931555
83.7846661619
86.2791202207
81.5783163504
85.7293908567
86.1579657915
82.9003732794
86.8699814139
83.5904236089
83.8130186427
83.8980750842
83.1924118789
85.8428928059
85.0812218071
85.2505389893
82.1735737051
80.2573542047
77.5862505063
82.6978628409
82.3135059157
83.3441794240
88.0337251474
82.3714294241
84.9322821390
83.8009969426
79.6572569792
81.4880285832
82.6857523953
84.3129035332
83.7722510280
83.7195828697
79.0032835611
83.7360062901
82.8869859459
81.7028817379
79.8939394067
82.8945559877
80.8050723601
86.3328032271
84.6741495036
84.0891638547
83.3325794391
80.1023133236
82.2100788724
80.8150370036
83.0967525852
84.9589745456
85.7709889280
85.7949855457
81.3432436999
74.6046393188
78.1316005058
84.2339857673
80.2483629454
81.0088656936
78.6526273080
82.7050029027
83.1374028459
88.4755010618
81.4873428423
84.2268194009
79.0331640586
84.0880117022
83.2698665090
78.0421984444
80.6765609318
80.7733382707
84.7989400375
83.7346936551
83.5767678162
78.8037739043
86.9521312202
78.0186131240
86.7954027776
80.3115270869
84.6122761680
80.8853360563
79.8352500250
84.0937387779
83.1731754259
73.5658282882
78.4367034069
81.0349193118
79.9688670471
82.1244529093
85.2191702662
81.0969854675
83.5103462282
82.1224165008
82.6224056683
82.8191221169
84.4708043829
83.0674909712
83.5248580880
81.1501224311
81.0208928218
83.8700460942
86.2915981175
78.3689188842
83.5770578315
84.2727972772
84.1221130657
84.0723920915
80.6749936591
83.6209278538
80.7683380592
82.3609979213
80.5931147535
77.8878755726
80.0587732625
81.0781108979
83.6137391279
82.1810668971
78.1677980778
82.3542973622
81.4291039659
83.0864941034
83.8489609882
84.8085177926
81.1337500965
82.7961954590
82.6810088539
84.0266666769
81.4253465412
81.2023614772
82.2396706814
77.3104477509
80.6288809370
85.7049625096
81.0189269887
83.3556997780
82.2534018959
81.5854846332
83.9082040830
81.0643102531
84.4002226646
83.5802815625
76.8376810258
83.4494039135
82.2888573016
74.8035217683
88.9071659106
83.4540447173
84.7597468049
82.9128336801
79.6826798995
82.3464489695
82.4919731929
79.6137541678
84.0013668867
81.6661776370
83.0008270780
81.5982955097
74.5478804337
73.7453373148
85.3826883104
80.4575867436
85.0205780255
86.3513953042
82.8397314513
81.7022673987
75.3234144701
84.1705971306
70.7190230052
83.4261714737
79.7683767212
69.9322596213
82.2578920984
81.1115671015
80.2811009426
83.5854844601
85.3834959400
80.6779855358
80.1995183733
80.3360221228
80.0420589357
84.6299308784
85.5905804288
80.5706605333
81.6311347477
82.8530534330
82.4139263982
81.2497096588
82.5210104150
81.2099611466
83.8320731153
87.3357991682
78.0120722265
85.2624124270
78.9229524078
76.2838769682
80.7182602008
83.7040962588
78.3983765303
84.1822045029
83.5278376650
83.5914027392
75.0652523530
81.4228906748
81.6237721074
80.3889594620
82.3265957926
68.8861325255
81.4875166854
76.9954904093
84.1263042525
80.7348452613
79.6665462897
85.9996440412
76.2452150592
84.0909862617
76.6247963341
81.4293276914
85.3457220777
81.5404775740
84.1311683941
78.0963678780
75.4938687266
80.5742082573
77.5409379687
84.0378032166
78.7910440613
85.4807379506
78.2343086499
80.8508095360
84.6608616741
82.8874152143
80.5138736083
81.5053844552
83.9900767747
84.7938645297
85.1629269851
83.8400232016
80.9870363808
81.3082752022
81.5325973784
82.7211066398
86.5982909630
81.3084399910
80.4674670826
86.5034486405
79.6533220005
78.2225453720
82.4600457760
81.6474413246
76.5308053619
84.7802473798
80.7965086106
79.3501234584
81.7819437144
85.0726996864
74.1052739397
78.9357922112
81.3141514921
77.8824418628
85.0759226929
80.2354711388
83.4616386989
80.7780109913
80.6320661883
75.9761097684
83.8498949497
82.6282719701
80.0948444781
83.8932009389
84.5645161092
81.8894731515
80.1072146210
81.4470489730
83.5981191228
77.1044773631
85.0919585962
86.2318686196
85.0869000588
80.6257079220
86.2812056324
85.5348175863
82.8258139333
83.2596067623
84.2851901515
81.3287321474
79.8738052844
81.9218492586
83.2140685167
82.2082599629
84.2152278579
81.9661927372
82.0537738050
85.4584621430
79.0608440123
83.9307422385
79.5856793677
86.2804642184
83.1637242185
82.4724012509
80.4922993162
83.2737492653
82.5944008002
84.7195897903
76.5885842750
81.1092517413
82.8304986963
86.5299152825
77.8631579466
83.5429738565
78.3162448332
78.0366702991
81.1788260195
79.4199980585
83.7107620904
83.9783629142
85.6293913571
81.6963541050
84.3259351017
83.1343300373
86.9367931558
83.9594697384
82.0910012655
84.2674784938
82.0897331356
79.2600460848
78.7615656322
80.3155085358
82.3722130571
83.0272284571
81.8799884752
83.9708611065
84.8305444413
83.3748305831
81.7940152286
81.3391217712
83.3106926631
85.2762757756
80.5809035760
82.6522332130
85.4920434025
79.7199187337
85.1393647975
80.9417202336
81.0572125329
81.2266537225
82.5895159628
85.6497503775
80.5607554767
77.1146824530
79.1604620297
85.7664012096
85.9483249931
82.0724266697
85.7406456779
83.9051646802
84.1027514762
84.7802488612
79.3275316120
84.3433352851
81.0209444581
83.9803989553
82.7810450724
84.9244291434
82.8606410936
85.4028360142
80.9726840911
85.1694705261
84.1170451396
79.8279672915
81.6325694230
77.9492636428
85.9874973673
83.7309561055
73.7328359978
84.9287927106
83.7687665290
85.0543991687
80.6281721626
82.2727918798
81.2818191320
84.5681402942
79.4232205083
85.9924601404
76.8421684084
79.1890284697
81.6236011660
80.7319467088
72.5893384056
83.7178908811
84.0694533583
84.2068899822
77.8017690879
83.9209395181
78.1373272267
83.1553469631
81.1531240385
80.9626152670
80.4988988503
82.2496399409
83.9355531204
83.3758961030
84.4762264877
82.4058093390
81.3312202626
81.3910452321
82.8509036381
83.9502038775
83.7051383191
82.6267999376
85.0907106539
84.5048100166
82.6034849491
85.0172753497
83.7108903262
86.1652413150
77.7683072918
81.9348992297
84.2234382299
82.1811971523
84.3474492996
83.8267178385
85.1015168268
84.0302089108
74.4999821439
81.1055586931
87.0452914784
81.8913781490
85.1635741409
82.0268882331
78.7022513086
83.6650182632
80.3402191271
83.8610542415
77.5305100625
78.8301558456
83.0644471907
85.3766499294
85.7644220840
82.3270864621
78.3050978766
84.0797258256
79.2238667546
83.6796342607
81.9389022950
82.9703580525
79.3648226611
85.8379132771
83.9919237163
85.3863172469
78.8719895401
79.0009159535
85.8821670069
84.1459373865
82.6024845860
84.8212614307
82.3684645929
88.3238948558
82.9778549027
83.3381795551
81.4117634007
81.2903103833
83.7742870674
85.5794505246
84.2746835892
83.1094180401
77.4403810616
85.9181430054
85.3253564098
82.8897228631
83.0480549493
84.6216229857
80.5948599409
81.3821503654
81.0841522175
83.0648126048
81.7232025066
82.5748198854
80.6969592223
82.9410808405
81.2174377589
83.5211214697
86.7586140434
81.3838796480
83.2338367216
81.1259981870
82.7113469304
81.6096721844
84.8099337776
82.4993583368
77.7090815992
83.7469656452
78.0005602298
82.5360463016
84.4954736155
83.5678823958
86.4259370707
83.5473090537
83.2138913483
84.4495541077
74.5845117107
86.4755314618
81.7625445671
81.8509708924
82.6616200771
86.1773742605
81.1084221842
84.6073216979
82.4717136270
82.1890846646
81.8782617135
83.0228945105
83.1430508776
83.8912722858
79.1087028567
85.0611084415
84.6384077240
80.0826758932
83.4696774547
80.0897877327
81.1275243705
79.2661519720
80.7585093096
83.4410983617
84.0440689882
80.9492351014
74.0836841855
79.2641956151
83.3924967203
83.0694444383
81.1180492660
77.0189192818
76.1194356883
81.9878166831
80.4508225182
83.1519047727
82.5197822288
83.4050820072
83.4730934135
77.2504027316
82.5564269671
82.3161031172
81.7705116233
81.7387287770
76.8058283237
74.9727819819
84.6936022377
82.8894819906
86.1791332354
83.6210790249
85.5712276418
80.6407832019
83.7082192648
84.8843923263
78.7816007725
84.9615923128
84.4786503720
79.8956069084
81.9381705830
82.2088707778
87.7029470498
78.4708190132
85.0421412523
79.9835463890
77.8073455360
81.1805507975
78.5313457257
78.0437642382
80.0380059518
81.9962497681
79.3119993062
84.8276489652
85.2703513218
80.6393877681
83.3620340865
81.2177660196
84.1890803602
83.3646480391
80.6900998655
82.7998961846
82.3257641790
81.4262786464
83.2263967162
82.7511246127
82.2515705757
81.5055920340
81.6737483379
86.8138085534
78.6044358048
82.4181596112
79.1677028552
83.8166762911
85.4308975805
79.9573093539
80.2057426191
81.4626378423
84.3936058742
86.5007278796
84.5951379169
82.1095575212
85.7493322125
83.3070462934
81.9021384495
84.2758559200
79.3194122588
82.5060555690
79.5759267259
85.0396448847
79.7508340276
86.8711217158
83.2521850966
86.0694368832
84.7092856242
82.1304064756
83.6469077181
82.6935909294
83.5903879002
77.8732171995
85.0390562832
83.9206413098
81.6244697885
81.4834584529
82.9207320991
85.4049275810
82.5430631201
78.7465206672
82.1648252089
88.8393561022
75.6543527255
86.7692978962
80.5660601504
81.8561410224
81.6539569316
85.1742588349
82.7321993249
85.2432928933
81.6669284943
84.9947907112
80.7727244094
82.5550371129
82.2170497970
82.7240094654
79.1638823992
83.5683760492
75.8826999312
83.0069842212
83.5128730483
79.7611082012
82.0736438589
83.5644220256
83.5376471261
77.7103880244
75.3795538206
77.5471930203
82.7362977715
80.0403235177
84.7854118547
78.6543470216
84.6146977453
78.4668349058
78.6033394364
78.8127747258
73.9300668473
80.2786167031
83.8103942103
77.0849073522
78.7021330333
74.5495551359
81.3778729546
80.7056426839
84.3963354692
84.3781816967
81.6772558202
87.0614216463
82.4777020336
83.9901946798
81.3945461733
81.7879688813
84.9362667241
80.3476888556
84.0358658112
77.6642301516
79.3977634204
86.0142484724
78.8544615405
78.2772955927
80.8624426808
84.0355646578
81.3134289704
82.5043258548
84.6175712191
87.4060089926
82.3566691739
84.5243460517
80.9701494615
84.6293790361
83.1544783660
81.3092118190
84.3605187090
77.7153587076
83.9265781501
80.0337113519
83.9759601023
85.2082892275
76.1195114135
81.3799060365
81.9856708302
83.8927802270
81.0193378459
84.3135962867
82.1827278629
85.7733798354
84.4716018512
81.1516985519
80.1331498523
79.4035630314
82.9728981940
82.2626261512
84.8383441842
88.6982828033
85.1604306172
83.3964393939
83.9808756892
81.4433365317
83.0031487803
83.1264412469
84.2198800904
82.6195848737
84.5021196009
80.6721649785
87.4442889723
82.9190954367
82.2036847788
80.6022933410
88.5052119602
85.4088011635
84.8256403762
80.2725983379
82.4697174014
72.9629030132
84.1823917042
88.3293039557
79.3937342258
82.4587869642
84.5668893561
81.3980652305
82.8567598344
78.9686926563
81.7422750571
80.4169780782
75.9939866373
82.4042168780
82.5363330831
74.8991096765
86.2991688196
84.5864821095
85.4962627598
83.1889604246
82.3914961152
78.9329126414
78.4223463317
80.2859167820
78.3585360971
82.7054956297
76.0654136011
81.2064384945
85.7180882718
80.0561161531
76.7217016909
81.9048116182
84.1452577960
83.4255497622
78.7321299491
84.2808779325
83.7252456072
77.9698689694
74.1956340749
81.6012331299
81.8701680362
81.7501141633
82.5857453061
74.6641382074
76.1242287298
83.8220099405
81.2428707947
81.3186699973
83.3775507328
86.5673241244
81.2072849533
84.2487183253
80.8893036510
81.9910548367
82.6344763678
80.8824658855
85.6629236842
82.4384467495
84.2410366364
84.6924463695
85.2965045869
82.9810530096
80.8502818548
75.2760004672
81.5909436510
83.1264523076
83.4792613202
82.3556004755
82.9894505275
81.2949745510
83.8367274609
81.6634938396
80.0759168258
81.1550856720
78.3334160056
75.6210706967
83.6169515642
81.1972387652
81.9461571727
83.4696742775
83.4063999352
81.2864629056
77.7157168953
85.1970089750
78.0253613889
82.4097411380
85.4875541245
83.1268816517
80.8660152630
82.0883163666
74.6820882202
80.7637676763
80.5572259810
83.5151176628
86.1247813952
83.5284215986
83.4966564511
84.4016240915
81.2929447320
78.9019235453
78.2329829577
80.6521806761
79.8372271499
82.8978664660
82.9188654771
82.7287916825
70.6466228057
81.5532412034
84.8790096562
83.2106705923
83.7921585399
83.3622001499
80.0306964926
85.0115485110
78.5893231210
82.5167909886
82.7636341591
78.9391476867
82.3376363730
82.8821491229
82.6908442569
84.7850444778
85.4490407243
77.7619819850
84.7491910575
82.0696479567
80.1824707301
84.5560485472
81.9832751456
84.7604789240
85.1899461799
84.8845354595
84.0156985410
84.1285734867
83.0749825479
87.9715947396
83.0005192266
83.7319237306
73.4179632201
83.0941843124
80.9087560501
74.3575627107
84.7141305998
80.8524752942
73.2929568136
76.9073818666
83.3928904499
83.3866123880
81.5554250922
84.3723419914
83.6828331246
73.9021906843
86.0186968157
83.8687095272
79.1039802846
83.7225917480
81.3822363220
80.0761371868
82.6876994785
75.9153193341
84.4489309855
74.4412044133
78.9936961448
82.3649887635
84.9040555262
83.9459590170
84.0772751969
77.7702421534
76.8252324978
79.1907158892
82.7822425392
81.7577915732
81.1207763644
81.4663712896
73.7706676568
81.8500969834
86.5177759665
84.7982313270
81.8344287516
85.4616902437
77.4576195527
75.7250992464
84.2893781595
86.6845099740
78.9314083143
84.8997323766
79.4020477235
83.6429488473
80.6433899953
79.0271558655
84.0486367982
82.7795763312
85.3782630589
82.2983095201
75.9050207665
80.3333620402
82.4864116978
82.9398504664
84.2953533095
83.0062797666
84.1288482865
85.0415977916
84.3374053741
84.0046326080
78.9224797584
85.2231397299
82.2428855050
84.6175329247
81.6110187750
82.3378897972
85.4759492978
81.4648898961
83.1150560132
84.5549025446
78.9446007628
78.4064497930
81.5871463289
83.5835916283
73.1122011104
82.5790873171
83.9565699805
81.2862877074
82.9917961325
80.4707637713
82.2379929011
81.6546686951
83.2088849204
81.8560979278
84.0705801006
81.0685128226
82.7002235800
84.9617958573
80.6638191000
80.0004308853
79.1438458470
82.8395770308
83.6976267714
82.7250420889
74.3374905932
84.9484236017
79.0199786796
81.7492563311
84.4645851286
84.4833675812
83.4651256902
81.9804381491
78.5365976388
83.7784144539
84.6398142694
85.3039876842
82.0808888952
83.8216486089
83.8506746713
78.8962202208
84.6282132492
81.1510672904
84.0124104688
83.9161915769
84.6603663636
83.5638060863
86.5951844620
83.8825234850
83.7065584072
81.2882742452
84.9956422425
82.6175183775
84.4999432985
85.7959083533
79.8469122259
85.1038297777
85.7065616577
82.6000227417
84.6890578374
79.4569063818
82.0581414704
84.5482213734
84.8648227157
77.1439928878
80.2068965674
76.2761427131
84.2833714484
83.7168757848
77.6339264604
83.5920532562
83.0229660472
83.0376383222
83.5901374005
76.1168252652
82.0903732087
81.4985301026
78.5333366274
82.4123620189
83.7202391344
83.6278333078
76.9654818477
82.8872402042
73.6522766459
84.9457863792
77.4924764331
83.1277810669
84.0675462472
84.8189243348
83.6902915244
80.6498197793
85.2346480729
80.6853669079
82.0689307507
81.7650225436
84.2308106826
76.4587155924
78.1302306001
86.2998377631
79.5932746605
87.2567504081
83.6137694872
81.8006617840
81.5325663152
83.4889386023
77.6964464278
83.7333034394
82.5740065270
83.8028340309
87.6495866851
78.3167147508
82.1536388092
81.1744553074
82.6571565945
79.1512057037
82.9128336801
80.2325065905
80.7353992419
83.0815141856
84.3824745966
74.0342355548
82.6379037382
85.6295948250
83.2616870519
83.3975866375
78.4405987160
83.1117348447
82.3461793165
82.3710184755
84.8154897833
82.5812490604
79.2960677474
81.7232250186
83.3129687885
83.8721854258
82.6867329647
73.5200713806
83.2999404124
84.8470493332
82.5614201260
81.9953253435
79.1255414281
83.7574993640
80.6288809370
83.9140317237
82.9499817050
81.8658983699
84.1890787135
77.7239441503
82.6282914202
80.8029576587
81.9063056185
83.4288361297
85.4212806122
81.4012904304
85.8530852918
88.1284575449
82.8677736541
83.7345356703
84.4204985222
82.2962303271
83.0594005928
71.3693713828
79.2639108596
83.4888581761
81.7979387015
82.5669222193
84.3968167345
76.3431328286
84.9577472196
85.2757708696
80.7764743315
80.7154802454
73.2012738895
84.6333251802
80.3500124662
78.4097961332
84.2247969918
83.1661297271
86.4796764151
78.1463256739
79.3514953922
79.3653356968
83.2386250881
83.9916827276
83.6381751508
83.1704834033
83.6914771006
83.7309418403
83.7099511489
81.0634314372
82.7953523238
85.3221709350
83.5889866027
83.6485069555
84.7077159370
84.1627830968
82.4337083450
84.3347950552
80.9850448007
82.9934390710
80.4050605656
81.0991936513
84.5926374833
80.7109540045
84.5208423110
84.1706684244
82.7510948311
78.2843607325
84.5079225563
78.8367249097
82.8849803883
85.0348175229
83.6637248684
85.3361575306
82.8219301925
82.9734625680
87.7769614574
84.0071566205
86.0233080612
78.7002326434
78.9794523828
85.5211422001
81.7204327158
80.1558222347
82.0114645534
83.0079053385
84.5487193349
83.5434094262
75.4988583346
80.3271254692
80.1695196316
79.1234262317
84.8912568421
83.0731574191
79.3536064108
82.6653209635
82.0360049561
81.9206704824
81.3997874912
82.7527835329
79.6210303850
84.5567046454
84.4568165780
84.6709478546
84.5139148003
72.9414133859
83.8319417195
80.9735670814
83.3607345825
80.1684257521
81.6048234102
83.3683413083
78.8178722183
80.8384904912
84.4275542009
82.8968368516
85.9882578881
84.3855551474
84.9732917609
84.9363831839
81.2895954279
77.4023225940
83.0206614226
80.3022174447
81.2645523995
82.2495439956
84.1941672868
83.1004633795
82.8589886309
82.9379481158
83.3624075381
88.3232048139
84.9718596294
85.6321189534
82.7450929188
83.1299174997
81.7661908756
82.2799671050
79.1495408774
82.3342944900
81.7334379953
80.8258077176
83.6351895725
79.0974102034
80.8737820309
76.8745736617
84.1380438840
84.3956003029
83.5507414645
80.5288749621
79.2764415072
81.3857159038
80.0380059518
81.7725703646
78.2173384851
84.7275780922
76.2102366518
77.7034031602
85.3772497939
84.8630880149
83.4865949971
81.5716865859
84.9706532472
80.1330896239
83.7202391344
78.9483291472
82.2634620057
79.5820713013
84.6793585239
85.4375544127
78.1927041731
83.6039700462
82.7796718057
81.8630224978
83.5619841003
80.4803897726
85.5345265432
74.1935934409
83.8584628520
83.7889497032
85.6544439401
77.3888732169
80.6790744466
85.1161416426
78.3467914694
84.3123733604
79.7586741784
78.8258760838
83.1794454594
83.0040562258
80.2229256714
78.6404746818
81.5161614323
82.2363796629
78.6588231198
81.3935401439
78.7861033300
84.9404750345
82.6108592432
82.8380128119
84.3490423360
81.5225947465
82.6379442871
82.3324569460
83.5993479888
81.1502400337
83.8705787986
82.5355054558
80.5534545028
78.7995658499
81.3822363220
82.6888357629
85.3458524818
83.7996434230
82.7279042995
80.1371349913
84.2743251315
84.1084035000
83.0850389683
83.6549262418
83.6609807196
86.6955027520
80.3072262731
86.6139766052
85.4084842924
81.6840898133
82.1833841736
85.7092645922
83.3158160118
80.9979905975
85.9422669128
85.3864250859
82.3134038543
79.7812036535
83.4097674790
86.3813717803
75.9729965349
81.3317604527
81.5660291552
85.6933970357
84.9962789932
79.0546470775
82.8400715768
85.6348580214
80.8915180737
82.7365152405
84.2811679207
77.2050448054
78.9653300561
77.0771282439
81.2660772237
85.2333123234
81.5645301298
84.8837817189
83.9418787178
81.4579099045
82.9548223447
84.1081903090
84.7924328887
83.9399412636
82.1390007466
80.9061198439
82.7397082034
82.5727453263
83.3666097536
85.1559808556
84.9958492406
81.8344567629
75.2910765039
82.4312786808
76.9114210554
81.4982020819
82.1707409326
80.1835497618
84.2083595283
82.0679588167
83.0506522943
84.6132582353
82.8297939109
85.4658162658
79.8371413328
81.4735302242
73.7413554881
80.3006449408
79.7299567068
79.3748470058
81.2433081739
77.2838983834
83.7951790127
81.5561497971
72.1279942720
80.1939195127
86.3353323833
84.6300843975
85.2189011224
83.3251807760
83.7406841918
82.6416692109
80.9091845331
81.9423515890
84.4171580213
85.7219455799
78.9652564839
82.0986103061
76.7627698360
74.2269282647
84.5734182293
84.2991074376
86.0020297146
85.9184648842
80.1582830051
85.8364008768
83.6041645956
84.3373769699
83.9693669446
83.7506036060
82.6773624378
83.2976630324
83.3154217236
78.0433988898
86.8467592631
85.6787396708
85.2148928602
80.7450440593
84.4771523855
82.4559776633
79.9106738947
84.1972585973
83.4190133120
80.9010067849
82.2759464795
82.0946963699
80.9525898847
82.5863728772
81.6610629930
85.2595554773
81.2856874454
85.6995292020
81.1632488134
81.5361596558
77.1138811687
82.9471345475
83.4275970810
85.1766810596
85.3018434848
80.5034901128
79.1680440772
84.5958495196
82.1722216511
82.4254073625
79.0987798994
82.7181321717
82.2581091495
81.2529957638
73.1044446046
84.9110242075
77.2368090960
79.9392811995
81.7684389389
83.8852135840
82.9137961837
76.3200173074
81.8824937593
83.0263509447
81.2182291831
80.3726437538
79.8210019944
84.7020182813
80.4013779288
83.5038979986
85.1373603908
80.7552261849
80.7299532479
82.8400715768
81.7398131368
81.4087889722
83.7038101292
82.8370684212
78.3684330413
82.8275750901
79.8340447947
85.8588947233
83.5644400599
83.1592479867
86.3616426288
82.3429902178
83.7922615426
83.8323122957
77.0582408023
83.5259658474
83.8836921383
79.6151666743
86.7787412805
81.3533450926
84.0393054336
84.2260364557
78.9926171004
83.7128519430
83.1598965365
79.1460790702
83.5377398041
85.1770455861
83.6032642516
71.9186238167
81.8174196174
81.8274301529
83.3740160206
84.3725532216
78.5259872808
76.6227186629
76.4148070913
83.5059643548
83.2051931108
85.6402785972
83.6517594001
80.7388229261
84.0943472121
84.1606598840
82.7724839766
85.0605107989
85.8652676578
84.5716070111
80.2970806604
72.1139921697
79.0662357873
74.1272645185
82.2206719447
82.8347620114
82.8863043928
86.5549356992
82.0318342574
80.9282996008
81.4674385107
84.0936224658
86.4036611810
81.2837384705
72.6432974655
76.7393273683
80.7823524765
82.0120945278
78.8605487216
78.9854922469
81.1730015959
74.4044020395
85.2796875304
75.4700966483
71.4436046198
82.0961438587
85.7181580110
80.4598589600
81.1849726211
84.7976634403
82.3860427647
70.3059612010
83.9517213563
83.7135260876
79.6896093538
84.6331549551
85.2802623121
80.3225933293
80.8673022968
86.1815378549
75.5657257814
85.6930579344
82.0680411611
79.9173331402
80.3123143450
81.6371431781
82.0650378432
70.1808827623
79.8300321219
83.1830823514
75.7488416927
83.7228961500
84.4144302058
82.7452183013
86.9063164113
81.8459130854
81.6968946368
82.9907574981
78.8030686139
77.6065393950
82.7443832564
84.2081344370
82.2892426722
83.2285053297
84.4621532615
79.5986881099
85.0325574400
83.7366489881
83.5577429306
73.9768686179
82.2603042190
80.8859196313
86.7152773416
85.2576594295
85.5822243184
75.8709488915
85.5878051581
80.8911147395
84.2221009644
85.1788434090
84.0261592499
81.2433070784
84.7515748540
78.2219196739
82.2600482874
82.5178163577
83.6593259978
83.4483526443
84.0397054072
79.5335215000
80.0462682834
82.7996277246
76.7016649805
83.7466361080
80.3434042094
83.3332566241
80.4663800385
83.6363297206
80.2365292910
84.9009557242
83.8964083199
80.8597260391
81.2881919073
81.6007775030
82.4420003641
81.2486698419
82.1303066345
83.2079354701
82.1103597404
85.9261493399
81.3087840807
83.2696462831
85.6295948250
77.8706779832
73.6480594690
84.1711921883
70.8611969386
82.7902703016
85.1373603908
75.6131418849
80.4848632586
83.0678648827
80.2333649387
76.7445893934
80.1898418992
80.5261376507
82.0475702584
84.3515360949
80.8246840259
81.6760009803
79.3842800694
85.8616242110
79.9091480393
80.1955755781
84.3009134592
84.9225780695
87.2281011609
82.8265879188
84.0060530626
82.5893279994
79.4461620362
84.3398507058
80.0862815345
73.5192783948
82.6472923114
84.0034902925
82.2845483772
83.4769371433
82.3107007772
81.9359964670
83.8297097279
82.4504459647
83.3080938902
83.7272141229
79.1233263255
81.7123681639
81.4889984714
85.0968094345
81.0583575906
80.5953932950
81.9236748186
83.5157999120
81.8365148654
83.4958337071
84.6129681571
83.1338913680
77.8731490226
84.2068629743
84.0810639111
81.0612353704
76.9007296199
73.2696369532
82.2740079377
81.0271546606
85.1268343030
86.7967146432
80.3341187460
77.8654009259
83.7920530277
79.7473587354
83.8886044574
80.2022367192
85.0253468561
85.2827109443
77.9831447972
79.4193451581
80.2268774011
79.3716488491
85.1056401313
82.3213026761
82.8500884837
84.1353854928
81.0880218257
74.9919256028
79.5763975830
84.8826480709
74.0080148800
83.0070237426
85.0265010701
82.2916400654
82.6245144899
83.4481913135
81.8357004301
79.1371199849
79.9273860996
82.4332889273
82.2676269992
85.5460869616
87.1472014629
83.5391155430
86.3409052337
79.3245254599
81.7551401241
82.9058577499
85.0015324075
83.3691394933
82.8579283155
83.4342204339
83.5455775573
82.3520695391
81.5959793772
84.0017661898
84.1490627120
84.7387274096
79.6628810678
82.9821014953
79.0799209429
84.6866487831
80.2308236777
81.6387686795
81.4170928240
77.8247959442
82.3515440095
81.8560154802
83.2304136513
83.1140708926
78.9178148619
83.8622840885
85.6181828535
83.6501063512
79.9779379362
78.3021812187
84.4817811737
83.9212459205
80.3794360959
83.3853401857
85.1750694135
83.0793797726
84.0427629659
82.3285439604
78.7531952890
82.0444607236
82.2863300392
85.4611522716
84.2487428048
81.8114478957
83.2725091787
78.6777960896
81.1071614395
79.7712294673
82.0692658691
83.8732836571
86.1258136278
78.5602428989
82.9932764620
84.9486297483
82.2704031392
84.7317664344
84.4509276489
75.1824838819
83.1204030559
83.4593680802
81.3881901537
86.2730806538
83.6431748539
79.6561527374
86.1954744834
78.3198140324
77.1869962499
79.2623471964
84.9445331445
81.8675599105
76.7140912982
81.0225479648
83.6641555658
83.2951929778
84.5053912348
82.2306289735
82.8550095493
83.0057498258
80.7601782307
84.7232496953
72.4758360902
80.3422042191
84.7286323507
81.6410239640
86.3020525734
82.2739802498
82.5621658626
85.7050256529
77.4835299437
82.0698984840
84.4009423296
80.0752425778
80.3915818925
82.6757759271
83.5453936343
86.5569068614
79.5266588270
85.6127688416
81.5074654055
74.0720622630
80.6169620364
82.1028137205
80.8119259854
85.3849047202
80.9433904313
72.4320863628
82.1732127218
84.7065142272
77.5622195186
86.9143858104
84.7593756422
78.9452804684
79.5501700209
81.0070215262
82.8803043931
82.4400781256
80.9929613154
73.8285430827
74.8574958653
75.3302053845
83.4025571412
78.3365329038
79.7815256853
82.9338764681
85.0402132032
84.0929141500
84.3428492385
82.8181328950
84.7839733531
83.1895825834
83.3902350312
84.4499611864
83.1479171769
84.4343809829
85.9404133929
82.3874866675
71.4747027205
83.8585593656
77.4871765492
81.0609249712
73.8718387467
83.5072068896
81.8520128097
87.6939102532
73.7727271443
81.3009793204
81.4384193730
82.4385816138
85.5433864717
81.3118651697
84.8604416205
82.5643337780
84.6403226244
82.7087570484
84.3474816963
78.5736810159
81.6915152138
80.2198610477
74.9474775046
83.2055554211
78.1642396748
83.1774680806
82.0694774692
82.8673391444
77.3179874963
85.1405588890
79.7932275818
82.5442929089
74.8839747642
83.6004250685
88.0001505471
84.3751625586
83.6481601900
82.6380668777
84.4594289040
81.7741315836
81.8261743830
83.9319994092
82.2472715331
84.4037841249
83.1343279542
83.7069814985
84.3806079352
83.1159398106
82.3676341146
79.4617174264
79.1676381505
84.9037478232
84.7422253046
81.4770070053
79.2494962379
80.4198392214
77.0000134142
85.9608619372
83.1708004076
81.5619515657
80.5684068984
81.6078643052
84.3740679679
85.0031938258
75.8671188615
88.0389650566
84.6630238073
80.0374784712
87.4075892505
84.1256123272
81.8006744672
84.4215286913
83.5357968882
82.2235217305
82.1332909125
75.0455227746
83.0373990362
82.4729534658
83.1864639617
74.5706947286
85.3368740595
78.2900036168
75.8543101343
80.0979371839
82.0554881619
82.6448886805
83.0039351424
79.4850196852
78.6509295531
85.2600253471
81.5859521790
86.0045694507
83.5947455713
84.8912765169
73.9690517617
81.2977702352
82.5788401571
84.7157666801
81.5612544112
82.4588659044
82.7971946694
80.8749424956
83.7141997474
83.5905295319
83.4519155331
75.8833257397
81.1445091671
81.5300625025
83.0479496569
83.6266532197
84.2023192726
84.2834508686
82.2702043120
83.1449228170
83.4043319092
84.6113937828
84.2643358947
82.2476145787
80.4776322063
85.2570684145
82.5431603470
78.1560652063
82.9030664332
79.7096026436
82.0223351097
81.0053642296
86.3934929253
87.1002264598
82.3946137969
77.7181381088
87.0346963474
84.4313180586
86.0764918560
76.8020718318
81.2856181248
82.1560462697
83.0510105138
82.8343707144
81.6809990575
80.7899843526
85.5298302620
82.2173949729
82.4173329712
74.6680455443
75.8004314464
79.8154575505
79.7694239748
82.3559058234
81.8727090057
84.0655636692
82.4261600617
83.0432374845
84.5490874433
84.6268059022
83.8948893796
79.5400629724
83.9849413169
77.1356334730
80.3178507840
83.4224513504
84.6734085022
83.3150132686
81.7622543877
83.7763199469
82.9174101165
79.8909740433
82.5981957244
82.3193854300
74.3429881659
84.8330139776
83.1170468051
84.0093236006
78.0791851608
77.4305295869
82.0165890555
83.6916115127
81.7610492309
83.7352777461
81.8893108209
80.8753379193
81.1475893499
81.0812870702
82.6835843000
84.2953159172
74.5003312311
72.8241927079
80.6894705548
82.4552474648
82.2384392416
74.4364205906
80.4483487931
82.0754204290
84.4700704894
79.8852852451
83.6773626897
79.1151942042
80.2412753278
83.6461988266
77.1708360828
83.6772962919
80.2706475029
85.2327560694
73.6103953353
80.8793746908
84.8724746235
81.1089742109
86.5500163428
85.2430439630
83.7768097259
79.3066773826
85.1607355242
85.1159059475
84.1860858435
76.9852711888
82.8253208044
81.9146878538
84.8894028328
80.1454674895
83.7771246076
81.9433448580
82.0102242643
87.3976887652
86.8251416346
72.1254983033
83.6176572993
82.7393638925
83.4575222716
83.5471543710
81.1385932855
83.3818753896
81.7553460158
83.3496446083
85.1012388186
83.4259474912
79.3440770724
82.1702589361
81.5082005193
79.8503106153
75.8046017671
87.2254310100
82.2919995147
86.5961278767
79.8265483294
83.6878830714
80.5343550928
85.5151229769
85.3760494108
81.9681794314
80.8979589906
83.0569569523
77.3524519333
76.1032713635
82.2485272194
85.8668959685
83.6142507575
81.7647102736
83.2994907325
84.7008980361
83.6352279242
77.9607661202
82.0204068324
81.8341705320
71.1086487809
82.5324697664
85.7874019187
84.6570255100
83.8897103024
75.0433714704
87.6925846500
81.7102394996
81.0958780600
80.0592257812
76.1616258643
83.3342784089
82.2502816586
83.3913290794
83.4492736791
83.5891073019
81.6348391460
79.1177016782
73.3454003383
83.4316033371
78.3313584038
83.7772805584
83.8967914290
84.2895328154
83.8337416237
80.9851117259
84.5891266002
79.0402729343
82.9564407803
82.1782566006
85.6045957519
81.5025317512
83.7215792917
83.9254109614
75.4084543947
80.7884503193
81.9397958225
79.7858956201
86.1692974758
78.5091065982
84.1925471072
83.9814334471
84.1632834783
83.1018407327
85.9301304271
83.2138213482
81.5572368505
81.0697357250
85.2870487845
83.3053016073
83.4460442317
83.4745539521
81.4400150614
86.5413979167
81.5640958820
82.1399119129
84.0039229244
84.5114183811
84.2354954148
81.1632165086
73.2679452431
83.9621400986
80.8759369669
72.8300731487
81.1271104098
83.5191487421
83.3146031433
81.3426375378
77.3121723010
82.9872723824
81.7078464753
82.8219654956
82.7189390097
81.9818221542
83.4171268645
84.8524997498
83.2078699708
83.7002082319
82.3318717791
83.2049025118
80.6545637264
84.8067914660
83.2893568026
83.2950586279
77.7724123636
83.1884766550
84.4596309477
82.3840169979
79.0497203323
80.7520983188
83.3182768017
82.7262768158
83.1181054647
83.6902574108
82.6278610435
82.3058965207
83.3919905999
81.7999845335
79.7651707332
85.2523484039
83.5277587112
80.5277002938
78.9772564946
82.4201940794
78.1864091839
79.2293725468
81.7310212026
78.8553514565
80.4433645138
83.3602204116
75.4415941605
81.5878694794
85.0986837443
81.3639067390
83.1260237880
82.1498327402
80.8825120453
82.9651521009
81.4850351345
81.2718731240
86.0535432088
82.7419397447
84.9021059162
80.2979382011
81.2556459234
81.8158510694
79.3951434565
83.5299032603
82.3591092836
80.9525322446
87.0530669182
83.1626647370
84.0592471820
79.5052565225
83.8305015648
85.7102062173
80.4136790736
83.1884048570
81.4463010936
82.7934734942
85.4247661724
82.3596856946
82.8379395549
80.9350340474
80.2324548813
87.9988564193
83.3842464353
85.3342569722
84.7572884926
77.5394775840
80.2603083996
80.3901452024
80.8371335807
79.8049390434
81.5521555297
81.0447357877
76.5896709719
78.0270402145
78.4478058377
79.1844247325
81.3999980489
80.2867447090
80.3843448541
81.2430422735
77.6195119700
81.1259113340
85.6319758461
75.7180339079
83.9475602226
86.4032890847
82.4364071751
75.6176156717
82.5092283244
82.8647096466
78.2844382722
83.3648705102
83.8979245359
83.7425456275
79.6884211809
79.8779765729
77.4594634209
84.1271917817
82.4342394155
84.8211237770
80.5824880705
77.4731856117
83.2144925742
85.1732225656
87.7926170626
74.2563433839
86.2963537431
81.9179151218
85.3929662092
78.2426495569
83.4368027436
83.4099990127
83.3333979864
83.3503112051
82.2608611235
80.9827642223
81.3720464133
84.3517173911
83.7871173050
79.9548722131
82.6929326018
84.2284933386
83.1627957925
83.8624792973
84.1675375088
82.9996000861
81.6019517038
79.1946978168
83.9215337807
83.1023245613
79.0921072833
84.8089241897
82.6825685940
78.4356419104
83.2688853875
85.7293150651
78.9985089867
78.3301938322
77.0106851318
80.3620965605
82.6972229480
81.3066827942
83.2720929567
81.9150306833
82.7054712292
75.0233377188
80.5494163938
80.5209235267
79.2975971823
82.8101868221
82.4070348816
82.6789161379
81.9516715674
80.1052832651
82.7745070523
82.1297840021
86.9748541361
84.6720287036
81.9777077330
86.7785296050
81.9189666234
79.2331094921
83.0016015911
78.2115863270
81.1233882796
81.8792080366
84.1159231195
80.5040570193
81.5171305316
81.0691917422
82.2951928371
83.6949697886
78.7350916118
82.7784196282
87.3948072687
81.5991377509
83.7614684352
77.9096106916
83.7837408520
83.3700389085
83.0936919879
80.9517362988
84.4753107176
75.7919117888
80.0096764298
75.9502200462
74.3120542045
82.2897259985
81.0018562858
87.8125866378
80.6753910336
82.7685881703
81.2084173839
83.7162569015
80.3680371917
83.0432374845
78.2917775259
87.4914467786
83.3512479772
86.7853046088
83.8385060789
80.9833919619
78.2043664265
80.2384554994
83.9837904214
86.5481348850
82.4219478269
81.0146975584
84.6993182942
82.5671480322
82.0819790240
88.1721795946
82.1674315274
79.7017619573
84.8900236082
79.9216332957
86.7990544089
83.8090349949
82.3083196470
78.7771685896
83.2583344635
81.3593167608
85.6598776140
82.0892247328
84.5147554117
82.8996767553
79.8496673390
85.1251259919
81.0565748822
79.8560970678
81.4724975898
80.5509819503
76.7657715242
83.1044372240
76.2702209779
84.1448001757
83.7504280205
76.7806958397
73.5647821046
80.8109727214
85.3250433458
81.2360087422
85.4469998509
82.4625018699
75.9805211888
83.8098122758
83.0455607841
81.6280563413
79.3512963134
80.7550840975
84.2778578989
72.0277634266
84.9415416414
83.1634149524
83.2672261163
83.4802322476
84.4490025600
75.2369538371
80.3354501953
81.3528232224
85.5573945955
81.4412638511
78.5694726582
83.4769710242
78.8506006274
80.7635759717
84.0378393943
82.7449680186
78.7478752729
80.9393547786
84.9900466121
83.6973943661
84.9266255253
82.1370481218
76.1914994131
83.5893846187
86.5217182494
77.5557551380
86.2053817280
83.0546982057
83.6417874964
83.0543929453
83.1136005628
82.6269537220
83.6968988548
83.1509808478
86.3624253382
84.8979392531
76.7285521868
76.2510784726
79.5147146653
84.2882976602
83.4041288581
82.6910002359
86.4065818416
81.8483985496
79.5623731832
83.2440205133
81.3322378732
79.5520455300
84.8305819363
81.8192450525
79.5824665449
82.0622186954
83.1245989388
85.1349312867
85.0321060489
83.4391280665
84.0229039936
83.0958677743
82.5921806285
80.6844798039
83.9233380741
81.5810073193
79.6603792825
77.5561855302
85.1539728209
81.7981234494
82.3954815331
82.1642075291
84.0616665006
84.8923959047
81.6687608042
80.0802739059
80.2229994402
84.6686869336
84.4726102783
81.2207804896
82.0894644066
77.7312093432
84.3488160634
79.1139564821
82.8606079574
76.5553524148
85.5961815618
79.3288384512
85.6070557128
80.2553033195
79.2084954113
75.6106271820
83.7132385767
85.4170361498
80.5959987350
83.6230121994
83.2987486000
89.5379780258
81.5808250280
86.4900868586
84.3752674026
82.4997056325
85.0438039592
82.2496800677
81.6499935730
78.2955172844
79.6101191740
83.4099220379
81.2898976267
84.2793284296
82.5362019665
81.5042392428
79.6952756193
81.7171553433
84.7159225213
84.5947620035
85.2186374850
81.4400694802
85.9052310615
79.3586540698
82.8020614049
79.8686083555
80.0077080618
84.7126426822
83.0598696410
81.4446576955
83.5324063234
83.5795000979
87.9368773079
82.4732349316
85.0040647029
87.0351259801
83.3969145111
86.4453072113
80.0261202531
84.2414478331
80.2036771297
80.6135528662
79.7956565828
77.9785845962
84.7842582055
83.1334718981
83.1510317106
82.2732077988
73.4588117008
84.3738547614
87.8831263304
83.0562239467
79.1712224945
83.8720396453
75.1202347597
81.7561663386
80.2210900446
82.6003360925
82.5520733549
83.5539961995
82.4715117809
81.8528164512
81.1830708923
81.6681434236
77.8547922426
84.2725733678
81.3012540509
82.8119290010
76.5163605539
76.0228997419
82.3483201652
85.6571381454
86.0334631455
85.1688760082
85.1588909084
82.7398742716
80.4443554087
76.5100116693
85.1634602040
77.8668094346
80.4042349809
85.0262475092
82.6590425328
84.3730915977
84.3902393947
84.4733919957
84.5888480886
82.7998961846
77.9553760836
85.8686885904
82.4623630128
81.3078303752
83.3496446083
84.4169268296
82.0564048665
81.8820035161
84.9321124785
80.6599266690
82.5386616792
83.9152465634
81.7498856099
85.1571337243
83.0408634368
85.9256964206
80.5397454713
85.8889952157
82.6918653321
78.3196163630
83.4761046313
85.2564233917
84.0319811359
86.0561698311
81.6458547228
84.4450734391
79.1851898617
84.0944908608
85.2950777729
81.6938087645
81.5230127458
79.5971720228
83.1009498417
80.2422724836
82.7114681077
83.5254448556
83.9221360309
79.0952839449
81.6089351669
82.3219364364
83.3048016048
83.8016791720
80.1799438578
84.0443445065
86.2904529485
76.6161871451
79.7538451069
75.0175355103
84.0821468867
83.5797437401
84.7127950684
82.3339587368
82.6794408758
82.4209261083
80.9358480869
82.4101469757
74.7036568611
80.1787164996
79.1445493106
77.6607914878
82.8277911828
84.3526435118
84.8504104730
81.0277651270
83.4856778325
84.4494235428
82.1044182760
83.4104057999
80.4375423519
81.8144917635
82.4320023578
82.8292609107
82.1218390360
80.9025248285
84.9373532795
80.6197968934
86.2042779836
83.9988025824
85.4794516082
84.6764576590
82.4858509436
85.9594704779
83.5357317677
81.2730591040
84.4537782222
80.1528631814
83.8475916355
85.1033168936
82.0657413545
80.7587296565
83.8507108548
83.3596096520
80.5049803376
82.7337376226
81.7346047731
82.0871171713
84.1246637359
77.7318876230
80.5942294062
82.4988372742
81.1855304723
75.3183558896
82.7981301968
80.9369896300
79.7949817569
81.7106508416
73.1123896510
83.4376194612
86.2612894000
80.8918864260
83.0695264200
81.9173991604
81.8390454815
81.1057364754
80.7946899621
81.3034525713
80.7981649772
82.9438324650
84.1457318315
82.1833368706
81.5576198505
82.5673607878
87.3248280105
81.4428161404
83.0338542658
82.9846783241
82.2087194575
85.9929585405
81.7536897138
81.4279978775
84.7755884763
86.8227285040
76.8067124470
85.2717592252
82.6794395134
74.3628446797
82.2033521193
81.3123894222
81.5583200225
84.9554311648
82.3498586264
81.9365261981
82.6648986038
82.8574396783
86.3770968144
83.2448117985
81.7269375995
83.0238122412
80.9876863666
79.4985211420
77.5815746970
81.8326707171
85.2009756757
79.1592987692
79.2948999332
86.7239748201
79.9065930089
80.2924990096
79.5291857546
78.6024189677
81.5876855495
83.8073491609
83.7279425935
81.3355186625
78.0172381429
84.0458713237
83.7409571813
82.2794553554
81.5873939917
81.8438924168
85.5184302198
76.1152269182
82.3487856137
79.6973998728
79.5135750088
81.0032584723
80.9408295329
84.9877000870
82.5662723291
85.4599724394
83.8160449826
80.9181853524
81.9634044553
81.2376091906
83.1154271509
77.8391796571
82.0140309039
83.8457184275
82.6361110817
89.1002250946
82.0305801580
81.8896723920
84.7328301577
83.1374085831
83.7712974600
79.1576136239
84.4930041452
82.2748411400
82.9716814514
84.3742875135
82.6242984293
82.3381207108
84.0353341253
82.4740683055
79.0368703861
75.5964446493
85.2003479936
85.5400107663
81.8818280961
84.9285583118
85.3683586146
77.4787295989
76.0891102602
80.5790641576
84.9177296905
71.7242383206
86.1184630042
81.4040228133
84.1842759388
85.8745959919
83.9836521685
86.9221925271
81.5416401337
83.3356747608
82.0017297576
81.8400316995
82.2728244323
82.7447586902
80.9031710453
82.0159490799
78.8716954881
71.8556154883
81.9581837767
74.9878660833
82.6391686292
82.7003399647
82.8705217535
82.8598811162
84.0916159694
82.7842767536
84.8189339595
85.6268204744
81.9325937390
85.7330062060
81.9399754161
83.7395793097
77.2255030796
80.7691430641
83.7185839967
80.3652972011
82.0333323591
78.4866706475
80.3395960346
78.4905822425
81.8115724714
82.4417915100
81.9326589621
81.5022385803
82.0714007467
82.6085923636
83.4651168319
76.1856439262
80.2122530141
81.8028655923
81.7001596168
79.6029515783
79.6948969483
82.4854886990
79.3741755763
81.1920761092
80.7916602185
82.2198592290
83.7252684478
79.5800622647
81.9729689517
75.2902669370
87.6549617365
81.1154356667
83.1988428568
81.8592445957
83.3576251084
84.7558610926
83.6564484704
78.5361664545
83.6634671096
85.3954636980
83.7330402190
76.4787012552
83.5662624388
82.9718677471
84.2215646936
78.0177034874
80.7483874562
80.6807162982
85.3548732496
79.7543554360
81.2334896104
82.1935447465
82.4945896536
82.6484392992
82.4273583851
85.6319679224
83.7735680258
85.9825959087
81.1953867662
84.7997888111
84.5964530688
82.1275625176
85.6964162885
82.7423635462
84.6067944091
80.9316060614
82.3736203197
80.1469053323
79.3990525187
75.1393159169
76.3114616926
82.7292049637
81.5510555917
84.7288397301
85.0309961924
73.7361482943
83.2597364243
88.0686106601
84.1319678404
81.4687996639
84.3510476208
79.2803893416
82.8408054220
83.0141863789
84.4242795045
81.6103995835
82.1514380190
84.6599494394
83.5537706494
83.8217258573
83.9168105887
82.4474179254
81.9219918289
84.5997273152
81.7012419441
80.0682702957
82.1926371888
83.6485259657
81.2911098017
83.6732391933
80.4458147446
82.1790692357
82.8064621750
75.7661001837
85.8856913262
85.0158392266
82.5531493559
82.8451811560
82.7521846845
74.8857661912
82.5635477465
84.9698845206
79.5963783184
79.2434534057
85.4553745205
81.2940428003
85.3241991142
83.2294548343
84.4492193453
87.3922338725
84.7805388265
82.6119302224
78.9082134223
80.0050191794
84.3533998887
84.6549207722
80.0057303744
82.1243431050
85.9456986507
84.3923805318
79.2259307613
83.3029401320
86.5731414457
84.6762795421
82.0673260095
81.1027600978
70.1703728606
83.7325705631
84.4463018026
80.0256416721
79.2240918269
85.4055714938
80.9802205483
80.2240494576
82.1236604612
84.3279339880
81.5565313487
85.2660459013
80.3293865097
79.6731933973
78.7649729391
78.8009916275
80.2996927561
82.5999502365
80.7563345823
78.6448933274
81.0198573062
83.2973521415
81.9264952799
79.7540339286
78.7594043420
82.7108590375
84.8709493909
83.5981464555
78.1020736437
83.9365470568
82.4435945994
83.9176398634
81.3478711864
82.7656518577
84.9697600655
77.1529253429
82.3684408300
81.8109276111
84.7779538288
82.8466351706
84.0789012928
79.2500058656
74.2040544176
82.3817179616
81.0464939161
73.0438100754
81.8351328952
83.6768109781
82.0133840742
84.0931589421
77.9561167138
82.5560575604
78.7263215112
86.8202802143
78.9474377803
77.7422136165
78.8608018898
80.9991720236
83.4574640456
77.5908880295
80.9790844165
82.3001487141
84.2258183632
81.9753100652
86.5665713316
80.7675221810
81.9071043040
81.6975462884
84.2127909727
82.5099453211
81.7264351928
85.6490695550
74.5960531159
78.0372038425
82.3627012552
84.0341304493
81.8880733961
73.8519568900
77.0673167107
80.1351631072
80.3022174447
71.2755818049
83.5983167505
80.0930414532
83.1352152642
79.4311704950
85.1742588349
85.3216007271
83.7533954483
81.7551968727
82.6362804459
85.2189049994
83.6055615176
83.9960082608
83.7794285203
73.6296191244
80.1210039267
86.0281624982
78.9277363930
80.9810102911
83.9867899009
79.7939366112
81.6645472813
82.1888116835
82.5232175492
83.4692930089
81.4244114833
81.9798992470
79.3140570841
78.2842805373
83.9529677759
79.9832367565
83.2218410182
83.0187565770
83.1641897722
83.8364899877
83.3826663051
81.7336059297
74.3002993077
83.0267287469
83.9075642892
81.1006961790
80.1632583489
83.3619640018
80.7956582555
80.8743814789
82.1424686071
86.0491723670
79.4830956526
86.3849282811
81.4161297286
78.2586489210
81.9260207797
78.8602310356
85.0368850587
81.1286143904
80.0501431773
81.1199875073
81.1842111772
87.6034591992
83.0409516445
82.0928235090
83.8074780394
72.9931400770
83.8181084512
85.0800980347
83.9904671561
86.1124720877
83.5438060723
82.6095813664
83.9173546142
80.1360815805
83.8775609486
84.8910272740
78.4841604074
83.7131890759
78.2999289065
83.5143160908
79.2223834026
84.6122158440
82.9545582149
75.8266015204
84.1986928873
80.3709946689
83.0352248555
80.0476070100
76.3953018904
75.8540215498
85.0249021616
84.5578091213
80.7114753264
81.2560658392
83.0753248107
74.1289067560
79.2241670280
83.5397548424
84.8152679020
80.0157579173
83.8648802903
83.8707464589
82.7764874444
85.5009733252
81.4731889016
81.0911903646
78.7872477137
83.1064585156
79.9213043833
82.0050474553
82.4225152589
83.1064243239
85.0939469806
82.8374062430
83.6924088804
83.8472049831
84.3607183483
81.9066155955
84.1354436474
85.9854453818
82.8267996629
80.8572638851
82.3235921705
77.6150376618
81.6209458968
82.5501865230
79.6670762618
80.0543710987
85.6378179353
76.4733049919
83.6701818612
79.2279315369
77.9245956000
86.4422787642
84.7146530494
80.5277002938
83.6487647812
75.2386631494
85.6877366938
86.8706653519
85.6992286199
83.0744219266
83.1418593972
80.6849266850
84.6724712892
83.6457087580
73.8699529131
80.7166518453
82.6405352337
82.9936932007
82.3308591325
79.5105264827
83.4989042374
83.9911086544
85.6772173311
79.0199030298
79.8697906188
81.9513167150
83.4346077463
84.0393828611
80.8589120062
83.1405009264
79.4361517337
84.5012950013
81.9356830018
82.8911746213
83.3666216931
75.9638350144
84.3535925083
80.2142749450
81.7567490653
83.9489342485
82.7326109448
70.3497600697
84.8130207756
79.1716507070
80.0575588509
79.6178031129
81.1727204917
82.7665706972
83.2009213493
82.4679344494
76.6963236979
83.3676831890
82.2283919314
80.1602350110
80.2462102190
75.1990268141
77.9642775575
80.2352024461
83.1352194915
84.0279514142
82.7783892692
75.4560856010
80.7767093010
86.1129585353
82.7542965280
84.5410030230
80.8465140352
79.8962143984
82.2176245821
82.1734493772
84.1276169197
83.9299352906
83.2906497082
81.5005066149
79.6723375519
81.3239705059
82.5008086619
84.7187181608
84.8810687416
80.5867526883
77.7700714829
83.2241620529
78.5507471392
83.5408525892
84.3607396466
83.4753860209
77.2246754738
84.2432022890
82.4341849046
76.9566714668
79.4828916250
80.8214073025
83.4184120417
80.8498223030
85.9056283696
83.4529955240
73.2206164858
81.8059638407
77.1965909200
84.5020746270
81.5339670107
85.3077837850
83.4343359286
78.9829339048
82.3202327554
83.7412580510
84.9518793663
85.2457169928
82.0790794524
83.2625229656
82.4558483395
81.4304908785
81.1799087721
85.9560574549
84.2055045236
84.2668036177
84.8439447603
81.7669753860
82.4979830577
83.3191145008
80.1706291063
80.1137006806
85.7573570125
82.4636883289
83.0314876605
84.2978388180
81.9669635016
79.3438386354
83.0388847481
87.4313099318
82.0833963485
82.8916350040
82.0555018846
83.2779691186
85.4511306008
80.0179119467
82.3825785537
86.9626497114
82.5880812711
82.7317859630
86.6469960793
82.3445048803
81.6410239640
74.3706889968
82.5894282684
82.9686981660
77.4628443454
81.4345514246
85.6892793096
79.0605717459
85.9969983688
78.4337421631
81.6770869727
82.8316962889
85.8780218440
84.0991682853
82.9063464888
85.8294416684
81.4486794924
81.7745536679
81.7077584043
81.7118924569
82.3779669635
85.3514052115
79.4162397480
84.7487035090
83.2763618250
76.1306664374
82.2512011449
83.2640687013
76.9063121205
80.5473727621
83.4438616180
81.9209693024
77.9867725003
82.4215878711
87.0395673970
84.6879378118
84.0990016739
83.9278216263
84.1001644862
84.4259166790
83.4906680686
84.1257911834
84.7593760813
83.3447457036
81.0055187019
85.0514747659
85.8078499657
85.1482766533
81.7805057706
86.4717559790
74.1435109248
83.4324730836
83.5520613573
76.0810011071
83.6692252595
86.3623684355
73.4547429249
82.9958792751
86.2992088885
82.1998680355
76.7694963589
83.6398004405
78.3099940194
86.3618198162
78.9973732468
81.6940025135
84.0473809609
80.6678951949
81.3042258898
83.6278336234
83.6843695567
84.9804238228
82.5517509355
81.8991920355
82.8816607750
86.5176386313
83.0117228684
84.5325694435
84.3225556530
79.4434029839
84.8984200934
83.9438448051
85.7827686934
81.0361653844
84.7839620500
84.9754600986
82.9709155093
83.3241801656
73.8525179675
82.3669777332
77.6766045399
83.8094665694
82.0683314213
77.2202719750
85.0480231009
79.7067091841
82.9488494482
80.8317841270
83.0116526003
85.3780625582
84.4636699035
84.9588083161
73.6747359724
85.1231947457
76.5476615054
82.9787517574
78.5531104123
85.8557936818
84.2238452053
71.0535476964
82.9879552585
84.0060530626
84.2295285510
82.2994811588
77.7019672625
85.1258385097
82.3474168102
81.5145226871
80.8540609705
84.5748516419
85.5683704613
82.5846700626
85.3552065898
83.4397442714
83.8160868399
84.5624993362
80.9844142698
80.4227329871
78.0482308007
83.0466354280
85.3581988654
83.0152056239
84.2487428048
84.5726995524
76.5890787613
76.9982808076
81.0132310808
84.9813331128
81.3615643457
79.5631536646
82.6899712938
82.7277587114
89.3016205870
85.3503130092
80.4990981659
83.6418678803
82.9819782484
76.7210156372
82.4617993018
81.8644067726
83.9089061973
85.8688978480
83.6332725246
81.2798666080
84.4952403913
72.2799995954
82.7299689652
82.6835908887
81.8589283388
74.4811295625
80.8422572555
83.0812405167
81.1986966775
78.2436528517
75.9169254524
82.7070964653
82.2354305787
79.6469726703
82.1362831613
83.4459245327
78.1313198576
81.5521929087
80.7920385219
79.4798913127
83.7651057387
82.3461793165
83.1469224624
85.0037110874
81.3548306432
78.2343090366
83.8457792786
81.7204404401
85.0606425233
78.3784068388
81.2935608691
76.5147192321
83.1259774751
81.3629593029
80.7192819516
81.3029656548
83.5208415970
78.0116451628
81.7243684813
81.3720335220
80.5419504319
84.9234579993
86.1291635632
83.0283229470
84.4983935376
81.5744349736
85.3176463725
73.2403618716
82.5383871779
83.9690830984
72.8333628297
84.4764390301
79.9638222351
80.7149041137
85.4566685109
78.0198475866
77.7886111117
79.7623266808
83.2926456726
83.3503579677
83.8804696843
81.7987890232
84.9583057285
77.5000321880
83.4765137139
84.7793924966
82.0709656253
83.8210305166
73.5636970849
82.1060919632
83.1127637183
83.6945306582
83.3026162391
83.8516084378
84.0129447049
83.4016817280
85.3805166537
80.1538463873
74.8289989986
83.1027566029
86.6602379314
81.9108119048
78.8200060982
81.2169652063
83.9024870484
84.1624658962
86.9635243185
82.0576410826
77.7892245031
81.2934294860
81.2972900647
78.8255620812
82.8707067216
77.5368148313
82.6258427722
81.1277321095
83.0485521062
83.7075254550
83.9959118481
82.1024838296
82.8142080679
77.2137185055
83.2885331114
83.2664880508
82.3156350824
86.2961764610
83.9693281794
84.7467608411
73.0802290831
82.7028665525
88.0872723776
82.8813689090
79.1970419414
84.8903969839
80.4437322820
78.3298949930
82.4548525297
77.6531200523
85.1451147748
80.1137741928
81.8345325821
82.8285736022
80.5333048382
82.5885259836
80.5157573915
83.0451672649
82.6600372823
84.8017621915
81.3722931558
83.5032881265
73.8500743119
81.9059565756
80.9293145460
85.2306858223
81.3662574203
83.4809828063
84.0908095039
84.2672754393
77.1114340115
72.4077677292
84.8252501773
82.5879918100
83.9951869863
85.3480479927
86.0380778936
84.3536842625
82.4597140398
82.9688541607
72.3103593572
82.3779810624
81.3654179689
81.3539841107
83.1312659314
84.0381970918
73.1866080395
82.5597626316
84.5647327931
84.0396281760
86.5225683584
86.5414823875
82.1695161061
86.5327836063
81.5220022660
84.2868042865
80.8416926775
79.4246098497
81.3340620710
85.3472449767
83.8890266935
79.2225677585
77.6987484684
85.1688012350
82.5321596309
85.3353917091
77.5599339997
83.9494708954
84.4958748747
85.1704400925
86.6839132413
78.6921911622
78.7050183615
82.6555177498
80.4137989512
81.1574517798
80.5532256828
82.7836670168
83.8413194564
85.3011829871
73.5036423380
81.2357325236
83.4598432143
84.3592577033
82.9247979948
82.9006436680
83.5556239811
84.4596377154
77.0929527612
80.7208900896
82.9697965869
81.6220605193
83.4340376059
82.2476145787
83.0066894899
82.3544425235
76.6896600418
80.7709518993
81.1771020965
83.2241620529
80.3432063809
82.2178731625
85.0259498706
82.4785717244
79.8933089661
81.1837595464
86.3316589434
81.6691234614
83.0965311331
85.0336303122
85.9015850567
81.0875463260
83.0286605189
85.3448873058
86.3530285935
81.3814097106
83.5816197646
83.9423219204
81.6784648262
82.3515949165
83.7779684429
83.8067772164
83.0997252868
85.3452762728
83.0124349418
86.5286211597
79.6076892443
83.5576246247
79.5700697480
80.7696682915
81.7169641615
83.1299951151
77.8346648235
83.3131809291
72.3167609671
88.3056354734
86.3112145533
85.0107776396
81.3738165296
84.7657245763
82.5464844808
82.5821395424
80.4802907791
75.1872550550
84.5215826962
80.6574453111
83.4738449744
83.8585593656
83.7332325850
81.4119791071
81.2287752060
81.2433070784
82.6539435066
82.2708074526
84.4966160998
83.6582604628
80.0277102272
81.9790755995
76.7178895072
76.8193890108
79.4959511901
83.0297336488
80.6920533485
84.3048303598
79.0945759008
83.2815038500
81.4319259509
85.3112447586
85.4434582776
83.2155829438
82.0333602195
83.8584574841
81.6959931663
82.3524399414
84.0103059632
79.3670165651
76.4912065053
85.4417253246
82.8289905380
80.1562761818
85.4765430455
84.1486694548
81.4321500535
83.8017205512
84.5957808185
81.6202336534
84.2774154723
81.3458112690
83.4060075295
81.7232295803
81.6823377331
85.1875960200
84.2712720801
85.8248269286
79.3370516223
80.9359008179
82.8280769416
82.4450283920
84.2986489876
80.9635161977
83.0576911969
83.4738591898
85.6891688690
74.1831328826
83.9978650870
81.9585854265
85.2155758841
85.0071286523
84.2291258419
82.5984163462
77.1960789042
85.4589465689
80.4088006444
82.3877695176
74.3327801728
80.5162419026
84.3418825307
84.0022198158
78.2192354747
82.9819250093
85.1491398796
83.4878917682
79.4441247408
79.7916139280
85.5878075852
81.7081751322
82.9447027589
83.8733531652
80.9626028671
79.9891038850
80.0917355022
83.0023734668
82.7012957722
79.2668182614
87.6233744348
84.9083514271
84.2672581363
80.8543472258
84.1034276160
85.3622292041
79.4069724860
80.2052447276
83.8001988115
82.3165981088
81.1901232820
85.1473190570
80.2689842270
83.7363167557
82.9379481158
81.0285009285
83.2002831290
86.3608830278
82.7414419382
80.3722321348
81.1946655528
83.7326543094
76.0417285383
77.7181260305
85.0907895424
87.3154565434
81.1239863473
81.4449749908
84.7576105450
80.9836936412
79.9353474102
76.5710666277
83.7413175383
82.2510686173
79.0451771561
70.4625871285
81.1017708094
80.9761776320
80.6090446158
80.1381203985
85.4065979586
77.9209772597
83.6464244998
82.5119899102
83.3350317517
81.0297611147
72.0076629658
81.4836791544
79.9823103948
83.4404007554
84.6797106385
83.8640455713
76.4972983202
84.5290184173
82.3448889118
82.4180331769
80.5426585389
80.4158224074
83.0957144911
76.7925682083
73.1044766426
80.1134995289
82.7706651939
84.0656343371
79.5760877936
83.7712229091
82.6409475300
84.1129542035
72.4420747996
84.2558578454
84.5187782718
82.4565853270
81.7987890232
80.8564709233
84.8902784728
85.1910775063
77.4214430974
85.7709562735
81.8845923042
83.6954684667
81.7699119735
82.8439002729
85.0271989571
85.8033682397
84.9098119214
83.2097298919
85.0511463318
82.5651830855
83.7666713263
83.9689109910
83.9123022329
82.6825569761
83.8725250129
82.1620063718
85.5265277738
83.6258011228
84.8120495375
81.6644531002
78.8838835918
82.1775140382
83.4520586108
77.4879311416
83.4182296438
84.0667808161
82.8837033462
83.4572446137
82.6700620538
74.8444152751
79.7681246158
75.7211933934
82.2103834680
83.4602547914
82.0603500803
85.2439081485
83.4654926352
78.3798135310
77.7310375348
83.2227175466
83.1910586472
80.1745379239
80.3992725054
87.3641621041
81.6977469416
81.4428340610
82.2960308223
82.9228858715
74.9892144824
82.7070445602
81.2175956591
82.4956823337
80.6947894082
80.1980221490
81.4691127244
83.0761879665
82.8148611795
85.6849890553
78.0993114288
82.1199258972
80.9858879737
81.7387671676
76.4114643782
83.9975303094
83.3565466767
83.1961201894
78.1789774360
83.8582593061
87.5482577822
85.7012688807
79.3559316193
81.1164677128
80.9121434992
83.8246773001
82.1260444482
83.4673947112
87.6825967925
86.4004724067
81.3224094061
84.1964403907
82.4989544075
86.4107120642
78.0236103009
74.1707813093
80.0233709906
86.4521534520
82.6449227734
79.4172912027
81.0358690913
76.8182901511
81.3270181879
86.2039800865
82.2945319937
83.3258301282
84.4966434618
78.3583438578
81.7482935214
82.7669895841
83.2011450268
82.5650587644
82.5207781526
84.3374625601
84.2946575864
86.9526382423
78.5193834974
83.7611438889
78.0179060977
84.7887863320
84.1543693881
84.3079862206
83.2776283773
83.9590192382
80.2746876852
82.4305365997
78.4636476591
80.4192105428
74.9849444093
83.6264365177
83.0617707531
84.4231710629
79.2038995429
79.6011041846
84.2093464407
82.2322461103
78.0225033084
83.1158936556
83.1670020285
83.0025315815
84.7590054694
85.8945590432
73.5659947363
85.3186802903
81.4585549653
84.6670611991
80.9734596394
86.2978645289
83.3607922627
83.6658014110
81.5536052475
84.0225119528
81.3946025259
77.8117975795
82.8005543897
74.8218717330
81.9920999953
83.9135219071
85.9442371049
80.9308760459
81.8720307366
85.2268272739
78.6957888828
76.6561070925
78.1808685898
84.5816967572
85.8458061160
82.9538792386
87.9232388841
72.9244513573
84.7620457510
83.5268436956
82.3503277571
83.9870294468
83.3538971489
79.6999358363
71.0791541898
81.8518287831
82.3406695403
81.8294558282
81.8486045602
79.5423684170
73.5784537899
78.3591164035
83.2174036212
73.8337432997
81.1408741270
81.8350623291
86.0367202025
82.4564543805
86.2652627466
82.0306500835
83.2723518610
82.2432418832
82.9367480457
85.5542250551
82.1599112428
81.6913933960
81.7655054713
82.2406657109
83.5295330449
83.8873678761
81.4317607221
82.2982339868
83.9305311263
83.2443652496
81.9770116327
80.6210552735
82.6804819211
81.6799474377
85.4275471222
79.1684554753
86.2500928643
82.9267225000
82.9628856791
71.3475856182
78.8073644059
82.0037323982
79.1229780139
82.8194177257
83.1334411694
84.6014821731
85.1841459838
76.4024429811
73.1166283282
85.2453149135
84.9532431769
81.9179799999
80.3324109733
73.4273404689
83.1680166267
80.0748423265
82.8538590910
87.4205441755
82.9919621267
76.4541991764
84.3947539854
75.1513871929
84.7985323228
75.6427978488
83.6174534138
81.9258085873
86.7565440279
83.4243950461
83.0859372507
79.2799512198
84.2059015536
78.9154063853
86.5320961020
76.6895753058
86.0202704656
84.2135251041
83.2824061475
79.0727778152
81.7306792527
79.9609825318
80.6433277623
74.0539296552
81.3138369458
84.7633739182
86.4356385098
86.6809712991
85.4353105448
86.1014244144
76.1819714580
80.2184355418
83.3186735306
83.5914345534
80.4307132895
81.5637415392
83.2559707055
84.9000672484
76.9715574111
80.1489364065
82.9753360947
83.5242628472
81.8329035415
81.9031416631
83.6730934442
79.0032150529
84.3449822582
83.7596692778
79.1280768965
83.6877174915
78.7935067115
83.0942956917
84.0479317598
85.1218268964
82.0391253426
83.1096794550
84.5706998801
81.5853159635
83.1780455218
85.6216364590
85.3621968603
79.7161448903
83.6235158835
80.8659596927
81.4966487337
85.2198101793
81.5579563320
83.2996395523
77.2465916828
79.0531312689
84.0740124633
82.4023188485
81.1113057324
81.0712292377
84.0939822163
82.7201043015
82.8009398252
78.8348186188
83.1762150778
81.0909437944
86.8691985823
79.4224142761
78.9865543238
72.4764808576
82.8705857295
84.0547645781
82.2700021154
85.9398068585
82.2137309168
79.1458819005
76.8094875255
84.9930891581
81.6246002265
80.3470128910
78.7682848822
78.8399439947
78.8442757707
78.2838186979
83.4825934734
83.5664697775
82.0204551077
83.7472563788
85.1555191172
86.3054037138
80.4741656589
72.8884187217
75.3199644819
79.3554156008
81.9851656461
82.9174101165
84.2437465676
76.2958410259
82.0628528341
81.7223005996
89.4884419094
86.3928587027
85.9334301513
82.1109552594
79.6002199747
83.5631931743
82.0399367689
84.3874362688
77.0901349741
84.2140203370
83.9871913849
69.9161260597
73.1393738710
85.0512841667
75.0718708294
77.3132620301
82.6350508670
82.1252475685
85.2963295919
81.7158205086
84.6639125588
84.1884795844
79.0652546063
85.8336818234
83.4632368405
78.7388303944
82.8421198634
82.6931066495
78.3683632780
78.8306935472
83.1628261709
79.6156568456
85.1939598598
78.7742337566
73.9758695720
84.6919273428
79.5711585470
81.4722482066
77.8269559777
80.4650485472
77.0471070451
84.3369049919
84.9377410803
84.8415587281
79.9172349840
80.8902713579
81.9844204194
86.1833460524
84.4061059230
75.1895677097
82.8802048083
81.5201709915
82.4757983236
84.1239026953
84.0982709988
80.9753154991
85.1183317447
79.6634967729
82.0478538632
86.1308057534
84.0056223767
81.9776567338
78.2433798528
77.8728747803
82.5865496239
80.6568971518
82.3563114530
82.9376780595
85.4784077266
83.6463406516
82.0964535704
76.5155179858
86.8064593970
85.6322951073
81.8236903633
72.2222524525
79.0331856399
79.3469711426
81.7805619148
85.0158417175
82.7123815787
80.3419061750
81.8817912260
79.3520875801
80.9836615549
83.1247041799
83.1852321956
81.6968554209
80.6455854610
80.9434929657
76.5151354127
82.4776461324
83.5924705751
80.6214398034
83.0169972027
83.2566635192
82.8742901454
85.5573260611
82.8347716511
81.3580362285
82.8134491982
81.3743254914
84.1956203584
79.0223260708
84.4877068140
83.9664823014
76.4308862225
82.4171017780
79.2983429641
83.4730691184
83.1869507647
82.3822958525
84.6372263782
76.6622484889
77.6125975173
85.5458370855
83.2042731858
79.4038472156
87.4002720711
78.2469941931
85.0290695608
82.7885875590
85.1554420647
82.2918407698
77.2278212785
81.0801747086
80.5635874147
81.1530044492
82.4050557621
83.1158472892
83.9981007776
78.7264429304
74.2455764144
83.9866309749
73.1942080721
77.2790866578
83.3070644197
83.1404613377
85.1161416426
80.7655387281
76.2273496184
83.0859946401
82.5776087645
82.6185811198
85.0585777288
82.3854306208
84.6353711568
81.8161086266
79.1616661888
82.9510103476
81.7960825728
77.7496056551
71.5392058819
83.9668493523
84.8670097766
79.4398938602
82.9926223034
83.5492463877
83.5887462463
82.9975344173
78.1666596228
82.0268355549
83.2981942262
84.5125086031
80.5989699201
81.5265617200
82.3707579625
85.2256705273
75.8095945414
72.8059622198
83.8271911282
82.5796969772
80.5106066108
77.9777944944
75.3450725346
85.2998010500
86.4323721602
81.4467397934
81.8023918848
81.2516671309
83.9505476195
81.2934730512
84.2958802321
82.0359248078
85.4402747460
82.4207910202
83.6917723166
83.8553863648
79.5816336237
82.1091172781
81.3816676730
83.6376012163
82.7335828670
83.6929210673
83.1365339260
84.1184886959
82.5477767572
85.0401158913
80.7028868895
84.4171497053
81.7969321499
79.6178031129
70.2010270861
82.3208467810
86.3838023316
84.2663543485
85.3485163060
75.1860445859
81.1132994828
77.0714137678
84.1386573981
83.1176211357
83.6976987202
80.2882243526
81.9650823273
87.2478173397
82.2989791198
79.5838501123
81.0425807730
81.5032656052
76.9614336201
72.2235570398
86.2972650595
82.1747908861
83.8223110713
83.4734794269
81.4240250017
81.7171728275
84.9774610040
78.3268118727
81.9959578583
83.2300975041
84.6185250205
84.1968952587
79.6298387580
82.6351377860
84.4388811269
84.9328105600
79.7458733932
81.6933018956
82.3673836924
76.6464904047
80.6274566831
81.1571384725
72.5103484301
81.0756592304
78.6021107385
83.4116531906
83.0073189516
81.9852612886
87.3953857769
86.3959103215
80.8801270990
70.4504828925
85.3617512537
87.5554951935
88.2314185887
82.8902523253
80.4244248978
81.8050981383
84.3173738814
78.1868095765
82.6083156049
81.8810117324
84.6975740604
82.3384994948
78.8366512326
84.4511806764
81.0826082351
75.3824767612
82.9321951476
82.7978573024
84.8656884253
81.9915273632
85.3572678330
81.9139488195
86.2579712758
82.6315689309
83.3491713652
82.8939382994
82.2062946144
81.3730603653
83.8708556090
82.1926156105
76.5374349309
76.3153427363
82.1286273832
85.6044962228
83.1750472173
80.2566980979
78.6492632534
78.8862633736
81.2384575330
86.2997497779
76.8936607990
85.0716949031
82.7156180979
86.3405931664
82.0385036862
85.0659766651
82.0721500933
80.6993947814
83.7145363957
81.2180807304
84.2468522210
81.4486816174
83.8358040973
82.5635870866
82.3863729003
81.9145844929
84.2312659183
83.7486931831
83.1830786546
77.3278950759
81.3778392468
83.5126380147
82.4582255074
83.9879501031
82.8250426378
84.8761790370
81.4472013608
75.8720696811
78.8465860810
87.5530012384
75.0725045985
85.8990901996
81.8628503850
77.9529007020
81.7248092474
79.3159161261
82.8824405556
77.6183026723
85.6626413150
83.0196165266
83.4343562862
82.9928127530
83.9612726223
82.6303186485
81.7109142477
79.5164771957
83.1881508450
83.7869914194
83.9554071823
84.6615212651
83.7310426060
80.9283174202
84.8204334493
84.3088369073
81.6245840241
83.6573272032
83.9197509039
82.4057108695
80.1100399842
77.2034289631
83.2698665090
82.6403443362
79.1794018361
77.3430450721
78.1134782642
76.7314157857
80.4707295864
82.7533750857
82.7854808542
82.6538929857
80.8650045608
77.6617529287
84.0078508457
83.3630031982
83.4357254120
81.7799860618
81.5802455211
81.7736754727
84.5690653606
80.2959245631
81.8240599793
83.9716442505
84.3683493937
83.0308910454
83.5222025303
79.0929251295
84.5964894976
80.6482245693
84.6247290025
73.6388465449
81.6924716513
84.8572344039
81.9624262995
79.1753923931
82.1113543306
80.5529629974
81.6664537271
83.0427806449
79.8667535408
77.3700739069
82.2283180861
82.6973059291
85.8943397245
84.2207117141
80.5898811946
83.7149025022
85.5432852128
81.1051958587
84.5907915317
84.1710190295
81.9390830699
82.5262706433
81.6081606561
81.9703347200
79.9621704187
81.2191508986
82.4693662189
84.3544989859
83.0158930902
81.1044843401
83.0843180923
82.0900808998
83.6445722764
84.3503691989
81.7663851899
79.7486986559
79.9725791569
84.1786528390
83.6810663741
83.5587182139
83.6839712028
82.5381136370
92.6794951850
82.9974083390
79.9550767736
84.2086163324
85.0797757426
77.1744186600
80.1304324543
82.0023996564
74.6725922896
81.8782436486
80.5494886899
80.3667404272
83.8194214095
84.2278230884
81.8686963657
84.6141340617
79.9955345200
80.4854391505
79.5886132922
85.1672882239
82.8226018479
85.2744327486
85.3229745499
83.7551919144
81.0525917745
82.0611286216
80.5275660509
85.3435045578
82.5302918545
81.3912386689
80.3025482817
84.4769147785
83.7945224052
80.1789084948
81.5972553101
80.6052410238
84.1412822702
84.7671869371
83.7839688484
84.9869495927
83.4013915618
82.2704031392
77.9144166930
82.5875395312
77.8308977007
82.8477789098
86.2810819533
82.5052596056
86.0534599748
82.4184091309
81.1759104083
77.0991027678
80.3924989016
84.1912694871
82.5218594326
82.9303112935
79.3501176016
83.1641393716
81.8001542457
83.6890465744
83.2977042616
83.0227062914
82.9707454126
85.2069587785
79.8339744277
83.0154380395
83.2508425343
80.4706615554
81.7483529519
82.1193553907
82.7018331289
82.9595279877
80.9434589536
82.4264703727
85.6100954004
80.7395074897
82.2587310453
79.8733954683
72.7732315228
85.3451467560
83.7903138084
85.4543140965
81.7989631551
84.0556017740
77.3027936226
82.5621658626
84.4595262737
83.9827898079
80.0800488324
80.5404836729
83.2517867847
78.7315879623
84.8824465968
81.4272784549
82.4754019623
84.6241385213
78.7766301444
80.7136994929
83.5186047838
81.6195211542
82.0178945637
81.5099655842
84.0541623106
81.4625881267
82.5175017650
78.6732397491
84.4729843051
81.3728037875
84.0626546344
83.4032498778
75.4347185305
84.4562761669
83.3827796474
82.5831268216
83.2919468572
81.3970917854
85.7128174079
74.1126988585
78.8820140627
80.2937150659
78.3602180138
81.4649471767
82.4001060869
84.1491747014
80.1165827520
82.9312526345
82.3327160646
80.4620476714
82.6794401953
84.7269022587
82.8760166521
77.9810497918
85.5988436402
77.7554616510
78.3206416162
80.7148895588
82.9865985813
83.0321082606
81.9499481687
80.7611137742
78.2333009583
83.1075834504
81.5536087786
83.9055894572
84.4786503720
81.0672318998
81.9097357360
87.3999325765
80.6084560777
82.4396142696
85.1104194444
81.5785288252
84.7815469336
82.9221829727
78.2914681332
82.7176886045
81.7326679391
82.8685004159
80.8051649297
81.7787982043
81.5871011571
82.1479642905
83.4047448362
83.7746986178
86.0312325298
80.8461304134
81.8051684925
85.6071935141
82.3270340959
75.1523916392
83.6293666794
86.7941733271
84.9117494984
83.8806410715
83.2429514811
79.4068006174
81.6114273207
83.7721746210
80.7670591828
83.6130043772
84.3952637138
86.8158945502
81.7480238379
83.5859871805
84.1788025513
84.2810580911
83.7202336344
85.0025046259
78.2046208631
85.7815648438
82.7632091146
80.6936595795
81.4572309174
83.1834020829
78.3480962722
75.2601485154
81.9028759146
78.4934589312
82.2257098687
82.2778160073
83.6785397978
86.4955653230
81.7250700040
81.4709992722
84.4171497053
82.4263146740
81.7618980434
80.9383355958
84.3360931110
75.2723023529
81.0628732548
79.2167208091
80.4956991251
79.9191892565
77.0052525539
83.1378426937
81.4991095720
78.5204750868
82.4794984443
85.3550399939
84.5099014126
82.9728110133
81.0831424995
79.6352456047
83.8839354369
79.4139424747
82.2266915859
81.8082820041
81.8860756448
81.1181232764
84.4846741483
81.4816591871
82.6721822842
90.1795523016
81.3672625788
82.0416611589
83.5979053747
79.3298866008
83.4011620155
87.1745477319
82.9431401708
81.4143128130
78.5159950986
83.3903188925
84.8137367773
75.2208548329
83.1823331334
82.6033193533
80.8095657422
81.7006337187
80.7378182956
81.9972834628
83.1758508061
79.6758271533
84.7441583605
83.9427639810
82.6846220846
83.4533171199
81.7000486728
81.1659807103
83.9604710056
82.9537382263
81.0681023403
84.3900087769
81.8166871803
85.5905633258
80.9634395638
78.4940403932
82.7029764220
83.9418427411
80.2348580897
80.4980204743
82.4042951412
87.1953020939
78.7578945547
80.6655987320
79.3006100692
80.7676979565
85.4245361392
77.5451310560
82.8286517905
80.7558193368
81.8059638407
80.1661482944
79.6116405786
86.1984933156
80.0635020679
78.2266531037
81.7345754192
83.0886686634
83.8836344610
86.5641372004
80.5894638610
80.0620435093
83.7919392079
79.9388846717
84.6590429421
83.6761973083
83.7045122216
83.2899996445
84.6230787246
74.1365245758
84.4499611864
75.6858921496
79.7875018918
81.3766085121
84.9645117525
81.5204116955
84.6135448452
79.0758094371
82.1551638756
84.6280420248
76.5636266665
84.1797429611
81.0956884341
85.1752899283
82.9724321716
75.4391158052
87.5026679560
82.7149313434
79.6778378458
78.8728641426
81.5182770941
82.9788239694
80.4597630986
82.8931802696
82.2959502962
86.1150153522
80.6567920018
87.4804990008
83.5235181675
82.4992454137
84.9905184195
85.7428334105
85.8715392120
80.3468111399
83.0819520085
81.5064636744
84.6319591439
83.2071007653
84.0718467770
84.1163863697
82.9401013042
81.5311571201
84.1617874406
85.5428674895
81.8091330524
74.4271087774
78.4447356195
83.3775507328
85.4761875603
83.9654745591
80.6595824342
85.2562464812
79.5122801126
82.9228957221
83.3964160635
81.8490304051
81.4437707830
84.9976263706
83.0868348883
84.9451095543
83.4344910653
80.2007022634
83.0301660666
81.7162150611
84.2082959404
84.0501310204
79.0520095002
87.2811734211
79.7864252376
81.0355340292
82.8630208777
85.8807795819
79.8541580258
82.6731140490
80.5772960235
81.9655771299
82.5430457314
85.4419557846
75.4126446692
81.0724134275
81.1230826288
82.8482845702
83.6250167526
83.8589746652
84.2956098947
80.1562680675
83.7721746210
83.8196140156
83.8392509212
83.5255277256
84.9103838846
84.0495232594
80.8990282007
80.5580269415
81.9313473131
84.1094032203
85.4679038426
86.1238280242
84.5660178215
72.7826723476
85.6902812138
85.9122669290
84.6238743870
79.9360792780
81.0194508534
79.0152391691
82.6271262415
84.8834471034
83.5423625513
77.0872982440
83.3092920918
84.8593130306
80.3642733167
81.5318364313
82.8178731740
81.9904515150
87.5656625730
75.4864600818
82.8291340838
83.2768461011
84.6807305055
84.3111214026
83.3854300473
83.2485576244
81.2583690398
87.8852308303
82.6929326018
85.6821891338
82.9530428123
84.3128295802
79.4474547892
81.4966541212
79.9743339107
80.4926530488
78.4750624294
85.0375849406
81.0574217209
83.5263990416
81.0203899815
78.6298848116
84.8254852439
78.8204120586
83.3568417172
84.5378246409
86.2247999428
76.6575342422
79.8945417739
78.1206646760
86.1428347444
83.0943435281
82.6570013203
83.7613493656
84.2357806141
86.8816071639
73.6079368723
82.2688276325
81.1251830079
84.3465414944
82.6678149445
73.6597400764
80.4212858763
79.6568266448
82.4453579441
82.4734344597
81.4471867960
78.2938439222
82.5908736231
82.1729540175
83.3027309658
82.2863753391
83.6305839000
85.0969840924
83.0995704944
85.9019767365
84.7614540788
85.4385334560
81.9363693983
79.2989408896
84.8326963085
84.1717814490
82.7527835329
84.2257684010
75.1012466578
82.9281574264
80.0268185553
82.8314931371
80.9186369536
76.4297264631
81.3766144859
81.9563384268
86.3651232289
84.3091706524
85.6376920477
77.9565715547
81.0300984250
84.4859723292
78.2819480117
80.0785144337
82.9593924373
83.4276504547
81.9751820012
82.8935907488
85.2944577518
84.7280033633
83.2079517126
81.5839251061
85.5878056421
81.5055342395
84.9259688649
75.3499196749
82.7584475263
81.2286170730
80.5930607881
78.7573051760
86.4286024305
82.7985156389
86.0910675620
80.5325285394
78.7922056333
82.1518895439
79.3215413244
83.3671522787
83.9958176649
81.7130084787
85.6045365194
77.0736526409
83.9251294365
73.2378918972
74.9234841703
79.6987524277
76.8250716690
79.9542615826
84.1748137855
83.6835147262
78.0929738833
84.6112821944
77.8149174015
85.5767581444
80.8721593199
76.6616323234
85.3736580587
83.5486675098
72.0519896919
86.7007516681
82.2918213590
78.9806020558
84.0090399291
84.5439416068
82.8592209720
81.6844915357
84.2369825414
82.1885395606
84.1797429611
70.3894247156
83.2968402727
84.0826731678
78.9300950791
82.4509883235
86.3146299077
83.0702757840
82.5899678035
88.6274728788
87.4669787472
78.9737125778
81.8978593162
85.9300082785
83.1906287013
81.0872884461
83.4099252427
79.4664071462
83.2156117222
83.5722964968
80.3730504184
82.7638308747
79.5985986263
84.0984724056
78.7414580743
82.4961926328
81.3599468287
85.6515828327
82.7714713469
74.6832784521
83.7654947993
83.7725005265
81.9132729177
79.1602795703
80.3027039229
82.5133228431
84.9453371256
84.4021299486
81.5939830674
82.7216200494
83.0077814733
80.5989699201
81.6433892685
82.0165996807
82.3570249558
84.4160918223
84.9425649075
76.5938469135
82.0667331325
85.6936243120
82.8618677631
79.7000102961
85.4061458899
81.0741364384
84.4637501319
78.7153512737
83.2728191127
82.9750681122
85.9940982524
82.3145735992
80.4514330545
82.9620001456
83.6089349986
82.0946963699
81.5196834907
84.4087169504
84.6945036243
84.7030370390
84.0367883720
81.5554289979
81.5974251634
84.4630445070
82.2576187435
87.8030351029
73.6610174061
81.8792932358
83.3962475760
79.8047311374
82.2552752532
85.3122405555
84.5696037093
81.8029089036
83.8785692412
84.7399556746
82.1149341353
80.1090586293
86.8035176468
82.2770117436
80.4165935445
85.2277915399
83.0363664638
83.4114001096
79.0294887439
77.7241786557
84.2698644420
80.1548334599
82.4174010347
81.4888145986
86.2593327748
78.1424398341
84.5423061789
85.5682429692
80.6470376654
79.9711873515
81.6186740320
81.9325971379
83.9182452511
86.4983778382
82.1900469158
79.2072452838
82.3892387820
76.0445505674
84.6174879427
81.1739088891
83.7962170525
86.0488101808
83.9260236719
79.9876546918
80.7042962036
78.3944421142
82.7168864378
80.4041247016
80.2667450008
85.3243342296
83.2969814793
83.8719946721
85.5679618607
83.3172544275
85.0372705225
82.0931883845
80.8832429536
82.9630348674
83.8070307296
81.9819021263
84.7622377228
82.1659169687
82.0688841909
83.5099186802
81.3441236181
80.9467595373
78.3970464729
82.6296895378
81.5838685756
86.6109121559
82.7445213758
77.0015897062
80.0487172924
79.7846110505
85.5266893789
82.5887907548
86.4250309871
81.9715312627
76.8194456088
83.7438609358
82.7203894077
80.5185186673
76.4814931502
73.8139323570
84.2984747754
78.8604852936
83.1622265907
83.2862667027
81.4613193793
81.8275975608
75.6365572489
82.9193431400
85.1415149508
79.8804196029
81.5913790903
87.5319649231
86.0728516438
84.1036511650
80.7658917532
84.4528026002
82.5758016075
85.1033967328
83.7826373661
85.5321696339
80.0836769391
83.7319710005
81.9065048147
84.5214980880
85.3358427573
82.2834943769
86.0326199243
82.6091943553
80.0752999614
82.0423411066
84.8431897107
81.6747320593
84.8931228985
81.1993952405
79.9765035483
80.8722624276
81.6620723495
72.6813294405
83.8107441511
84.9853791720
80.6741563344
84.7929614617
86.0512203166
82.4672211818
81.5234018449
84.6064995615
86.7452432124
78.0292791180
79.0857044364
82.5357848674
84.5822315170
82.5570203008
80.8974512067
82.6465746270
81.8782075582
80.6444729249
82.2800871547
83.7399370265
87.4286802882
83.0904190050
82.7815792381
82.9376145229
79.0795813632
83.1784785828
83.4244533574
82.1831675656
85.4268100513
85.4445785872
78.5607073502
83.6212813705
84.1311867154
85.8577385991
84.0090103593
82.8221030344
81.8936701256
83.9236315596
84.1932155386
77.8844772013
79.6237066759
84.5584287510
76.4047042019
84.7400748896
84.7969809322
82.1252666993
72.0919704515
79.2619048846
85.2814655725
82.6317721277
76.9937595690
83.4068739276
83.4882678688
83.1139066824
79.8025145755
82.5060555690
84.6502455147
81.8074427625
84.7288135010
85.1416198489
78.6242194955
77.9702753909
77.8194060850
84.6195207926
80.3919849547
84.6575495677
84.0927115311
84.2664804540
84.7268370714
80.0164735271
82.9966765113
82.6904662733
79.0429154722
82.8982003349
78.9802895202
82.5077940831
83.6497855115
81.7315777820
84.4545900465
82.5439668156
80.5021123707
80.0532705374
84.9415614470
86.3620837795
82.5040309020
82.8070822085
80.4337715654
75.0035269285
83.1462071355
81.2466945450
84.1284887684
76.3057999423
77.2969894493
80.1444801299
82.4337083450
83.2545817615
83.7852754403
84.1708584768
79.9167912855
83.0583188446
85.2945088906
81.6251027577
72.5319745455
86.5235818321
85.4160564672
85.4375544127
77.6389312838
83.2314659236
82.5082332093
79.4949571616
84.9517163466
81.1423124308
82.2526454126
77.0935606634
81.3043652618
84.8829238505
74.5293015922
81.5962952539
83.2622496002
82.9331802560
84.2189392989
86.1878118848
85.0575270897
85.0922060242
86.7050127728
82.3886849447
82.7084285020
84.7796692424
83.5062892474
82.8326466724
82.2508379672
80.1103566329
84.8037257045
80.4415676310
84.0362816025
80.5257366300
82.7084555924
76.4782060186
76.3312079286
80.1347340269
83.8895031496
79.6876476973
85.1268696127
86.4873104787
82.3196035123
83.7904410408
85.3623934932
81.3183436023
81.5116559909
79.6349780931
87.3802000102
81.2161783793
76.3690012783
74.1702182143
80.8349078961
79.6790638580
80.6986684021
81.8877712961
85.0005936983
83.6564042236
81.5892187696
80.8608556824
78.5807914370
84.6783908966
83.0042276401
84.7235579705
83.4954769300
83.8893459440
71.6275145608
79.1343913976
87.0980998206
84.1305258253
82.0761037327
84.7657760548
74.4337253953
77.9245002966
77.8952660989
81.3248406270
82.4283397577
85.3787474458
77.8344431758
75.9100741946
87.2298519406
76.9765658408
83.5849206649
84.8646936513
83.5542953125
83.6564922079
82.3822932431
83.9346185934
84.4763779121
84.2544771179
80.8116232393
84.7512304093
77.3157905712
82.4601069476
74.4737362722
86.3212267455
84.2786921336
83.5720973670
79.7903016484
82.4730350179
82.4916091161
79.1232265925
84.3279415380
87.1654150396
86.8883086325
84.1607806670
76.9560628437
85.8822719187
87.2096456433
83.6119465902
75.6582970763
87.7533613678
82.7418199523
76.5537549367
84.4161118979
80.9651506985
82.9879552585
74.8637096552
77.4265711465
83.5167370701
83.6594191995
77.0094983138
83.0467374053
83.4119536405
87.0058686951
84.3468134337
81.2134945983
80.4804395134
78.8632915149
81.7668757620
84.0063267916
82.0404820971
86.2829000043
77.4405954827
79.8028350716
79.4241562196
74.3620734469
80.0506380072
83.0774644416
85.3590164482
81.6357368638
81.9995904012
79.0356751001
80.4424179506
83.4651123852
74.7811740826
83.4787973562
84.9140166153
73.5662771200
82.8695418187
81.6556697757
82.5430284703
81.2070135106
87.0225819805
81.7975901331
81.1101900317
83.3369168094
83.2041953291
81.9538489299
80.4431535637
83.0200751476
80.8105474253
83.5542472678
82.5192315955
82.6726807220
83.8074936880
78.8156730770
82.7838689377
80.0340688646
82.9824532583
83.3616141222
75.8890625466
80.0663314733
81.8778618627
81.5554274291
83.1212293531
75.8718328285
72.8107645562
83.1645587959
72.6710486274
78.4716477764
85.5374435996
83.2049025118
82.6669348333
84.1940885149
76.9067098484
85.2034777138
84.8744543589
82.6695595986
86.5641372004
82.1879978733
83.4598771476
84.9512866882
74.5785885857
84.7169467371
84.9180819091
85.1357244713
84.5522823322
80.9209681335
83.1422177797
83.8427879819
82.2531774146
82.1518395855
82.1774906779
82.5066445931
82.0798132526
85.4820921699
80.8057179949
80.9118257498
83.1163136880
86.1372111659
82.8917110936
83.3915318142
82.7475183060
78.2867676942
85.4829757542
80.9676182647
79.8969753281
84.1079762513
82.6533926366
82.5357658687
82.9252635283
84.5354785138
83.8400232016
78.2932858918
81.9524750721
83.3921132295
83.4971451736
83.8535945051
82.8594223572
82.5985740287
87.9769723831
82.7625646239
84.8975724502
75.8923668518
81.3472413273
83.9452476022
75.2641311851
88.6171423734
84.2905367176
81.9497595365
81.9660873438
80.8195616142
81.6938087645
83.9372960461
85.7906209075
80.9750672518
80.4461703710
81.1687520122
83.5386598195
83.4787295240
84.9367729684
84.2507472599
74.1957462209
81.3990215378
81.3086644321
80.1429837687
81.4985444902
83.7138857704
81.4621841939
82.5460382975
81.9603304802
81.2561005393
82.6867266278
80.8123689186
84.8551644227
81.3277853500
85.0915168046
83.3524489966
84.9088000588
74.6157028539
83.9599971020
81.2802423206
86.9306198596
82.7349738699
83.6670848324
84.4466298261
83.2719380059
79.5288067475
84.4534096282
84.1569572488
86.0680658145
83.9690830984
83.8238957227
82.5338562878
84.5251029395
87.9859140077
82.9026853886
85.9859704787
83.4617108814
84.5634374923
82.5394783758
82.5388001328
84.1406877040
81.6424864974
85.4328314783
80.9045357681
80.5046229245
83.3636314226
84.5112830545
76.3992386899
84.0848131377
79.6591630981
81.8472717270
80.0458228071
82.0172314069
72.7864167050
83.0378420042
81.5885923684
80.3407778442
84.5088878411
83.9808425980
79.7306258514
83.4265018993
80.7976878523
83.3113381299
83.5520179197
86.7397965375
81.9649221290
87.3251681553
84.4020391538
84.0824223330
78.3475249499
81.2580501910
83.5583823257
84.8183809255
78.2366402891
84.5247246304
84.7904338739
85.1489047912
83.0927537697
81.9405091333
84.9631411460
82.3958515845
82.5646674139
83.7925837615
83.4453656847
80.8379135440
80.2370555472
81.6296898035
83.5493980974
82.3409220850
82.7116813770
80.7417370432
83.1810994864
77.6947799210
83.2521850966
81.2296060904
83.1076484700
84.2788251648
80.0908026194
80.2319552036
81.3735645565
79.9270781685
85.7098130442
76.1349790677
84.0297524798
81.1669990321
85.3512352566
84.2438642270
83.5959225888
79.2809723465
86.2149018449
80.7983677990
85.4786803012
78.9070498462
84.8552782202
78.8149703945
81.8161223071
81.5694855918
84.1971095415
81.2282878612
79.4233988172
84.9188005371
80.9925527331
83.0633689774
80.1656643184
82.7322496501
86.0321044261
84.6501281356
85.1193334830
83.0170494348
86.0363218776
82.8683863378
84.8601626515
83.8214977992
81.2833422202
83.3957469142
83.8968310530
80.1215127691
84.1355446164
79.4960053853
77.2079180443
83.4168260285
82.5509044622
80.6124761865
84.2934022098
81.3428247056
82.8369497622
85.3568784722
83.3595630504
82.9197715523
81.7635404310
84.2858042252
79.4049947361
84.2586543066
81.6964436267
77.4367022713
82.2389653395
79.6716236155
83.5897429130
76.3741170942
82.6014092720
80.8292930352
76.3443756648
74.3514093739
82.0706605776
72.1749800749
79.4352369160
81.2343838762
83.8000807275
82.6857090676
75.0112831090
85.0758143410
83.5868729554
79.9352151308
77.5529978127
82.5707273056
81.5728282531
82.5686683270
82.3652933573
83.6979822220
82.7831844758
78.2293174927
81.6961909937
82.9310108073
79.3157273234
80.0798145527
82.5560031173
82.1075639558
82.6715965719
85.8136528689
85.0856496801
80.6156492917
85.6155900746
78.0249557469
83.2437238047
84.0288218066
85.9500038767
85.9930401280
85.1671621984
84.0073357559
83.0606048626
83.1041382195
80.6261731186
83.2188685476
83.5540711629
79.4100816551
85.0785629432
82.7216200494
83.8652225962
82.8221886567
83.6011303654
82.0165961110
84.8748103880
80.1852149186
79.2232998753
83.2804290603
82.7780404456
81.7174167879
79.6245178261
81.7095168354
76.1987656692
81.3097689386
80.2069533334
85.5516004843
81.3407544404
82.3591490690
77.1831637382
85.6529376998
84.9732830443
82.1905075392
77.5425995791
84.2241322920
81.6502603137
82.4672775451
82.9788940975
83.0053319148
83.5590824818
79.3154617279
83.3597238666
80.1690051960
81.5387485127
82.4032950132
83.1115144927
84.3956366569
85.8116911583
81.4495967832
84.9344486525
78.3187223635
85.1325582139
80.8229632804
80.0117249492
78.6948841593
81.5161614323
82.5851049841
81.9934148533
86.6504145971
84.6552825793
81.2136690093
77.5764192629
77.1440679578
84.4723420053
85.4215748852
83.1882247005
83.3117204475
78.7364375230
81.7636460658
85.9411683231
82.3317837564
85.7227839330
80.8288992775
80.7771604218
83.8980389980
83.7475851941
83.1360932886
81.1866208625
88.1298522799
78.5452970960
84.1521306313
83.5812580423
81.9811174397
80.6786987506
84.6635835933
82.7218206729
83.2425186825
76.2978454320
84.1102560564
84.2582727724
78.2050119988
80.1011197702
81.4674190158
86.8705400112
79.4794093154
85.5182099145
80.8542218221
85.5485567177
82.8841752037
78.6417284111
77.9305793156
82.2317963820
80.7856347759
84.5512008807
85.8624465481
84.6138406161
81.5721303452
80.3146100208
78.2868626513
74.8250497425
82.2630455468
80.1307323952
84.4062562225
82.3061242379
82.3808533133
76.5929962079
84.6173603748
79.7009053218
84.7832873132
81.3715638245
85.4022058044
76.6085629844
86.3649209392
86.5446013480
78.8979978799
79.6962202993
83.6442212009
83.9224376090
83.0482582305
84.5276255076
79.0104259869
81.0415486860
85.0599181506
83.1654929076
82.4713998377
83.9257613726
82.6244126328
77.7454413785
83.5779930484
83.5296597154
79.6554727286
84.5252346456
83.6118073575
82.1450676946
80.7767093010
80.8482372051
77.9463351986
82.8863293392
83.7649093434
80.4003663652
81.0714374022
82.8729897775
81.9549401558
84.1969622367
79.6969841276
81.6292593431
82.3598775568
81.7016927038
84.9572513764
84.5823252344
79.5891964351
86.1680561586
83.8846053320
84.4780524299
82.5837608797
81.8362015537
84.0358327594
81.8061087959
83.9449080148
80.4846923003
84.0063320287
85.1365850163
74.8172738533
82.5630245398
80.7257496493
84.4303410759
83.7540046539
84.3337505830
85.8095150069
82.2252707245
82.5700679496
78.0150054599
76.9842133667
79.4705503073
78.8882297964
79.5173483915
79.7034925919
86.0954324355
82.2536991650
83.7182460116
81.6350213176
75.8233152059
82.9674639940
81.7090065836
84.3573456568
82.9427629839
81.9321344459
83.6497855115
81.4002149542
82.9539489977
78.3348928665
72.5425045330
76.1994462785
82.9868485673
75.3634022935
80.2253976606
80.8214901566
77.5186679672
77.8361424395
83.7413175383
85.0609830289
85.8014102275
84.9836032595
81.8834504519
83.8609346627
82.1429088883
84.8538534149
77.0980617432
83.4376604030
83.0705005394
81.5009881906
86.1749450659
85.3377196414
82.6458150128
84.9638030379
83.7421658775
85.8191775336
81.9133693405
74.6259864313
80.9181130856
82.5561763959
80.7311557863
83.9274765584
82.8308784822
83.0867784160
83.1691421715
80.5598462940
82.1104794331
84.2276783576
81.5676973918
75.2117456909
85.9154640011
82.1208796217
75.6601499932
82.7758872431
81.6585061907
79.5270354369
83.8437787321
78.4553211918
83.1935394676
85.3512829976
79.2051126693
81.3560474214
82.7578630720
79.8192766796
81.3896653967
85.9148179476
82.5544917053
82.0204327044
83.2112672681
79.7503594674
82.5106394704
82.7903585582
79.4421161568
78.9996571132
81.3880462960
80.4155368524
82.8451372970
83.0382124990
80.3940328697
79.8979135988
85.1141595966
86.7127154026
83.1090794044
80.8296809503
83.9842650304
86.2505331030
79.9546626395
82.2267181201
84.6911422793
79.2416164071
84.5028473760
81.5587001574
79.8613475217
78.2623134846
71.3150782585
72.4582864606
79.9220262369
81.8247372983
82.2786212521
79.5945335438
83.9488316305
81.2317353381
84.3104202825
85.3661063494
82.6492404009
76.5865295234
80.0153253582
76.0460114235
81.9428332531
87.4459586108
83.5363561878
82.4026058214
81.2602010720
84.4107028114
85.2312917211
80.4850937671
80.5818165960
83.3150132686
85.2978528553
80.7604484223
77.5976148626
80.9024242874
84.8422520386
83.0159416508
83.2117797979
77.3603922751
77.6217121638
83.1079628103
82.7170639343
85.6843497824
81.5364605639
78.1925444048
85.5850245718
82.6414817104
80.0053885521
84.1861973864
78.4238591962
84.5283635114
80.8771753602
84.2915477251
82.1799703321
84.5314377585
84.6788452776
82.8781912407
82.2684264451
82.2236549610
80.8094749684
85.2359680182
83.0370500212
81.4044406961
84.6527559333
83.7144944930
79.8856404863
85.1446397124
82.4118514362
82.7240520360
82.2952095919
84.8470493332
84.8244444280
82.6929571789
86.2161415476
76.2880716541
84.2008865451
81.9876408945
82.1184368289
80.8261840913
86.9268228385
84.8710633496
81.9556404060
84.3035515112
84.9017909882
84.7066138116
80.9010617041
81.9960818291
85.5207290934
83.0076785803
80.2542251106
83.8836885356
80.2558381475
80.4062131742
81.7374519336
82.0421740841
83.3061856309
85.7909833901
83.0740414098
83.3166242065
82.7344071347
86.4018053523
81.4562060496
74.0811888830
84.2846663650
83.4408589339
82.1719731793
82.6705384493
79.5287842611
83.2944670318
84.2049811417
84.6044014800
79.6595365031
82.2832235264
82.2560964192
86.1285863327
84.0307680025
79.8481846621
82.1209669513
84.6492375661
86.7692897567
84.3377449153
83.5956050344
83.0237035020
84.9988976917
83.9456679903
81.3125414081
84.1412763815
75.6818637271
82.5996463329
83.7576106108
84.5834362567
81.3982834723
82.8331316916
86.7685399690
85.0568762664
81.9948580304
82.0864887273
73.6551510928
82.9154405136
82.4557610470
79.4437992491
80.1063679426
82.6307008461
83.7916283791
80.0692094225
84.2364555584
83.6299409744
81.2538921533
86.0274710774
80.8988938194
83.4216728936
87.3545707518
80.4224137894
85.5683837815
81.8952862393
83.7637236762
83.3012985392
86.2477363885
84.5127334373
75.9106443370
85.0047333955
82.6485620210
77.6284654623
86.5667413673
84.4925771170
72.4521978505
80.5768331245
83.7927982961
84.6587871122
82.7054712292
83.3658273012
84.4230231830
84.4659462422
84.9653975110
81.7974228343
85.0094104905
86.4002102794
84.2814970088
83.4452736531
86.1307088786
85.1617234697
81.3486688200
80.4535852137
80.5416544365
83.9209379141
84.7955012141
84.6879369444
81.9236092758
84.6690285231
85.0148122555
80.0115866161
79.6915057156
85.4967121998
80.9753374177
82.6157989452
79.6909486179
86.1456817091
84.1114044352
82.2785153067
84.1471116523
86.6072483678
82.7997808533
86.1271189396
83.0425663800
79.5880839052
74.4011898310
82.3388590266
84.0226675616
81.1638356605
81.9916221322
85.7642501449
86.2615822844
85.2760482046
86.4561857001
85.2477138047
80.2073542435
81.0482874687
83.2009788473
81.5786277451
83.7861173225
80.8419050413
84.8328749211
82.9197550536
83.5913041390
83.1622566739
78.5253648824
82.7438709652
81.7754781709
81.3989849916
83.7004197916
78.2468021493
84.9540360321
86.6174085340
80.6100443212
81.5890279203
84.5548585757
84.1782604007
82.0949515079
85.5905639337
76.9307959186
83.8905685664
84.8495312588
83.5698973629
82.5235887364
79.8627668362
83.0223751730
82.4669226767
81.1055530005
82.8253097443
82.0874553330
79.6325464618
83.5259658474
84.4694060664
81.2781128997
77.5833097658
83.6933852531
81.8234609921
81.1797728491
77.6670802259
80.3685803245
82.4488626790
85.6736899931
80.3714798363
83.5872321511
82.9829780695
74.1334301615
78.7827711749
81.1586193434
85.4587854994
80.8304648763
84.6355260435
75.6167145252
83.3107382676
82.9369959148
81.1398069361
83.5571299813
82.4589215487
83.4257293616
85.2047831608
76.4609806772
84.8156447652
83.4598090123
82.4357435275
79.1132369290
79.9789435135
86.9753480603
79.1735615793
83.8959249839
84.2384343897
84.9904311660
79.6661433842
78.2969486329
80.1572879224
82.7199641951
83.1881052847
84.3527689328
80.8978250845
80.2743073509
81.7786082100
79.5512655182
79.4586970493
84.2698581848
79.5502583668
71.8377262331
80.5234971389
83.2065459438
83.0710280379
83.5925875509
84.5559259046
79.7690987187
78.6188052819
85.9581754678
81.5258045267
79.8025145755
80.3422619261
82.7792653607
77.2884688653
81.6800369297
80.8935656235
80.0534758004
83.6916378452
81.9050901151
80.8025016657
81.6219378191
87.5321836739
81.6508961393
87.3564794558
86.6591748238
80.9592916849
82.5788401571
83.6164030120
76.8069447336
81.2596146723
87.3154565434
82.9989651053
82.3756763457
82.9257617525
74.7933169402
81.8173120190
83.0143782298
84.0242450295
85.8849109300
76.0740796319
82.3972735120
83.0211883590
80.0085655709
84.6211771497
85.1275071825
82.1898342018
84.0138804943
81.1626212838
86.7045003861
82.9812299812
81.2474523875
82.2294353687
81.3412500059
81.6743919418
86.4030181411
79.6576831802
83.5879925804
80.7872702726
86.1322593617
79.6282328568
84.8793903499
85.9671480623
81.8120534575
77.1842148210
75.0093203771
81.5990141274
83.6293133522
83.1448528217
75.1542176068
82.3725433625
81.3104624752
82.2588725065
82.1708752990
81.5467184059
80.4514373163
76.1272099387
76.8145080797
86.6682084260
78.3203748899
87.2637560419
83.5656399441
79.1817751849
84.9571398711
81.8251158929
78.6078461792
80.9097667304
74.4804536044
85.5316062241
80.9977683708
80.5252568335
78.9840724560
78.8931566976
84.2466095091
80.5240689777
86.8873836462
80.8401862487
80.2389816665
82.1118824508
81.3823732632
81.3574906569
84.1383985096
82.8909713277
82.6546000481
82.4727934667
76.0684198932
85.3362024339
86.6271974255
78.4337355632
84.4607440597
85.7882561904
84.2238032705
76.7049525142
87.1212576584
82.3404451335
81.6055713999
83.9786551083
70.6099582782
82.8343228482
84.6388832998
80.4910407371
77.1356334730
86.9832656720
83.2321076196
81.2305636531
83.4761146957
81.5199750001
84.8148975040
81.7979348050
84.3189198548
83.4979759664
81.5506994725
81.1433457183
84.0244899457
80.2223410205
83.2748928364
80.3982467794
81.8144233297
82.7158590498
82.6184624629
82.1443472194
76.6149354093
82.3136266520
83.0603905268
85.1253454153
77.9527544834
85.7408096753
78.3857447490
82.4293086078
88.5626932969
84.6444704676
78.3614799868
81.5296099462
82.6746964396
81.9745600221
81.5773108455
84.8072076663
84.3140610743
83.0941366127
77.9264449047
75.3716163024
84.1820815352
85.4533617605
82.2332725141
85.9506888837
80.3755198285
74.5058271221
83.8735819680
82.6380250588
84.2999723904
84.0575621817
82.8200675623
82.5941940697
83.6690684308
82.8796082809
83.4410983617
85.1075752793
85.5209067708
83.5098094256
79.9918075186
82.2505127400
81.3473731253
80.9200374147
75.9267962350
85.5989523038
81.4700665413
80.3509979129
82.7237557655
82.8297731254
82.6152985634
81.8896024781
80.7733382707
83.8731359166
76.8104277635
74.8923258793
83.8503994363
84.7156973668
84.1361281876
79.1169038581
70.5785520850
84.1224930992
78.1435593840
83.2672935362
76.4855891251
83.6446832639
79.8154468154
86.1739998488
83.9611189449
88.1242126642
82.4730754623
79.1860237974
81.3068400349
83.8634047519
79.6479383506
84.5950711248
83.0288752741
82.8714220166
81.1562147024
84.4399577043
72.2245707697
82.0728783577
78.7835245234
84.8436864676
79.7049426197
84.0241083401
83.5109228054
83.4414483658
81.6101581742
76.9996733589
82.9914206304
83.2511533208
83.4696679737
83.9117616743
83.6662306603
84.9757359863
81.2733992793
85.4946371982
83.6091202752
79.5374646305
77.1469995582
83.9006468828
78.2389874300
80.1921431790
81.1364156268
84.0163823909
72.7052689651
85.2504207037
83.0461663903
84.2054232596
76.1824780563
83.7789941438
76.3823005029
83.7589745079
81.6459824289
84.8237055695
80.3035836146
82.2231779682
81.5141830347
82.1218390360
81.2119288716
79.6519205158
79.9597549842
78.8294686126
79.3012337706
83.0975173468
81.4455392895
82.7480155279
82.2772404446
83.5918585497
84.9232018808
84.1749090869
85.5434330490
83.7751863850
84.0158589479
79.2780573889
80.9185191203
79.2643057663
79.5932596886
84.9425803087
81.4465879830
78.4030265744
80.4875665457
81.5554258690
83.3253967322
84.4426460982
82.1667330717
83.0454566144
78.5749564604
78.9637350269
83.1071726992
86.0503926205
81.1632952925
84.3874249391
75.6688605407
82.6275838115
77.5987478093
79.3621982049
87.2142923964
82.6448202964
85.5097221333
81.3071084634
84.8064133910
80.0948930786
83.8052532329
84.5710640248
80.8401862487
81.1528522360
82.8715695688
82.7923404039
79.0273374392
84.8901589643
83.3389837267
81.9346058805
85.1382896695
78.1158522066
73.5150345600
82.4965683258
77.9669516935
79.1058774439
81.8393035344
80.9859569767
80.0574607325
83.0717003022
84.3124951669
83.8406889493
81.6654122936
82.8836105616
81.8974606296
82.9673295846
84.7616020764
79.5911083359
84.3957958035
79.5487970895
83.4095341048
83.6509016223
82.6695494070
86.1649505636
81.3712964875
82.3904225748
84.7593760813
81.0803988002
81.3237782567
81.1576556197
86.2756584775
80.7619517504
84.8929252195
77.9121084491
82.4511296315
79.4284854146
81.9670403388
76.4547956229
75.2572879871
84.7548595784
83.8732044864
82.2854810420
85.0872457158
81.5488653286
84.3551406932
80.1728835738
82.7701099320
77.7259850933
83.6241049340
85.4132362628
83.9399076792
87.0339787074
83.3565625333
82.5444876141
83.9347380214
81.4721326887
80.4086031620
83.1155449491
83.1483528997
76.8077032723
89.0442782514
88.0717001046
81.2942477363
80.4815971927
82.4747849660
83.7518395113
83.4138289071
84.6662753508
86.9551495852
79.0164122801
89.6870525209
83.8222839211
85.9311594282
79.5837963724
83.9598906095
80.8648847214
83.0990388584
83.8621705916
84.6659490513
81.7157855731
79.4432673070
81.6900365190
81.4586176621
78.2119300863
80.7191371462
82.0089024691
86.6551724520
81.2682659386
85.0207178216
84.6962750163
81.4413535202
83.5598141605
81.9236025275
77.6965984197
83.9747117450
80.4372681134
82.3982903486
82.2355195800
81.0944875813
80.8975242769
83.7577745576
84.3179662934
77.7731141002
84.2132804451
86.0392056716
83.1185473516
78.2901412456
79.5903563190
80.6496276124
82.4832552051
81.6847952780
84.6005315880
84.1290225092
82.2206719447
82.9358134287
84.4304929166
71.5686825122
78.1558239273
82.6095813664
82.4221584619
83.2663652117
82.3886496860
82.9786435013
81.0250497586
81.8823889828
85.3909038776
82.4004078241
80.8023935453
81.3657156215
84.2604472957
81.5987080682
85.5545402327
83.9970424622
82.7013365456
82.6893829641
84.1461087481
82.6129512464
80.0848891905
83.7690212017
80.3381289175
84.9836000969
80.5957785120
82.7143165879
83.5742420482
82.1503484412
85.1097576927
80.5596033894
84.1827048576
78.9566463594
83.6449154269
79.7447165430
76.1090878521
81.8089579656
81.9871050254
82.4509692373
86.5744432075
82.8452979318
82.7724237727
82.3076597300
83.3725781006
85.7165707112
80.7584631940
75.1072980063
81.5145787452
86.2008080591
79.2534651031
83.2416838345
77.6642507750
84.4727959196
82.4399478786
82.7611088844
85.4625436909
85.2097169684
83.8970151328
79.7799312293
74.5476336375
80.9676863547
80.9378064571
84.8285471053
79.8255543842
84.0128467391
81.4249826916
81.1178789449
81.1057364754
80.7928497217
84.8515061372
83.6151850117
83.5117213488
81.7982755010
82.2197854339
83.4261156995
80.3834498310
79.9618294856
81.5418498047
85.2511981749
80.3806177438
83.9325723994
77.2338690782
81.6211303061
84.2196995238
77.7656444164
79.5885997776
82.6602303572
82.0242936449
80.7636501061
79.7990203415
86.4853516948
73.8770339672
80.1744917457
85.4299391856
83.6446881561
82.3731339256
83.6218916400
83.5073227789
83.6946911209
82.4495704686
84.7619628687
85.7872598865
82.4878911772
82.1547965760
81.1617491458
82.9250407109
79.6901981362
82.3613418104
81.7324706637
84.0902203374
83.3084579553
85.7803839893
80.9408600775
81.8897302351
82.1325485332
84.9875929885
84.9450965525
77.6473215998
84.7969246200
80.6553346200
85.7774782836
83.7867660628
74.6792101065
82.5767642267
82.1661786607
84.0840221460
79.8637719749
75.2620374129
86.7432715500
82.2265856181
84.6066955859
83.1461956400
86.5053223522
81.8725964060
81.6776336016
78.5319013526
82.1764113335
78.8986256984
81.6078643052
81.3082104408
82.3014932912
76.5445411932
84.4857386725
80.9829352002
81.7372750151
83.9115843776
79.2700453860
82.0832445167
83.6881727948
80.8508095360
81.6203789463
83.4821435183
84.3042354770
79.8269121398
85.9814734108
78.1909999503
78.9420961980
84.4325861773
83.6711633198
81.4245942412
73.0045270740
84.1067280346
74.6450374379
73.6508339125
80.0850448097
82.6947190341
83.5418954930
80.1880921157
86.3669814114
75.0198106108
82.0242801466
82.4144095358
83.2344466787
85.9421165351
76.5428973474
84.5313063692
83.4285003731
83.6402555994
82.7990143553
76.0667873862
78.0992502143
82.3979025215
72.4508290814
82.3348780358
81.2485064550
73.5259321433
81.0855834848
80.9276569107
85.6467056365
82.6356240519
84.5090806909
85.1101622788
84.5183497388
82.9761476944
87.2310212041
83.7225831911
84.6855037706
81.4416489053
85.0576211744
76.6695252535
73.7364319521
77.9683071597
82.7537749133
88.2661079312
83.8207134766
85.5184424177
82.1404336274
81.2493532536
83.0728486976
79.1718960049
83.0768572075
76.9815849964
83.7070367008
80.7738394884
83.9652384226
83.1422455447
84.4303136961
84.0255442112
80.5663011164
79.6600018340
73.6477563575
81.7393216882
75.8869715779
84.3887942015
86.1178996811
83.1619070290
81.9832597520
83.1545622419
83.8060747515
80.0089600082
79.3881691337
87.6036843063
84.1844678360
85.9850742075
82.9177654837
80.8345000364
82.4382486377
82.8152081601
84.4395960788
84.0231641264
85.9513395487
84.1701109611
81.7425372988
83.1668960765
81.6502819785
82.3657587179
82.7650511583
83.6278333078
83.6682205837
79.5820172418
82.2213584540
79.2609262502
74.0586581655
70.6482895556
83.0036127983
86.3522110772
73.1685301777
79.6512010505
78.0363649230
79.5373225710
85.2818359080
85.5849999836
80.0752774929
83.8235910960
81.3788680656
81.7392422697
77.5133666717
81.3191137251
83.4145366548
71.4998769777
82.8944887735
83.6550670625
73.2685214498
77.9724809411
81.2278685467
81.0675097783
84.0794456283
82.4908687476
78.2416467628
81.3357492031
83.9230304732
83.1338939463
78.1365744559
83.7775309570
81.8190530003
82.4322426491
80.5766719994
83.4692865901
82.9656654979
76.0727061331
83.0939577464
85.1429913600
76.2383316678
83.3361666069
86.4568957928
83.1263405526
79.7410804065
81.5405578125
79.5832117874
85.5654298232
83.6278333078
85.5518582185
80.6959010792
83.7041744922
84.4712032595
86.2875780507
84.1980378682
79.5694699949
82.8327827133
85.0387615075
81.2427858834
83.2252630114
79.9918857398
85.6296554885
82.7203606496
82.4866015482
84.3259256162
85.1468477162
84.2294311009
84.4313477501
80.3278718969
82.3906889776
81.0035369895
73.3790341088
82.6243054262
83.6650126401
85.3765750515
83.8809067293
88.0032639280
82.6185195766
86.3941015102
81.8042656507
84.8130470617
82.3562662573
84.0257216747
83.2768022955
81.9999440670
84.5185873916
76.2963848559
81.1158565190
83.7279134535
82.2359500378
83.2790291548
83.3027776008
82.0694334286
81.6414519195
85.3227859029
81.5303416466
86.0498149876
84.4148590750
79.2790905929
80.6918172871
75.4427215950
83.2659801033
81.1945952228
77.2094744912
83.5862017078
86.0406078633
83.7973102394
83.7625050233
84.5905038469
83.6282538407
86.4398864263
84.5621076466
76.1653777439
78.4017283974
82.7297276708
86.2832701499
81.3138599060
83.5541094225
82.6054583978
85.1133993477
84.9320568613
83.6551148219
83.1066956721
85.2187010970
87.5321695168
82.0236034707
84.8842295647
82.6862601801
82.0466613091
82.9314783584
80.6982541743
83.2281871496
69.6716024052
88.1683854839
83.2984178112
84.8992418153
77.5943352462
84.3388990153
82.8898024780
82.6794340109
82.9017190491
84.8077165265
80.8651658863
75.6560482645
83.6826586220
74.2978032892
80.3884689600
83.2259744184
83.1981971718
76.7823200814
82.0535360690
82.5060269874
82.6523675717
82.6867329647
85.4915756864
83.0874505456
83.5355554666
85.1802275331
80.3043613147
82.5661542224
80.1553029225
79.8536402988
83.3272033676
83.6976987202
80.6157138312
82.6710546700
86.2915285539
83.9550583829
82.2139905565
81.7268503349
83.1641577856
81.8666727919
82.7590837689
75.6717691602
85.2395807794
87.8168481714
80.8183162232
84.3241232925
80.5878754935
81.0503412244
86.1858547467
76.6352506761
85.1071259948
83.9979946261
82.2532474593
77.8587717282
79.6821554120
84.8487099148
81.4532921561
83.7564711542
78.3075796202
81.6242926199
85.1429123231
79.1477030502
76.2266355643
81.1198745907
77.0301779699
83.2730231999
80.7353195817
81.8678229854
83.3863268914
81.4755434696
85.4510091055
75.6496188211
85.0707673817
83.4810488446
79.1121953089
79.3364911151
80.9021849680
81.5088711479
82.0683429834
84.3106982858
82.2744611257
78.4415761565
84.7906441973
84.9177257385
80.9129664409
80.6875944721
81.0444702343
80.0210892159
83.5733254827
83.4509466779
80.1926515187
82.5379778987
85.0968094345
81.4735032311
79.1742990432
75.5785148908
85.8256730589
80.3193188335
83.2155829438
82.5130931574
82.0828717988
84.4019990709
75.9145354947
81.2169667180
78.5319603863
82.2084150500
74.3233721670
80.7922828027
76.4013478687
83.0016015911
82.6106568844
81.8042064918
80.5630313260
81.0209444581
80.2890726812
82.5385233195
71.6269624779
83.5337306970
72.0402781388
81.2779115085
83.2388592106
80.3789644570
72.5240143766
84.5928116666
81.7371611887
79.3936073665
83.9910386721
84.4933748521
83.2370997676
84.4540999422
82.9262487170
82.0569422621
82.1458872855
82.2221279798
82.1895690780
82.3118760288
82.9946258470
78.7125461263
83.8336418563
85.6742616646
83.6379507610
77.7470357543
84.6077924436
83.0155289397
82.4625772063
73.7481225601
86.4583308391
84.9980286977
79.1007744653
80.9917271430
81.2276676673
86.0831690202
81.0732105399
81.8739331208
85.1733709224
83.0622237967
75.6419097094
82.4049351362
84.8065633891
83.8963080106
85.3649240779
83.3321243812
72.6401378197
86.3998953034
84.1988828844
76.2114505483
79.8787398163
79.0367342739
83.7437318886
81.8921753596
80.6417822229
81.2134945983
84.8345062398
86.5234359141
81.0743440281
84.7477720715
83.0993095807
75.1219441137
83.1822714741
83.5432414265
86.4516021920
78.4323065917
82.4878905201
79.7547703479
78.6562575826
85.1069249595
82.5282362047
84.1403184609
81.7768574974
86.0622815060
85.8596746973
86.2761516899
83.5906555111
81.4952559048
86.4784005895
73.7968441454
83.4161383926
85.0776926108
82.5560682141
79.3179504590
84.7344661693
81.4901062222
84.0600665003
78.2628110763
86.0050607066
83.2132926367
82.8749298772
84.4338576408
81.4944419157
88.0300003865
81.0293218846
81.7238924068
82.3648343128
80.4455747430
80.8420461850
81.5590487268
84.5162654834
80.2904385703
85.3551243612
82.3370520585
81.8617463581
82.2025684128
72.1751285663
85.7554703538
82.4121644517
83.3062463981
79.8740552148
84.1568298395
88.3732642062
83.2498193680
77.6984454096
79.2245579778
83.0518863728
82.6930439482
77.2905531232
73.8179460696
80.7853467826
79.4420953892
83.2159766144
81.2314701699
77.6320381750
81.9352163191
85.6351045080
80.0059413367
82.6169258819
77.5257896646
73.3336529736
78.3408397789
85.0265519407
82.4823467159
84.5873744336
79.0152544455
84.1379859775
81.5325663152
83.1299459491
83.7128648834
86.8319245036
77.1959594424
80.9326171710
80.8918783013
80.4905232843
76.3603213804
75.2881330853
81.4223255774
78.5725519022
83.7428426796
83.8029278664
75.1266034577
82.9269525180
81.5924321632
84.2829441407
83.6472303987
82.1083508270
79.6720491914
82.3771299552
83.0114357385
85.1099588868
82.9324274904
84.2466174648
87.3736891646
84.7892989757
74.0648979572
80.1645670567
83.2927175876
82.0217021949
83.2500638967
80.2075837890
83.1637872849
84.1972585973
82.3794265724
81.6031301990
79.4196433434
83.0523642337
84.2971556677
80.7290817081
85.9212380119
85.2893360118
79.6033435845
82.5013598810
85.9791455300
83.3827246596
81.2208709030
79.4337175728
80.6565572922
81.6167548052
82.3491892351
72.8844206212
84.9792673069
83.7225865983
82.2470341241
81.0847701171
78.6387749940
80.8964274577
82.0846229042
77.7485906041
84.3484873354
85.5262674004
82.7249986162
81.1977596855
77.6159976313
82.0899199636
82.7757945388
79.5916077612
80.8122805477
83.0008270780
82.0469800749
83.7460135281
83.9116739205
81.1107458515
86.8161130924
84.8590885266
83.3010378671
81.5678962649
84.2805049928
81.6123019672
83.2630490696
82.0898031803
81.1073559282
84.6540893300
83.4369600575
82.2130115926
84.2031549543
79.5585024180
81.8175285051
84.4654810522
82.5524950577
82.9216919543
82.8104445966
83.0603905268
84.5636795222
85.8146697170
78.4357797681
85.8063260267
73.0503526182
83.8309944563
82.4125289653
81.5675041308
72.8204970731
81.2537124406
84.2154868048
76.3739921095
81.1823568918
82.0535656235
82.7209864011
80.7846587928
82.9365959747
82.6345644948
85.4673910124
82.9410522826
86.2305748962
80.9024242874
80.0796637691
82.4817576709
82.5556434182
74.4385300090
82.9229152989
86.2442804657
83.7238953711
83.7730590985
76.8844326306
84.0407929185
78.8501277520
79.7523035553
85.2913135178
81.7562429589
83.6468836761
82.4268036293
85.2541684518
80.1167305141
76.5388150194
82.3032672873
83.0239078996
83.4237955982
83.0936535829
78.1744017477
80.9258272059
83.4217789939
81.9087353509
79.9884318184
85.4403270506
81.3223929548
81.6538181300
80.0294450712
82.6044381769
81.5106511235
86.0637066667
85.1368503444
74.7277624826
85.8960476747
79.1665440459
76.5672631635
82.4810439581
84.7431090225
82.7941289116
83.1012358467
82.7966922800
80.0031341470
84.4200726939
80.8159823286
83.2587477528
77.9137886106
87.2239388200
81.4428870940
76.1265107154
79.8810651360
82.9738432124
85.1868547727
82.7178713564
79.0318200726
79.8206783828
84.2881550731
81.9408770200
85.7938172606
80.4826748572
85.0372745936
82.0892320489
80.7955591886
84.1429013185
79.4584653890
82.4324197885
82.1445498892
84.0164613526
85.7540911157
81.6127046770
83.9461744348
76.6784684871
79.4163506856
80.4306490332
86.3547688200
82.2762084591
82.0120888487
82.3542973622
82.6699639531
79.3944813277
82.4720876649
83.4666350060
83.8647583320
79.9686076167
83.0840804177
84.2387280108
78.8385831879
80.5065369503
83.8392509212
80.2520190050
80.5524702948
82.4150648015
79.1319994492
86.7961179755
82.0602797938
82.2090229797
81.7213642508
85.0875139659
79.4201217560
80.4502019136
82.1453738291
78.3527307922
80.9684628136
83.4063571051
83.1945308075
71.0573092513
85.4359931491
84.3969221790
82.4106064968
85.3448006987
80.5797726369
86.8198731827
77.0015829950
86.8646250780
77.4833118101
84.5508843561
84.4839722403
81.2114495361
78.1355163974
81.4978148126
78.4767285337
73.4748203434
83.3638715001
86.0153108603
83.8254536359
74.6534758250
82.2198718770
81.6704336314
87.3793882385
84.5167385162
83.9721936322
85.5682362110
81.9269583933
77.9500245434
82.9508340042
83.3536905975
87.6335909039
83.9305481312
82.2425302413
86.2166596983
85.9599372058
77.1659235132
83.0596781868
82.1406300347
81.4180033301
81.9121312471
81.7185651671
80.0457162751
81.9034502315
81.6028039461
81.9596291512
80.8147686873
81.5496541331
81.9738725726
82.1390007466
82.5104557784
81.7417977895
79.8080921328
84.3980962465
83.0101515510
74.6421897702
83.1991266197
81.2277037356
81.8016768848
82.7793859306
82.1568399431
86.6838662873
86.1548025030
84.1688330047
79.4126751899
73.9050712925
85.7242587624
85.6883843128
81.0761851841
80.1914526254
86.1772217036
83.9873164879
81.0683107532
81.1825781724
85.4448088124
75.0229247838
85.4273493476
80.2347724473
83.2332433902
82.7450929188
84.7363066965
83.1576625539
82.7165712085
78.9712195333
80.7405145246
83.8657169260
82.6836479300
84.4426804482
77.5555286423
82.6168484490
76.8347849373
80.5044229529
85.5380499990
84.4949281786
82.0616929753
83.8442760767
85.3054567651
80.2977381251
82.7214609362
83.9060170050
84.4015407490
80.7525963702
84.8144463328
75.5846537540
82.9069116807
82.9692220481
84.5622202634
82.0596798569
82.4561073995
85.4362649118
72.6888732277
85.6127597399
82.1670152688
83.6395933559
78.5395430008
81.2935461106
82.2783138483
85.3655619704
81.1210561765
82.5505626611
78.7162326904
71.2455579454
86.0206895734
82.9324687981
79.3140091140
85.4205111455
80.0635106973
81.4859344533
81.8937662535
83.2061154942
75.4858541538
78.7668507736
84.1170412882
76.3838786529
84.6233633063
77.8050929051
77.6754539815
86.2401765957
82.1523484182
85.3243381392
84.9630669996
78.0972479600
76.2864607760
81.9810077957
84.7387274096
82.2125048942
82.3104693991
83.3371966084
83.4647319989
72.9496068831
76.6948943982
85.3550399939
79.5606317151
84.3160326986
82.2994272851
84.9317550656
85.6382085392
79.3275663806
82.2275410108
83.4593680802
82.4849007820
86.0828158743
82.4321938242
80.5691599896
83.9194570333
84.4349784456
81.5525210193
80.1114256064
84.3341191642
81.1887135613
84.9488677517
84.5692471830
84.4755721629
83.0789378812
84.9795201497
84.2371259676
83.9643800395
79.7111375527
84.1244625468
82.8884706392
81.8398767881
81.4148504987
82.4862157329
77.0689347402
83.3152205654
79.7578525958
81.2597095230
80.3793144052
86.8363452912
82.9995828617
82.3396750001
83.5502769093
75.8226871728
85.3381796181
84.9090411559
82.7592897868
84.5522823322
80.2521062147
77.7768412121
87.1616282417
76.1300667823
81.3978463795
82.8610303218
82.4433545728
81.7445067868
81.9519241084
82.9642934200
75.3698841347
83.9950623544
83.9757539362
84.2945585691
85.9806296515
85.1343389133
79.1892523669
85.7106460424
83.8843615261
88.4532880136
83.8158019505
79.5804489550
83.9917755827
86.5072171117
83.0316469058
86.0423472440
81.7831880233
82.5919534851
82.0710324708
84.0859163481
83.9077789802
86.0346903922
80.3703023877
82.7218206729
82.3883225124
84.8429220454
84.9228472177
80.7461393581
85.2023402759
74.0228176317
88.0235643550
76.8813445011
85.3670675990
83.2548415936
86.4033058670
79.0140040423
79.4897845142
82.7647246132
80.8023803636
79.8501679654
83.2121973379
85.0394337376
84.4117152583
80.9634612594
83.4527384026
80.8403285260
83.1930759554
82.2822045836
84.0477800973
83.0534932301
81.8254945075
80.7520951515
84.3257065447
84.0734673029
82.0389967210
79.4604176056
79.1052919750
83.8117952675
85.1124668290
83.4624227611
86.2017765698
85.0093763574
81.4912564456
82.2684258571
85.3641687416
80.8996016354
80.9934434047
83.1043645374
82.2467797886
85.5596960692
85.9978031612
84.0899690734
81.5325039281
86.9646624036
84.1480124100
82.1628502175
83.0439396648
81.6548142391
74.5144183456
83.0559582952
81.1338020383
74.6955254609
81.5276417213
81.1978198101
77.8986246630
84.3445806789
83.1011555361
81.6727675876
81.4362268143
81.9762119044
82.6888273843
82.9623642520
74.6582130244
81.3235449565
82.1819884444
83.6354260064
77.3642905906
88.5126428740
77.1304988350
84.5244112155
82.1368562065
82.4589547955
82.0525048291
83.5748849004
83.0069842212
77.8056845197
82.0698984840
77.6096846328
86.1637644559
79.8939607663
85.2043710838
83.8834439669
81.4253731890
81.9715660639
87.2341236660
79.4220088508
83.9010789354
82.8430561868
80.3293865097
83.1931409359
79.5390103621
88.2155025808
82.7353600089
81.2051636878
82.6590832679
81.3180102663
84.6348776282
83.8834495672
80.3307282714
82.9204695536
78.6713004616
82.4254839146
85.0703976766
74.6268020561
79.6295507171
85.0102655423
83.8648802903
77.5043234975
77.3727922140
82.5592211827
82.1782039665
86.1668894489
82.3291895993
82.9200037685
81.7148497969
85.4372608530
85.4978259145
86.6333183248
83.0562299133
80.2670572717
83.4016929413
85.5125059117
81.7938403995
84.5566656029
83.8928049132
84.0186583524
85.3922022928
82.4319145905
79.9056861624
84.2370301563
78.7255635976
74.5114444369
84.7896138367
79.1393286530
84.6190021042
82.4700878373
82.9530968315
78.9300571973
82.0030870992
80.1815806896
80.0245645411
79.1534986058
82.1190042685
82.8819536701
83.2594531708
82.7096792430
84.9968185511
82.1343515835
82.5942371588
83.6097703971
84.6285935032
84.7528139680
84.9773794837
80.3707338422
77.3660508084
82.2821698338
81.3064703480
81.8506623090
81.3569420523
82.6251538268
85.5571506619
78.1853114922
78.5415709869
81.8479457781
79.7566656942
82.2279564556
82.0210807230
82.1402058073
80.5538909637
84.4213032971
82.5802263593
86.5058868317
82.0204476164
84.4309343504
73.9794281690
84.0920713674
84.3302241501
85.1391655916
82.9445229370
84.4209087365
85.3601513021
81.5123279331
74.1587192922
81.5561462368
79.8396640191
85.4905046668
81.1295560186
81.8004855276
80.6675587275
77.5928152975
80.2941568895
82.4391810522
79.4735385933
77.6218670779
83.5741605289
79.6822258759
81.6600455234
78.0470475687
85.3358513927
76.0751288404
78.4622366151
80.6732238639
82.8553649541
81.3222588407
84.5885725208
84.1373620296
83.3202827230
83.8398381980
82.2791918323
84.8459725367
86.0271576122
80.0443726067
83.1571061377
82.3796872402
83.9010140975
81.4607910776
84.7217050122
84.8249594697
78.1581565883
78.1564100311
82.1273799161
85.1965430551
74.6169520566
83.1466811179
79.3910597904
75.1907261725
80.4074071475
83.1501101274
81.5777791133
82.2557188270
80.5685332199
81.0499435716
78.2548180323
85.5850456703
81.2901687529
82.4966387732
82.2996382382
76.9603422433
84.2922264464
79.1426687931
77.6071457699
81.4604423993
81.5853572952
81.8900689918
81.7958806530
82.8399781048
83.3921235044
87.6183862450
83.3456953394
83.1926706336
80.8960943342
83.2536120552
86.4697392582
81.6064737878
82.0172497045
83.9681676517
84.7607824474
81.9664267523
82.3771043403
82.7511246127
83.2075075543
72.0038754187
83.6107878163
78.4591931752
84.8340492531
82.2167876171
82.3748300471
81.7895257161
82.1398142561
88.4640398214
82.0452762905
79.6069147094
77.8909179522
86.0720288204
81.9771443656
74.2729416342
81.6582167908
81.2233722392
83.1176844894
86.1903441587
81.2020523566
83.7195800740
71.9684178854
84.0509036001
82.4657410134
77.8051813287
79.5630849776
83.0814393774
80.7482608110
82.4083143565
84.3397293973
84.3564724337
81.6250049178
88.6765164924
83.8452227764
83.0065599415
83.8286119852
82.2020200762
86.0963467937
83.0085108651
84.2333703281
82.5571579445
79.3226196238
82.2146112288
78.3505794296
82.5435928514
82.0011727044
79.7403313070
77.7833550491
81.5916618787
84.1616807048
81.5517937620
83.9981843098
81.4149029024
83.7447965952
86.6529082207
84.7660174656
76.9982808076
85.7905124139
86.0501246958
82.6982977998
81.2395334206
84.2916341065
79.5151696754
81.1099687748
76.6717943448
84.3533070096
85.0065514049
78.4598875604
83.7553175544
83.1409298432
82.3127906552
84.9671233483
79.2089953550
70.8593933604
82.8859317577
84.0370052039
81.5981745541
83.9441576761
79.3244785275
83.8519554125
84.2132795574
82.9682761582
84.6352009941
86.9031098167
85.2822193546
84.7861803416
77.5191079187
85.1079678282
76.1495707551
84.4475810994
81.0636489793
84.4257253922
82.2125299888
84.1631828465
81.4009714723
83.9775018195
82.5216471731
82.8527014102
82.3964512309
82.6458815763
83.7118398159
82.4902979534
78.1311610829
82.0970143065
82.1364735732
80.9592862297
80.9918103839
83.1626342243
82.4445715554
82.0846776480
82.7050029027
84.1574181337
85.9690431189
80.6897976169
81.7588411464
71.6688724016
81.3141944613
82.0641585567
82.3667809900
81.8464500789
83.4601567035
83.9143948933
86.0598950798
76.8601329628
85.7212499268
83.9890961405
78.5587762066
82.5240297949
86.0559450351
85.2364067629
84.6329829975
76.3741170942
83.6136375158
84.4813838591
77.7026931054
85.5570325774
85.7349104329
82.6893296379
83.8045337833
84.5557640609
82.7176159985
85.9333991557
78.1963405428
82.0372397106
83.6256576152
83.1194496921
83.3359225580
82.5288629998
84.6113604185
78.8232686329
82.4056277477
81.9761808795
84.0333799741
83.9976856570
80.2162200229
80.6947009083
73.3680489869
83.8278214547
78.3866503699
84.4972198788
85.9555969327
82.5066803128
80.6068686241
81.1004346198
78.8722823278
74.7402718490
80.9676429192
83.9711166374
83.7289209744
82.9350419658
81.3821845409
84.7575188060
84.2686776156
86.8610298598
84.7127950684
82.4912346731
80.1990812129
83.3335208185
85.6736746466
83.1369713877
77.6085982587
83.8942810390
81.8116832573
80.9918940306
85.4391676748
80.2214463816
79.6231360470
81.6001752285
77.3073913343
76.6838492153
77.2184932909
84.6645901557
77.7155728460
84.5898428041
83.2041567732
83.7272923427
82.1688054512
72.9350831863
87.1894581919
83.5164813604
81.8352398995
80.8761922858
84.7520702192
79.3628108703
83.5064621097
78.6866782829
83.7329187748
83.9642402503
85.1493254454
83.3820515526
83.2026662854
85.1148086557
76.8389883720
81.5084597451
85.9954446986
83.9798197930
77.2936207743
84.6864958629
78.6777085346
78.8187737968
83.2845985031
76.3853337408
84.2677162166
83.0193366999
83.0164667564
82.6459809391
82.6479081505
82.0598537884
84.5581066940
79.0866478058
84.3356455405
84.7481067223
83.5058428081
75.8367986101
85.2000729827
80.4735412131
83.5282628283
83.4142590989
81.1877390378
85.8221905363
77.7850985103
72.9578398979
83.7615017198
83.9959751488
82.4130992744
82.3708557125
83.2104180033
85.0158466269
83.1700501394
78.3753399566
72.9359176530
82.7576538791
82.2974216292
76.8726034859
85.7287440255
81.7137704600
85.4953996842
81.1903763094
81.6201573383
85.4125862631
83.9666369392
75.7067174625
84.0649640162
84.2020040695
81.4578778456
83.3295168981
70.4578199748
85.1875768165
82.7935822065
84.0914996745
82.0577401875
84.1081903090
73.6707686548
80.8456437110
84.3171148444
83.2724048380
80.1241351575
76.0110489077
83.7434338179
83.8995434445
80.5159173779
80.2700741808
80.4467780361
83.8918432965
80.6434528691
82.2050685816
79.2797700066
80.9450992907
84.5199729240
81.9260912880
81.5583490806
76.1886592046
73.3241516055
84.9547516895
86.6506039268
80.3532552188
79.0283367800
79.8854633099
81.6242748693
86.6366672757
81.9721141338
84.0026341886
84.4592179300
82.6449907617
83.1860607308
83.1602776568
83.1387103644
83.8796550659
81.2207944442
84.3957015962
84.9677106810
85.3748761003
81.6667732657
83.9445316524
83.6135180609
80.1533482498
83.0924544129
81.6778065061
77.4811363281
83.4628354903
80.6136136580
78.8011509297
82.9729026878
80.5772738394
80.5894744764
86.4307479380
81.3338330756
83.0003575139
86.2526762438
82.7496977373
81.9447955572
82.7519069171
80.0344686692
81.6703735376
80.8142644521
78.0700402312
88.9114027548
74.8352542714
81.9992493349
80.2418334131
82.1981752350
84.0067668800
86.4226273440
83.3546458330
78.3034217627
77.3461990960
83.8867538150
79.7326049784
84.4576240568
81.3932753548
83.3428563015
82.5372910169
78.8270440380
79.9133514851
80.1026278696
82.3202327554
82.3012096140
81.4510529732
82.7939095984
83.4409889785
82.5800718994
78.7495762001
80.5296576370
83.3201013879
79.1612731856
82.4564585234
79.3594779922
81.6806475109
84.6874569060
78.6259249573
83.6838553440
83.8006380882
82.6653066164
85.5514414722
79.8979725046
81.9888739192
78.1657779971
84.0984724056
82.6538168381
79.7412844016
81.1666159978
79.9812817972
83.0720147856
82.1139992662
86.0617256896
84.8630380493
83.7053085342
83.7852154021
79.1547373701
83.2896540640
81.8587506959
77.8765500604
86.8777670605
83.0960385018
84.9429395502
81.5506701296
86.8906268662
80.9257885281
77.8979452349
83.4564248710
84.2273068282
85.1530397135
82.6469098821
84.8122982394
70.5610272799
82.3534988216
84.2481919376
82.5745890853
79.9868085411
84.1221217610
80.1867223220
83.9894931793
81.5084707991
82.2628795186
81.8913781490
78.3423914194
79.8404407110
83.4670083837
87.8719210759
85.9978764809
81.1344452527
76.3129993489
82.1254385834
82.9914629948
81.7489243080
82.7325604261
78.9626664621
84.6781830180
84.6073471663
84.0245611879
80.3533535401
77.8472024748
80.7553601530
80.8886254451
80.3207570683
86.6496119845
80.3839969950
82.0153057192
82.1044860800
82.9348125895
85.3254646559
80.6373941810
82.5478701835
83.8978484998
81.0227062521
82.3929194990
83.4651034565
84.5546671014
84.4572938361
82.8247505757
82.5815987076
81.9108119048
80.9003828505
84.2542494800
81.8034265555
82.9492910841
86.6322499357
84.1031621224
80.6609802333
84.4413313299
76.6279834449
81.5355102064
84.2260364557
84.6451375742
83.9307422385
83.8841184478
80.2438874111
83.9640173783
82.5785463954
81.7236918680
77.7169142191
81.6012980134
80.9501111087
84.8864222431
83.8710204293
80.9419385201
72.8134809274
85.4288159389
83.1435768115
78.5153456008
83.6709779037
83.8090707576
83.4518279786
84.3910108042
85.2788834198
72.9114162474
82.3488144999
83.3139959606
84.6022120361
80.0357486427
82.3556004755
82.0204588622
86.5434757113
84.3293242865
79.6338950338
80.1361154745
80.8715353966
78.1049560717
79.2985924129
80.9097375012
78.9785102172
81.6982508273
80.1568033951
80.2307520468
81.4351017535
78.0037716353
81.8778290873
84.3940001166
80.4396966116
83.5006122601
81.6560937544
81.3284617383
78.5066882664
83.4918979335
86.5734314913
78.5131959880
85.5989523038
86.3297096165
80.5844761541
82.8095694009
79.1859352996
82.8561040650
74.8317373270
79.4847342083
84.0917261891
81.2176027826
85.1185831388
82.7613422523
86.6239561856
75.9327614417
81.7511232793
80.5287462263
85.2151999717
82.9457585813
79.7052723049
82.3625992419
81.3177906415
81.9145844929
83.3982741363
80.5419504319
80.6364361984
82.8165456187
81.5872370535
82.6178778505
82.1820301891
80.2589439169
85.9255164753
84.0748759643
79.4389671453
87.5706693859
84.2838952093
77.3977459205
84.2103124984
82.2365535325
82.6789220543
83.5938152494
77.6427015755
73.0530617638
83.6859496415
82.1481673577
81.5510715455
82.1378587117
82.7298429183
81.9314846847
85.8071048959
84.0902372873
82.1290719672
80.9216988800
77.9830353626
85.6932083785
78.0086454328
81.2352252440
81.5203638223
82.5286757929
83.8339787994
83.5298218635
82.3392833381
82.7327583069
83.9703650888
82.0068085192
82.0146718653
77.7789989516
83.9083408890
82.6909164854
72.6857625387
80.3653789112
82.6250474703
81.6280553098
82.0275109004
82.2798454029
73.5099466812
78.4962226839
80.4881650844
83.4567122657
84.6346953217
82.7395401321
82.0646383819
83.9304804536
80.4554464883
81.8097577630
82.7299531130
84.9770514915
83.6166370017
84.2401817237
82.6376218823
82.3710761118
77.8274154871
74.8220102006
85.4366972088
74.6705060561
85.8251242445
85.2810661141
83.2152501505
83.4375372503
77.1066394577
79.2771253438
85.7732148972
83.3307337576
86.0464284335
77.0549610935
77.8537930619
77.5230448824
82.6794401953
85.4438057609
81.7031659255
81.1911417387
87.7709159025
80.2356593004
78.7143566227
82.0293980411
83.8104452156
78.9856564441
83.8127503160
84.0102866961
80.6525547804
82.1723434188
80.0318316132
82.7324596799
75.5879659110
89.9959831136
84.6074224716
82.1242573028
76.9294333758
75.2134769276
82.6746911302
87.9893238316
82.5375607988
82.1733190959
82.6752615501
83.6721580849
84.1192969071
86.9664577908
84.8727348251
81.1669036873
82.1325955072
82.5434608028
76.7746052586
81.9483970910
85.4936609322
83.8876422523
82.1283623025
76.0579073982
81.0233285914
83.0470361732
81.4017842768
81.4936194064
83.6768183582
78.1297504201
82.2457681842
81.4812079923
85.2663523748
82.8790414515
83.5317861077
80.9042459904
79.0742213530
77.4993776945
79.9377151309
79.1425056521
82.7137051535
84.8620572101
80.9086191852
80.2133061063
81.8664515422
84.7742115996
85.1663550611
89.8843321178
80.1450006611
82.3285439604
78.6352695392
82.8479778812
83.7809666951
82.2642646971
85.2282402502
78.6507744074
81.6187633097
85.3467613808
78.4113688361
83.8894073386
82.0645234243
82.4212679807
78.7588663691
81.2726863133
82.4569707468
83.0833010036
84.5883610356
78.1807861214
82.3401912173
79.4216717946
84.2767922778
77.9268369141
82.5964796104
81.0727881419
81.0539888116
75.9496302630
78.4122100506
85.7433794342
83.4955307424
83.3590171830
84.8093012364
82.7414043118
83.3166462079
79.0426908672
75.5756668632
84.1782604007
85.6882757980
82.1274746843
84.1212226196
82.2592084752
75.2980846209
83.0170494348
79.2449778154
80.6364053005
82.3168296530
86.2133648936
80.4251180710
80.1955755781
83.6648435295
78.3618432742
80.6239567687
84.3835489834
84.3710346877
86.6969688652
79.9631990735
84.5373573374
83.9706921799
79.1994319763
81.3791349464
81.7998128699
82.8648423041
78.6605791313
81.3559718091
77.3454223478
81.9536334260
83.2854032259
84.7329569140
80.8411749946
85.0481566619
81.4923807637
83.3376618892
84.4190250588
81.1391709699
85.3147146826
85.3338769051
79.5124820112
83.7093186574
82.5371572234
81.8830950794
84.8073917355
84.5980058694
78.0040169865
81.1473669639
82.8865287065
82.0837586731
73.7231607356
80.5041460989
84.8063748213
85.0137043925
81.3922938963
78.3776581713
82.5693208694
84.6039663449
83.0396887336
82.0554475608
83.6248713878
78.5078405544
84.1416783936
84.7194915460
80.7387077620
75.9844034419
84.2806027336
81.5191457723
82.9159959041
80.0948444781
80.4819378630
83.7728429635
80.9750672518
78.2450360297
81.1259823421
80.8640892993
83.9330158585
82.3837375259
84.7145277297
82.7071485712
84.5468028321
78.8020233528
82.9992736846
83.6009609033
82.3625646645
76.5866658228
80.2842733193
87.3231222449
84.7234265817
83.0106647486
80.3741031277
84.1573036183
79.8387523190
85.4903151964
79.7474626226
85.4783100462
79.8032219860
81.7938242726
80.0088635837
78.3815336454
84.4530444048
82.9932516250
83.7012812468
82.5957599498
82.4296581940
83.5481471239
85.0831635937
86.3989062689
84.7532058618
83.3443437498
84.6885710491
80.8255439325
83.5551098375
84.6314419590
81.0188506119
83.0222966444
84.0154166555
82.2803237118
82.3726929818
82.5852784349
79.1252788525
85.6127279348
80.6386900292
82.3693655828
83.8794175822
77.6681873121
83.9292647627
82.7252956051
78.2037868715
83.2615303156
81.6870594663
82.7866984561
81.3107171411
83.2435303497
85.3000068911
80.8316462164
83.5072580735
83.5745830600
81.3866818338
82.9106037796
83.2339110716
87.3457728821
85.2766013951
86.4708127204
84.2947237360
83.8287521802
77.1012605145
85.6544918256
83.8699078834
82.9522012157
84.5124113778
77.9384762882
76.7746209420
84.4333757721
84.4313477501
85.0278509051
85.0821332900
86.7165396479
81.9154254637
86.1104875638
83.5202906856
79.7159892716
84.7713020105
84.7838200342
78.0243868683
81.1532940081
75.3259786873
80.3916785175
83.8089216559
76.8219222245
76.2799537319
83.3833440980
79.0617553902
82.4923358662
84.4814749208
86.2234208015
85.6158763827
78.1349144360
81.9385381737
83.9872042360
82.2099308458
83.1440427161
83.5806391166
84.7901723764
81.3362111289
84.9496765833
80.5370093442
78.6619337772
84.6887406414
77.5659587021
85.0800874573
82.8409322649
80.1799151288
84.4208896797
82.6799601477
81.4650726032
75.3534426537
75.1096576911
84.1795349010
80.6184068018
81.6711308315
83.2608505368
78.3853119822
75.4654708830
84.6590429421
82.4122172603
78.1735213866
85.2861906304
84.5294707368
82.0153084783
80.2258340546
84.7902921883
83.9045902833
85.1885241696
83.5141866699
81.7777351211
82.3263510373
83.8252933988
81.8092077691
83.1607975304
82.6434406329
78.2925240680
80.4675817186
81.3054119832
81.7470229567
83.4704390018
81.3103251802
86.5007278796
88.2546051586
81.5427571729
83.5573062500
84.9465922647
82.8407212671
84.0731350110
82.6690268669
82.6182189253
79.0807601703
84.3861660358
85.6458103133
77.5880788530
85.3886759124
81.0901343933
84.1751619140
76.9383094222
82.3066161619
81.8527182768
82.5149790020
77.2785960447
82.9523577996
82.4543809033
82.6078495584
72.5112201446
76.0112357249
82.4284214121
85.1138220096
82.8067058131
83.8417671160
80.0218246180
83.1797295158
80.9133729508
81.7865227911
83.6460685706
75.2589743220
85.0290695608
82.9260125077
83.2551451745
82.4923358662
77.0840499998
81.4559852953
81.9728342209
73.1723025157
85.3328743281
85.0640782667
83.7495556201
84.0475056895
86.0978910741
81.8017133362
82.3452793825
82.8391814484
85.6986916038
83.6314491413
86.4185273063
83.3000924760
80.5108079424
89.0999575378
78.6820567562
84.3757016281
83.1584837462
86.2751967525
75.6423726492
83.8553687655
85.5293608164
83.6380759619
83.0197384124
83.1996400197
80.8743305033
81.0333761551
83.6995981184
81.2751933745
86.4973199424
81.8369070746
82.6810096902
83.4519805972
81.8039029964
83.3176455536
85.8448348172
84.2776238169
83.3583269287
84.0422011008
78.9807086155
85.6436841687
86.2500996200
84.5745729641
82.2065871800
75.0684345994
83.8202876949
83.5649800330
83.6358872594
83.3962261377
84.2029492854
86.4394292591
82.1109806386
81.9056116255
79.4371103160
84.2120292982
82.8015592476
77.6389312838
87.2483402779
79.8673484964
83.4489919184
83.8655287219
83.0091949249
83.2432507359
80.0300114725
79.6344384323
83.4238291401
78.4983646206
82.3986334387
84.5502143317
83.3759595531
85.4448088124
81.6951764510
85.5906157766
80.3083050574
82.9748679648
84.7745226608
83.6719636747
78.6371718946
81.1571905974
82.2798454029
85.4314002498
82.6466069784
86.0082453761
86.9094982318
83.7781768141
83.0107601731
80.0124527735
84.5071852286
82.6481875981
80.2125847183
81.0060152976
83.3746069306
78.9311752528
81.5382103384
82.3892260581
83.9314056366
82.9537260090
85.5406959194
81.4509183572
84.5804467682
83.0761196979
76.8672721570
80.7817107616
83.6149239647
81.0218051649
82.4965916810
84.8783311370
82.4843296962
78.9439469573
79.6000801921
82.4702336694
84.1521516406
84.1744826579
83.2469921214
81.1076923771
79.0874832376
83.3884455330
83.9667926197
82.7019802868
85.2556554100
79.0572084425
85.1223419677
76.3844235606
84.5369808032
77.7763052634
82.0408840788
81.5200717671
86.5916385227
82.7028884417
83.6225453380
83.5899771782
84.6514774160
85.1372798412
80.4495915796
82.4976464024
82.0210596526
82.7559728574
83.9456235124
85.8306537497
85.6765933927
84.5151013693
82.6758011476
87.8976077449
82.2674420133
79.5298564201
84.6821456380
80.5514812803
82.3903634849
81.9760250208
85.8882037631
80.5619057424
81.0403694942
83.7309276178
83.7505595105
83.7972372584
83.5030126488
82.7803452961
80.5572519328
81.3242940834
73.8479366447
79.7604317363
81.6568006677
82.6652199478
78.0004033982
85.1882819545
84.4885813331
81.9664655398
72.7023828101
82.8843095704
84.3386427491
76.9031156287
78.9231364145
81.1793815194
83.2545451438
76.7771789585
78.4840279130
79.6054273010
82.1993189207
82.1197310676
82.1451695787
83.5199596331
82.4746046090
81.2253690124
84.5139148003
79.8268726061
72.8615507467
81.1133475311
82.1126762351
82.6972394799
84.2154787633
82.5023689904
80.4192328593
71.0834444579
81.8263479492
83.0489623857
85.5767287547
84.9516033689
81.2672564906
84.7453445950
85.2323116757
77.3009321144
83.9072647126
84.7641999636
85.1648564118
82.9340799892
87.8072312364
85.6212061287
86.7638417040
83.4209683676
82.7082113386
83.8794175822
86.6333763708
82.8504192679
81.7385869370
79.7079590227
83.3086562643
78.1308827062
83.5092817363
71.8131893147
74.8704192876
73.2597619697
85.6213157567
81.3001657119
83.6701763676
77.2641381085
83.0507839144
74.6554773816
77.7535492804
83.8413116259
84.7462231505
74.6683662170
80.9052481927
78.8435476876
82.5515551332
81.5652273600
87.5866238140
82.3972735120
78.9652564839
75.3139097266
82.5994907791
83.0099474888
82.5201991603
81.3738182901
88.8463767633
82.5587160413
82.0185104061
85.3647654853
84.8022586043
82.0332630910
82.9910255319
83.1563760636
83.4237100540
77.2557250722
83.0173742965
82.8452242143
77.8045487193
83.8256223032
84.1723717738
84.0025039217
77.1653953624
80.7356694344
84.2142629860
83.2079024021
83.1969810259
77.2030936025
84.4450734391
74.7690104382
82.6421118781
82.4569335287
83.0453746760
83.9696599200
79.5285823669
85.5350314487
82.9585812036
82.9903892781
82.1861706960
85.8455278558
81.9144493880
83.8008836095
81.3811671381
83.8208446885
85.0378752751
86.6519404092
76.7955087472
81.9253621831
76.5356005541
80.8170965814
81.9091568220
81.0827102470
86.0739423126
78.5803459084
82.4974714581
82.3662586393
84.8204321520
85.0209073633
82.5485598583
83.6344970754
84.5580282222
83.3955390852
80.8588994367
81.3069745194
84.5512316408
83.1949884216
85.8079680700
79.4797992926
83.2711098518
80.7380119699
85.3067110327
83.5639163689
78.0336398031
85.2599080061
83.7285884812
85.5122251598
82.2764142042
84.1270869721
82.0159488817
82.4966151631
81.7106737888
81.6603246869
82.1907050985
74.2498231925
85.7600865472
83.1369838406
81.2966219966
81.7766811913
77.5878874021
87.1801944632
78.1555811532
80.2420848770
82.3189446595
85.3758987454
76.4950224586
83.2004181822
84.0254403635
83.0203961387
81.9504274853
75.1934465203
85.9803492002
82.1836345194
83.4085188248
81.4427311142
81.2175956591
82.4543249884
82.6136004557
79.5016457196
84.5879559053
85.2909423664
85.3393803844
85.0549728586
75.6725242377
84.2320329568
79.7930005972
71.5793693367
84.1525180294
73.4524934316
84.7254401263
78.9115416240
83.5925752469
81.4154045131
85.2323960243
76.1904338723
86.0721315246
82.9716752462
76.6066406203
83.7011294660
84.1978846011
84.5526000588
82.8905659131
82.8236337587
85.1386827313
84.3388034121
84.8818198341
85.2892828394
82.8940734548
83.7709726293
83.6403216195
81.5067321092
85.7335820021
84.6085177437
81.8880733961
83.7546115986
78.9032928021
83.1430665336
84.8465923572
77.0462565472
78.6020681138
74.0472678419
83.7902346136
80.5876579436
76.6194930100
83.0241953755
75.3300619539
83.8549491663
80.3169750739
77.4565076782
84.3989695395
84.2583999237
83.8809203196
79.6565475081
82.7948507880
81.4959972950
82.6820380900
83.5497631949
86.5627218586
70.2093262033
86.2717138227
84.6092831074
82.4969935278
81.4321591521
85.7402372116
76.5627161335
82.3765930163
83.5212356533
82.5126361879
73.3304997302
82.8682493465
84.4742512986
78.7317739163
84.6772315113
85.6602538596
85.3383136111
87.4144221118
82.7805588675
84.6495521293
86.5923501615
78.8768028069
86.7210277562
78.2193275178
81.8707542763
80.2345881404
80.4890270497
84.4077355914
73.9473318950
84.7943341066
84.2159813809
79.8456220369
85.1039196546
82.4184114976
82.1553578246
74.4119002003
81.2477274517
82.1522665233
83.8722670165
83.2872294741
82.2533250695
81.5184135877
82.9875709887
86.1019481367
82.0069554109
86.2054530286
82.0727406017
84.7776445678
83.1769885007
84.2446004847
84.4644929635
79.2316837958
84.7381223511
84.6094938407
80.6299673568
85.0923813580
83.3031318441
82.7883992584
83.3899447761
86.9769633571
84.4504956887
79.5512655182
81.7257844716
83.9535343464
75.3128544948
80.8691954467
84.1952607023
86.6403977742
83.2429514811
83.8514919971
84.4863653560
85.8886722922
84.5679730606
81.7371262570
82.6783905497
84.4808870340
82.6163935117
79.5305288145
77.6220990161
85.6378179353
78.4932364619
84.1350839766
83.3703512376
86.0576721236
78.7671520452
81.4121322027
79.8666098358
76.1522637563
84.8927524396
74.6950721665
82.5794764693
83.3559422089
77.8007962516
72.4909595630
84.1541868034
82.8789522537
82.9050336972
83.7385627987
81.4037834001
82.2748090504
82.8835888096
83.9326336753
83.4060294474
80.5575384343
71.1355759147
82.5770359162
80.6131975469
82.1677044501
82.5583503411
81.6102926878
81.5009718601
82.4258084320
76.2773742741
84.7242040653
69.8395799441
85.9963013815
82.4546882457
81.0522360391
84.9790141690
82.2856063027
81.9422740664
83.4965820905
86.2083289350
83.4654727575
82.9840255945
82.2606481716
78.4132420860
84.0068837849
82.1923919281
81.7910789595
79.6012967540
87.4671033469
83.8136531078
80.8314011081
85.0307691365
74.6425071531
79.8849440005
81.7389463304
73.9991944827
85.3260708291
76.2953662346
81.8599148429
85.3600302511
81.3917656416
80.4997867446
84.9255852990
83.1711605176
78.9222215654
82.1714808403
84.6133770977
83.8141691627
72.0985547735
85.9820379301
76.3702788630
83.7714723523
83.1268710707
81.5386808363
77.4076124672
84.6864789667
81.5517937620
80.8336740336
85.1970314725
84.1612497939
82.1193553907
80.4688595019
83.9573974542
81.5711020637
82.5809962191
84.3056168136
87.7536524617
82.4126797755
83.1352142014
81.3958039085
83.2601396615
82.8128071740
80.6779855358
84.8016892942
85.3407010558
86.2577325807
84.1913384789
83.3474739445
82.6340305713
79.1944923599
86.2137366465
79.7022311849
80.0880803850
78.3818050461
82.5193167572
85.0450686113
73.4853147968
80.9218724328
81.8545835932
83.7375482366
79.5604393262
72.7227047317
84.2833201257
81.5894101389
81.9645427134
77.1224619222
82.4747492856
84.2004664358
77.1594599630
84.8721645378
83.7877860823
79.9866352528
78.9686586149
79.3587879807
85.9593607066
85.0280649511
79.0391255988
84.5976830655
81.6552470722
82.0011498069
78.5492510947
84.5665009941
81.5006581980
83.5730805106
80.0746001747
86.5990946636
84.7352516186
80.4610600575
84.4838893738
79.7368130829
81.4650149776
82.4285029824
80.6988871478
86.8915423843
84.6482607571
85.1733422713
81.1101900317
82.9001602987
82.4796929444
85.3068293428
85.5486258047
75.2002095437
84.0194682890
85.7251690592
84.3026314607
82.7843783442
85.4024384878
82.6732351820
80.3013523302
83.2390944052
76.6092231728
84.7492728900
82.2455161811
81.5234832327
80.9307620316
86.2185629015
84.8563333526
82.7423933079
85.6376741148
83.7594995631
83.8128884024
85.5315862455
86.7654209586
84.1714458455
83.8162841567
82.1744279430
81.8455235588
84.1343061944
81.6716192374
84.0029127784
80.0325848517
84.6153038987
80.3046078078
85.6943889708
85.3643281862
81.9556404060
81.3194401440
80.9634831140
82.7654629029
83.1470826522
87.6070780578
82.3056296376
84.6382546437
84.1069662067
81.7490459088
82.5170270841
84.1909752947
86.2273685675
74.7448770506
84.0439982444
76.8941139316
85.3016588546
80.3491071700
77.2542219203
85.3984070054
83.1866365292
82.3255661346
83.5136945524
86.5588209444
84.0748059583
84.4987781180
82.8794467760
83.5186442439
82.8348540904
82.8149018557
81.6491768731
85.4061135127
81.3697598289
79.6716938692
81.6629905257
83.1693323585
82.1174950236
80.9166672646
76.1550766913
80.1283998837
83.4109357046
82.6259901231
84.1351841091
83.7891524193
81.4082472638
82.1108056783
78.1294278280
84.7755141546
84.1940488877
84.6285168540
84.1402793136
77.9574280022
82.8343707144
86.7365769500
83.5348089435
77.7634256794
81.5748407121
83.6105344430
79.0784021288
84.8205703475
82.7880871118
83.6288149362
76.5836654863
78.5820622374
84.6968819617
76.9209064602
80.1750640355
84.0402114985
80.5291344316
85.2442149511
80.5752578057
79.9522171880
76.8047708629
84.2858283515
71.9213918294
82.8095720965
83.5616161054
80.0042245436
81.6343520092
76.5066388982
85.7298218732
73.7350373510
84.0629961446
77.4408024125
80.1959945924
80.9576193109
78.0666435321
77.1629791593
84.5785713431
84.1090327723
84.5015115499
85.9104570817
80.2432809875
83.1182686590
77.8919342660
81.8953813424
83.8486995934
83.9591822619
78.0117310380
82.7430537736
84.2781790428
81.5785617069
81.9251483938
83.7479933250
84.1718661273
80.3800266654
78.1295335442
81.5093979122
84.5836511311
79.6751424678
82.5002905897
76.1461207722
71.0023322976
86.4954728415
78.1680112686
82.8739168256
82.4455951024
81.4318712483
82.8427208873
82.6586405129
84.5578137672
86.9246008571
81.1613946355
84.4543023920
74.4065022761
83.5535462859
82.0609497332
83.9278340353
85.3623134135
84.3490381787
82.5532176590
75.7868015454
84.9380092551
81.4996920778
83.8123825615
83.5782780104
82.2536991650
86.0783086230
87.2757731775
83.3533448119
82.1100019331
88.0705175233
83.8949323782
84.1431590972
83.4293536489
84.1458340173
81.7155852463
81.2983065994
83.9567997344
84.8381441473
80.4915032607
86.5342999425
85.8925130073
84.3259479468
77.2361287592
79.6387294686
82.6471658165
86.4397339828
81.2581478626
79.7861830807
84.4173472577
83.4387803472
82.6569341303
85.9934762091
81.4448113402
85.8081651915
85.0269999810
84.5768912133
76.6755292329
75.7088426333
86.4422249296
79.4629515600
80.7253500066
82.0710759226
83.1906287013
82.0948159139
83.2434263107
89.0081816644
76.8575485238
84.8059577315
83.8564172533
84.3796237077
83.0725991179
81.5848073869
79.1757695216
80.6213123622
88.1044022722
83.5633049071
85.3040066341
81.3420568640
79.7268458307
86.0079830038
86.2868686339
72.6647261204
81.3690167381
82.8166041820
78.9998023440
82.8546576884
83.6885673139
82.4651566679
85.7714473130
81.4724462399
84.3900155837
83.3929031250
82.3496534191
80.6956680742
75.0990657908
77.0514720935
82.9240738792
81.0747291319
73.4969698498
82.5118601282
84.7908573826
80.4684187714
82.8078201367
83.4647319989
78.8115408267
81.2084434614
77.1764290643
77.3129797699
86.3296328397
82.0477037440
84.3302241501
82.2323108288
82.4886318200
78.1836807423
83.6066303607
76.0798639144
77.1863036477
83.7804056407
77.7596407862
83.6467833885
82.9350894579
84.4016654634
80.2727238529
80.1781178474
83.4250707829
81.3910452321
83.2455722000
80.5030352911
82.4492022606
83.8402390696
81.2371317229
84.4980051175
81.3692579468
86.3810868077
84.0155386726
80.1350552124
82.5881646966
82.0358611432
84.9410513623
74.8156923154
80.9958986663
79.1298695667
82.6415124258
82.2375062614
83.7046134068
81.2893931042
78.8527241813
85.4012792609
82.8552113975
86.0756794882
86.6597494108
80.3019064698
80.1195418290
82.1632400490
81.8697311710
82.7818844980
82.7168672666
84.5862941820
79.6319982026
82.4446898219
85.6073404518
81.2003209989
83.8540418091
79.6775498629
82.4801021848
82.1869863456
81.9703703925
87.9386516117
83.7437610211
77.6572935834
81.0410940963
81.5911967141
83.1242910128
81.5760886831
82.0191528746
79.5180057723
88.4361377859
82.5583783330
78.0915178271
77.5080609570
81.2023035524
81.5283680787
85.6717541615
84.4265208439
82.8841890971
78.4964807381
81.8389061656
78.7950508112
85.0644063820
80.2764215893
83.7854331127
84.0198616793
74.1269491927
85.5400784994
82.1338239411
84.5272978619
84.1575321833
80.1657060915
85.5155328749
78.9068324536
84.2980701705
77.3487250584
83.1211268897
84.5373538760
83.6263708792
86.8875244970
82.4193034488
83.0950493141
83.6886112269
82.2824152211
79.5581027915
81.3837224109
80.6965521540
82.6574175356
84.3610526628
84.8752347924
87.2434127105
81.3000534778
82.0165989645
83.2580570491
82.0815566610
83.0557796638
83.2725053705
82.5921240034
86.3791124295
81.8303024037
81.7156093214
84.1538369377
83.1989144981
80.6009302844
82.2311142421
82.0887202284
82.0301150727
83.3716440161
83.8720754008
83.3865429872
85.2281762173
84.1958687771
84.1899780801
79.7108368083
82.5679032980
80.9743620246
77.6889729016
85.2235050215
82.9805196603
83.9999949091
81.0653865803
81.3296710823
80.9517538922
84.9683413017
80.9122268770
81.7826342381
75.2193514920
80.1967367059
75.6003948780
84.0541638046
85.5516004843
79.6911348620
82.9682964829
80.2578830252
73.4112690900
80.2473025513
82.8957347623
82.7664874042
79.8609345509
84.1507306093
83.4424965952
82.9288661255
81.7593753363
80.7175307195
82.3771129085
82.9023074299
83.2059825263
84.0395368586
85.9589385034
81.7848337001
80.2778279460
81.7556601138
76.9238379045
85.0619249528
81.6453081426
83.7488174249
83.9958164446
87.6015055827
83.3426647716
85.1108957679
84.4044871189
84.3318282216
79.1136464693
82.2336286850
84.6895532179
83.4102391012
81.1702860159
83.7122329038
83.5131105974
80.1700908673
81.8574050641
78.3905818348
83.1115425787
81.1055558307
83.5226421082
81.5623289943
74.7318868636
83.5790060160
81.9081703762
83.0843523824
80.8212412911
78.3756133400
81.6592157987
84.1071828688
81.8393035344
83.0063756665
86.1213694922
81.9327284830
81.2385993516
78.0683757610
79.8627668362
82.5856625518
87.0538293100
76.1989929651
81.5790724146
82.2283919314
82.9734701105
71.6882313304
81.9946104060
82.3535486605
84.3304753666
81.5766278262
82.8949008956
81.0755385197
78.7426797237
77.1063365893
75.4869197856
82.2093234375
82.3131707480
82.9041894324
82.3926425655
78.7923924664
78.8521696297
80.5611733801
82.9321951476
80.6519264524
76.8115571195
78.7412517754
81.8935821793
84.3295493732
79.1110836992
79.5457840521
81.5771546270
84.4943312945
79.0259581766
84.0146940475
83.9387666593
77.5780520049
81.7269502843
75.0029653127
83.7552668489
84.6588016034
83.0751851699
79.3666756753
80.8434839930
78.1486958579
80.5055269958
77.1673597468
81.1816422596
79.1245057544
82.1197310676
84.2972548028
82.1420918081
84.0098728000
82.0043952658
79.5553590944
83.1519953081
84.9477452552
81.9950647037
84.8829003084
77.8291453412
80.7399849032
82.3600710689
84.4418046400
78.1555811532
84.9678831900
75.1010250963
79.7959622400
82.0607764976
75.7749468513
80.0488248951
79.3091332137
82.4373497504
78.8711629820
83.8776698540
83.7453167784
84.0167475374
84.3753633179
88.5947332684
81.3760736916
83.3603935515
83.8427605344
83.7546115986
86.6051012965
84.4304519218
85.3900555182
81.1125426522
84.0377587306
73.8694041315
82.6726591203
84.1610784373
83.1255357421
85.1384850639
84.8796274869
82.9214455990
84.3756916687
84.4807371224
85.7142412490
84.7719159371
82.5530256778
83.4707927190
82.0294411737
84.6827927656
82.0738264541
83.1152701818
86.0472469448
81.2230938262
83.8305141290
82.2620580630
81.8971816749
81.3964282586
80.9400614990
83.3758670425
81.4080421576
85.2312917211
82.2411333379
80.5464456594
79.6030263865
79.0235381425
76.4214310575
81.4614508778
83.6238402865
84.6494057081
81.1277321095
83.5154880230
83.4333053040
80.9725645773
86.5297654525
82.8037093074
81.4751925018
79.4790947796
76.8516400557
82.9887606822
86.1373841969
82.4662146105
82.6783802917
82.1098533289
82.5854719419
81.4464467406
83.5600530992
80.8879936904
81.6175567411
85.5008805551
84.6357194721
81.6443497095
85.0823009574
82.4387810558
82.5051846403
84.7437544795
88.5770000731
77.5799502185
81.5488904641
84.3396287984
77.6541296142
81.1788260195
74.3948572084
79.1916843358
82.4238233346
82.2916635099
82.8413982259
86.6029651925
84.8300761973
85.3468906648
83.2484035946
81.1785569766
84.0205885024
77.8078723151
85.2372186726
82.9305474388
82.7895879168
85.1250158419
79.8820062098
83.3583231258
82.7397021645
84.7543213057
83.5915000079
80.3954157072
84.3775528786
84.5905736651
81.4671748499
72.4898553330
83.5527294630
82.0435087914
84.8014808859
82.6509306462
83.7666583479
82.4148985750
88.1100454311
83.0811777784
84.8207055540
78.6571673578
84.8435538397
83.5745830600
85.7185078241
84.5754031218
82.0470497874
81.4801786924
81.6255085652
85.9490370426
84.8255428081
73.0091048674
83.1493440858
81.5308249889
82.6512603710
82.5219508315
83.7814887625
84.5146434809
83.9920903630
85.1030497377
83.5621157562
85.6323595057
82.4071661209
78.6331666858
80.8739352427
83.7656930169
82.6737044205
85.7541503674
83.5123818678
84.3793389152
81.5006858403
82.1122632640
83.7783125200
76.0643591569
75.9462737726
81.4070809093
76.4453242513
84.0468510498
85.2290233030
86.4262367579
83.9947435761
82.3725102613
76.3296554573
83.3064214501
84.3879321625
76.4353346473
83.7531138156
81.1780516707
82.2797593104
84.5980254012
80.5203563846
75.5577657242
81.8164282256
82.0120860023
82.3096062160
84.5452478725
83.1826497225
79.0736809145
87.6098029950
82.8332286530
79.6227812292
82.0697708543
81.9573673794
75.8802975382
82.5374322826
84.0692692567
79.6717643911
83.8520364359
84.4542690225
84.2355847096
81.5532343348
78.6317689433
75.6249695541
83.1626342243
83.1757159058
81.4507639313
80.6847549333
84.8400888283
81.3201071669
74.2933438602
81.0134341681
79.9724321261
78.6861010933
78.0916918307
84.2203526287
85.1850057187
85.4348634822
82.3745747352
80.6589600456
78.8021888602
84.0336320914
80.8510038786
82.5726874644
83.0708787770
82.5324141948
81.9523203060
80.7931158017
84.0142547464
80.0626856931
83.2051281627
85.4148039053
81.6365667692
83.0883550849
79.9246287711
82.9559108066
82.5322503710
82.2770333940
76.2141777882
78.2007545326
79.7408386794
77.3470214961
84.2798986711
76.2423633160
83.5090130561
85.8884037165
81.2858398868
84.0308629161
82.2324955240
84.8340832361
84.4181923111
83.0204599539
84.7637571000
84.6413131606
84.7417560287
82.0294737018
79.6840568622
79.5012692185
77.9361299775
82.5063616596
86.2520994187
82.5400361714
81.8191269668
79.5773830947
82.6401515900
86.4295169501
82.7255141569
79.0436187686
83.4247833664
82.1227862242
81.0711600185
81.7636460658
86.0815860023
85.5408926982
84.4127356101
80.1141359637
84.2951865830
75.6221633925
81.8808742203
84.7299367326
82.7431991626
82.2174957364
79.6533220005
86.1131372230
83.2942865795
73.6257428841
82.9605360831
84.0201949969
83.7920530277
77.6931526867
82.2424844728
80.8081981439
88.9996582432
85.0556361178
83.8308161001
81.8754839570
82.2869703022
83.4311664976
83.0324822030
76.6526560609
83.4361556036
82.4989544075
85.8819050535
81.6933018956
80.0949042344
83.5026398250
80.6223793658
74.6966032056
81.0268159730
83.4220621920
76.6227186629
80.1238415881
81.3533450926
86.6036896231
82.7014598148
84.1436222115
71.1859867016
85.7326421418
80.9501290303
84.7635498474
82.3061242379
84.3823053437
85.3125568953
80.4709588311
82.6229697273
80.7752106988
84.3405512718
84.3877164589
80.8425374851
80.4123279984
83.2135729589
76.4336478252
86.2977732031
83.2983391899
82.1039991706
82.6106610343
86.6428962956
83.9137526220
84.4601378797
83.8911833431
79.5776021713
75.5069447380
85.3942247748
82.2382084834
73.0412999272
80.4094026942
75.7922408747
80.7170905590
80.1173151744
80.8972309237
82.1269410428
82.9049861789
80.9893452199
86.6303240940
85.0579460372
71.7897410883
86.0191550553
82.4450346155
82.4229061480
82.9124480218
82.1630879272
79.7553684219
84.1161870502
81.4342782083
77.9203465530
81.4785931518
82.8697243827
77.9361276865
85.8327155548
82.6616559090
79.3583432207
83.7665361293
81.2947229631
78.1360353056
82.0665329735
83.2684329992
83.6827821047
86.2070623677
84.8711921389
81.4391946959
82.0620588766
81.2982290991
83.2974782934
84.6333240144
80.8799386536
82.2640812549
82.1333571984
82.6867905505
86.3837970993
82.0248689462
78.2993104891
84.6703906022
81.5794511377
79.3628033788
85.6679518547
83.0359083080
78.1193395522
84.8052069482
82.3871941403
82.6414439908
82.4444614771
79.8307943712
82.6069902333
79.4436115944
82.3622598313
83.9839306083
84.4854276494
81.7857988439
87.7520025774
79.2792307757
83.7896076035
81.6349089845
83.6867354906
85.2290233030
82.4066799552
81.1359827998
79.9879857868
79.7701447582
84.2161936316
84.8170186798
82.5737723167
83.3314047002
78.9818348857
81.7365859050
81.4910786527
86.1281778317
83.1645793886
84.2120531791
75.9232336302
79.6579602383
83.0884527749
84.1291126372
81.9533882481
84.0348625220
83.0261417944
87.9293317054
80.9584532214
85.0734244081
81.7878900807
83.9625613001
82.2459990453
83.3099228804
71.1885353481
84.8656884253
81.4332451214
82.7008989066
78.6887810065
83.5192159579
74.7718722082
81.0207523417
81.1008076673
77.9855157633
76.9637936208
83.2216454371
82.6459478823
82.9298086244
84.3014535464
84.8604249946
80.0728951028
85.1498934977
79.4270323720
83.9028761232
80.1049115741
84.5794196433
84.3207691019
79.7847980601
85.9369897669
82.1765383046
80.8410454309
81.6332592743
84.9069830595
81.7925124001
84.2814970088
79.2400598758
81.8374407031
82.6653638386
83.0256457333
85.4559423141
81.0633243771
83.2122061786
86.6145345425
75.9870206778
86.9669754277
74.6657008661
82.3777193451
82.3745488311
81.7588033184
83.8027290018
78.1812552951
85.1709588576
82.3216502492
85.0376717904
84.1675641400
74.7649759407
83.4243365801
82.0437067165
77.8141179725
84.4145882907
83.5584864537
83.9149642641
84.3827355349
83.0879043646
86.0852094140
85.1448728729
83.2538806208
83.5295330449
81.9302212869
80.8781911765
81.9127097288
84.0066089285
80.0989037054
85.2971802885
80.6204697790
83.0131785830
80.5481590862
85.1981289024
77.5028147598
83.3518948190
84.0851023462
83.9775965546
83.4795539345
82.8579778487
83.5704383653
74.4721311388
81.3140757654
82.1414480919
84.1337559056
82.1717287328
80.3838448523
82.9741054755
85.0128679915
84.5393508492
84.6534831966
82.3724601726
83.6965981211
82.7824520269
80.6538913150
85.7103158797
81.8298079920
82.5964271093
82.9084533624
81.8610099239
81.1285854030
77.3205889284
83.4075078130
82.4697717542
76.8490450553
85.9138244869
83.8117011329
83.6206759371
79.5006754692
84.0266137554
82.2455269981
75.7886787798
85.1366648222
79.1399474351
84.6898567659
84.5040241531
83.5363561878
81.7283285458
84.5026865203
81.6134337657
80.7538427301
83.4388590040
83.3615642027
83.7051628550
83.1826497225
81.3925585059
71.5150593431
85.4593588971
81.4663089048
79.9274742591
82.7263875881
85.5542368371
79.9487904403
77.1989742255
78.0761152697
86.2913326074
84.8900285143
83.8994732893
84.0909862617
83.2198428430
83.0993599877
77.2805527681
82.6893651200
82.4268036293
85.4437639069
83.3824445212
81.3050640493
82.0540752092
73.6031879684
78.8541304554
84.2888398359
83.5910465398
73.7102132126
84.6382237267
78.3033720333
83.8761272884
82.4455876197
80.4088006444
79.0319218857
84.6797610258
84.3806729465
79.3434520972
82.0578065181
76.0191908366
80.6990449085
82.9067369884
80.7603897715
84.8099976404
79.9886018786
85.3984742627
82.7514671041
81.2346099049
80.7009568575
83.4071843231
85.6074712559
82.8772041964
83.0544061152
83.3541991529
82.3623597169
85.4403270506
80.7601782307
83.3989200001
82.4984556378
84.8594420307
76.4582363634
84.2685770588
77.5284071516
84.9440747191
83.8117011329
81.1417817268
77.2489339167
82.6332453855
86.6431149841
79.2754076389
84.3723365204
84.5388723216
82.4770853934
75.6463087901
81.5605272535
85.6185663381
82.6308023789
82.7276753208
85.7411937018
82.3307472669
84.9713106333
84.3245784295
81.3221720556
82.6893384828
81.8121682927
80.5961982431
84.5770722362
84.8176757641
79.0836684219
82.8149468436
85.0699348001
83.8819092776
83.6337927008
84.5495953294
82.4453768797
82.3546393543
75.1020628361
89.2268686377
81.5455296204
85.0554499905
85.8600480099
81.7028019964
82.3609979213
81.4174743286
81.9049502350
84.0832087316
80.0869638197
85.4633156801
79.2156369248
82.4337650881
83.8732836571
84.8318397501
83.6751638060
83.8415383053
78.8891054751
81.1593585898
75.7250992464
85.4342103434
78.7268388946
83.3219557167
83.0719303380
81.3161457609
80.7821264516
81.4952559048
81.1887264324
84.2581265605
80.6841986185
74.8139433174
83.7446216190
84.7141162398
83.3644692235
84.6053712781
83.1224076905
85.0780189245
81.7515402904
84.1695038200
79.4976317763
80.3469808015
82.8088217876
82.4177168573
85.2421846538
78.9984587020
74.1893080185
81.9534374385
84.2837203322
82.6440384835
81.3587661726
83.2593170333
81.1481684261
84.1346035265
81.5300625025
79.3102123291
80.5160299392
82.3385252290
80.9074658332
75.1130393831
83.8494645104
81.2399010719
79.4093884748
83.8748906083
84.9033894026
82.9621253156
82.8955878031
80.1857468286
81.4983727036
84.0300244131
82.1611598531
77.7035601755
84.0353961161
80.0033741739
81.5460647653
82.7534315495
84.8586769997
80.3808561158
83.8779780334
82.4939995232
81.8868432686
86.0982608904
85.7186014233
83.4283250728
85.7230235305
81.0398177136
84.6649687636
82.7831656374
81.0054814338
82.8023549541
84.2100926277
82.6073842444
80.1401155586
84.9099698283
85.1580495950
80.0146018234
83.3388729985
81.9539734513
80.0629535507
82.1364227481
77.9216870988
78.1308008480
79.0746614606
80.0048390079
80.7260008345
81.6479918980
83.9007790312
83.8514493239
80.8577503740
89.3728007932
84.3521018273
83.4806877844
84.2513771454
80.5732156330
82.4070788628
83.2249268046
83.6603842961
77.1268067639
83.0456647147
83.7411989190
84.7948064318
84.0375614306
85.8402543266
85.6705735835
84.7495071487
82.2448595197
83.0961654498
84.3638244366
81.0884351333
83.8637359196
82.8359801156
85.0488901809
84.0291863345
84.2913155407
81.4433043882
82.2333622364
82.4280145336
83.9800718148
82.5576314547
86.0299156598
79.1412603081
79.3756501750
79.7108111036
81.6737894070
82.0852858477
79.5910235116
80.1006243435
79.2821007293
79.3670327533
79.7351679008
80.7809489620
82.5761407266
82.1230066786
82.3313751566
84.7097346177
87.9064293835
85.0979877511
82.9727187369
84.2332900201
86.0698230684
82.4966151631
81.1598462312
79.0271558655
90.1020226640
84.8985885215
80.4366358543
83.9405024151
86.2801036499
81.4775389027
80.3143309673
78.4866549973
85.0062944174
82.1402721958
81.3959827981
81.0807741109
85.0068519595
82.8979910373
82.4762950254
83.9279093763
84.0046295550
83.8050493545
79.8049006422
83.1055276226
81.9103132625
85.0872561654
79.8301037647
79.0451611720
75.1746403583
83.8446468614
82.7054225689
81.0408264831
84.6574776903
83.1734388741
83.2227454030
78.4860980958
80.6462198144
79.5995695210
86.2363673753
85.6409734523
80.6771028865
84.2221536485
83.2319978138
79.7953190252
81.9500522395
83.9528934108
82.6783802917
85.7054907796
83.5954581918
83.6191583616
83.8170135881
80.7566251601
81.8465899810
83.8188088437
74.0206463866
83.0720653524
84.0144123040
81.1143425265
82.4326330659
77.4314182918
83.8116604607
78.3396524254
84.2204508979
81.1853522066
81.9773871886
78.8200874306
82.9315116389
83.1802128808
79.6707687480
79.9501289533
84.8416693154
82.7141291883
82.1675684410
83.8192969703
82.3445625225
80.6361295780
82.8921609459
80.4932201528
83.4278736393
82.3831566250
84.0557727063
80.9232986778
79.0901048840
81.9150576282
84.8601317787
76.3737028657
80.8724901019
83.4252288111
84.2544053357
82.8068381244
85.0293702401
80.6609941902
82.7933899695
84.3784710688
83.9562196969
81.4637154586
77.8695528624
86.0957956372
76.0331917993
81.8984899598
81.3801375728
79.7450367520
82.7464288900
82.4771443469
80.4827285683
83.9248385141
75.1956702056
84.9607036257
81.7678739887
84.1598657591
73.8331537452
87.1364077932
81.6953467291
75.9527755049
78.4859959113
80.1361492276
77.0289526775
84.1457138909
78.6499487050
82.6904263358
83.0410605791
82.6526549220
81.7295112611
86.7758860023
85.5375146737
80.6938990343
83.5698033238
81.9018188857
81.2878700036
75.5460900236
83.8352077954
83.5818599136
81.6314218064
82.3279420073
84.2444610360
82.3828699057
72.3412024274
77.2793817229
82.9126402583
85.8376904562
86.6772127242
84.3078670825
85.4555088351
86.3614700184
83.6544721096
78.9962242014
85.1912256059
81.4763629807
83.7399647644
81.1294175342
86.1410230379
84.1049302173
77.7921355496
83.3021474698
86.7207022425
88.6971877723
84.2032596326
80.9726103209
83.4575222716
85.6815849741
83.1044734427
81.2483584902
85.6972458144
84.2353879380
82.8121941535
78.3850793963
80.1312150551
83.5085890452
85.3375420994
85.9078705696
81.0613032474
83.9200410434
83.2982197968
83.0898414078
81.5645031600
82.0210807231
83.4436090831
83.9948873973
85.5878057633
85.1971919660
74.5342989371
80.7439937062
78.4254956478
80.8548870382
83.8273525239
77.0387332950
84.0807934113
83.9830493506
84.6967789592
81.6064362101
76.1229703983
81.3831455329
82.9310108073
77.8167094672
83.0155766373
83.2565206434
78.3592716608
88.9367596155
83.6911826641
81.5962952539
85.5626120143
70.9932702722
84.9013719111
85.9293359468
82.3736642993
81.9360889666
82.7925847038
82.1116342384
81.1083305707
76.4039841830
85.2410735007
81.9054383360
76.4565623971
79.8406308364
84.0442051484
78.3624470688
74.2688008783
79.3981443737
84.2573857085
81.9959889977
73.3627695180
81.0706092832
74.4194783186
83.7041484929
78.2616703755
77.2944243458
85.7944081713
78.5054870621
85.4019720447
85.0761056589
81.3821674189
80.7680446101
85.6989694127
83.2540294659
80.9767336879
84.5431592808
79.1200927094
82.5539508926
82.2810926124
80.8682008118
83.8139120167
82.1455787249
84.3286393668
84.2970952976
77.5844380054
81.5316495580
73.3752985908
84.5816359013
84.8082720245
81.9926942661
85.8544563859
84.5366982429
81.0377098786
85.1586547611
80.2852264999
85.2505990221
83.9824477113
83.9233380741
81.6133417091
85.0614544128
82.7710319754
81.8100191363
76.2793742832
76.9737354797
80.9676121198
78.1430458602
84.1537276214
84.9387036577
81.9161505889
86.3172901549
85.6906666421
80.6946232658
79.7237407610
79.6823344328
75.4080811237
82.6644367646
82.4660395773
79.1298695667
75.8016282140
85.1727270476
79.4274284482
82.4830650710
86.1067281475
86.5267658892
78.3639546030
76.8548238617
77.2793817229
81.8428128248
82.4299675064
81.6443462012
78.2849073369
80.6719563699
85.1474889441
85.5405223586
85.0494364090
84.8743968818
80.6291650578
84.3855795584
84.0918645391
86.5692947725
82.8310842394
72.8477919887
82.1867799733
86.2734303682
79.3115321397
84.1277005682
84.2893034713
85.8421607596
81.7545076550
83.2475878185
85.1478043669
80.7887157888
84.0529753233
79.7036221647
81.8046154180
81.8346370273
84.5081362554
84.7940054392
84.9123790126
82.7049311804
83.3963102020
80.8088750335
83.4046061494
78.8400897294
81.9117231297
82.0838120521
68.4625522031
83.2994936924
74.8342968861
82.1813669426
84.2095849830
84.6408304341
82.0050474553
83.4405117827
85.0445418291
83.5001906797
84.3370149691
80.0454897642
76.3521627827
86.2202578617
88.2454435421
81.9541416064
80.7815931821
82.2209134147
83.0429939308
80.4576857527
83.2997894417
78.9949015710
77.1397106134
77.8028306199
85.5961702517
74.9808309798
87.0077364638
75.8034062971
81.0435982505
81.3818763675
82.5330014296
82.6079193439
81.9108128716
81.0680424688
83.8549293131
81.0871076593
80.5356660466
82.3701164392
84.4047731377
81.7058078417
85.1531667559
82.3831525810
83.0407126892
84.3391524724
75.7402663137
81.9639798467
84.7573698460
75.4111913169
83.2104180033
83.9254359943
80.9989766905
84.0196958545
80.2257694316
81.4217618506
80.2972357282
71.9835245852
85.3898740452
82.3638284848
82.4806598160
77.9207574485
84.9407548271
80.0535135637
82.2799381493
83.7706173525
81.9210545687
79.6155405455
81.9469229847
83.7322879879
81.9909386875
81.9671932886
83.9665402618
87.1178985062
79.4884789069
83.8873390479
77.5115358280
82.4891907578
73.2487616733
82.2684270272
84.7524190784
85.2786061529
83.8115177294
81.2996627146
75.2827098542
81.2904430660
80.4548351390
83.2417425656
81.7162366863
84.9273383653
81.9290376978
84.7950895128
82.0668136381
80.9826719268
81.3489574527
85.5324615968
79.7909368252
82.6149836953
74.3817179106
79.8797553764
84.6403881919
81.3467892137
75.9301994300
83.9788394214
81.6160668347
84.5165252912
85.3755967682
83.8385822748
83.3823848031
83.9028467911
86.7157877099
84.2848112328
79.5063883497
84.5833674194
82.0268882331
78.7751942684
80.1419722781
86.0557778777
81.5089501197
82.9154916401
86.2899512723
73.7158682883
83.3287403934
80.3823784025
84.6028223056
82.9369364553
89.9607909910
74.2457550586
79.4144662012
83.0496160565
82.3950932181
74.2539340834
81.0192627363
83.0860518985
84.0030718279
87.7259428806
81.0334683686
84.6814154307
85.6489703569
82.1962336512
85.3042420664
76.2642789037
81.0138448153
82.6292060416
84.4690059037
81.7453663767
81.5398087974
77.4215597317
84.2012621329
78.7270817664
76.9131385713
79.2841917347
79.6588333412
81.5096699524
80.3953619817
79.4039462915
81.0446528871
83.3249653121
81.8793314925
81.3196602525
85.6975578761
83.4086769635
82.8819489751
75.9769840254
84.0986668596
83.6900594774
85.9230831229
82.0248832889
82.6506192988
80.9475967595
81.8365148654
83.1854931560
84.9117204297
85.2787725728
86.4775926436
80.4714119806
80.1979388491
81.4982020819
83.5042718763
82.3038581937
83.3089095853
83.1426912784
82.9226717478
82.2153231156
82.9591909137
83.8836921383
84.7536495776
84.1098747061
83.0082438291
84.0556866197
80.6508921073
83.2405471862
80.7285248101
84.7400748896
82.4826836990
85.1593717339
82.2056466407
85.9558599473
82.9888392511
81.4926422795
84.3003791365
82.0781091227
84.9832232743
81.6597783171
83.6781133581
80.9966288242
79.2098017049
81.0519606969
85.0059785542
85.8632863022
82.6207207019
81.4081113756
81.8301018829
85.5849992179
84.7503846536
86.0176822023
86.1797405920
88.0810734254
83.2367910411
83.5264753984
78.3206416162
83.6174605125
82.8180705712
72.9980668678
82.0576081513
83.2032313270
78.2514504378
83.2725091787
80.8925250775
83.8829473167
81.8965330826
83.0413005009
84.8309099811
80.9634721667
82.7369187433
78.7412286774
83.0008267832
83.2556732346
86.0357654070
78.2250256492
79.8821027853
77.1810000342
80.1705530386
82.3924198377
82.0652701389
80.4106606555
81.6895882540
82.6163935117
84.1186439762
82.6137078990
84.5981073255
80.9710566195
83.1991984083
86.6479397894
83.4856778325
85.0648312484
82.7946297000
84.5838323887
82.9217166308
86.6638938808
84.3243515866
83.3648956406
84.0327044219
82.1484652476
81.0941167719
79.3699193275
82.5444695668
80.6142714978
78.9094199661
86.6972042281
79.6387829591
80.5246984004
79.5753789329
83.1312152878
80.2088998682
84.9744009068
82.8224423876
80.6552711034
78.7152092827
84.8689285667
80.7020056077
85.5989861454
81.8237627098
74.5652357583
82.7701966944
84.3266169482
79.2242222176
81.7354887374
83.6991574283
83.9406628669
82.6930439482
82.3973003321
80.2100526601
85.2845139115
82.9810051340
84.0024872159
80.1115166718
84.3374625601
77.3278444549
81.3872997033
79.4828568123
85.3438071746
79.6549929948
81.5137341215
80.1692858794
86.3009054925
80.4938523304
82.4515178746
84.4296665956
77.1016793302
77.5268238957
82.2996247617
83.9037381892
84.3393152780
81.8083087571
80.6916272241
79.3389016867
79.5175682328
81.0096963000
82.2809477123
81.6586431012
84.7095770602
85.4700156822
81.9914126509
81.4644419473
81.2904791259
81.5984782153
80.2334491853
81.5407942171
82.1600887087
83.4182296438
82.8863293392
81.1254119065
86.2159659570
82.8080680231
82.0629644441
83.1862914332
78.3089043003
82.8252454078
78.6197496694
81.7810213296
78.7888629480
85.7017153934
83.4853670034
86.0934227898
86.9542763887
80.7064886354
83.1311809372
81.9744620172
84.9177217533
81.7592559314
80.2924367468
84.9734918303
83.9438250638
76.5812756010
87.8174508105
82.6637753627
83.0196165266
82.8631429518
82.7589079626
85.2550811178
85.0203338790
84.7899131202
83.0711821883
82.2105480697
81.7355520361
82.9124162053
82.7603276674
83.8921960832
85.4677333880
83.1830805202
74.5259744802
84.2779328992
85.3682817017
84.7947134363
82.0524759343
77.8856664318
78.5421762031
84.4675189542
79.7468226467
76.7327764051
80.7726121563
80.5044151125
84.0956083240
76.9979352318
81.3048619111
82.8571883328
82.3989629818
83.6337479338
86.0435372627
81.7067504707
86.1900524780
76.8916690890
75.1406683668
80.9936409766
84.3855486506
81.3122660176
79.1519486288
83.1238376823
80.8562433501
82.6189356172
81.4957531251
81.1370312177
84.2725786779
85.2894954150
81.5348103142
83.3927971904
83.6113818854
83.8617367773
83.2081682081
81.4994392023
87.1743627926
81.7964007620
79.8870693656
83.8334961114
84.3956835279
87.2125380706
87.1813939302
81.8888049301
80.5053424708
82.7546623583
82.5139457316
79.3477716670
82.6126746855
79.3200812839
82.6107242779
79.3724275007
77.6496164342
83.9119169713
74.4221596245
83.0573185924
71.8540440093
83.0066708290
77.7594465714
82.0965888755
81.9799556186
85.1855055387
85.3912079822
84.9242636014
82.1520230165
83.5675863699
78.8147609311
82.8415797758
80.8057182235
82.8204244006
82.2183215523
88.8858903092
81.2641145516
80.8270243774
81.5181059193
83.2927521734
82.0166047262
82.9945260086
83.3359916921
80.9392997162
77.3230443683
80.6015789839
84.2036724047
78.7554620183
84.9553584441
72.9741032241
76.7159429870
83.3064214501
84.7273327567
83.4413145375
83.0282682135
70.5970582227
84.8528041880
85.9037078283
84.6350124471
83.2555529882
82.4010460968
84.8813542748
78.6745802539
83.3794992342
85.4356721012
82.6559956806
82.6448373375
83.8763511699
84.5880979852
83.4148555346
83.2192921398
83.7112107969
82.9845042115
77.0012437943
89.1886992802
84.0648740264
82.8728054313
82.8201540500
80.3259492556
87.8058251847
74.2747759222
81.0573343576
81.1273171379
85.3178195376
83.6515176922
75.7773662542
82.3491640063
84.4734536216
83.4915554018
83.2885800334
84.5843711675
77.9639281651
81.5751053610
84.3849342108
84.0471921216
80.3502991997
85.2570724479
83.6069728065
84.2186313641
84.4041717533
79.7415329635
79.4794848436
87.3000339741
83.3332494975
84.3526153227
81.9569446843
83.6271301642
83.4319421690
84.0059052641
80.4760421937
84.8134362758
78.7718758288
83.0328361136
80.0868010215
82.6441769878
84.8874043348
80.5037915351
80.0143195893
78.3243454732
84.6245307004
85.7832932004
84.7311574023
85.2546090725
84.9560226430
85.0884100183
83.5250755574
78.6908307433
85.8761635149
82.1815990852
80.4857790991
76.0503265124
83.1993478077
84.4257748231
79.9010444154
82.7829737667
75.5390478878
80.5402721741
75.9480309043
81.6884892914
80.9016119590
83.7888299751
88.2270468574
79.8123319514
84.1995562052
82.2264203503
85.5491160178
80.9400402197
83.4737888563
81.3641550803
84.5344502030
82.4236495127
82.3941702363
83.5854781800
84.1318294979
81.5103676637
82.2417973700
83.5866702129
81.1027469848
82.2273732249
82.0924735854
84.3281976435
81.7698248823
84.6631544131
85.6737668073
76.8156591841
82.6810038704
84.9808782144
81.0949599519
81.5212939482
79.4870995308
87.2876882997
78.8055481011
86.0742496739
84.6403010239
81.0911933354
82.6768133494
83.5891859102
81.6683886961
83.4477213327
79.7738123815
82.4845484113
79.2785809458
81.2237399261
86.4174171526
76.8323554358
83.8322391306
77.4376197571
83.4620484424
74.9764077835
83.7930141286
85.6494471927
83.9140425709
83.1103922476
83.5251454836
78.5790113579
79.1867887688
81.9824195829
79.5832071071
86.8954996351
73.2612213381
86.7310374445
83.7616834798
83.5908513181
80.1237821394
79.8333069072
81.3647601454
81.5274516032
84.1011091450
84.4471752854
82.2886007686
87.2501449918
83.4332447970
86.8924154547
86.1073236772
87.8054973908
83.9015206077
79.1560608906
84.7366053329
86.3605092412
71.6850529303
82.8831235908
76.8639665701
79.6989425467
83.4289935191
80.1128781273
80.6664880657
79.1404011385
81.4341103426
80.0587113549
80.1220836735
86.2167499679
72.0190992211
83.4590845307
82.9587902042
79.1507755730
81.4168625721
84.1995278526
82.3200792422
78.7180963464
81.4300813493
84.7665538564
81.6698292393
83.9480094409
85.0697655106
83.2601476339
82.6611479033
80.5333204398
76.9074940733
85.1152534359
82.8797191378
84.2402363731
84.9950013355
80.4986183160
81.8269869705
81.9541416064
81.0902118348
84.7204593229
81.6811725520
84.8585472342
86.0409544780
82.9753537161
80.0597087777
79.3469711426
86.7154570059
74.4737362722
84.4717280388
83.2296680784
78.0784645419
84.1432742314
81.8358183050
78.7554874807
84.2718569863
80.5763933229
76.7326927144
85.6155748975
81.5154271577
84.6552884743
80.7737019272
81.5557897920
85.4847944055
78.2199617739
78.6156885538
79.8609345509
82.7641388542
76.8329074719
84.9417915402
85.5596218307
77.1901308402
84.2108022317
87.6277673502
83.3115390011
84.1999687966
81.9230173966
75.6186700232
81.1947395365
77.9254777661
85.6774110667
82.9176809580
84.9213059555
80.7450761929
80.3273066994
84.3304357766
84.1952607023
86.2614515478
84.6818403960
72.3672623978
81.6450558353
85.1249219067
72.7916845040
82.8840705990
83.7139309467
83.3917862588
82.5004636127
80.0310206686
79.8485011163
84.6462133702
85.5767232255
82.2611110417
80.9676121198
82.0050474553
81.6876487956
81.3026085607
80.4165935445
78.7756623045
80.7783449573
83.6666584651
80.5371441745
72.8504860833
81.0763298507
82.9643707810
77.1077634452
78.0037396340
82.7189763213
81.6224636427
85.4403270506
82.9633550939
81.6789703141
84.1099808526
77.6763230382
84.8595709851
82.5798219180
83.8891042666
80.1007871772
81.4368136069
85.2162639071
84.8120495375
85.6918592495
81.1546101570
85.0709615957
84.5564807778
76.8190371756
82.4231544145
86.0104010093
77.2979922718
80.7796432694
83.1449329083
84.2725681028
83.0365961281
83.8907265296
82.7458554232
81.9824720718
74.0210547292
79.0008782822
80.8639754321
82.5994127765
82.6903571839
84.4720001583
83.0352286956
82.9269550588
82.6757801508
78.6325482429
82.5149663123
82.1777696304
85.8607052332
76.8446922949
84.6307805549
84.0037867621
84.8396869401
83.0877318818
80.9985973622
82.0747193745
79.0176235346
85.0151267449
84.7986567062
83.8810537271
83.0551323279
82.4685045047
83.4761046313
82.9484595594
82.2853547045
81.1367731610
83.5882673237
77.6128428737
76.5054318040
81.9188899486
85.0826596518
80.6574453111
83.8514124237
78.1954195574
83.1531937274
81.7253074953
86.4674692363
80.9626465318
84.2164655286
79.6971610823
82.7854913904
84.5173963814
81.4900681838
81.1500816439
82.2035536712
83.7145259674
85.5375058006
78.6994092599
81.9786859303
80.7721275034
73.6956386861
82.4280145336
80.7477526926
86.3629884663
84.4722388903
82.3354679344
84.8272951777
84.6379017929
77.8740235768
76.0323606787
81.2242515949
83.4159835632
80.8027853665
83.5237431532
80.2461560670
76.6765438787
82.7340938129
80.4801492130
85.9403263574
84.9015657666
81.6873551332
82.7222548817
77.2852636693
82.9411095195
80.2658620422
85.2043025108
81.9724217009
79.1412256767
79.9419645092
80.3843448541
80.4390834113
82.9350735604
72.6818563985
80.5393565951
80.9986224348
81.4283771885
82.2904181516
86.5315939429
76.0365877989
79.9431585036
82.3808533133
83.9176913003
83.2698236849
82.8310542256
84.2704381386
81.2963638774
84.3169209103
81.7414095956
83.6957389475
77.7390281661
81.5608950839
77.2330784561
82.3401532575
80.1182571015
78.3575706889
82.0962643914
82.0448030425
81.6266346493
79.9333487974
84.1720373853
80.8717964700
85.6017317527
81.4819512781
83.1689915842
82.4116991417
79.3444700148
81.9785690476
81.7586777495
82.8981385609
84.9681202117
80.4311674597
83.5474661644
83.2319037916
85.1805238291
83.3269857928
78.9428834319
83.3896321754
82.6254251971
81.3983328035
85.7316766851
84.4357913755
81.3717834035
83.0352248555
83.8039639955
83.4892581706
82.8568662385
82.1341681309
82.5152010675
79.1497337375
80.1598022596
84.3234341428
77.6136929056
83.7041484929
84.3333831734
85.4043441418
81.7659930898
83.3976976629
82.3501206815
86.0687503731
78.6030344222
82.3520193199
77.3390840146
85.3591863470
84.9632897055
81.9481143936
73.1752221700
86.0163021065
81.3991243090
83.1582506258
82.5688792950
83.1581997829
83.6201717801
77.1772172596
85.2015981545
78.1248917302
79.0691895105
84.0144804880
83.7408988502
80.3428328233
81.9236025275
79.1606420864
85.4421446817
82.6820490407
82.9153889517
77.8971466651
82.5311568445
81.2615086929
83.2454374138
84.5079828947
84.8078102758
83.5297047551
82.2636443508
70.5850167367
83.0586154671
75.0052900856
82.3227226108
83.7269242288
79.6473874025
74.1726787793
81.6597292584
87.1036046682
84.1923397474
78.5129722338
86.6361054546
80.8858325200
80.1914727134
86.6665189619
81.4278885799
82.7305353141
83.6715158096
80.9968430939
82.3596824774
80.3545655831
80.8169215205
84.7609193265
83.1343195737
84.0939822163
86.0624293272
80.5060770020
82.4681507215
82.1347575218
82.0867118728
79.9194881256
83.3830615501
80.5486715493
83.5581080539
82.3525496353
79.2261851146
84.7140420578
77.7658320657
80.4764633283
77.1178176627
84.3609152124
83.9317595792
76.7560460674
72.4152585760
82.8596487945
85.4535772249
80.5792595162
81.0470360929
78.5615284437
82.4733949603
76.6858652688
83.9640926596
82.0707908991
84.1238238945
82.1896969298
84.5377281462
84.6110900957
83.5170605641
78.4846411872
75.9240572494
82.6773435735
81.6119048265
84.2902250556
81.3517330468
81.6181352734
82.0416203335
81.2422665858
81.7813600901
81.7500317338
82.0882594399
79.0594760864
84.4672553220
82.3235173235
85.1227180794
82.8111811026
84.7438819861
82.1238884793
78.7064223860
86.6330718475
83.5192858974
87.8019696776
82.2233416688
84.6535897525
82.6367940627
80.0850723374
80.3556185176
82.8224638507
80.1312370252
83.1940985664
83.2048579523
87.2148531483
84.0450316096
81.5289865305
82.1822036119
79.2904938966
82.1050478669
83.1207719389
83.3539510407
79.8495858813
81.9498631863
86.4515173346
76.8185002293
85.6601887123
83.3853202028
80.9819305254
84.4417499702
84.8057471975
84.5197316510
84.2871896415
83.0346395004
79.5664310067
82.3120967096
78.8124720879
82.1765578570
82.8593073692
82.5224388948
82.2419324129
81.9523756061
81.8355247908
80.1670685261
84.3970784713
82.5374322826
82.6903278315
81.1589284727
78.6851306696
83.9090605710
81.1930031629
81.4973139178
81.9225787491
81.2589725704
80.6048116448
79.1657198422
80.9691250724
81.3765907339
75.2583263509
82.2767428845
82.7276203919
83.1409573612
82.6841431887
83.4912118463
81.9986039404
80.9326624341
82.7419734742
85.9371149097
86.3905230009
84.9253775118
79.3376204628
78.8474644477
79.9597631852
83.0954979670
81.4838329474
82.6747333183
80.7395074897
79.6624957792
74.9897938251
85.7531044765
74.9247471051
82.5674714361
84.8079943745
80.2811009426
84.3200751979
81.9333233981
82.5415254764
82.1361881804
79.6867745509
86.0946171251
81.8889383607
73.2102785526
81.9710554819
84.8749623822
83.3005380423
73.6940821792
81.4498808151
82.6613297271
83.2430742902
76.6569173114
81.7195070352
82.5490927856
82.7310253902
82.1060344053
79.4134499880
83.5979197823
81.2637075062
84.0883985118
80.0123078120
83.1378504529
80.4841176395
85.6349682015
82.4206975764
84.5528699096
81.3273889069
83.0172618012
81.9382935018
83.5723985608
85.0377633866
81.1510179260
86.7371688834
83.8723483319
79.6616090141
83.7979529511
82.1483690726
82.9281485300
82.8252219738
84.0210925697
81.1904913649
76.4225859760
75.9301010825
83.3541461396
79.3526254297
85.8382706161
83.1488028792
70.6922896541
87.3335463331
81.1892753943
83.0782147332
80.9350066187
81.4422997502
79.0164371724
85.0636119443
81.2452962778
83.6993669919
82.2276238907
81.7146119927
80.1896854472
84.0778298108
77.7931916635
80.3045260850
84.8787957869
82.6210073308
83.8379832969
85.3078551335
84.2779420415
79.7239419718
84.6761884535
83.9581081516
79.6744891740
85.2828733939
80.8219851702
85.1776689357
79.7893756843
82.6978284107
79.2257145299
77.3934568235
82.7157908955
82.8652470148
83.8215458017
83.5694953638
79.6701173301
85.4596550438
82.3468955603
83.5451310140
84.0867325019
82.4665101607
84.7482186191
82.9179500482
86.1469111052
84.8602778497
85.8807795819
82.0473948586
82.8615538929
82.5712534671
83.4757176370
79.1543567093
79.1223857855
81.9052973197
81.7806731999
82.1115583187
77.4015489873
82.7989726085
82.9121276633
72.6789873829
85.5572572101
82.7126161335
82.2592795675
82.1952423464
81.7285873651
82.8610303218
78.8649036074
86.4489809047
86.4265306492
81.3624230376
81.8177322471
90.6133127427
83.1101243627
85.3329194094
82.8834038962
82.8340737782
82.3866024019
81.8074914901
83.7075463433
75.7885623099
80.9434162054
85.1481633406
77.2436540729
84.3585960861
80.7572059255
82.9017148662
84.4927912150
86.4099800289
83.2256398487
78.0998896201
84.1580431789
82.8570606803
72.6536027646
85.4539585639
83.7523145263
83.8814265257
79.0495072432
75.8544490432
82.8864676840
81.0096643566
82.1909604880
79.7271887893
85.0143907901
81.5616606745
83.2565257389
81.9476634545
87.1727563197
80.5557153600
83.9814530797
81.2724503484
86.4753796432
80.7445268213
82.3110567109
75.7801064285
75.9553704601
83.2477891962
83.0562328471
79.0627271807
83.3875462466
84.0245257595
84.0000941957
82.5433469656
81.3644223070
84.8701280024
81.6613250820
84.1612281585
81.7497386156
83.0998508890
82.9875312842
78.8550539212
83.2500806268
79.2362470926
84.8343708237
83.4415911792
83.6137694872
79.6220089924
83.2224627131
87.0110574409
77.7544921943
75.0490288326
80.1079738549
83.2991578637
84.4477216952
73.1455784496
82.2717790398
82.9276777079
83.2176832599
82.2245019373
83.8823303581
73.7984627282
85.7714144954
86.4797781597
84.7469773465
81.7379284899
86.7589704225
83.0095131834
82.2047573311
85.6547443463
80.5205073439
84.1112528557
81.2453067774
82.8833015108
84.2668933205
81.5828019284
83.0893098643
83.9248385141
83.1997055477
78.0422716570
83.8844218073
81.7958906581
80.0075127057
84.6323007276
78.2568558186
82.8180705712
81.8453854257
79.9742894697
77.0798750035
85.3846204220
82.2567847437
80.2306611562
83.4915554018
82.7482116645
82.4556319774
76.3151069376
83.8920043729
83.3652827388
80.1633389690
72.6033243265
83.3678093409
78.5101908504
83.9549984133
86.4856345898
85.5989628586
80.7784491879
76.1831818094
78.7209664101
82.2973485785
80.9551253911
81.6622018126
84.7346335248
87.0027514529
83.8884799141
82.9327354252
80.2445558712
80.8339756788
80.0934454180
80.6367153972
82.0557699247
83.4426751279
84.2777272992
75.8164637867
82.9161753835
84.6776848964
84.1986625158
76.3140701280
81.8941276821
80.9450157565
75.2900090641
76.8443279217
82.9108712861
81.2136415258
83.7025974464
80.2039771304
82.1267451086
81.1285391375
79.8884776565
82.5939057723
81.3778644770
83.2502949236
84.6138896387
83.9062224341
81.3963369194
80.4973671836
77.5066360763
78.7497836687
80.6550864642
77.7142435909
76.7929383612
80.2352985075
84.2532865251
83.6281851636
83.0451672649
84.1745618321
84.6324740772
83.9542248487
84.6943446166
83.6432924141
73.4050350161
84.2130376207
84.9276564695
85.5988353641
79.9136644898
84.0516125933
80.6329503951
84.2690369000
77.7569940009
82.3308118910
73.0751058384
83.2804341583
82.3454721701
80.9375787265
85.0769503367
86.3534380072
84.6450410925
82.3489598040
82.0313847519
83.1978464943
82.1580764062
80.3692078717
83.5139458106
84.6069702351
83.8479579262
85.9257857066
82.6820417262
86.3540188419
81.1017893478
80.5200096393
82.5238700984
80.5881119876
80.7153385984
82.6242516681
83.1960692127
80.9517818193
78.5018009531
82.8018828966
82.2974950514
72.0294299696
83.5196205463
81.0826842802
81.4813405220
78.9865543238
82.1802296168
82.0500181074
81.5039282814
82.5888885389
82.7423343056
83.5031498405
82.6176893471
88.7396245919
81.0923261281
82.5028825896
83.9679282199
82.9173886811
79.6991354181
82.8845839770
78.7359153245
81.5608614986
80.4628747441
84.2090998450
83.9429150224
74.3914673792
82.4342765975
84.8929252195
82.3906281847
81.3735640907
83.6392663207
81.7411047596
74.3544463138
84.2137706705
86.8236106322
84.9569932482
84.1794206708
85.9356811505
84.2706874585
84.4868519387
81.3387497645
82.5918354594
82.7959079825
81.0288479348
85.4320102477
82.3607639924
82.7761664374
85.0011457906
84.8018293987
84.6142439408
74.4416987385
83.7828680542
80.4980993238
82.0410229343
79.4637369609
75.5388275318
75.5289118856
82.7067591255
83.2076077725
84.3243525643
81.3283708769
83.2461157238
82.9259962007
84.0112384571
83.0809178737
78.3032978241
82.5806491783
83.1246911298
76.2306207579
83.7115321160
82.9890971031
80.2305432366
85.0835230400
84.1516095843
83.2273448066
83.2261680498
82.0585382357
83.7071883040
81.5112924510
86.4041713331
84.4165175595
83.2614378797
85.0902821227
81.4455392895
82.8108110639
84.9025270889
84.0363088855
83.6243717882
78.2827087752
85.4299383606
80.1513900861
76.3829526417
84.3485317176
85.6710925353
85.6788853233
84.2465880150
79.9820523431
80.5077401836
78.9542818004
81.7963837326
83.1597881062
88.0285393721
84.9126891514
82.9519396240
81.5289142657
85.0088934689
81.2486095050
79.9954689551
78.5767903019
85.1271496992
82.3535486605
76.7322306314
85.3616707156
86.2970599830
80.6623884783
81.7123299070
83.6896809274
82.9802737012
80.2410225757
82.9257841568
79.1414913090
85.1184993708
81.9085786115
85.8099352776
82.5113111647
86.1392702849
80.2940093084
83.5038979986
78.3342539466
83.8893552937
84.3241257923
82.5367367142
82.3736350310
83.2245671452
85.5126388646
84.8799680896
80.8313242241
85.2907118601
79.1061728335
84.3439092841
79.4919197749
82.0294628420
85.6654182903
83.1325763538
83.1497054380
84.1022564106
84.1358045257
79.7138505502
81.6200656894
83.5861541769
83.5490328690
76.7858490147
82.2834943769
83.1070400109
78.4809082486
76.9640987376
82.0552592843
82.9995872099
80.5931147535
77.0144422379
83.5195532643
80.6058831354
83.8669174794
84.7801040345
84.6655538771
80.7433049075
80.0718165542
81.5819628859
84.0417204411
78.5581149724
80.3913212724
81.0534076025
85.0557331060
83.9533682898
83.9093595075
86.2836406897
81.6654362246
82.1597636164
82.3465000562
82.6542441795
73.0622549751
85.5328269927
78.9392244218
83.7229004357
78.8827749016
85.3069605470
85.4928927897
82.3486985649
81.2367268632
81.1392254564
82.2806232243
86.0428613108
83.0859478168
81.8703781579
85.4847761686
78.9853552171
74.6388340286
83.4905216457
83.1785760371
80.0228653098
76.6660107682
83.7803168164
81.0165445647
82.9536159214
81.6353978677
83.8758051474
81.8178881926
83.5658741524
84.3827355349
84.4206785421
82.8815632137
79.3697253001
84.6472158602
81.4560395729
85.2512579729
83.1010300863
81.6352854996
77.7534711111
83.8504411434
82.1266903472
80.6442822538
80.3206588573
80.6655987320
85.3289760111
80.9643402854
82.6235574564
86.4950974045
84.0870123644
84.6046795663
83.8909771095
83.2498486268
83.5441726725
83.9946718135
82.0816606103
77.1012605145
83.8349845635
82.0469553216
78.2556982763
85.0090682808
79.1456027549
82.7981752115
84.8822693757
81.4298546368
81.8119688151
84.3870064421
81.8869007009
81.5167355929
83.2452657253
83.5325207708
84.7133428905
80.6750726249
91.2939904892
74.1812411702
81.6816122755
83.6384001356
81.8142437339
85.2669955859
83.3906110166
81.3770924026
86.3681762031
79.0828595606
81.2488176083
86.6602623783
85.4573406152
77.9435569559
85.4345376117
83.1230470379
81.4442203436
81.3524281371
85.9731579185
85.7992611230
83.6503453342
81.0290609001
81.4994392023
77.7903547067
83.8361157439
80.4647964937
80.5015774246
80.1572982389
83.5504530499
83.3324896013
80.1859563053
82.7571308103
81.4406039444
83.1330201390
80.9744343813
82.1580200534
80.0909306256
79.3703041670
85.0851342233
78.7587072120
82.0197832824
84.2357806141
86.6944261514
78.6967585679
82.5030049657
82.7331738414
84.2108187137
84.6360788616
83.3300674100
83.5401448840
82.5062937860
82.5609658381
81.2559564876
82.6616200771
85.4336342331
83.9820074262
85.8308714699
82.0088971335
86.5941143018
83.5846648400
81.4883031625
83.8581473367
84.0622819097
83.4323776847
83.0991238114
83.3523892298
70.8467427440
80.8748927100
85.8975901093
80.9175102583
84.9966058309
77.1149781463
82.6836719708
80.9735278447
80.3312631605
83.8297298471
79.8803131345
80.8843591940
82.6319122711
83.1814254384
81.9253621831
83.1566021551
85.6737360652
82.3206389935
81.7448325099
80.5917054123
82.9317200836
79.2640645200
80.6246962967
83.3780321627
80.4240551969
85.8364479678
84.3004855928
85.5456663190
84.2441680224
85.1752899283
80.7717091975
82.7329673214
83.9827632826
84.0969115410
84.8305819363
84.8893980370
83.3288900605
84.1184053068
82.9721496866
82.5927470455
82.3192758161
83.9520676505
82.1194365089
78.9215356841
82.8257400626
83.1602500877
85.0655276050
74.3002993077
77.6433538902
76.1221382532
83.6444531436
79.0259888587
83.4890740663
82.0818171510
83.2235613264
80.8658483494
81.1802608330
80.0824060752
83.4314124782
82.1958074691
82.5187644416
81.8173167878
85.5654685970
79.7933845097
80.3203265586
82.6290689523
82.0153078686
84.0826731678
79.7033258166
85.9649748995
81.9310815782
82.4812354749
82.2454531599
86.4284698870
83.3344258761
82.3613604079
79.9091787822
82.0724194050
77.4453390757
81.9169346338
84.3082040239
81.8962363695
82.4297158646
86.3077513232
79.6713314787
82.0275669389
77.3963815669
81.3272819724
83.9813504770
76.2108826389
82.4702817524
80.3241032946
84.5916861557
83.3749797344
82.0010108909
84.0611575588
85.4899166200
85.8605828124
83.8028807289
79.6080496914
76.8387933004
82.2974939750
74.3586449175
83.6104735361
85.4269238897
87.5560425715
84.9134358074
82.1333303319
82.3742137699
78.9653667476
84.0965513882
82.2764343309
83.0385390407
83.6397816390
85.1136530354
83.1840583243
86.7509907864
82.3296843959
81.1334289168
84.5846170514
82.8841752037
80.9031378507
82.4330800625
86.4904028014
77.4996760819
83.8307049399
87.0174452578
77.5781899722
83.6357589961
78.7979747306
82.0307206691
78.9387006580
84.4509545955
82.7440737118
75.4477605329
84.5980254012
80.7357999182
83.6458502296
83.1094963735
84.1917950021
83.6283251038
79.9103278997
85.0751629297
82.5953524925
83.9850873780
82.9541592825
82.4895678983
85.8290117011
83.1962746150
83.4738806548
83.2800186605
79.2617408633
80.2491543637
75.8143915264
80.1264339084
80.9801790235
81.4330932507
82.5197136784
84.2940962736
85.4567150864
80.3720324016
81.2419305351
79.0859391543
79.5820249043
82.6268167432
82.4521591730
82.2890803201
82.0433783880
78.2891245267
77.3022875205
89.1330706866
79.5231079706
73.4265134337
85.2825016295
84.3062229476
81.7673657941
82.2093253505
80.4545434161
82.1005016302
76.7367187768
81.1103119564
76.2910411718
81.2960023231
80.8496275458
80.2242723801
85.0950075172
81.8261045628
78.9194368333
75.3139097266
82.2414134467
84.8001389947
82.1145424541
81.5557834017
74.3882344439
81.9967261129
79.5993145158
81.8296606972
87.2736823693
82.3808472647
79.3504159198
81.0129817639
77.9305831823
79.3258440247
81.8730402463
82.6585574760
79.3794585430
85.0510199242
81.1360069750
84.1212226196
82.1796149530
72.0046004280
83.1729519162
80.6709010510
79.0080642932
84.1542017834
86.6538372254
81.4945797854
85.6210791145
84.4580273637
82.6695595986
81.7715271821
82.0858600575
77.9036258697
82.8085792283
80.3146646476
81.8238354857
82.3486402931
81.5816579610
84.6816403894
79.1176545802
75.4504986092
82.1392315251
82.5096630977
85.3060205287
83.9822703861
83.5445754187
84.1434519799
84.7988914029
83.7427685485
84.4490025600
86.9158335740
82.7727216391
84.9593143690
81.7684624998
80.6469570979
78.6897504969
81.3352140365
83.7030220433
83.9455840980
81.9678434114
76.7562950869
83.5724340391
84.7766266639
82.4795443532
80.0042245436
87.7717560457
80.5257366300
80.7995161201
83.0693743051
84.1085457610
78.4853551277
80.2159660445
81.8186642490
80.5699100068
84.1053236634
82.7267888751
84.5515722414
85.8916244099
83.3332494975
84.2562730725
82.5153816604
82.9128647440
84.1248439503
82.3368939078
86.8253530216
73.1899973450
82.6222686116
85.2144946496
83.5679169602
81.6613430852
74.2915201242
84.0265128860
76.3458802731
83.4116388788
85.9483896091
79.9415299760
87.2442328010
84.5688834733
79.6339014709
86.6310178001
79.9031100349
79.1035000790
84.3508583880
76.9267789013
82.5938679677
84.2779890308
80.0048708859
86.2870308875
81.6551119667
85.2921057183
85.3448440100
84.4718010403
80.7100034465
81.7134679683
80.3138831184
82.8226558678
83.9442373044
82.2108214849
83.9335700644
82.5471605661
79.7411043049
82.7886083611
80.1867938745
82.4212429444
77.4916616349
83.7339127522
80.9425779830
82.0447801982
76.1548072656
82.3467102063
82.2968977111
80.6228642922
84.9315925372
78.7199666905
84.1830197100
80.3616608123
83.9251531305
83.8737395161
83.3599005963
80.7191445986
80.0199441432
82.2200313905
84.1201622448
83.3589420581
85.0863649466
78.8593986172
86.4971433771
84.7983304647
85.4152500186
82.7344071347
69.6117792219
81.1692438610
82.3630819799
81.0053350179
78.2146394351
74.8469506417
84.5281725482
82.1288047977
81.3632054719
80.3028598869
82.7447702188
77.8388615341
83.6412238188
84.4889989712
81.1861068138
79.9569050246
85.2494547236
85.3074830852
87.4655394594
82.7313708480
82.7623561091
79.5742673436
83.5589626455
81.4715431957
83.5587295819
81.8488507590
77.3740923045
78.7842041202
80.6014596605
83.1720171155
80.1548360606
77.3645042495
79.8586144981
82.6169258819
85.4296033088
83.3178354206
77.7724123636
72.5699833725
83.5974074066
82.9283934179
82.2362153393
82.8807888506
79.9411975634
83.2126554910
80.0579864384
82.7161011506
82.3402624339
81.4262163067
81.1295560186
79.6223447303
81.9534374385
83.9986708364
79.5134367430
79.3267061009
83.3443103503
74.8089448550
82.5733845475
83.6460854801
83.3242286384
82.8302681663
78.2550478695
82.4185991268
81.0640137062
83.6911372080
86.7524816151
82.4206499745
82.5932009404
81.4056493026
82.2845483772
79.3973776903
84.2770503840
80.6574453111
82.6305104830
81.3462574739
82.8489430588
82.1262324563
83.5341615415
79.9850486873
79.9009565672
82.2682274928
81.0452894948
73.7854827991
83.2295657530
84.8975543538
84.9682165221
82.5213705227
82.0377761482
84.4064677881
83.6672290609
85.8200277996
81.6545352867
78.3850793963
79.4571471763
72.2546342016
76.8024653625
82.6186390213
79.0653283515
82.8995583753
82.2415231300
86.0638310240
82.2626261512
82.4765244521
80.0984603762
83.2025130568
82.5946076387
83.2626851458
78.7967859499
82.0787312614
83.2638789933
78.9468854179
82.9934147902
83.6243968101
79.8290580219
83.8874494688
80.7319467088
75.4545100051
84.6064837112
84.7981901054
79.4410052094
81.4166232950
77.2542195718
80.3501338559
83.4529545687
82.6663180753
85.0925952139
81.9736180081
85.8212706495
81.9915273632
86.0126505681
84.1169116574
82.6084542513
83.1343362581
80.2360042078
71.6511369049
80.2014651768
82.3511188906
80.0520010996
83.1154271509
78.4110344721
84.4911857988
83.7703545767
80.5883352467
76.4935944285
79.8718072935
84.3606973386
81.1140126697
82.8032339727
85.0275612887
80.5733091509
81.5136697705
86.2638728504
89.5522592114
84.3691956300
81.9299673895
78.8497201818
83.4319905805
87.1795750588
79.5357755537
84.5528699096
82.7516312836
79.0914217575
83.9203448313
84.0381172583
78.3416556401
84.9192821716
82.8433707049
84.6242849245
76.1531798121
83.2385084266
83.6787973376
80.8147686873
82.3252766576
85.0670151081
81.4130386884
82.6077796379
84.7593021630
81.4793315720
82.6773704450
79.5016947358
80.3156783675
83.2958796497
84.9485271403
82.3714110134
81.8898989800
75.3685913249
84.3372645924
82.7436863306
81.9960200390
84.0996330680
78.9364685156
77.5411798513
81.9430615235
87.2850608852
81.1169212318
83.8663563211
79.6234645513
76.0762745889
83.2234126752
78.7058756661
80.9501334971
81.4658749061
79.7839470079
80.9584526399
82.6282914202
81.9837712043
86.4435979228
84.8745113792
84.8205715030
86.2682235342
85.3129543802
81.1531752292
83.6179677568
84.4130029827
71.8124826426
82.4711069136
78.2809369261
81.7449939222
84.5386626549
82.1154049794
87.2381670624
77.0237146821
83.4278849163
84.5214434524
82.4910267685
81.8872646053
82.5529174241
83.4181628978
83.9604710056
76.1864226083
79.1299220504
81.9694656312
81.5033815475
84.3831654189
85.2634375978
80.5781580202
87.0616895362
77.1695242353
83.1643184525
84.0816027502
81.4492773880
82.9102382018
83.3000924760
83.1799115333
84.4970488670
79.7944038504
83.6438749578
81.5289865305
78.2733021924
83.0093954306
85.2081051377
83.3694021685
77.8031047749
81.8119309858
81.6028711917
82.7956869584
83.7272573177
85.4920605402
81.7865227911
84.5961352847
81.5405178054
83.6349700555
83.5606602430
76.1385616376
82.8335781352
83.1659244445
73.9458251618
81.4076302190
81.0429348924
83.9620707164
84.1439069071
82.6172289104
80.8289021492
81.0775098651
79.4541994439
81.3962463095
84.1259577075
82.7437671363
75.6703078940
82.8008573494
82.7806557333
84.3207608942
84.8106927985
81.4477879828
81.6914539542
83.8336418563
79.9546580280
85.3771353405
84.9683275530
80.9825650972
73.4895511311
80.4396966116
83.8916353820
85.2960192831
84.8892718871
83.8493448782
82.5094992743
77.8004238153
77.5838652137
82.3119860890
83.4998193357
81.9509661653
79.8416870323
84.7648992201
82.3934517922
81.7026763900
82.1536388092
86.3283314538
79.1178432154
75.2220865390
82.1983149054
82.4385177672
83.2236372210
84.3437471098
82.3957790265
82.3756317764
84.6955277352
72.9841416609
82.9015059888
80.7045621778
80.4774752989
80.9676305769
80.9256719258
84.4653697221
84.9567193506
80.7110832145
83.9757640347
83.2816696308
74.1099734356
80.1366176248
84.6071459980
83.1352120683
83.3115530709
84.8681256065
80.6201345048
80.5253643321
79.8681624811
81.8310795940
86.9664307626
82.1975243853
82.1202067224
85.0278942617
81.5547005221
83.8284393970
81.8390244795
80.1327064620
79.1507755730
84.6111244330
83.1330201390
80.2302612820
78.0714597806
77.1039571867
79.2595043291
77.6399197095
82.9658464445
83.8406446676
75.9325761608
84.9961524529
86.6984831266
81.9001319482
85.0995809723
84.3886515297
74.2976163667
86.0302044479
81.5118721181
80.5271848807
83.5420685703
81.7019809001
84.9034424484
81.3157388147
75.9721270191
87.5340430788
84.0332557622
84.3521018273
74.8452914601
80.9006965311
85.3908950127
79.9630190714
76.3712724497
82.1202547293
79.6901150410
81.2808107391
85.7125943295
80.8020039603
84.6340081491
79.1190641240
79.9874659996
78.6096891138
83.4432778214
81.5906592429
81.5686075495
82.6325102927
83.3875067705
86.6233475620
84.9882043916
82.3368784867
85.1853999486
76.9299290188
76.5603384881
82.9363090647
83.7988599589
84.2919803566
76.7913288313
81.7567590409
79.7246325385
84.9941563797
85.0919585962
79.7004045925
83.4810322697
83.9292943185
79.7990758775
83.5231633029
87.2134082529
80.5734186861
72.3420411346
84.1090846164
80.0603936608
80.8548245237
84.5918648878
81.7120515048
78.5973337016
80.8877377312
85.4424817957
81.1891346802
79.7082156452
83.8176224104
80.6439002139
84.2518643159
81.2169697709
80.6636524981
82.3961263563
73.1793652748
82.0475450825
83.3548471688
78.5340624556
75.0622243538
84.8879002308
84.4227947724
84.3846675993
85.4273326016
83.0020666699
80.7785624923
83.0314470757
85.0274517584
78.9120379126
74.8332492910
81.8212561417
84.2691776467
87.3754428121
84.0918048075
82.2533250695
84.6328123109
81.8733809005
82.9067802779
83.9200445587
81.5893621983
84.1695787231
84.8831748938
83.2100764210
81.3214308054
84.0447623482
81.1660360754
83.4193978059
81.8343137604
82.2367154414
81.1696555008
81.9250218820
88.1146000588
76.4913505679
84.0756960274
84.3959139400
76.6114322342
77.9448741164
82.8698469105
85.3617512537
83.1935999862
81.6559510146
83.6730608614
83.1716663267
80.6582678557
78.3432083031
82.0740563229
79.5133560304
83.6452722862
84.6625248054
81.0509947489
85.1092752001
84.6800603141
78.1156880144
83.0237382256
85.6882035838
84.8330139776
83.2559564561
85.0250024140
79.6093245467
85.0060820771
84.6046693138
81.1635464689
85.9392870149
81.1557760090
81.1874584721
81.2254459502
82.6873008931
82.4043269723
80.9426323117
82.0428514217
81.2328821908
79.1238042455
83.5465195342
79.8968595891
82.0914505460
82.9790040244
80.6457027075
85.1627823038
82.6945923196
84.9305948467
82.7215005999
80.6047718107
73.4202067035
82.9234007376
81.3811220896
86.3880438379
81.8998329376
81.2634861330
84.7305064010
78.5771052632
81.6617526380
81.6532667908
80.8102879443
80.2589610278
86.5493313246
81.1285391375
76.8501538342
84.2635935047
84.0363652459
83.8361764826
77.9692088449
83.1996326004
86.0294168490
84.2149969185
84.3832952715
81.4455563509
83.6636356708
81.1663614188
84.0156222030
84.3371546768
84.1559750789
86.2292778832
81.0198305461
80.2179827028
84.3308700149
79.7191790570
86.4421183250
84.0154920852
84.2516995499
82.4966625124
86.2269363089
84.8058532339
84.3126015111
82.5158407354
79.8307943712
83.1887868502
85.2181752100
84.2275504109
78.0756718185
83.7175074182
81.3685176733
80.9884030563
84.4968210063
84.3892234808
73.2820214611
81.5343469613
84.2093123549
83.7800519425
82.4596791573
82.3584506491
81.8364844292
85.4873585326
82.1556036814
76.4951233393
76.6941309048
84.2354954148
80.5096196693
84.8742581269
85.6491137453
82.1062048663
85.2814655725
86.2764039471
82.6508745268
71.2613907776
84.0189081188
82.4942125434
79.3468252552
82.3012683130
74.8167926212
83.6845362142
78.6591332175
81.8789055856
79.9102311060
81.8392250420
84.8673516147
81.7013595852
85.1758487189
82.7938471757
78.3892001056
82.7317360284
80.0381900451
83.3972438208
82.2344823512
84.0078933959
83.5377398041
78.1694626108
81.5416769248
85.5010042043
85.1595898698
83.0125484872
78.6784489256
84.2334920197
82.2165769949
80.3955238999
83.8611236954
84.1440483867
81.9926028871
84.6431139269
81.9219918289
75.6776055819
77.1392907280
82.0873422572
78.7751942684
83.7369345620
83.1008692294
79.5146833060
82.6240897710
81.6304968191
79.4030566349
81.9815491710
82.4250839887
82.5615090417
81.2966741508
84.4023414907
83.9518038095
85.5043919240
82.3039053155
80.2972357282
82.2452815339
83.1941301903
82.7353600089
78.5334454927
82.9943006599
83.8382307852
82.1874464663
82.6011772374
77.8453213853
78.0754097637
83.4294323571
83.0416256766
83.6612506594
78.9698596635
85.0044212716
80.4538905687
84.7715623261
79.5021607939
82.8149925662
81.8297170049
83.0526028304
83.7691643154
83.4949450002
85.6741374210
84.2583084313
83.3494872783
83.1925409594
83.3686099423
85.7662732312
84.3647924812
80.2005922202
81.1094373272
83.0244233082
78.9865822713
84.3008399374
81.0020460355
76.2539140920
83.8366306993
82.8090737509
85.6404104638
86.3310006986
83.8492477382
83.5609018605
84.4075516512
82.2029641249
85.1882390447
85.1954559049
80.0964241365
82.9555885726
83.8010401375
83.8433897637
83.8460901428
84.0422011008
82.6475352557
82.7658163848
82.0892247328
86.2740751772
85.5515751376
81.5911260136
76.4219299066
85.2900784363
77.1237414953
87.1808927972
81.7027618639
82.9702675455
79.8614281610
78.2538656577
82.4953255376
80.5463538480
72.4700126420
79.2009125632
79.4036759791
81.4515185529
82.3312864017
76.5563736767
83.0009812943
82.5968579674
84.1646772908
81.3715345951
82.7067591255
81.8918676950
83.1480117926
84.3519570577
83.5798924682
82.6994697889
80.1264070539
83.0252824495
71.3813146300
84.4552552066
81.5896518543
82.3531960818
80.0318337574
76.9935817351
82.1250098802
86.8984423336
82.8094467472
81.3440641574
81.9152679237
83.5687721599
78.7914360697
79.7669565171
83.9653237060
84.0420559148
84.4244353775
84.8977301994
81.9858592113
82.7044855425
83.8677063338
84.8890250837
84.2823830969
83.6329124106
82.5963462131
82.4111278240
84.4712774574
70.6554853583
80.9475786439
83.3837396027
77.5471930203
73.3255673439
82.8012726064
80.6406626775
84.4966434618
78.7770687780
83.8798247790
78.1001197511
72.9539198889
85.6043794949
81.5510662424
83.2604051973
84.4186095273
78.6859604114
83.9602231457
81.4179142783
81.8396005566
85.6681812543
84.9232398535
83.8009644197
82.0050222994
84.3765552129
83.1703672152
80.0906096063
76.3257302352
80.9601398148
80.4128299147
83.8205260637
81.7125118642
77.0220601495
84.6481826034
83.2449363479
81.6657797116
82.9802737012
89.9353959301
83.2154305241
80.5842600017
83.2916469098
82.3190554329
81.9923214913
84.0293881466
83.2065947318
75.4751300900
77.2002788089
83.2547054628
80.4211014932
80.2596632581
82.8414243085
83.9939748968
82.7604477020
80.0706567223
79.2640855587
82.7894828828
87.3870258549
81.1455339210
83.4071178173
77.3773953219
79.2120872141
76.0015456841
78.4783308233
74.8768061836
81.3540231216
85.4152336665
82.6783785704
82.5942340351
84.6144715448
80.2569085304
84.3299871551
84.9594275912
85.8703291692
85.8295709568
81.5979661999
84.9165452860
84.0446944035
83.2044294348
82.3738888303
85.0129875620
84.1600458526
82.8987091464
83.0456450152
81.6940025135
82.3738888303
84.3275206883
85.2765461646
83.2635888663
79.1022285549
77.2150328015
81.9704060090
81.2451415160
83.5041815681
84.4523114693
79.9530030785
85.1372798412
80.3992725054
80.8943322351
86.7858567691
81.5884981434
85.3207887185
82.8771818879
83.6254502331
82.9512572339
83.4324254473
83.3809680851
82.5630685234
79.2631601357
85.6213524563
83.1273319521
78.4490391541
81.4916687080
85.7283110624
79.0330140261
83.1977000118
78.4284992345
83.7608449113
83.6365518295
81.5372181023
84.0417934126
82.4986889084
85.2883224794
79.2950236928
74.4626524278
76.6859546123
81.6429261663
81.3468750051
82.6055616550
85.0833433810
82.5515769916
77.7333167709
82.1583555671
75.2640381969
78.1164199589
83.1312435522
82.0204401487
80.8683825670
83.4719544028
86.4744420052
81.1255011525
85.0459412974
80.4043510684
80.6107863954
78.7095826863
82.2037016383
80.7589229801
81.6234844459
79.2073734398
80.1474206055
82.6648692575
81.5817376146
89.3811211705
82.1557582961
80.1186606032
82.4832424212
81.5275279682
86.6581904780
82.3131634399
81.5957497435
78.8697905823
87.2617305766
77.0164892027
82.7192774182
83.8105590339
72.6874449981
83.5238205778
80.4368649950
81.7330705502
82.5428963395
79.5059301344
82.9381748467
82.8163858959
87.2470792379
83.8103428811
86.4529718576
81.7075429889
75.6576613494
83.9311445373
84.8548854033
80.8751886719
82.0274646042
79.8930870859
81.7589972036
82.4793271368
82.3460618399
85.6774434370
82.4065986965
84.5655837974
86.4370724435
80.7326624315
76.3324862804
74.9284753771
85.4850853139
85.5009887675
84.1739774276
81.7023914439
79.3791248966
78.6875009028
83.4554752988
81.4960791840
80.8747810093
84.4945258561
82.2610543291
83.5900278162
83.1536890760
86.1885189299
80.8597065536
84.3128036821
83.1679804163
80.0486094657
84.6391174565
74.4588046667
83.4364528496
86.5249312009
80.1835824786
80.5395722659
85.5794518925
79.0860739180
79.6694350627
76.7900277745
79.8126145578
82.8479601692
86.6729981656
77.5080152717
75.5704578854
81.6227726105
85.4167308494
75.8308676805
84.1615045078
82.6040011882
84.1037899198
86.3780211256
84.3229856135
82.1941605074
83.4975503050
83.4186793806
79.7164579231
87.1057599461
80.4269462328
83.7882065809
84.1682336521
80.3579407650
83.5251454836
83.6867354906
83.2350137726
82.8910977798
85.6933592506
80.6031912746
81.9999317038
81.5586894735
82.5901589809
80.3120677271
84.9219130877
86.3124893806
79.3009936662
85.6996096296
75.7655276284
83.8106099925
80.9593104836
82.6820490407
82.5818244345
81.3266053133
82.0963975526
81.4817488232
82.7605248740
82.8579530059
82.3751356880
84.7240486806
79.3792990639
84.3290889505
81.1364842549
76.7020897229
84.7666026181
79.9910482371
84.5901473505
76.8109941344
76.0516248675
83.3205377622
82.3367994465
77.1560311038
83.2937751598
81.9752781252
82.1165802941
82.8440215444
85.5627387374
84.7802546853
82.4362660203
81.2445186354
78.3703672288
82.5018903977
82.1979222942
82.2180330633
86.1555414689
81.7841051733
84.1218589541
81.5934196430
83.8094433365
86.1563110350
82.2382084834
82.5011880827
81.6338111122
85.2098504719
84.0935873236
80.6719737640
78.7415509158
85.7331889222
81.4541955802
81.1154728681
86.4556844958
86.2352043332
84.8814724260
84.5755961275
83.3939713845
83.2226610356
86.9546609338
85.9865761525
84.2453099023
84.9218070588
80.0725192903
83.8126126461
82.3958515845
84.0264629438
85.1920664643
74.3565454708
83.2771237656
84.3706001232
83.9745300306
80.7096991571
76.6036798860
88.5173744156
85.3593824583
79.9683547906
82.6208930117
76.6319271023
82.3534137805
89.2692213284
79.7140064468
83.0241723447
81.1593585898
81.3203153276
80.8182186355
82.8166184860
83.1255357421
82.6716784293
83.5737927285
80.5742960160
81.5318364313
87.2006032771
81.6720522187
78.5007548390
86.0557778777
82.1382991247
81.0278079304
84.4602404136
75.9180722857
85.4234928712
72.6380389108
79.9939765731
82.7730888829
86.9091742865
84.3524842774
82.7690905991
83.0827076787
77.6124837021
75.8708404556
80.9567871656
77.9065149554
82.9305601667
85.2951885459
83.2920702654
86.0645707227
77.3113400710
84.5768912133
81.8287157877
79.4127513788
80.5346129678
82.2569144172
80.8462663576
84.2299479899
82.9490628277
83.5414875714
80.4971325180
86.0846755208
81.6771713115
78.4220561853
80.5122105246
77.6026999992
76.1758260583
83.8570124269
88.6083927993
82.5893404041
79.2594390802
85.8220227469
83.5218514214
75.7911604286
82.3359834169
76.7110242062
83.6007678454
82.6098625200
84.9646730010
83.9701974839
78.1988548426
81.7415371040
83.3000924760
78.3628041620
86.5460907534
84.9785465015
83.1597342614
72.7976316034
80.2390839396
84.0470421775
84.0813325879
77.4857118257
81.5046447512
79.5484437742
83.0692979869
78.4734459837
85.2050879693
84.2467153986
71.2901290095
84.7967837599
80.0804231780
80.6063531302
81.5659667835
85.5018296513
80.5450691781
84.9801789340
83.9428704636
73.4451726040
83.8752004121
78.4051260337
78.8662595467
82.7473231603
81.1259981870
82.0178772632
85.0185828063
79.7860894706
83.1139181142
85.4468230369
82.2013128864
82.4871456621
82.5744876758
82.7496303727
86.0052284715
78.2958268068
86.1038678995
80.1874423615
79.4156503009
85.1378756466
81.8391641173
82.9869398535
84.1633861850
83.3764765599
84.3829505152
85.7934863514
78.7826154063
84.0760030496
82.1601366660
83.9411487262
77.4429218411
79.4248308226
82.3951845050
80.0720215583
85.3654379449
85.2956564181
82.5775179749
80.0863329502
74.4652430531
82.2789313898
83.0486068073
79.7922565276
84.7796796164
82.7691759001
82.2388899707
86.6367651147
85.5180005470
82.9975675348
79.5332688364
81.2188734881
85.4148961778
85.4903151964
81.1728518909
79.5543143801
80.4060415149
82.3565801278
84.1231995771
81.2008187247
82.1220821618
81.1811173135
81.2788971502
76.1978334546
82.0069208788
84.0677697081
81.5064636744
75.6310415018
77.6837835897
81.5253381577
82.8854267802
82.6773435735
82.3822953270
83.4164609545
83.0429939308
82.0808225589
84.9182058151
84.7024048927
83.4970314181
83.9685532952
82.3920694432
79.8827590733
82.2042809238
80.9385898299
76.3347369000
82.0596452349
82.7209071192
85.6156763850
77.6940788553
87.5666451100
81.9677680939
84.0703689875
82.5928313594
84.1087610147
78.9913681361
78.3809901378
84.0264880499
85.1482766533
79.9806870633
74.8504202959
80.6312629807
82.9019863616
79.5309505655
83.7532996906
81.6485446900
81.8344184239
80.8752876012
81.5620112975
85.8947786753
85.0759787769
86.1604536644
83.8404235042
82.8850704219
79.4316953660
71.0157422132
83.7118830985
83.6561045403
85.0184921826
82.3915127639
81.5616226186
80.5391004209
83.8676220609
78.6954994954
82.6098544166
87.2814697124
80.7113635513
84.1960105857
82.5875349041
75.8053970541
84.3421153456
82.6946906836
83.8134737622
83.1755735487
81.6177323403
78.8031692065
81.4258129620
83.6726508614
83.3807092004
82.6111923968
83.5075160360
82.2495439956
82.2727811387
82.4832424212
82.4240431398
80.3132079687
81.6977518848
80.8896130243
81.2909071589
87.9985010320
84.3883633370
87.0715944807
84.2620271251
83.0614288934
77.7482531767
75.1250549405
87.3089494536
85.0584228762
81.0527653527
77.7972250788
83.9612382280
82.5887026679
81.7079333951
78.5689894439
81.7877536408
84.1363173958
82.3572927329
82.9240885717
82.9238607997
80.6586961972
81.3682470415
85.7471068861
85.4030671153
84.4405740110
80.6838749406
80.0461620895
79.1231111467
82.5358035881
80.0153305156
81.7939839494
84.0702692270
83.4464876580
83.7891172924
81.4327218681
84.0426920955
81.1236969338
84.2248199648
83.2036493742
78.3805806528
85.1547473516
82.3408823501
86.5575092570
82.0133731230
81.8613850247
83.1233831560
83.0575017165
81.9167007202
84.4414915961
76.1330648773
80.9086971263
78.1669718695
84.2499246518
82.1944938196
79.4820214218
83.9635104903
78.9333782324
82.6185793569
75.6601408405
79.7491436612
82.6593640693
88.4899763688
81.6349856166
81.6116667372
79.8716482349
80.9149284745
85.7131310536
83.9445721556
81.3191098427
83.4261109919
81.1523508564
81.0161867770
80.6857505197
84.8394187743
84.7403986901
83.7246177750
82.1555604582
77.9194700310
84.0417204411
83.0590364531
84.0877949730
81.7821485308
81.7357406359
84.0035046125
80.9759171057
80.1844329558
83.3213364142
81.6103224852
85.9734340719
81.9402759526
81.0439137769
78.6917195155
79.0151607832
82.7492053439
81.9670019505
80.8010549111
83.3832868527
85.4435093062
84.1136867623
83.4469569799
84.9083869580
86.9856887479
76.6957504046
82.4228005445
80.2486270749
76.1408609975
79.5182310832
81.6598033778
83.6290267020
81.5543383852
75.2121089258
80.2302612820
81.7139280172
84.4830596822
83.7373369656
82.7794562967
85.8431411119
80.4992522105
77.2103702047
83.6421355417
85.3812640645
80.8183033374
84.0918845981
83.5314185790
84.9348473433
83.3227902376
79.0116323554
84.7075586594
82.4193034488
79.4332173161
79.7521703883
85.0357045940
84.6200011467
79.1582023751
83.1759866292
80.6498162622
83.5191126398
85.2041362879
81.8052283450
82.2394654991
84.0735098663
82.2131388799
85.1414305162
80.7770398462
81.6941377995
83.6143165383
82.8765041565
84.7582698504
85.6958157551
81.4586535129
83.3452997893
84.7649914381
83.1781888876
83.0800220115
83.6224351672
80.8145155386
78.4781699094
72.8177501688
79.9972556375
81.7793579251
74.5641570345
82.3083477417
84.4090006748
84.8143092346
82.9173455372
83.0353330860
77.2945834198
83.9167739541
82.6491209167
84.7902162271
86.6600848871
85.7743756376
83.5084313765
86.1603899106
80.5385508555
83.8317425728
78.8921892414
84.1783317181
81.6338111122
80.6029046406
76.9966913111
75.6222903957
79.0720865947
83.4734728112
83.1044734427
80.6375255242
83.2619755082
82.1271161776
83.1133653847
84.6753725783
82.7850806657
83.4850314289
87.1810953069
87.1630157569
76.7564305061
80.8973412669
79.0224547055
76.2816536104
79.5700567323
81.0422117141
84.6997192903
82.5655269156
83.4501796552
75.4343536443
81.7819137952
83.0850974055
80.8310048533
81.1338020383
82.2053447943
85.7522458905
80.1725536128
78.6606964463
80.9559589335
82.5184324380
73.5654951391
82.6160462515
84.6673896717
86.1287354965
82.8276542769
83.8660841328
83.9904514763
83.7961053894
85.6213035410
85.0527925742
84.0175059403
77.6832664638
82.3649887635
84.7526135054
89.1814924250
72.8964333707
82.9719614861
85.8412968788
81.9441619049
82.8192013250
75.5971915432
81.7495521256
84.1931726408
84.4847519569
88.3605106400
82.6420388089
81.0396485933
81.9696839780
79.6810474827
78.8066588197
77.6743075575
82.2614597009
75.5975362020
80.7085636102
81.8782257459
76.6127504179
81.6931700467
80.3341211874
84.0280838509
82.7540007836
86.1206657045
83.5321217584
81.6617332281
86.8084006391
82.7619736749
82.6815323102
83.7934415483
81.1517886727
84.7445335300
82.7653802348
79.7489701268
80.9978175435
84.6861698768
83.0835698978
84.0402607023
80.6804200969
82.3393132767
82.0210680609
86.4714550945
80.5765535527
85.4173099862
82.4346596246
82.9725272885
83.4146079608
76.0686492810
84.4725122182
80.9336144962
75.2273052587
84.4573122493
74.5001914905
85.1181687251
82.5737723167
80.5717361675
76.9500747586
79.0104453142
79.8462300430
75.8874893766
83.6784749262
85.1568970076
82.8729458197
83.5901010787
83.5932914294
82.2219651774
79.6743234254
84.9644492814
84.2275791011
83.0432690005
82.1200900543
79.3231274359
86.4444544877
71.5336407459
82.5625948642
83.3256968007
79.6668083214
84.2753701148
81.6162971635
80.5318744532
82.6704540156
82.0629644441
82.1941656684
80.5122461023
84.8159356315
80.4047237043
78.1707130835
79.1392488460
78.1843172082
81.8177780793
79.8685335043
87.6573828971
83.2502396467
74.5370166853
82.3641343099
80.2750365196
76.3774205048
80.2043287674
77.5727300360
84.6182667292
82.7429675696
76.7411382650
83.8715869534
81.0448424637
85.6854960141
81.0964687231
81.0434935865
77.3872565471
80.9902939475
83.4629091202
82.2632406760
82.7541619246
86.4695581667
81.4962424432
73.2418911294
82.1412954228
82.4134670279
84.8118181527
82.5424831603
84.3831240974
82.4860382220
82.9503805772
82.3558670215
85.5517078055
81.7640188966
82.8283427919
78.4359626601
85.0297050229
82.3682355393
82.8746649064
83.4692887184
79.7890401604
75.1472546044
80.7991338440
84.5511779499
80.1767735879
82.3831566250
81.7707888560
83.1395929974
82.5344062085
81.3002267671
82.5723114354
82.9372034565
83.5354541791
83.9661163468
87.4260083977
80.6452462239
85.7157412376
85.1548424019
83.4132931928
84.7384196345
83.0091949249
82.7505844507
83.4130261208
83.6686722073
82.6731885738
83.5669335249
83.5866238234
85.4925379024
72.4959725479
79.9863564116
80.7922225195
82.7477027686
78.9053132969
84.7540012143
80.3689829815
83.0918022830
81.7725238165
82.3573887011
84.0872246169
82.9632799979
81.1916488372
81.4066739649
82.8436864398
81.4096671167
76.7576469700
80.1982722017
81.0124774511
83.8916976926
86.9196880872
84.3082164493
80.8484378899
83.3455580742
75.0879697363
82.3794085169
83.8908716136
83.8520233714
82.7640159568
84.1431310978
83.6341849791
82.9755381858
82.5131371262
82.1259574868
81.6084072284
86.0747731755
83.9804710601
83.2629406971
81.9434308221
85.6858841210
83.7827763590
85.4066623555
78.3231485577
84.9819223047
83.2576368838
80.4657252387
80.8221493750
83.6907048298
80.8673300693
81.3667667548
80.9300185885
80.8216555625
86.0902358273
84.8751069517
81.1818418210
82.6195848737
83.8728305192
81.6945081901
83.0753248107
84.2615912285
85.2058054640
79.1375636873
82.2985263752
83.2630861198
79.1007347507
84.2674784938
80.7941510904
83.8822321014
75.6134581171
79.0200604561
86.3376618895
83.3432315851
80.4932201528
83.4042141088
82.8663871134
82.8177735543
85.7329020019
77.5670410756
82.1716059028
82.5719353066
83.7825029092
83.3650082851
79.8778675283
81.5424373352
85.9444836506
83.6995653969
82.2523540444
84.5303711181
82.5726648120
84.9571877178
82.8260940683
83.2378139978
81.7204419650
81.6710778534
82.2081094799
86.3127354771
83.6485451414
83.4986896740
85.0973771280
82.5732048251
81.5227580051
82.3207134910
85.1929992860
84.6055466124
75.4733597882
83.6570399147
82.3580145345
81.8592445957
85.0587848188
81.9614171067
78.9756200463
82.6093184975
84.8762558677
85.1024531930
82.5687764292
71.6824384975
83.7009448613
75.8704691249
84.5077098784
83.4158450339
83.6740575865
82.6580101238
77.8265353118
78.1076852356
79.4421091962
77.3577552565
82.2597082493
75.0511077748
81.8999494830
81.2819628922
81.2273151045
84.1945487627
83.7003561765
81.7019809001
83.2635041539
80.0894650079
83.8601132867
85.2906064771
81.5295391383
84.4008989905
83.1255114089
78.7655146099
82.3128173839
82.9981918276
84.3873607256
83.1465971623
78.4437631364
81.8666173215
84.5575520616
83.3341015094
78.3447089256
83.7814887625
82.2798165590
78.0971881204
81.8576057354
82.2046219652
75.7056307178
78.6146823081
81.6507237251
86.6999570291
81.1976991725
86.1628884724
79.0681055926
76.7035625587
83.0654234134
77.7800494483
79.9805087103
84.3974493018
84.7037765489
84.9750424993
83.6710883328
79.1498474690
84.6070226829
84.1026168723
84.3529911412
79.7689226860
86.7250978082
84.0338358435
81.7878900807
84.0853550240
86.3687338654
81.3541068278
81.4907762311
81.6868411652
79.9166003720
81.0158663589
84.2457253718
75.9053098044
80.5471040965
83.4760447977
79.1405150529
85.3916078639
78.7349594092
84.4823620854
82.9792158818
81.1816181598
74.9515590422
82.7154810615
81.4568655107
82.8144272326
85.9051177269
80.1917991939
79.2311068330
85.3184793247
81.4399875728
81.0045351314
83.3399127275
83.4224513504
83.2188685476
80.6460658050
83.7082981541
83.1882846145
86.0838768236
84.1946640777
82.2991924456
82.4048699370
83.4700388647
81.5812406590
77.6814856490
71.8197934561
82.7201433658
77.3715022997
83.2833944499
78.0916473808
83.3628040339
83.2039628232
78.3718922376
80.8014277737
85.0091357187
79.3897144972
79.7942387963
84.2335710267
84.8050380619
83.0455192238
74.8961246853
83.1141464969
81.2544326022
86.6987947566
85.2373432482
82.5834805357
82.8920668203
83.9036895403
84.1236425182
80.4391377274
83.0703508733
82.8912759320
83.2050158762
83.9974270870
82.2666351375
84.3347267807
82.3023967602
82.7629425842
83.8185166722
84.1808859130
84.6745137129
81.1529711289
81.5208565529
76.2959773671
77.2223406964
82.0532870648
82.5367485238
77.4548624265
78.6611466274
78.6193215407
84.4030736154
85.1187518282
71.6798210067
78.1358938152
84.8944778727
83.8545280042
84.2027669849
82.6565663069
80.9609408874
84.4579189337
82.3687886337
81.1837273805
73.9245760618
85.9352471177
81.7860196228
83.4587434112
82.5680103697
81.3679859438
81.9023022948
83.0617130489
80.0073031284
73.2537568067
84.9999910633
85.3479626472
82.4597732477
83.9322564771
81.4363865540
83.2591712128
83.7457578899
83.3597393757
80.5631864228
81.4288167343
83.9640902933
84.4601421271
83.1343526403
83.5619998082
81.5022374779
85.9331215467
80.6971873017
79.3176784633
79.9776267714
82.5995686311
82.8252337745
82.3533837432
81.4458452905
80.2790528235
81.0559949944
83.4245305623
86.0656829783
73.8646703301
81.0698728122
84.1611856082
84.4660834714
84.8678677943
82.4600154497
75.8459913241
76.1476493131
84.0384743260
81.7253349311
81.1637614737
83.5627071618
85.4589695458
73.1688309778
84.2348799326
83.1715163256
80.8939509785
84.1102496770
84.5670079503
84.1656485236
81.7470086847
81.9999440670
82.2966102555
81.3895949176
84.6413131606
76.2718796783
85.3183939847
82.5260778132
82.2323645612
87.4221748023
81.2331479244
78.1349849737
84.2612985212
80.2574543371
86.1211775277
80.9843650664
75.3325808618
85.6991886637
77.5243355692
83.1020914956
82.5551605646
83.0471382389
85.1184188042
81.7276616716
76.3740546604
85.8544648827
80.0053278532
83.5344227902
83.6281141880
80.6977946752
80.5488440732
82.8497617350
81.2101372996
82.7529937175
81.5195855670
82.0256206137
81.1906919953
83.0986769680
79.3176784633
82.8111959452
85.1062405723
81.6830249177
81.6321565392
83.4027317010
78.9260198007
82.8835279654
71.3506545665
81.0002805207
81.4556826271
83.1837784925
82.0223664208
80.5602105372
82.9435124964
82.4979013751
82.7165127377
79.2034986605
71.5747488079
82.0628528341
73.6629770204
83.8916488282
84.2625419945
74.0432050534
83.2298705304
85.9223697033
83.6086131743
81.6688500623
85.5514222950
84.8879038278
82.8072046036
83.3895743287
84.8638183052
83.7519859029
81.3100240774
73.1092943530
80.6124761865
82.8809793731
82.6267999376
83.4912417983
86.2527116681
83.2270260692
81.2635555514
81.0113895967
82.0487704617
80.9909418304
84.1448217123
79.6746247185
80.8022991258
83.8076073052
81.1268012596
82.5426471557
85.8450654166
84.5087169086
82.8822450452
83.8675749539
82.2308706108
74.9531398990
81.9803542855
78.8972872128
86.0698892711
78.8723407343
80.2004419724
87.7679930313
84.1244023405
82.5296279682
73.9389915532
76.6569380690
83.5059643548
69.9500456034
80.4732193538
76.5824608088
82.2913026832
79.1451297187
81.0824564216
81.8202309042
85.7965778646
80.7960533142
83.5480914785
77.8021572120
83.4681474926
82.4591350901
82.4695727521
79.4497972056
84.3785395700
85.4326702729
73.8679771498
83.5037114418
83.9864550555
85.0215481176
81.3723012522
72.3186622243
82.9798717041
77.6106466723
82.0178772632
82.9638123841
84.5296597235
83.7094011616
85.5491495973
78.3575808077
82.6469420909
78.5157324433
84.9276190449
84.1956513186
79.9851206179
78.4757808247
81.9371807853
83.2485576244
73.6132469022
81.3070292517
82.1315595187
87.4175299753
86.8430356631
81.1738002878
77.6087196201
83.1736145974
80.7478799534
80.5569008965
72.9766359593
82.0861367802
69.4927117868
85.8467639370
81.5692358460
77.8621659905
79.8423360744
80.0556165094
82.0798132526
74.2981043341
81.4610095703
80.3470128910
77.9934553318
75.0667344132
82.3176391449
83.9826325070
83.0212543137
84.4418994528
81.7225183054
82.8995827778
76.9941300318
80.0226669218
79.6531468458
81.5419771406
80.2233804131
85.9279449828
86.1935144517
82.6033193533
80.9192419222
84.5543942510
85.6016772834
87.5804005730
83.6752378012
85.3218861375
74.3675924582
75.6514590574
85.5961061604
83.0975618438
79.6713314787
82.9114567456
83.4842066129
80.1400773976
85.9697927865
83.9573793594
86.0884369904
85.4570170178
83.4859399605
83.8060747515
85.2293442216
84.3506487297
84.3090100786
76.1711943213
79.8328831870
82.1480627784
84.0423337763
78.1565510706
83.6244573093
79.6287899209
85.6267851083
86.3310006986
81.3559773906
82.6606782901
76.3046241233
83.7997931010
81.4999459720
76.2134498889
87.3543230866
84.4547928208
81.9939252729
83.0950964337
86.4157930583
83.2734471247
83.7202391344
73.4719741935
83.5145648559
80.0752198532
83.8393470572
78.7013314382
84.2717427043
73.9387934161
79.1340124338
85.8362252765
80.7323064650
81.9283781608
79.6221292333
78.7720937654
82.5460382975
80.8175372914
86.1571027823
82.9062960742
76.2961134520
84.2309160281
85.7024123715
81.4083129406
85.5822426403
86.4226500588
83.8084340126
80.1962599827
85.1337666098
80.1963666421
78.5929761408
85.8186405852
79.7279450291
83.1237102727
82.2708365207
82.5422033461
83.6695542732
84.1406499350
78.6047102975
84.5260002895
84.2966651257
83.6742123303
83.5792202054
73.3462893661
84.9263231697
78.5723010550
85.3656815844
85.6263863442
82.1522397785
83.2286110540
82.3215440353
84.1093997677
84.9321685599
82.8416557264
82.2291609016
87.1301027436
83.5247854978
79.0235117861
83.8326112610
84.4787609790
84.8103121120
82.5253791314
79.0532277063
85.1597289291
81.5268312387
81.8481042218
81.3413146509
84.0862039613
76.2019587523
83.7603405424
81.8047659312
80.2630229782
85.6153940267
84.7870194515
84.2070846666
82.3940639247
84.2943940726
83.6023734838
85.3207749012
84.1451980717
80.3650758423
84.0156222030
82.1593507512
79.2041289252
82.1186549685
86.7210732690
80.5215108309
82.7918008569
82.0638929047
84.9116580592
83.0068562641
82.9383104150
83.5143080591
83.1600317821
83.2238149266
83.8537325825
83.4813748200
79.1615829264
83.6881325759
83.1212631975
82.5049226904
74.9323806212
85.7216328451
86.2924074185
82.4938200628
81.1420864910
83.3952498639
81.2881843201
83.4219387755
84.4219303553
79.4771759216
82.6119302224
74.5812003618
88.1933354674
81.6569478308
80.8628459296
82.7019380383
79.9183107108
83.6735280717
85.1913039769
74.0354273092
85.7287116274
82.1967021217
85.1111506428
82.5274303352
80.2782647666
83.8643292138
83.4024695132
83.4712015898
84.0611205312
86.2141485080
82.2994936765
84.8492671402
79.9564969603
85.4420146036
81.8332476619
83.1426245587
83.1014350195
81.9138492713
78.5575895838
82.1555604582
80.7830062117
82.7578046355
85.2481975486
82.1342619569
83.7961053894
84.0464436141
86.9884843665
80.0376820059
76.1783045347
87.4069856279
84.2108295902
82.9965460827
86.5570832584
80.8380423853
82.2223182565
86.7618299161
86.5470004830
83.4479410296
76.7614625461
80.8266427066
74.7496555013
78.3533511459
83.2884231272
81.0599176668
84.1837130697
82.2614597009
81.9070825320
84.8807827315
82.1464099954
83.4941656821
83.5683420170
80.3677224976
83.5129514138
82.8459802190
81.2509522959
80.1617024888
83.5521274226
83.7108425999
79.6416722969
82.2065943604
87.8821310756
76.4453797057
83.0552254422
82.5722699577
82.4702336694
75.1349510145
77.4655126731
81.5890279203
81.7164631927
86.1818871520
85.6717693196
85.4663306654
84.3964435082
79.6999850782
85.5933677645
84.8040054052
83.9446127953
82.9462311232
83.4571406701
81.5764642830
85.5152772375
82.8354637360
84.1417234262
83.6474954301
81.0040183305
80.5307006650
85.2053590102
83.9254782829
82.6501770740
83.9316461453
82.2855240442
81.0660701416
80.0496777386
81.2341071464
83.8562973505
76.7571826202
82.4269607415
83.8743535422
81.7590521372
84.6821632969
80.8985131306
82.0082488524
82.3057240946
83.5000680439
83.1602225815
87.3824455349
83.7607589400
82.7220232468
81.2451319247
80.3993620397
84.0554480688
79.8130069371
81.6664063716
75.2948598856
82.3161084108
77.9231618519
82.1079736627
84.3227615405
84.9238567456
87.6354175473
76.5152233906
82.6976414121
77.6808674994
85.6516974305
82.6199423115
83.1108690680
85.1845046531
84.5310408847
84.1560638050
84.7538723305
86.7072100672
82.5228161164
82.5546149387
81.5941982977
84.7832964307
81.2171265849
80.4350980360
73.7581815169
83.6187593916
82.6699837256
84.6297422275
76.5914493843
82.6130658845
82.6663314786
85.2778662968
82.4413105233
80.0487493682
83.0863861500
81.1733790962
83.0076345934
84.7782250800
72.0432790862
83.6236638134
77.1792744030
82.9130896637
82.3673325316
82.2753369347
84.6244321347
85.6407238964
81.5762977184
84.6186976511
84.7039835666
81.1824686249
80.5608191924
76.5712702311
78.6178797148
82.2551884337
82.6949974584
78.1473731567
87.6639143963
80.5374116643
82.3843223093
83.3272033676
75.9795964893
83.5517312625
83.7286750577
82.8888358383
79.3913909385
88.3698654565
83.9392806348
85.5240501655
85.3790814766
72.1623514816
83.2281892707
82.8182298034
74.5001319208
81.1294175342
78.8359109638
80.7127087888
84.6243352163
85.4183365703
84.0168250726
83.4427432574
92.2317375898
81.7869535310
84.2890647067
82.0838120521
85.1466116667
84.0883985118
85.4355110653
73.1601878934
82.6217018431
83.8977361518
77.0722811606
82.2555304754
80.1708789720
82.9319530092
85.2661433955
84.7052424552
75.9316220338
80.7644472464
82.8471629851
83.3945616905
80.3438724224
81.9666926497
80.1425145927
76.5509063922
82.0654653961
84.6901616181
81.7885415910
84.3423398710
81.6618424599
82.6528141481
79.7844258353
75.4084543947
83.3510928813
82.9094976867
83.0114756845
83.9266296672
80.2516776246
81.6264287456
87.7461583176
82.0589083851
85.0229581701
78.8630118761
78.5284157246
81.0679675287
86.0601813477
82.0217400589
83.1738284115
84.8386796773
82.3073007619
72.0554251438
84.3360420240
82.9477325376
77.0569971991
83.8435742296
77.4543706975
82.2873280079
80.4535965509
78.7837421031
80.7580982832
78.6024625555
85.5626558604
82.5349307263
84.1904768654
84.4622509422
85.2791048747
82.5337652835
78.5855033240
76.8186109625
83.1544992632
82.5765405002
85.5794518925
81.8946190986
81.5634343092
79.2234010050
78.9736535244
73.2714649237
81.7881351193
85.2982137159
84.0475056895
80.6487876056
86.5416522413
81.0161510014
79.3751000536
74.2951900346
83.7761521912
80.5189009007
83.7716735900
80.6000325500
84.1175052844
81.2041851123
84.0528189602
81.5634104081
84.8395528813
83.4122509302
78.3179049145
79.9135565852
85.6826644055
84.3033641760
81.6437949359
85.0904458265
86.2481999193
75.6227396896
85.1971707960
76.8062423665
84.7355533363
84.6492375661
78.8672898671
87.8004402189
80.8674946247
84.1480214992
82.7145483569
84.5638030984
83.3601072759
81.4065329385
83.2415650845
83.4263379185
73.7904403786
77.8108970554
84.0309564692
82.4847545599
81.9659314648
74.6084517020
80.1335954796
84.1377753231
78.6658128586
82.5128642737
82.9101264855
89.0256915422
84.5679888750
82.5123798451
81.5048022073
82.5991987212
79.2672339940
72.3851247571
84.0191378344
79.7493609119
73.4413007661
83.9621990862
84.7691461902
85.0321610334
83.6905499030
82.1682713086
81.1616442368
83.9572909710
76.6199240796
81.1959669027
80.5475136133
81.1918703217
83.2208950349
83.2915819287
84.4569987200
82.8997355707
84.8246867660
85.0353165083
75.9454105671
85.4518310182
77.4660914805
83.7899892515
81.0544586030
82.9457969435
80.4108625898
83.9079474117
82.8334798679
78.4108391168
85.4696783779
85.1614199745
82.0465645302
83.8713018980
82.9479050691
81.7376358594
84.8721645378
85.6654321823
79.6258898668
83.5055397779
80.3743550351
82.6436520382
79.2902512010
82.3195344828
77.7906077042
85.4128963917
86.1853784724
83.9406390337
84.1040008094
81.2878120812
82.6825569761
85.1507680194
84.0691812070
72.8127905860
81.7691226543
76.9299575480
88.0572275298
77.4468045153
79.0913859873
84.9278925073
83.3721665669
80.2792216286
84.9957534145
80.3218913674
83.6544273876
82.6528668143
81.9641822869
80.4031602911
85.6913901321
84.0165394721
78.2209797810
80.3075481563
84.9765428451
81.3273357931
81.0141194792
80.4232502988
83.8838124021
82.5776165596
80.4412392486
82.3932154823
84.3096621045
83.9389209440
84.7188729482
83.5219748638
79.2769824119
82.5772210799
81.6298694738
78.9708996410
82.1953387864
85.0817619584
82.6142873787
83.2403032779
83.3601681352
83.5468935351
83.0124267418
82.8609963058
85.3648844509
81.6258258333
80.8086507176
83.2778796864
81.0933202696
75.3495098650
82.5851163006
83.3213535842
81.2487865594
84.4031869044
73.5431586264
77.4080751738
79.8088236068
81.3836820168
80.7761244757
80.8831069957
82.0447118801
82.6889033794
83.4019872902
77.0084148764
79.6219602518
82.2952773205
85.6018260833
82.3380664937
85.0921350924
80.0677628390
81.5107124087
79.1253691152
81.9031383149
85.2280480831
84.1036930147
84.5391486999
81.3556654448
85.5014494757
82.9331447659
78.7088475545
82.3116159344
81.4098107702
84.5598580292
80.2615204225
77.0250444704
87.9161401982
79.0347908482
83.5196557386
83.0519019418
84.3999650640
82.1827726717
79.8053942204
80.6955935996
83.0486068073
83.4009482223
75.2801425744
80.7066422309
83.5786530828
83.0637474592
86.5063775622
73.9624063639
82.4935942877
79.0579457917
79.7703095619
81.5851885206
84.2054884019
81.0623761802
86.6775789641
78.3776385469
85.1543042419
82.7995884251
84.8987904596
82.8970302588
83.9684579397
83.8697705483
73.0566759176
79.8732332191
82.7887132156
84.6379752719
78.6267497024
87.4092585944
79.3441021673
83.4124368340
84.7040907640
83.9813314107
76.9348272954
73.6949724625
83.5380144277
83.9495682254
81.6868349895
85.3133475217
82.8914047842
79.8749648427
81.7000025842
81.6836628814
83.8374644612
83.0815645201
85.3962979765
84.7181595158
81.8515709939
84.0025203926
79.4358015562
72.7701665931
79.7354813754
84.0405382005
83.5155541583
81.4051688379
80.3335545862
75.5955475674
83.6274129382
82.1301446669
84.0246309967
80.5194762957
79.7523035553
88.0186212672
80.8761347128
83.4549377705
83.1343444865
83.2601556642
84.6776533552
83.1999890784
80.8240678251
84.8185180587
80.8893450420
85.1059057629
73.7501584320
75.1965134470
83.6936805109
80.9335277200
80.2226220859
85.0298381289
80.9651788176
84.3398313430
82.2469440932
83.3402742646
84.7648992201
81.6155175908
85.3723967944
82.2562856612
83.1426763333
82.8578302978
86.3238795596
84.1458340173
73.0874215352
82.2634099557
81.3324452759
80.7742577594
83.9313689416
79.6215053023
83.2977452881
75.9109331773
83.0234264755
81.6252139916
84.0796999899
73.5224620772
80.2031993142
82.3122078950
85.6930955054
83.1145399773
82.6889204483
86.3268160215
80.1828182328
83.8903161389
83.3502903679
82.3080596721
70.9169949934
80.2994064707
84.1773598143
79.6288124358
81.5913790903
82.0025246026
82.4850904044
83.7252569932
83.3939731278
83.1155449491
81.6035922325
81.3086904332
75.3859086480
82.8439851402
83.5815588723
84.7589350726
83.3835146859
81.8241370349
80.8644856604
83.7639962810
85.8993422941
83.2427615859
86.2076628924
82.0924021399
83.2497188817
82.3265456092
76.1164290628
80.2912517314
82.1704908249
72.0208037587
78.3407985914
85.9531778205
73.5041097763
82.0185259433
82.9167706194
81.9916221322
81.7255456502
84.1499515592
83.1979915961
82.5785966255
73.6639749085
80.5253333008
83.7455383620
82.1108804101
81.7829168371
85.2545499725
83.5827615943
82.7537150654
84.1483970033
82.9186546572
78.2862281997
82.3969214044
83.5889855355
76.8238940712
76.5498022317
82.6820545637
82.0223927398
74.9606537318
79.0116472528
74.2353277860
71.3100285874
83.6054018309
82.8234354842
83.1492987500
82.1759223081
81.6142105995
81.1423266042
87.7584560414
77.0075690524
83.1427593864
84.8533398395
82.2062946144
82.7365698712
73.5753307349
80.5407219521
82.1514609518
76.5605621817
80.6903791712
82.5704903477
84.1103586133
86.7608466849
84.9015151830
82.1133660135
84.7128731239
83.8010401375
79.0471864863
81.0316841193
81.1721964943
84.3669879800
86.4111519109
74.3025402938
85.2631536812
82.3114621807
76.4420200092
82.5394825513
84.0176509341
80.2351160879
80.5478516118
82.9721501586
77.3839344936
82.4564132416
83.5956050344
78.6133444701
85.3185849229
85.3950868299
83.6135774512
83.6928783242
84.7772086365
77.5296544220
76.3116637292
79.3752782646
81.7171728275
84.9115693136
90.5964123939
84.3844033298
82.3270864621
86.1751499281
84.6220104063
82.0216974952
83.5662624388
76.0971296898
84.9622862750
75.3925496503
77.4584867467
84.2199453333
79.2461535961
79.1311474449
83.9791258953
88.9534991017
83.5584662579
83.9876034260
81.8362330990
82.1359157981
79.8902054761
83.6779989525
74.5660146630
73.5838886385
83.1290651724
76.5199079701
83.5194526487
86.1035927715
85.7549544013
81.2820173174
84.8353973539
84.5357577289
84.0510053833
82.7260739679
81.6665002037
77.5037443925
79.2022387130
86.9826566975
84.6023837646
82.2264791123
83.3520806461
84.6411686714
81.4925778941
76.5481274774
78.3573100872
83.5627179778
81.0112578875
82.0364019758
81.0611810446
84.1155231799
83.8059437255
84.6418705769
81.8689275884
84.7443326813
82.4374469929
81.8728148992
73.8676155451
83.3797343111
83.9872784633
79.6906555076
84.9835476433
77.8523824035
84.5243424378
85.7300511174
82.2910717534
82.6836074716
79.9869048087
82.3258626809
84.2420486057
85.8517552120
81.1616968927
82.2799093400
84.8457229609
81.7424440443
81.0377098786
78.6050311728
83.8361460170
82.1260590882
86.2345728612
73.8304035038
82.6363450056
83.3146051796
81.9276834155
82.5952340206
85.0535451131
79.9625935008
81.8516236390
86.5914848793
81.3781381843
81.1541680659
73.5480959578
78.3714912110
82.0296275580
80.9091845331
82.6589811340
74.6481085187
72.8511749414
82.8139116121
83.3867527762
83.3302499460
79.6760622143
84.3477716889
78.7267173012
76.9912960292
82.1464048242
83.4004342892
77.5720752153
81.2450400792
83.6751685335
81.4861615565
83.3715037523
78.3837368040
79.6232017949
82.6810138959
83.2510797509
85.8812522908
83.7202445852
84.5383780432
85.3406581777
82.4699251877
84.2258183632
83.7534435434
83.6852165973
75.1653153211
86.3915913855
83.7954785341
78.8245340601
80.1523689608
83.8917320265
80.9201963789
75.2143166058
73.9024777873
83.6748116986
80.0887419918
84.8088267312
82.8362192025
79.5195544625
82.3328018361
77.8624061369
84.3438661163
85.4347278721
76.1461207722
80.7767220513
82.8639979905
84.4817811737
76.9208932760
84.9940505906
80.2485982521
85.0645444872
82.7848858632
77.3046147304
80.4646762121
84.4041717533
82.7230593426
84.3929342218
85.0791613713
84.5169897747
80.0549203752
86.5059494480
85.9812634297
75.4455720261
79.9507920211
83.5517312625
77.0967248812
85.5354903870
84.7145909951
80.4970263074
85.0223547237
82.1571836072
81.0096963000
86.4667268192
82.0019045032
77.7969852272
78.2614325274
79.2640855587
80.3636265170
84.2821963496
77.2338555563
84.0496568229
81.5285303126
84.7081244588
84.7051353921
81.4395887512
83.0203327389
75.2566286237
82.8727152314
77.5001800628
82.0494878248
78.4257756240
81.2609099219
84.9909131299
82.4807938389
78.4303975702
84.2845781387
80.4186789147
84.9378213349
81.7188002947
82.7395929891
80.2257694316
81.5859088183
87.7302856612
81.7037468956
82.0319992446
82.9801620514
80.4638447274
82.1531284828
84.0832483877
81.5514419977
84.3529597008
80.5315969767
83.0610360684
82.8211935962
80.5901225749
80.6361550508
82.4136140091
83.8948462359
75.8995967381
86.1024315971
78.6052552952
84.9825798048
85.5402889157
86.3607048674
75.3402750946
86.0057314219
79.3081752149
82.0101244371
85.4097536936
82.4071670455
83.2867117890
85.0716033536
83.2277712083
82.5394909952
82.4249119771
81.9533721650
81.3563909022
79.7839965976
82.4418551335
82.5004257925
84.7454390234
85.6098964465
79.3264318781
82.2694231799
85.6737668073
83.7395793097
82.7249986162
80.3879804874
79.4409974161
73.1860042808
81.5416952437
79.2619048846
84.6727988903
81.7836024099
83.4063174542
79.2624518522
82.2837430287
83.1558258203
82.8028798649
83.6983874790
81.6529934187
83.9524149877
77.6884259182
82.4498676390
81.3755928346
86.4247515304
84.7927186748
82.7932146098
81.8862795034
81.3961564203
79.7352897017
83.1220927695
80.4962618645
85.4375544127
82.6608272283
84.5131813234
85.4843916873
83.6966722226
83.8320383278
81.6531412095
85.9954240382
84.2064247465
80.8319536615
84.5770045761
84.7220723693
82.9464872321
79.6268105179
77.7384799322
83.5141262162
86.4329988251
82.8348540904
82.5757010303
80.2076414750
82.7868135865
86.7695087604
81.7273786609
82.6113279429
82.6591035765
74.0336932940
83.9726862176
85.0206803329
82.5017170993
84.2233976007
83.0750135090
82.2700244744
81.0662023629
82.7764342913
84.1623719375
82.5649730595
69.5578213893
84.2008185916
82.8798197621
82.5923230221
81.7510451971
84.7286860105
84.2442210045
82.9951296419
83.9941269799
83.7704695427
81.7960732032
80.0589679224
83.8685024646
82.8446734084
78.2183813927
84.6898630059
72.1604001126
83.6099359904
82.5114379895
82.7201690162
82.8328355031
83.8238872701
83.3620109009
83.2124681964
82.9820479435
82.3800071518
81.6104680506
83.0447495860
72.9860213761
81.6081606561
82.9386971020
83.5913041390
86.0537097660
73.8177411682
78.7967426801
78.1450070390
83.5502769093
80.5665350376
81.6469265221
76.6589634098
81.2305331365
85.7307690556
86.4319592897
81.6188083990
82.9955578227
85.5184058110
85.9395991766
84.2515387038
82.4943747841
81.8140855885
83.1487884668
84.5819051785
72.1154050453
83.2930034968
78.9865075834
85.9936805905
83.8282966600
83.6488741056
84.4841177146
83.3678093409
81.1032161564
82.5478351028
84.2655656621
81.5957497435
80.9459220128
81.9323331963
81.9660484656
84.7911415472
78.4420636154
83.8838760939
86.0276159542
82.0069208788
81.8047823990
83.7502713286
78.6961765104
81.0396485933
84.7930180199
82.3345449322
85.2817144079
86.0921868115
83.3601681352
84.4382845183
79.3367688325
80.5989431814
81.3563210886
84.4822115617
76.7639427667
84.0438608231
78.6766227144
82.2483441171
83.0204651738
83.5095926355
82.6230613331
85.6884024213
83.7427364146
81.2612593257
82.7885241736
84.8855116841
83.6289612087
82.1614320359
86.9119132148
83.8116536141
83.4541209364
79.5275218140
73.9942688499
80.8081981439
85.2169257811
83.0663207446
85.1976576456
82.0421533534
77.6472706060
79.3302498369
79.6831853043
80.6376065082
82.2184492348
74.4857292189
84.0675014105
82.7708770186
81.0493813690
71.0097179465
82.9127711562
84.4829269260
83.7677179185
82.3422115930
78.0891575741
74.6990107484
76.1413524317
86.5102859113
80.8627310652
86.7373811414
80.9843323640
82.3817174713
82.8074346331
80.5820555330
85.6962412575
81.8507464575
80.2938257480
83.1255840758
79.2312979528
84.1373620296
77.0837205223
72.8886741737
86.1122964179
70.2366556646
84.9576739416
84.1716974344
78.3006402646
83.6479732924
80.7802959320
83.5170962226
73.1702826669
79.1773563576
75.5747273280
84.6179630574
82.3013517021
84.3306463953
87.2814650537
73.1324008720
88.3010449414
84.9952121984
83.4186857158
81.4058426173
88.7657482664
84.3214020737
84.6408304341
82.5749249675
79.3651329002
84.5260673978
81.6592053952
83.8524628406
82.3683930529
81.8655040988
85.3474921559
85.1507784622
85.0659002779
80.6009614182
80.0048965656
81.8997418122
82.5441397749
80.2481958247
84.1413527118
83.1615830982
82.9260060261
83.1492837071
84.0281501239
84.0559142634
82.3889196516
83.9329311816
77.6225050712
84.3707152744
80.8237785794
78.2012448354
81.2205794704
83.6720565810
84.1840360656
81.4614508778
84.6758622787
83.4025141960
81.3325915254
84.6006957815
75.5196164796
83.0244746207
80.4393987855
79.0496846650
81.4036318035
81.7052128705
83.3594846357
80.2377578303
83.1974194808
81.4470352150
82.4541632185
81.3753314160
83.3560550660
80.3937798747
73.6461492637
84.1718680840
83.2538806208
81.6135165256
81.7489569941
79.5971394824
80.8668643341
82.2504200716
83.3380657373
85.4534815487
81.7606734785
82.5255284334
76.2799537319
83.7701434116
82.7105644967
83.4314612856
80.5070935797
82.9319903048
82.8440395790
79.2460051107
85.2492809469
80.6888140272
80.3238055926
78.3593581252
82.9384010595
81.6478005934
84.2820085856
84.5115522745
81.0650290057
83.2461157238
78.9534075272
83.8828410517
82.1465112724
81.6018205002
82.3014671806
81.4077676592
87.1314703413
82.9293497836
79.1870195451
73.0271716336
83.7099167429
80.6903093897
83.2470791914
85.2778745332
86.5080356701
83.4943012227
83.5704019382
80.6452462239
80.9232568892
84.7074368955
81.7440252661
79.4207401682
80.4823852447
83.4868598637
82.3067747756
85.0439815452
81.7754301632
81.5095871607
78.3815203991
82.6154528982
84.4148494130
77.0301171548
79.4239346642
83.3261780338
75.3644332540
82.5151266413
80.9333963666
82.7061373140
75.9893791831
85.1102666291
84.6451121221
83.5167892533
80.4055127427
84.2621660864
76.9795129198
86.2810819533
80.2896028551
81.3750867733
82.8986808906
81.7752407325
84.9441893868
79.6731870301
85.5400192436
84.0240026629
83.5831778569
83.7671176113
83.6111490187
83.1065944992
81.6171555294
88.2737432405
83.2058232024
81.3001405240
83.9830000291
78.3624033102
85.0996685093
83.7232550690
80.9933997928
81.6684609571
83.3266421455
82.7800773260
80.7723872404
81.2280863075
85.1801566637
79.5427312565
79.9540311423
75.7105951431
83.1762610823
80.9190313743
76.0620167642
84.1135661645
84.6282269881
85.3984070054
79.7065452336
81.4206404470
81.9258794296
86.6635535571
83.7202427737
86.0533674213
78.5265080637
80.4834320394
81.1647662521
80.4128053624
84.5745218974
86.0609055289
84.2230742309
86.2273435845
83.6665759696
90.4820743656
82.2982339868
83.0708038897
80.9534562363
84.5358541221
85.0740566609
79.3073197597
84.9604810593
83.5106073268
80.7848446277
82.5555293045
86.9758723897
85.7323057054
82.8656745641
81.4408131701
84.1826424494
81.5119093004
79.1327497203
81.2135138522
79.8314441923
80.9659858645
84.6884194498
86.0846755208
82.5182945675
83.6797932370
82.0957684026
83.6242249823
83.0169132056
85.3527980496
85.9219500671
88.2697679235
80.7949884471
85.3212009612
82.4198748634
77.5453878389
79.5920211711
82.9579899652
84.7167907618
79.2462338847
82.2833219557
84.7517233911
83.3574517402
82.0818232347
79.4368961627
79.7333539626
83.5522828787
85.8463178193
78.1789942746
78.0519859623
82.0776179894
77.7248223661
83.0401820567
83.4882157174
83.2860270357
86.0972536491
84.1703426659
82.8561421738
82.7201950088
85.0296400423
85.7072880127
82.1978159264
84.9665462635
80.5840315762
88.4156452760
78.2964821984
85.9720572422
83.5140758584
84.0902203374
84.7155941852
80.1567894860
77.7830357331
80.8627628471
86.4736485504
84.6879372317
82.4576638490
79.1966963228
84.9843031507
83.9417711490
84.2049465659
80.2713574347
84.0186278836
83.9272258607
83.9842992449
87.2320811750
83.6837989165
82.0235972962
81.1287185065
81.0210989934
83.8494645104
85.6493245129
82.8645312166
83.7531615672
80.1963598359
84.2903100931
79.0490112375
80.6182669876
82.5654054675
83.6373778407
84.3418519979
83.2241832452
78.7803176600
84.0719323902
85.2669631969
79.8934203980
83.0211226789
75.8302599852
82.3718797849
81.6617721871
77.0106543575
78.5206637234
86.0450847477
81.4932257288
83.1820613789
81.5615201298
85.3043436913
81.9613744146
83.4723240309
82.4445715554
87.4516248010
78.5468486066
78.7673594092
79.7435539933
76.8103429005
80.6468481832
82.2982379912
85.0777464784
81.8777205049
80.3224926654
82.4419606117
85.4274341681
84.0295700091
79.5057474642
78.5026766470
72.8858065290
75.8877265608
82.4871521990
81.3403535205
86.8436235174
81.2711067746
83.1843267420
86.5348064691
84.2208974523
83.7857293731
84.9055772305
77.5379209501
79.9203060433
79.7012944931
81.0786966838
79.7132357934
83.3787060441
85.1680520305
83.1860917876
82.6406110810
81.0367934437
78.4056341461
82.7837778327
81.8770654014
79.2900809193
79.6255046678
86.2407087514
85.0623946512
83.3280786503
81.8177322471
76.0965118085
83.7758366852
80.0306366254
88.0470155233
80.3905421196
73.6256074966
81.7071139739
80.2922383039
81.6871697916
83.5717982339
74.2269508366
83.7189358651
84.4623616060
80.5446526720
79.1077127084
74.6388162000
81.4518191986
83.0224950982
80.7757278825
78.2481283265
79.6139349908
79.5733254787
79.3526818144
79.1836391406
85.5822495841
82.5667169083
84.5318411273
85.8028271920
74.3698500829
83.5130287226
88.2677856718
83.1458245062
76.2671208287
82.3379890949
83.9137185462
85.1291411848
71.9832890129
81.8279384148
82.0531394310
82.0794104692
84.4596241123
83.1799614714
85.1477893897
83.4640121869
84.9449909168
84.6638382719
85.9488150342
80.8924459269
81.2946399322
83.0852138798
82.3294954862
83.1641577856
79.9615783245
81.1380139932
82.6307546186
87.7289026157
80.5309673865
81.5968942161
80.0605347889
84.3395392934
82.1385345619
81.8776270968
84.1855070387
87.5230922279
77.6116057523
80.6252181335
83.4130222314
82.4953055245
81.8119309858
82.1570729285
83.0297336488
82.4934303181
82.0436845858
83.8585593656
79.6099070398
80.7879561153
82.7723662044
83.6989912091
81.4146557285
84.1801995137
82.1639408642
78.0690345010
85.5404142645
82.0863038641
82.9471756999
80.7632206037
78.4289509377
85.5710715504
76.5929962079
80.3034017845
82.4882635823
81.6256184191
81.7728741556
83.7556454858
85.2958120423
83.0889850398
83.5875912177
82.2636066849
83.5512222774
83.4433781227
84.2972652983
79.0116622792
86.7051630366
88.8945473749
82.9714083987
79.8084654712
83.7144839378
85.1175759412
84.4543541732
84.4889132075
85.8636866069
79.6992920996
81.1194815582
85.3029543259
80.1415609185
78.5408934838
84.8264784964
76.7009561038
82.2275201394
77.1005343810
80.9046071746
81.7543132908
82.8864418106
75.2428962799
83.9269061102
82.4654478177
82.9026804707
83.0160892407
80.1182219183
80.7622280513
83.4091409975
78.0492473797
75.6637907351
83.0260596965
85.4119626818
77.5950901543
77.4590745323
84.2476814904
80.4337985595
85.4958576814
84.4514614946
82.1606575073
84.0161813880
79.8652552272
79.2246863610
81.6464743374
82.6825685940
79.5823665095
81.9856471152
83.9512726637
79.8904790460
80.4526836413
85.3269979385
80.5892392364
87.0923360883
83.4719270169
74.2227799248
75.3094673930
83.5221874529
83.6162828250
85.7972789250
84.0545107411
81.8435025579
83.1644809731
85.7237959623
76.9184346943
82.7063517560
84.0958547003
83.9962604891
84.6312752428
84.2565275996
83.1225016856
84.2462719583
83.3664871896
76.1337358135
84.9096904536
80.0161826608
80.9651181519
77.3830586581
83.7959113462
87.3045524475
80.2585175528
81.8246632749
84.8860381045
80.7956048608
81.7989606210
81.2371613377
73.3040926045
76.2358895343
82.6910532448
79.2751765321
83.8522989076
86.1187451144
81.3226492518
80.5668265801
81.3055481292
84.4767333288
84.1058586715
82.5839468740
83.5255277256
76.6009741428
84.8542316084
78.3392752997
81.2357325236
78.1443559101
80.2690967260
83.3462735844
84.9379991186
81.5088570829
82.5246779765
81.3821333800
83.3253967322
86.2202332121
83.1321313930
83.8532831151
82.8955256891
84.8308911670
72.2618207850
81.0185519428
76.8729180698
83.5203032467
79.2340908549
81.9385991002
84.2828517796
83.3085162857
80.6225738724
77.3251757469
77.6271027290
81.5503698836
83.6965609039
78.6737764683
81.4485420236
77.9176268822
82.1047616585
83.8895031496
76.6371840370
83.2452780894
81.5670792985
79.7261363496
84.3656716282
84.0916949552
73.1116372988
82.7331227406
84.7680773111
83.8430224986
84.7780709884
74.0136444639
85.9195011615
81.3783572259
85.8782323693
82.7433584892
80.1294060770
82.1038603473
77.1903486700
78.1123357919
77.6635618491
86.6458407306
83.4509466779
84.1776519391
82.5126361879
85.0145214386
82.1445606699
79.4690529218
86.9526821992
80.7353992419
83.8326430263
80.5539661105
82.3960524304
78.1586564813
79.0572084425
83.5599337501
82.0165848751
85.6827326897
80.6127440241
80.9659910455
83.2422852348
84.1463031580
83.0583017840
86.0637202973
85.1052103260
80.9699972090
77.2412119402
80.0099749446
80.7590937904
82.6156478345
78.7128290469
86.5897225468
78.8806717379
74.9085698087
80.9098832904
80.8774869301
77.0666506644
79.8025598247
80.1922260604
78.9973963636
83.1942323649
83.1875558697
83.5974542718
82.3153945031
84.2763031965
85.4166390454
74.1668713485
83.9819409310
83.3117337377
82.8933956541
85.7481269736
83.7950674475
83.5856393218
82.2891850167
83.5144979330
81.6341941621
80.4946431000
84.3332558600
74.2918821304
80.6827046322
81.3587607508
85.0959756768
81.6941968037
84.9540360321
85.5043477334
82.0379335332
84.1795595853
82.4123234339
84.4537782222
84.7381223511
83.3426647716
81.9373037802
83.4388590040
82.5572072213
83.4927067054
80.7291237714
84.2518502576
80.4375215918
83.5727433781
84.0592065567
83.7092460357
83.5133068753
82.4557149514
84.3214225975
82.6344763678
84.0304918427
83.4594042656
77.5260971992
73.8626130903
84.7541717011
82.9814567280
83.1550634928
84.2081235303
79.1464155097
77.8238956499
85.6186736039
82.2345702372
81.1950286915
83.8519209352
73.5441158429
84.6138470639
82.7457285914
86.9320632768
84.2757859921
82.6406824855
81.9318672415
82.1813669426
84.8564672495
78.2049670229
81.3274550173
83.6481777007
85.9680932340
85.0771335702
73.0946449833
82.4268036293
79.5366826005
77.2618052499
84.2592083312
73.3736785618
83.2961522056
78.9624495274
84.3123733604
82.0210304294
80.2152490686
82.1210457743
81.2880720008
83.2468731790
82.6935779103
79.8661700177
81.9475156794
75.6340265424
82.8904562518
80.8879502767
83.2700629685
85.6665026016
78.4180666433
75.2274245402
83.2652961417
79.3012495159
83.4498394495
82.7461749854
72.6381352182
85.1499997165
77.7782798933
82.0456980693
83.9289405735
85.0112116140
83.1632595594
84.4104123650
84.6669314278
81.7629603873
81.2843346562
84.1007683970
83.1454265671
82.2049321753
73.8067086166
76.3030591786
85.9231501916
84.6150069423
85.3001608433
82.1653245577
82.7588044233
81.4305453911
84.5214718359
79.3339097459
83.3495741050
83.8005915541
80.5430169194
78.4885739458
74.1080383320
78.1986349234
84.0043507598
81.3214188047
85.7756941923
75.7557888370
83.7088349725
82.4107161279
83.5038979986
81.9947596818
72.9799314406
84.3001486122
80.4052491823
83.3037888077
82.9834426306
83.9188481662
81.1061900217
83.4087514073
86.5294458547
85.5988977213
76.9418069834
81.8931766705
84.9439692725
79.3646153143
82.3989629818
83.5627398810
82.9133450611
85.9117109249
82.2730050777
85.9149957101
83.6162453231
84.6905030989
86.2705509215
83.1016040183
78.4006581892
72.5994952749
83.6702530824
81.3579113960
79.3349346011
83.3882627179
82.8265879188
86.5571722389
81.8770783013
80.7895780060
81.3203221873
75.5264187119
81.8898285242
84.6374479941
82.6636959533
81.4630247690
84.6338374986
80.3385181711
82.7993176580
79.2013250338
84.7922495678
80.5738568946
81.5118721181
81.5199264144
85.6103396195
83.1534514572
84.9836556888
83.1885967647
80.9375422866
83.7272573177
81.1883932455
83.2717782780
80.3592554728
76.9251827142
84.9007590376
84.5692471830
84.0271481832
77.5308609903
84.5774522291
82.7270596653
82.4371147907
86.6434252424
82.8258873535
80.9952565613
86.1865513724
82.5956311990
83.4821976878
72.3138006354
83.0655518218
80.3960904174
81.5383729681
83.5215156600
80.7172376798
83.1203493358
77.7846453925
82.9569538302
83.0511416821
79.2413140019
81.2845338693
84.6468362861
82.9703762185
83.7694186562
82.9716814514
81.3862123135
82.7007592566
81.2610128362
85.1690254743
84.4958748747
82.9247979948
83.9029714470
86.0416372701
83.5779930484
80.4240118585
83.7786900720
81.7173921916
84.2666757179
83.1212293531
84.4002226646
82.9810364784
83.9421374454
82.3234803798
83.1636614392
85.5433320058
85.0429894979
81.7974282487
82.4510500151
81.4615359102
80.9927881256
79.3918887362
81.9939079815
81.7722674192
72.3120099228
82.1933286940
74.5785482690
81.1839699093
81.0726480270
82.6123891610
83.2720421307
82.6504354261
74.4471407067
78.4231825396
78.0972181196
83.0908145256
81.8286559938
82.7235465801
82.5994991908
86.5671018797
81.8098889416
83.0400935324
79.0674376626
84.6391722472
82.3621908619
83.4807690426
81.4038441520
85.4926734123
84.2140171493
85.7387194090
83.4689070756
84.7346405559
80.2662156652
83.1531743062
81.8816172920
83.5090156442
84.1959747878
86.0376038372
79.0763063608
82.1575105101
85.6599680770
81.9004951581
76.1177783541
81.0413974066
81.6755657333
79.7856565112
82.5482355598
78.7296182831
81.9002229652
86.9746972219
83.3814939727
83.6890954782
81.0462705365
82.6313812545
85.0934791398
83.4359843113
77.9583599496
80.9752175281
79.4313752576
79.2388063764
81.8443037051
85.8925963761
79.9695000043
85.6794069712
81.8691810740
73.5681509196
83.8974730291
83.5394739655
82.7144155340
84.5502713127
84.5178231881
86.7641863783
81.3165822857
85.6995492981
81.4423986141
85.2054350166
77.3668549580
85.0585777288
77.1027151350
82.7763009071
85.3818507643
81.4330249643
83.7098122789
75.7466916800
79.5157911989
82.6071309705
75.4357176010
81.9198020994
80.7534725418
74.4061792166
83.2801030819
85.7585155823
86.0794665583
81.8108584343
85.6402692031
85.4826316995
76.6867138906
81.9542869084
83.4348309770
83.8297400034
82.2431918339
82.5869070488
84.5699713719
83.8227295166
83.5587295819
84.7680773111
84.8102393285
83.5172094828
84.0281660946
80.1051071759
83.1809467337
80.7257802263
82.0101464472
80.6023619702
84.2219086325
84.7149491928
83.1815283433
85.5570379651
86.6457389658
83.9467213119
84.8406831458
85.9688391736
82.2825903133
81.8269207414
84.5506801030
80.6531871567
81.8598008158
84.9986020624
83.9001110169
81.6558119693
83.2531601226
80.3691661656
82.4579296426
84.2632196289
80.0987935584
83.9343067668
83.3736415926
79.5507978015
84.1922198128
85.7408370422
83.7492691050
83.9956897061
82.5234387035
85.0045718177
85.2271466186
84.7270556180
83.9477438328
83.7072735113
78.5484940194
83.4003763264
81.6608980449
78.9627448380
79.9885927063
80.8577533506
76.6548655341
83.7596286367
78.2694306295
83.2694104215
81.1817303501
83.2927521734
86.8277806398
81.8001651517
83.7873409787
80.9383003968
84.1680719582
82.5668257541
86.2229728590
81.0672043822
78.2007933194
83.1026545077
84.8859246023
84.4259334929
83.3532883271
87.1286015658
86.0173511773
83.2736490484
80.0963654946
87.2321921332
83.9810447296
84.1057670797
84.6673896717
77.6299151738
83.3765668674
73.8589953155
79.8454248130
85.2806461940
80.3688973285
79.5568249566
80.4019132016
74.6514104189
77.2587660758
79.1961547483
84.6765495049
81.6371671793
81.8102457961
85.6638112243
81.6839266479
81.5444337361
84.2615912285
82.7121956574
73.5470763887
81.0410375465
80.8761839996
81.6011039054
82.0690106689
78.5267162676
86.3717154521
83.5405963330
79.8628991629
82.9085742320
82.9581075557
83.5503848109
77.4708217791
85.2579487283
71.5157470539
80.4082695984
76.5715926591
84.6214898785
83.6990602363
82.0082605431
85.3314688322
81.5554227748
83.3510278442
84.2174589171
81.6054291349
83.5230735778
81.7964175900
80.7033982324
82.9488047672
80.4080621969
84.4188165820
86.4116914588
84.9643208572
81.2361575601
81.8119309858
76.6613881182
86.2583296371
86.4680125758
81.6298997916
80.0478483497
82.9174527173
84.3015812743
82.2513421973
81.5835470099
84.8755435770
83.7679271726
84.4745165571
82.7639944339
82.0204588622
82.7324596799
83.6165173319
81.0911061200
81.4823990342
80.4623518927
78.0258581655
78.0495325970
81.6259244478
81.4015497523
82.4036819413
79.8349203072
84.5038399305
80.0728951028
85.6736133150
83.2313442198
84.9371201887
78.7501510163
83.7789728964
80.3065172403
81.7399354635
83.0698977519
86.0065730504
86.6650917041
84.8338644363
79.7847980601
82.9566239973
78.4776453124
86.6705075035
82.6357951552
83.2844275297
77.6547150408
82.0411431777
82.7822314011
82.2209532148
86.7570836948
88.3482769881
82.5512319339
82.2405238283
80.3865566633
83.9716755612
78.9914186408
80.6622392339
83.3387614275
82.9195566874
84.8581810924
80.6011512106
87.1414154406
83.9215337807
85.7469353835
81.8153148579
80.9241010743
80.9357284953
79.7029121788
85.3537174997
77.5189870093
78.6581733631
85.2453149135
77.9626071317
83.4670142102
83.6107437764
85.5335945670
84.6634190227
77.8090973625
81.5938693103
82.5693138106
81.5003033443
78.7364557445
85.1986864583
82.5319418338
82.4349889716
85.2440816714
79.2029758384
82.7053258072
84.9264737408
80.0433665618
79.8726050332
84.4585492888
81.2804195669
78.0648365856
80.3692492180
83.7627071684
83.0872275171
88.2022527961
83.5148082625
80.7446224418
80.0611786226
85.5376209044
85.4598819163
85.1318304986
83.0135983506
81.5421897303
79.7590836876
78.3212355920
76.0749812369
79.6482141809
83.2881210443
84.1298829752
80.6977527410
79.5352857301
78.7194683231
77.8144032120
80.2861949070
81.7333579510
84.9841373565
83.0562269467
84.4360398714
78.9116293505
85.2243964808
78.2600577401
77.1532252766
85.2461320558
78.7113492816
79.0475232612
78.2840485483
83.4749209009
84.5517578219
83.3330713809
83.9992602695
80.2937510361
82.9812792681
83.3948569807
84.0662915153
81.0201986988
83.6832312851
80.2505925042
80.2144068167
76.5858518289
81.9661535184
83.2652961417
86.8571159386
86.3059319582
84.0571987970
81.9430577392
83.0692062453
80.9768509504
82.5725611997
82.2515149588
85.9936217778
81.9130323070
82.5331829075
82.0819790240
79.8543613293
83.5056384795
82.2466129648
73.4819597371
85.4258934865
83.7476636546
86.5849218197
78.8243761324
81.8254108735
83.9362498401
88.7743705424
75.2832449546
82.5573466217
80.7647996623
85.6932649053
79.8340682974
84.7787982511
85.2559512093
75.8784120611
82.6611845486
84.4327923239
84.2095769854
83.3351332501
79.3203625522
81.9343054454
81.7358011095
85.3568174896
78.2369938680
82.5853092375
78.8870093908
72.9980134180
80.3094816168
84.1078109421
83.8349480154
83.5086409449
79.3264918091
79.2647473205
88.0831223248
82.8017388174
88.1559225390
83.1030625742
81.3372000654
85.3154898043
82.2612847928
86.3668669238
81.7514740498
79.5393752145
88.7201904983
82.3716351160
83.8267178385
80.9891142930
81.9532896336
84.1563693803
82.2575626309
85.2961916612
73.5163551554
83.6510660714
82.3739031064
81.9122836744
81.1147655357
83.2573654220
80.4393810914
83.3496613624
82.1962752464
85.3926544228
87.1768016140
81.0075139437
81.3917294231
76.0282714932
83.0270191321
83.0304803431
81.1562147024
84.5547699072
84.0956382954
79.0749769174
82.6155771192
84.9265065688
83.8249712975
83.8330559257
82.2296933408
82.3365339682
79.5333959974
77.3212298417
84.7001469375
83.7530662077
85.9935359750
78.0678224450
78.5245635571
85.7722053562
83.0447402218
74.7750649171
90.4820743656
79.1141385306
82.0540752092
82.1417462188
81.8596595966
78.0346827277
78.4334883603
83.4715500651
83.8173923075
74.5565461659
82.5984801523
84.2705589089
83.1665659564
79.9116338092
82.2626261512
79.6257714494
72.9555908466
82.8272254669
84.6776897492
82.5982125506
82.5806726826
78.0376227593
80.6562185481
87.7269909162
83.3129652437
82.8593641773
84.6155091206
83.9374380654
84.2154908500
83.0229079807
77.6311236754
82.9298181263
81.4875166854
79.6172777224
81.8445733672
80.7997095287
83.1696536079
80.2872594991
80.1371032987
82.5151382938
71.8309598481
83.6871006671
81.9223578645
82.9422245661
87.7646050057
83.5090696080
82.1621976397
83.7172188662
82.5956933712
81.3976269167
81.2409544898
79.7899233626
80.5903596260
85.1164946877
79.7022731655
81.5612277046
87.0164334383
84.0310473978
84.8343708237
84.3574934959
80.2995024133
82.8849623413
76.4761423091
81.7982783893
81.5565384094
88.6681053495
81.9200848679
80.6579689392
83.4197935699
77.1866310193
79.9094328452
85.5408272909
82.2977915432
85.7045015173
80.4692160717
77.5863162771
84.6691823202
82.1049712867
81.5823815640
84.7774993095
84.8042849062
83.5381064535
81.8839278985
80.1943828207
78.4821962605
71.1934215129
83.9892624717
82.1921437860
76.6201313553
80.6190319558
85.3343481275
78.7122439998
83.5851256433
73.9144409763
75.7089107934
81.0281522433
79.5440511659
79.8474191446
80.3218562541
85.0124744420
83.9245055007
76.6504804608
85.2831465841
83.9173388762
83.4866904242
81.7204342742
83.4370536543
82.8564820708
71.2251198745
83.2725623836
81.3234008562
82.5659490939
79.8032435885
79.9928051107
84.6504780947
79.9403954483
80.2737271487
76.3833828107
84.3241274405
83.1378622256
82.8941437997
85.4200938524
80.7198693534
83.9093223108
81.8965256333
85.7190478468
77.4159492377
81.2738365780
82.2343125075
78.7269603829
83.0972016389
85.9493300262
84.1236175932
83.6216347601
80.4064516832
83.1553907720
77.4013142055
82.2842453282
81.2841743639
74.1104875659
82.6293130112
80.9576202164
85.0883124830
84.6012467064
83.1115985592
81.9746575622
81.6850810464
81.9426379673
85.4365893670
76.5464903850
76.9709787536
80.4992965829
76.3731643892
80.0632431119
83.8673146952
84.1701109611
80.1911850753
78.9984460490
73.4342166673
85.7614193871
77.7080562829
86.0866662881
82.8706276871
82.2009712555
82.3606895675
79.7193243034
84.9153248758
85.2196149444
80.6919905492
83.5051984133
81.8602861526
82.9538792386
82.6436168301
80.8214073025
84.6880972432
80.7580769545
85.3530913867
83.5759704808
82.0415999690
81.5416952437
81.9533389798
73.4777005118
85.5431520877
87.3583624716
81.4397494409
82.9128336801
82.1733252450
79.6487665558
84.0108500339
86.1253951187
77.9412375463
82.7785808694
82.3313929269
83.7883277644
78.3070510895
78.1495900919
82.3197326700
82.4947691407
85.3202125394
82.2299031118
81.9033617682
76.3804118334
81.7021853185
83.1993478077
84.8475122004
84.0791719683
83.7189132809
82.1329864516
87.1088963201
82.4308802472
84.1543379464
83.0096868503
77.3243465961
82.0082253601
83.0941996896
78.1782626339
84.3593233865
76.9029241405
85.1722343594
84.1103513031
80.0821152636
81.9517219416
84.8870363020
78.0120807206
83.6758526183
82.1969484544
81.7586825401
83.3752001191
79.6006568680
81.8429495363
77.3422637195
72.5988239488
77.3037014524
82.6124001673
84.6698980276
72.9878427826
85.5960918649
73.7129273653
83.8667896047
76.6508110632
80.5757225053
77.6648300461
85.6044253838
83.2848920159
83.5528206651
85.5766787798
83.1045939073
81.8150133377
81.4868695520
83.4624147007
86.2584130348
81.3990864446
85.3197276510
79.9017062734
82.9067798925
79.8115884323
76.7189276277
75.1354851196
85.4866226884
84.6898567659
83.2601476339
83.6937282186
80.4570134507
87.8594932227
83.2138213482
81.8605848492
84.6905113630
84.3522007833
82.5808655535
78.2905000652
81.7667765702
78.3207297624
82.4407705647
83.3964276692
81.3297209109
80.3284020221
82.4858452252
81.0437031696
84.2679825397
82.7892405442
83.7114720976
79.7153751696
78.8042158808
83.4240065863
76.9750249870
83.2119533292
82.2862849689
84.0810643206
84.8295996136
82.3762828377
85.5457926735
80.8203798295
82.6625034363
80.7026820396
78.6387623050
85.6571505746
81.5834065588
81.9304098575
82.7709446079
84.0503485113
81.9966513669
83.5788596436
84.5339733927
84.4589388511
84.1617874406
82.9426037187
80.1331698448
84.1807012973
79.7649089988
81.3901240000
70.5997734300
88.9079594889
80.8741386548
83.0670165521
72.4304155119
71.4555303271
84.1454749707
85.6126781144
79.9702041334
83.1644299238
76.2751606540
80.4193345335
81.1902925081
82.0647538820
82.2360245965
81.9758994458
82.6894369134
76.2944374214
78.6897175153
80.0643255924
75.2422083148
83.5356435015
84.3397972098
82.7946212044
81.0800333450
71.7889009181
84.3361188245
83.4723495786
83.8772722493
82.4778421893
84.0724566425
82.0731937350
80.6625969870
86.1120300050
83.5846131376
84.2723368875
74.6937400900
82.8758857184
81.4820941240
81.2519762550
80.0140299062
85.5041260707
81.7577915732
82.6617093976
73.0473050997
84.5205786943
84.7139673888
78.8426930623
84.3795679467
80.6001202893
83.4311746181
83.3184654000
81.7208987404
85.1758035461
79.9035177250
82.5966157523
83.1798119979
75.8129520883
78.4153433819
83.6128143572
83.0994865815
83.5307652955
83.6631117999
79.4471001033
80.1834520211
80.8554922377
85.1633849887
75.8107645537
78.7243422355
80.8427643404
82.0918684775
83.8062645609
86.5431357555
82.3943606995
83.2428969672
84.3065325939
84.8953896444
84.0351192786
82.5729984798
81.4880791276
81.6505699294
84.6394943175
80.2555169750
81.5755980599
82.9932764620
79.0535587109
80.0791310529
84.0367485433
81.5887347000
78.2166037971
75.5263427378
85.3650020584
73.0874237294
84.9668110193
83.6644996092
82.2116019372
81.6332031194
83.4362836677
80.7339200426
81.8563915155
78.0710540771
83.3305111335
82.6058831351
81.6611943239
80.2822246800
80.6496753849
83.2304136513
84.5942469756
81.1191510653
81.1512534207
86.4435398116
80.3431627814
84.5819964889
76.6640704428
71.3439383068
84.4198589016
80.3585472544
83.4415556175
86.0180390258
76.6638612321
83.1676926061
86.4191961679
79.4858696335
84.0228398646
81.4938605939
77.7491347568
82.9932266259
83.1996977117
85.1565949721
84.5292419966
82.6225478937
80.7878928004
82.0468566991
83.6257061758
82.0907863222
85.0092037929
79.8794717628
80.0822609711
83.7342822315
83.0569591384
82.6941127149
80.9870363808
77.4722383417
80.3728459930
84.5797069303
79.1948590688
83.4434113793
80.6813014940
83.6106202722
83.9069424239
82.7102242322
78.2502879255
78.9949187525
81.5109544919
72.4878848414
81.8849428420
80.9433731961
80.3501747572
83.9741335417
76.1487299610
77.8969813502
76.7698733801
85.3739994724
74.4722258384
74.0508992449
82.4105563006
84.6409760222
81.9217081943
73.8559802689
78.4398912718
76.4907288955
83.7164789437
80.4471261367
82.1615465420
74.9684386592
82.8850519474
78.8072964315
81.9990925588
84.6415066670
81.2103125264
88.1671512384
85.2627588365
81.8409181812
79.5127304154
81.8704403989
80.8668327728
81.2882141384
71.3767135995
81.9940626227
80.1045154700
83.6190220839
84.0468510498
81.4377671319
79.7890401604
82.9562112558
82.0282397583
81.5000229277
84.2274368101
79.5153958892
84.4154612257
86.1585245662
85.3581988654
83.2912364587
81.7770464114
78.2316345086
81.1850003963
75.8496578222
71.9051187863
78.2532984061
84.7584885256
81.5414530563
81.1300106607
83.2596067623
82.3411378526
83.7559216309
81.5460157824
81.8903392818
83.5915968119
81.5356705267
82.3791170734
73.2471858664
85.6876830992
83.0537165093
80.7502371296
84.8274879179
83.2343888573
83.3095149678
84.0086344110
75.3637020099
84.6219781926
85.7945935244
81.7960447585
80.9300018243
84.0621769698
81.7192857257
82.9829193379
80.5523020833
82.8232392055
84.1172364958
82.9958628431
82.8919709059
84.4358319993
81.7989623154
85.7868703347
76.9852444751
83.9134280538
82.7023285791
84.4612446943
85.3289365902
82.5025925816
77.4562718144
83.2025335907
84.3385180761
82.9806978505
80.6884195100
81.9339696703
83.3447316401
81.4973946692
83.1290326689
77.3141986963
83.2526247699
82.6846609734
84.1055554250
83.0128582870
82.4914171058
81.8030547928
77.3921498720
81.5648444093
81.7747436742
74.6627029601
83.6273326774
84.6600288193
80.4734004652
76.3958887772
84.1906332869
85.8968610200
81.9207453640
82.2002167969
81.9483440093
83.6642435773
79.2290863475
81.8422638084
79.7559188958
81.1063647493
77.0034877251
82.4966863817
81.1277074373
85.8656906585
79.9812817972
84.3003791365
82.1556473311
88.1472899101
84.5846547591
84.3286763165
70.0354498855
85.5461307437
84.0482070115
81.0224297527
76.3077489125
78.2819296197
82.2963195804
84.0751350219
81.5949224807
83.6123255462
85.2539292995
81.7705341264
77.6368943637
82.7017914474
85.8460257299
78.6513091314
75.4662714548
81.8825692004
83.7553684122
82.3603426296
80.6366040447
81.9026579330
81.0706900338
80.2930847250
79.7473521863
80.7443279641
82.6966867905
77.5111919273
82.4234022023
79.9711505077
83.5516965818
82.9392761816
83.2234126752
85.3042491200
82.4391486177
80.0947245918
79.2661167278
82.1420688984
81.7325451272
79.5098562942
79.6636684293
80.9011435902
84.6407067865
82.0519840533
83.3388127506
82.5847486106
81.9213971024
82.6710897628
83.9446127953
80.5928648933
80.8266601489
84.7795399858
77.5965806033
81.8635501557
83.8617632618
82.8360870376
84.6054516418
82.1437282455
86.5662228563
81.6423159372
82.2755931676
84.8619502936
76.7168591070
79.5868322214
81.2555194342
79.5287842611
82.3634569115
83.6760584748
82.7696911617
81.9366849219
83.1497520600
84.7296310210
84.8140123196
81.1707510232
80.9868743813
79.2191335917
84.7242455475
78.8292454058
83.7299815948
78.2356495198
87.9263573048
83.3277601659
82.6275333608
76.1643793008
80.9242027656
84.1888793561
74.0655351891
83.9007461596
83.2811773489
83.4999431983
84.8428079361
83.4268903047
82.3533119443
85.5766377029
84.1581340290
75.9916155898
85.7835037914
80.8820719899
82.9629861516
84.9203539265
84.2529679159
78.2764636550
82.0657446155
85.8211818744
82.6783939427
83.0354459254
83.5526484500
85.4752484827
79.2279315369
83.3659541067
82.0069139396
83.1651900326
80.1836970503
82.3249335751
85.0571606038
84.2127895357
82.1515678467
80.4765502993
83.2966564087
84.4190259535
82.5303779732
85.8656906585
85.8460384577
84.7230504215
83.8655314563
81.4312980949
83.8059437255
78.5689025683
86.4861143751
81.8784770099
83.6305646152
83.5252310066
86.1044970787
85.5403474954
84.3775528786
84.7505336140
83.5649800330
84.1235388544
76.2004874121
81.8808142659
86.1060795208
84.9777870597
87.1702704385
82.3334618662
80.1577427931
82.8030651764
84.2771802282
83.9048642469
85.3548732496
80.5010470994
77.8800111634
84.3746205028
81.8881737792
81.1698277931
76.8110375246
79.9056907164
84.1228320034
83.1580236600
81.8323284831
81.4714639487
75.8766710770
81.5517937620
83.6046808023
81.1299081242
85.4339913835
82.5805164537
83.9107880496
83.5809346414
79.6986451242
80.8367199271
83.1171125848
81.8616180758
83.2836375588
78.2433941602
81.8285688021
85.1319155610
82.9974197653
79.9356798875
82.1144673152
81.4307815597
85.1297960529
81.7084164900
84.1974094356
78.8950049489
81.5145799669
77.2657270038
83.9771184319
75.1518110873
83.2312609400
83.2176940501
84.3220733217
83.3648578007
75.1073817699
82.2875167463
83.9433536273
85.7320736978
85.1063262274
75.6277997768
83.4864812378
80.8425374851
85.8561300989
83.7587109579
81.0133324398
74.1749101604
76.9358575906
83.5190148432
83.1077454463
83.7369811014
75.1886716041
83.7756726389
81.3399173836
79.2289911122
83.1102429762
83.0892020878
78.9119225520
82.6372533095
81.9118792720
78.4157079857
83.3248790276
82.9145038171
82.1189228222
84.5790367447
85.1373603908
82.2912306650
80.1572930752
74.9998786474
72.9064245703
82.3216212193
81.1937330144
82.5103335537
82.4832552051
79.7395282822
83.1175999211
82.7564759004
81.6176950384
78.7642582757
84.1703426659
77.6544415322
83.7506264404
86.0086209272
83.8646645410
81.8935738460
77.8176107995
80.4572950930
79.3863527025
83.0116876198
85.1148086557
79.2939471536
84.3920368406
82.5420843512
85.0352246937
85.4235220316
79.4251305957
82.9056526290
80.4574268563
81.9593735569
85.0097913640
80.9967237664
82.1320697264
83.9764373750
85.9986111202
75.1023624977
84.1852793046
82.2060048963
81.8990998988
81.7825987157
81.3304517988
83.3611026670
84.5073057956
73.4882598846
83.7587591200
84.9566272203
85.2611098168
83.7606089528
77.8118534018
79.4628229313
81.8712587284
83.5851793068
79.1510229434
82.1649144908
82.0000178413
88.0648820874
82.4219478269
84.3134644543
80.0094245527
81.2262923392
79.7986509978
78.8664403197
82.1143832765
83.8608345366
83.6529775787
83.1671178528
82.1946340950
84.9041174193
79.6479383506
81.4618324560
84.3700160120
76.8542308846
81.5008839942
76.8127647073
82.9808756331
76.6123116249
85.6430146318
76.4297368457
83.3913001392
85.9293988381
86.7573643325
83.1664962276
77.8579369583
78.6613575315
84.1770628893
86.0621354915
84.0750791214
85.2663905025
85.2436551387
77.6393897850
83.7551658921
82.1087138960
84.7439053084
78.4139924371
82.4773110227
82.5890540003
83.7319868522
81.0346388506
80.7516172355
80.7483322074
76.1372879083
83.6904429423
84.0389081342
85.1756569289
86.0764383790
82.8410328160
83.2286112762
76.8685873389
81.9497075892
72.7725972317
74.1852554848
83.2833944499
87.6247937931
84.6919783424
80.4394164215
84.8825983614
79.2366955691
81.3021991478
85.2129602503
87.1123092981
83.6175424608
84.1850863972
83.1716663267
74.9018342303
82.0236720326
77.0182629958
84.0241457577
82.2678299455
83.2908866529
80.8438316941
74.9048226755
82.6244606316
82.4613080988
80.1267799719
81.4470386897
83.8180816883
84.1968277358
77.1312568592
80.2492965673
80.0975391230
80.7267692415
81.3560428911
84.2042811627
84.5443151597
79.4415744509
84.4594289040
83.1753924117
89.6523622088
81.3005594095
81.0367452952
80.4098713744
87.1509068395
81.0939300318
81.4987803424
85.9869291937
77.7649462702
83.4904347160
81.2247976332
81.9200848679
79.3414502923
85.8550278791
86.2447998942
83.4182296438
83.7935529413
84.3048420943
83.6254966444
82.4177795528
85.5543132144
74.8233741847
78.3655406299
85.9117109249
80.1563007273
82.0357978781
83.1166900038
87.2770523885
73.1174177557
79.6238673688
84.2212045417
83.1054678988
80.3631871138
80.2657940920
77.9236063970
82.8250804179
84.9332147988
83.2248258676
85.1812446064
81.2380861869
80.9168899257
87.2408185949
82.3403364029
84.2351461602
82.3485818170
77.2066489999
82.9943222058
75.8429988149
84.3805218827
88.0186212672
72.7748542427
84.1521306313
87.7537695063
86.5126891166
79.4919197749
81.3695087350
83.7086705090
81.1293130754
76.7574874733
84.7584114439
78.1833234231
82.9534165354
84.8493706264
82.4839906645
84.3293457579
83.3219932508
83.8524126418
77.0271619606
82.5898650516
73.7627309101
82.4639089542
83.0239078996
82.9694281966
83.7755909864
82.0127375972
84.7241623077
83.4210825089
83.3363410604
85.5428674895
82.8284301303
76.1611396901
82.2592559907
83.4624706773
83.9774979897
84.4882037307
82.2836860715
76.1884219333
82.0982186188
85.5035591758
83.9729511627
84.2450048765
81.2577833829
83.3931941400
84.7867758367
79.8154287118
83.5079436361
85.1175005413
79.4091355698
86.6812995874
80.5478352836
80.8197701604
76.8515250606
85.1881676998
86.4714482366
82.0375697346
81.5372919211
82.5690994815
80.3781403297
82.1316507503
82.2178125712
78.6182228968
87.0538732273
78.1625570513
82.3406272486
86.3770528681
82.0602797938
78.8526565752
75.9861887116
78.6694541351
84.9323976464
77.8329189003
81.3517534844
83.0474929972
77.9705584446
78.6141571278
83.3170606535
83.3622229073
83.0422963939
82.4258390329
83.9161629031
87.5238944898
81.7900346886
82.7904657918
80.7736478537
86.4231064917
83.2032639576
80.5842403976
83.3525671839
85.1684312056
80.6008370161
78.0374253451
84.1076626314
79.5516580582
77.6926191625
81.8090156347
81.2962086292
79.1547974313
81.2363255653
86.8937308478
86.2005713327
83.3646346471
86.3808367641
79.5648593361
84.0472937206
80.5507363438
84.4669710650
78.2255639018
79.5061767573
78.3300372393
83.3693975959
80.7971298466
86.2931624785
83.8590774450
79.3706847779
85.8973271860
83.6109323326
83.4971409083
76.8106899078
84.0851322527
79.8628623147
85.0830178368
79.2318732836
72.2189312225
79.0412321137
81.0223511831
75.9673119285
83.9677976542
83.1901368273
84.8252501773
82.4994698286
84.1976602325
83.1528343855
81.8736005164
73.0614823982
81.4733891902
82.9597287991
83.0806651115
79.6619155686
82.3361241603
82.0204327044
86.1903264295
81.2037350053
82.0735529907
77.6789043922
86.1157768560
80.1268065618
75.1295027712
82.3725433625
84.9492351640
82.5437246452
82.4823618401
83.4198506244
82.7539393960
74.7976410229
82.2082583249
83.7624860473
86.8560629936
82.8787754861
84.4175669707
85.2261210523
82.2099308458
85.6238154233
84.5447889135
81.0815137047
79.2979866547
84.1886312773
79.3221057286
82.4219786004
83.2844057812
82.8456465732
84.3221000991
78.2651604181
83.0738274130
83.9936842233
82.6904462658
87.2672336482
79.8275584851
82.1751389886
83.4380469836
83.8102392386
81.7361807529
84.4342332911
81.4723307671
80.5229400922
82.3491963363
82.2751510354
83.8859518781
78.0174236580
83.0689233235
81.3038741254
82.8781040145
81.3498185226
84.3126539797
81.5673288842
86.8109511435
74.0730529385
84.3904364561
81.6423877621
86.3302382218
81.8095026128
81.0881177648
78.9107875089
83.6593259978
81.4642754461
83.6420165140
80.7415590661
85.1274762370
77.1474362904
86.2977041081
82.0037699767
83.8316260786
73.4919617952
84.4188159732
84.0853946865
82.1038603473
79.6888311663
85.2697318999
79.9788985055
82.3445700655
78.6019416823
76.0710854541
85.3780013012
81.0428194238
83.2377123186
86.0786897720
78.9901800702
80.4132862938
82.0546834649
80.7776891672
83.5690379836
80.3346931338
80.9559589335
86.2201389075
81.3395868270
82.9303112935
84.4854657861
78.9719482769
80.0389232480
77.6490307356
76.0536430675
82.6648250256
82.9112853544
82.2084172469
83.9492269160
83.3573457092
84.9841373565
83.0083416374
85.3120445402
82.2053787408
85.3755967682
76.8244523387
83.1557810291
82.1423899398
80.0605856792
82.8427208873
83.2966650265
82.2200207408
80.5734803604
81.7965893788
82.2658472537
83.1440155924
82.6067464776
83.6712380839
84.2817302056
82.1874464663
83.2604320535
76.9790105405
81.8595570089
86.2423069278
85.9966335959
78.2182592315
87.2340432811
80.3907847356
84.6780800127
76.9114210554
83.3887903569
82.3742410075
84.6409995830
83.3849889192
82.1935565275
79.8663958562
82.8314036239
84.3687607482
84.8620347523
79.2917984163
84.6436977646
85.1850771977
82.6043395989
84.4275336398
83.9781722783
84.6538787844
77.9412375463
83.9805868382
84.2242888641
84.2343908701
82.6221833754
80.7434879168
81.5115958227
83.2987869956
80.7994222105
85.0263511616
84.9393081275
83.3835731612
81.7116746421
82.4253310795
84.5105083635
82.2945319937
79.4488499581
85.1058118388
82.5344206963
84.2022512052
81.5376441622
80.5820212591
81.2924122480
80.4978635506
78.5809404521
83.8203766112
82.8386716036
86.0237261683
83.8568092382
83.7627517698
81.8547876187
83.0544191394
78.6211416996
85.4607653072
73.2954218630
84.8992441549
82.3950011825
83.2346155601
82.9541430633
81.7448325099
79.8877917539
81.8463173651
82.6804799999
85.1823107065
85.3432011873
84.8850370563
77.6844321911
79.2005878385
82.2834352657
76.5424123445
84.7791051724
79.8457854942
84.8647264812
82.7924769090
86.9363696621
84.1390674649
83.1804934157
82.5412474997
83.3342478585
83.3622001499
83.1921100326
81.1097829139
83.0088085432
80.3407470232
83.7265987395
79.2123764988
81.2163378024
82.1950562448
81.4801836844
82.1495011660
80.3852008959
84.5283353964
81.3157980774
80.0597087777
83.5225582894
81.5888782380
85.8262232867
83.5381055732
85.5237578893
82.8582968790
79.9036228409
82.5654165709
83.6360151394
83.3016417097
84.8394826115
85.0605770183
81.4098985716
90.2764245843
80.2214282144
82.0440112481
80.7713683098
82.7533610116
82.7127410808
80.8177837957
81.6803826475
81.1136806757
84.9152475014
74.5481276059
73.7166327667
84.9102815549
85.4206002943
83.9498611655
80.5122461023
84.3573474947
79.4773726734
81.0942837809
80.8647151990
79.6214547744
85.2445212057
76.3147098936
82.9707383348
82.4061995277
80.9919570337
81.2352252440
85.6803844727
82.1264063699
82.3312162380
82.1020343262
82.1561112452
83.9075210297
82.8335303915
84.4843974112
84.0419241991
85.2422461754
82.0224192674
85.7214171850
81.9736510430
82.7939715203
80.2652546177
85.0782003933
79.9774677364
82.1624691101
84.1627767136
84.0605359755
85.2907645235
79.9033623042
77.2053604845
82.5546135574
79.9138786801
83.6477027979
85.0465259581
82.1196296116
83.2170711325
76.8837632809
75.9514952963
77.6864146225
84.5233984234
80.1616927695
81.6484976043
84.1364268059
85.2239451212
77.1256165668
82.0849285290
79.3507088819
86.7134153399
83.1475462413
86.9073390516
80.7800765413
83.3321243812
78.7533053836
78.3371157492
85.5129954823
83.0054969901
83.9893171374
82.8654750447
84.3609954470
82.1561573547
81.7388057261
86.8107009893
81.3914307975
76.6910261583
84.3999965764
82.3689517158
73.8419977302
78.9829774497
83.1661987850
80.8844064081
83.4113371024
75.3037311421
85.4264961598
84.7061977494
86.7862439550
79.2356144725
82.6610741862
82.1249685569
70.6330897044
76.7716573782
80.5959987350
72.3148795514
78.9567130059
79.4731379253
74.5809638846
83.8080566447
86.1777625588
87.3033688422
83.4905216457
82.8770980652
82.4206770599
79.3265689304
84.8109705137
81.6795020440
83.4477213327
82.8365369959
82.3953004428
81.3992521677
84.3556779719
81.4877990857
83.8251417044
85.4208671693
82.3018594328
82.4445880421
80.5311014106
81.0338078339
82.6935260848
83.8895551990
77.8397892926
83.1317358022
81.8197688584
85.2096488021
80.7614038750
77.1206425393
75.2969961991
83.5393026561
80.9760521193
84.4508771875
82.8262253538
78.9151270586
86.5562250588
83.3139869152
84.1939691460
84.4021699034
76.3415831042
83.5914345534
85.0386520470
82.6758011476
78.9108765073
85.3445818909
79.2961914854
85.0580117892
80.6549642884
78.0219480202
79.6330914966
76.5004583254
84.0799916696
80.1364854973
83.6228987783
83.6068341604
83.5737413496
85.7298218732
80.1660342338
84.3737441825
83.1142137934
84.3266122569
78.1680112686
80.6180648017
83.2477891962
85.1203435984
83.7962170525
85.4229662003
80.5887742332
81.4147895332
82.6137927794
81.7670754451
84.6845368429
81.3192167575
84.6860031732
85.2997499368
81.0844993924
77.4586548606
76.6174936349
83.4141164561
79.6556321593
81.2804101328
85.3414867216
82.1142313283
84.0684816193
85.8132090881
81.0182193968
82.6476295901
83.8192432688
75.6811757744
84.9014943545
81.8056133567
78.7562424138
80.5876543469
82.2861172894
84.3934836038
82.9262487170
83.6503993912
83.4360697040
83.1674379435
87.0800585375
81.1652334010
83.5682447067
78.4836423039
81.2207528504
83.8699610524
84.4077355914
82.2093331313
81.2798585383
84.3576391063
85.8267082093
83.5241139351
80.7893649231
82.1753881198
82.2215550479
86.5477456500
85.8404388307
78.8484320610
82.6946906836
83.0214523851
86.9569500588
84.4019183309
76.8336397863
82.4720876649
83.9009160229
82.2818922333
83.9542993265
83.6078743445
81.8622315396
80.9728149366
84.0759367089
76.3245832126
82.7221332752
84.2142614326
82.2257664221
83.6800088308
77.0249680359
78.0574605975
83.2906506742
85.3873548611
78.8525065833
77.3199456935
84.3460009306
84.5799848579
80.4897549500
82.3100077301
83.9357715285
84.2127866442
82.5179731981
90.5391412037
78.8552196996
71.2049888338
82.5104775190
84.1962603673
84.9376246056
85.8803083900
81.3358978111
82.4164432801
85.7569943956
76.5684438992
83.3837396027
84.5373504512
81.6393107120
88.8942570511
84.4691261554
82.0676530035
83.4859629932
77.2177175032
80.6083123783
85.8016387395
84.0891488856
82.6485925531
83.7746132231
81.2411273050
85.0445418291
82.8479661094
72.8987769920
72.8763807859
87.6614552412
85.1320734164
82.6159228364
83.6032627622
83.8616515671
82.8715544031
86.5699898761
79.4180525602
77.3383334378
83.7439617495
82.1248822763
81.8553443357
85.6406094952
84.5782764018
81.7699313183
82.3634569115
80.5428635323
82.9711219191
83.4489397986
87.4230054523
82.7164776610
83.1958953593
83.7198993586
75.1990213684
83.4416565444
83.8940212620
79.0717560144
83.4503206127
82.0819219249
81.3794148356
73.2075969492
81.5525144476
78.9397613214
75.7504804267
81.6240810388
82.3825878119
82.0114478823
81.7870265710
84.1455001751
84.8368144172
83.4639528518
83.4096121021
77.4165268908
83.2638397772
86.6865860674
78.6234120526
81.5848911125
83.6143486571
83.6694902205
81.2227109775
83.0343033934
81.7951711355
82.0248976765
78.9291549111
82.2379349021
83.7750167649
86.4657666842
80.9055536972
83.1914380862
80.5553374624
82.8279415422
85.9960213374
81.0567281926
81.8669213029
80.1518802168
84.8329632103
69.6642768678
85.6493467824
82.4330501561
82.4972716941
83.5067335651
82.5956451344
83.6283251038
80.6517402837
81.9639798467
80.7911079554
82.4776179524
70.6674577921
83.4572885799
79.3911321308
82.0333045864
79.4385890021
82.5288276671
83.0807285187
80.4619301455
76.3992386899
82.3551940449
81.3766265059
84.2756216214
85.5006321885
83.2775175228
81.2911098017
80.1214166171
85.2847313115
81.1708633366
83.8383935791
85.0113667689
84.2825695513
82.2334515033
88.8504941089
84.3223209640
84.5969110928
83.6587895996
83.1813047845
81.5180730609
81.4595673847
82.2549327940
83.5869184418
84.8089652844
81.3424175745
83.8777038557
81.9183795197
73.0435921050
79.5492371087
80.5384050419
83.6881325759
83.1718543547
82.0777155967
83.5343551331
81.2538326850
83.0617431507
81.6796903115
79.8929766346
83.6500251465
79.2054508118
85.2261210523
82.5474171921
80.3185394884
85.2078798189
83.2667252832
84.5447602805
82.6809940744
79.5362685066
83.7115914168
82.0993422474
82.7275286246
79.0247968618
85.8868022560
84.6984932987
86.8266865474
82.4177168573
82.2042809238
83.8776698540
82.2350856317
84.4244485947
85.3843314237
85.3773586221
78.4929712945
75.9602585748
78.7700337745
84.0703491827
85.7051310422
82.7628627648
83.9714730779
83.6329608739
73.6191701823
86.9633682636
85.1536358529
80.5748197448
85.2843921316
83.0485613993
84.8370582151
80.0250355812
82.5971002566
74.9112219672
80.2139521283
81.8008351323
85.8154783948
75.8507399431
76.5598123324
82.5655269156
83.1641577856
80.9617886693
86.7106360281
81.2933117806
82.8817585952
77.1957283016
74.6530961955
82.2387896976
81.2003732749
81.2943152146
86.9639935738
84.4198775472
75.1830491111
84.4331364267
84.3833860326
81.3410545105
81.4946843734
80.7737019272
85.2026311713
80.1726169742
72.9915867701
78.9808143547
80.6887481145
84.7096877315
82.3120725985
83.3085018107
83.2659225267
83.0008261877
79.1561694962
82.3277697115
86.3039945577
84.3997061321
82.5064447818
86.5900735768
85.7389638252
82.5167114598
84.9267106258
81.1349237150
82.3525496353
75.2294482192
84.4513357513
83.2866764400
79.0761887818
83.2642937329
84.3142416611
84.4441746504
85.9655161640
81.4464412619
77.5511572821
81.2166526339
78.9070064423
85.8555740369
84.3726554989
86.7942514402
81.8785155413
83.4666446950
84.9574472073
71.6369210173
85.8708321002
83.5523152185
85.1207506459
79.3971441600
78.6127379041
85.4710573816
82.6810055251
85.4734858358
81.7222955384
82.2188284162
83.2326604443
86.3176583228
83.5037575297
85.8203007309
79.9470663597
80.9476387731
84.4944674927
81.2281751936
84.4540844252
78.9462909604
82.2027777420
85.0592364635
82.1926691125
80.6364361984
82.1274811877
85.7104697357
84.4316996683
80.9935968843
80.2726836908
77.0584164828
82.5963462131
83.5103462282
84.9757161305
74.3289857709
78.9936898829
80.1665577110
81.8521575214
83.1168668975
81.2304285343
85.7853551046
