85.29110155
82.48400140
84.45227463
80.93609629
85.13352550
86.44759959
85.96589778
84.49448220
82.19885450
80.23319697
82.02875995
84.18580570
84.64104712
79.36886201
82.86887306
82.01594968
84.09020345
85.39870929
78.43683626
80.60720539
81.03014255
77.97170823
82.79691832
82.91766016
84.43985726
76.47055858
79.07976619
82.69139282
84.59180177
84.88226938
83.03154666
82.54850810
85.16902547
83.53188725
85.23407518
84.37406797
83.90017454
88.09743168
79.89259689
79.89900250
81.05452706
84.69353111
83.36318153
83.25163189
75.38802615
86.48780635
77.08726334
83.63967741
84.05696338
82.44661261
81.33582522
83.97653199
81.63625391
80.88548194
85.08249621
75.68149861
81.23760851
82.86544993
77.08975290
78.51768063
80.74985893
81.79879038
79.39515191
81.25778338
83.18178766
82.52919088
83.40522229
83.79600868
81.18061117
81.97163550
77.89548914
82.80882601
84.58532973
88.76111456
77.67834463
81.10670959
83.72594447
83.16885738
85.66829644
83.39545632
82.79151483
80.83996991
84.39423568
80.08926977
84.14172343
81.09867937
83.41260583
84.07295222
86.31733184
72.79150427
83.86516005
76.54830830
81.93903035
83.36767936
76.29381019
82.48397987
75.78409170
82.40341828
81.90313831
82.71010861
74.71242791
83.56685978
82.93105507
75.59262089
82.52392372
79.66037928
78.16456040
82.20445932
85.07481076
84.07540554
83.70613006
78.98157151
85.48466661
74.18317360
77.68582394
79.21236384
82.98833528
79.81300694
76.60083175
87.60409623
74.79553416
81.81860696
80.52095615
78.41682623
82.68832301
83.82530939
85.24242782
80.98009643
83.39151849
84.25646478
79.55079780
84.67745857
84.79223149
82.32154404
76.56056218
84.11066945
84.08914889
83.47423882
82.61935568
84.36745424
84.25474177
82.73312274
81.27460810
81.32567533
81.80478240
88.28815968
71.87436342
80.01994414
86.51314232
81.73778241
82.00886494
83.82308297
83.07605127
84.43016057
82.72902323
87.43597328
82.45510868
82.97535372
78.96233033
80.81889338
81.53431825
80.26101432
82.94232167
83.76603564
85.68599050
80.90552188
83.57512189
81.53865815
85.41053973
74.03674357
80.13663399
82.69615148
81.67797990
79.43841573
81.82160406
76.93669918
79.52462700
81.43655940
77.78301140
82.07396416
86.88784597
79.68649086
85.84293870
82.11088041
84.99447462
83.47996240
83.41172860
83.94613106
76.55945201
83.31789528
86.55631081
78.57202822
81.48478557
79.06523007
78.43676970
81.81788819
88.30492123
74.99484155
84.27150817
82.53604630
82.73275831
84.55755206
86.35823515
84.02964942
82.37477963
82.84106013
83.77461888
80.98434871
84.30350499
84.27812070
77.10530603
73.49195265
78.20149195
83.23705959
85.03164024
79.42017565
84.25969057
82.57962804
84.08432030
83.07382741
82.83323468
84.45872683
82.44955636
83.79460820
72.13561532
81.76067348
82.32903571
82.57614073
76.84928383
81.78922666
83.38408352
78.44692588
78.58714088
83.22588511
80.93097300
82.48732907
84.37827861
83.00359537
80.19269346
84.36798620
79.62882363
81.35559336
81.16526193
76.32035565
80.11013850
83.73291877
84.15442669
78.62162919
82.86677279
80.55156169
81.17911010
80.43783836
82.48640752
81.18872643
82.53471460
82.29488611
79.86026594
82.41480897
79.81369327
84.09127140
82.52383506
82.95749188
80.12969769
84.91391606
84.11057895
82.26091925
82.13419817
83.26056521
84.49781080
79.79913109
80.44738569
83.87840449
83.71923346
81.14266506
82.87511882
81.39335427
77.98281795
83.22724086
87.70332201
84.63076800
84.84971235
83.99982750
81.20976047
80.12330177
78.38564938
80.54774618
83.92658838
83.15400316
80.00112251
85.29212723
82.22842082
81.70177059
83.60684506
82.49546326
84.39253173
82.43687938
76.98522918
82.06960161
81.94528334
85.94665305
82.46179930
80.24945419
82.12266864
86.55391948
82.21982221
73.74848310
84.79235149
82.90512814
83.38396333
83.32311163
80.37102820
80.18600736
84.68082676
81.60823526
79.33619801
76.51881354
83.84515580
82.94219371
82.24795298
78.49523179
78.79151040
84.06727341
81.26188124
82.64323279
87.71642085
84.05013102
89.55214633
84.87921351
84.67908641
81.86990029
83.59796252
80.00258924
79.91188532
82.68258505
84.71769571
77.25119467
78.58768864
79.05779687
86.59184243
85.38454825
86.65459785
79.98860188
82.85500955
83.50768255
77.98951698
80.24942603
82.84204798
81.31241912
83.71528360
83.94908309
82.05101290
81.61876331
81.88970147
84.08728164
85.16033634
83.61671465
82.10203433
84.26559821
82.65910358
83.87173085
79.64384647
85.58220498
84.27351844
83.10821578
78.34682708
83.59462631
82.11908584
82.88429493
85.73256436
75.17558888
79.47213927
83.18421608
86.42070233
78.91625613
78.11890021
84.79717603
85.84928563
79.23491200
86.10673827
82.47311403
83.84776885
82.41683177
82.54235048
83.87275083
83.31216654
80.65341450
82.85432280
85.49863811
87.41710763
82.72491192
84.49062141
78.90324770
83.24872012
85.72648157
84.27469787
86.74284008
82.51890791
80.21874935
84.01451495
84.42593349
84.08431429
80.72467494
79.63764099
77.39008987
83.22713003
75.48343875
84.22987197
84.48547397
80.13806101
72.96650653
77.65191158
84.36963020
82.93337594
87.28471353
77.86453586
80.17877107
83.88781173
83.28540323
81.84108297
82.73640630
83.50085921
83.98921225
82.88273776
74.41142760
85.02690044
80.10288556
82.07401020
81.62764488
81.92044513
86.61387583
80.70325585
84.12796662
83.62910033
85.21376238
75.90583902
86.55915064
78.68987146
83.70143817
82.52298687
80.66311636
79.64333409
81.05573409
81.26396150
82.15156785
82.90182730
83.30261624
85.12347300
82.98291934
78.63049814
81.35978070
80.84204619
83.98852020
85.48407832
87.19457117
85.95103420
81.97176722
82.60805851
85.08581017
81.12469609
82.72931679
83.37378789
84.44805715
82.50602699
85.06865650
81.75742115
84.70624116
80.92236947
82.48995318
82.74233298
82.54278027
77.29794636
81.29013381
80.45051365
81.10627412
85.16857676
85.15010725
80.89017641
84.49162207
79.92335108
82.69303148
82.63027046
82.91005355
81.29838082
83.79151137
77.82030516
84.67406413
82.86819267
79.93141277
76.73150101
81.14311828
83.93136894
80.63444966
84.63794562
73.51560628
82.69300662
83.36596255
85.19612344
79.85285705
86.06653544
73.62666670
84.05232401
83.00986125
82.44480745
85.00387492
80.30579878
73.23247478
84.45357508
82.97411641
81.07640232
83.54172143
80.83975351
79.92224731
81.55867356
76.30975647
81.90817038
82.24539945
80.31741437
79.58310938
84.48947214
83.83850608
84.74438242
81.79913263
83.87220252
78.84124768
83.29207027
86.16042753
84.20661499
80.59993055
80.31562614
77.20398102
83.33586930
79.45335515
84.31160267
76.00448232
83.17649270
81.31712549
82.94184045
85.08358186
85.73279795
83.70448674
84.80464707
84.47005070
77.61759547
81.20017243
78.96509002
83.30659778
86.79014709
82.19824553
82.14329283
84.07406505
83.97460469
85.35253632
87.30049137
81.58093410
84.67622459
83.78970928
83.11333855
83.20534956
80.28990983
81.28433466
82.82087471
79.45767064
81.55361054
80.63275281
82.99322663
80.35456560
84.94694011
85.48158482
76.77296063
82.72189216
80.28068474
79.19787065
85.07630798
85.07914049
75.94568775
86.60017248
84.35324328
78.60617396
81.82248092
80.19070038
76.49485835
80.24083812
82.50850785
82.93340050
84.64658752
84.46306489
84.28629257
82.93384992
80.30015200
86.45498053
82.98251301
77.61416119
86.34304236
70.33297887
84.12562589
73.02878692
81.26329932
81.03558172
75.83411904
86.85013303
81.55181508
83.07153722
84.48620471
82.39299637
79.93488214
77.95091737
80.66453034
83.55667527
86.42862783
83.76698174
81.48038685
81.68011737
86.88986971
87.32089965
85.71440457
83.56113417
83.27043427
81.77673554
83.41454215
81.60647379
83.75496295
80.42241379
82.75437557
83.45712566
83.43671068
77.22229767
85.92639220
85.74828874
79.14918832
82.88960082
85.14857105
82.21269872
83.68652364
79.05794579
81.55506616
82.76323741
86.33596863
76.87139075
84.29452440
83.49236460
82.64075877
78.15312265
83.55740013
80.13856283
83.47723618
79.66275987
83.01680984
74.18957412
83.21679418
84.73980393
85.80267310
86.91848468
83.91118184
79.17158078
80.61668795
86.10708565
86.47898758
86.51971558
82.48602253
85.24637636
73.49568044
75.40133936
81.41473779
85.14164390
82.42712617
79.17306189
74.95750062
78.74845417
74.39087686
83.65096032
81.84376210
82.34469704
81.00215519
81.33459380
81.69969187
73.87596868
83.64876478
82.00753510
81.79811682
84.27562162
85.59060516
83.71387439
79.25493719
81.59253723
83.01317858
84.59192729
84.41463985
80.87420126
78.09745828
78.35505372
82.56213960
79.93005823
74.06653062
82.91953979
81.53599223
83.08168909
88.85282039
83.12509385
84.08133475
78.20164311
83.79054472
82.14053175
82.70039866
80.46349867
84.26006736
83.19648143
82.19105899
76.19161004
82.29793954
84.90151518
82.10056873
82.85302446
81.56834709
83.83202110
84.16037709
83.37674474
85.39894372
85.98084451
81.54703280
82.58520778
83.91734939
84.56703997
82.92014497
83.02171926
79.02010177
80.29293784
86.99010295
85.45117914
82.16224037
74.69873124
80.86993893
79.74566399
80.09589674
84.08374880
82.76355401
82.30299001
82.55703899
84.81465974
83.30559994
81.13380546
82.72244277
73.36175534
83.56380609
78.94481986
82.04359641
81.14576434
80.64873043
75.22542446
81.08989307
81.23838730
83.16347761
77.37118046
79.79830984
83.58331471
84.92506055
80.84633421
84.96953798
82.84861419
82.30865292
84.08187918
84.11736411
83.81143049
75.39794626
82.36462254
83.92990344
80.08781234
84.40456096
86.15961275
83.75278354
85.01726631
83.76230159
83.14810794
75.66595978
83.66022363
81.83160455
85.59622709
76.27898300
85.54892008
82.08276606
78.72045730
80.72135077
82.64710220
75.36887953
85.24789537
82.67321528
84.20278867
82.63920822
86.58347647
80.56790980
82.55763145
82.94962688
86.18294082
81.77310713
82.42237133
86.75570219
81.85192997
84.26730961
84.98376370
82.78397714
85.13506331
85.03295328
79.16278729
84.25544586
83.64561560
89.17408452
77.18565856
83.30973616
80.87875353
84.26691222
83.62351588
85.64903645
72.10632389
80.64864010
82.51624029
85.70568212
86.54310887
79.26404097
83.43468106
80.80878495
86.15567367
83.40053183
82.74302862
84.12234024
86.51805323
86.23713339
84.56888347
76.25459403
81.11476554
82.48153068
85.30128480
81.66971691
79.62193574
81.30822642
79.67820878
84.30502916
74.40060211
84.70910405
81.98528511
84.75967151
80.53055354
80.14941335
81.88809875
81.58897760
83.35973938
84.77623599
84.76489922
81.59787509
84.39520667
81.48974284
82.12791524
84.88151076
84.24229766
81.42749359
82.98168540
74.40527451
82.61407101
80.19082042
79.03547399
85.38576822
82.38315662
81.92184385
82.76970386
84.44696832
82.94721703
76.04023325
81.69674928
83.27877888
85.11093294
84.76893491
81.98117200
80.92360887
84.54034058
82.95010005
81.98280925
83.00627977
78.10266589
82.61620871
84.42572539
82.12346186
84.03733122
81.07683897
83.52249980
83.77751871
81.37229316
86.82905813
81.75076986
84.21277484
79.10537518
80.75409540
79.61884917
84.87074940
83.12993886
84.35368426
83.31174690
83.50933590
81.42817570
77.89154550
79.16265454
81.23253857
84.82250633
85.15720257
84.60872939
83.02685410
83.65869719
82.36791051
82.13498134
83.41475001
82.19463409
84.71185245
81.35873112
82.51917529
84.57413196
87.04656211
83.88430248
81.03178298
84.54896210
83.20185509
82.79479195
75.75283045
81.61698213
84.73112035
81.99931379
81.54267234
81.09271349
83.25071202
80.76484852
83.67150387
81.02850093
79.93724890
84.75649407
79.19884169
83.38714924
77.67860980
84.97240317
83.81369395
81.59369961
82.79596547
79.37496253
80.87755778
85.27974214
84.97351115
86.21695376
77.11701900
84.17667698
82.01009333
80.30334316
83.87852321
82.68308413
77.15690068
83.94000656
84.96756679
84.36277433
79.70513954
84.47870582
83.16060110
83.66251298
83.67029336
83.34747703
77.25725822
82.18465924
82.86089013
82.24782120
82.20432539
81.36597950
80.80467559
75.20739339
85.99411506
82.07332996
83.98784434
78.90929269
80.01474713
83.83680338
81.18586938
81.02439171
80.43847074
78.28962698
87.30740634
85.18023124
85.60457700
84.38005682
84.42279477
84.44812703
84.74070070
82.62919621
78.72507632
82.98222315
84.52541638
80.56387874
81.20877470
84.24410539
84.14298738
83.18340323
82.45300269
81.07413135
87.08165630
82.42963257
84.08025684
79.95302940
74.15599905
84.47766169
76.69622722
84.03067872
84.33759918
84.06238055
87.16654004
83.47461019
82.97234196
80.90114359
74.97518348
83.82123144
82.35080002
78.18865295
83.73596258
86.99410749
76.55369830
84.11994428
81.91689501
83.42865891
81.34300963
82.57805625
84.26173061
79.39988727
86.57187103
82.67839055
83.20396282
79.48231260
82.85812478
78.71921756
83.64924432
85.21349539
85.28960159
80.32710425
83.11961913
81.00007281
84.49351828
84.09661700
85.28589474
83.76328054
80.66987841
74.30868219
81.00185629
81.60031360
85.12415883
83.28009852
78.18023735
86.18058501
84.80352490
83.67911495
79.72905125
81.95619916
80.54899679
84.24475029
85.27943646
84.57738026
85.84975318
85.32269148
84.66560677
83.73589751
88.99866895
84.74163720
84.46671362
79.08550437
82.24161980
81.53691509
82.88803496
85.29170927
86.60942335
84.64826076
86.03075744
85.61266005
80.61346471
79.13911993
83.59881856
81.62489269
80.65943824
83.36064987
74.55905473
83.47993202
80.62444344
83.48412333
83.72793285
82.41979491
83.89630801
83.17981200
76.22824233
80.77178661
80.68325731
81.20096757
85.30016084
82.73129093
83.45431568
82.52597462
82.59121829
83.33725790
83.74505752
83.61121764
82.02570758
82.70037906
86.06823677
82.23336224
80.86591939
82.42631467
84.82098607
86.06242933
84.00405771
80.90002438
83.13786817
84.25027061
80.89356562
82.61293599
81.06528352
85.08929398
76.62308313
77.30602452
79.68386991
81.21000346
86.66565018
84.11452441
81.46858883
85.65484104
83.17649270
82.95446416
83.50010988
71.42366892
81.00473709
72.71001929
83.81691037
84.71077872
82.31552116
82.53755495
84.48483097
82.98454400
74.82535664
84.89581633
83.18438226
83.68607742
81.36724982
82.03590885
83.50581543
76.10389414
81.89433986
79.12455619
79.72140316
82.62462189
82.85173915
83.09559105
80.83595561
82.14495715
80.09688265
81.05675693
82.82616175
74.93184554
85.48473968
82.91340477
84.26512318
83.00919492
85.54333201
86.71356565
82.68361081
85.64868556
75.25766984
87.77655469
82.11650064
84.36983036
85.90614065
84.15552490
83.33032828
82.85887063
77.92269365
78.01659750
81.73985374
83.25721781
83.54539363
82.63519046
81.99200646
83.78212330
82.24986477
75.06542623
81.62346269
79.64009173
75.43493706
81.61555555
83.79408402
80.33049561
82.52423204
83.58922488
76.47484649
83.34456683
82.62419781
83.64225421
82.10392807
83.85711886
82.05780652
82.41149111
82.47566732
85.93995448
82.45147227
79.97589174
85.91885022
82.98485204
84.08758705
84.28252417
85.30026339
77.58753865
80.29171430
82.06198523
80.77647433
81.17938152
80.39730947
84.56474952
81.97135643
74.31594036
82.91693076
86.46225901
82.51419561
82.96944224
85.10015617
80.97194681
72.30930220
84.05326373
80.42527882
83.79903275
82.65673020
83.68222179
78.14077071
85.81511015
80.90097248
80.53135476
84.87146042
76.74506624
79.47089458
78.90125568
81.55250784
85.32069286
77.78414513
83.85958908
82.98461080
83.36794097
78.97684095
84.67516977
83.42622710
83.18411374
83.00880031
84.27645215
74.53141664
80.71005208
79.34415290
83.28859670
86.74349978
84.03656104
74.74160391
79.65300959
84.33721064
83.41598356
83.33146000
85.26776154
83.07834757
79.80789458
79.78908246
81.42674360
84.45545576
83.70566689
81.59772660
84.40081587
83.55981063
81.12227915
85.44990580
85.96919761
84.69760435
80.13218162
74.48886739
85.37796385
82.72260545
84.07809987
83.74095718
84.09797390
82.01851704
80.54439887
81.64020221
82.51686993
74.73651168
80.61247619
83.80163818
86.53442458
84.70022850
83.58548446
82.39290045
71.30947824
82.93774240
84.76286994
85.42858953
85.40870535
83.87992790
83.09822996
75.20590555
85.48301352
78.38319815
80.73060290
84.78799305
81.07067783
77.49741080
78.75349259
81.18400292
82.61225867
78.55563657
81.95272238
82.39205185
82.07771560
81.40646700
81.25965953
79.90003213
84.48455440
85.86220854
81.47341677
82.18745957
80.82410194
82.97699884
82.84486368
80.63749318
81.96931891
83.27811380
79.51955083
80.97837564
74.56186778
82.41545816
82.79019353
77.47653704
83.00237822
82.84287785
83.14886086
85.95331146
84.87248031
84.69002989
80.78706175
79.16484172
83.91252173
81.65637510
83.44722724
83.34779687
82.04102293
84.69836774
84.44697081
84.17539470
82.92601251
85.53761207
83.91343992
78.62559148
85.10598342
76.94829382
78.78476604
86.06169158
83.95440567
80.63830342
82.54518267
81.56669147
81.33544157
83.42700402
83.53246630
81.90899879
75.39996260
80.98611347
82.89765681
87.58575131
85.46858082
88.36492916
77.45490673
82.24268943
78.26013800
85.19043913
83.97328842
82.21778258
83.10768087
83.95313129
75.85923780
80.59424554
77.66628450
85.49247000
85.66616143
85.03997435
83.84033064
82.91523864
71.38459485
81.99375111
86.22318705
80.94343334
84.53585412
73.36726703
79.85405145
77.28931183
83.75985881
82.36177823
82.55606821
82.07819994
83.26734189
82.12278622
85.21882865
83.91532449
77.90663685
84.32822241
82.62117798
82.05368430
87.61754175
71.47269818
85.45183102
83.21135326
82.82213689
80.78094896
80.87223071
84.58938263
83.76504079
85.31051036
81.38112209
75.76761006
82.44967522
83.67721932
82.37255983
80.99296132
82.74118838
84.57487354
84.87778200
80.67573700
81.45582072
83.77647899
81.43685200
83.02455142
79.83946660
82.63879816
82.81418842
82.41955615
84.69295856
80.98524656
83.90611335
83.70857485
72.24952597
82.16063550
84.74068791
81.09736518
81.27772468
83.24793606
81.48228260
84.45499552
83.44067549
88.52159661
79.88806566
86.57879443
81.81148437
84.17703297
86.57788102
83.84948427
84.40916471
81.64972832
85.01888575
77.96441207
83.31844549
80.87904144
85.07444484
84.02786918
86.71853312
84.77281381
82.20189607
85.70515214
74.83035908
81.12570599
81.61382443
80.65940152
76.75151212
81.96103045
80.71037644
81.98883149
80.41046625
82.74880694
83.32804494
81.35258308
81.71902576
86.03678020
81.62673451
85.07014805
82.47947530
84.88412137
78.35271438
84.27115703
85.27704253
85.02709949
87.86290482
80.85082985
84.52362977
85.48184850
85.64670564
83.76909265
83.96127262
81.92726770
86.20118875
82.30713678
80.90982508
79.11947024
83.99421223
81.83834670
75.91319113
82.65186911
81.40000296
83.69899121
79.21706805
81.81506039
74.57692850
83.12285156
81.90842329
72.64801223
82.88746901
78.00373963
86.24510744
85.55991154
84.37319980
83.52153531
80.60562203
84.42089441
84.40914126
78.51642122
85.39651787
85.18263257
81.17975594
82.57636157
79.62280406
83.22724743
78.26511246
86.33596360
82.46936777
86.32882906
81.28435448
71.25279440
83.33523575
82.08418806
75.03494037
83.64748080
84.47391682
89.34325337
84.36554331
77.40833277
75.75102858
83.11584729
81.45266048
86.20916284
83.14704526
77.45623160
85.39216743
81.18159424
77.55245308
80.36799499
82.51332284
81.20655766
84.44258890
83.32499136
82.14640829
77.09218191
81.61119113
83.33055099
83.10746687
82.96460665
84.05880839
83.81337778
78.50528565
82.69821031
80.50341512
84.62889754
80.51372502
82.67683263
84.31444601
81.16132406
84.36063834
85.31179913
83.58951438
82.80265492
82.85122828
82.29934861
82.52754963
75.30217449
84.11104427
83.70885394
79.85086786
83.07497450
84.67911355
85.96208889
84.98638344
81.30959740
84.48510808
83.45523061
82.64598094
82.15571407
85.95442352
84.62907969
85.47933661
82.29446603
86.06973799
77.81478490
84.43702927
81.36801982
83.60951069
80.24649362
82.17086353
82.21265937
84.98386605
82.65059067
81.96723138
85.10890705
83.56127021
78.42638682
85.25324444
80.18429953
81.68320425
81.41060065
82.90678028
77.81556272
83.56903798
82.10149014
83.29364600
78.84335099
80.25807775
84.88727935
82.92719662
79.74103918
81.83681941
86.93228737
82.76758277
84.17051832
73.26154148
86.00914783
83.66906843
79.20720194
80.06469050
81.78614763
79.74904268
78.65438484
80.01937056
82.19603397
83.71455716
84.74295890
84.76508426
81.73912443
82.17369053
83.31643467
83.06922149
86.24574624
74.50803854
80.75773203
82.54157287
85.10871224
81.13428801
86.03281287
85.44531777
76.96892800
79.45067096
79.43055044
82.00182859
81.85972621
84.10037885
81.18713348
83.78502524
78.32871921
82.95966266
81.99603552
78.55819697
74.85457694
84.17489211
82.93126830
83.62082686
82.87896532
84.55314255
84.31776714
82.54057714
81.60846034
84.47904864
84.57912591
85.77700374
84.03839502
86.51108886
78.59512278
85.92976566
81.16939657
81.03528040
78.05854696
84.16683514
83.82357226
80.01678589
83.36623931
78.57450214
81.31578392
83.41588651
85.06233824
81.20768102
84.98159619
85.78325815
82.19426187
85.88899522
75.64645349
83.91321186
82.58324245
78.22397106
79.90803437
79.68541784
79.13928910
84.07086970
81.50473252
82.03914383
82.40869987
85.52165430
85.76833009
82.20229289
81.56377870
78.89162690
83.61629061
76.21416278
85.07470855
81.31768886
81.11559154
82.40761168
79.21101825
79.66209275
82.28574237
83.51129367
83.12650724
83.92124194
80.03006894
77.64135303
82.63606854
81.13911465
80.94925022
82.51334591
82.33706857
83.06277663
80.92898580
69.43892394
86.50601169
77.85860387
82.06795882
81.68433190
80.79481660
83.31909122
82.53592417
83.93776404
83.20096219
82.46906029
85.80605472
83.15052918
80.87923222
78.55783793
87.46676990
82.08303103
85.34035026
83.51289272
80.38985032
80.69616084
82.19245295
82.64759821
81.79536966
81.48474171
81.47435868
78.30217082
84.58643936
77.78998876
81.06680137
81.68108843
81.01315193
82.42024431
85.33539171
81.54744546
83.24884909
83.12557203
82.75589943
81.00858411
80.98274879
81.88340862
83.24661954
81.61979228
83.14582451
80.24643823
82.07849616
75.02014267
82.89302206
75.55342437
85.64870738
80.89479562
81.24921343
77.11711225
83.31236729
83.24318138
85.20021213
77.00053475
82.09633398
83.27058779
81.00906478
80.68365742
73.07557863
84.49335745
80.36282416
84.23611275
83.14439754
83.21333897
78.15386020
81.96154478
80.41047281
82.21237470
78.01908607
86.46643731
91.57334216
81.79913161
85.22413870
76.97048401
82.11430893
86.86259028
81.40708091
74.07842219
82.23431061
81.95928470
84.01212891
81.77991501
76.02696342
85.27742750
84.35690530
82.94915355
77.02112978
82.37538223
73.72629780
78.67507783
79.34173807
83.27157309
75.61705065
72.04971207
77.16837207
87.44196915
86.26433372
85.50175389
81.03825013
85.27521471
82.91388288
78.89345413
84.52273865
75.67573426
82.39319590
82.06977085
82.19635761
82.37267648
82.76221300
86.41600698
84.07342426
86.21490184
81.17312378
82.46688845
75.77948549
75.71151587
80.08767748
80.27131011
84.45219492
78.90799848
86.44534626
84.05391439
82.21145711
83.63085701
81.05475455
75.36457164
81.71764405
80.45671870
81.99093869
83.12018595
83.58842654
84.62003893
84.22481996
85.20509130
82.31715424
81.29335524
84.59193148
78.65327531
85.26923367
83.53472161
84.45902460
84.43143768
85.43344123
78.46936794
84.39424943
82.92459856
75.53517376
84.29122008
80.22330151
79.88490904
77.21255122
80.65976313
82.63195881
82.41797010
85.82339333
80.95596264
84.09424899
83.25032227
70.88181075
76.52242803
83.22533286
82.61810952
83.02282344
86.38479168
86.15821930
76.48940180
78.60577466
83.04744304
83.06997119
86.42190669
87.02232558
84.91963411
81.18983996
84.51767697
85.59900314
77.16756556
81.79812015
83.66846008
86.06839427
76.94202479
79.71991873
80.33602752
81.99675585
81.64002242
84.05139237
77.33879418
84.24951626
82.20780598
83.47387348
76.85971712
84.89850466
80.39467845
84.55836047
82.57266481
82.78195731
84.49282875
85.18930617
83.51684073
84.90466261
83.44299245
83.60875021
79.39452263
83.78761294
83.13697901
81.81281143
83.80843401
83.68976926
77.25958458
85.72117837
84.90717791
84.23512433
81.70049950
80.51322839
81.15436954
84.50497906
82.63806688
86.75278044
81.63748618
83.99742709
81.09118453
76.42205294
83.28853311
86.03557216
77.01155715
75.04587756
84.24164395
81.18545256
86.36553814
83.20590277
84.03011390
83.23724958
79.39803705
82.30873250
82.09438528
83.08207581
82.03392972
80.37659315
85.45935890
86.27370891
86.12858633
80.73762280
82.62462189
86.05922384
85.73575531
81.87370958
80.58041516
84.98457861
85.81511750
84.49232149
78.98547277
83.96372800
83.97569181
80.59078119
81.52218687
83.01789040
81.25897257
82.69260721
79.95200872
81.98052162
83.39767964
79.02482559
83.78992728
77.55052630
86.23308103
80.15236907
79.78527449
82.66715783
80.06795384
85.64929114
85.13441952
85.04783004
81.54379210
80.46386741
84.65164089
86.24702436
83.21668081
82.39705277
84.67098745
83.08535605
83.57368502
83.39258119
84.10118410
86.73331024
82.18840382
81.73175522
85.26916412
77.69046122
84.87209819
77.75678685
82.98676941
83.59673052
75.28733111
77.64356296
82.54770722
82.86492826
81.67472718
85.32136242
80.05991008
83.28481918
76.50721262
80.85913737
82.62681674
86.47411564
81.70437212
77.22400662
80.95427977
81.51576700
81.69044177
79.27219206
80.65520990
84.59578082
86.17358275
82.39004078
81.08611188
82.78770620
76.08525484
84.27338724
80.80996434
85.23176453
80.84125176
80.63245271
84.23119371
82.13048631
82.68153770
84.09400614
82.98291934
85.07991792
83.01622736
85.20512377
83.74392804
82.76025037
81.11196412
83.13080169
79.70869902
80.74025004
84.80702104
79.83451656
82.49271002
82.50135988
81.95036248
82.30286665
81.37764923
86.20273935
88.03929360
77.48918110
81.65240978
82.70645242
81.75839705
83.42456952
83.21834714
82.90273807
85.50396276
81.44262996
80.06450544
83.33468046
84.21866256
84.49138198
83.20504936
88.22125859
78.98652630
75.95575026
79.92643819
82.36592890
79.28923221
85.04783004
84.80660315
75.16940037
77.79900120
78.91116603
80.21843554
80.80565568
84.84505799
82.62897067
78.60044370
82.86874937
81.62774960
81.14218459
83.28367158
85.30898015
81.59856333
82.72019501
86.97132373
84.95773619
80.42311647
76.11583512
82.30808898
79.91288615
81.63954814
80.06029735
81.26244179
81.36079611
82.77791352
78.27386298
83.69727288
81.64380515
77.43885444
81.18053098
84.32616459
83.85742837
84.83968694
77.98143975
83.32907470
81.75560613
80.53449417
85.26168045
81.26704328
80.96848955
82.85435002
77.92080200
84.04116720
86.40714775
86.40047241
82.53387280
81.68772142
83.15871571
82.02553515
79.37049500
85.97740006
81.08033367
84.38979482
74.97276450
83.78479879
77.68792044
80.89752428
78.89442349
80.68580737
80.57900910
83.11187463
79.92006490
82.94127544
81.07034552
83.30830537
76.56632514
83.01679507
79.85621059
84.08506558
82.41549573
82.98250916
85.72966945
83.13344737
82.72078877
81.74405334
78.45883040
83.38464111
84.33893081
82.18255447
83.84497062
77.27311093
83.09903886
81.07236882
82.95114530
84.23466234
82.58366761
85.93074248
81.46131466
81.99993170
73.50964056
83.94961666
82.12942560
84.87521612
83.94075336
81.80015156
84.11159257
84.49916440
84.79700903
83.81912657
80.73434278
84.47656033
83.18231530
81.15996856
69.69753089
84.49201206
80.29319777
81.80866653
83.00951318
84.80021782
81.29322554
82.29586908
80.96687794
81.17484630
84.33401325
81.70370887
85.31838282
78.33621537
79.63821650
87.05908194
80.90982508
82.08307822
85.10639005
82.24347222
83.36406779
82.84763702
81.80590440
84.08618501
74.76354029
83.14308226
75.98137475
86.84514888
82.86284470
79.16222064
71.80187034
84.28003462
84.66367329
82.92862463
83.58747754
83.66484818
77.99432806
75.68099762
83.78828515
84.11625463
83.63009398
83.21769405
81.95471873
83.56017418
78.96001036
75.33675286
83.37313771
81.62723800
78.33805208
77.38594854
84.78356559
84.12340806
82.13704812
84.82441387
82.30710543
82.32359217
78.57632350
81.90693369
86.39061577
79.47316695
80.44896779
83.09176040
87.09682265
81.52262303
84.64051418
84.67071869
82.73947822
81.39833280
86.00439214
85.99246014
82.43498897
75.84898724
83.25359644
74.10303114
84.49624371
84.83854675
81.73257017
80.55923391
79.83875232
79.65571154
85.33133199
81.40269670
83.80768612
85.14953113
82.83710163
81.66156618
84.65419363
84.01969585
84.28707084
85.73535807
78.86456560
81.27460810
84.77433464
82.09106049
83.89169769
79.21510835
82.94276298
83.00579717
83.75793772
82.62745496
75.28011769
80.35818272
83.09181102
80.92812020
85.43437415
83.07608953
82.02173055
85.39583909
81.97468564
82.72841590
81.58113055
81.97387257
83.22232528
84.50225722
81.92799515
85.00104100
80.81546473
80.23363738
81.69501228
82.69048636
82.71082933
81.96873723
79.75220726
88.25028693
75.75219810
85.04965858
84.84013875
81.09216185
81.48886161
77.50346679
83.62139112
77.96703461
83.48723835
83.20654594
79.64352395
83.03180506
82.32268894
81.50194211
85.07937679
86.14094852
78.25063909
73.44110348
82.79008783
79.39759589
80.16262964
74.44799992
82.72237719
83.05217374
83.63588726
82.71879048
80.42333878
85.46287572
82.38607856
86.63412569
80.23609088
85.42024313
82.93743038
79.56839549
81.79382427
83.93314306
84.34114208
86.19479210
81.28889419
84.93951288
82.04977659
82.73476223
81.34277584
82.92001972
84.66849359
86.11095609
82.68678410
81.03606966
82.17711042
83.21834714
83.31480747
83.32636533
81.57945114
80.29156872
86.59934185
82.69567694
84.41007393
81.21037207
84.50557094
80.93842883
78.54798645
79.41540902
80.94593610
81.01205276
84.20765415
86.02629426
79.25115936
84.07005896
79.92976010
83.80228469
84.54113141
84.35551353
85.71787950
81.58154588
83.05269821
80.53473123
81.06457050
82.80733536
81.28979800
81.05036826
82.91046057
85.02541471
85.09663856
85.15751287
84.25992410
78.97353481
80.42795379
82.90305791
82.50856340
84.59411853
82.45463475
80.75559701
81.84310308
72.41948015
79.18833863
82.72799651
81.01583097
82.49583881
84.94225123
84.95975322
86.23457095
84.33047537
76.19917588
80.69624843
84.42824003
83.64957001
83.90094882
79.66692982
82.60745442
83.08305802
83.39603521
82.18786298
81.11782862
79.32000919
83.59703455
82.43645195
81.96715514
82.68944597
82.80969729
82.67891733
84.15469820
84.07781762
81.73526827
81.82428546
79.29146887
84.03216398
82.16170284
85.46622386
84.30158127
81.38547928
84.86236258
74.19143818
81.24875587
83.86052474
83.75711633
82.42752889
83.73198685
80.65828970
82.21145711
79.53680592
79.69000913
81.39441983
81.90673860
83.04106058
79.38924866
82.76067499
78.71460968
84.15801991
84.57106293
84.04958179
81.02141033
85.25665898
76.46872775
81.26704328
84.56596441
84.30956574
74.21439988
73.14442837
83.79495622
84.59592860
84.17591985
83.31379301
82.26702709
82.60803670
83.89963548
85.05343086
81.69795107
79.48199084
80.80651867
73.00889662
80.75534994
81.60518946
85.00829654
77.66529665
83.40242696
80.20074341
83.06510097
78.81639082
81.19336733
74.43282603
83.76413068
78.02885661
84.24247937
82.60195480
83.01474426
84.87671687
81.20877470
83.55140376
83.76628824
83.92453274
86.86338735
84.00837416
76.97155741
83.92777241
80.69413925
80.19062077
81.47654486
83.19984306
78.97327981
83.52618306
83.54918478
78.54673458
85.95006810
83.65755739
80.20579852
78.12409070
84.99151537
82.88369196
84.92972864
77.81627682
87.56082023
85.98625498
80.98345489
83.94007230
73.51621907
86.06465593
78.68651950
83.21768326
82.81068038
84.18932748
79.22357575
81.28646291
80.09413560
80.31360132
85.01553552
87.42609131
78.13998415
84.52313670
81.19006683
80.98776007
82.46459800
83.54350820
86.18702407
83.11937327
82.88185516
85.16182686
75.12151178
84.18583669
84.69611614
82.21673435
81.39629715
79.02238704
80.22308717
84.56309298
79.39116299
82.69626040
83.82766217
80.59575903
75.10715922
78.00578715
82.05820805
72.14495498
82.81870281
83.15370917
78.87465540
78.83654508
78.04131791
81.54633693
80.82680167
84.13434268
83.17044562
81.92493359
83.46285778
74.64896723
83.83421998
76.54736111
81.64392916
85.25383993
81.71720734
80.99199916
74.48980522
80.39773285
84.37483287
79.04035608
84.86735166
83.74546091
84.34804463
82.52283569
85.00948016
81.85074646
85.08866803
81.12892712
82.17344938
79.53151449
83.23388605
78.36801803
86.76669390
85.41544774
77.50671852
80.55398767
81.08283665
83.15732316
83.85325414
82.61657724
84.52810013
84.59062768
82.34579477
82.97562070
80.36643385
84.37254414
79.99921624
81.82912790
83.08187489
78.63160603
80.55620627
79.72049056
72.77323152
84.07731752
81.21885057
85.42122167
84.15587970
84.33835678
81.31251233
81.94462814
76.69703211
80.34172742
79.65352835
82.28994024
80.36535556
83.91351031
83.09431233
83.02602235
77.99321546
83.10967946
80.12110112
82.49506907
83.80983950
84.48373505
82.39227513
83.86195996
81.16199757
76.06747972
80.62696019
76.74380216
83.93377817
75.98929521
84.14224073
76.86288726
78.62068345
79.49832744
82.23118913
80.07285092
83.84974753
83.93110859
84.89591212
81.51837826
81.41649519
84.95003455
82.99635871
75.06283382
83.37715199
82.81144133
81.10294998
79.29379088
82.99493008
83.61961889
79.58960803
82.74553389
84.57142400
82.25305996
83.63515089
81.62579536
83.67063367
82.94052211
82.57795373
84.07701147
81.69936110
83.14263927
85.62669345
83.25458176
80.37248921
82.85854935
82.31481074
84.99245921
82.32918960
85.84367522
75.76678825
83.91739073
79.48304730
81.57583031
80.54377630
83.85328312
84.45944436
82.24233176
85.18711693
83.12328050
79.83914055
83.34403314
82.91075440
75.25214760
85.37559677
83.10649263
82.21433735
80.87196974
81.65367026
84.07248856
82.79888809
82.21194222
78.81392417
84.65119777
87.26852453
81.96291392
82.45322729
82.75895660
81.89289561
87.53046613
82.19505624
85.78423193
79.46652977
86.06208986
82.65711244
80.03341034
83.24192695
82.13800815
75.97433886
79.57006111
86.05955922
79.47876819
77.95093609
84.80260490
83.86114422
79.79589758
81.37812016
80.57066053
83.13741147
80.49406822
78.50698776
84.26702126
73.68925537
83.25485276
80.85945011
84.59709237
78.54260804
78.69028329
78.82047854
82.33054330
85.18697441
82.77838927
85.10426205
83.75226319
80.35451231
84.07946087
76.95161613
84.11180194
81.71672919
81.69526373
81.21665213
81.34924528
84.87561804
84.63399872
81.35029541
73.12556822
82.83503878
79.53326884
82.60287239
73.89005184
82.57640103
73.49882809
82.95293546
84.88031105
81.93246538
83.85401763
83.50901306
81.51310593
82.93577863
86.50584809
81.99614323
84.07731053
80.70467406
80.57133364
80.85258009
83.36306185
83.99023293
82.04900680
85.41632899
82.91430518
81.54010120
85.35708579
82.44242248
82.21192088
83.33415005
78.86086505
77.78500715
85.07370080
83.95335189
80.29145099
81.85513112
82.80058993
75.02067418
82.72976202
85.07306987
82.15886483
81.52017099
82.77873466
82.30408756
82.29402841
84.58562875
83.20716093
78.99848391
85.08902863
81.70636009
84.16251343
83.39983396
82.25422025
82.59473240
81.29269809
80.26394544
78.25126462
79.22357575
74.51122790
76.46532950
80.82656308
79.52766694
81.75888589
82.62552745
83.15044781
80.06569313
85.11331472
75.40437389
83.61992361
82.92074649
83.68957963
76.58383851
82.41834999
80.89079134
82.92696255
79.94915623
88.34300524
83.87404165
78.29656010
83.65045143
70.98588608
84.72232355
83.71723791
81.61773234
80.86595969
80.68410323
83.42451151
82.75031297
78.90258234
84.20784249
80.24065443
81.44119427
84.81797751
84.89813549
82.39147952
76.49334681
81.45587377
86.61667708
81.81229050
80.69844170
83.26657556
76.47244122
76.34668555
83.53039690
83.68362811
82.36425874
78.01894544
85.35844475
78.23800158
81.11467027
86.76841440
84.59317573
82.03479377
81.05281788
79.98598894
83.30648025
84.69388596
84.87833114
81.56484441
84.06776933
73.21833923
81.21946702
78.56422897
76.13325692
85.63494273
80.07874510
86.51202951
80.49873819
82.28056184
81.23948235
82.47113370
84.40948925
83.70378354
83.35759857
77.90932800
84.56277222
84.68970284
83.41390108
82.12950998
85.48167914
82.32630242
73.98240213
79.71476667
86.34874770
84.25265077
81.83424861
84.57161526
80.75822007
83.77925399
82.84829445
85.17717223
80.23496673
82.32313685
79.77876124
77.99026377
84.53763214
81.10646348
78.09230590
83.46357054
85.43637322
80.90437517
81.23089740
72.73299737
84.76238395
79.66755716
81.72876424
83.73124510
80.96433610
79.18932981
80.50146856
83.71455716
82.73743101
71.97273083
81.02063763
82.28619551
83.90971217
83.43889818
82.78065573
83.13653572
85.15781957
83.93587443
84.02251195
86.39241960
86.25248965
84.95033955
86.05031001
85.84741333
81.67728925
82.36936558
82.18145828
84.67369231
84.00091920
81.40357139
81.82654170
86.37059016
80.70278117
76.11110453
82.71429515
80.99947723
82.26447004
82.07350766
84.62594162
77.95381452
81.44302564
83.85660666
85.09928786
74.02398177
80.14062498
82.69346186
82.79273405
78.63465132
84.51959095
78.82946255
79.60423163
82.83638672
85.75802585
84.00533765
84.24640615
78.34827283
83.57170206
83.61331103
86.57713261
83.03912001
83.85410527
80.13621631
77.13820296
82.91766016
83.54876150
79.09014006
85.06915781
79.66013719
80.04257698
80.06061070
81.70119854
81.83402708
80.81001795
79.48135345
82.71483093
80.66417221
84.53932275
83.68007061
83.36448336
82.55763145
84.50189900
83.91561266
82.72245913
85.80975492
82.75206872
82.43659159
82.71128669
82.00444833
78.18737424
82.12260002
83.68317399
80.23881349
84.78400773
82.52507966
82.24797878
82.45416322
82.50275186
79.60505887
79.93618148
85.47858311
84.35727307
82.76243545
80.87848014
82.68880234
85.40263747
82.80894816
78.28788031
85.10056498
83.08435238
83.69368051
82.89552569
83.20160831
83.44305991
83.83102295
85.54315209
83.08066511
84.82206643
83.18302697
83.93434693
81.56817723
79.91918926
86.24465097
81.98046602
83.51894816
77.80875810
83.52093510
77.39181072
84.07618000
83.91915636
84.37331056
84.16588095
82.35417721
79.44381095
84.33752026
80.78571026
81.32602669
83.73556702
79.25347872
85.24945472
84.82732094
84.18489420
82.01722900
84.05705803
84.05494270
86.31715957
82.43200236
83.07708358
83.86973759
83.48073641
79.31108696
81.39183852
83.22585895
83.71789088
82.73998956
82.52072916
82.44004969
79.70869902
79.32888692
80.67665321
83.91914980
84.53424940
82.56562699
82.97878799
83.37441086
85.34254856
81.42813405
83.88423944
80.74935250
79.76322072
82.09501784
81.68477273
80.72844520
84.59246003
82.22604763
84.83202442
78.97015464
80.51312469
75.15111281
82.02814116
80.54366406
73.49682287
83.39949861
84.97648074
81.23805443
82.94786235
85.26951521
82.29411732
81.88520686
84.29789790
78.57704780
81.23784967
81.77635745
82.91104633
83.05217374
84.44305915
83.59026213
79.77677204
77.90893773
79.44697311
84.45712911
83.11151449
84.36704797
82.97785490
86.83888583
76.99809114
82.66577689
82.87833208
73.87085831
83.42950924
82.42187811
83.12202851
77.74288071
84.40145318
81.27655757
84.70149743
81.84538543
85.33889258
85.36675233
84.01553021
79.06431476
76.08131376
85.50736577
83.07005146
85.68583102
82.41489221
77.96718135
80.51139676
81.28471254
83.44840585
77.12847468
84.59684346
83.85522261
80.31337557
83.48259347
82.98047447
81.94380290
80.63907753
82.04324045
85.67166333
84.41321164
83.45252964
70.06799389
85.59335667
84.76121267
83.92690611
78.92738672
84.49701667
83.60503462
80.97348880
83.76569302
83.53229092
82.30180268
82.80040150
78.89006280
83.45331712
82.38689349
81.38597657
80.26789615
75.07917289
85.42827715
84.68488037
82.55395089
84.71865878
86.02902410
84.07220256
86.19600472
81.47795595
80.93097300
82.32747002
83.03544883
80.57017994
75.77588698
85.29871750
81.45612305
82.32894279
82.77206661
84.13251416
75.98003786
83.08503897
86.58277966
83.26615813
82.70973629
76.04885947
82.48881860
88.14161310
79.24500600
82.52563072
83.53359810
80.46257322
79.12773077
83.32279024
81.70857551
81.28491171
84.72009988
82.99089123
74.46821933
82.32912831
81.43129649
81.67466117
79.55949159
78.23298112
84.89139070
84.87254280
79.67689457
85.41550881
82.71561810
69.69686889
82.31301056
81.69660496
84.74655722
83.00174230
83.20326396
77.53882601
78.55606027
84.21574072
85.64609178
84.44253199
78.21600424
84.22925305
73.57533073
83.71686194
80.74173704
78.85952729
81.20190422
84.37039715
83.58886690
83.55337920
80.06314004
82.57205999
74.11635359
78.43620979
84.43455081
79.18444733
84.10053810
80.90577534
81.36027103
81.19148801
78.65404148
81.94237238
81.38854063
80.36347314
79.04826185
85.05516357
72.81341774
80.88731377
84.82002413
80.00942455
86.56181271
81.86605985
82.29948116
83.38413497
82.81826555
85.68285242
83.72591755
80.69768565
82.30367957
81.96011028
84.66102562
80.59515252
80.95679059
83.97970904
81.15045358
82.74694195
84.15898691
80.91587469
79.44661403
76.19000958
80.96855697
84.75959864
83.98588025
73.95721897
82.10868115
82.62446063
80.36537891
82.64354655
81.31093324
83.61644090
81.56702824
83.57922021
78.81010029
83.86559216
81.98661865
85.60457700
83.11451523
76.04950420
85.27216350
82.18508432
80.66949483
81.75160682
83.92153558
73.94813016
85.26127700
85.09597568
84.11455484
83.07259912
82.99149391
80.25275433
83.25388062
84.99258559
79.20423761
82.16464925
81.46822732
83.58569666
82.39243821
85.68050182
85.69111067
79.14737443
82.33288731
85.98203377
82.47110691
81.49484371
84.74855439
83.37530738
83.95966584
82.98473117
75.76324041
77.63661334
84.61314277
79.27460051
83.88088022
84.07191539
82.60717289
79.65046671
74.67014149
79.69334226
84.13476433
85.98112141
73.28405250
82.08192701
89.26243148
80.17982930
84.21596632
86.99420762
83.35013374
84.05728778
72.13952210
79.67899226
81.62581578
84.81505601
78.46318069
82.37970743
85.41851645
86.89334619
83.81997289
83.71656844
78.02748277
84.25720633
79.87769130
81.26464379
81.19983559
80.18784491
82.38429799
82.76318297
82.10852728
81.63837416
77.38047831
83.68577031
81.33720007
85.32237734
85.17314835
84.93588961
82.11211058
80.55997198
82.78508391
81.90353856
81.00401833
82.85661117
84.70959889
82.37249362
79.14273682
76.19787431
82.00322466
81.81471668
81.56998097
80.66254975
73.92467979
85.86909007
82.18630444
85.36468610
84.24085153
79.95425035
82.82977313
79.90465956
83.30523435
83.75496295
80.06757319
83.61014087
85.49062485
83.94650176
85.38126406
82.67367321
84.82925947
84.81523163
79.09917200
79.29204173
84.66135646
85.06967327
84.59684346
85.39961035
77.55620236
81.91064691
82.41486652
80.36571543
85.73695079
82.84746097
81.62623000
78.09331579
86.02778499
82.94026234
84.40526269
80.22360195
83.15897081
83.60273290
84.24484341
85.77966178
84.80678381
80.45363683
81.49460011
84.55902975
82.55886666
84.17438917
79.69260244
83.02252665
87.41539657
80.54174507
76.30343915
81.89298136
86.77474554
86.35855950
82.46300089
80.18956520
82.77224485
75.48908671
79.65009298
80.67452724
80.66595364
86.90322561
75.33194652
82.40280226
79.77571928
81.99411368
83.21280783
84.77881122
81.05724030
83.58795016
84.76874848
77.85170748
83.27374927
86.11312216
84.65231166
82.77418324
85.81373374
79.62108209
81.11230157
84.57612298
78.99249602
85.24096429
85.82703205
83.61194659
81.84010162
84.92409551
82.74071950
87.22972037
77.41984683
80.59012932
86.06242933
82.46609605
82.35541480
82.34424185
86.61682377
84.58781615
81.36398450
83.65605828
83.15468950
81.76816341
86.22296123
82.38287606
86.41269603
83.87158695
83.38736535
84.86880097
78.64487891
83.70545262
81.47190068
84.52913283
82.75850184
76.58074652
81.81265103
84.68439585
86.73738114
81.27908171
82.69347466
82.99491048
78.61754421
78.84512025
80.37991536
80.82247659
79.53052881
82.73250274
86.21946251
84.02557419
86.06850768
76.18746837
83.97606209
81.49501166
82.27957984
80.97768342
85.71100017
84.31005530
81.57392400
82.70455619
85.12202837
84.69643383
80.88726354
83.93196074
81.91712953
79.96555651
83.89026541
83.06989775
84.66902852
82.02365322
69.12574530
82.97029603
77.76339867
81.53058865
85.22663049
84.34192090
78.74414102
78.69478409
81.11846358
80.73290819
83.86867703
80.89917915
83.45759419
81.98190213
86.87558875
79.00806356
83.22070176
83.12774282
78.44716819
69.81766000
84.07193239
82.87162121
80.32245875
74.06421735
85.22520580
82.59024628
74.04112956
74.54348687
81.27733391
84.55586500
85.91068948
82.16523379
77.72319556
81.60506039
89.70598567
82.36428958
82.30788871
83.67640126
86.29599787
81.10322652
82.08056735
79.75624905
83.94591637
72.44982356
85.26878215
84.10806184
84.40722945
81.48419816
86.51097214
84.51190499
81.21696977
86.66146128
79.69946611
82.17321272
80.77049545
76.81600937
87.16208105
80.43115935
86.09344406
84.94403889
83.05504855
75.58509299
79.33450506
81.97711380
83.93732426
82.55485655
83.73457481
82.28514248
84.03160589
76.97956156
75.69057753
80.99730714
82.03006973
74.17462714
83.50113265
83.26877815
84.69731499
82.68412397
73.94063024
82.03952056
79.17035572
78.77148277
87.00891079
81.66973311
84.14622934
82.38781028
83.37949923
84.84461354
79.71506507
74.46569601
77.23448697
81.73016845
76.26224024
76.61553332
81.66862039
82.76800645
82.44961783
74.55805678
78.23498119
76.28349599
75.87637001
82.44277588
79.72306819
84.91201873
82.01594968
80.85068866
82.13013605
82.92886890
81.06212050
85.63224693
83.27437976
82.09576840
86.27800533
79.85567413
79.11961327
81.78364879
82.85919252
85.05834417
77.03106800
81.94206296
84.25034535
84.59858519
80.95426798
81.82315832
83.68072425
82.14485509
74.75604083
83.96800776
83.78470431
78.63681385
83.11027246
86.18330164
84.55652034
78.86423688
74.59246329
81.59349238
78.79660464
81.64653224
82.11462054
76.64956970
80.35739225
81.77417276
84.59234144
84.00660893
85.57107442
81.26523870
78.27456576
80.42552427
80.56691809
82.05398429
82.01145790
79.08468881
83.45760847
79.14045807
81.37789859
86.14534964
83.71228783
82.35063462
83.02572614
85.83824394
81.86350168
82.31821356
83.42236789
79.33677012
79.57103769
84.76093018
84.54524787
83.75362784
75.11458452
81.65947456
85.60440394
84.52054537
83.83836866
83.73833372
84.31326060
85.23231168
81.87493348
84.22956130
85.10528724
83.48754073
76.22012438
79.99020139
84.57197587
79.91324354
76.46532950
84.38750068
83.79719630
81.21189928
82.25753977
81.01776480
87.21713275
82.57815205
84.48118509
82.10171120
80.73546339
83.70443553
76.22888206
78.33621537
75.68484404
84.64116867
77.74945880
86.94548548
84.71732259
82.29490502
83.53055963
84.30622295
81.40285059
78.87581359
84.19208956
81.32968306
84.02170497
79.26250348
83.66639647
77.35868273
74.73098265
84.17765194
84.05155707
81.85046533
84.87470846
83.09305118
79.34806315
84.14904259
83.36661575
83.20938613
78.11274388
84.32435224
80.26988153
83.25665428
80.70221241
85.94085338
83.34828156
87.13024004
84.55652034
84.69905582
79.12204774
83.74922751
75.91686044
73.43693741
76.72434388
81.67492998
79.55723835
82.99131774
84.61139378
82.67526626
86.15913608
82.01146455
80.51065302
82.51218725
82.95093266
80.64332776
83.80251548
84.43878596
84.41965968
75.37934059
79.81471234
83.51616551
77.84107858
85.23170126
81.33475517
84.57453200
84.01128362
84.60467957
81.62775010
81.54522313
87.76335120
78.33467752
78.31988150
77.69327770
82.36222067
84.59848404
84.87866922
83.09773881
82.43394686
84.77982016
81.62336689
80.86919545
78.15298284
84.24150514
84.60714600
82.89675764
80.19701322
81.37684486
86.50646058
86.82163712
78.40775641
79.09277911
82.67631070
81.79312004
81.54888211
85.16947323
71.70616518
75.67687250
83.45945207
81.93475166
85.37437754
82.09413817
82.41847803
76.97863504
80.59326846
84.06791718
80.90888862
81.97944904
82.98022963
81.60769098
78.74143583
84.94865178
77.28854027
82.39582731
80.79607359
83.55037215
79.42259292
79.79802762
80.10674103
77.63485494
84.61075766
83.91356790
84.15562297
86.01547431
76.05407532
80.03088436
87.26146825
83.01257638
83.19516675
85.80911629
83.88490951
82.69618245
83.78862819
81.10680960
85.15906285
83.79279893
74.83738698
82.90957367
81.68909289
84.69374457
83.11223712
83.76804391
81.81324950
74.94208638
79.68482992
85.06477359
81.52660143
83.46477608
76.77451008
83.94407858
83.92390660
80.41416398
80.85536759
81.49868663
82.87548141
85.02195171
82.74089448
82.71315389
88.85777255
83.78776230
83.47121248
82.18969693
86.31905051
82.43400248
82.03197364
77.07125431
76.69489440
80.83505692
83.62431127
77.93942763
82.78537971
85.15535056
83.78075564
82.70018508
85.23715635
76.83275110
77.88869123
83.50366374
83.81488364
85.12596266
86.05442924
81.35590680
81.75917225
83.20734428
83.18006169
81.59712855
79.23679436
83.95464835
85.60449932
81.00839809
83.82355317
85.00364950
87.46324489
87.36264003
83.30702808
82.22946601
85.33251310
83.03510961
83.04673741
82.02880108
83.75025454
82.58973476
81.16900937
78.34339600
82.61816381
83.29505863
82.42954176
78.49644412
81.79691842
80.44031034
81.02004651
80.28262447
86.10325859
72.86975121
78.70660470
83.20989907
72.04794043
84.12391194
80.88191264
76.31768205
81.82980799
84.35741992
85.43201025
81.94593831
83.23377469
82.85819464
87.27835315
83.15270158
82.40356815
84.58271689
77.82182196
83.06428073
83.24066036
81.58859237
83.65151769
82.50513785
77.43857136
76.55090526
85.77138169
85.28704878
81.01346816
85.73660728
77.44652305
84.77966221
83.28431046
79.02228974
83.65106607
84.14109429
84.46012926
82.87718189
84.55933493
75.77141729
84.71676662
85.11055551
83.61972434
83.83412393
80.15970194
80.34131713
74.02220887
77.56389443
84.44554427
80.13854844
77.10539571
77.41083544
81.04241708
82.16269853
84.81315933
83.56234570
83.55799801
84.77071759
85.54058036
84.07971561
85.64893736
88.09442511
79.10428815
80.38061774
84.66833076
81.75941032
80.03985148
81.66805918
83.90559104
81.71903042
84.83561040
81.72761905
86.70279909
81.73985374
74.23949336
82.87167231
86.14328225
81.83918458
77.14404981
83.24066036
80.17771805
82.29675936
80.89167320
82.50544895
82.14335987
84.33226130
81.35262517
80.71884060
84.84632912
80.67228341
82.90669314
80.44119506
71.55350457
83.42011916
84.81851806
84.28937595
84.15084989
85.02700411
81.29147740
78.52598624
79.59692010
82.63372818
82.09288408
81.93896265
82.02171162
82.02554286
84.28627146
84.23937169
83.54500670
85.06473724
82.58465624
79.83416300
85.83976551
81.49941935
83.70705856
80.02563514
84.81988537
83.80325173
85.63492576
81.82639280
83.47306912
78.57878001
79.82478977
82.06578103
85.60171875
85.82771736
81.89424463
83.26377571
72.36824015
81.07618518
85.00494878
79.13645252
78.96899641
84.05310758
80.22635550
85.63519867
81.62805844
81.78699016
82.00314642
85.86299080
82.27183711
83.06008083
87.71972555
82.80120728
83.97317680
79.63497632
85.85850641
79.25084465
79.60129605
80.56836441
81.91031535
74.43776965
82.33554962
81.28599093
81.46407724
78.20383394
82.69359093
88.97258158
84.78816084
76.20680806
88.00816659
84.20883416
79.44083321
79.18056861
81.84996647
86.06147030
81.26303441
73.68623317
76.16328085
83.39377629
83.87866467
80.88600653
78.09278571
84.55976701
82.79970391
85.42912620
85.21392951
80.00055672
80.82223133
85.39317351
82.94696001
77.55450910
82.05988874
71.73880581
85.22245414
78.82257734
83.03238006
82.11617503
82.20279759
80.14096811
84.12518625
78.11199637
80.98015142
84.72144945
82.30743111
83.16950036
75.30864420
80.65315079
83.11587050
82.07192761
78.60680938
84.92496953
82.35006487
80.87378203
78.33516284
82.67158001
82.56974000
82.69874634
83.05595382
79.08126325
83.86321276
79.06486449
84.24816401
84.49371413
83.60682333
80.86488472
82.64386385
83.72124214
80.68475870
81.99645424
83.83523529
80.61792766
78.50396603
83.66750977
81.24487406
75.88717233
82.48603302
85.99352315
81.79828126
82.23795441
78.95516638
81.47036881
86.01287905
82.15613869
84.03622604
82.25351197
82.04869243
83.80192029
84.11500446
86.41803593
84.88702213
83.62910033
83.75268987
84.02638621
80.64967538
83.02366469
84.00974023
84.28126373
77.06501723
81.90345045
83.83729030
84.69342395
76.67975906
80.16555419
84.75782662
82.98898090
84.23819220
82.85601021
82.49399952
85.13287944
83.15850928
85.26990184
85.61547915
83.49658209
82.62654164
83.56246946
85.40405102
83.79999630
76.86528425
76.69922876
80.38298716
81.25666716
71.06853539
84.01478216
86.93879572
82.72958401
86.20715595
81.94212086
83.79546636
84.95773619
83.93600502
85.64055248
86.46364647
80.74657459
78.09886657
86.76070284
86.47522199
80.04246199
80.71532121
84.31137265
82.94430470
84.49857539
82.74503041
84.98527174
82.74170062
83.67578419
81.72578447
83.67945415
82.92980862
82.41075815
83.87807122
79.32639298
84.01434508
81.68205761
81.34101734
83.21745674
83.46509448
83.37910271
84.79253448
82.93600730
74.43793213
82.89552053
85.80899696
81.18535221
82.87217902
81.02546223
84.64325334
81.46482140
83.76626815
81.77486097
84.06439050
83.75132830
76.53814326
83.36939760
82.88855301
82.66323392
83.31846540
81.11746461
82.27020431
79.78870522
83.73853726
79.86201077
83.94692704
83.82357226
82.05316886
84.26454341
82.58843739
83.44141243
81.81528185
81.25173266
82.96713069
79.52350459
74.21861206
83.61454030
79.03432073
82.92214878
86.19784093
77.14133531
79.71250487
80.44618995
83.36153896
82.75943749
83.22945096
80.60391175
82.83812863
84.72505767
83.36994989
84.34515935
82.84730717
83.57763148
83.75418572
87.66042245
78.04726305
84.51517852
76.44926687
81.19904666
83.82798122
85.55162579
83.44392649
85.19535179
82.62313508
84.36505168
81.32841527
78.58641462
80.01578501
83.40937779
82.18426034
79.10077447
80.23932807
74.04411147
81.66583264
84.32138824
82.97271520
83.60486560
80.12837508
81.62277261
84.11077950
84.35807680
82.23816679
77.95520585
83.07950930
84.18988214
80.79874771
82.99973960
84.36679993
76.40283417
82.75720510
83.52227331
81.33159168
83.97395370
83.88308280
84.76601747
85.99484123
85.65458780
81.81752168
82.55765533
81.86015953
82.06042059
83.35078146
82.88975974
78.78468703
80.61394631
86.17263374
83.48629195
76.53104757
84.63367780
81.93914314
82.59803759
82.59979485
79.53759277
81.67323323
86.78022512
80.36960588
79.91878509
82.27180368
81.98074227
83.62375243
89.66675192
84.42904608
83.65367458
85.21436172
82.01400709
83.69720038
83.81499405
85.12583890
82.83125771
78.89198882
82.01209169
83.99018124
81.35562948
82.74016334
84.50809535
84.96217458
77.84249337
82.33312020
78.39334540
82.13022605
84.48695437
79.44063966
81.43304193
84.63998378
81.94615539
82.70802259
82.04853746
84.64818260
82.69396540
85.52136431
83.36090677
76.89788556
81.44658798
78.42046882
81.52633398
81.75729620
81.95227583
84.05870048
86.34247894
81.73844362
87.91877032
83.44807644
83.70676274
84.43801305
78.28216977
78.15964205
83.80479852
80.90999928
84.17288321
88.79616461
75.50419651
83.07739759
83.16606099
82.88544714
84.01771443
84.16506097
81.89905796
85.33466665
84.01028670
83.68060143
79.54977463
79.41376820
79.12273051
80.89333216
83.62846047
82.34411626
83.63030914
80.04903943
83.13174578
85.20345361
82.89178686
83.72623616
85.43723411
83.87876103
85.64084838
84.07752647
83.95353435
77.76992886
82.46130810
78.70733599
83.37601830
78.28506273
77.36772606
82.01336761
82.32241548
85.97781755
79.08802995
81.12630593
81.76885329
83.74641880
90.02786139
83.27680230
78.98190274
84.64263104
80.87794875
84.37633944
85.32644246
84.21204728
84.62221530
80.09583803
83.34306632
83.03350283
85.72735277
79.10805489
84.71846844
84.87421078
82.23805267
82.83589488
83.68759411
80.14844772
85.71069020
85.21876935
80.86645741
83.68283312
84.67557405
79.30978622
81.22271098
82.23525797
87.13594470
82.29607885
80.84962755
75.33775990
80.24726404
84.54390325
82.30641207
83.29006003
83.09319837
82.86739309
82.81057046
85.67385916
84.23160445
84.34444736
81.89110423
82.06751051
80.87408789
81.64577904
83.07847980
84.92349828
82.80135673
83.38221777
75.90541667
80.95845322
78.21526415
84.06262017
85.29099545
85.87554934
84.48952672
85.39026606
83.19118455
71.77264990
81.52995842
82.37741321
85.31853721
80.68956613
84.09219447
82.46946902
80.88668003
84.33224414
83.24402051
82.78567751
73.49586492
79.91963822
84.47484519
83.34443371
78.52194349
80.59326846
81.94918339
84.03847433
81.32891404
84.54564229
76.41473414
83.87259064
82.46088396
82.17812844
80.79688758
83.11451523
74.94421615
80.49857858
82.70360877
82.53049460
77.34166279
87.49598365
80.19986408
83.35635371
81.97589945
81.18862411
75.72788459
84.76893491
82.26028333
83.44845878
74.13103311
82.16020211
83.58129296
84.09883523
86.11576394
81.18163438
83.52736707
77.93799003
79.29687114
82.62131258
85.92530207
83.12949044
74.56082306
83.92696065
84.04268321
81.19967340
82.95597039
83.28834046
83.26308612
82.60659760
85.70429317
84.21450057
81.49294735
80.93432052
84.81183312
79.24274871
79.05202830
81.92014299
81.27870073
78.07742115
86.42006862
82.28599339
81.13150802
82.03641820
83.86589251
83.84171870
85.65443198
85.04584394
84.39866754
84.62368718
84.07328227
84.71099304
85.68156830
85.56547634
79.89890882
83.98749071
82.24789946
83.27172821
74.88551436
83.28994407
84.31688731
74.22693865
77.09207118
79.50237371
84.49149360
81.53701473
83.38873538
86.91499148
76.30737407
81.85102881
77.82260809
83.08535605
78.50586433
80.61751434
82.31763914
71.91056822
85.12077217
82.93122938
83.62102804
74.97995090
81.38113705
78.69349585
75.92008200
82.61899637
83.56054193
86.11389381
84.58576710
83.46890708
84.60977490
80.02433801
80.08847742
78.96361940
82.97092170
82.27200501
85.72549177
79.98926847
84.95205504
82.16020211
82.22697749
87.21828985
83.02961187
86.24796996
80.29677876
86.57230520
75.64556129
83.54360723
89.16525476
80.70102328
82.38984357
75.08898591
82.16420753
81.32178528
76.88305565
76.92042788
85.41261733
83.81224733
82.95818228
82.07490471
79.68774820
84.50169174
80.52782227
84.02955332
75.77141729
83.51430806
79.81544322
85.23307281
83.39574691
84.00748260
86.02786354
83.18367400
78.96182323
83.24066036
75.75449998
85.79470490
83.19706173
84.96723427
77.24352862
85.63535355
82.15010269
74.85982255
80.06650280
76.63373793
81.41011882
83.73792723
85.02252588
83.94020169
79.63739815
80.38014838
83.08531365
81.95476633
76.10593328
78.71090264
82.36010950
81.32796112
81.67834294
79.18170065
81.49918734
81.76619088
82.96116014
77.15509189
87.19927270
84.36832556
82.79496165
78.81615442
82.15824397
80.86556880
88.41932229
79.68793925
83.78992728
79.27379824
84.80762342
84.88852387
84.48708348
82.63191227
80.45424940
85.00425802
80.07302311
76.28882308
87.75069948
85.41514176
77.25648334
76.89193737
80.43688690
83.43985749
82.08307822
83.85734680
75.91079942
80.97509924
82.31810185
80.45424259
81.97116045
84.82249809
80.64044514
80.51916946
82.95183752
83.09760624
86.09526232
82.48974277
81.55798231
87.09160824
77.75239814
79.48248410
80.01028501
84.65036217
84.47372126
81.45217639
78.75881565
83.39663020
86.43692710
80.98987861
81.69905246
75.18082223
81.80763056
84.40659080
84.98170493
84.61518133
84.11271937
83.63361575
78.83183792
73.85279787
80.14696188
75.92247768
82.84862205
84.16410000
80.98408961
82.57662211
84.70631307
82.16641675
78.26299987
76.42487995
85.56820913
82.48048747
76.91588092
82.84402154
83.37528026
85.89948703
83.38675795
80.85219613
82.48206061
82.92815231
83.35832693
80.12186315
82.67680362
85.38048010
79.80090543
82.11322279
82.24692375
81.54423840
77.27624782
83.77858494
83.49952453
82.76208634
78.94002665
84.44185957
84.42339894
84.56547465
81.93167347
81.49368925
81.26973789
84.73811798
78.74618201
82.04996414
83.09809926
81.46728857
83.39011073
82.43385581
81.28007207
85.64617570
84.38593053
80.68802629
83.42976773
86.08079274
78.82336641
80.82316871
83.27100313
77.06721777
85.24618761
88.41871048
76.38446095
81.21948615
81.65195636
85.79201867
81.80322220
81.15373402
83.85505902
85.22329837
83.14850777
80.20638213
82.48380094
80.77802427
88.81506138
72.57415338
84.10421566
84.83914649
84.26120174
87.37433916
84.33526920
84.79861103
85.75468553
82.32386163
73.24532038
82.05456053
81.77474367
80.94508419
83.21237077
80.31192096
73.31207537
80.99890027
83.49691856
78.16164397
84.44202596
81.70671899
83.35981948
80.75892298
82.87674354
84.81838093
84.54580670
84.73267836
86.05513032
81.15488832
81.06871563
84.34997804
78.16645563
86.27210370
85.21333324
85.13625273
73.36472362
84.32502875
83.25860872
82.71681592
84.49643908
85.08584700
77.89798559
79.46347628
83.32738946
82.45463475
79.54797783
81.92294458
80.22981573
79.85796061
83.52684370
82.18320577
83.84709005
83.21084190
82.51270311
81.81521903
83.71923012
81.00084482
79.66479250
81.00616332
78.92255324
83.83895466
84.11274855
83.60721410
76.95559841
77.08258759
84.40452131
83.04601865
82.83059143
75.74375153
85.00820802
79.54807548
83.09424775
78.37885519
78.33150039
78.88944976
79.36647241
81.95783907
74.57603982
80.90418116
78.62619819
82.10710892
82.24474047
81.54671841
82.89284418
86.33152720
81.70626314
74.12828194
80.37531630
80.79449036
82.96310994
85.82854050
83.16562559
82.08602583
75.90668435
84.49856295
83.64850696
77.71263356
85.09847523
82.83402509
81.40248369
83.81416916
85.12432330
82.50801057
80.10262310
80.84890330
81.56446299
80.41560560
84.47451543
84.80014484
82.28286593
84.57557031
82.47842809
80.11349953
83.63335761
78.04675776
81.12990599
83.71757827
78.96647103
85.69281437
83.95517342
84.59752028
85.24747141
78.86413392
78.08118288
83.50249126
81.68977783
81.44335244
83.29253812
85.55995035
86.30773657
83.54531198
82.47550387
79.09725697
84.23385307
84.58607122
81.80542930
84.40459530
85.99094061
85.49028067
79.22621188
80.93580837
81.88340862
82.08619239
85.15912988
82.69305644
80.98023442
80.80458293
82.65482269
84.18527930
80.91179801
84.13960864
81.66704306
79.31001626
84.29349638
83.17249012
82.31539673
86.42995356
80.45267525
79.14361274
84.09890126
83.13036631
80.71353781
82.31422677
79.42326551
82.95919319
84.28434496
76.87149049
80.43876765
83.47650310
81.43372449
84.29905122
85.27671180
88.45792975
82.44468982
84.63027863
81.07618518
79.53179036
82.20325843
83.88418033
84.58455102
79.78694418
83.51759659
84.22016380
79.55181584
77.04809122
83.13872794
81.51826040
81.77386636
84.11953818
83.66203474
83.52441048
70.40911908
73.50880942
83.05849633
84.17894349
82.74630253
86.53584747
84.26039834
80.37024429
75.65940674
80.34819667
84.39612621
80.58855723
84.64997763
87.63504447
84.46868649
84.81659373
85.60713321
80.54406847
81.90122183
84.39201584
79.29772121
82.10155779
84.99288441
81.03393282
84.16523410
85.47856365
80.81771764
79.23226422
83.68793327
83.40474484
83.18054418
81.55906627
82.92336562
86.25645616
83.55786155
77.42980894
79.18902847
82.05851029
82.97073118
86.04872764
83.06626667
82.87112045
82.36883465
77.85851965
75.32357400
79.60753454
85.46497096
87.83265284
84.28907091
78.36890943
83.14398865
79.55041839
79.64355718
78.34001605
80.44958529
73.78077709
81.69900404
82.90730726
80.37636911
71.28531815
83.51878717
81.54707654
79.56958077
83.72191423
82.05697465
84.47411905
81.14472564
82.85122828
85.07077794
83.05387132
85.61297535
84.04201071
84.42447522
87.69124127
81.70230829
81.32685042
80.27542436
82.23154917
83.50885570
82.13526560
86.54186623
79.87694510
80.45298742
79.70992030
81.70296897
83.59334602
83.96372786
87.19227864
80.11246676
84.25464422
81.67167407
87.35805293
82.49106035
81.48424714
80.60469268
81.13619895
83.24072245
79.51406154
83.70489955
79.89606327
80.15923865
81.79930300
82.72869741
81.16113072
80.60950815
81.73912443
76.26954789
83.31254107
81.04042002
83.12289718
83.35654668
80.55139494
84.20413019
82.68257562
84.19018016
83.43484533
83.83326451
84.53334042
84.92034694
85.05848349
82.65142664
82.63329036
83.99336119
80.84442290
80.92576915
75.48186280
81.54097015
81.94975954
73.69696611
82.31036349
80.25063763
85.16134403
79.29330072
82.98374054
84.17912507
81.98777294
84.59853360
82.49924541
80.04210096
85.56299255
80.71136355
85.04152610
79.22409183
82.04543890
86.14268677
82.59402752
80.37508485
74.68938940
83.76931337
82.69567694
77.74178526
85.88758060
74.65162706
80.47609066
84.85436342
84.11467879
76.72882054
84.73026358
78.43114344
82.11120450
82.13571551
82.74044254
82.39705277
84.73341483
83.36125371
84.19104209
83.15493413
81.41548806
79.77047085
81.14621697
79.07849291
83.76708183
78.44310711
83.70931866
81.37533820
84.22039440
80.15532142
82.36389205
79.18833510
74.43744543
85.61293840
85.23939328
78.99257024
83.08999729
81.74145413
84.03076800
77.67315304
82.60018220
83.84221311
86.73227760
78.85188917
71.07079933
75.49998384
79.39568704
77.50504010
85.65531643
83.70446117
80.95677978
80.76792920
80.37896371
85.43720735
81.18684791
82.39382957
84.77287788
82.38056113
85.28108374
84.59162882
75.86237026
82.05187000
78.33648007
82.29058394
82.26151329
82.80994839
82.99251260
80.74497844
80.52900288
82.85924959
83.93174051
83.00954131
81.82029330
75.53648956
86.79981668
84.31240016
80.69586539
81.56271892
85.13832474
84.44785751
83.37233994
74.84829212
82.21143917
77.46934513
83.02277761
82.21220812
81.64285153
82.74027975
86.16678617
82.02303565
81.66739677
78.85155942
82.01081154
81.34213903
83.52448503
85.62385449
75.09273559
84.77953215
83.26057475
81.80049287
85.37234398
81.56344631
81.23018652
77.09715392
83.39092039
80.64300184
83.58548446
77.50749896
81.77001828
81.25841735
81.37025613
83.97094600
76.94956419
82.85419521
85.31184825
78.42880158
81.29367780
80.52020474
82.09306638
83.33708979
79.87637171
81.64601946
77.04781414
82.07936048
73.93619930
85.07038497
81.35885581
84.81135430
84.51013397
77.10776345
84.93968683
82.99383329
78.64094367
84.11869790
80.12015150
85.18718815
74.21228956
76.87965253
85.72581686
85.24527422
85.92420270
83.97393419
83.52871225
86.69138315
85.12563483
81.83097801
84.75426362
85.73176551
84.79358256
80.87658839
83.76114389
77.94596949
80.81324675
83.21263241
85.21125169
81.65552134
82.48085207
82.01978648
81.33949125
82.87455309
79.05608069
82.32111497
84.42966660
80.24109084
82.98051966
83.55158672
83.93873611
82.57495809
82.72051528
83.59740741
82.74266410
76.37549336
74.07312861
78.06171493
82.92695506
84.41402237
78.45028289
85.24156823
85.00837552
85.54850127
79.66196731
81.67826376
81.73368771
83.47881103
82.79640713
84.59755062
79.58147589
79.53336290
84.57777665
82.44997028
84.81742990
85.63238370
86.00620527
87.70594764
82.88766857
81.83330639
85.12418985
83.90564123
78.06018978
84.68745206
88.00800920
77.83224183
79.91379986
82.75538926
86.99346736
78.52762418
83.36062120
86.54444533
85.51818535
81.47710576
85.53204215
80.12060903
76.84430534
82.30217036
83.83569150
85.49072763
78.96066966
83.26249000
86.55544707
84.51346323
84.99266224
79.07236130
82.84256423
83.21289585
85.92308312
84.28697168
78.75192654
83.18810528
74.64240131
80.39098702
82.87051526
81.59403311
88.02186863
84.00660274
79.77452788
78.49292653
81.93608897
82.38315057
82.76506615
76.99740458
85.40144468
82.68829153
84.66484888
75.52164538
82.58364805
83.00082589
81.60618609
83.84240535
77.55099689
78.69063475
84.66630588
82.14919811
80.94747472
86.72193821
83.11580071
77.41833739
81.87515828
76.80736029
81.50939791
79.94438934
83.65715204
85.24132104
78.85350877
88.29165393
83.66243350
84.47827875
84.62362329
83.98829101
83.97953006
81.84308603
82.41205939
82.85733759
79.67155363
79.02229578
84.40610592
80.04057965
71.73372866
85.05829491
77.52121446
79.05103164
84.01451495
83.54310071
80.91592530
84.51218775
76.18367074
85.87575377
83.40421411
84.69197834
79.96867687
82.22373408
85.86224917
79.93777463
82.42923212
82.40589273
70.37538944
83.24716709
85.86240387
80.70365963
75.24759229
79.50453845
78.21100545
79.34551790
84.46064008
80.33412603
73.67132745
76.72208919
81.10707085
82.90695511
81.02113774
82.49158931
85.21346591
82.41639645
85.58780905
85.10263694
81.59689422
79.03302468
80.19387655
82.49030433
82.72310109
86.39025619
79.34229628
82.71935342
79.70990437
81.73020797
80.23830135
78.28773447
84.99617296
82.11672810
81.22107387
78.63876231
79.81161624
80.80571799
83.77341256
82.76904014
80.52065762
82.21673435
85.97468167
81.42483192
81.30814442
80.87970512
84.16127104
83.56525508
70.78429892
86.06024821
77.18951644
73.57249004
81.55433765
83.13653482
82.69922794
81.31505908
80.11030576
83.25961289
81.94246641
81.88499208
82.82764324
78.26698547
86.64314183
83.11362639
85.15789627
73.32754378
84.49760326
79.30351691
85.66909732
81.89366223
85.00478989
84.15461180
76.83702784
76.86066924
85.76101427
82.98227758
82.36945328
83.08375096
81.16712702
81.46772835
84.06204542
81.48711609
73.10857163
86.05863806
82.25675504
82.53989454
82.37969940
83.08227852
83.80895891
82.03192268
86.42893741
81.11330098
81.92228639
82.29823799
85.04250257
86.25824763
85.48794302
81.42364054
84.42763743
84.40986415
85.06095278
85.22067086
84.94038363
82.35937782
83.03385427
84.55707307
74.38009132
86.44661304
78.22218540
83.22236389
82.08802611
82.88876068
84.33432268
80.31607024
81.41744200
81.70608479
77.12464940
78.19388818
81.39898499
87.04400214
82.64538474
83.71956312
82.20355367
80.71664702
83.70134728
80.75134499
76.79656881
79.82273978
81.56962881
78.94008533
84.18019951
79.51092120
79.96442784
83.48410265
83.50944466
76.50326100
80.56377400
84.82659160
84.12054350
83.22206878
82.93885194
74.22277723
85.76952970
74.94656651
83.44574950
82.72921263
82.22165002
84.12106997
81.25261905
85.73199653
82.78779346
82.83372848
77.46949270
83.71857971
80.59601879
82.90423880
86.14733870
84.38779130
82.01145457
84.47590559
83.73705144
83.99376734
84.03636525
81.07103666
83.06637370
82.87737266
81.74547204
81.07211372
82.13818950
79.60193732
81.99598900
83.48376599
78.78424454
85.64309374
87.61723225
79.58577245
82.72730075
83.28705652
78.72497896
84.12973248
84.89684290
79.41651062
82.92479215
77.34135985
84.51757494
83.41835375
85.28195510
85.34566399
86.68705749
82.19594931
81.17405186
77.36263209
74.20617316
81.19910256
70.41275497
83.81739231
85.74040034
80.54991145
81.94331702
82.40394967
84.63723894
85.02278857
84.45080015
83.17591817
82.23361681
78.05297287
82.98995590
83.29871002
84.13652525
78.40830782
83.26224960
79.87508519
82.50696380
84.95026258
86.84143231
80.16914437
83.49699370
83.01599053
82.25260476
82.85222617
81.33856677
84.21773854
79.50212099
75.37147991
81.21979447
79.93101586
82.37589519
81.96881153
83.97169903
83.92420899
85.94032636
74.30421441
81.31855860
80.18558701
85.19622167
83.97384428
83.37577359
83.01933670
83.09185331
85.54659913
77.52267877
80.43414419
78.35206803
80.72754368
84.69677896
85.72060867
85.99897943
80.75534994
81.79503352
82.15277448
78.86216563
82.71053535
82.10315841
85.76293954
83.91704355
83.67150387
81.71601081
85.18232675
86.06278832
81.42568013
83.59097897
80.20314677
85.40290210
84.54735052
80.53122093
80.87015161
74.73303730
82.43245645
84.57233631
82.90317039
75.74492139
82.94658349
83.38984085
83.60023567
82.95925959
85.24903118
83.01993361
82.87160570
80.31927651
83.30468055
83.67132201
85.71822782
76.94777967
82.47411655
80.16415949
84.72062044
83.32234306
83.37341013
83.32729444
79.29102594
84.65192062
85.08493237
81.82346099
83.92273626
84.11082306
80.09788067
73.58097639
82.69092688
82.60294724
78.08832564
83.27214252
84.97843813
85.16202653
79.11648299
79.66260082
84.29132706
82.07562887
80.55760529
77.79014907
82.73486785
81.44121762
82.20082556
83.92423424
82.49915382
82.26684153
80.89444706
74.35451258
80.64345422
85.05554182
85.07004202
84.31160267
77.28144319
84.38573829
79.91777183
85.77387641
84.09475696
82.45623767
86.18675078
83.37819530
82.57766216
78.74910315
84.99754839
83.45935595
84.85111201
78.75891658
79.56731383
78.07549758
79.44931414
80.91331918
81.85061697
78.91195555
84.14298701
83.81211016
83.69794715
82.27141652
74.47125167
78.57027834
76.23033931
80.97425972
85.65212501
83.46929409
85.48472142
84.18922923
82.91900546
83.69909397
79.04143119
84.34355786
79.20215529
85.61832625
82.97177440
83.29124247
82.45257233
86.37239097
83.49845071
82.80795526
81.57180423
81.28274965
84.83337339
86.25535494
82.89407345
84.95338834
81.96455024
83.24414375
83.67901181
82.02946284
79.25219966
82.50386074
84.42466993
83.46435693
81.29212672
81.35597181
79.00328356
82.68570370
78.61645107
80.62167324
82.57302273
78.85907599
72.12797985
82.83606752
84.00817647
78.77056032
84.50985140
82.32130268
81.66923686
80.81201479
86.77429648
81.81317290
86.34980631
75.69895044
83.32130233
86.78099219
74.22903717
77.81515260
82.32199715
80.94759073
78.06445789
83.72986734
82.87432802
79.68267990
81.70735853
80.76879890
76.12285724
82.05863856
82.22324493
76.16237272
77.24515297
85.77174320
81.74372745
78.96891250
84.81415002
81.39571452
84.32929243
81.64108949
85.33030262
82.25272609
84.60369546
85.99273503
82.53130004
74.86567300
79.65646486
86.05922384
83.52029069
76.74909763
83.15146832
81.63248356
82.19957731
79.98994682
78.28808606
84.76973086
79.28785486
79.45869705
84.26277947
81.19861292
84.97652758
84.86700572
83.83917026
82.37103776
78.93755289
83.01994282
74.87664104
84.39526371
83.40672768
82.33867880
84.23060574
80.99122863
83.04436071
77.09174035
81.14794724
83.71924343
83.40752004
84.83260597
83.60433437
84.37179841
84.05210942
85.28858987
81.09134643
82.06720445
85.92748937
78.53066081
84.43723533
83.86451673
82.11516890
82.86923696
81.79654954
80.60009091
86.20293106
83.35035797
80.32182095
80.48682788
85.95265584
84.68937758
83.03280727
84.74742922
85.01920224
82.60638471
79.88312835
80.41086259
83.36873868
79.91174675
84.75722083
83.03659184
84.35909389
83.33565890
81.13053594
82.76219788
80.22128429
86.24632940
83.19618912
79.31474884
77.50794052
81.34065318
75.16316063
85.82019275
76.31680703
79.20383741
78.86759759
81.48123773
82.51671146
82.01274225
83.13346886
80.44344215
81.92552410
80.57234380
79.70180267
80.09955952
82.92363442
87.07387387
84.40255296
84.29177983
79.68358032
83.63142356
80.90150961
83.13432795
81.81164611
78.66202067
77.98391903
84.09906795
81.37941484
84.86420780
82.25697306
83.96080832
78.24598975
79.11232233
76.49220523
84.01562220
82.41055630
80.65192645
81.90031384
86.89225455
76.27986765
77.47369835
83.87334364
81.67385220
86.98000281
82.65864051
84.78111983
86.15748495
81.81480855
78.52225424
83.42239025
81.62917651
81.16227092
83.77583479
85.74693538
77.47699587
81.45254942
83.81134407
84.71632250
83.16522338
83.07995793
80.39467845
82.21530107
83.29751993
81.81193099
84.97250194
82.88701445
84.79103705
83.39356962
77.39933766
83.02835715
80.63604419
75.96555242
81.34589330
78.07638612
82.79340956
76.43360740
83.90576523
85.95107900
79.88789411
83.74173986
80.63196408
84.93170044
81.58219029
81.19726053
82.33144618
80.29693624
78.82642300
79.31981333
81.72089766
84.92516783
86.75367887
76.71981623
84.35361986
80.12372244
81.81611553
82.43287163
75.38842712
82.23431061
82.38689349
74.33088618
83.40321017
84.67251899
84.06620885
83.27463664
83.08609986
74.90021642
83.37537673
83.64468816
82.54770722
82.36920912
83.23478615
78.79555134
84.57033384
83.03062643
85.61561034
82.53742892
80.49236898
84.35763911
81.34171618
83.40961090
78.69505545
82.19702694
79.53732257
81.15205297
86.42623492
86.21038542
83.20504936
81.73282001
81.76481302
83.43738208
86.24867237
73.14432298
83.08554610
79.17339636
76.29468410
81.30799458
85.62132187
83.69202401
82.56975811
83.77615989
86.74514694
83.53014875
80.36224224
80.96094925
79.85837426
79.42024625
79.69539030
79.49969494
84.75937608
82.34150805
72.79512407
81.16321651
81.80253141
82.95351676
81.22648876
84.10802617
83.21905669
83.89864028
83.42732811
82.65515728
81.54272338
85.68223983
85.14566493
83.44884099
82.01078449
85.42563381
80.81052380
85.33647152
84.94785243
79.07494812
84.17465617
83.07335431
77.88841022
81.73086187
84.39804627
77.38226533
82.48530137
87.84802580
84.11172412
78.32007832
80.41708489
81.30916714
84.06895416
84.39554487
83.92868680
75.82804041
82.61639351
83.18890737
78.73124722
84.03077165
74.19786919
84.87414156
82.73583983
85.60736937
81.42886223
84.46677115
81.19046535
75.39951497
82.99369320
83.50456680
83.37850852
83.45983184
83.39653492
71.88827810
84.90441993
81.66923686
84.90564439
82.74199982
86.21303339
87.37108376
80.79550675
85.05402230
83.87273741
83.18976835
82.74947028
80.72458620
77.72607530
84.54531814
81.28691677
82.71094852
84.59747757
82.26070802
84.43426995
84.79599050
78.62421950
77.96576169
83.92153378
82.71088881
82.36672762
83.32970089
77.49149934
83.60542239
81.69770082
81.79693896
83.10257768
82.58102335
78.39937214
86.17171313
85.89721550
82.11803532
82.51474654
84.92154354
80.25399922
83.76927502
82.09658018
78.25811336
84.80989626
85.56568699
85.75859236
77.31010119
81.49057453
84.91271414
81.07691206
84.63570318
79.72613635
82.20766895
83.61992361
86.89256756
86.10414332
84.80766899
85.46457683
81.28631268
79.90129066
76.18320154
81.42864020
83.51499501
86.70747328
80.58043032
84.30943340
84.34887585
75.22146902
83.76634534
84.85345007
87.65621907
82.68100553
81.23891569
80.15774279
82.18894807
80.12022788
90.48207437
80.23705482
84.31237336
79.49964926
82.11548016
79.91699052
83.03625103
80.46818036
85.23596050
82.64834076
76.87329887
86.63336296
80.60058749
84.27115552
85.75127962
77.76434923
82.82823976
82.43654756
79.34982259
78.07838307
79.91567759
83.66553100
85.04589287
83.58780602
82.49439225
83.87901418
72.35912552
84.74944830
79.16490892
73.54911878
84.70085780
76.88995608
80.67251179
86.07491232
82.89180885
83.18655180
84.79424043
81.37535888
84.55162526
82.03584529
81.68557842
84.94601852
80.41322527
86.53663968
80.48758868
85.88779625
83.80696851
83.22882357
80.45917205
85.11082269
84.83143351
82.75677088
70.74898893
84.18597494
80.56002767
82.65178727
83.86783856
82.55110759
77.54394406
86.77641144
85.64894836
86.78936645
82.69667082
81.80910343
80.24258376
81.23410715
77.66162519
79.68291071
84.49641978
79.24643977
82.69305644
82.74860736
85.70517325
82.05532184
82.84245354
76.54454136
72.28191307
78.88620388
83.16642682
85.24519304
81.68702042
84.20958498
85.40822472
77.52369174
85.93355375
82.99138974
82.13857485
82.27400794
74.71357355
84.91399705
83.23926305
82.64098585
75.93061526
83.35102784
84.64992805
83.32463631
81.76501077
85.26391008
80.44210165
86.92416621
83.67736269
82.58780467
82.95007719
84.42007551
79.88248172
84.14281361
82.52612277
74.49681003
76.97963047
84.71059246
83.66614738
85.57106582
83.80486750
85.31046126
80.13413875
81.33935416
81.40865576
82.07111944
82.36770907
84.06604809
76.62114703
87.73624887
77.05703487
81.80287632
80.91676653
82.14743875
83.48374575
73.65006924
81.17590622
83.47538602
82.75640942
80.51435512
81.69804993
78.62968289
82.48956350
83.22351289
84.88753434
85.81237700
75.70568682
85.33719258
84.66293541
81.63796334
81.37758542
84.15085583
82.71987151
84.04559423
82.31091555
77.65436476
82.19200490
84.45638954
76.28900819
83.89419800
85.33723079
83.82405665
82.05749987
82.99493008
84.91713358
82.38027040
76.97078534
81.35690867
84.30060958
83.57899541
83.12725088
84.30911216
86.36291783
75.94088880
85.48409680
82.29069586
83.59656240
82.58448586
86.50555778
83.18145999
84.46912616
79.91044381
84.11356616
83.90459028
80.94427827
81.92523780
86.18687205
80.62749471
78.90441297
81.32206914
83.11755735
80.90434293
82.67788250
80.72870497
82.35941043
83.78937277
78.91707281
81.94871383
82.52944978
84.43310268
84.06899903
86.78484484
83.61862683
78.68094018
79.55483951
80.96596005
86.60189189
82.30290235
82.38431415
82.32610667
85.88306114
82.14299044
83.61581961
86.01333674
84.33001151
84.53368266
84.41424277
80.67339659
86.01806714
85.45044742
83.19620599
83.08480388
73.82135345
88.84427942
80.09753912
82.70979356
81.17684088
79.69263828
80.61441887
76.64294268
83.03314897
80.67922729
84.05510447
79.31069763
85.91755596
77.90838173
82.58468373
81.46096647
82.61173163
84.41049326
85.22281270
83.47951015
85.43456482
82.52247409
79.42285795
79.83173692
85.88542803
81.27364428
78.91133332
75.02422543
84.70649776
81.94033207
71.91690574
80.06469050
84.51365395
84.55902975
86.25765562
81.87903384
71.79746956
85.62698397
84.58016527
82.09123871
85.89903521
83.23464401
77.33208833
79.01284294
82.85773343
83.50226687
79.50220041
83.40116202
83.06194051
83.67708647
84.64184442
84.00548884
85.06664403
84.40961000
83.09204997
83.27489284
82.65011905
81.84310867
83.90687415
82.21024094
82.56364129
78.46952739
77.90038524
81.04005159
85.81462943
77.48868165
80.16012171
84.34981354
83.39820236
82.92076083
83.12294250
83.01993361
83.02013737
83.77339946
84.96351225
79.90440479
82.10922700
82.97280700
86.47632672
82.20825832
85.65950522
84.47611690
79.22169025
82.90198636
80.76369414
80.04526658
78.28979735
83.25680569
82.71062295
81.53221720
81.66466638
83.67564792
77.93521265
83.33311735
86.74635518
82.42703971
80.99033406
80.49649094
79.23100945
78.39387686
83.91797432
82.31328386
82.96732958
82.00496314
84.00663413
77.84793326
81.03732149
78.55547401
84.08430235
81.78806922
83.24501439
79.16348228
82.13728814
79.15524801
86.07121818
80.96928758
80.97173685
83.20302080
84.61783040
80.82390525
84.10772941
85.76419970
82.04353064
72.81086029
80.27135743
81.00675094
81.53180426
83.05039159
83.37747992
81.75989786
72.21130803
77.00106017
82.96256333
83.97586691
84.01319562
84.97893984
83.65064116
84.76743313
84.48158255
85.20882888
83.98857881
82.42357686
82.97792942
83.23363991
80.63726803
81.25250187
84.54416818
81.07781172
85.98175767
77.91806083
84.14712424
81.12308263
83.09443887
84.48439741
80.58967669
84.08052815
79.45787887
82.84233830
84.64107331
82.58538047
77.22540656
80.58697881
82.92935742
77.66043204
80.88278782
82.42498780
85.49790620
82.02622182
72.25736963
83.45685116
82.80482919
84.42151620
83.68265862
84.42175726
84.17707733
78.44197273
80.02152468
84.55001413
80.55256097
84.21526341
83.11101370
83.81530866
80.85623379
77.27459029
81.63645215
81.76717594
80.90851950
83.64757700
85.57949541
84.65214406
80.76072017
83.36978158
85.29886401
77.96315622
82.28908032
84.91135796
76.61949301
84.76343366
84.72371203
82.57472225
82.44314129
79.35279582
82.87854056
81.92316638
83.38725761
82.01530695
82.77936074
83.52597644
77.60823635
81.84820991
78.91295532
81.93134107
78.92295241
79.96399910
79.44360048
82.39319590
83.48362543
82.89048801
86.10843597
83.34525590
83.08627203
81.96669699
83.89683105
81.85441906
80.05278833
82.36830722
82.46004578
84.30112200
71.74110884
81.63883982
87.03521309
85.86185526
79.70899997
83.99742709
82.19263719
81.68768786
78.21993980
79.77716284
70.06936548
84.01400571
84.17994849
79.09296171
83.01710201
78.21020832
86.37966501
81.04741728
82.73554150
83.24389755
79.11128446
83.41894388
82.21780425
84.28431110
86.17462661
83.09626678
81.50091292
77.05440684
84.77203136
83.27188369
85.91952380
85.65439612
83.23885921
82.45247628
84.01315793
81.37964869
83.79408402
81.14980877
84.95758566
78.43607981
82.87601665
82.95845038
85.80777130
82.72150060
88.44058868
82.01273760
82.72426923
83.11226456
79.69580065
84.86100490
81.16316993
81.04534297
84.41173240
76.76434349
84.13470338
84.40030145
80.23634860
81.52473369
84.28774102
81.66830197
82.08654438
84.43447599
81.49812308
85.42784920
74.77876335
80.74672902
83.68180981
85.12281596
79.67882428
73.89249982
82.65270820
80.98270262
78.69267849
81.96899623
82.04787902
82.72478251
81.60396874
86.83528435
78.59692242
81.73460477
79.29631533
83.25032227
81.66903233
82.04412229
78.89428855
81.69392736
84.46836849
82.80670581
85.91101635
82.99555782
84.35248428
79.75395674
83.30460859
79.01886268
80.13473403
84.54510618
87.17600189
83.26085054
83.42832507
79.94977207
86.25066791
85.44035319
81.92162101
82.70630171
82.17467785
84.76874848
80.90715910
80.94350144
81.45180642
81.97947745
85.15528788
81.96997488
84.27373402
85.13312641
82.65779411
82.04869243
83.66154948
84.61429840
77.94263679
83.26194639
74.12205509
82.56648640
85.54074527
83.19841520
76.55888039
80.60102411
83.91134265
81.66834518
81.93599647
83.87542910
83.02039614
77.13433651
83.47230886
85.73005112
82.63704577
81.74605435
81.38937296
81.15905121
84.57467182
76.31452704
79.50832095
79.17401266
74.46439006
83.64825202
81.79209825
83.54284872
83.49531758
82.39754655
81.26259147
85.84965954
81.32130245
85.84736684
83.16316496
85.79971655
86.54505200
84.71834800
81.84766928
82.65014809
75.98800119
82.24761458
81.34135374
84.05504040
82.19896607
85.77476509
83.40566355
83.61351806
82.82042440
79.12087619
81.95526041
80.55065373
84.14353238
82.56366069
85.35528876
82.73048628
80.13171961
83.90081179
82.63237361
81.86636959
84.31778208
81.65931877
85.03639184
79.41746697
85.32049010
72.71155253
83.31176639
79.51867488
83.06428186
81.24261769
85.65439612
76.45480872
83.13521526
83.26858345
82.36895172
82.75230273
81.67716075
81.69690815
82.57413893
84.21597634
78.19791659
82.77616644
87.25791264
80.67924361
84.85423888
82.24563804
83.59969538
86.42474724
83.29874860
85.29284129
83.90175990
82.64294814
86.06833554
83.87488999
81.51760080
80.57934779
80.50772954
85.65735004
80.98348648
81.55434277
83.89977515
84.40013288
77.76343109
83.23981882
75.76257641
80.48336240
84.08511724
80.55652048
81.28043858
73.85794704
81.45141990
83.35638448
84.69859295
82.37251026
83.95073936
81.66160375
83.85078796
81.36266957
82.44143691
78.89368185
82.65792422
84.95187937
85.33678472
78.98044667
85.33224151
85.88959087
80.85384377
83.81810845
82.91430518
84.26467624
84.17930733
81.10054722
83.52500089
82.32737464
83.33427841
79.56366389
79.95383633
86.19525947
83.54657596
84.85191592
84.13710268
84.88300314
81.19437988
85.46796764
81.74653123
84.64571132
83.92570804
85.13353130
81.91089421
82.64492277
81.68374529
85.90163788
84.26101830
79.59068900
83.40037633
83.68623626
81.26173444
83.31642967
85.22160599
81.37940323
85.66234775
84.29442551
81.51418536
82.41816000
78.32463889
85.21065128
78.70760751
84.15713549
83.26421570
81.44288709
81.95375075
84.23727076
82.07859553
84.56648891
80.58743024
83.32071831
82.33008932
83.97404347
81.25133007
80.93502034
86.11690694
82.70905158
75.74353027
81.85074646
86.09342279
76.61640801
82.27201383
83.55968987
80.76595540
85.47868030
83.24077994
85.26736287
82.80519158
83.33081487
79.43877766
86.04815068
81.30734861
84.46613450
82.18521736
78.84131997
82.57400653
81.63648032
80.38910477
84.09936722
81.83878855
80.51469079
75.11393374
83.02493400
81.01930027
82.34875663
83.61671698
80.79262412
83.23126094
83.67242729
85.59615575
84.70926178
78.91984306
84.86285614
85.58780395
84.31477100
84.17321890
81.08384551
82.67166218
81.58113055
84.86337276
84.73902962
79.06805368
85.13158732
79.59770457
80.25905482
81.08149600
82.05519692
85.49065914
79.74859789
83.04764531
80.92264666
84.66640355
84.66293541
83.80486750
83.01488293
82.66526341
81.08827626
82.22079169
83.61022177
79.26048117
84.76488221
84.23377628
82.29343751
82.80117422
84.91466852
82.61219323
82.68982978
83.50110412
89.42619358
79.34854262
81.96810517
85.67490402
84.75485958
81.59557919
88.02782049
82.80721322
80.54320662
83.26304907
83.75574832
85.97844547
82.40091329
80.60217900
81.10429931
86.20793538
84.68874624
82.69143620
80.03302458
83.88101289
85.49233391
84.75137298
85.53207162
73.72642379
72.96335964
83.52006681
83.22555197
83.83648999
81.28157094
80.94666056
82.97037622
83.80869567
82.12578397
83.43296334
77.15365443
84.45183487
82.36215620
81.99995641
72.67112889
82.23491194
82.70429913
86.39469858
77.26254806
81.21460392
84.87190333
79.13047371
81.69655142
79.03904572
84.53292605
74.57819317
82.49455368
85.01461495
82.60509691
79.42195998
85.23214370
71.62050838
82.23964119
82.70145981
79.15200088
82.53865821
81.21696370
82.98432970
85.79552528
78.93526204
85.36591018
83.32729444
84.54434745
84.89687551
78.40277153
76.84105023
78.29900763
80.18228315
83.70448674
85.16805877
77.84360491
83.82499142
82.29994143
72.38889043
85.60462709
81.10707085
81.99289278
81.88772780
80.67041820
87.92847605
86.01272670
82.72772094
74.85296143
80.69633652
83.92750010
80.24005343
82.19444642
84.51701456
81.19866488
80.96101112
82.47978208
81.25233370
84.02854312
81.06979863
86.12564441
86.65746499
80.80460782
83.34266477
80.79023708
83.16394622
82.62735951
84.03141921
79.59379584
84.62651702
78.52994938
88.68082284
81.72043427
80.75595386
82.39757382
82.44017989
84.82922660
82.03965143
85.35541429
81.89755332
81.30091586
88.32693985
78.12845220
83.22256176
81.88413447
80.23142997
84.25777448
82.71842614
81.48303831
84.84222495
85.51024357
82.46530199
78.60500963
84.20742076
81.02242975
83.85188612
79.49486124
74.03090229
83.08610903
82.51530776
85.44770348
81.22142756
85.57381729
82.23918916
80.72676924
80.93436262
84.76257380
77.47165040
83.68870531
82.79512638
71.50804803
83.12066619
82.46363334
81.04415370
82.59040191
78.82946255
82.18529525
83.68483272
82.60649335
81.78383106
78.73060428
83.32361525
84.82699855
84.62613461
84.70172869
73.39742530
80.60459656
80.50626410
82.40338114
84.91425741
78.49946584
82.51449928
84.77489587
85.56831699
76.96114642
82.00884331
86.85635866
76.49092388
83.60873409
81.30338330
81.73646699
86.78130457
83.82419467
77.84491666
83.10955768
82.30545498
85.81855820
82.80432904
79.43523692
83.60522715
82.82679914
79.99783885
84.28922213
79.59767652
79.75107921
85.18051996
84.65214245
74.45494628
83.79888793
82.33463138
81.15485136
84.53828905
83.29159085
81.82308754
85.36785185
82.05007224
75.42433728
81.21413561
82.46194124
83.03347972
85.06556645
82.21512158
84.66786010
85.10642294
82.23768140
81.30506405
87.68154552
80.47158766
81.89242120
78.49305866
82.39647668
78.66904727
81.48091907
80.68858391
81.09668590
84.52637023
84.66293541
81.22639245
80.36122073
84.55320085
81.16846892
79.15936376
79.84506444
85.00629442
81.72275522
86.38690603
85.72406352
84.62207427
81.35940284
82.44729401
78.34465936
85.54328521
80.77463308
80.83022625
79.21782881
80.17551901
80.83427586
83.58017209
81.76189804
81.59670240
83.39760421
80.94171060
82.64037438
82.20766182
69.22245980
76.51077709
82.69361704
82.39495565
74.38349636
78.54673458
78.58893526
74.08161781
84.15175544
83.51357540
83.25413669
82.59279953
79.07615945
82.57624096
84.14777348
82.65578446
80.22121256
80.97612037
80.73452359
85.17162395
82.59797672
83.39085127
86.62552362
84.99563347
79.69846921
82.83831691
79.03184037
83.84117913
81.72810186
81.67519836
81.20279573
76.93697662
85.60721845
85.17543681
84.67099417
81.61381193
85.63476519
82.22280455
85.18261435
85.13849259
84.26504465
77.66167574
79.46111854
82.30213957
82.68205456
85.32433814
83.26740998
77.23826233
78.28435593
85.12867287
83.60451450
84.50305516
83.33043200
81.24218404
84.33070104
83.86783856
84.08484770
84.19271700
84.58571054
82.23628798
84.48708348
82.35871966
81.39335427
81.29481677
83.96108229
83.00858518
81.26583266
80.91654251
82.91130239
81.21017836
83.37771963
85.10941779
85.51295603
84.78397335
86.09063225
84.78053929
83.85876752
77.26944059
84.00648229
86.29602927
76.86753591
80.93429237
84.83215867
80.67843174
81.12258092
78.90360339
84.52383833
81.64145192
83.32186348
84.25525858
80.68020898
84.71232832
85.01216613
77.61561094
83.93255211
81.91261678
76.60068145
81.87337694
77.35213754
84.46599553
82.16342565
81.02566313
81.24164702
86.04163727
84.41169803
82.81019359
83.37890606
81.48351617
80.27037272
80.24326496
76.85668622
80.85970655
80.72722604
72.61717074
84.74634257
83.99786509
84.34870857
83.72225445
83.07536087
86.78705570
86.47537964
82.67627711
82.15701235
85.39712466
78.74233555
80.37789833
84.60176622
81.86538622
81.00533502
82.12844952
83.64107789
80.44402397
83.87297732
83.18738002
81.29253523
80.30778290
86.46477470
81.04807613
73.61101280
84.28775270
80.27965049
77.28622790
81.79366529
79.93888467
82.73348253
81.92279859
80.11517147
82.95482234
80.95175740
81.82748844
85.65433645
84.35425649
86.19112531
82.95304842
84.30176055
82.89345705
81.83223065
85.08095130
83.80557031
79.29049390
76.89520608
81.16254542
84.76777042
86.68090533
84.26063410
84.87197073
83.09711160
82.06091412
84.61844045
82.31079036
84.61187837
85.46180695
84.67071869
81.98744046
84.42523305
85.01908753
79.16470749
78.80021191
84.40519726
83.16568847
83.32351518
82.07864533
77.99152258
80.36574130
79.96239641
84.31199991
81.62218235
83.17464824
85.13304250
84.32751400
84.48341080
73.03648274
84.05882453
80.01114695
83.33284743
74.02990476
82.83333146
82.69462029
82.51899182
80.85922694
84.58576710
82.87357650
85.61030203
80.35805914
83.77793838
82.08721913
80.18635826
82.61810952
82.96046683
74.75427373
83.59042361
84.14675836
79.36275083
81.25557501
87.35424001
86.40084463
83.08609052
84.17664962
84.73751166
82.90835399
83.98268523
83.45210229
85.07279097
82.32303383
83.75887165
81.38676047
80.98628937
84.68311598
78.21012386
86.36879759
84.01481724
76.69080786
80.40635436
82.16412213
81.56303118
86.33873064
83.40898796
83.78268494
84.82400415
76.53113207
73.18240595
84.16795515
82.12693141
83.23182437
81.27849108
84.18527930
81.86181123
83.85524112
81.51560224
85.64346256
83.45189373
82.82751106
84.57448205
81.74969337
82.04164073
74.72658307
78.33952721
73.63046790
83.24013043
84.56723357
74.84797701
80.31510796
83.68505307
84.14353238
84.52006151
83.85711886
82.73240945
84.74586119
83.82925946
85.47858311
85.12127546
81.43763849
85.48845103
77.96364217
81.89215958
78.89141927
80.57952569
87.73971711
82.06218210
87.43295728
78.85277510
72.81350124
84.41523326
82.27279188
78.32813385
83.64282567
82.13825714
83.99479714
83.27032573
84.49800512
81.28469186
82.35159716
88.37334805
85.47705252
80.74588247
83.14521681
85.71535323
81.43146815
86.62311271
84.06936604
81.71434399
82.76091297
81.17232725
82.60361447
80.91104117
85.31408163
73.90033875
81.31291772
82.03976476
80.43871120
83.59268139
82.61592284
83.39064694
83.20947758
83.33257903
87.90135601
74.30382873
78.59878265
83.02039614
78.00221130
80.98507822
83.99291434
81.43170489
84.61523330
82.37742917
84.97879672
85.75504422
82.92672250
84.63298283
82.06333679
82.81333644
81.57280326
85.64328253
84.17364359
83.09165882
82.72233634
83.44450252
85.23176453
82.87690833
81.48515026
79.40964447
77.39111389
77.55909937
82.96251206
82.87634130
85.02152283
81.60463841
81.45289914
84.72232355
82.67161307
79.49831102
81.24070381
85.08616983
81.83184680
77.07618320
82.67584664
81.87526887
83.72896600
80.60644016
84.51453325
85.40471025
80.66418189
81.54236801
83.96027131
86.95475788
82.70392211
81.04303921
82.03715492
84.93789338
78.10555403
77.43335677
81.23607174
83.06847218
81.48219605
84.66626958
82.93907661
83.64260159
84.37858962
85.88015166
79.05430892
84.46467682
86.77000190
82.37196805
80.41620885
82.13438404
79.91703719
82.67001324
81.05474323
84.97669885
83.56066259
81.19040729
77.06287266
82.75997418
83.57980985
84.97806486
80.12176765
75.36946535
80.23722895
77.47517180
84.01115380
82.19799494
84.66778012
82.29749397
86.03333445
83.37033483
84.42771866
84.53445020
84.39137290
87.83199151
83.89796236
79.05313127
85.74943752
78.96424802
85.32049010
81.22248928
81.79266786
83.11491078
77.79261407
85.73607463
83.70984731
85.28039592
84.13804388
82.50360470
83.24384687
75.85293087
84.09109706
84.74332317
85.13151273
84.27855964
83.32197444
83.54541428
81.83732773
80.19511067
81.73818569
72.32365840
77.80194022
78.89393013
81.54605257
82.56341409
85.86058281
80.05806576
82.67428331
82.85256001
84.63845598
85.58780251
79.29843710
83.22533286
84.01671161
83.25388062
82.97271171
78.19388818
85.16451042
81.72183238
78.16282286
81.51351194
81.37305920
86.26180540
84.74476343
83.66880358
82.85122828
84.80627343
83.26938222
84.73614784
79.50347781
80.13711916
84.01666916
83.08868249
85.32264424
86.02346498
83.86020901
85.11306067
85.22779154
84.38986423
80.97265634
84.52136212
79.95241499
79.09045805
83.60859733
82.71695723
84.06895416
84.14559421
83.09483763
87.47001396
77.91074434
83.13740285
83.71124146
80.29411943
73.15629430
81.96504237
81.39354014
85.35038179
75.79083936
82.41443895
83.64724387
82.48697450
76.25882339
85.75609921
80.22575797
85.02232556
73.08107458
81.18232986
79.30403118
90.17025564
75.92371487
77.90524950
82.93220493
83.79558982
79.35714655
81.94260354
83.39456169
80.99715677
78.46247162
82.25691442
81.79604476
84.84395158
84.41184098
86.93372824
82.19505624
81.95232576
82.14423377
84.46528010
82.16792634
80.08528298
81.86321239
72.40863304
81.74781299
81.03005436
84.70959889
84.66367329
78.97335520
78.82385963
83.48483482
85.80106837
84.61826520
78.50955971
81.20411475
80.09060961
78.59789641
81.56490029
86.76125438
82.65697897
83.05741910
79.94382996
85.60748956
71.89056905
82.89810047
83.46701421
81.54529023
85.12042721
78.74327915
85.01421532
82.32202790
83.00500385
83.81762241
87.38647848
84.13565901
80.94843368
82.64853143
80.59308765
83.40286319
82.79140759
79.66354340
82.30911742
83.84859881
84.88551168
83.86311628
81.60227778
80.20228890
81.70720590
85.97034995
80.51241529
81.04835351
85.86338470
84.38407267
83.51129367
83.20624921
79.73316780
78.76030331
80.46937325
81.63847922
82.56681666
84.10956047
82.44774437
78.08473565
85.01857199
83.16213676
83.13211756
83.42352710
79.80568213
82.24766741
86.90380527
85.50330305
80.64593318
84.01069891
84.18046762
79.31300482
80.56105638
83.93075945
82.13104248
84.01783243
85.21784845
83.38317435
83.58626289
82.51343708
80.89071000
82.45671673
84.63486617
83.49797597
83.54903287
77.76973198
78.47992227
82.07260563
80.05641673
81.46918468
86.71196873
78.49729338
82.77286878
85.55712391
73.83925116
82.46355635
87.64958669
80.87503852
86.63157026
78.74182189
81.15911354
83.69172763
82.86808035
81.15493006
83.10783334
84.28191408
86.17588415
82.87357650
84.07890538
77.00369715
86.40286591
79.22537069
79.22038604
81.53376365
80.64049304
84.54212021
68.39383266
82.50373203
75.60300164
83.43146129
83.88424036
81.13688874
83.20913466
82.05184160
76.54307194
85.31174999
83.87826329
80.28468374
79.52441644
83.59393020
82.15111995
87.21254509
86.31120860
82.42258621
84.49098955
84.61302658
80.19932307
82.05707212
81.71253075
85.14291232
81.26379219
84.06201019
87.04802656
86.44851997
82.83372848
76.79807596
80.08125032
80.21194095
83.64839753
82.24080616
84.20150953
82.98262854
84.19772499
84.50521054
86.03304952
82.86296502
82.68363773
84.24036879
84.93163745
84.99186061
82.63041475
80.00966135
81.43655061
80.60962838
82.93219515
85.43892827
75.99852055
84.77549630
81.48849336
83.37443439
77.72893213
83.03142651
83.58886690
81.98562336
75.03208057
89.88643295
74.48323089
82.30568454
82.62366654
85.67264240
80.87132539
76.15393563
83.45289273
84.07568601
88.12956145
79.53887169
83.67911495
84.73267836
81.46131938
81.32140691
83.07976506
84.92048062
78.36144827
83.08616602
80.52771284
82.50449462
78.31474672
82.70333835
80.71312719
80.54311664
78.26094351
83.09861674
84.80162156
80.05227130
81.84740445
83.57526239
83.03773023
83.12906517
85.49231687
84.55490254
81.81444656
75.19349709
82.62058984
80.99679528
84.18611426
82.73301863
83.26056521
81.80754080
81.96520181
78.57811419
74.50768054
84.26058874
85.97923138
82.68677767
80.14747665
84.49307154
83.63674255
81.46153591
83.68032017
84.17905499
83.61564572
72.28387699
79.09889717
79.72719528
82.30045278
82.41935918
80.32849020
83.02394024
84.24023637
81.56193188
83.62994097
82.03467294
81.04124125
80.37602560
82.31575899
87.35115050
73.29612814
82.37909154
82.44986764
85.22798398
84.00875616
84.67414250
78.88435286
79.00449038
81.97621190
82.54850810
78.43670341
83.42435728
81.93298355
80.34113796
82.99237656
83.95122120
82.72074948
85.57112866
84.34262691
83.20648989
85.70404412
81.36030178
81.77706591
81.99401132
81.54928918
84.12570838
79.46822622
88.13822526
85.26893644
81.57075015
86.98311680
78.27177465
81.76892936
83.29328725
81.73825531
81.06345398
79.79970315
82.86843245
81.99414759
83.74146783
82.49177056
84.34678849
86.35340602
81.24076594
80.31918804
80.76461282
83.73335714
83.74758519
82.95047640
80.96342878
79.74704017
83.64059088
80.62947948
85.49301049
82.38258161
85.16686249
82.50564300
78.76325839
81.71533698
83.44005315
82.56898101
86.04430547
75.50093468
84.33690499
87.27900300
80.90702067
75.14268164
82.67839394
83.55883791
77.27381716
77.60204132
76.88878757
81.95421405
85.33206012
81.11987459
73.40638428
79.31695504
85.36094327
83.57206019
76.53246366
81.69529022
81.84267590
79.67796160
85.08090538
84.57486256
85.70363138
84.79146138
81.30302939
84.06490413
80.79738131
84.96376899
78.75539422
84.65319714
81.43232993
77.81850227
78.01809253
80.49853827
85.82444576
81.01484902
80.70314852
87.01043673
81.21064135
79.16116467
81.21035235
75.21460673
82.53551590
82.10079526
79.39972649
81.93895456
89.04859742
80.41648295
80.51337439
82.02491934
81.37001851
85.27154290
84.42659420
81.13125490
83.34548198
85.52961690
81.73271819
83.27250726
83.79947145
80.81563474
80.34926010
85.41076552
83.05522544
77.57117759
85.26142690
87.49459035
80.24040038
82.41708571
81.86720784
83.31622914
75.61458765
84.97547862
85.32077490
84.42256846
84.36658167
80.82984209
84.87260577
84.31708196
80.73761346
81.86155465
80.68342495
80.59218352
85.38753268
80.23389081
83.91252173
87.83649044
81.00681081
82.01211146
82.86120358
85.84497313
85.17950109
77.50801527
83.30911991
83.17297589
84.67160065
84.24750468
83.04036547
76.47968694
74.94316946
82.16072605
84.90960697
82.48789069
83.09733268
85.55438340
84.32095486
78.00906130
82.42710426
81.50740211
78.92898401
80.45082252
82.33429449
83.40080335
79.25241801
89.59727971
81.61759329
69.22223367
84.89390319
84.07210268
82.03263819
83.96771832
84.18586235
84.92250813
82.77547035
82.30641207
80.42175528
81.32456372
84.95561581
72.07940429
79.20745930
81.33246493
83.23713455
84.53408848
79.61302973
80.84510014
88.73813401
84.46345607
77.59480021
82.02555058
83.32091349
86.67300923
84.70477079
83.28192226
80.64625532
84.25097525
82.92220553
80.61710165
83.16619879
85.67707257
82.61419854
83.80862175
83.65763271
84.49549763
84.74777207
84.48343613
83.72724863
82.26247740
82.48807571
83.66518733
87.71544790
74.44902429
79.99369151
85.84250604
78.99732204
79.21974472
77.94546859
79.43180328
82.65067640
81.35077345
86.24303144
84.61955988
81.89367013
85.65746275
73.44254332
82.31539673
82.19735062
82.11935539
83.89294390
78.85230459
85.64918015
87.62708012
85.35958529
85.27097125
77.47420996
81.57070573
84.59769792
84.99415896
84.24795224
81.97768645
84.97208560
87.51715198
83.92960636
79.67020006
70.21240896
73.94027213
79.03194235
82.85924959
84.97000061
84.04663777
82.73140714
83.37006694
84.73600297
82.14320937
82.78649269
81.58840444
86.68141962
78.64895511
85.50080309
85.03149120
83.24557220
83.09893260
84.63708158
83.74616204
89.66769453
81.60175624
85.54896756
81.02780793
85.00107101
80.43665800
82.19781593
83.94595902
80.31388312
85.40889688
83.34091607
76.97919791
82.91089470
82.51267582
78.87073687
83.83111605
84.50595694
78.49426320
83.64907039
83.69641091
85.46837009
81.70399219
79.57539713
76.53145712
82.09744624
84.46745457
83.14582451
83.90440236
83.32014386
83.42108251
77.25346077
83.52321893
80.87823948
86.51384570
86.14219635
80.74436288
81.39850111
73.49047597
80.74721904
83.75221663
86.55613871
82.70360877
85.29275196
83.73426301
81.70517821
85.14036821
83.74992618
83.50347765
89.78678392
78.84203944
82.08980318
84.05007353
85.37139252
80.68220000
85.15311763
81.66023419
83.04556078
81.00444910
82.89973557
84.26053901
83.93756177
86.40937589
86.10227514
77.27915547
83.24531172
79.07734155
85.11221187
81.88551180
84.39654959
83.56053825
81.37103043
82.48603302
81.79354090
82.95738105
81.32809609
83.98465642
85.73485795
82.05894235
83.53373070
81.97019147
82.62945128
83.13917684
84.44751743
85.65652226
80.32943155
81.85288270
75.60307436
85.75969003
85.54580008
81.40005564
81.34258962
84.38325052
83.36649361
81.59646877
82.52103635
80.04267986
85.75929049
77.74197569
84.54920646
79.65607104
82.56572781
76.52741657
82.34267934
83.60559800
82.15033083
86.26802524
84.80874321
82.70291037
75.54490244
84.23814186
81.10929627
83.60380363
79.78014891
82.88826954
83.54615125
82.96812515
82.36985747
84.34226059
83.19991599
83.25032227
84.02646294
79.39916420
82.31988396
82.69928321
81.02340852
73.17710436
85.48709057
84.92237374
76.02760376
80.54801228
80.00050898
81.67441962
83.72527420
84.40224924
76.66759389
80.37708630
83.28517980
79.49409709
82.18224903
84.76150580
83.87365338
82.61065897
84.84668805
82.98122998
73.73384602
83.33609866
83.76379683
79.85508813
84.52402833
80.73526390
85.44775347
84.10134146
82.11018171
86.78917789
80.29220798
73.83077758
83.80008073
82.79826831
80.37428825
78.16692059
82.29527732
83.50352399
79.53505612
79.85389982
85.54654206
82.79680519
75.51181606
80.94175864
80.53598677
73.84676574
81.35870136
83.68505307
78.53359824
81.94099547
82.02297819
83.03271841
82.80645050
76.09725503
83.07321068
82.70282290
81.43555939
81.01138960
82.84337070
83.05260283
83.26600920
77.14568093
82.60477869
80.33374992
83.60557599
82.92981337
83.22913917
85.89333476
77.58997362
71.81290364
82.74354274
80.16315642
79.30428632
82.88418910
82.07427440
86.46657076
83.71852720
78.34679147
84.19540860
84.38822157
82.49158931
82.21813040
83.02605970
80.26448278
77.39036977
86.69687954
80.48584413
82.88349655
83.46513450
81.87584077
83.30809389
81.29192284
81.30804499
79.87804480
75.97387882
84.52871411
77.94591628
80.59282617
84.63941797
76.00202831
81.24583261
83.79290532
78.15752890
79.40265167
82.85726923
82.07142601
80.46692602
83.44017604
84.89214746
77.05828294
80.32112133
86.50181848
83.78263737
86.94461980
82.97562070
80.53044006
74.87991403
83.44589441
75.66416221
85.15751210
83.08097283
79.05769105
83.28009852
82.74712200
80.32326952
81.50780013
86.50594945
79.59362130
80.26692956
87.32700478
82.89476228
85.22389893
84.10824052
79.22053533
83.52515542
73.34381292
83.64700756
77.90196302
81.79223343
84.75438806
82.71901370
83.34707455
79.61960733
85.63252943
84.93591709
81.18559133
85.75962639
86.73472988
86.29619895
85.73097551
84.28683954
81.63629567
80.18831561
87.44111629
82.72254139
70.78334539
78.74145807
85.55125523
82.07373501
83.69872004
84.63740837
85.32639607
79.00688217
79.22081021
74.28740971
84.47805243
73.42203877
84.18396475
80.87333988
75.91646709
71.77882114
83.37675310
83.78925423
81.11501261
84.39638962
82.08239807
80.00398585
85.13263995
71.22198207
82.86022740
81.91056422
83.66864522
85.89566131
78.81836455
82.40493514
81.52529695
85.25191435
83.17257322
84.81796923
80.35231134
83.45325665
82.16646111
85.38063701
87.37206233
86.15845090
83.28192882
82.36368297
83.86124381
82.81868555
80.67781585
78.60468482
81.93574589
83.37577359
80.08493117
84.85844385
82.93835555
86.69618354
83.85457127
81.01697641
85.68804148
83.55763486
81.01930027
83.40338229
86.95303000
81.02016058
83.04200024
82.74032651
84.91844362
82.51921709
84.67671188
85.95831075
80.80018764
79.72138059
82.47431589
82.27600304
82.25362334
83.35499687
82.97700046
83.00098109
83.40820003
81.48216695
82.98450421
84.87900966
83.98663097
79.04511330
85.82379657
80.70522180
82.93815249
83.26155642
86.42759487
78.90302163
85.10219348
82.68823701
80.73465933
84.16712128
83.66398369
84.20984680
80.21857373
81.89016775
78.76270083
81.36269154
84.22499333
81.21809108
83.24132125
84.53000187
86.45967195
83.38397112
83.32353758
82.71685114
72.94232782
84.66243782
82.94155707
82.75698266
81.43580860
78.83816459
79.17161378
78.31855459
82.95641786
80.67707090
80.59351790
85.43516098
83.48189132
84.31938573
80.11620793
73.08771159
80.45701345
82.55843847
84.62905715
83.04034685
84.44273758
80.35038135
80.34549411
83.89687054
83.92598649
82.50194871
83.13389909
80.00134671
88.86152551
81.05183296
84.26462915
87.39057451
85.01167444
83.01786032
81.91423172
76.74288843
81.47985739
86.10603199
84.42969238
84.39799606
77.52231286
74.12971155
88.10171715
70.51314856
84.70414112
83.50763075
79.61016603
79.94652077
82.37538223
80.12480161
77.01788553
79.77229691
80.12787052
81.02624537
81.26975630
85.40727184
84.78242110
76.79670226
85.67347564
81.59464294
79.50287629
84.56079799
84.25415659
81.47426945
83.45982044
80.74138852
81.94528334
78.35704346
82.24204251
82.36553972
84.95914374
85.15652508
79.83454093
85.35512216
81.86297124
82.16719329
73.45870863
79.92864152
86.24914296
81.98377120
83.72694069
86.59007358
83.25321150
81.77420579
84.91664748
83.99117937
82.44066824
84.84094941
81.60299547
82.66951871
75.27668976
82.72818200
84.69498031
80.76665405
84.45146149
82.27041734
79.78075633
73.72663019
83.78291448
83.10604540
80.13957794
76.34107558
81.83015640
84.14929809
76.49324841
85.35926059
75.94171799
84.84691691
73.82973566
73.56731779
81.64221577
79.34482369
85.79572314
80.19908121
85.32634966
81.78515452
82.64499076
81.88724754
83.99814825
86.67073904
81.61629716
77.13376275
83.36371742
82.84894306
84.70865842
81.44778888
75.66632435
81.14243929
85.19517527
83.27707762
83.17447907
84.25296792
83.85887177
78.27905441
82.74655912
84.59251944
81.66430022
79.67894447
82.86480154
85.47055969
81.89643132
81.48449309
85.85952811
83.24700044
70.04578371
84.31502200
76.59948668
83.42462737
81.54444842
82.44966068
83.80305100
88.79358549
84.00406607
83.87727225
85.08008746
83.08570637
86.24476861
85.07215216
82.95535213
84.43964593
84.98365569
77.62657292
77.58760771
80.04988858
76.97604770
81.89937587
81.09651711
76.09595943
84.38958079
83.84589990
78.67125881
80.68190880
81.05934665
81.99715186
77.12946135
80.53269103
84.74269716
86.19395940
86.02489304
83.58543488
78.53920800
81.81528185
83.26473275
73.60892004
80.31399419
85.55160048
84.37018068
83.80312606
76.40667432
84.79658788
81.94496219
86.29297500
82.61146102
73.43867711
84.07543708
83.92956047
83.60344712
82.48752124
85.90152511
82.11881614
82.01083830
73.48585830
86.00114576
85.08625966
82.93101811
82.15540858
82.31867265
86.31983280
80.52165964
78.95644538
82.90095826
81.97978597
82.72725544
69.80331996
82.97449856
82.77757056
82.59827456
81.06620236
84.37594084
80.20100389
82.45892155
77.42041389
84.83023847
82.83462176
83.37791228
84.28922422
79.94723428
82.00889713
81.25238546
82.48016560
83.18786809
81.90615927
84.90867923
80.56739292
78.49754846
84.31421902
78.92059691
85.39104508
85.95456177
82.30739917
78.47137856
84.43317033
84.71404874
79.36342566
82.08297787
85.46693865
82.13128668
81.60260334
78.96398351
82.64837758
83.49324287
78.36566915
89.44591399
82.57953083
83.56804844
82.27862125
79.57869492
81.81177021
81.23862782
82.80124008
84.93835664
84.58335972
81.01205276
79.64931988
87.23127819
81.24383215
83.52597644
79.97913542
79.16770673
78.70042040
86.37627337
82.18119715
80.71971531
76.40391939
82.74839173
86.87810660
82.64979574
83.32936948
81.06744355
87.23437510
83.40875572
77.23365050
82.89033122
84.12099568
81.67994208
74.84004311
81.87337294
86.20388359
82.31716404
82.67371682
85.96354592
75.79123491
81.49098938
82.71754367
81.66684816
82.88185149
83.67320481
77.65389563
81.36973629
82.80404674
83.62439681
81.43267005
80.89818920
84.78010797
81.76274437
85.52402778
83.55568367
85.47447091
82.50647846
83.56149984
82.06709742
84.65208780
82.30870620
83.62930313
81.47045297
84.75025246
84.00634261
83.97807980
83.23115206
80.35180762
84.53049283
84.16908651
69.36848997
76.75713850
80.28769119
78.77989626
81.50124373
84.86867332
82.14744210
82.06098540
82.83441829
85.06300989
72.70027869
82.58251726
81.59276512
77.74934056
79.83872171
86.61878656
80.94520400
84.30744707
83.97306438
82.49086082
80.37636911
81.04932552
84.58544929
83.03326719
80.18095330
83.78659903
84.72586304
81.07899322
82.83698956
78.91746488
83.86726556
86.79803321
81.98389656
86.47111899
83.39416934
85.86475253
86.07078818
80.88675263
83.58610638
84.03272167
84.73171674
79.70358520
79.76949475
80.63502040
80.05082448
83.65641290
80.36027103
78.20557029
86.19839206
81.61987177
81.45227805
85.46779737
85.47399057
84.56469906
83.47305707
77.14133531
81.74002899
81.47295976
82.06218210
83.57992388
81.57634450
83.52234427
80.91500626
85.78045305
83.27386396
79.05678775
80.97112336
82.18901889
77.07253404
77.59212024
85.75198124
80.79028785
82.10489593
83.78582592
83.25264387
80.54352348
82.22739627
82.45658533
82.07664291
84.53548500
79.68862539
83.15850928
82.66647722
77.99070421
80.76792176
83.80072045
83.85679848
79.53837136
81.88877082
77.02144835
84.90235024
84.69133435
83.89389614
83.69140791
84.13005297
80.10932741
84.56256795
88.06550258
79.51191337
86.13806585
83.85928313
76.43254265
81.15636085
82.22268841
83.63035129
84.91401662
84.57449193
84.39042678
82.03078000
83.82134744
85.71051377
87.09077531
82.38775942
82.56627233
82.08433231
83.35539551
77.55134014
78.16242535
81.28989763
78.86849797
82.40251383
80.92852957
83.04997207
81.96841902
83.96489274
83.97912590
85.42325921
80.73189473
81.60155983
87.38473989
82.24094916
72.54007271
82.58601088
81.87203074
79.41505912
85.65782837
82.53314460
80.04077095
81.47298942
76.89861417
85.46813742
85.01041276
83.98874936
82.74674862
85.35010109
80.57908234
83.63215659
78.17370716
82.75977352
81.32729678
77.28550137
82.36697773
79.57476428
77.61297548
83.99626049
77.22608222
85.45348155
82.86497440
82.75803187
84.41757014
81.74019421
83.72921845
84.82536816
79.82478977
83.09245441
78.89232259
76.49863689
80.98954025
74.03500001
86.10893052
83.37715199
83.65096032
78.72900975
81.67967661
76.06773095
85.39474293
81.11143559
85.47899015
84.96299350
83.59863414
83.58323364
84.59684645
81.80898671
75.73468342
83.59467522
77.54307676
79.26980278
76.18149439
83.56247931
80.13604754
85.34637269
84.80781028
84.66085963
82.53467432
82.26563634
86.46860382
78.85611364
80.96178606
86.76538192
82.88117728
83.54048680
82.33630730
78.40850615
81.23619897
84.17069255
84.00151501
83.60041780
83.42133170
83.30506433
84.42693441
78.47088155
83.38600060
84.40497366
83.29938090
84.20835953
80.62915464
83.49461148
87.00143616
83.02844667
76.80777933
80.81159662
77.58731228
81.72066800
80.80792067
80.25325458
83.09359523
77.34585955
80.43910158
83.84059987
82.52192241
82.68408607
85.02914421
70.69606632
82.98871113
85.48689316
83.78466616
86.27912022
81.57831635
85.72939086
86.15796579
82.90037328
86.86998141
83.59042361
83.81301864
83.89807508
83.19241188
85.84289281
85.08122181
85.25053899
82.17357371
80.25735420
77.58625051
82.69786284
82.31350592
83.34417942
88.03372515
82.37142942
84.93228214
83.80099694
79.65725698
81.48802858
82.68575240
84.31290353
83.77225103
83.71958287
79.00328356
83.73600629
82.88698595
81.70288174
79.89393941
82.89455599
80.80507236
86.33280323
84.67414950
84.08916385
83.33257944
80.10231332
82.21007887
80.81503700
83.09675259
84.95897455
85.77098893
85.79498555
81.34324370
74.60463932
78.13160051
84.23398577
80.24836295
81.00886569
78.65262731
82.70500290
83.13740285
88.47550106
81.48734284
84.22681940
79.03316406
84.08801170
83.26986651
78.04219844
80.67656093
80.77333827
84.79894004
83.73469366
83.57676782
78.80377390
86.95213122
78.01861312
86.79540278
80.31152709
84.61227617
80.88533606
79.83525003
84.09373878
83.17317543
73.56582829
78.43670341
81.03491931
79.96886705
82.12445291
85.21917027
81.09698547
83.51034623
82.12241650
82.62240567
82.81912212
84.47080438
83.06749097
83.52485809
81.15012243
81.02089282
83.87004609
86.29159812
78.36891888
83.57705783
84.27279728
84.12211307
84.07239209
80.67499366
83.62092785
80.76833806
82.36099792
80.59311475
77.88787557
80.05877326
81.07811090
83.61373913
82.18106690
78.16779808
82.35429736
81.42910397
83.08649410
83.84896099
84.80851779
81.13375010
82.79619546
82.68100885
84.02666668
81.42534654
81.20236148
82.23967068
77.31044775
80.62888094
85.70496251
81.01892699
83.35569978
82.25340190
81.58548463
83.90820408
81.06431025
84.40022266
83.58028156
76.83768103
83.44940391
82.28885730
74.80352177
88.90716591
83.45404472
84.75974680
82.91283368
79.68267990
82.34644897
82.49197319
79.61375417
84.00136689
81.66617764
83.00082708
81.59829551
74.54788043
73.74533731
85.38268831
80.45758674
85.02057803
86.35139530
82.83973145
81.70226740
75.32341447
84.17059713
70.71902301
83.42617147
79.76837672
69.93225962
82.25789210
81.11156710
80.28110094
83.58548446
85.38349594
80.67798554
80.19951837
80.33602212
80.04205894
84.62993088
85.59058043
80.57066053
81.63113475
82.85305343
82.41392640
81.24970966
82.52101042
81.20996115
83.83207312
87.33579917
78.01207223
85.26241243
78.92295241
76.28387697
80.71826020
83.70409626
78.39837653
84.18220450
83.52783767
83.59140274
75.06525235
81.42289067
81.62377211
80.38895946
82.32659579
68.88613253
81.48751669
76.99549041
84.12630425
80.73484526
79.66654629
85.99964404
76.24521506
84.09098626
76.62479633
81.42932769
85.34572208
81.54047757
84.13116839
78.09636788
75.49386873
80.57420826
77.54093797
84.03780322
78.79104406
85.48073795
78.23430865
80.85080954
84.66086167
82.88741521
80.51387361
81.50538446
83.99007677
84.79386453
85.16292699
83.84002320
80.98703638
81.30827520
81.53259738
82.72110664
86.59829096
81.30843999
80.46746708
86.50344864
79.65332200
78.22254537
82.46004578
81.64744132
76.53080536
84.78024738
80.79650861
79.35012346
81.78194371
85.07269969
74.10527394
78.93579221
81.31415149
77.88244186
85.07592269
80.23547114
83.46163870
80.77801099
80.63206619
75.97610977
83.84989495
82.62827197
80.09484448
83.89320094
84.56451611
81.88947315
80.10721462
81.44704897
83.59811912
77.10447736
85.09195860
86.23186862
85.08690006
80.62570792
86.28120563
85.53481759
82.82581393
83.25960676
84.28519015
81.32873215
79.87380528
81.92184926
83.21406852
82.20825996
84.21522786
81.96619274
82.05377381
85.45846214
79.06084401
83.93074224
79.58567937
86.28046422
83.16372422
82.47240125
80.49229932
83.27374927
82.59440080
84.71958979
76.58858427
81.10925174
82.83049870
86.52991528
77.86315795
83.54297386
78.31624483
78.03667030
81.17882602
79.41999806
83.71076209
83.97836291
85.62939136
81.69635411
84.32593510
83.13433004
86.93679316
83.95946974
82.09100127
84.26747849
82.08973314
79.26004608
78.76156563
80.31550854
82.37221306
83.02722846
81.87998848
83.97086111
84.83054444
83.37483058
81.79401523
81.33912177
83.31069266
85.27627578
80.58090358
82.65223321
85.49204340
79.71991873
85.13936480
80.94172023
81.05721253
81.22665372
82.58951596
85.64975038
80.56075548
77.11468245
79.16046203
85.76640121
85.94832499
82.07242667
85.74064568
83.90516468
84.10275148
84.78024886
79.32753161
84.34333529
81.02094446
83.98039896
82.78104507
84.92442914
82.86064109
85.40283601
80.97268409
85.16947053
84.11704514
79.82796729
81.63256942
77.94926364
85.98749737
83.73095611
73.73283600
84.92879271
83.76876653
85.05439917
80.62817216
82.27279188
81.28181913
84.56814029
79.42322051
85.99246014
76.84216841
79.18902847
81.62360117
80.73194671
72.58933841
83.71789088
84.06945336
84.20688998
77.80176909
83.92093952
78.13732723
83.15534696
81.15312404
80.96261527
80.49889885
82.24963994
83.93555312
83.37589610
84.47622649
82.40580934
81.33122026
81.39104523
82.85090364
83.95020388
83.70513832
82.62679994
85.09071065
84.50481002
82.60348495
85.01727535
83.71089033
86.16524131
77.76830729
81.93489923
84.22343823
82.18119715
84.34744930
83.82671784
85.10151683
84.03020891
74.49998214
81.10555869
87.04529148
81.89137815
85.16357414
82.02688823
78.70225131
83.66501826
80.34021913
83.86105424
77.53051006
78.83015585
83.06444719
85.37664993
85.76442208
82.32708646
78.30509788
84.07972583
79.22386675
83.67963426
81.93890229
82.97035805
79.36482266
85.83791328
83.99192372
85.38631725
78.87198954
79.00091595
85.88216701
84.14593739
82.60248459
84.82126143
82.36846459
88.32389486
82.97785490
83.33817956
81.41176340
81.29031038
83.77428707
85.57945052
84.27468359
83.10941804
77.44038106
85.91814301
85.32535641
82.88972286
83.04805495
84.62162299
80.59485994
81.38215037
81.08415222
83.06481260
81.72320251
82.57481989
80.69695922
82.94108084
81.21743776
83.52112147
86.75861404
81.38387965
83.23383672
81.12599819
82.71134693
81.60967218
84.80993378
82.49935834
77.70908160
83.74696565
78.00056023
82.53604630
84.49547362
83.56788240
86.42593707
83.54730905
83.21389135
84.44955411
74.58451171
86.47553146
81.76254457
81.85097089
82.66162008
86.17737426
81.10842218
84.60732170
82.47171363
82.18908466
81.87826171
83.02289451
83.14305088
83.89127229
79.10870286
85.06110844
84.63840772
80.08267589
83.46967745
80.08978773
81.12752437
79.26615197
80.75850931
83.44109836
84.04406899
80.94923510
74.08368419
79.26419562
83.39249672
83.06944444
81.11804927
77.01891928
76.11943569
81.98781668
80.45082252
83.15190477
82.51978223
83.40508201
83.47309341
77.25040273
82.55642697
82.31610312
81.77051162
81.73872878
76.80582832
74.97278198
84.69360224
82.88948199
86.17913324
83.62107902
85.57122764
80.64078320
83.70821926
84.88439233
78.78160077
84.96159231
84.47865037
79.89560691
81.93817058
82.20887078
87.70294705
78.47081901
85.04214125
79.98354639
77.80734554
81.18055080
78.53134573
78.04376424
80.03800595
81.99624977
79.31199931
84.82764897
85.27035132
80.63938777
83.36203409
81.21776602
84.18908036
83.36464804
80.69009987
82.79989618
82.32576418
81.42627865
83.22639672
82.75112461
82.25157058
81.50559203
81.67374834
86.81380855
78.60443580
82.41815961
79.16770286
83.81667629
85.43089758
79.95730935
80.20574262
81.46263784
84.39360587
86.50072788
84.59513792
82.10955752
85.74933221
83.30704629
81.90213845
84.27585592
79.31941226
82.50605557
79.57592673
85.03964488
79.75083403
86.87112172
83.25218510
86.06943688
84.70928562
82.13040648
83.64690772
82.69359093
83.59038790
77.87321720
85.03905628
83.92064131
81.62446979
81.48345845
82.92073210
85.40492758
82.54306312
78.74652067
82.16482521
88.83935610
75.65435273
86.76929790
80.56606015
81.85614102
81.65395693
85.17425883
82.73219932
85.24329289
81.66692849
84.99479071
80.77272441
82.55503711
82.21704980
82.72400947
79.16388240
83.56837605
75.88269993
83.00698422
83.51287305
79.76110820
82.07364386
83.56442203
83.53764713
77.71038802
75.37955382
77.54719302
82.73629777
80.04032352
84.78541185
78.65434702
84.61469775
78.46683491
78.60333944
78.81277473
73.93006685
80.27861670
83.81039421
77.08490735
78.70213303
74.54955514
81.37787295
80.70564268
84.39633547
84.37818170
81.67725582
87.06142165
82.47770203
83.99019468
81.39454617
81.78796888
84.93626672
80.34768886
84.03586581
77.66423015
79.39776342
86.01424847
78.85446154
78.27729559
80.86244268
84.03556466
81.31342897
82.50432585
84.61757122
87.40600899
82.35666917
84.52434605
80.97014946
84.62937904
83.15447837
81.30921182
84.36051871
77.71535871
83.92657815
80.03371135
83.97596010
85.20828923
76.11951141
81.37990604
81.98567083
83.89278023
81.01933785
84.31359629
82.18272786
85.77337984
84.47160185
81.15169855
80.13314985
79.40356303
82.97289819
82.26262615
84.83834418
88.69828280
85.16043062
83.39643939
83.98087569
81.44333653
83.00314878
83.12644125
84.21988009
82.61958487
84.50211960
80.67216498
87.44428897
82.91909544
82.20368478
80.60229334
88.50521196
85.40880116
84.82564038
80.27259834
82.46971740
72.96290301
84.18239170
88.32930396
79.39373423
82.45878696
84.56688936
81.39806523
82.85675983
78.96869266
81.74227506
80.41697808
75.99398664
82.40421688
82.53633308
74.89910968
86.29916882
84.58648211
85.49626276
83.18896042
82.39149612
78.93291264
78.42234633
80.28591678
78.35853610
82.70549563
76.06541360
81.20643849
85.71808827
80.05611615
76.72170169
81.90481162
84.14525780
83.42554976
78.73212995
84.28087793
83.72524561
77.96986897
74.19563407
81.60123313
81.87016804
81.75011416
82.58574531
74.66413821
76.12422873
83.82200994
81.24287079
81.31867000
83.37755073
86.56732412
81.20728495
84.24871833
80.88930365
81.99105484
82.63447637
80.88246589
85.66292368
82.43844675
84.24103664
84.69244637
85.29650459
82.98105301
80.85028185
75.27600047
81.59094365
83.12645231
83.47926132
82.35560048
82.98945053
81.29497455
83.83672746
81.66349384
80.07591683
81.15508567
78.33341601
75.62107070
83.61695156
81.19723877
81.94615717
83.46967428
83.40639994
81.28646291
77.71571690
85.19700898
78.02536139
82.40974114
85.48755412
83.12688165
80.86601526
82.08831637
74.68208822
80.76376768
80.55722598
83.51511766
86.12478140
83.52842160
83.49665645
84.40162409
81.29294473
78.90192355
78.23298296
80.65218068
79.83722715
82.89786647
82.91886548
82.72879168
70.64662281
81.55324120
84.87900966
83.21067059
83.79215854
83.36220015
80.03069649
85.01154851
78.58932312
82.51679099
82.76363416
78.93914769
82.33763637
82.88214912
82.69084426
84.78504448
85.44904072
77.76198199
84.74919106
82.06964796
80.18247073
84.55604855
81.98327515
84.76047892
85.18994618
84.88453546
84.01569854
84.12857349
83.07498255
87.97159474
83.00051923
83.73192373
73.41796322
83.09418431
80.90875605
74.35756271
84.71413060
80.85247529
73.29295681
76.90738187
83.39289045
83.38661239
81.55542509
84.37234199
83.68283312
73.90219068
86.01869682
83.86870953
79.10398028
83.72259175
81.38223632
80.07613719
82.68769948
75.91531933
84.44893099
74.44120441
78.99369614
82.36498876
84.90405553
83.94595902
84.07727520
77.77024215
76.82523250
79.19071589
82.78224254
81.75779157
81.12077636
81.46637129
73.77066766
81.85009698
86.51777597
84.79823133
81.83442875
85.46169024
77.45761955
75.72509925
84.28937816
86.68450997
78.93140831
84.89973238
79.40204772
83.64294885
80.64339000
79.02715587
84.04863680
82.77957633
85.37826306
82.29830952
75.90502077
80.33336204
82.48641170
82.93985047
84.29535331
83.00627977
84.12884829
85.04159779
84.33740537
84.00463261
78.92247976
85.22313973
82.24288550
84.61753292
81.61101877
82.33788980
85.47594930
81.46488990
83.11505601
84.55490254
78.94460076
78.40644979
81.58714633
83.58359163
73.11220111
82.57908732
83.95656998
81.28628771
82.99179613
80.47076377
82.23799290
81.65466870
83.20888492
81.85609793
84.07058010
81.06851282
82.70022358
84.96179586
80.66381910
80.00043089
79.14384585
82.83957703
83.69762677
82.72504209
74.33749059
84.94842360
79.01997868
81.74925633
84.46458513
84.48336758
83.46512569
81.98043815
78.53659764
83.77841445
84.63981427
85.30398768
82.08088890
83.82164861
83.85067467
78.89622022
84.62821325
81.15106729
84.01241047
83.91619158
84.66036636
83.56380609
86.59518446
83.88252348
83.70655841
81.28827425
84.99564224
82.61751838
84.49994330
85.79590835
79.84691223
85.10382978
85.70656166
82.60002274
84.68905784
79.45690638
82.05814147
84.54822137
84.86482272
77.14399289
80.20689657
76.27614271
84.28337145
83.71687578
77.63392646
83.59205326
83.02296605
83.03763832
83.59013740
76.11682527
82.09037321
81.49853010
78.53333663
82.41236202
83.72023913
83.62783331
76.96548185
82.88724020
73.65227665
84.94578638
77.49247643
83.12778107
84.06754625
84.81892433
83.69029152
80.64981978
85.23464807
80.68536691
82.06893075
81.76502254
84.23081068
76.45871559
78.13023060
86.29983776
79.59327466
87.25675041
83.61376949
81.80066178
81.53256632
83.48893860
77.69644643
83.73330344
82.57400653
83.80283403
87.64958669
78.31671475
82.15363881
81.17445531
82.65715659
79.15120570
82.91283368
80.23250659
80.73539924
83.08151419
84.38247460
74.03423555
82.63790374
85.62959482
83.26168705
83.39758664
78.44059872
83.11173484
82.34617932
82.37101848
84.81548978
82.58124906
79.29606775
81.72322502
83.31296879
83.87218543
82.68673296
73.52007138
83.29994041
84.84704933
82.56142013
81.99532534
79.12554143
83.75749936
80.62888094
83.91403172
82.94998171
81.86589837
84.18907871
77.72394415
82.62829142
80.80295766
81.90630562
83.42883613
85.42128061
81.40129043
85.85308529
88.12845754
82.86777365
83.73453567
84.42049852
82.29623033
83.05940059
71.36937138
79.26391086
83.48885818
81.79793870
82.56692222
84.39681673
76.34313283
84.95774722
85.27577087
80.77647433
80.71548025
73.20127389
84.63332518
80.35001247
78.40979613
84.22479699
83.16612973
86.47967642
78.14632567
79.35149539
79.36533570
83.23862509
83.99168273
83.63817515
83.17048340
83.69147710
83.73094184
83.70995115
81.06343144
82.79535232
85.32217093
83.58898660
83.64850696
84.70771594
84.16278310
82.43370834
84.33479506
80.98504480
82.99343907
80.40506057
81.09919365
84.59263748
80.71095400
84.52084231
84.17066842
82.75109483
78.28436073
84.50792256
78.83672491
82.88498039
85.03481752
83.66372487
85.33615753
82.82193019
82.97346257
87.77696146
84.00715662
86.02330806
78.70023264
78.97945238
85.52114220
81.72043272
80.15582223
82.01146455
83.00790534
84.54871933
83.54340943
75.49885833
80.32712547
80.16951963
79.12342623
84.89125684
83.07315742
79.35360641
82.66532096
82.03600496
81.92067048
81.39978749
82.75278353
79.62103039
84.55670465
84.45681658
84.67094785
84.51391480
72.94141339
83.83194172
80.97356708
83.36073458
80.16842575
81.60482341
83.36834131
78.81787222
80.83849049
84.42755420
82.89683685
85.98825789
84.38555515
84.97329176
84.93638318
81.28959543
77.40232259
83.02066142
80.30221744
81.26455240
82.24954400
84.19416729
83.10046338
82.85898863
82.93794812
83.36240754
88.32320481
84.97185963
85.63211895
82.74509292
83.12991750
81.76619088
82.27996710
79.14954088
82.33429449
81.73343800
80.82580772
83.63518957
79.09741020
80.87378203
76.87457366
84.13804388
84.39560030
83.55074146
80.52887496
79.27644151
81.38571590
80.03800595
81.77257036
78.21733849
84.72757809
76.21023665
77.70340316
85.37724979
84.86308801
83.48659500
81.57168659
84.97065325
80.13308962
83.72023913
78.94832915
82.26346201
79.58207130
84.67935852
85.43755441
78.19270417
83.60397005
82.77967181
81.86302250
83.56198410
80.48038977
85.53452654
74.19359344
83.85846285
83.78894970
85.65444394
77.38887322
80.67907445
85.11614164
78.34679147
84.31237336
79.75867418
78.82587608
83.17944546
83.00405623
80.22292567
78.64047468
81.51616143
82.23637966
78.65882312
81.39354014
78.78610333
84.94047503
82.61085924
82.83801281
84.34904234
81.52259475
82.63794429
82.33245695
83.59934799
81.15024003
83.87057880
82.53550546
80.55345450
78.79956585
81.38223632
82.68883576
85.34585248
83.79964342
82.72790430
80.13713499
84.27432513
84.10840350
83.08503897
83.65492624
83.66098072
86.69550275
80.30722627
86.61397661
85.40848429
81.68408981
82.18338417
85.70926459
83.31581601
80.99799060
85.94226691
85.38642509
82.31340385
79.78120365
83.40976748
86.38137178
75.97299653
81.33176045
81.56602916
85.69339704
84.99627899
79.05464708
82.84007158
85.63485802
80.89151807
82.73651524
84.28116792
77.20504481
78.96533006
77.07712824
81.26607722
85.23331232
81.56453013
84.88378172
83.94187872
81.45790990
82.95482234
84.10819031
84.79243289
83.93994126
82.13900075
80.90611984
82.73970820
82.57274533
83.36660975
85.15598086
84.99584924
81.83445676
75.29107650
82.43127868
76.91142106
81.49820208
82.17074093
80.18354976
84.20835953
82.06795882
83.05065229
84.61325824
82.82979391
85.46581627
79.83714133
81.47353022
73.74135549
80.30064494
79.72995671
79.37484701
81.24330817
77.28389838
83.79517901
81.55614980
72.12799427
80.19391951
86.33533238
84.63008440
85.21890112
83.32518078
83.74068419
82.64166921
80.90918453
81.94235159
84.41715802
85.72194558
78.96525648
82.09861031
76.76276984
74.22692826
84.57341823
84.29910744
86.00202971
85.91846488
80.15828301
85.83640088
83.60416460
84.33737697
83.96936694
83.75060361
82.67736244
83.29766303
83.31542172
78.04339889
86.84675926
85.67873967
85.21489286
80.74504406
84.47715239
82.45597766
79.91067389
84.19725860
83.41901331
80.90100678
82.27594648
82.09469637
80.95258988
82.58637288
81.66106299
85.25955548
81.28568745
85.69952920
81.16324881
81.53615966
77.11388117
82.94713455
83.42759708
85.17668106
85.30184348
80.50349011
79.16804408
84.59584952
82.17222165
82.42540736
79.09877990
82.71813217
82.25810915
81.25299576
73.10444460
84.91102421
77.23680910
79.93928120
81.76843894
83.88521358
82.91379618
76.32001731
81.88249376
83.02635094
81.21822918
80.37264375
79.82100199
84.70201828
80.40137793
83.50389800
85.13736039
80.75522618
80.72995325
82.84007158
81.73981314
81.40878897
83.70381013
82.83706842
78.36843304
82.82757509
79.83404479
85.85889472
83.56444006
83.15924799
86.36164263
82.34299022
83.79226154
83.83231230
77.05824080
83.52596585
83.88369214
79.61516667
86.77874128
81.35334509
84.03930543
84.22603646
78.99261710
83.71285194
83.15989654
79.14607907
83.53773980
85.17704559
83.60326425
71.91862382
81.81741962
81.82743015
83.37401602
84.37255322
78.52598728
76.62271866
76.41480709
83.50596435
83.20519311
85.64027860
83.65175940
80.73882293
84.09434721
84.16065988
82.77248398
85.06051080
85.86526766
84.57160701
80.29708066
72.11399217
79.06623579
74.12726452
82.22067194
82.83476201
82.88630439
86.55493570
82.03183426
80.92829960
81.46743851
84.09362247
86.40366118
81.28373847
72.64329747
76.73932737
80.78235248
82.01209453
78.86054872
78.98549225
81.17300160
74.40440204
85.27968753
75.47009665
71.44360462
82.09614386
85.71815801
80.45985896
81.18497262
84.79766344
82.38604276
70.30596120
83.95172136
83.71352609
79.68960935
84.63315496
85.28026231
80.32259333
80.86730230
86.18153785
75.56572578
85.69305793
82.06804116
79.91733314
80.31231434
81.63714318
82.06503784
70.18088276
79.83003212
83.18308235
75.74884169
83.72289615
84.41443021
82.74521830
86.90631641
81.84591309
81.69689464
82.99075750
78.80306861
77.60653940
82.74438326
84.20813444
82.28924267
83.22850533
84.46215326
79.59868811
85.03255744
83.73664899
83.55774293
73.97686862
82.26030422
80.88591963
86.71527734
85.25765943
85.58222432
75.87094889
85.58780516
80.89111474
84.22210096
85.17884341
84.02615925
81.24330708
84.75157485
78.22191967
82.26004829
82.51781636
83.65932600
83.44835264
84.03970541
79.53352150
80.04626828
82.79962772
76.70166498
83.74663611
80.34340421
83.33325662
80.46638004
83.63632972
80.23652929
84.90095572
83.89640832
80.85972604
81.28819191
81.60077750
82.44200036
81.24866984
82.13030663
83.20793547
82.11035974
85.92614934
81.30878408
83.26964628
85.62959482
77.87067798
73.64805947
84.17119219
70.86119694
82.79027030
85.13736039
75.61314188
80.48486326
83.06786488
80.23336494
76.74458939
80.18984190
80.52613765
82.04757026
84.35153609
80.82468403
81.67600098
79.38428007
85.86162421
79.90914804
80.19557558
84.30091346
84.92257807
87.22810116
82.82658792
84.00605306
82.58932800
79.44616204
84.33985071
80.08628153
73.51927839
82.64729231
84.00349029
82.28454838
83.47693714
82.31070078
81.93599647
83.82970973
82.45044596
83.30809389
83.72721412
79.12332633
81.71236816
81.48899847
85.09680943
81.05835759
80.59539330
81.92367482
83.51579991
81.83651487
83.49583371
84.61296816
83.13389137
77.87314902
84.20686297
84.08106391
81.06123537
76.90072962
73.26963695
82.27400794
81.02715466
85.12683430
86.79671464
80.33411875
77.86540093
83.79205303
79.74735874
83.88860446
80.20223672
85.02534686
85.28271094
77.98314480
79.41934516
80.22687740
79.37164885
85.10564013
82.32130268
82.85008848
84.13538549
81.08802183
74.99192560
79.57639758
84.88264807
74.00801488
83.00702374
85.02650107
82.29164007
82.62451449
83.44819131
81.83570043
79.13711998
79.92738610
82.43328893
82.26762700
85.54608696
87.14720146
83.53911554
86.34090523
79.32452546
81.75514012
82.90585775
85.00153241
83.36913949
82.85792832
83.43422043
83.54557756
82.35206954
81.59597938
84.00176619
84.14906271
84.73872741
79.66288107
82.98210150
79.07992094
84.68664878
80.23082368
81.63876868
81.41709282
77.82479594
82.35154401
81.85601548
83.23041365
83.11407089
78.91781486
83.86228409
85.61818285
83.65010635
79.97793794
78.30218122
84.48178117
83.92124592
80.37943610
83.38534019
85.17506941
83.07937977
84.04276297
82.32854396
78.75319529
82.04446072
82.28633004
85.46115227
84.24874280
81.81144790
83.27250918
78.67779609
81.10716144
79.77122947
82.06926587
83.87328366
86.12581363
78.56024290
82.99327646
84.94862975
82.27040314
84.73176643
84.45092765
75.18248388
83.12040306
83.45936808
81.38819015
86.27308065
83.64317485
79.65615274
86.19547448
78.31981403
77.18699625
79.26234720
84.94453314
81.86755991
76.71409130
81.02254796
83.66415557
83.29519298
84.50539123
82.23062897
82.85500955
83.00574983
80.76017823
84.72324970
72.47583609
80.34220422
84.72863235
81.64102396
86.30205257
82.27398025
82.56216586
85.70502565
77.48352994
82.06989848
84.40094233
80.07524258
80.39158189
82.67577593
83.54539363
86.55690686
79.52665883
85.61276884
81.50746541
74.07206226
80.61696204
82.10281372
80.81192599
85.38490472
80.94339043
72.43208636
82.17321272
84.70651423
77.56221952
86.91438581
84.75937564
78.94528047
79.55017002
81.00702153
82.88030439
82.44007813
80.99296132
73.82854308
74.85749587
75.33020538
83.40255714
78.33653290
79.78152569
82.93387647
85.04021320
84.09291415
84.34284924
82.81813289
84.78397335
83.18958258
83.39023503
84.44996119
83.14791718
84.43438098
85.94041339
82.38748667
71.47470272
83.85855937
77.48717655
81.06092497
73.87183875
83.50720689
81.85201281
87.69391025
73.77272714
81.30097932
81.43841937
82.43858161
85.54338647
81.31186517
84.86044162
82.56433378
84.64032262
82.70875705
84.34748170
78.57368102
81.69151521
80.21986105
74.94747750
83.20555542
78.16423967
83.17746808
82.06947747
82.86733914
77.31798750
85.14055889
79.79322758
82.54429291
74.88397476
83.60042507
88.00015055
84.37516256
83.64816019
82.63806688
84.45942890
81.77413158
81.82617438
83.93199941
82.24727153
84.40378412
83.13432795
83.70698150
84.38060794
83.11593981
82.36763411
79.46171743
79.16763815
84.90374782
84.74222530
81.47700701
79.24949624
80.41983922
77.00001341
85.96086194
83.17080041
81.56195157
80.56840690
81.60786431
84.37406797
85.00319383
75.86711886
88.03896506
84.66302381
80.03747847
87.40758925
84.12561233
81.80067447
84.42152869
83.53579689
82.22352173
82.13329091
75.04552277
83.03739904
82.47295347
83.18646396
74.57069473
85.33687406
78.29000362
75.85431013
80.09793718
82.05548816
82.64488868
83.00393514
79.48501969
78.65092955
85.26002535
81.58595218
86.00456945
83.59474557
84.89127652
73.96905176
81.29777024
82.57884016
84.71576668
81.56125441
82.45886590
82.79719467
80.87494250
83.71419975
83.59052953
83.45191553
75.88332574
81.14450917
81.53006250
83.04794966
83.62665322
84.20231927
84.28345087
82.27020431
83.14492282
83.40433191
84.61139378
84.26433589
82.24761458
80.47763221
85.25706841
82.54316035
78.15606521
82.90306643
79.70960264
82.02233511
81.00536423
86.39349293
87.10022646
82.39461380
77.71813811
87.03469635
84.43131806
86.07649186
76.80207183
81.28561812
82.15604627
83.05101051
82.83437071
81.68099906
80.78998435
85.52983026
82.21739497
82.41733297
74.66804554
75.80043145
79.81545755
79.76942397
82.35590582
81.87270901
84.06556367
82.42616006
83.04323748
84.54908744
84.62680590
83.89488938
79.54006297
83.98494132
77.13563347
80.31785078
83.42245135
84.67340850
83.31501327
81.76225439
83.77631995
82.91741012
79.89097404
82.59819572
82.31938543
74.34298817
84.83301398
83.11704681
84.00932360
78.07918516
77.43052959
82.01658906
83.69161151
81.76104923
83.73527775
81.88931082
80.87533792
81.14758935
81.08128707
82.68358430
84.29531592
74.50033123
72.82419271
80.68947055
82.45524746
82.23843924
74.43642059
80.44834879
82.07542043
84.47007049
79.88528525
83.67736269
79.11519420
80.24127533
83.64619883
77.17083608
83.67729629
80.27064750
85.23275607
73.61039534
80.87937469
84.87247462
81.10897421
86.55001634
85.24304396
83.77680973
79.30667738
85.16073552
85.11590595
84.18608584
76.98527119
82.82532080
81.91468785
84.88940283
80.14546749
83.77712461
81.94334486
82.01022426
87.39768877
86.82514163
72.12549830
83.61765730
82.73936389
83.45752227
83.54715437
81.13859329
83.38187539
81.75534602
83.34964461
85.10123882
83.42594749
79.34407707
82.17025894
81.50820052
79.85031062
75.80460177
87.22543101
82.29199951
86.59612788
79.82654833
83.68788307
80.53435509
85.51512298
85.37604941
81.96817943
80.89795899
83.05695695
77.35245193
76.10327136
82.24852722
85.86689597
83.61425076
81.76471027
83.29949073
84.70089804
83.63522792
77.96076612
82.02040683
81.83417053
71.10864878
82.53246977
85.78740192
84.65702551
83.88971030
75.04337147
87.69258465
81.71023950
81.09587806
80.05922578
76.16162586
83.33427841
82.25028166
83.39132908
83.44927368
83.58910730
81.63483915
79.11770168
73.34540034
83.43160334
78.33135840
83.77728056
83.89679143
84.28953282
83.83374162
80.98511173
84.58912660
79.04027293
82.95644078
82.17825660
85.60459575
81.50253175
83.72157929
83.92541096
75.40845439
80.78845032
81.93979582
79.78589562
86.16929748
78.50910660
84.19254711
83.98143345
84.16328348
83.10184073
85.93013043
83.21382135
81.55723685
81.06973573
85.28704878
83.30530161
83.44604423
83.47455395
81.44001506
86.54139792
81.56409588
82.13991191
84.00392292
84.51141838
84.23549541
81.16321651
73.26794524
83.96214010
80.87593697
72.83007315
81.12711041
83.51914874
83.31460314
81.34263754
77.31217230
82.98727238
81.70784648
82.82196550
82.71893901
81.98182215
83.41712686
84.85249975
83.20786997
83.70020823
82.33187178
83.20490251
80.65456373
84.80679147
83.28935680
83.29505863
77.77241236
83.18847666
84.45963095
82.38401700
79.04972033
80.75209832
83.31827680
82.72627682
83.11810546
83.69025741
82.62786104
82.30589652
83.39199060
81.79998453
79.76517073
85.25234840
83.52775871
80.52770029
78.97725649
82.42019408
78.18640918
79.22937255
81.73102120
78.85535146
80.44336451
83.36022041
75.44159416
81.58786948
85.09868374
81.36390674
83.12602379
82.14983274
80.88251205
82.96515210
81.48503513
81.27187312
86.05354321
82.74193974
84.90210592
80.29793820
81.25564592
81.81585107
79.39514346
83.52990326
82.35910928
80.95253224
87.05306692
83.16266474
84.05924718
79.50525652
83.83050156
85.71020622
80.41367907
83.18840486
81.44630109
82.79347349
85.42476617
82.35968569
82.83793955
80.93503405
80.23245488
87.99885642
83.38424644
85.33425697
84.75728849
77.53947758
80.26030840
80.39014520
80.83713358
79.80493904
81.55215553
81.04473579
76.58967097
78.02704021
78.44780584
79.18442473
81.39999805
80.28674471
80.38434485
81.24304227
77.61951197
81.12591133
85.63197585
75.71803391
83.94756022
86.40328908
82.43640718
75.61761567
82.50922832
82.86470965
78.28443827
83.36487051
83.89792454
83.74254563
79.68842118
79.87797657
77.45946342
84.12719178
82.43423942
84.82112378
80.58248807
77.47318561
83.21449257
85.17322257
87.79261706
74.25634338
86.29635374
81.91791512
85.39296621
78.24264956
83.43680274
83.40999901
83.33339799
83.35031121
82.26086112
80.98276422
81.37204641
84.35171739
83.78711730
79.95487221
82.69293260
84.22849334
83.16279579
83.86247930
84.16753751
82.99960009
81.60195170
79.19469782
83.92153378
83.10232456
79.09210728
84.80892419
82.68256859
78.43564191
83.26888539
85.72931507
78.99850899
78.33019383
77.01068513
80.36209656
82.69722295
81.30668279
83.27209296
81.91503068
82.70547123
75.02333772
80.54941639
80.52092353
79.29759718
82.81018682
82.40703488
82.67891614
81.95167157
80.10528327
82.77450705
82.12978400
86.97485414
84.67202870
81.97770773
86.77852961
81.91896662
79.23310949
83.00160159
78.21158633
81.12338828
81.87920804
84.11592312
80.50405702
81.51713053
81.06919174
82.29519284
83.69496979
78.73509161
82.77841963
87.39480727
81.59913775
83.76146844
77.90961069
83.78374085
83.37003891
83.09369199
80.95173630
84.47531072
75.79191179
80.00967643
75.95022005
74.31205420
82.28972600
81.00185629
87.81258664
80.67539103
82.76858817
81.20841738
83.71625690
80.36803719
83.04323748
78.29177753
87.49144678
83.35124798
86.78530461
83.83850608
80.98339196
78.20436643
80.23845550
83.98379042
86.54813489
82.42194783
81.01469756
84.69931829
82.56714803
82.08197902
88.17217959
82.16743153
79.70176196
84.89002361
79.92163330
86.79905441
83.80903499
82.30831965
78.77716859
83.25833446
81.35931676
85.65987761
82.08922473
84.51475541
82.89967676
79.84966734
85.12512599
81.05657488
79.85609707
81.47249759
80.55098195
76.76577152
83.10443722
76.27022098
84.14480018
83.75042802
76.78069584
73.56478210
80.81097272
85.32504335
81.23600874
85.44699985
82.46250187
75.98052119
83.80981228
83.04556078
81.62805634
79.35129631
80.75508410
84.27785790
72.02776343
84.94154164
83.16341495
83.26722612
83.48023225
84.44900256
75.23695384
80.33545020
81.35282322
85.55739460
81.44126385
78.56947266
83.47697102
78.85060063
80.76357597
84.03783939
82.74496802
78.74787527
80.93935478
84.99004661
83.69739437
84.92662553
82.13704812
76.19149941
83.58938462
86.52171825
77.55575514
86.20538173
83.05469821
83.64178750
83.05439295
83.11360056
82.62695372
83.69689885
83.15098085
86.36242534
84.89793925
76.72855219
76.25107847
79.51471467
84.28829766
83.40412886
82.69100024
86.40658184
81.84839855
79.56237318
83.24402051
81.33223787
79.55204553
84.83058194
81.81924505
79.58246654
82.06221870
83.12459894
85.13493129
85.03210605
83.43912807
84.02290399
83.09586777
82.59218063
80.68447980
83.92333807
81.58100732
79.66037928
77.55618553
85.15397282
81.79812345
82.39548153
82.16420753
84.06166650
84.89239590
81.66876080
80.08027391
80.22299944
84.66868693
84.47261028
81.22078049
82.08946441
77.73120934
84.34881606
79.11395648
82.86060796
76.55535241
85.59618156
79.32883845
85.60705571
80.25530332
79.20849541
75.61062718
83.71323858
85.41703615
80.59599873
83.62301220
83.29874860
89.53797803
81.58082503
86.49008686
84.37526740
82.49970563
85.04380396
82.24968007
81.64999357
78.29551728
79.61011917
83.40992204
81.28989763
84.27932843
82.53620197
81.50423924
79.69527562
81.71715534
84.71592252
84.59476200
85.21863749
81.44006948
85.90523106
79.35865407
82.80206140
79.86860836
80.00770806
84.71264268
83.05986964
81.44465770
83.53240632
83.57950010
87.93687731
82.47323493
85.00406470
87.03512598
83.39691451
86.44530721
80.02612025
84.24144783
80.20367713
80.61355287
79.79565658
77.97858460
84.78425821
83.13347190
83.15103171
82.27320780
73.45881170
84.37385476
87.88312633
83.05622395
79.17122249
83.87203965
75.12023476
81.75616634
80.22109004
82.60033609
82.55207335
83.55399620
82.47151178
81.85281645
81.18307089
81.66814342
77.85479224
84.27257337
81.30125405
82.81192900
76.51636055
76.02289974
82.34832017
85.65713815
86.03346315
85.16887601
85.15889091
82.73987427
80.44435541
76.51001167
85.16346020
77.86680943
80.40423498
85.02624751
82.65904253
84.37309160
84.39023939
84.47339200
84.58884809
82.79989618
77.95537608
85.86868859
82.46236301
81.30783038
83.34964461
84.41692683
82.05640487
81.88200352
84.93211248
80.65992667
82.53866168
83.91524656
81.74988561
85.15713372
83.04086344
85.92569642
80.53974547
85.88899522
82.69186533
78.31961636
83.47610463
85.25642339
84.03198114
86.05616983
81.64585472
84.44507344
79.18518986
84.09449086
85.29507777
81.69380876
81.52301275
79.59717202
83.10094984
80.24227248
82.71146811
83.52544486
83.92213603
79.09528394
81.60893517
82.32193644
83.30480160
83.80167917
80.17994386
84.04434451
86.29045295
76.61618715
79.75384511
75.01753551
84.08214689
83.57974374
84.71279507
82.33395874
82.67944088
82.42092611
80.93584809
82.41014698
74.70365686
80.17871650
79.14454931
77.66079149
82.82779118
84.35264351
84.85041047
81.02776513
83.48567783
84.44942354
82.10441828
83.41040580
80.43754235
81.81449176
82.43200236
82.82926091
82.12183904
80.90252483
84.93735328
80.61979689
86.20427798
83.99880258
85.47945161
84.67645766
82.48585094
85.95947048
83.53573177
81.27305910
84.45377822
80.15286318
83.84759164
85.10331689
82.06574135
80.75872966
83.85071085
83.35960965
80.50498034
82.73373762
81.73460477
82.08711717
84.12466374
77.73188762
80.59422941
82.49883727
81.18553047
75.31835589
82.79813020
80.93698963
79.79498176
81.71065084
73.11238965
83.43761946
86.26128940
80.89188643
83.06952642
81.91739916
81.83904548
81.10573648
80.79468996
81.30345257
80.79816498
82.94383246
84.14573183
82.18333687
81.55761985
82.56736079
87.32482801
81.44281614
83.03385427
82.98467832
82.20871946
85.99295854
81.75368971
81.42799788
84.77558848
86.82272850
76.80671245
85.27175923
82.67943951
74.36284468
82.20335212
81.31238942
81.55832002
84.95543116
82.34985863
81.93652620
82.66489860
82.85743968
86.37709681
83.24481180
81.72693760
83.02381224
80.98768637
79.49852114
77.58157470
81.83267072
85.20097568
79.15929877
79.29489993
86.72397482
79.90659301
80.29249901
79.52918575
78.60241897
81.58768555
83.80734916
83.72794259
81.33551866
78.01723814
84.04587132
83.74095718
82.27945536
81.58739399
81.84389242
85.51843022
76.11522692
82.34878561
79.69739987
79.51357501
81.00325847
80.94082953
84.98770009
82.56627233
85.45997244
83.81604498
80.91818535
81.96340446
81.23760919
83.11542715
77.83917966
82.01403090
83.84571843
82.63611108
89.10022509
82.03058016
81.88967239
84.73283016
83.13740858
83.77129746
79.15761362
84.49300415
82.27484114
82.97168145
84.37428751
82.62429843
82.33812071
84.03533413
82.47406831
79.03687039
75.59644465
85.20034799
85.54001077
81.88182810
84.92855831
85.36835861
77.47872960
76.08911026
80.57906416
84.91772969
71.72423832
86.11846300
81.40402281
84.18427594
85.87459599
83.98365217
86.92219253
81.54164013
83.33567476
82.00172976
81.84003170
82.27282443
82.74475869
80.90317105
82.01594908
78.87169549
71.85561549
81.95818378
74.98786608
82.63916863
82.70033996
82.87052175
82.85988112
84.09161597
82.78427675
84.81893396
85.62682047
81.93259374
85.73300621
81.93997542
83.73957931
77.22550308
80.76914306
83.71858400
80.36529720
82.03333236
78.48667065
80.33959603
78.49058224
81.81157247
82.44179151
81.93265896
81.50223858
82.07140075
82.60859236
83.46511683
76.18564393
80.21225301
81.80286559
81.70015962
79.60295158
79.69489695
82.48548870
79.37417558
81.19207611
80.79166022
82.21985923
83.72526845
79.58006226
81.97296895
75.29026694
87.65496174
81.11543567
83.19884286
81.85924460
83.35762511
84.75586109
83.65644847
78.53616645
83.66346711
85.39546370
83.73304022
76.47870126
83.56626244
82.97186775
84.22156469
78.01770349
80.74838746
80.68071630
85.35487325
79.75435544
81.23348961
82.19354475
82.49458965
82.64843930
82.42735839
85.63196792
83.77356803
85.98259591
81.19538677
84.79978881
84.59645307
82.12756252
85.69641629
82.74236355
84.60679441
80.93160606
82.37362032
80.14690533
79.39905252
75.13931592
76.31146169
82.72920496
81.55105559
84.72883973
85.03099619
73.73614829
83.25973642
88.06861066
84.13196784
81.46879966
84.35104762
79.28038934
82.84080542
83.01418638
84.42427950
81.61039958
82.15143802
84.65994944
83.55377065
83.82172586
83.91681059
82.44741793
81.92199183
84.59972732
81.70124194
80.06827030
82.19263719
83.64852597
81.29110980
83.67323919
80.44581474
82.17906924
82.80646217
75.76610018
85.88569133
85.01583923
82.55314936
82.84518116
82.75218468
74.88576619
82.56354775
84.96988452
79.59637832
79.24345341
85.45537452
81.29404280
85.32419911
83.22945483
84.44921935
87.39223387
84.78053883
82.61193022
78.90821342
80.00501918
84.35339989
84.65492077
80.00573037
82.12434310
85.94569865
84.39238053
79.22593076
83.30294013
86.57314145
84.67627954
82.06732601
81.10276010
70.17037286
83.73257056
84.44630180
80.02564167
79.22409183
85.40557149
80.98022055
80.22404946
82.12366046
84.32793399
81.55653135
85.26604590
80.32938651
79.67319340
78.76497294
78.80099163
80.29969276
82.59995024
80.75633458
78.64489333
81.01985731
83.29735214
81.92649528
79.75403393
78.75940434
82.71085904
84.87094939
83.59814646
78.10207364
83.93654706
82.44359460
83.91763986
81.34787119
82.76565186
84.96976007
77.15292534
82.36844083
81.81092761
84.77795383
82.84663517
84.07890129
79.25000587
74.20405442
82.38171796
81.04649392
73.04381008
81.83513290
83.67681098
82.01338407
84.09315894
77.95611671
82.55605756
78.72632151
86.82028021
78.94743778
77.74221362
78.86080189
80.99917202
83.45746405
77.59088803
80.97908442
82.30014871
84.22581836
81.97531007
86.56657133
80.76752218
81.90710430
81.69754629
84.21279097
82.50994532
81.72643519
85.64906955
74.59605312
78.03720384
82.36270126
84.03413045
81.88807340
73.85195689
77.06731671
80.13516311
80.30221744
71.27558180
83.59831675
80.09304145
83.13521526
79.43117050
85.17425883
85.32160073
83.75339545
81.75519687
82.63628045
85.21890500
83.60556152
83.99600826
83.77942852
73.62961912
80.12100393
86.02816250
78.92773639
80.98101029
83.98678990
79.79393661
81.66454728
82.18881168
82.52321755
83.46929301
81.42441148
81.97989925
79.31405708
78.28428054
83.95296778
79.98323676
83.22184102
83.01875658
83.16418977
83.83648999
83.38266631
81.73360593
74.30029931
83.02672875
83.90756429
81.10069618
80.16325835
83.36196400
80.79565826
80.87438148
82.14246861
86.04917237
79.48309565
86.38492828
81.41612973
78.25864892
81.92602078
78.86023104
85.03688506
81.12861439
80.05014318
81.11998751
81.18421118
87.60345920
83.04095164
82.09282351
83.80747804
72.99314008
83.81810845
85.08009803
83.99046716
86.11247209
83.54380607
82.60958137
83.91735461
80.13608158
83.87756095
84.89102727
78.48416041
83.71318908
78.29992891
83.51431609
79.22238340
84.61221584
82.95455821
75.82660152
84.19869289
80.37099467
83.03522486
80.04760701
76.39530189
75.85402155
85.02490216
84.55780912
80.71147533
81.25606584
83.07532481
74.12890676
79.22416703
83.53975484
84.81526790
80.01575792
83.86488029
83.87074646
82.77648744
85.50097333
81.47318890
81.09119036
78.78724771
83.10645852
79.92130438
82.00504746
82.42251526
83.10642432
85.09394698
82.83740624
83.69240888
83.84720498
84.36071835
81.90661560
84.13544365
85.98544538
82.82679966
80.85726389
82.32359217
77.61503766
81.62094590
82.55018652
79.66707626
80.05437110
85.63781794
76.47330499
83.67018186
79.22793154
77.92459560
86.44227876
84.71465305
80.52770029
83.64876478
75.23866315
85.68773669
86.87066535
85.69922862
83.07442193
83.14185940
80.68492669
84.67247129
83.64570876
73.86995291
80.71665185
82.64053523
82.99369320
82.33085913
79.51052648
83.49890424
83.99110865
85.67721733
79.01990303
79.86979062
81.95131671
83.43460775
84.03938286
80.85891201
83.14050093
79.43615173
84.50129500
81.93568300
82.89117462
83.36662169
75.96383501
84.35359251
80.21427494
81.75674907
83.94893425
82.73261094
70.34976007
84.81302078
79.17165071
80.05755885
79.61780311
81.17272049
82.76657070
83.20092135
82.46793445
76.69632370
83.36768319
82.22839193
80.16023501
80.24621022
75.19902681
77.96427756
80.23520245
83.13521949
84.02795141
82.77838927
75.45608560
80.77670930
86.11295854
82.75429653
84.54100302
80.84651404
79.89621440
82.21762458
82.17344938
84.12761692
83.92993529
83.29064971
81.50050661
79.67233755
81.32397051
82.50080866
84.71871816
84.88106874
80.58675269
77.77007148
83.22416205
78.55074714
83.54085259
84.36073965
83.47538602
77.22467547
84.24320229
82.43418490
76.95667147
79.48289163
80.82140730
83.41841204
80.84982230
85.90562837
83.45299552
73.22061649
81.80596384
77.19659092
84.50207463
81.53396701
85.30778379
83.43433593
78.98293390
82.32023276
83.74125805
84.95187937
85.24571699
82.07907945
83.26252297
82.45584834
81.43049088
81.17990877
85.95605745
84.20550452
84.26680362
84.84394476
81.76697539
82.49798306
83.31911450
80.17062911
80.11370068
85.75735701
82.46368833
83.03148766
84.29783882
81.96696350
79.34383864
83.03888475
87.43130993
82.08339635
82.89163500
82.05550188
83.27796912
85.45113060
80.01791195
82.38257855
86.96264971
82.58808127
82.73178596
86.64699608
82.34450488
81.64102396
74.37068900
82.58942827
82.96869817
77.46284435
81.43455142
85.68927931
79.06057175
85.99699837
78.43374216
81.67708697
82.83169629
85.87802184
84.09916829
82.90634649
85.82944167
81.44867949
81.77455367
81.70775840
81.71189246
82.37796696
85.35140521
79.41623975
84.74870351
83.27636183
76.13066644
82.25120114
83.26406870
76.90631212
80.54737276
83.44386162
81.92096930
77.98677250
82.42158787
87.03956740
84.68793781
84.09900167
83.92782163
84.10016449
84.42591668
83.49066807
84.12579118
84.75937608
83.34474570
81.00551870
85.05147477
85.80784997
85.14827665
81.78050577
86.47175598
74.14351092
83.43247308
83.55206136
76.08100111
83.66922526
86.36236844
73.45474292
82.99587928
86.29920889
82.19986804
76.76949636
83.63980044
78.30999402
86.36181982
78.99737325
81.69400251
84.04738096
80.66789519
81.30422589
83.62783362
83.68436956
84.98042382
82.55175094
81.89919204
82.88166078
86.51763863
83.01172287
84.53256944
84.32255565
79.44340298
84.89842009
83.94384481
85.78276869
81.03616538
84.78396205
84.97546010
82.97091551
83.32418017
73.85251797
82.36697773
77.67660454
83.80946657
82.06833142
77.22027198
85.04802310
79.70670918
82.94884945
80.83178413
83.01165260
85.37806256
84.46366990
84.95880832
73.67473597
85.12319475
76.54766151
82.97875176
78.55311041
85.85579368
84.22384521
71.05354770
82.98795526
84.00605306
84.22952855
82.29948116
77.70196726
85.12583851
82.34741681
81.51452269
80.85406097
84.57485164
85.56837046
82.58467006
85.35520659
83.43974427
83.81608684
84.56249934
80.98441427
80.42273299
78.04823080
83.04663543
85.35819887
83.01520562
84.24874280
84.57269955
76.58907876
76.99828081
81.01323108
84.98133311
81.36156435
79.56315366
82.68997129
82.72775871
89.30162059
85.35031301
80.49909817
83.64186788
82.98197825
76.72101564
82.46179930
81.86440677
83.90890620
85.86889785
83.63327252
81.27986661
84.49524039
72.27999960
82.72996897
82.68359089
81.85892834
74.48112956
80.84225726
83.08124052
81.19869668
78.24365285
75.91692545
82.70709647
82.23543058
79.64697267
82.13628316
83.44592453
78.13131986
81.55219291
80.79203852
79.47989131
83.76510574
82.34617932
83.14692246
85.00371109
81.35483064
78.23430904
83.84577928
81.72044044
85.06064252
78.37840684
81.29356087
76.51471923
83.12597748
81.36295930
80.71928195
81.30296565
83.52084160
78.01164516
81.72436848
81.37203352
80.54195043
84.92345800
86.12916356
83.02832295
84.49839354
81.57443497
85.31764637
73.24036187
82.53838718
83.96908310
72.83336283
84.47643903
79.96382224
80.71490411
85.45666851
78.01984759
77.78861111
79.76232668
83.29264567
83.35035797
83.88046968
81.79878902
84.95830573
77.50003219
83.47651371
84.77939250
82.07096563
83.82103052
73.56369708
82.10609196
83.11276372
83.69453066
83.30261624
83.85160844
84.01294470
83.40168173
85.38051665
80.15384639
74.82899900
83.10275660
86.66023793
81.91081190
78.82000610
81.21696521
83.90248705
84.16246590
86.96352432
82.05764108
77.78922450
81.29342949
81.29729006
78.82556208
82.87070672
77.53681483
82.62584277
81.12773211
83.04855211
83.70752546
83.99591185
82.10248383
82.81420807
77.21371851
83.28853311
83.26648805
82.31563508
86.29617646
83.96932818
84.74676084
73.08022908
82.70286655
88.08727238
82.88136891
79.19704194
84.89039698
80.44373228
78.32989499
82.45485253
77.65312005
85.14511477
80.11377419
81.83453258
82.82857360
80.53330484
82.58852598
80.51575739
83.04516726
82.66003728
84.80176219
81.37229316
83.50328813
73.85007431
81.90595658
80.92931455
85.23068582
81.36625742
83.48098281
84.09080950
84.26727544
77.11143401
72.40776773
84.82525018
82.58799181
83.99518699
85.34804799
86.03807789
84.35368426
82.45971404
82.96885416
72.31035936
82.37798106
81.36541797
81.35398411
83.13126593
84.03819709
73.18660804
82.55976263
84.56473279
84.03962818
86.52256836
86.54148239
82.16951611
86.53278361
81.52200227
84.28680429
80.84169268
79.42460985
81.33406207
85.34724498
83.88902669
79.22256776
77.69874847
85.16880124
82.53215963
85.33539171
77.55993400
83.94947090
84.49587487
85.17044009
86.68391324
78.69219116
78.70501836
82.65551775
80.41379895
81.15745178
80.55322568
82.78366702
83.84131946
85.30118299
73.50364234
81.23573252
83.45984321
84.35925770
82.92479799
82.90064367
83.55562398
84.45963772
77.09295276
80.72089009
82.96979659
81.62206052
83.43403761
82.24761458
83.00668949
82.35444252
76.68966004
80.77095190
81.17710210
83.22416205
80.34320638
82.21787316
85.02594987
82.47857172
79.89330897
81.18375955
86.33165894
81.66912346
83.09653113
85.03363031
85.90158506
81.08754633
83.02866052
85.34488731
86.35302859
81.38140971
83.58161976
83.94232192
81.67846483
82.35159492
83.77796844
83.80677722
83.09972529
85.34527627
83.01243494
86.52862116
79.60768924
83.55762462
79.57006975
80.76966829
81.71696416
83.12999512
77.83466482
83.31318093
72.31676097
88.30563547
86.31121455
85.01077764
81.37381653
84.76572458
82.54648448
82.58213954
80.48029078
75.18725505
84.52158270
80.65744531
83.47384497
83.85855937
83.73323259
81.41197911
81.22877521
81.24330708
82.65394351
82.27080745
84.49661610
83.65826046
80.02771023
81.97907560
76.71788951
76.81938901
79.49595119
83.02973365
80.69205335
84.30483036
79.09457590
83.28150385
81.43192595
85.31124476
85.44345828
83.21558294
82.03336022
83.85845748
81.69599317
82.35243994
84.01030596
79.36701657
76.49120651
85.44172532
82.82899054
80.15627618
85.47654305
84.14866945
81.43215005
83.80172055
84.59578082
81.62023365
84.27741547
81.34581127
83.40600753
81.72322958
81.68233773
85.18759602
84.27127208
85.82482693
79.33705162
80.93590082
82.82807694
82.44502839
84.29864899
80.96351620
83.05769120
83.47385919
85.68916887
74.18313288
83.99786509
81.95858543
85.21557588
85.00712865
84.22912584
82.59841635
77.19607890
85.45894657
80.40880064
82.38776952
74.33278017
80.51624190
84.34188253
84.00221982
78.21923547
82.98192501
85.14913988
83.48789177
79.44412474
79.79161393
85.58780759
81.70817513
82.94470276
83.87335317
80.96260287
79.98910388
80.09173550
83.00237347
82.70129577
79.26681826
87.62337443
84.90835143
84.26725814
80.85434723
84.10342762
85.36222920
79.40697249
80.20524473
83.80019881
82.31659811
81.19012328
85.14731906
80.26898423
83.73631676
82.93794812
81.02850093
83.20028313
86.36088303
82.74144194
80.37223213
81.19466555
83.73265431
76.04172854
77.71812603
85.09078954
87.31545654
81.12398635
81.44497499
84.75761055
80.98369364
79.93534741
76.57106663
83.74131754
82.25106862
79.04517716
70.46258713
81.10177081
80.97617763
80.60904462
80.13812040
85.40659796
77.92097726
83.64642450
82.51198991
83.33503175
81.02976111
72.00766297
81.48367915
79.98231039
83.44040076
84.67971064
83.86404557
76.49729832
84.52901842
82.34488891
82.41803318
80.54265854
80.41582241
83.09571449
76.79256821
73.10447664
80.11349953
82.77066519
84.06563434
79.57608779
83.77122291
82.64094753
84.11295420
72.44207480
84.25585785
84.51877827
82.45658533
81.79878902
80.85647092
84.89027847
85.19107751
77.42144310
85.77095627
81.88459230
83.69546847
81.76991197
82.84390027
85.02719896
85.80336824
84.90981192
83.20972989
85.05114633
82.56518309
83.76667133
83.96891099
83.91230223
82.68255698
83.87252501
82.16200637
85.52652777
83.62580112
84.81204954
81.66445310
78.88388359
82.17751404
83.45205861
77.48793114
83.41822964
84.06678082
82.88370335
83.45724461
82.67006205
74.84441528
79.76812462
75.72119339
82.21038347
83.46025479
82.06035008
85.24390815
83.46549264
78.37981353
77.73103753
83.22271755
83.19105865
80.17453792
80.39927251
87.36416210
81.69774694
81.44283406
82.29603082
82.92288587
74.98921448
82.70704456
81.21759566
82.49568233
80.69478941
80.19802215
81.46911272
83.07618797
82.81486118
85.68498906
78.09931143
82.11992590
80.98588797
81.73876717
76.41146438
83.99753031
83.35654668
83.19612019
78.17897744
83.85825931
87.54825778
85.70126888
79.35593162
81.11646771
80.91214350
83.82467730
82.12604445
83.46739471
87.68259679
86.40047241
81.32240941
84.19644039
82.49895441
86.41071206
78.02361030
74.17078131
80.02337099
86.45215345
82.64492277
79.41729120
81.03586909
76.81829015
81.32701819
86.20398009
82.29453199
83.32583013
84.49664346
78.35834386
81.74829352
82.76698958
83.20114503
82.56505876
82.52077815
84.33746256
84.29465759
86.95263824
78.51938350
83.76114389
78.01790610
84.78878633
84.15436939
84.30798622
83.27762838
83.95901924
80.27468769
82.43053660
78.46364766
80.41921054
74.98494441
83.62643652
83.06177075
84.42317106
79.20389954
79.60110418
84.20934644
82.23224611
78.02250331
83.11589366
83.16700203
83.00253158
84.75900547
85.89455904
73.56599474
85.31868029
81.45855497
84.66706120
80.97345964
86.29786453
83.36079226
83.66580141
81.55360525
84.02251195
81.39460253
77.81179758
82.80055439
74.82187173
81.99210000
83.91352191
85.94423710
80.93087605
81.87203074
85.22682727
78.69578888
76.65610709
78.18086859
84.58169676
85.84580612
82.95387924
87.92323888
72.92445136
84.76204575
83.52684370
82.35032776
83.98702945
83.35389715
79.69993584
71.07915419
81.85182878
82.34066954
81.82945583
81.84860456
79.54236842
73.57845379
78.35911640
83.21740362
73.83374330
81.14087413
81.83506233
86.03672020
82.45645438
86.26526275
82.03065008
83.27235186
82.24324188
82.93674805
85.55422506
82.15991124
81.69139340
81.76550547
82.24066571
83.52953304
83.88736788
81.43176072
82.29823399
83.93053113
83.24436525
81.97701163
80.62105527
82.68048192
81.67994744
85.42754712
79.16845548
86.25009286
82.92672250
82.96288568
71.34758562
78.80736441
82.00373240
79.12297801
82.81941773
83.13344117
84.60148217
85.18414598
76.40244298
73.11662833
85.24531491
84.95324318
81.91798000
80.33241097
73.42734047
83.16801663
80.07484233
82.85385909
87.42054418
82.99196213
76.45419918
84.39475399
75.15138719
84.79853232
75.64279785
83.61745341
81.92580859
86.75654403
83.42439505
83.08593725
79.27995122
84.20590155
78.91540639
86.53209610
76.68957531
86.02027047
84.21352510
83.28240615
79.07277782
81.73067925
79.96098253
80.64332776
74.05392966
81.31383695
84.76337392
86.43563851
86.68097130
85.43531054
86.10142441
76.18197146
80.21843554
83.31867353
83.59143455
80.43071329
81.56374154
83.25597071
84.90006725
76.97155741
80.14893641
82.97533609
83.52426285
81.83290354
81.90314166
83.67309344
79.00321505
84.34498226
83.75966928
79.12807690
83.68771749
78.79350671
83.09429569
84.04793176
85.12182690
82.03912534
83.10967946
84.57069988
81.58531596
83.17804552
85.62163646
85.36219686
79.71614489
83.62351588
80.86595969
81.49664873
85.21981018
81.55795633
83.29963955
77.24659168
79.05313127
84.07401246
82.40231885
81.11130573
81.07122924
84.09398222
82.72010430
82.80093983
78.83481862
83.17621508
81.09094379
86.86919858
79.42241428
78.98655432
72.47648086
82.87058573
84.05476458
82.27000212
85.93980686
82.21373092
79.14588190
76.80948753
84.99308916
81.62460023
80.34701289
78.76828488
78.83994399
78.84427577
78.28381870
83.48259347
83.56646978
82.02045511
83.74725638
85.15551912
86.30540371
80.47416566
72.88841872
75.31996448
79.35541560
81.98516565
82.91741012
84.24374657
76.29584103
82.06285283
81.72230060
89.48844191
86.39285870
85.93343015
82.11095526
79.60021997
83.56319317
82.03993677
84.38743627
77.09013497
84.21402034
83.98719138
69.91612606
73.13937387
85.05128417
75.07187083
77.31326203
82.63505087
82.12524757
85.29632959
81.71582051
84.66391256
84.18847958
79.06525461
85.83368182
83.46323684
78.73883039
82.84211986
82.69310665
78.36836328
78.83069355
83.16282617
79.61565685
85.19395986
78.77423376
73.97586957
84.69192734
79.57115855
81.47224821
77.82695598
80.46504855
77.04710705
84.33690499
84.93774108
84.84155873
79.91723498
80.89027136
81.98442042
86.18334605
84.40610592
75.18956771
82.88020481
81.52017099
82.47579832
84.12390270
84.09827100
80.97531550
85.11833174
79.66349677
82.04785386
86.13080575
84.00562238
81.97765673
78.24337985
77.87287478
82.58654962
80.65689715
82.35631145
82.93767806
85.47840773
83.64634065
82.09645357
76.51551799
86.80645940
85.63229511
81.82369036
72.22225245
79.03318564
79.34697114
81.78056191
85.01584172
82.71238158
80.34190618
81.88179123
79.35208758
80.98366155
83.12470418
83.18523220
81.69685542
80.64558546
80.94349297
76.51513541
82.47764613
83.59247058
80.62143980
83.01699720
83.25666352
82.87429015
85.55732606
82.83477165
81.35803623
82.81344920
81.37432549
84.19562036
79.02232607
84.48770681
83.96648230
76.43088622
82.41710178
79.29834296
83.47306912
83.18695076
82.38229585
84.63722638
76.66224849
77.61259752
85.54583709
83.20427319
79.40384722
87.40027207
78.24699419
85.02906956
82.78858756
85.15544206
82.29184077
77.22782128
81.08017471
80.56358741
81.15300445
82.40505576
83.11584729
83.99810078
78.72644293
74.24557641
83.98663097
73.19420807
77.27908666
83.30706442
83.14046134
85.11614164
80.76553873
76.22734962
83.08599464
82.57760876
82.61858112
85.05857773
82.38543062
84.63537116
81.81610863
79.16166619
82.95101035
81.79608257
77.74960566
71.53920588
83.96684935
84.86700978
79.43989386
82.99262230
83.54924639
83.58874625
82.99753442
78.16665962
82.02683555
83.29819423
84.51250860
80.59896992
81.52656172
82.37075796
85.22567053
75.80959454
72.80596222
83.82719113
82.57969698
80.51060661
77.97779449
75.34507253
85.29980105
86.43237216
81.44673979
81.80239188
81.25166713
83.95054762
81.29347305
84.29588023
82.03592481
85.44027475
82.42079102
83.69177232
83.85538636
79.58163362
82.10911728
81.38166767
83.63760122
82.73358287
83.69292107
83.13653393
84.11848870
82.54777676
85.04011589
80.70288689
84.41714971
81.79693215
79.61780311
70.20102709
82.32084678
86.38380233
84.26635435
85.34851631
75.18604459
81.11329948
77.07141377
84.13865740
83.11762114
83.69769872
80.28822435
81.96508233
87.24781734
82.29897912
79.58385011
81.04258077
81.50326561
76.96143362
72.22355704
86.29726506
82.17479089
83.82231107
83.47347943
81.42402500
81.71717283
84.97746100
78.32681187
81.99595786
83.23009750
84.61852502
84.19689526
79.62983876
82.63513779
84.43888113
84.93281056
79.74587339
81.69330190
82.36738369
76.64649040
80.62745668
81.15713847
72.51034843
81.07565923
78.60211074
83.41165319
83.00731895
81.98526129
87.39538578
86.39591032
80.88012710
70.45048289
85.36175125
87.55549519
88.23141859
82.89025233
80.42442490
81.80509814
84.31737388
78.18680958
82.60831560
81.88101173
84.69757406
82.33849949
78.83665123
84.45118068
81.08260824
75.38247676
82.93219515
82.79785730
84.86568843
81.99152736
85.35726783
81.91394882
86.25797128
82.63156893
83.34917137
82.89393830
82.20629461
81.37306037
83.87085561
82.19261561
76.53743493
76.31534274
82.12862738
85.60449622
83.17504722
80.25669810
78.64926325
78.88626337
81.23845753
86.29974978
76.89366080
85.07169490
82.71561810
86.34059317
82.03850369
85.06597667
82.07215009
80.69939478
83.71453640
81.21808073
84.24685222
81.44868162
83.83580410
82.56358709
82.38637290
81.91458449
84.23126592
83.74869318
83.18307865
77.32789508
81.37783925
83.51263801
82.45822551
83.98795010
82.82504264
84.87617904
81.44720136
75.87206968
78.84658608
87.55300124
75.07250460
85.89909020
81.86285039
77.95290070
81.72480925
79.31591613
82.88244056
77.61830267
85.66264131
83.01961653
83.43435629
82.99281275
83.96127262
82.63031865
81.71091425
79.51647720
83.18815084
83.78699142
83.95540718
84.66152127
83.73104261
80.92831742
84.82043345
84.30883691
81.62458402
83.65732720
83.91975090
82.40571087
80.11003998
77.20342896
83.26986651
82.64034434
79.17940184
77.34304507
78.11347826
76.73141579
80.47072959
82.75337509
82.78548085
82.65389299
80.86500456
77.66175293
84.00785085
83.36300320
83.43572541
81.77998606
81.58024552
81.77367547
84.56906536
80.29592456
81.82405998
83.97164425
84.36834939
83.03089105
83.52220253
79.09292513
84.59648950
80.64822457
84.62472900
73.63884654
81.69247165
84.85723440
81.96242630
79.17539239
82.11135433
80.55296300
81.66645373
83.04278064
79.86675354
77.37007391
82.22831809
82.69730593
85.89433972
84.22071171
80.58988119
83.71490250
85.54328521
81.10519586
84.59079153
84.17101903
81.93908307
82.52627064
81.60816066
81.97033472
79.96217042
81.21915090
82.46936622
84.35449899
83.01589309
81.10448434
83.08431809
82.09008090
83.64457228
84.35036920
81.76638519
79.74869866
79.97257916
84.17865284
83.68106637
83.55871821
83.68397120
82.53811364
92.67949518
82.99740834
79.95507677
84.20861633
85.07977574
77.17441866
80.13043245
82.00239966
74.67259229
81.87824365
80.54948869
80.36674043
83.81942141
84.22782309
81.86869637
84.61413406
79.99553452
80.48543915
79.58861329
85.16728822
82.82260185
85.27443275
85.32297455
83.75519191
81.05259177
82.06112862
80.52756605
85.34350456
82.53029185
81.39123867
80.30254828
84.47691478
83.79452241
80.17890849
81.59725531
80.60524102
84.14128227
84.76718694
83.78396885
84.98694959
83.40139156
82.27040314
77.91441669
82.58753953
77.83089770
82.84777891
86.28108195
82.50525961
86.05345997
82.41840913
81.17591041
77.09910277
80.39249890
84.19126949
82.52185943
82.93031129
79.35011760
83.16413937
81.80015425
83.68904657
83.29770426
83.02270629
82.97074541
85.20695878
79.83397443
83.01543804
83.25084253
80.47066156
81.74835295
82.11935539
82.70183313
82.95952799
80.94345895
82.42647037
85.61009540
80.73950749
82.25873105
79.87339547
72.77323152
85.34514676
83.79031381
85.45431410
81.79896316
84.05560177
77.30279362
82.56216586
84.45952627
83.98278981
80.08004883
80.54048367
83.25178678
78.73158796
84.88244660
81.42727845
82.47540196
84.62413852
78.77663014
80.71369949
83.51860478
81.61952115
82.01789456
81.50996558
84.05416231
81.46258813
82.51750177
78.67323975
84.47298431
81.37280379
84.06265463
83.40324988
75.43471853
84.45627617
83.38277965
82.58312682
83.29194686
81.39709179
85.71281741
74.11269886
78.88201406
80.29371507
78.36021801
81.46494718
82.40010609
84.14917470
80.11658275
82.93125263
82.33271606
80.46204767
82.67944020
84.72690226
82.87601665
77.98104979
85.59884364
77.75546165
78.32064162
80.71488956
82.98659858
83.03210826
81.94994817
80.76111377
78.23330096
83.10758345
81.55360878
83.90558946
84.47865037
81.06723190
81.90973574
87.39993258
80.60845608
82.43961427
85.11041944
81.57852883
84.78154693
82.92218297
78.29146813
82.71768860
81.73266794
82.86850042
80.80516493
81.77879820
81.58710116
82.14796429
83.40474484
83.77469862
86.03123253
80.84613041
81.80516849
85.60719351
82.32703410
75.15239164
83.62936668
86.79417333
84.91174950
83.88064107
83.24295148
79.40680062
81.61142732
83.77217462
80.76705918
83.61300438
84.39526371
86.81589455
81.74802384
83.58598718
84.17880255
84.28105809
83.72023363
85.00250463
78.20462086
85.78156484
82.76320911
80.69365958
81.45723092
83.18340208
78.34809627
75.26014852
81.90287591
78.49345893
82.22570987
82.27781601
83.67853980
86.49556532
81.72507000
81.47099927
84.41714971
82.42631467
81.76189804
80.93833560
84.33609311
75.27230235
81.06287325
79.21672081
80.49569913
79.91918926
77.00525255
83.13784269
81.49910957
78.52047509
82.47949844
85.35503999
84.50990141
82.97281101
81.08314250
79.63524560
83.88393544
79.41394247
82.22669159
81.80828200
81.88607564
81.11812328
84.48467415
81.48165919
82.67218228
90.17955230
81.36726258
82.04166116
83.59790537
79.32988660
83.40116202
87.17454773
82.94314017
81.41431281
78.51599510
83.39031889
84.81373678
75.22085483
83.18233313
82.60331935
80.80956574
81.70063372
80.73781830
81.99728346
83.17585081
79.67582715
84.74415836
83.94276398
82.68462208
83.45331712
81.70004867
81.16598071
83.96047101
82.95373823
81.06810234
84.39000878
81.81668718
85.59056333
80.96343956
78.49404039
82.70297642
83.94184274
80.23485809
80.49802047
82.40429514
87.19530209
78.75789455
80.66559873
79.30061007
80.76769796
85.42453614
77.54513106
82.82865179
80.75581934
81.80596384
80.16614829
79.61164058
86.19849332
80.06350207
78.22665310
81.73457542
83.08866866
83.88363446
86.56413720
80.58946386
80.06204351
83.79193921
79.93888467
84.65904294
83.67619731
83.70451222
83.28999964
84.62307872
74.13652458
84.44996119
75.68589215
79.78750189
81.37660851
84.96451175
81.52041170
84.61354485
79.07580944
82.15516388
84.62804202
76.56362667
84.17974296
81.09568843
85.17528993
82.97243217
75.43911581
87.50266796
82.71493134
79.67783785
78.87286414
81.51827709
82.97882397
80.45976310
82.89318027
82.29595030
86.11501535
80.65679200
87.48049900
83.52351817
82.49924541
84.99051842
85.74283341
85.87153921
80.34681114
83.08195201
81.50646367
84.63195914
83.20710077
84.07184678
84.11638637
82.94010130
81.53115712
84.16178744
85.54286749
81.80913305
74.42710878
78.44473562
83.37755073
85.47618756
83.96547456
80.65958243
85.25624648
79.51228011
82.92289572
83.39641606
81.84903041
81.44377078
84.99762637
83.08683489
84.94510955
83.43449107
80.20070226
83.03016607
81.71621506
84.20829594
84.05013102
79.05200950
87.28117342
79.78642524
81.03553403
82.86302088
85.88077958
79.85415803
82.67311405
80.57729602
81.96557713
82.54304573
85.44195578
75.41264467
81.07241343
81.12308263
82.84828457
83.62501675
83.85897467
84.29560989
80.15626807
83.77217462
83.81961402
83.83925092
83.52552773
84.91038388
84.04952326
80.89902820
80.55802694
81.93134731
84.10940322
85.46790384
86.12382802
84.56601782
72.78267235
85.69028121
85.91226693
84.62387439
79.93607928
81.01945085
79.01523917
82.62712624
84.88344710
83.54236255
77.08729824
83.30929209
84.85931303
80.36427332
81.53183643
82.81787317
81.99045151
87.56566257
75.48646008
82.82913408
83.27684610
84.68073051
84.31112140
83.38543005
83.24855762
81.25836904
87.88523083
82.69293260
85.68218913
82.95304281
84.31282958
79.44745479
81.49665412
79.97433391
80.49265305
78.47506243
85.03758494
81.05742172
83.52639904
81.02038998
78.62988481
84.82548524
78.82041206
83.35684172
84.53782464
86.22479994
76.65753424
79.89454177
78.12066468
86.14283474
83.09434353
82.65700132
83.76134937
84.23578061
86.88160716
73.60793687
82.26882763
81.12518301
84.34654149
82.66781494
73.65974008
80.42128588
79.65682664
82.44535794
82.47343446
81.44718680
78.29384392
82.59087362
82.17295402
83.30273097
82.28637534
83.63058390
85.09698409
83.09957049
85.90197674
84.76145408
85.43853346
81.93636940
79.29894089
84.83269631
84.17178145
82.75278353
84.22576840
75.10124666
82.92815743
80.02681856
82.83149314
80.91863695
76.42972646
81.37661449
81.95633843
86.36512323
84.30917065
85.63769205
77.95657155
81.03009843
84.48597233
78.28194801
80.07851443
82.95939244
83.42765045
81.97518200
82.89359075
85.29445775
84.72800336
83.20795171
81.58392511
85.58780564
81.50553424
84.92596886
75.34991967
82.75844753
81.22861707
80.59306079
78.75730518
86.42860243
82.79851564
86.09106756
80.53252854
78.79220563
82.15188954
79.32154132
83.36715228
83.99581766
81.71300848
85.60453652
77.07365264
83.92512944
73.23789190
74.92348417
79.69875243
76.82507167
79.95426158
84.17481379
83.68351473
78.09297388
84.61128219
77.81491740
85.57675814
80.87215932
76.66163232
85.37365806
83.54866751
72.05198969
86.70075167
82.29182136
78.98060206
84.00903993
84.54394161
82.85922097
81.68449154
84.23698254
82.18853956
84.17974296
70.38942472
83.29684027
84.08267317
78.93009508
82.45098832
86.31462991
83.07027578
82.58996780
88.62747288
87.46697875
78.97371258
81.89785932
85.93000828
83.19062870
81.08728845
83.40992524
79.46640715
83.21561172
83.57229650
80.37305042
82.76383087
79.59859863
84.09847241
78.74145807
82.49619263
81.35994683
85.65158283
82.77147135
74.68327845
83.76549480
83.77250053
81.91327292
79.16027957
80.30270392
82.51332284
84.94533713
84.40212995
81.59398307
82.72162005
83.00778147
80.59896992
81.64338927
82.01659968
82.35702496
84.41609182
84.94256491
76.59384691
82.06673313
85.69362431
82.86186776
79.70001030
85.40614589
81.07413644
84.46375013
78.71535127
83.27281911
82.97506811
85.99409825
82.31457360
80.45143305
82.96200015
83.60893500
82.09469637
81.51968349
84.40871695
84.69450362
84.70303704
84.03678837
81.55542900
81.59742516
84.46304451
82.25761874
87.80303510
73.66101741
81.87929324
83.39624758
79.80473114
82.25527525
85.31224056
84.56960371
81.80290890
83.87856924
84.73995567
82.11493414
80.10905863
86.80351765
82.27701174
80.41659354
85.22779154
83.03636646
83.41140011
79.02948874
77.72417866
84.26986444
80.15483346
82.41740103
81.48881460
86.25933277
78.14243983
84.54230618
85.56824297
80.64703767
79.97118735
81.61867403
81.93259714
83.91824525
86.49837784
82.19004692
79.20724528
82.38923878
76.04455057
84.61748794
81.17390889
83.79621705
86.04881018
83.92602367
79.98765469
80.70429620
78.39444211
82.71688644
80.40412470
80.26674500
85.32433423
83.29698148
83.87199467
85.56796186
83.31725443
85.03727052
82.09318838
80.88324295
82.96303487
83.80703073
81.98190213
84.76223772
82.16591697
82.06888419
83.50991868
81.34412362
80.94675954
78.39704647
82.62968954
81.58386858
86.61091216
82.74452138
77.00158971
80.04871729
79.78461105
85.52668938
82.58879075
86.42503099
81.97153126
76.81944561
83.74386094
82.72038941
80.51851867
76.48149315
73.81393236
84.29847478
78.86048529
83.16222659
83.28626670
81.46131938
81.82759756
75.63655725
82.91934314
85.14151495
79.88041960
81.59137909
87.53196492
86.07285164
84.10365117
80.76589175
84.45280260
82.57580161
85.10339673
83.78263737
85.53216963
80.08367694
83.73197100
81.90650481
84.52149809
85.33584276
82.28349438
86.03261992
82.60919436
80.07529996
82.04234111
84.84318971
81.67473206
84.89312290
81.19939524
79.97650355
80.87226243
81.66207235
72.68132944
83.81074415
84.98537917
80.67415633
84.79296146
86.05122032
82.46722118
81.52340184
84.60649956
86.74524321
78.02927912
79.08570444
82.53578487
84.58223152
82.55702030
80.89745121
82.64657463
81.87820756
80.64447292
82.28008715
83.73993703
87.42868029
83.09041900
82.78157924
82.93761452
79.07958136
83.17847858
83.42445336
82.18316757
85.42681005
85.44457859
78.56070735
83.62128137
84.13118672
85.85773860
84.00901036
82.82210303
81.89367013
83.92363156
84.19321554
77.88447720
79.62370668
84.55842875
76.40470420
84.74007489
84.79698093
82.12526670
72.09197045
79.26190488
85.28146557
82.63177213
76.99375957
83.40687393
83.48826787
83.11390668
79.80251458
82.50605557
84.65024551
81.80744276
84.72881350
85.14161985
78.62421950
77.97027539
77.81940608
84.61952079
80.39198495
84.65754957
84.09271153
84.26648045
84.72683707
80.01647353
82.99667651
82.69046627
79.04291547
82.89820033
78.98028952
82.50779408
83.64978551
81.73157778
84.45459005
82.54396682
80.50211237
80.05327054
84.94156145
86.36208378
82.50403090
82.80708221
80.43377157
75.00352693
83.14620714
81.24669455
84.12848877
76.30579994
77.29698945
80.14448013
82.43370834
83.25458176
83.78527544
84.17085848
79.91679129
83.05831884
85.29450889
81.62510276
72.53197455
86.52358183
85.41605647
85.43755441
77.63893128
83.23146592
82.50823321
79.49495716
84.95171635
81.14231243
82.25264541
77.09356066
81.30436526
84.88292385
74.52930159
81.59629525
83.26224960
82.93318026
84.21893930
86.18781188
85.05752709
85.09220602
86.70501277
82.38868494
82.70842850
84.77966924
83.50628925
82.83264667
82.25083797
80.11035663
84.80372570
80.44156763
84.03628160
80.52573663
82.70845559
76.47820602
76.33120793
80.13473403
83.88950315
79.68764770
85.12686961
86.48731048
82.31960351
83.79044104
85.36239349
81.31834360
81.51165599
79.63497809
87.38020001
81.21617838
76.36900128
74.17021821
80.83490790
79.67906386
80.69866840
81.88777130
85.00059370
83.65640422
81.58921877
80.86085568
78.58079144
84.67839090
83.00422764
84.72355797
83.49547693
83.88934594
71.62751456
79.13439140
87.09809982
84.13052583
82.07610373
84.76577605
74.43372540
77.92450030
77.89526610
81.32484063
82.42833976
85.37874745
77.83444318
75.91007419
87.22985194
76.97656584
83.58492066
84.86469365
83.55429531
83.65649221
82.38229324
83.93461859
84.47637791
84.25447712
80.81162324
84.75123041
77.31579057
82.46010695
74.47373627
86.32122675
84.27869213
83.57209737
79.79030165
82.47303502
82.49160912
79.12322659
84.32794154
87.16541504
86.88830863
84.16078067
76.95606284
85.88227192
87.20964564
83.61194659
75.65829708
87.75336137
82.74181995
76.55375494
84.41611190
80.96515070
82.98795526
74.86370966
77.42657115
83.51673707
83.65941920
77.00949831
83.04673741
83.41195364
87.00586870
84.34681343
81.21349460
80.48043951
78.86329151
81.76687576
84.00632679
82.04048210
86.28290000
77.44059548
79.80283507
79.42415622
74.36207345
80.05063801
83.07746444
85.35901645
81.63573686
81.99959040
79.03567510
80.44241795
83.46511239
74.78117408
83.47879736
84.91401662
73.56627712
82.86954182
81.65566978
82.54302847
81.20701351
87.02258198
81.79759013
81.11019003
83.33691681
83.20419533
81.95384893
80.44315356
83.02007515
80.81054743
83.55424727
82.51923160
82.67268072
83.80749369
78.81567308
82.78386894
80.03406886
82.98245326
83.36161412
75.88906255
80.06633147
81.87786186
81.55542743
83.12122935
75.87183283
72.81076456
83.16455880
72.67104863
78.47164778
85.53744360
83.20490251
82.66693483
84.19408851
76.90670985
85.20347771
84.87445436
82.66955960
86.56413720
82.18799787
83.45987715
84.95128669
74.57858859
84.71694674
84.91808191
85.13572447
84.55228233
80.92096813
83.14221778
83.84278798
82.25317741
82.15183959
82.17749068
82.50664459
82.07981325
85.48209217
80.80571799
80.91182575
83.11631369
86.13721117
82.89171109
83.39153181
82.74751831
78.28676769
85.48297575
80.96761826
79.89697533
84.10797625
82.65339264
82.53576587
82.92526353
84.53547851
83.84002320
78.29328589
81.95247507
83.39211323
83.49714517
83.85359451
82.85942236
82.59857403
87.97697238
82.76256462
84.89757245
75.89236685
81.34724133
83.94524760
75.26413119
88.61714237
84.29053672
81.94975954
81.96608734
80.81956161
81.69380876
83.93729605
85.79062091
80.97506725
80.44617037
81.16875201
83.53865982
83.47872952
84.93677297
84.25074726
74.19574622
81.39902154
81.30866443
80.14298377
81.49854449
83.71388577
81.46218419
82.54603830
81.96033048
81.25610054
82.68672663
80.81236892
84.85516442
81.32778535
85.09151680
83.35244900
84.90880006
74.61570285
83.95999710
81.28024232
86.93061986
82.73497387
83.66708483
84.44662983
83.27193801
79.52880675
84.45340963
84.15695725
86.06806581
83.96908310
83.82389572
82.53385629
84.52510294
87.98591401
82.90268539
85.98597048
83.46171088
84.56343749
82.53947838
82.53880013
84.14068770
81.64248650
85.43283148
80.90453577
80.50462292
83.36363142
84.51128305
76.39923869
84.08481314
79.65916310
81.84727173
80.04582281
82.01723141
72.78641670
83.03784200
81.58859237
80.34077784
84.50888784
83.98084260
79.73062585
83.42650190
80.79768785
83.31133813
83.55201792
86.73979654
81.96492213
87.32516816
84.40203915
84.08242233
78.34752495
81.25805019
83.55838233
84.81838093
78.23664029
84.52472463
84.79043387
85.14890479
83.09275377
81.94050913
84.96314115
82.39585158
82.56466741
83.79258376
83.44536568
80.83791354
80.23705555
81.62968980
83.54939810
82.34092208
82.71168138
80.74173704
83.18109949
77.69477992
83.25218510
81.22960609
83.10764847
84.27882516
80.09080262
80.23195520
81.37356456
79.92707817
85.70981304
76.13497907
84.02975248
81.16699903
85.35123526
84.24386423
83.59592259
79.28097235
86.21490184
80.79836780
85.47868030
78.90704985
84.85527822
78.81497039
81.81612231
81.56948559
84.19710954
81.22828786
79.42339882
84.91880054
80.99255273
83.06336898
80.16566432
82.73224965
86.03210443
84.65012814
85.11933348
83.01704943
86.03632188
82.86838634
84.86016265
83.82149780
81.28334222
83.39574691
83.89683105
80.12151277
84.13554462
79.49600539
77.20791804
83.41682603
82.55090446
80.61247619
84.29340221
81.34282471
82.83694976
85.35687847
83.35956305
82.91977155
81.76354043
84.28580423
79.40499474
84.25865431
81.69644363
77.43670227
82.23896534
79.67162362
83.58974291
76.37411709
82.60140927
80.82929304
76.34437566
74.35140937
82.07066058
72.17498007
79.43523692
81.23438388
83.80008073
82.68570907
75.01128311
85.07581434
83.58687296
79.93521513
77.55299781
82.57072731
81.57282825
82.56866833
82.36529336
83.69798222
82.78318448
78.22931749
81.69619099
82.93101081
79.31572732
80.07981455
82.55600312
82.10756396
82.67159657
85.81365287
85.08564968
80.61564929
85.61559007
78.02495575
83.24372380
84.02882181
85.95000388
85.99304013
85.16716220
84.00733576
83.06060486
83.10413822
80.62617312
83.21886855
83.55407116
79.41008166
85.07856294
82.72162005
83.86522260
82.82218866
83.60113037
82.01659611
84.87481039
80.18521492
79.22329988
83.28042906
82.77804045
81.71741679
79.62451783
81.70951684
76.19876567
81.30976894
80.20695333
85.55160048
81.34075444
82.35914907
77.18316374
85.65293770
84.97328304
82.19050754
77.54259958
84.22413229
81.65026031
82.46727755
82.97889410
83.00533191
83.55908248
79.31546173
83.35972387
80.16900520
81.53874851
82.40329501
83.11151449
84.39563666
85.81169116
81.44959678
84.93444865
78.31872236
85.13255821
80.82296328
80.01172495
78.69488416
81.51616143
82.58510498
81.99341485
86.65041460
84.65528258
81.21366901
77.57641926
77.14406796
84.47234201
85.42157489
83.18822470
83.31172045
78.73643752
81.76364607
85.94116832
82.33178376
85.72278393
80.82889928
80.77716042
83.89803900
83.74758519
83.13609329
81.18662086
88.12985228
78.54529710
84.15213063
83.58125804
81.98111744
80.67869875
84.66358359
82.72182067
83.24251868
76.29784543
84.11025606
84.25827277
78.20501200
80.10111977
81.46741902
86.87054001
79.47940932
85.51820991
80.85422182
85.54855672
82.88417520
78.64172841
77.93057932
82.23179638
80.78563478
84.55120088
85.86244655
84.61384062
81.57213035
80.31461002
78.28686265
74.82504974
82.26304555
80.13073240
84.40625622
82.30612424
82.38085331
76.59299621
84.61736037
79.70090532
84.78328731
81.37156382
85.40220580
76.60856298
86.36492094
86.54460135
78.89799788
79.69622030
83.64422120
83.92243761
83.04825823
84.52762551
79.01042599
81.04154869
85.05991815
83.16549291
82.47139984
83.92576137
82.62441263
77.74544138
83.57799305
83.52965972
79.65547273
84.52523465
83.61180736
82.14506769
80.77670930
80.84823721
77.94633520
82.88632934
83.76490934
80.40036637
81.07143740
82.87298978
81.95494016
84.19696224
79.69698413
81.62925934
82.35987756
81.70169270
84.95725138
84.58232523
79.58919644
86.16805616
83.88460533
84.47805243
82.58376088
81.83620155
84.03583276
81.80610880
83.94490801
80.48469230
84.00633203
85.13658502
74.81727385
82.56302454
80.72574965
84.43034108
83.75400465
84.33375058
85.80951501
82.22527072
82.57006795
78.01500546
76.98421337
79.47055031
78.88822980
79.51734839
79.70349259
86.09543244
82.25369916
83.71824601
81.63502132
75.82331521
82.96746399
81.70900658
84.35734566
82.94276298
81.93213445
83.64978551
81.40021495
82.95394900
78.33489287
72.54250453
76.19944628
82.98684857
75.36340229
80.22539766
80.82149016
77.51866797
77.83614244
83.74131754
85.06098303
85.80141023
84.98360326
81.88345045
83.86093466
82.14290889
84.85385341
77.09806174
83.43766040
83.07050054
81.50098819
86.17494507
85.33771964
82.64581501
84.96380304
83.74216588
85.81917753
81.91336934
74.62598643
80.91811309
82.55617640
80.73115579
83.92747656
82.83087848
83.08677842
83.16914217
80.55984629
82.11047943
84.22767836
81.56769739
75.21174569
85.91546400
82.12087962
75.66014999
82.77588724
81.65850619
79.52703544
83.84377873
78.45532119
83.19353947
85.35128300
79.20511267
81.35604742
82.75786307
79.81927668
81.38966540
85.91481795
82.55449171
82.02043270
83.21126727
79.75035947
82.51063947
82.79035856
79.44211616
78.99965711
81.38804630
80.41553685
82.84513730
83.03821250
80.39403287
79.89791360
85.11415960
86.71271540
83.10907940
80.82968095
83.98426503
86.25053310
79.95466264
82.22671812
84.69114228
79.24161641
84.50284738
81.55870016
79.86134752
78.26231348
71.31507826
72.45828646
79.92202624
81.82473730
82.27862125
79.59453354
83.94883163
81.23173534
84.31042028
85.36610635
82.64924040
76.58652952
80.01532536
76.04601142
81.94283325
87.44595861
83.53635619
82.40260582
81.26020107
84.41070281
85.23129172
80.48509377
80.58181660
83.31501327
85.29785286
80.76044842
77.59761486
80.90242429
84.84225204
83.01594165
83.21177980
77.36039228
77.62171216
83.10796281
82.71706393
85.68434978
81.53646056
78.19254440
85.58502457
82.64148171
80.00538855
84.18619739
78.42385920
84.52836351
80.87717536
84.29154773
82.17997033
84.53143776
84.67884528
82.87819124
82.26842645
82.22365496
80.80947497
85.23596802
83.03705002
81.40444070
84.65275593
83.71449449
79.88564049
85.14463971
82.41185144
82.72405204
82.29520959
84.84704933
84.82444443
82.69295718
86.21614155
76.28807165
84.20088655
81.98764089
82.11843683
80.82618409
86.92682284
84.87106335
81.95564041
84.30355151
84.90179099
84.70661381
80.90106170
81.99608183
85.52072909
83.00767858
80.25422511
83.88368854
80.25583815
80.40621317
81.73745193
82.04217408
83.30618563
85.79098339
83.07404141
83.31662421
82.73440713
86.40180535
81.45620605
74.08118888
84.28466636
83.44085893
82.17197318
82.67053845
79.52878426
83.29446703
84.20498114
84.60440148
79.65953650
82.28322353
82.25609642
86.12858633
84.03076800
79.84818466
82.12096695
84.64923757
86.76928976
84.33774492
83.59560503
83.02370350
84.99889769
83.94566799
81.31254141
84.14127638
75.68186373
82.59964633
83.75761061
84.58343626
81.39828347
82.83313169
86.76853997
85.05687627
81.99485803
82.08648873
73.65515109
82.91544051
82.45576105
79.44379925
80.10636794
82.63070085
83.79162838
80.06920942
84.23645556
83.62994097
81.25389215
86.02747108
80.89889382
83.42167289
87.35457075
80.42241379
85.56838378
81.89528624
83.76372368
83.30129854
86.24773639
84.51273344
75.91064434
85.00473340
82.64856202
77.62846546
86.56674137
84.49257712
72.45219785
80.57683312
83.79279830
84.65878711
82.70547123
83.36582730
84.42302318
84.46594624
84.96539751
81.79742283
85.00941049
86.40021028
84.28149701
83.44527365
86.13070888
85.16172347
81.34866882
80.45358521
80.54165444
83.92093791
84.79550121
84.68793694
81.92360928
84.66902852
85.01481226
80.01158662
79.69150572
85.49671220
80.97533742
82.61579895
79.69094862
86.14568171
84.11140444
82.27851531
84.14711165
86.60724837
82.79978085
86.12711894
83.04256638
79.58808391
74.40118983
82.33885903
84.02266756
81.16383566
81.99162213
85.76425014
86.26158228
85.27604820
86.45618570
85.24771380
80.20735424
81.04828747
83.20097885
81.57862775
83.78611732
80.84190504
84.83287492
82.91975505
83.59130414
83.16225667
78.52536488
82.74387097
81.77547817
81.39898499
83.70041979
78.24680215
84.95403603
86.61740853
80.61004432
81.58902792
84.55485858
84.17826040
82.09495151
85.59056393
76.93079592
83.89056857
84.84953126
83.56989736
82.52358874
79.86276684
83.02237517
82.46692268
81.10555300
82.82530974
82.08745533
79.63254646
83.52596585
84.46940607
81.27811290
77.58330977
83.69338525
81.82346099
81.17977285
77.66708023
80.36858032
82.44886268
85.67368999
80.37147984
83.58723215
82.98297807
74.13343016
78.78277117
81.15861934
85.45878550
80.83046488
84.63552604
75.61671453
83.31073827
82.93699591
81.13980694
83.55712998
82.45892155
83.42572936
85.20478316
76.46098068
84.81564477
83.45980901
82.43574353
79.11323693
79.97894351
86.97534806
79.17356158
83.89592498
84.23843439
84.99043117
79.66614338
78.29694863
80.15728792
82.71996420
83.18810528
84.35276893
80.89782508
80.27430735
81.77860821
79.55126552
79.45869705
84.26985818
79.55025837
71.83772623
80.52349714
83.20654594
83.07102804
83.59258755
84.55592590
79.76909872
78.61880528
85.95817547
81.52580453
79.80251458
80.34226193
82.77926536
77.28846887
81.68003693
80.89356562
80.05347580
83.69163785
81.90509012
80.80250167
81.62193782
87.53218367
81.65089614
87.35647946
86.65917482
80.95929168
82.57884016
83.61640301
76.80694473
81.25961467
87.31545654
82.99896511
82.37567635
82.92576175
74.79331694
81.81731202
83.01437823
84.02424503
85.88491093
76.07407963
82.39727351
83.02118836
80.00856557
84.62117715
85.12750718
82.18983420
84.01388049
81.16262128
86.70450039
82.98122998
81.24745239
82.22943537
81.34125001
81.67439194
86.40301814
79.65768318
83.58799258
80.78727027
86.13225936
79.62823286
84.87939035
85.96714806
81.81205346
77.18421482
75.00932038
81.59901413
83.62931335
83.14485282
75.15421761
82.37254336
81.31046248
82.25887251
82.17087530
81.54671841
80.45143732
76.12720994
76.81450808
86.66820843
78.32037489
87.26375604
83.56563994
79.18177518
84.95713987
81.82511589
78.60784618
80.90976673
74.48045360
85.53160622
80.99776837
80.52525683
78.98407246
78.89315670
84.24660951
80.52406898
86.88738365
80.84018625
80.23898167
82.11188245
81.38237326
81.35749066
84.13839851
82.89097133
82.65460005
82.47279347
76.06841989
85.33620243
86.62719743
78.43373556
84.46074406
85.78825619
84.22380327
76.70495251
87.12125766
82.34044513
81.60557140
83.97865511
70.60995828
82.83432285
84.63888330
80.49104074
77.13563347
86.98326567
83.23210762
81.23056365
83.47611470
81.51997500
84.81489750
81.79793481
84.31891985
83.49797597
81.55069947
81.14334572
84.02448995
80.22234102
83.27489284
80.39824678
81.81442333
82.71585905
82.61846246
82.14434722
76.61493541
82.31362665
83.06039053
85.12534542
77.95275448
85.74080968
78.38574475
82.42930861
88.56269330
84.64447047
78.36147999
81.52960995
82.67469644
81.97456002
81.57731085
84.80720767
84.31406107
83.09413661
77.92644490
75.37161630
84.18208154
85.45336176
82.23327251
85.95068888
80.37551983
74.50582712
83.87358197
82.63802506
84.29997239
84.05756218
82.82006756
82.59419407
83.66906843
82.87960828
83.44109836
85.10757528
85.52090677
83.50980943
79.99180752
82.25051274
81.34737313
80.92003741
75.92679624
85.59895230
81.47006654
80.35099791
82.72375577
82.82977313
82.61529856
81.88960248
80.77333827
83.87313592
76.81042776
74.89232588
83.85039944
84.71569737
84.13612819
79.11690386
70.57855209
84.12249310
78.14355938
83.26729354
76.48558913
83.64468326
79.81544682
86.17399985
83.96111894
88.12421266
82.47307546
79.18602380
81.30684003
83.86340475
79.64793835
84.59507112
83.02887527
82.87142202
81.15621470
84.43995770
72.22457077
82.07287836
78.78352452
84.84368647
79.70494262
84.02410834
83.51092281
83.44144837
81.61015817
76.99967336
82.99142063
83.25115332
83.46966797
83.91176167
83.66623066
84.97573599
81.27339928
85.49463720
83.60912028
79.53746463
77.14699956
83.90064688
78.23898743
80.19214318
81.13641563
84.01638239
72.70526897
85.25042070
83.04616639
84.20542326
76.18247806
83.77899414
76.38230050
83.75897451
81.64598243
84.82370557
80.30358361
82.22317797
81.51418303
82.12183904
81.21192887
79.65192052
79.95975498
78.82946861
79.30123377
83.09751735
81.44553929
82.74801553
82.27724044
83.59185855
84.92320188
84.17490909
85.54343305
83.77518639
84.01585895
79.27805739
80.91851912
79.26430577
79.59325969
84.94258031
81.44658798
78.40302657
80.48756655
81.55542587
83.32539673
84.44264610
82.16673307
83.04545661
78.57495646
78.96373503
83.10717270
86.05039262
81.16329529
84.38742494
75.66886054
82.62758381
77.59874781
79.36219820
87.21429240
82.64482030
85.50972213
81.30710846
84.80641339
80.09489308
83.80525323
84.57106402
80.84018625
81.15285224
82.87156957
82.79234040
79.02733744
84.89015896
83.33898373
81.93460588
85.13828967
78.11585221
73.51503456
82.49656833
77.96695169
79.10587744
81.83930353
80.98595698
80.05746073
83.07170030
84.31249517
83.84068895
81.66541229
82.88361056
81.89746063
82.96732958
84.76160208
79.59110834
84.39579580
79.54879709
83.40953410
83.65090162
82.66954941
86.16495056
81.37129649
82.39042257
84.75937608
81.08039880
81.32377826
81.15765562
86.27565848
80.76195175
84.89292522
77.91210845
82.45112963
79.42848541
81.96704034
76.45479562
75.25728799
84.75485958
83.87320449
82.28548104
85.08724572
81.54886533
84.35514069
80.17288357
82.77010993
77.72598509
83.62410493
85.41323626
83.93990768
87.03397871
83.35656253
82.54448761
83.93473802
81.47213269
80.40860316
83.11554495
83.14835290
76.80770327
89.04427825
88.07170010
81.29424774
80.48159719
82.47478497
83.75183951
83.41382891
84.66627535
86.95514959
79.01641228
89.68705252
83.82228392
85.93115943
79.58379637
83.95989061
80.86488472
83.09903886
83.86217059
84.66594905
81.71578557
79.44326731
81.69003652
81.45861766
78.21193009
80.71913715
82.00890247
86.65517245
81.26826594
85.02071782
84.69627502
81.44135352
83.55981416
81.92360253
77.69659842
83.97471175
80.43726811
82.39829035
82.23551958
81.09448758
80.89752428
83.75777456
84.31796629
77.77311410
84.21328045
86.03920567
83.11854735
78.29014125
79.59035632
80.64962761
82.48325521
81.68479528
84.60053159
84.12902251
82.22067194
82.93581343
84.43049292
71.56868251
78.15582393
82.60958137
82.42215846
83.26636521
82.38864969
82.97864350
81.02504976
81.88238898
85.39090388
82.40040782
80.80239355
81.36571562
84.26044730
81.59870807
85.55454023
83.99704246
82.70133655
82.68938296
84.14610875
82.61295125
80.08488919
83.76902120
80.33812892
84.98360010
80.59577851
82.71431659
83.57424205
82.15034844
85.10975769
80.55960339
84.18270486
78.95664636
83.64491543
79.74471654
76.10908785
81.80895797
81.98710503
82.45096924
86.57444321
82.84529793
82.77242377
82.30765973
83.37257810
85.71657071
80.75846319
75.10729801
81.51457875
86.20080806
79.25346510
83.24168383
77.66425077
84.47279592
82.43994788
82.76110888
85.46254369
85.20971697
83.89701513
79.77993123
74.54763364
80.96768635
80.93780646
84.82854711
79.82555438
84.01284674
81.42498269
81.11787894
81.10573648
80.79284972
84.85150614
83.61518501
83.51172135
81.79827550
82.21978543
83.42611570
80.38344983
79.96182949
81.54184980
85.25119817
80.38061774
83.93257240
77.23386908
81.62113031
84.21969952
77.76564442
79.58859978
82.66023036
82.02429364
80.76365011
79.79902034
86.48535169
73.87703397
80.17449175
85.42993919
83.64468816
82.37313393
83.62189164
83.50732278
83.69469112
82.44957047
84.76196287
85.78725989
82.48789118
82.15479658
81.16174915
82.92504071
79.69019814
82.36134181
81.73247066
84.09022034
83.30845796
85.78038399
80.94086008
81.88973024
82.13254853
84.98759299
84.94509655
77.64732160
84.79692462
80.65533462
85.77747828
83.78676606
74.67921011
82.57676423
82.16617866
84.08402215
79.86377197
75.26203741
86.74327155
82.22658562
84.60669559
83.14619564
86.50532235
81.87259641
81.67763360
78.53190135
82.17641133
78.89862570
81.60786431
81.30821044
82.30149329
76.54454119
84.48573867
80.98293520
81.73727502
83.91158438
79.27004539
82.08324452
83.68817279
80.85080954
81.62037895
83.48214352
84.30423548
79.82691214
85.98147341
78.19099995
78.94209620
84.43258618
83.67116332
81.42459424
73.00452707
84.10672803
74.64503744
73.65083391
80.08504481
82.69471903
83.54189549
80.18809212
86.36698141
75.01981061
82.02428015
82.41440954
83.23444668
85.94211654
76.54289735
84.53130637
83.42850037
83.64025560
82.79901436
76.06678739
78.09925021
82.39790252
72.45082908
82.33487804
81.24850645
73.52593214
81.08558348
80.92765691
85.64670564
82.63562405
84.50908069
85.11016228
84.51834974
82.97614769
87.23102120
83.72258319
84.68550377
81.44164891
85.05762117
76.66952525
73.73643195
77.96830716
82.75377491
88.26610793
83.82071348
85.51844242
82.14043363
81.24935325
83.07284870
79.17189600
83.07685721
76.98158500
83.70703670
80.77383949
83.96523842
83.14224554
84.43031370
84.02554421
80.56630112
79.66000183
73.64775636
81.73932169
75.88697158
84.38879420
86.11789968
83.16190703
81.98325975
83.15456224
83.80607475
80.00896001
79.38816913
87.60368431
84.18446784
85.98507421
82.91776548
80.83450004
82.43824864
82.81520816
84.43959608
84.02316413
85.95133955
84.17011096
81.74253730
83.16689608
81.65028198
82.36575872
82.76505116
83.62783331
83.66822058
79.58201724
82.22135845
79.26092625
74.05865817
70.64828956
83.00361280
86.35221108
73.16853018
79.65120105
78.03636492
79.53732257
85.28183591
85.58499998
80.07527749
83.82359110
81.37886807
81.73924227
77.51336667
81.31911373
83.41453665
71.49987698
82.89448877
83.65506706
73.26852145
77.97248094
81.22786855
81.06750978
84.07944563
82.49086875
78.24164676
81.33574920
83.92303047
83.13389395
78.13657446
83.77753096
81.81905300
82.43224265
80.57667200
83.46928659
82.96566550
76.07270613
83.09395775
85.14299136
76.23833167
83.33616661
86.45689579
83.12634055
79.74108041
81.54055781
79.58321179
85.56542982
83.62783331
85.55185822
80.69590108
83.70417449
84.47120326
86.28757805
84.19803787
79.56946999
82.83278271
85.03876151
81.24278588
83.22526301
79.99188574
85.62965549
82.72036065
82.48660155
84.32592562
85.14684772
84.22943110
84.43134775
80.32787190
82.39068898
81.00353699
73.37903411
82.62430543
83.66501264
85.37657505
83.88090673
88.00326393
82.61851958
86.39410151
81.80426565
84.81304706
82.35626626
84.02572167
83.27680230
81.99994407
84.51858739
76.29638486
81.11585652
83.72791345
82.23595004
83.27902915
83.30277760
82.06943343
81.64145192
85.32278590
81.53034165
86.04981499
84.41485908
79.27909059
80.69181729
75.44272160
83.26598010
81.19459522
77.20947449
83.58620171
86.04060786
83.79731024
83.76250502
84.59050385
83.62825384
86.43988643
84.56210765
76.16537774
78.40172840
82.72972767
86.28327015
81.31385991
83.55410942
82.60545840
85.11339935
84.93205686
83.65511482
83.10669567
85.21870110
87.53216952
82.02360347
84.88422956
82.68626018
82.04666131
82.93147836
80.69825417
83.22818715
69.67160241
88.16838548
83.29841781
84.89924182
77.59433525
84.33889902
82.88980248
82.67943401
82.90171905
84.80771653
80.86516589
75.65604826
83.68265862
74.29780329
80.38846896
83.22597442
83.19819717
76.78232008
82.05353607
82.50602699
82.65236757
82.68673296
85.49157569
83.08745055
83.53555547
85.18022753
80.30436131
82.56615422
80.15530292
79.85364030
83.32720337
83.69769872
80.61571383
82.67105467
86.29152855
83.95505838
82.21399056
81.72685033
83.16415779
81.86667279
82.75908377
75.67176916
85.23958078
87.81684817
80.81831622
84.32412329
80.58787549
81.05034122
86.18585475
76.63525068
85.10712599
83.99799463
82.25324746
77.85877173
79.68215541
84.84870991
81.45329216
83.75647115
78.30757962
81.62429262
85.14291232
79.14770305
76.22663556
81.11987459
77.03017797
83.27302320
80.73531958
81.86782299
83.38632689
81.47554347
85.45100911
75.64961882
85.07076738
83.48104884
79.11219531
79.33649112
80.90218497
81.50887115
82.06834298
84.31069829
82.27446113
78.44157616
84.79064420
84.91772574
80.91296644
80.68759447
81.04447023
80.02108922
83.57332548
83.45094668
80.19265152
82.53797790
85.09680943
81.47350323
79.17429904
75.57851489
85.82567306
80.31931883
83.21558294
82.51309316
82.08287180
84.40199907
75.91453549
81.21696672
78.53196039
82.20841505
74.32337217
80.79228280
76.40134787
83.00160159
82.61065688
81.80420649
80.56303133
81.02094446
80.28907268
82.53852332
71.62696248
83.53373070
72.04027814
81.27791151
83.23885921
80.37896446
72.52401438
84.59281167
81.73716119
79.39360737
83.99103867
84.49337485
83.23709977
84.45409994
82.92624872
82.05694226
82.14588729
82.22212798
82.18956908
82.31187603
82.99462585
78.71254613
83.83364186
85.67426166
83.63795076
77.74703575
84.60779244
83.01552894
82.46257721
73.74812256
86.45833084
84.99802870
79.10077447
80.99172714
81.22766767
86.08316902
81.07321054
81.87393312
85.17337092
83.06222380
75.64190971
82.40493514
84.80656339
83.89630801
85.36492408
83.33212438
72.64013782
86.39989530
84.19888288
76.21145055
79.87873982
79.03673427
83.74373189
81.89217536
80.64178222
81.21349460
84.83450624
86.52343591
81.07434403
84.74777207
83.09930958
75.12194411
83.18227147
83.54324143
86.45160219
78.43230659
82.48789052
79.75477035
78.65625758
85.10692496
82.52823620
84.14031846
81.77685750
86.06228151
85.85967470
86.27615169
83.59065551
81.49525590
86.47840059
73.79684415
83.41613839
85.07769261
82.55606821
79.31795046
84.73446617
81.49010622
84.06006650
78.26281108
86.00506071
83.21329264
82.87492988
84.43385764
81.49444192
88.03000039
81.02932188
81.72389241
82.36483431
80.44557474
80.84204619
81.55904873
84.51626548
80.29043857
85.35512436
82.33705206
81.86174636
82.20256841
72.17512857
85.75547035
82.41216445
83.30624640
79.87405521
84.15682984
88.37326421
83.24981937
77.69844541
79.22455798
83.05188637
82.69304395
77.29055312
73.81794607
80.78534678
79.44209539
83.21597661
81.23147017
77.63203817
81.93521632
85.63510451
80.00594134
82.61692588
77.52578966
73.33365297
78.34083978
85.02655194
82.48234672
84.58737443
79.01525445
84.13798598
81.53256632
83.12994595
83.71286488
86.83192450
77.19595944
80.93261717
80.89187830
80.49052328
76.36032138
75.28813309
81.42232558
78.57255190
83.74284268
83.80292787
75.12660346
82.92695252
81.59243216
84.28294414
83.64723040
82.10835083
79.67204919
82.37712996
83.01143574
85.10995889
82.93242749
84.24661746
87.37368916
84.78929898
74.06489796
80.16456706
83.29271759
82.02170219
83.25006390
80.20758379
83.16378728
84.19725860
82.37942657
81.60313020
79.41964334
83.05236423
84.29715567
80.72908171
85.92123801
85.28933601
79.60334358
82.50135988
85.97914553
83.38272466
81.22087090
79.43371757
80.65655729
81.61675481
82.34918924
72.88442062
84.97926731
83.72258660
82.24703412
81.08477012
78.63877499
80.89642746
82.08462290
77.74859060
84.34848734
85.52626740
82.72499862
81.19775969
77.61599763
82.08991996
82.77579454
79.59160776
80.81228055
83.00082708
82.04698007
83.74601353
83.91167392
81.11074585
86.81611309
84.85908853
83.30103787
81.56789626
84.28050499
81.61230197
83.26304907
82.08980318
81.10735593
84.65408933
83.43696006
82.21301159
84.20315495
79.55850242
81.81752851
84.46548105
82.55249506
82.92169195
82.81044460
83.06039053
84.56367952
85.81466972
78.43577977
85.80632603
73.05035262
83.83099446
82.41252897
81.56750413
72.82049707
81.25371244
84.21548680
76.37399211
81.18235689
82.05356562
82.72098640
80.78465879
82.93659597
82.63456449
85.46739101
82.94105228
86.23057490
80.90242429
80.07966377
82.48175767
82.55564342
74.43853001
82.92291530
86.24428047
83.72389537
83.77305910
76.88443263
84.04079292
78.85012775
79.75230356
85.29131352
81.75624296
83.64688368
82.42680363
85.25416845
80.11673051
76.53881502
82.30326729
83.02390790
83.42379560
83.09365358
78.17440175
80.92582721
83.42177899
81.90873535
79.98843182
85.44032705
81.32239295
81.65381813
80.02944507
82.60443818
81.51065112
86.06370667
85.13685034
74.72776248
85.89604767
79.16654405
76.56726316
82.48104396
84.74310902
82.79412891
83.10123585
82.79669228
80.00313415
84.42007269
80.81598233
83.25874775
77.91378861
87.22393882
81.44288709
76.12651072
79.88106514
82.97384321
85.18685477
82.71787136
79.03182007
79.82067838
84.28815507
81.94087702
85.79381726
80.48267486
85.03727459
82.08923205
80.79555919
84.14290132
79.45846539
82.43241979
82.14454989
84.01646135
85.75409112
81.61270468
83.94617443
76.67846849
79.41635069
80.43064903
86.35476882
82.27620846
82.01208885
82.35429736
82.66996395
79.39448133
82.47208766
83.46663501
83.86475833
79.96860762
83.08408042
84.23872801
78.83858319
80.50653695
83.83925092
80.25201900
80.55247029
82.41506480
79.13199945
86.79611798
82.06027979
82.20902298
81.72136425
85.08751397
79.42012176
80.45020191
82.14537383
78.35273079
80.96846281
83.40635711
83.19453081
71.05730925
85.43599315
84.39692218
82.41060650
85.34480070
80.57977264
86.81987318
77.00158299
86.86462508
77.48331181
84.55088436
84.48397224
81.21144954
78.13551640
81.49781481
78.47672853
73.47482034
83.36387150
86.01531086
83.82545364
74.65347583
82.21987188
81.67043363
87.37938824
84.51673852
83.97219363
85.56823621
81.92695839
77.95002454
82.95083400
83.35369060
87.63359090
83.93054813
82.24253024
86.21665970
85.95993721
77.16592351
83.05967819
82.14063003
81.41800333
81.91213125
81.71856517
80.04571628
81.90345023
81.60280395
81.95962915
80.81476869
81.54965413
81.97387257
82.13900075
82.51045578
81.74179779
79.80809213
84.39809625
83.01015155
74.64218977
83.19912662
81.22770374
81.80167688
82.77938593
82.15683994
86.68386629
86.15480250
84.16883300
79.41267519
73.90507129
85.72425876
85.68838431
81.07618518
80.19145263
86.17722170
83.98731649
81.06831075
81.18257817
85.44480881
75.02292478
85.42734935
80.23477245
83.23324339
82.74509292
84.73630670
83.15766255
82.71657121
78.97121953
80.74051452
83.86571693
82.68364793
84.44268045
77.55552864
82.61684845
76.83478494
80.50442295
85.53805000
84.49492818
82.06169298
83.84427608
85.30545677
80.29773813
82.72146094
83.90601700
84.40154075
80.75259637
84.81444633
75.58465375
82.90691168
82.96922205
84.56222026
82.05967986
82.45610740
85.43626491
72.68887323
85.61275974
82.16701527
83.63959336
78.53954300
81.29354611
82.27831385
85.36556197
81.12105618
82.55056266
78.71623269
71.24555795
86.02068957
82.93246880
79.31400911
85.42051115
80.06351070
81.48593445
81.89376625
83.20611549
75.48585415
78.76685077
84.11704129
76.38387865
84.62336331
77.80509291
77.67545398
86.24017660
82.15234842
85.32433814
84.96306700
78.09724796
76.28646078
81.98100780
84.73872741
82.21250489
82.31046940
83.33719661
83.46473200
72.94960688
76.69489440
85.35503999
79.56063172
84.31603270
82.29942729
84.93175507
85.63820854
79.32756638
82.22754101
83.45936808
82.48490078
86.08281587
82.43219382
80.56915999
83.91945703
84.43497845
81.55252102
80.11142561
84.33411916
81.18871356
84.94886775
84.56924718
84.47557216
83.07893788
84.97952015
84.23712597
83.96438004
79.71113755
84.12446255
82.88847064
81.83987679
81.41485050
82.48621573
77.06893474
83.31522057
79.75785260
81.25970952
80.37931441
86.83634529
82.99958286
82.33967500
83.55027691
75.82268717
85.33817962
84.90904116
82.75928979
84.55228233
80.25210621
77.77684121
87.16162824
76.13006678
81.39784638
82.86103032
82.44335457
81.74450679
81.95192411
82.96429342
75.36988413
83.99506235
83.97575394
84.29455857
85.98062965
85.13433891
79.18925237
85.71064604
83.88436153
88.45328801
83.81580195
79.58044895
83.99177558
86.50721711
83.03164691
86.04234724
81.78318802
82.59195349
82.07103247
84.08591635
83.90777898
86.03469039
80.37030239
82.72182067
82.38832251
84.84292205
84.92284722
80.74613936
85.20234028
74.02281763
88.02356436
76.88134450
85.36706760
83.25484159
86.40330587
79.01400404
79.48978451
82.76472461
80.80238036
79.85016797
83.21219734
85.03943374
84.41171526
80.96346126
83.45273840
80.84032853
83.19307596
82.28220458
84.04778010
83.05349323
81.82549451
80.75209515
84.32570654
84.07346730
82.03899672
79.46041761
79.10529198
83.81179527
85.11246683
83.46242276
86.20177657
85.00937636
81.49125645
82.26842586
85.36416874
80.89960164
80.99344340
83.10436454
82.24677979
85.55969607
85.99780316
84.08996907
81.53250393
86.96466240
84.14801241
82.16285022
83.04393966
81.65481424
74.51441835
83.05595830
81.13380204
74.69552546
81.52764172
81.19781981
77.89862466
84.34458068
83.10115554
81.67276759
81.43622681
81.97621190
82.68882738
82.96236425
74.65821302
81.32354496
82.18198844
83.63542601
77.36429059
88.51264287
77.13049883
84.52441122
82.13685621
82.45895480
82.05250483
83.57488490
83.00698422
77.80568452
82.06989848
77.60968463
86.16376446
79.89396077
85.20437108
83.88344397
81.42537319
81.97156606
87.23412367
79.42200885
83.90107894
82.84305619
80.32938651
83.19314094
79.53901036
88.21550258
82.73536001
81.20516369
82.65908327
81.31801027
84.63487763
83.88344957
80.33072827
82.92046955
78.67130046
82.42548391
85.07039768
74.62680206
79.62955072
85.01026554
83.86488029
77.50432350
77.37279221
82.55922118
82.17820397
86.16688945
82.32918960
82.92000377
81.71484980
85.43726085
85.49782591
86.63331832
83.05622991
80.26705727
83.40169294
85.51250591
81.79384040
84.55666560
83.89280491
84.01865835
85.39220229
82.43191459
79.90568616
84.23703016
78.72556360
74.51144444
84.78961384
79.13932865
84.61900210
82.47008784
82.95309683
78.93005720
82.00308710
80.18158069
80.02456454
79.15349861
82.11900427
82.88195367
83.25945317
82.70967924
84.99681855
82.13435158
82.59423716
83.60977040
84.62859350
84.75281397
84.97737948
80.37073384
77.36605081
82.28216983
81.30647035
81.85066231
81.35694205
82.62515383
85.55715066
78.18531149
78.54157099
81.84794578
79.75666569
82.22795646
82.02108072
82.14020581
80.55389096
84.42130330
82.58022636
86.50588683
82.02044762
84.43093435
73.97942817
84.09207137
84.33022415
85.13916559
82.94452294
84.42090874
85.36015130
81.51232793
74.15871929
81.55614624
79.83966402
85.49050467
81.12955602
81.80048553
80.66755873
77.59281530
80.29415689
82.43918105
79.47353859
77.62186708
83.57416053
79.68222588
81.66004552
78.04704757
85.33585139
76.07512884
78.46223662
80.67322386
82.85536495
81.32225884
84.58857252
84.13736203
83.32028272
83.83983820
82.27919183
84.84597254
86.02715761
80.04437261
83.15710614
82.37968724
83.90101410
81.46079108
84.72170501
84.82495947
78.15815659
78.15641003
82.12737992
85.19654306
74.61695206
83.14668112
79.39105979
75.19072617
80.40740715
83.15011013
81.57777911
82.25571883
80.56853322
81.04994357
78.25481803
85.58504567
81.29016875
82.49663877
82.29963824
76.96034224
84.29222645
79.14266879
77.60714577
81.46044240
81.58535730
81.89006899
81.79588065
82.83997810
83.39212350
87.61838624
83.34569534
83.19267063
80.89609433
83.25361206
86.46973926
81.60647379
82.01724970
83.96816765
84.76078245
81.96642675
82.37710434
82.75112461
83.20750755
72.00387542
83.61078782
78.45919318
84.83404925
82.21678762
82.37483005
81.78952572
82.13981426
88.46403982
82.04527629
79.60691471
77.89091795
86.07202882
81.97714437
74.27294163
81.65821679
81.22337224
83.11768449
86.19034416
81.20205236
83.71958007
71.96841789
84.05090360
82.46574101
77.80518133
79.56308498
83.08143938
80.74826081
82.40831436
84.33972940
84.35647243
81.62500492
88.67651649
83.84522278
83.00655994
83.82861199
82.20202008
86.09634679
83.00851087
84.23337033
82.55715794
79.32261962
82.21461123
78.35057943
82.54359285
82.00117270
79.74033131
77.78335505
81.59166188
84.16168070
81.55179376
83.99818431
81.41490290
83.74479660
86.65290822
84.76601747
76.99828081
85.79051241
86.05012470
82.69829780
81.23953342
84.29163411
79.51516968
81.10996877
76.67179434
84.35330701
85.00655140
78.45988756
83.75531755
83.14092984
82.31279066
84.96712335
79.20899536
70.85939336
82.88593176
84.03700520
81.59817455
83.94415768
79.32447853
83.85195541
84.21327956
82.96827616
84.63520099
86.90310982
85.28221935
84.78618034
77.51910792
85.10796783
76.14957076
84.44758110
81.06364898
84.42572539
82.21252999
84.16318285
81.40097147
83.97750182
82.52164717
82.85270141
82.39645123
82.64588158
83.71183982
82.49029795
78.13116108
82.09701431
82.13647357
80.95928623
80.99181038
83.16263422
82.44457156
82.08467765
82.70500290
84.15741813
85.96904312
80.68979762
81.75884115
71.66887240
81.31419446
82.06415856
82.36678099
81.84645008
83.46015670
83.91439489
86.05989508
76.86013296
85.72124993
83.98909614
78.55877621
82.52402979
86.05594504
85.23640676
84.63298300
76.37411709
83.61363752
84.48138386
77.70269311
85.55703258
85.73491043
82.68932964
83.80453378
84.55576406
82.71761600
85.93339916
78.19634054
82.03723971
83.62565762
83.11944969
83.33592256
82.52886300
84.61136042
78.82326863
82.40562775
81.97618088
84.03337997
83.99768566
80.21622002
80.69470091
73.36804899
83.82782145
78.38665037
84.49721988
85.95559693
82.50668031
80.60686862
81.10043462
78.87228233
74.74027185
80.96764292
83.97111664
83.72892097
82.93504197
81.38218454
84.75751881
84.26867762
86.86102986
84.71279507
82.49123467
80.19908121
83.33352082
85.67367465
83.13697139
77.60859826
83.89428104
81.81168326
80.99189403
85.43916767
80.22144638
79.62313605
81.60017523
77.30739133
76.68384922
77.21849329
84.66459016
77.71557285
84.58984280
83.20415677
83.72729234
82.16880545
72.93508319
87.18945819
83.51648136
81.83523990
80.87619229
84.75207022
79.36281087
83.50646211
78.68667828
83.73291877
83.96424025
85.14932545
83.38205155
83.20266629
85.11480866
76.83898837
81.50845975
85.99544470
83.97981979
77.29362077
84.68649586
78.67770853
78.81877380
83.28459850
76.38533374
84.26771622
83.01933670
83.01646676
82.64598094
82.64790815
82.05985379
84.55810669
79.08664781
84.33564554
84.74810672
83.50584281
75.83679861
85.20007298
80.47354121
83.52826283
83.41425910
81.18773904
85.82219054
77.78509851
72.95783990
83.76150172
83.99597515
82.41309927
82.37085571
83.21041800
85.01584663
83.17005014
78.37533996
72.93591765
82.75765388
82.29742163
76.87260349
85.72874403
81.71377046
85.49539968
81.19037631
81.62015734
85.41258626
83.96663694
75.70671746
84.06496402
84.20200407
81.45787785
83.32951690
70.45781997
85.18757682
82.79358221
84.09149967
82.05774019
84.10819031
73.67076865
80.84564371
84.31711484
83.27240484
80.12413516
76.01104891
83.74343382
83.89954344
80.51591738
80.27007418
80.44677804
83.89184330
80.64345287
82.20506858
79.27977001
80.94509929
84.51997292
81.92609129
81.55834908
76.18865920
73.32415161
84.95475169
86.65060393
80.35325522
79.02833678
79.88546331
81.62427487
86.63666728
81.97211413
84.00263419
84.45921793
82.64499076
83.18606073
83.16027766
83.13871036
83.87965507
81.22079444
84.39570160
84.96771068
85.37487610
81.66677327
83.94453165
83.61351806
80.15334825
83.09245441
81.67780651
77.48113633
83.46283549
80.61361366
78.80115093
82.97290269
80.57727384
80.58947448
86.43074794
81.33383308
83.00035751
86.25267624
82.74969774
81.94479556
82.75190692
80.03446867
81.67037354
80.81426445
78.07004023
88.91140275
74.83525427
81.99924933
80.24183341
82.19817524
84.00676688
86.42262734
83.35464583
78.30342176
77.34619910
83.88675382
79.73260498
84.45762406
81.39327535
83.34285630
82.53729102
78.82704404
79.91335149
80.10262787
82.32023276
82.30120961
81.45105297
82.79390960
83.44098898
82.58007190
78.74957620
80.52965764
83.32010139
79.16127319
82.45645852
79.35947799
81.68064751
84.68745691
78.62592496
83.68385534
83.80063809
82.66530662
85.55144147
79.89797250
81.98887392
78.16577800
84.09847241
82.65381684
79.74128440
81.16661600
79.98128180
83.07201479
82.11399927
86.06172569
84.86303805
83.70530853
83.78521540
79.15473737
83.28965406
81.85875070
77.87655006
86.87776706
83.09603850
84.94293955
81.55067013
86.89062687
80.92578853
77.89794523
83.45642487
84.22730683
85.15303971
82.64690988
84.81229824
70.56102728
82.35349882
84.24819194
82.57458909
79.98680854
84.12212176
80.18672232
83.98949318
81.50847080
82.26287952
81.89137815
78.34239142
79.84044071
83.46700838
87.87192108
85.99787648
81.13444525
76.31299935
82.12543858
82.99146299
81.74892431
82.73256043
78.96266646
84.67818302
84.60734717
84.02456119
80.35335354
77.84720247
80.75536015
80.88862545
80.32075707
86.64961198
80.38399699
82.01530572
82.10448608
82.93481259
85.32546466
80.63739418
82.54787018
83.89784850
81.02270625
82.39291950
83.46510346
84.55466710
84.45729384
82.82475058
82.58159871
81.91081190
80.90038285
84.25424948
81.80342656
82.94929108
86.63224994
84.10316212
80.66098023
84.44133133
76.62798344
81.53551021
84.22603646
84.64513757
83.93074224
83.88411845
80.24388741
83.96401738
82.57854640
81.72369187
77.71691422
81.60129801
80.95011111
84.88642224
83.87102043
80.94193852
72.81348093
85.42881594
83.14357681
78.51534560
83.67097790
83.80907076
83.45182798
84.39101080
85.27888342
72.91141625
82.34881450
83.31399596
84.60221204
80.03574864
82.35560048
82.02045886
86.54347571
84.32932429
79.63389503
80.13611547
80.87153540
78.10495607
79.29859241
80.90973750
78.97851022
81.69825083
80.15680340
80.23075205
81.43510175
78.00377164
81.87782909
84.39400012
80.43969661
83.50061226
81.65609375
81.32846174
78.50668827
83.49189793
86.57343149
78.51319599
85.59895230
86.32970962
80.58447615
82.80956940
79.18593530
82.85610406
74.83173733
79.48473421
84.09172619
81.21760278
85.11858314
82.76134225
86.62395619
75.93276144
81.75112328
80.52874623
85.21519997
82.94575858
79.70527230
82.36259924
81.31779064
81.91458449
83.39827414
80.54195043
80.63643620
82.81654562
81.58723705
82.61787785
82.18203019
80.25894392
85.92551648
84.07487596
79.43896715
87.57066939
84.28389521
77.39774592
84.21031250
82.23655353
82.67892205
83.59381525
77.64270158
73.05306176
83.68594964
82.14816736
81.55107155
82.13785871
82.72984292
81.93148468
85.80710490
84.09023729
82.12907197
80.92169888
77.98303536
85.69320838
78.00864543
81.23522524
81.52036382
82.52867579
83.83397880
83.52982186
82.33928334
82.73275831
83.97036509
82.00680852
82.01467187
77.77899895
83.90834089
82.69091649
72.68576254
80.36537891
82.62504747
81.62805531
82.02751090
82.27984540
73.50994668
78.49622268
80.48816508
83.45671227
84.63469532
82.73954013
82.06463838
83.93048045
80.45544649
81.80975776
82.72995311
84.97705149
83.61663700
84.24018172
82.63762188
82.37107611
77.82741549
74.82201020
85.43669721
74.67050606
85.82512424
85.28106611
83.21525015
83.43753725
77.10663946
79.27712534
85.77321490
83.33073376
86.04642843
77.05496109
77.85379306
77.52304488
82.67944020
85.44380576
81.70316593
81.19114174
87.77091590
80.23565930
78.71435662
82.02939804
83.81044522
78.98565644
83.81275032
84.01028670
80.65255478
82.17234342
80.03183161
82.73245968
75.58796591
89.99598311
84.60742247
82.12425730
76.92943338
75.21347693
82.67469113
87.98932383
82.53756080
82.17331910
82.67526155
83.67215808
84.11929691
86.96645779
84.87273483
81.16690369
82.13259551
82.54346080
76.77460526
81.94839709
85.49366093
83.88764225
82.12836230
76.05790740
81.02332859
83.04703617
81.40178428
81.49361941
83.67681836
78.12975042
82.24576818
81.48120799
85.26635237
82.87904145
83.53178611
80.90424599
79.07422135
77.49937769
79.93771513
79.14250565
82.71370515
84.86205721
80.90861919
80.21330611
81.86645154
84.77421160
85.16635506
89.88433212
80.14500066
82.32854396
78.63526954
82.84797788
83.78096670
82.26426470
85.22824025
78.65077441
81.61876331
85.34676138
78.41136884
83.88940734
82.06452342
82.42126798
78.75886637
81.27268631
82.45697075
83.08330100
84.58836104
78.18078612
82.34019122
79.42167179
84.27679228
77.92683691
82.59647961
81.07278814
81.05398881
75.94963026
78.41221005
85.74337943
83.49553074
83.35901718
84.80930124
82.74140431
83.31664621
79.04269087
75.57566686
84.17826040
85.68827580
82.12747468
84.12122262
82.25920848
75.29808462
83.01704943
79.24497782
80.63640530
82.31682965
86.21336489
80.42511807
80.19557558
83.66484353
78.36184327
80.62395677
84.38354898
84.37103469
86.69696887
79.96319907
84.53735734
83.97069218
79.19943198
81.37913495
81.79981287
82.86484230
78.66057913
81.35597181
77.34542235
81.95363343
83.28540323
84.73295691
80.84117499
85.04815666
81.49238076
83.33766189
84.41902506
81.13917097
85.31471468
85.33387691
79.51248201
83.70931866
82.53715722
81.88309508
84.80739174
84.59800587
78.00401699
81.14736696
82.88652871
82.08375867
73.72316074
80.50414610
84.80637482
85.01370439
81.39229390
78.37765817
82.56932087
84.60396634
83.03968873
82.05544756
83.62487139
78.50784055
84.14167839
84.71949155
80.73870776
75.98440344
84.28060273
81.51914577
82.91599590
80.09484448
80.48193786
83.77284296
80.97506725
78.24503603
81.12598234
80.86408930
83.93301586
82.38373753
84.71452773
82.70714857
84.54680283
78.80202335
82.99927368
83.60096090
82.36256466
76.58666582
80.28427332
87.32312224
84.72342658
83.01066475
80.37410313
84.15730362
79.83875232
85.49031520
79.74746262
85.47831005
79.80322199
81.79382427
80.00886358
78.38153365
84.45304440
82.99325162
83.70128125
82.59575995
82.42965819
83.54814712
85.08316359
86.39890627
84.75320586
83.34434375
84.68857105
80.82554393
83.55510984
84.63144196
81.01885061
83.02229664
84.01541666
82.28032371
82.37269298
82.58527843
79.12527885
85.61272793
80.63869003
82.36936558
83.87941758
77.66818731
83.92926476
82.72529561
78.20378687
83.26153032
81.68705947
82.78669846
81.31071714
83.24353035
85.30000689
80.83164622
83.50725807
83.57458306
81.38668183
82.91060378
83.23391107
87.34577288
85.27660140
86.47081272
84.29472374
83.82875218
77.10126051
85.65449183
83.86990788
82.95220122
84.51241138
77.93847629
76.77462094
84.43337577
84.43134775
85.02785091
85.08213329
86.71653965
81.91542546
86.11048756
83.52029069
79.71598927
84.77130201
84.78382003
78.02438687
81.15329401
75.32597869
80.39167852
83.80892166
76.82192222
76.27995373
83.38334410
79.06175539
82.49233587
84.48147492
86.22342080
85.61587638
78.13491444
81.93853817
83.98720424
82.20993085
83.14404272
83.58063912
84.79017238
81.33621113
84.94967658
80.53700934
78.66193378
84.68874064
77.56595870
85.08008746
82.84093226
80.17991513
84.42088968
82.67996015
81.46507260
75.35344265
75.10965769
84.17953490
80.61840680
81.67113083
83.26085054
78.38531198
75.46547088
84.65904294
82.41221726
78.17352139
85.28619063
84.52947074
82.01530848
80.22583405
84.79029219
83.90459028
85.18852417
83.51418667
81.77773512
82.32635104
83.82529340
81.80920777
83.16079753
82.64344063
78.29252407
80.46758172
81.30541198
81.74702296
83.47043900
81.31032518
86.50072788
88.25460516
81.54275717
83.55730625
84.94659226
82.84072127
84.07313501
82.66902687
82.61821893
79.08076017
84.38616604
85.64581031
77.58807885
85.38867591
81.09013439
84.17516191
76.93830942
82.30661616
81.85271828
82.51497900
77.27859604
82.95235780
82.45438090
82.60784956
72.51122014
76.01123572
82.42842141
85.11382201
82.80670581
83.84176712
80.02182462
83.17972952
80.91337295
81.78652279
83.64606857
75.25897432
85.02906956
82.92601251
83.25514517
82.49233587
77.08405000
81.45598530
81.97283422
73.17230252
85.33287433
85.06407827
83.74955562
84.04750569
86.09789107
81.80171334
82.34527938
82.83918145
85.69869160
83.63144914
86.41852731
83.30009248
80.51080794
89.09995754
78.68205676
84.37570163
83.15848375
86.27519675
75.64237265
83.85536877
85.52936082
83.63807596
83.01973841
83.19964002
80.87433050
81.03337616
83.69959812
81.27519337
86.49731994
81.83690707
82.68100969
83.45198060
81.80390300
83.31764555
85.84483482
84.27762382
83.35832693
84.04220110
78.98070862
85.64368417
86.25009962
84.57457296
82.20658718
75.06843460
83.82028769
83.56498003
83.63588726
83.39622614
84.20294929
86.43942926
82.11098064
81.90561163
79.43711032
84.21202930
82.80155925
77.63893128
87.24834028
79.86734850
83.44899192
83.86552872
83.00919492
83.24325074
80.03001147
79.63443843
83.42382914
78.49836462
82.39863344
84.55021433
83.37595955
85.44480881
81.69517645
85.59061578
80.30830506
82.97486796
84.77452266
83.67196367
78.63717189
81.15719060
82.27984540
85.43140025
82.64660698
86.00824538
86.90949823
83.77817681
83.01076017
80.01245277
84.50718523
82.64818760
80.21258472
81.00601530
83.37460693
78.93117525
81.53821034
82.38922606
83.93140564
82.95372601
85.54069592
81.45091836
84.58044677
83.07611970
76.86727216
80.78171076
83.61492396
81.02180516
82.49659168
84.87833114
82.48432970
78.94394696
79.60008019
82.47023367
84.15215164
84.17448266
83.24699212
81.10769238
79.08748324
83.38844553
83.96679262
82.70198029
85.25565541
79.05720844
85.12234197
76.38442356
84.53698080
77.77630526
82.04088408
81.52007177
86.59163852
82.70288844
83.62254534
83.58997718
84.65147742
85.13727984
80.44959158
82.49764640
82.02105965
82.75597286
83.94562351
85.83065375
85.67659339
84.51510137
82.67580115
87.89760774
82.26744201
79.52985642
84.68214564
80.55148128
82.39036348
81.97602502
85.88820376
80.56190574
81.04036949
83.73092762
83.75055951
83.79723726
83.50301265
82.78034530
80.55725193
81.32429408
73.84793664
79.76043174
81.65680067
82.66521995
78.00040340
85.18828195
84.48858133
81.96646554
72.70238281
82.88430957
84.33864275
76.90311563
78.92313641
81.17938152
83.25454514
76.77717896
78.48402791
79.60542730
82.19931892
82.11973107
82.14516958
83.51995963
82.47460461
81.22536901
84.51391480
79.82687261
72.86155075
81.11334753
82.11267624
82.69723948
84.21547876
82.50236899
80.41923286
71.08344446
81.82634795
83.04896239
85.57672875
84.95160337
81.26725649
84.74534460
85.23231168
77.30093211
83.90726471
84.76419996
85.16485641
82.93407999
87.80723124
85.62120613
86.76384170
83.42096837
82.70821134
83.87941758
86.63337637
82.85041927
81.73858694
79.70795902
83.30865626
78.13088271
83.50928174
71.81318931
74.87041929
73.25976197
85.62131576
81.30016571
83.67017637
77.26413811
83.05078391
74.65547738
77.75354928
83.84131163
84.74622315
74.66836622
80.90524819
78.84354769
82.55155513
81.56522736
87.58662381
82.39727351
78.96525648
75.31390973
82.59949078
83.00994749
82.52019916
81.37381829
88.84637676
82.55871604
82.01851041
85.36476549
84.80225860
82.03326309
82.99102553
83.15637606
83.42371005
77.25572507
83.01737430
82.84522421
77.80454872
83.82562230
84.17237177
84.00250392
77.16539536
80.73566943
84.21426299
83.20790240
83.19698103
77.20309360
84.44507344
74.76901044
82.64211188
82.45693353
83.04537468
83.96965992
79.52858237
85.53503145
82.95858120
82.99038928
82.18617070
85.84552786
81.91444939
83.80088361
81.38116714
83.82084469
85.03787528
86.65194041
76.79550875
81.92536218
76.53560055
80.81709658
81.90915682
81.08271025
86.07394231
78.58034591
82.49747146
82.36625864
84.82043215
85.02090736
82.54855986
83.63449708
84.55802822
83.39553909
80.85889944
81.30697452
84.55123164
83.19498842
85.80796807
79.47979929
83.27110985
80.73801197
85.30671103
83.56391637
78.03363980
85.25990801
83.72858848
85.51222516
82.27641420
84.12708697
82.01594888
82.49661516
81.71067379
81.66032469
82.19070510
74.24982319
85.76008655
83.13698384
81.29662200
81.77668119
77.58788740
87.18019446
78.15558115
80.24208488
82.31894466
85.37589875
76.49502246
83.20041818
84.02544036
83.02039614
81.95042749
75.19344652
85.98034920
82.18363452
83.40851882
81.44273111
81.21759566
82.45432499
82.61360046
79.50164572
84.58795591
85.29094237
85.33938038
85.05497286
75.67252424
84.23203296
79.79300060
71.57936934
84.15251803
73.45249343
84.72544013
78.91154162
83.59257525
81.41540451
85.23239602
76.19043387
86.07213152
82.97167525
76.60664062
83.70112947
84.19788460
84.55260006
82.89056591
82.82363376
85.13868273
84.33880341
84.88181983
85.28928284
82.89407345
83.77097263
83.64032162
81.50673211
85.73358200
84.60851774
81.88807340
83.75461160
78.90329280
83.14306653
84.84659236
77.04625655
78.60206811
74.04726784
83.79023461
80.58765794
76.61949301
83.02419538
75.33006195
83.85494917
80.31697507
77.45650768
84.39896954
84.25839992
83.88092032
79.65654751
82.79485079
81.49599729
82.68203809
83.54976319
86.56272186
70.20932620
86.27171382
84.60928311
82.49699353
81.43215915
85.74023721
76.56271613
82.37659302
83.52123565
82.51263619
73.33049973
82.86824935
84.47425130
78.73177392
84.67723151
85.66025386
85.33831361
87.41442211
82.78055887
84.64955213
86.59235016
78.87680281
86.72102776
78.21932752
81.87075428
80.23458814
80.48902705
84.40773559
73.94733189
84.79433411
84.21598138
79.84562204
85.10391965
82.41841150
82.15535782
74.41190020
81.24772745
82.15226652
83.87226702
83.28722947
82.25332507
81.51841359
82.98757099
86.10194814
82.00695541
86.20545303
82.07274060
84.77764457
83.17698850
84.24460048
84.46449296
79.23168380
84.73812235
84.60949384
80.62996736
85.09238136
83.30313184
82.78839926
83.38994478
86.97696336
84.45049569
79.55126552
81.72578447
83.95353435
75.31285449
80.86919545
84.19526070
86.64039777
83.24295148
83.85149200
84.48636536
85.88867229
84.56797306
81.73712626
82.67839055
84.48088703
82.61639351
79.53052881
77.62209902
85.63781794
78.49323646
84.13508398
83.37035124
86.05767212
78.76715205
81.41213220
79.86660984
76.15226376
84.89275244
74.69507217
82.57947647
83.35594221
77.80079625
72.49095956
84.15418680
82.87895225
82.90503370
83.73856280
81.40378340
82.27480905
82.88358881
83.93263368
83.40602945
80.55753843
71.13557591
82.57703592
80.61319755
82.16770445
82.55835034
81.61029269
81.50097186
82.42580843
76.27737427
84.72420407
69.83957994
85.99630138
82.45468825
81.05223604
84.97901417
82.28560630
81.94227407
83.49658209
86.20832893
83.46547276
82.98402559
82.26064817
78.41324209
84.00688378
82.19239193
81.79107896
79.60129675
87.46710335
83.81365311
80.83140111
85.03076914
74.64250715
79.88494400
81.73894633
73.99919448
85.32607083
76.29536623
81.85991484
85.36003025
81.39176564
80.49978674
84.92558530
83.17116052
78.92222157
82.17148084
84.61337710
83.81416916
72.09855477
85.98203793
76.37027886
83.77147235
83.12687107
81.53868084
77.40761247
84.68647897
81.55179376
80.83367403
85.19703147
84.16124979
82.11935539
80.46885950
83.95739745
81.57110206
82.58099622
84.30561681
87.75365246
82.41267978
83.13521420
81.39580391
83.26013966
82.81280717
80.67798554
84.80168929
85.34070106
86.25773258
84.19133848
83.34747394
82.63403057
79.19449236
86.21373665
79.70223118
80.08808038
78.38180505
82.51931676
85.04506861
73.48531480
80.92187243
81.85458359
83.73754824
79.56043933
72.72270473
84.28332013
81.58941014
81.96454271
77.12246192
82.47474929
84.20046644
77.15945996
84.87216454
83.78778608
79.98663525
78.96865861
79.35878798
85.95936071
85.02806495
79.03912560
84.59768307
81.65524707
82.00114981
78.54925109
84.56650099
81.50065820
83.57308051
80.07460017
86.59909466
84.73525162
80.46106006
84.48388937
79.73681308
81.46501498
82.42850298
80.69888715
86.89154238
84.64826076
85.17334227
81.11019003
82.90016030
82.47969294
85.30682934
85.54862580
75.20020954
84.01946829
85.72516906
84.30263146
82.78437834
85.40243849
82.67323518
80.30135233
83.23909441
76.60922317
84.74927289
82.24551618
81.52348323
80.93076203
86.21856290
84.85633335
82.74239331
85.63767411
83.75949956
83.81288840
85.53158625
86.76542096
84.17144585
83.81628416
82.17442794
81.84552356
84.13430619
81.67161924
84.00291278
80.03258485
84.61530390
80.30460781
85.69438897
85.36432819
81.95564041
81.31944014
80.96348311
82.76546290
83.14708265
87.60707806
82.30562964
84.63825464
84.10696621
81.74904591
82.51702708
84.19097529
86.22736857
74.74487705
84.04399824
76.89411393
85.30165885
80.34910717
77.25422192
85.39840701
83.18663653
82.32556613
83.51369455
86.55882094
84.07480596
84.49877812
82.87944678
83.51864424
82.83485409
82.81490186
81.64917687
85.40611351
81.36975983
79.67169387
81.66299053
83.16933236
82.11749502
80.91666726
76.15507669
80.12839988
83.41093570
82.62599012
84.13518411
83.78915242
81.40824726
82.11080568
78.12942783
84.77551415
84.19404889
84.62851685
84.14027931
77.95742800
82.83437071
86.73657695
83.53480894
77.76342568
81.57484071
83.61053444
79.07840213
84.82057035
82.78808711
83.62881494
76.58366549
78.58206224
84.69688196
76.92090646
80.17506404
84.04021150
80.52913443
85.24421495
80.57525781
79.95221719
76.80477086
84.28582835
71.92139183
82.80957210
83.56161611
80.00422454
81.63435201
76.50663890
85.72982187
73.73503735
84.06299614
77.44080241
80.19599459
80.95761931
78.06664353
77.16297916
84.57857134
84.10903277
84.50151155
85.91045708
80.24328099
83.11826866
77.89193427
81.89538134
83.84869959
83.95918226
78.01173104
82.74305377
84.27817904
81.57856171
81.92514839
83.74799332
84.17186613
80.38002667
78.12953354
81.50939791
84.58365113
79.67514247
82.50029059
76.14612077
71.00233230
86.49547284
78.16801127
82.87391683
82.44559510
81.43187125
82.84272089
82.65864051
84.55781377
86.92460086
81.16139464
84.45430239
74.40650228
83.55354629
82.06094973
83.92783404
85.36231341
84.34903818
82.55321766
75.78680155
84.93800926
81.49969208
83.81238256
83.57827801
82.25369916
86.07830862
87.27577318
83.35334481
82.11000193
88.07051752
83.89493238
84.14315910
83.42935365
84.14583402
81.71558525
81.29830660
83.95679973
84.83814415
80.49150326
86.53429994
85.89251301
84.32594795
77.23612876
79.63872947
82.64716582
86.43973398
81.25814786
79.78618308
84.41734726
83.43878035
82.65693413
85.99347621
81.44481134
85.80816519
85.02699998
84.57689121
76.67552923
75.70884263
86.44222493
79.46295156
80.72535001
82.07107592
83.19062870
82.09481591
83.24342631
89.00818166
76.85754852
84.80595773
83.85641725
84.37962371
83.07259912
81.58480739
79.17576952
80.62131236
88.10440227
83.56330491
85.30400663
81.34205686
79.72684583
86.00798300
86.28686863
72.66472612
81.36901674
82.81660418
78.99980234
82.85465769
83.68856731
82.46515667
85.77144731
81.47244624
84.39001558
83.39290312
82.34965342
80.69566807
75.09906579
77.05147209
82.92407388
81.07472913
73.49696985
82.51186013
84.79085738
80.46841877
82.80782014
83.46473200
78.81154083
81.20844346
77.17642906
77.31297977
86.32963284
82.04770374
84.33022415
82.23231083
82.48863182
78.18368074
83.60663036
76.07986391
77.18630365
83.78040564
77.75964079
83.64678339
82.93508946
84.40166546
80.27272385
80.17811785
83.42507078
81.39104523
83.24557220
80.50303529
82.44920226
83.84023907
81.23713172
84.49800512
81.36925795
86.38108681
84.01553867
80.13505521
82.58816470
82.03586114
84.94105136
74.81569232
80.99589867
79.12986957
82.64151243
82.23750626
83.70461341
81.28939310
78.85272418
85.40127926
82.85521140
86.07567949
86.65974941
80.30190647
80.11954183
82.16324005
81.86973117
82.78188450
82.71686727
84.58629418
79.63199820
82.44468982
85.60734045
81.20032100
83.85404181
79.67754986
82.48010218
82.18698635
81.97037039
87.93865161
83.74376102
77.65729358
81.04109410
81.59119671
83.12429101
81.57608868
82.01915287
79.51800577
88.43613779
82.55837833
78.09151783
77.50806096
81.20230355
81.52836808
85.67175416
84.42652084
82.88418910
78.49648074
81.83890617
78.79505081
85.06440638
80.27642159
83.78543311
84.01986168
74.12694919
85.54007850
82.13382394
84.52729786
84.15753218
80.16570609
85.51553287
78.90683245
84.29807017
77.34872506
83.12112689
84.53735388
83.62637088
86.88752450
82.41930345
83.09504931
83.68861123
82.28241522
79.55810279
81.38372241
80.69655215
82.65741754
84.36105266
84.87523479
87.24341271
81.30005348
82.01659896
83.25805705
82.08155666
83.05577966
83.27250537
82.59212400
86.37911243
81.83030240
81.71560932
84.15383694
83.19891450
80.60093028
82.23111424
82.08872023
82.03011507
83.37164402
83.87207540
83.38654299
85.22817622
84.19586878
84.18997808
79.71083681
82.56790330
80.97436202
77.68897290
85.22350502
82.98051966
83.99999491
81.06538658
81.32967108
80.95175389
84.96834130
80.91222688
81.78263424
75.21935149
80.19673671
75.60039488
84.05416380
85.55160048
79.69113486
82.96829648
80.25788303
73.41126909
80.24730255
82.89573476
82.76648740
79.86093455
84.15073061
83.44249660
82.92886613
81.75937534
80.71753072
82.37711291
82.90230743
83.20598253
84.03953686
85.95893850
81.78483370
80.27782795
81.75566011
76.92383790
85.06192495
81.64530814
83.74881742
83.99581644
87.60150558
83.34266477
85.11089577
84.40448712
84.33182822
79.11364647
82.23362868
84.68955322
83.41023910
81.17028602
83.71223290
83.51311060
80.17009087
81.85740506
78.39058183
83.11154258
81.10555583
83.52264211
81.56232899
74.73188686
83.57900602
81.90817038
83.08435238
80.82124129
78.37561334
81.65921580
84.10718287
81.83930353
83.00637567
86.12136949
81.93272848
81.23859935
78.06837576
79.86276684
82.58566255
87.05382931
76.19899297
81.57907241
82.22839193
82.97347011
71.68823133
81.99461041
82.35354866
84.33047537
81.57662783
82.89490090
81.07553852
78.74267972
77.10633659
75.48691979
82.20932344
82.31317075
82.90418943
82.39264257
78.79239247
78.85216963
80.56117338
82.93219515
80.65192645
76.81155712
78.74125178
81.89358218
84.32954937
79.11108370
79.54578405
81.57715463
84.49433129
79.02595818
84.01469405
83.93876666
77.57805200
81.72695028
75.00296531
83.75526685
84.65880160
83.07518517
79.36667568
80.84348399
78.14869586
80.50552700
77.16735975
81.18164226
79.12450575
82.11973107
84.29725480
82.14209181
84.00987280
82.00439527
79.55535909
83.15199531
84.94774526
81.99506470
84.88290031
77.82914534
80.73998490
82.36007107
84.44180464
78.15558115
84.96788319
75.10102510
79.79596224
82.06077650
75.77494685
80.04882490
79.30913321
82.43734975
78.87116298
83.87766985
83.74531678
84.01674754
84.37536332
88.59473327
81.37607369
83.36039355
83.84276053
83.75461160
86.60510130
84.43045192
85.39005552
81.11254265
84.03775873
73.86940413
82.67265912
84.16107844
83.12553574
85.13848506
84.87962749
82.92144560
84.37569167
84.48073712
85.71424125
84.77191594
82.55302568
83.47079272
82.02944117
84.68279277
82.07382645
83.11527018
86.04724694
81.22309383
83.83051413
82.26205806
81.89718167
81.39642826
80.94006150
83.37586704
81.40804216
85.23129172
82.24113334
80.54644566
79.60302639
79.02353814
76.42143106
81.46145088
83.62384029
84.64940571
81.12773211
83.51548802
83.43330530
80.97256458
86.52976545
82.80370931
81.47519250
79.47909478
76.85164006
82.98876068
86.13738420
82.46621461
82.67838029
82.10985333
82.58547194
81.44644674
83.56005310
80.88799369
81.61755674
85.50088056
84.63571947
81.64434971
85.08230096
82.43878106
82.50518464
84.74375448
88.57700007
77.57995022
81.54889046
84.33962880
77.65412961
81.17882602
74.39485721
79.19168434
82.42382333
82.29166351
82.84139823
86.60296519
84.83007620
85.34689066
83.24840359
81.17855698
84.02058850
77.80787232
85.23721867
82.93054744
82.78958792
85.12501584
79.88200621
83.35832313
82.73970216
84.75432131
83.59150001
80.39541571
84.37755288
84.59057367
81.46717485
72.48985533
83.55272946
82.04350879
84.80148089
82.65093065
83.76665835
82.41489857
88.11004543
83.08117778
84.82070555
78.65716736
84.84355384
83.57458306
85.71850782
84.57540312
82.04704979
81.48017869
81.62550857
85.94903704
84.82554281
73.00910487
83.14934409
81.53082499
82.65126037
82.52195083
83.78148876
84.51464348
83.99209036
85.10304974
83.56211576
85.63235951
82.40716612
78.63316669
80.87393524
83.76569302
82.67370442
85.75415037
83.51238187
84.37933892
81.50068584
82.11226326
83.77831252
76.06435916
75.94627377
81.40708091
76.44532425
84.04685105
85.22902330
86.42623676
83.99474358
82.37251026
76.32965546
83.30642145
84.38793216
76.43533465
83.75311382
81.17805167
82.27975931
84.59802540
80.52035638
75.55776572
81.81642823
82.01208600
82.30960622
84.54524787
83.18264972
79.07368091
87.60980300
82.83322865
79.62278123
82.06977085
81.95736738
75.88029754
82.53743228
84.06926926
79.67176439
83.85203644
84.45426902
84.23558471
81.55323433
78.63176894
75.62496955
83.16263422
83.17571591
81.45076393
80.68475493
84.84008883
81.32010717
74.29334386
81.01343417
79.97243213
78.68610109
78.09169183
84.22035263
85.18500572
85.43486348
82.37457474
80.65896005
78.80218886
84.03363209
80.85100388
82.57268746
83.07087878
82.53241419
81.95232031
80.79311580
84.01425475
80.06268569
83.20512816
85.41480391
81.63656677
83.08835508
79.92462877
82.95591081
82.53225037
82.27703339
76.21417779
78.20075453
79.74083868
77.34702150
84.27989867
76.24236332
83.50901306
85.88840372
81.28583989
84.03086292
82.23249552
84.83408324
84.41819231
83.02045995
84.76375710
84.64131316
84.74175603
82.02947370
79.68405686
79.50126922
77.93612998
82.50636166
86.25209942
82.54003617
81.81912697
79.57738309
82.64015159
86.42951695
82.72551416
79.04361877
83.42478337
82.12278622
81.07116002
81.76364607
86.08158600
85.54089270
84.41273561
80.11413596
84.29518658
75.62216339
81.88087422
84.72993673
82.74319916
82.21749574
79.65332200
86.11313722
83.29428658
73.62574288
82.96053608
84.02019500
83.79205303
77.69315269
82.24248447
80.80819814
88.99965824
85.05563612
83.83081610
81.87548396
82.28697030
83.43116650
83.03248220
76.65265606
83.43615560
82.49895441
85.88190505
81.69330190
80.09490423
83.50263983
80.62237937
74.69660321
81.02681597
83.42206219
76.62271866
80.12384159
81.35334509
86.60368962
82.70145981
84.14362221
71.18598670
85.73264214
80.95012903
84.76354985
82.30612424
84.38230534
85.31255690
80.47095883
82.62296973
80.77521070
84.34055127
84.38771646
80.84253749
80.41232800
83.21357296
76.43364783
86.29777320
83.29833919
82.10399917
82.61066103
86.64289630
83.91375262
84.46013788
83.89118334
79.57760217
75.50694474
85.39422477
82.23820848
73.04129993
80.40940269
75.79224087
80.71709056
80.11731517
80.89723092
82.12694104
82.90498618
80.98934522
86.63032409
85.05794604
71.78974109
86.01915506
82.44503462
82.42290615
82.91244802
82.16308793
79.75536842
84.11618705
81.43427821
77.92034655
81.47859315
82.86972438
77.93612769
85.83271555
82.66165591
79.35834322
83.76653613
81.29472296
78.13603531
82.06653297
83.26843300
83.68278210
86.20706237
84.87119214
81.43919470
82.06205888
81.29822910
83.29747829
84.63332401
80.87993865
82.26408125
82.13335720
82.68679055
86.38379710
82.02486895
78.29931049
84.67039060
81.57945114
79.36280338
85.66795185
83.03590831
78.11933955
84.80520695
82.38719414
82.64144399
82.44446148
79.83079437
82.60699023
79.44361159
82.36225983
83.98393061
84.48542765
81.78579884
87.75200258
79.27923078
83.78960760
81.63490898
83.68673549
85.22902330
82.40667996
81.13598280
79.98798579
79.77014476
84.21619363
84.81701868
82.57377232
83.33140470
78.98183489
81.73658591
81.49107865
86.12817783
83.16457939
84.21205318
75.92323363
79.65796024
83.08845277
84.12911264
81.95338825
84.03486252
83.02614179
87.92933171
80.95845322
85.07342441
81.78789008
83.96256130
82.24599905
83.30992288
71.18853535
84.86568843
81.43324512
82.70089891
78.68878101
83.51921596
74.77187221
81.02075234
81.10080767
77.98551576
76.96379362
83.22164544
82.64594788
82.92980862
84.30145355
84.86042499
80.07289510
85.14989350
79.42703237
83.90287612
80.10491157
84.57941964
84.32076910
79.78479806
85.93698977
82.17653830
80.84104543
81.63325927
84.90698306
81.79251240
84.28149701
79.24005988
81.83744070
82.66536384
83.02564573
85.45594231
81.06332438
83.21220618
86.61453454
75.98702068
86.96697543
74.66570087
82.37771935
82.37454883
81.75880332
83.80272900
78.18125530
85.17095886
82.32165025
85.03767179
84.16756414
74.76497594
83.42433658
82.04370672
77.81411797
84.41458829
83.55848645
83.91496426
84.38273553
83.08790436
86.08520941
85.14487287
83.25388062
83.52953304
81.93022129
80.87819118
81.91270973
84.00660893
80.09890371
85.29718029
80.62046978
83.01317858
80.54815909
85.19812890
77.50281476
83.35189482
84.08510235
83.97759655
83.47955393
82.85797785
83.57043837
74.47213114
81.31407577
82.14144809
84.13375591
82.17172873
80.38384485
82.97410548
85.01286799
84.53935085
84.65348320
82.37246017
83.69659812
82.78245203
80.65389131
85.71031588
81.82980799
82.59642711
82.90845336
81.86100992
81.12858540
77.32058893
83.40750781
82.46977175
76.84904506
85.91382449
83.81170113
83.62067594
79.50067547
84.02661376
82.24552700
75.78867878
85.13666482
79.13994744
84.68985677
84.50402415
83.53635619
81.72832855
84.50268652
81.61343377
80.75384273
83.43885900
83.36156420
83.70516285
83.18264972
81.39255851
71.51505934
85.45935890
81.46630890
79.92747426
82.72638759
85.55423684
79.94879044
77.19897423
78.07611527
86.29133261
84.89002851
83.89947329
84.09098626
83.21984284
83.09935999
77.28055277
82.68936512
82.42680363
85.44376391
83.38244452
81.30506405
82.05407521
73.60318797
78.85413046
84.28883984
83.59104654
73.71021321
84.63822373
78.30337203
83.87612729
82.44558762
80.40880064
79.03192189
84.67976103
84.38067295
79.34345210
82.05780652
76.01919084
80.69904491
82.90673699
80.76038977
84.80999764
79.98860188
85.39847426
82.75146710
81.23460990
80.70095686
83.40718432
85.60747126
82.87720420
83.05440612
83.35419915
82.36235972
85.44032705
80.76017823
83.39892000
82.49845564
84.85944203
76.45823636
84.26857706
77.52840715
84.94407472
83.81170113
81.14178173
77.24893392
82.63324539
86.64311498
79.27540764
84.37233652
84.53887232
82.47708539
75.64630879
81.56052725
85.61856634
82.63080238
82.72767532
85.74119370
82.33074727
84.97131063
84.32457843
81.32217206
82.68933848
81.81216829
80.59619824
84.57707224
84.81767576
79.08366842
82.81494684
85.06993480
83.88190928
83.63379270
84.54959533
82.44537688
82.35463935
75.10206284
89.22686864
81.54552962
85.05544999
85.86004801
81.70280200
82.36099792
81.41747433
81.90495024
84.08320873
80.08696382
85.46331568
79.21563692
82.43376509
83.87328366
84.83183975
83.67516381
83.84153831
78.88910548
81.15935859
75.72509925
85.43421034
78.72683889
83.32195572
83.07193034
81.31614576
80.78212645
81.49525590
81.18872643
84.25812656
80.68419862
74.81394332
83.74462162
84.71411624
83.36446922
84.60537128
83.12240769
85.07801892
81.75154029
84.16950382
79.49763178
80.34698080
82.80882179
82.41771686
85.24218465
78.99845870
74.18930802
81.95343744
84.28372033
82.64403848
81.35876617
83.25931703
81.14816843
84.13460353
81.53006250
79.31021233
80.51602994
82.33852523
80.90746583
75.11303938
83.84946451
81.23990107
79.40938847
83.87489061
84.90338940
82.96212532
82.89558780
80.18574683
81.49837270
84.03002441
82.16115985
77.70356018
84.03539612
80.00337417
81.54606477
82.75343155
84.85867700
80.38085612
83.87797803
82.49399952
81.88684327
86.09826089
85.71860142
83.42832507
85.72302353
81.03981771
84.66496876
82.78316564
81.00548143
82.80235495
84.21009263
82.60738424
80.14011556
84.90996983
85.15804959
80.01460182
83.33887300
81.95397345
80.06295355
82.13642275
77.92168710
78.13080085
79.07466146
80.00483901
80.72600083
81.64799190
83.90077903
83.85144932
80.85775037
89.37280079
84.35210183
83.48068778
84.25137715
80.57321563
82.40707886
83.22492680
83.66038430
77.12680676
83.04566471
83.74119892
84.79480643
84.03756143
85.84025433
85.67057358
84.74950715
82.24485952
83.09616545
84.36382444
81.08843513
83.86373592
82.83598012
85.04889018
84.02918633
84.29131554
81.44330439
82.23336224
82.42801453
83.98007181
82.55763145
86.02991566
79.14126031
79.37565017
79.71081110
81.67378941
82.08528585
79.59102351
80.10062434
79.28210073
79.36703275
79.73516790
80.78094896
82.57614073
82.12300668
82.33137516
84.70973462
87.90642938
85.09798775
82.97271874
84.23329002
86.06982307
82.49661516
81.15984623
79.02715587
90.10202266
84.89858852
80.43663585
83.94050242
86.28010365
81.47753890
80.31433097
78.48665500
85.00629442
82.14027220
81.39598280
81.08077411
85.00685196
82.89799104
82.47629503
83.92790938
84.00462956
83.80504935
79.80490064
83.10552762
81.91031326
85.08725617
79.83010376
79.04516117
75.17464036
83.84464686
82.70542257
81.04082648
84.65747769
83.17343887
83.22274540
78.48609810
80.64621981
79.59956952
86.23636738
85.64097345
80.67710289
84.22215365
83.23199781
79.79531903
81.95005224
83.95289341
82.67838029
85.70549078
83.59545819
83.61915836
83.81701359
80.75662516
81.84658998
83.81880884
74.02064639
83.07206535
84.01441230
81.11434253
82.43263307
77.43141829
83.81166046
78.33965243
84.22045090
81.18535221
81.97738719
78.82008743
82.93151164
83.18021288
79.67076875
79.95012895
84.84166932
82.71412919
82.16756844
83.81929697
82.34456252
80.63612958
82.89216095
80.49322015
83.42787364
82.38315662
84.05577271
80.92329868
79.09010488
81.91505763
84.86013178
76.37370287
80.87249010
83.42522881
84.25440534
82.80683812
85.02937024
80.66099419
82.79338997
84.37847107
83.95621970
81.46371546
77.86955286
86.09579564
76.03319180
81.89848996
81.38013757
79.74503675
82.74642889
82.47714435
80.48272857
83.92483851
75.19567021
84.96070363
81.76787399
84.15986576
73.83315375
87.13640779
81.69534673
75.95277550
78.48599591
80.13614923
77.02895268
84.14571389
78.64994870
82.69042634
83.04106058
82.65265492
81.72951126
86.77588600
85.53751467
80.69389903
83.56980332
81.90181889
81.28787000
75.54609002
83.83520780
83.58185991
81.63142181
82.32794201
84.24446104
82.38286991
72.34120243
77.27938172
82.91264026
85.83769046
86.67721272
84.30786708
85.45550884
86.36147002
83.65447211
78.99622420
85.19122561
81.47636298
83.73996476
81.12941753
86.14102304
84.10493022
77.79213555
83.30214747
86.72070224
88.69718777
84.20325963
80.97261032
83.45752227
85.68158497
83.10447344
81.24835849
85.69724581
84.23538794
82.81219415
78.38507940
80.13121506
83.50858905
85.33754210
85.90787057
81.06130325
83.92004104
83.29821980
83.08984141
81.56450316
82.02108072
83.44360908
83.99488740
85.58780576
85.19719197
74.53429894
80.74399371
78.42549565
80.85488704
83.82735252
77.03873330
84.08079341
83.98304935
84.69677896
81.60643621
76.12297040
81.38314553
82.93101081
77.81670947
83.01557664
83.25652064
78.35927166
88.93675962
83.69118266
81.59629525
85.56261201
70.99327027
84.90137191
85.92933595
82.37366430
81.93608897
82.79258470
82.11163424
81.10833057
76.40398418
85.24107350
81.90543834
76.45656240
79.84063084
84.04420515
78.36244707
74.26880088
79.39814437
84.25738571
81.99598900
73.36276952
81.07060928
74.41947832
83.70414849
78.26167038
77.29442435
85.79440817
78.50548706
85.40197204
85.07610566
81.38216742
80.76804461
85.69896941
83.25402947
80.97673369
84.54315928
79.12009271
82.55395089
82.28109261
80.86820081
83.81391202
82.14557872
84.32863937
84.29709530
77.58443801
81.53164956
73.37529859
84.58163590
84.80827202
81.99269427
85.85445639
84.53669824
81.03770988
85.15865476
80.28522650
85.25059902
83.98244771
83.92333807
81.61334171
85.06145441
82.77103198
81.81001914
76.27937428
76.97373548
80.96761212
78.14304586
84.15372762
84.93870366
81.91615059
86.31729015
85.69066664
80.69462327
79.72374076
79.68233443
75.40808112
82.66443676
82.46603958
79.12986957
75.80162821
85.17272705
79.42742845
82.48306507
86.10672815
86.52676589
78.36395460
76.85482386
77.27938172
81.84281282
82.42996751
81.64434620
78.28490734
80.67195637
85.14748894
85.54052236
85.04943641
84.87439688
80.62916506
84.38557956
84.09186454
86.56929477
82.83108424
72.84779199
82.18677997
86.27343037
79.31153214
84.12770057
84.28930347
85.84216076
81.75450766
83.24758782
85.14780437
80.78871579
84.05297532
79.70362216
81.80461542
81.83463703
84.50813626
84.79400544
84.91237901
82.70493118
83.39631020
80.80887503
83.40460615
78.84008973
81.91172313
82.08381205
68.46255220
83.29949369
74.83429689
82.18136694
84.20958498
84.64083043
82.00504746
83.44051178
85.04454183
83.50019068
84.33701497
80.04548976
76.35216278
86.22025786
88.24544354
81.95414161
80.78159318
82.22091341
83.04299393
80.45768575
83.29978944
78.99490157
77.13971061
77.80283062
85.59617025
74.98083098
87.00773646
75.80340630
81.04359825
81.38187637
82.53300143
82.60791934
81.91081287
81.06804247
83.85492931
81.08710766
80.53566605
82.37011644
84.40477314
81.70580784
85.15316676
82.38315258
83.04071269
84.33915247
75.74026631
81.96397985
84.75736985
75.41119132
83.21041800
83.92543599
80.99897669
84.01969585
80.22576943
81.42176185
80.29723573
71.98352459
85.38987405
82.36382848
82.48065982
77.92075745
84.94075483
80.05351356
82.27993815
83.77061735
81.92105457
79.61554055
81.94692298
83.73228799
81.99093869
81.96719329
83.96654026
87.11789851
79.48847891
83.88733905
77.51153583
82.48919076
73.24876167
82.26842703
84.75241908
85.27860615
83.81151773
81.29966271
75.28270985
81.29044307
80.45483514
83.24174257
81.71623669
84.92733837
81.92903770
84.79508951
82.06681364
80.98267193
81.34895745
85.53246160
79.79093683
82.61498370
74.38171791
79.87975538
84.64038819
81.34678921
75.93019943
83.97883942
81.61606683
84.51652529
85.37559677
83.83858227
83.38238480
83.90284679
86.71578771
84.28481123
79.50638835
84.58336742
82.02688823
78.77519427
80.14197228
86.05577788
81.50895012
82.91549164
86.28995127
73.71586829
83.32874039
80.38237840
84.60282231
82.93693646
89.96079099
74.24575506
79.41446620
83.04961606
82.39509322
74.25393408
81.01926274
83.08605190
84.00307183
87.72594288
81.03346837
84.68141543
85.64897036
82.19623365
85.30424207
76.26427890
81.01384482
82.62920604
84.46900590
81.74536638
81.53980880
77.42155973
84.20126213
78.72708177
76.91313857
79.28419173
79.65883334
81.50966995
80.39536198
79.40394629
81.04465289
83.32496531
81.87933149
81.31966025
85.69755788
83.40867696
82.88194898
75.97698403
84.09866686
83.69005948
85.92308312
82.02488329
82.65061930
80.94759676
81.83651487
83.18549316
84.91172043
85.27877257
86.47759264
80.47141198
80.19793885
81.49820208
83.50427188
82.30385819
83.30890959
83.14269128
82.92267175
82.21532312
82.95919091
83.88369214
84.75364958
84.10987471
83.00824383
84.05568662
80.65089211
83.24054719
80.72852481
84.74007489
82.48268370
85.15937173
82.20564664
85.95585995
82.98883925
81.49264228
84.30037914
82.07810912
84.98322327
81.65977832
83.67811336
80.99662882
79.20980170
81.05196070
85.00597855
85.86328630
82.62072070
81.40811138
81.83010188
85.58499922
84.75038465
86.01768220
86.17974059
88.08107343
83.23679104
83.52647540
78.32064162
83.61746051
82.81807057
72.99806687
82.05760815
83.20323133
78.25145044
83.27250918
80.89252508
83.88294732
81.89653308
83.04130050
84.83090998
80.96347217
82.73691874
78.74122868
83.00082678
83.25567323
86.03576541
78.22502565
79.88210279
77.18100003
80.17055304
82.39241984
82.06527014
80.41066066
81.68958825
82.61639351
84.11864398
82.61370790
84.59810733
80.97105662
83.19919841
86.64793979
83.48567783
85.06483125
82.79462970
84.58383239
82.92171663
86.66389388
84.32435159
83.36489564
84.03270442
82.14846525
81.09411677
79.36991933
82.54446957
80.61427150
78.90941997
86.69720423
79.63878296
80.52469840
79.57537893
83.13121529
80.20889987
84.97440091
82.82244239
80.65527110
78.71520928
84.86892857
80.70200561
85.59898615
81.82376271
74.56523576
82.77019669
84.32661695
79.22422222
81.73548874
83.69915743
83.94066287
82.69304395
82.39730033
80.21005266
85.28451391
82.98100513
84.00248722
80.11151667
84.33746256
77.32784445
81.38729970
79.48285681
85.34380717
79.65499299
81.51373412
80.16928588
86.30090549
80.49385233
82.45151787
84.42966660
77.10167933
77.52682390
82.29962476
83.90373819
84.33931528
81.80830876
80.69162722
79.33890169
79.51756823
81.00969630
82.28094771
81.65864310
84.70957706
85.47001568
81.99141265
81.46444195
81.29047913
81.59847822
80.23344919
81.54079422
82.16008871
83.41822964
82.88632934
81.12541191
86.21596596
82.80806802
82.06296444
83.18629143
78.30890430
82.82524541
78.61974967
81.78102133
78.78886295
85.70171539
83.48536700
86.09342279
86.95427639
80.70648864
83.13118094
81.97446202
84.91772175
81.75925593
80.29243675
84.97349183
83.94382506
76.58127560
87.81745081
82.66377536
83.01961653
82.86314295
82.75890796
85.25508112
85.02033388
84.78991312
83.07118219
82.21054807
81.73555204
82.91241621
82.76032767
83.89219608
85.46773339
83.18308052
74.52597448
84.27793290
85.36828170
84.79471344
82.05247593
77.88566643
78.54217620
84.46751895
79.74682265
76.73277641
80.77261216
80.50441511
84.09560832
76.99793523
81.30486191
82.85718833
82.39896298
83.63374793
86.04353726
81.70675047
86.19005248
76.89166909
75.14066837
80.99364098
84.38554865
81.31226602
79.15194863
83.12383768
80.85624335
82.61893562
81.49575313
81.13703122
84.27257868
85.28949541
81.53481031
83.39279719
83.61138189
83.86173678
83.20816821
81.49943920
87.17436279
81.79640076
79.88706937
83.83349611
84.39568353
87.21253807
87.18139393
81.88880493
80.50534247
82.75466236
82.51394573
79.34777167
82.61267469
79.32008128
82.61072428
79.37242750
77.64961643
83.91191697
74.42215962
83.05731859
71.85404401
83.00667083
77.75944657
82.09658888
81.97995562
85.18550554
85.39120798
84.92426360
82.15202302
83.56758637
78.81476093
82.84157978
80.80571822
82.82042440
82.21832155
88.88589031
81.26411455
80.82702438
81.51810592
83.29275217
82.01660473
82.99452601
83.33599169
80.93929972
77.32304437
80.60157898
84.20367240
78.75546202
84.95535844
72.97410322
76.71594299
83.30642145
84.72733276
83.44131454
83.02826821
70.59705822
84.85280419
85.90370783
84.63501245
83.25555299
82.40104610
84.88135427
78.67458025
83.37949923
85.43567210
82.65599568
82.64483734
83.87635117
84.58809799
83.41485553
83.21929214
83.71121080
82.98450421
77.00124379
89.18869928
84.06487403
82.87280543
82.82015405
80.32594926
87.80582518
74.27477592
81.05733436
81.12731714
85.31781954
83.65151769
75.77736625
82.34916401
84.47345362
83.49155540
83.28858003
84.58437117
77.96392817
81.57510536
84.38493421
84.04719212
80.35029920
85.25707245
83.60697281
84.21863136
84.40417175
79.74153296
79.47948484
87.30003397
83.33324950
84.35261532
81.95694468
83.62713016
83.43194217
84.00590526
80.47604219
84.81343628
78.77187583
83.03283611
80.08680102
82.64417699
84.88740433
80.50379154
80.01431959
78.32434547
84.62453070
85.78329320
84.73115740
85.25460907
84.95602264
85.08841002
83.52507556
78.69083074
85.87616351
82.18159909
80.48577910
76.05032651
83.19934781
84.42577482
79.90104442
82.78297377
75.53904789
80.54027217
75.94803090
81.68848929
80.90161196
83.78882998
88.22704686
79.81233195
84.19955621
82.22642035
85.54911602
80.94004022
83.47378886
81.36415508
84.53445020
82.42364951
82.39417024
83.58547818
84.13182950
81.51036766
82.24179737
83.58667021
81.10274698
82.22737322
82.09247359
84.32819764
81.76982488
84.66315441
85.67376681
76.81565918
82.68100387
84.98087821
81.09495995
81.52129395
79.48709953
87.28768830
78.80554810
86.07424967
84.64030102
81.09119334
82.67681335
83.58918591
81.66838870
83.44772133
79.77381238
82.48454841
79.27858095
81.22373993
86.41741715
76.83235544
83.83223913
77.43761976
83.46204844
74.97640778
83.79301413
85.64944719
83.91404257
83.11039225
83.52514548
78.57901136
79.18678877
81.98241958
79.58320711
86.89549964
73.26122134
86.73103744
83.76168348
83.59085132
80.12378214
79.83330691
81.36476015
81.52745160
84.10110915
84.44717529
82.28860077
87.25014499
83.43324480
86.89241545
86.10732368
87.80549739
83.90152061
79.15606089
84.73660533
86.36050924
71.68505293
82.88312359
76.86396657
79.69894255
83.42899352
80.11287813
80.66648807
79.14040114
81.43411034
80.05871135
80.12208367
86.21674997
72.01909922
83.45908453
82.95879020
79.15077557
81.41686257
84.19952785
82.32007924
78.71809635
81.43008135
84.76655386
81.66982924
83.94800944
85.06976551
83.26014763
82.66114790
80.53332044
76.90749407
85.11525344
82.87971914
84.24023637
84.99500134
80.49861832
81.82698697
81.95414161
81.09021183
84.72045932
81.68117255
84.85854723
86.04095448
82.97535372
80.05970878
79.34697114
86.71545701
74.47373627
84.47172804
83.22966808
78.07846454
84.14327423
81.83581831
78.75548748
84.27185699
80.57639332
76.73269271
85.61557490
81.51542716
84.65528847
80.77370193
81.55578979
85.48479441
78.21996177
78.61568855
79.86093455
82.76413885
76.83290747
84.94179154
85.55962183
77.19013084
84.21080223
87.62776735
83.31153900
84.19996880
81.92301740
75.61867002
81.19473954
77.92547777
85.67741107
82.91768096
84.92130596
80.74507619
80.32730670
84.33043578
84.19526070
86.26145155
84.68184040
72.36726240
81.64505584
85.12492191
72.79168450
82.88407060
83.71393095
83.39178626
82.50046361
80.03102067
79.84850112
84.64621337
85.57672323
82.26111104
80.96761212
82.00504746
81.68764880
81.30260856
80.41659354
78.77566230
80.77834496
83.66665847
80.53714417
72.85048608
81.07632985
82.96437078
77.10776345
78.00373963
82.71897632
81.62246364
85.44032705
82.96335509
81.67897031
84.10998085
77.67632304
84.85957099
82.57982192
83.88910427
80.10078718
81.43681361
85.21626391
84.81204954
85.69185925
81.15461016
85.07096160
84.55648078
76.81903718
82.42315441
86.01040101
77.29799227
80.77964327
83.14493291
84.27256810
83.03659613
83.89072653
82.74585542
81.98247207
74.02105473
79.00087828
80.86397543
82.59941278
82.69035718
84.47200016
83.03522870
82.92695506
82.67578015
78.63254824
82.51496631
82.17776963
85.86070523
76.84469229
84.63078055
84.00378676
84.83968694
83.08773188
80.99859736
82.07471937
79.01762353
85.01512674
84.79865671
83.88105373
83.05513233
82.46850450
83.47610463
82.94845956
82.28535470
81.13677316
83.58826732
77.61284287
76.50543180
81.91888995
85.08265965
80.65744531
83.85141242
78.19541956
83.15319373
81.72530750
86.46746924
80.96264653
84.21646553
79.69716108
82.78549139
84.51739638
81.49006818
81.15008164
82.20355367
83.71452597
85.53750580
78.69940926
81.97868593
80.77212750
73.69563869
82.42801453
80.74775269
86.36298847
84.47223889
82.33546793
84.82729518
84.63790179
77.87402358
76.03236068
81.22425159
83.41598356
80.80278537
83.52374315
80.24615607
76.67654388
82.73409381
80.48014921
85.94032636
84.90156577
81.68735513
82.72225488
77.28526367
82.94110952
80.26586204
85.20430251
81.97242170
79.14122568
79.94196451
80.38434485
80.43908341
82.93507356
72.68185640
80.53935660
80.99862243
81.42837719
82.29041815
86.53159394
76.03658780
79.94315850
82.38085331
83.91769130
83.26982368
82.83105423
84.27043814
81.29636388
84.31692091
81.74140960
83.69573895
77.73902817
81.56089508
77.23307846
82.34015326
80.11825710
78.35757069
82.09626439
82.04480304
81.62663465
79.93334880
84.17203739
80.87179647
85.60173175
81.48195128
83.16899158
82.41169914
79.34447001
81.97856905
81.75867775
82.89813856
84.96812021
80.43116746
83.54746616
83.23190379
85.18052383
83.32698579
78.94288343
83.38963218
82.62542520
81.39833280
85.73167669
84.43579138
81.37178340
83.03522486
83.80396400
83.48925817
82.85686624
82.13416813
82.51520107
79.14973374
80.15980226
84.32343414
77.61369291
83.70414849
84.33338317
85.40434414
81.76599309
83.39769766
82.35012068
86.06875037
78.60303442
82.35201932
77.33908401
85.35918635
84.96328971
81.94811439
73.17522217
86.01630211
81.39912431
83.15825063
82.56887930
83.15819978
83.62017178
77.17721726
85.20159815
78.12489173
79.06918951
84.01448049
83.74089885
80.34283282
81.92360253
79.16064209
85.44214468
82.68204904
82.91538895
77.89714667
82.53115684
81.26150869
83.24543741
84.50798289
84.80781028
83.52970476
82.26364435
70.58501674
83.05861547
75.00529009
82.32272261
83.72692423
79.64738740
74.17267878
81.65972926
87.10360467
84.19233975
78.51297223
86.63610545
80.88583252
80.19147271
86.66651896
81.42788858
82.73053531
83.67151581
80.99684309
82.35968248
80.35456558
80.81692152
84.76091933
83.13431957
84.09398222
86.06242933
80.50607700
82.46815072
82.13475752
82.08671187
79.91948813
83.38306155
80.54867155
83.55810805
82.35254964
79.22618511
84.71404206
77.76583207
80.47646333
77.11781766
84.36091521
83.93175958
76.75604607
72.41525858
82.85964879
85.45357722
80.57925952
81.04703609
78.56152844
82.47339496
76.68586527
83.96409266
82.07079090
84.12382389
82.18969693
84.53772815
84.61109010
83.51706056
78.48464119
75.92405725
82.67734357
81.61190483
84.29022506
81.35173305
81.61813527
82.04162033
81.24226659
81.78136009
81.75003173
82.08825944
79.05947609
84.46725532
82.32351732
85.12271808
82.81118110
84.74388199
82.12388848
78.70642239
86.63307185
83.51928590
87.80196968
82.22334167
84.65358975
82.63679406
80.08507234
80.35561852
82.82246385
80.13123703
83.19409857
83.20485795
87.21485315
84.04503161
81.52898653
82.18220361
79.29049390
82.10504787
83.12077194
83.35395104
79.84958588
81.94986319
86.45151733
76.81850023
85.66018871
83.38532020
80.98193053
84.44174997
84.80574720
84.51973165
84.28718964
83.03463950
79.56643101
82.31209671
78.81247209
82.17655786
82.85930737
82.52243889
82.24193241
81.95237561
81.83552479
80.16706853
84.39707847
82.53743228
82.69032783
81.15892847
78.68513067
83.90906057
81.19300316
81.49731392
81.92257875
81.25897257
80.60481164
79.16571984
80.96912507
81.37659073
75.25832635
82.27674288
82.72762039
83.14095736
82.68414319
83.49121185
81.99860394
80.93266243
82.74197347
85.93711491
86.39052300
84.92537751
79.33762046
78.84746445
79.95976319
83.09549797
81.48383295
82.67473332
80.73950749
79.66249578
74.98979383
85.75310448
74.92474711
82.56747144
84.80799437
80.28110094
84.32007520
81.93332340
82.54152548
82.13618818
79.68677455
86.09461713
81.88893836
73.21027855
81.97105548
84.87496238
83.30053804
73.69408218
81.44988082
82.66132973
83.24307429
76.65691731
81.71950704
82.54909279
82.73102539
82.10603441
79.41344999
83.59791978
81.26370751
84.08839851
80.01230781
83.13785045
80.48411764
85.63496820
82.42069758
84.55286991
81.32738891
83.01726180
81.93829350
83.57239856
85.03776339
81.15101793
86.73716888
83.87234833
79.66160901
83.79795295
82.14836907
82.92814853
82.82522197
84.02109257
81.19049136
76.42258598
75.93010108
83.35414614
79.35262543
85.83827062
83.14880288
70.69228965
87.33354633
81.18927539
83.07821473
80.93500662
81.44229975
79.01643717
85.06361194
81.24529628
83.69936699
82.22762389
81.71461199
80.18968545
84.07782981
77.79319166
80.30452608
84.87879579
82.62100733
83.83798330
85.30785513
84.27794204
79.72394197
84.67618845
83.95810815
79.67448917
85.28287339
80.82198517
85.17766894
79.78937568
82.69782841
79.22571453
77.39345682
82.71579090
82.86524701
83.82154580
83.56949536
79.67011733
85.45965504
82.34689556
83.54513101
84.08673250
82.46651016
84.74821862
82.91795005
86.14691111
84.86027785
85.88077958
82.04739486
82.86155389
82.57125347
83.47571764
79.15435671
79.12238579
81.90529732
81.78067320
82.11155832
77.40154899
82.79897261
82.91212766
72.67898738
85.55725721
82.71261613
82.25927957
82.19524235
81.72858737
82.86103032
78.86490361
86.44898090
86.42653065
81.36242304
81.81773225
90.61331274
83.11012436
85.33291941
82.88340390
82.83407378
82.38660240
81.80749149
83.70754634
75.78856231
80.94341621
85.14816334
77.24365407
84.35859609
80.75720593
82.90171487
84.49279122
86.40998003
83.22563985
78.09988962
84.15804318
82.85706068
72.65360276
85.45395856
83.75231453
83.88142653
79.04950724
75.85444904
82.88646768
81.00966436
82.19096049
79.72718879
85.01439079
81.56166067
83.25652574
81.94766345
87.17275632
80.55571536
83.98145308
81.27245035
86.47537964
80.74452682
82.31105671
75.78010643
75.95537046
83.24778920
83.05623285
79.06272718
83.38754625
84.02452576
84.00009420
82.54334697
81.36442231
84.87012800
81.66132508
84.16122816
81.74973862
83.09985089
82.98753128
78.85505392
83.25008063
79.23624709
84.83437082
83.44159118
83.61376949
79.62200899
83.22246271
87.01105744
77.75449219
75.04902883
80.10797385
83.29915786
84.44772170
73.14557845
82.27177904
82.92767771
83.21768326
82.22450194
83.88233036
73.79846273
85.77141450
86.47977816
84.74697735
81.73792849
86.75897042
83.00951318
82.20475733
85.65474435
80.52050734
84.11125286
81.24530678
82.88330151
84.26689332
81.58280193
83.08930986
83.92483851
83.19970555
78.04227166
83.88442181
81.79589066
80.00751271
84.63230073
78.25685582
82.81807057
81.84538543
79.97428947
77.07987500
85.38462042
82.25678474
80.23066116
83.49155540
82.74821166
82.45563198
76.31510694
83.89200437
83.36528274
80.16333897
72.60332433
83.36780934
78.51019085
83.95499841
86.48563459
85.59896286
80.77844919
76.18318181
78.72096641
82.29734858
80.95512539
81.66220181
84.73463352
87.00275145
83.88847991
82.93273543
80.24455587
80.83397568
80.09344542
80.63671540
82.05576992
83.44267513
84.27772730
75.81646379
82.91617538
84.67768490
84.19866252
76.31407013
81.89412768
80.94501576
75.29000906
76.84432792
82.91087129
81.21364153
83.70259745
80.20397713
82.12674511
81.12853914
79.88847766
82.59390577
81.37786448
83.25029492
84.61388964
83.90622243
81.39633692
80.49736718
77.50663608
78.74978367
80.65508646
77.71424359
76.79293836
80.23529851
84.25328653
83.62818516
83.04516726
84.17456183
84.63247408
83.95422485
84.69434462
83.64329241
73.40503502
84.21303762
84.92765647
85.59883536
79.91366449
84.05161259
80.63295040
84.26903690
77.75699400
82.33081189
73.07510584
83.28043416
82.34547217
80.93757873
85.07695034
86.35343801
84.64504109
82.34895980
82.03138475
83.19784649
82.15807641
80.36920787
83.51394581
84.60697024
83.84795793
85.92578571
82.68204173
86.35401884
81.10178935
80.52000964
82.52387010
80.58811199
80.71533860
82.62425167
83.19606921
80.95178182
78.50180095
82.80188290
82.29749505
72.02942997
83.51962055
81.08268428
81.48134052
78.98655432
82.18022962
82.05001811
81.50392828
82.58888854
82.74233431
83.50314984
82.61768935
88.73962459
81.09232613
82.50288259
83.96792822
82.91738868
79.69913542
82.88458398
78.73591532
81.56086150
80.46287474
84.20909985
83.94291502
74.39146738
82.43427660
84.89292522
82.39062818
81.37356409
83.63926632
81.74110476
74.35444631
84.21377067
86.82361063
84.95699325
84.17942067
85.93568115
84.27068746
84.48685194
81.33874976
82.59183546
82.79590798
81.02884793
85.43201025
82.36076399
82.77616644
85.00114579
84.80182940
84.61424394
74.44169874
83.78286805
80.49809932
82.04102293
79.46373696
75.53882753
75.52891189
82.70675913
83.20760777
84.32435256
81.32837088
83.24611572
82.92599620
84.01123846
83.08091787
78.30329782
82.58064918
83.12469113
76.23062076
83.71153212
82.98909710
80.23054324
85.08352304
84.15160958
83.22734481
83.22616805
82.05853824
83.70718830
81.51129245
86.40417133
84.41651756
83.26143788
85.09028212
81.44553929
82.81081106
84.90252709
84.03630889
83.62437179
78.28270878
85.42993836
80.15139009
76.38295264
84.34853172
85.67109254
85.67888532
84.24658802
79.98205234
80.50774018
78.95428180
81.79638373
83.15978811
88.02853937
84.91268915
82.95193962
81.52891427
85.00889347
81.24860950
79.99546896
78.57679030
85.12714970
82.35354866
76.73223063
85.36167072
86.29705998
80.66238848
81.71232991
83.68968093
82.98027370
80.24102258
82.92578416
79.14149131
85.11849937
81.90857861
85.80993528
82.51131116
86.13927028
80.29400931
83.50389800
78.33425395
83.88935529
84.32412579
82.53673671
82.37363503
83.22456715
85.51263886
84.87996809
80.83132422
85.29071186
79.10617283
84.34390928
79.49191977
82.02946284
85.66541829
83.13257635
83.14970544
84.10225641
84.13580453
79.71385055
81.62006569
83.58615418
83.54903287
76.78584901
82.28349438
83.10704001
78.48090825
76.96409874
82.05525928
82.99958721
80.59311475
77.01444224
83.51955326
80.60588314
83.86691748
84.78010403
84.66555388
80.74330491
80.07181655
81.58196289
84.04172044
78.55811497
80.39132127
81.05340760
85.05573311
83.95336829
83.90935951
86.28364069
81.66543622
82.15976362
82.34650006
82.65424418
73.06225498
85.53282699
78.93922442
83.72290044
78.88277490
85.30696055
85.49289279
82.34869856
81.23672686
81.13922546
82.28062322
86.04286131
83.08594782
81.87037816
85.48477617
78.98535522
74.63883403
83.49052165
83.17857604
80.02286531
76.66601077
83.78031682
81.01654456
82.95361592
81.63539787
83.87580515
81.81788819
83.56587415
84.38273553
84.42067854
82.88156321
79.36972530
84.64721586
81.45603957
85.25125797
83.10103009
81.63528550
77.75347111
83.85044114
82.12669035
80.64428225
80.32065886
80.66559873
85.32897601
80.96434029
82.62355746
86.49509740
84.08701236
84.60467957
83.89097711
83.24984863
83.54417267
83.99467181
82.08166061
77.10126051
83.83498456
82.04695532
78.25569828
85.00906828
79.14560275
82.79817521
84.88226938
81.42985464
81.81196882
84.38700644
81.88690070
81.51673559
83.24526573
83.53252077
84.71334289
80.67507262
91.29399049
74.18124117
81.68161228
83.63840014
81.81424373
85.26699559
83.39061102
81.37709240
86.36817620
79.08285956
81.24881761
86.66026238
85.45734062
77.94355696
85.43453761
83.12304704
81.44422034
81.35242814
85.97315792
85.79926112
83.65034533
81.02906090
81.49943920
77.79035471
83.83611574
80.46479649
80.50157742
80.15729824
83.55045305
83.33248960
80.18595631
82.75713081
81.44060394
83.13302014
80.97443438
82.15802005
80.09093063
79.37030417
85.08513422
78.75870721
82.01978328
84.23578061
86.69442615
78.69675857
82.50300497
82.73317384
84.21081871
84.63607886
83.33006741
83.54014488
82.50629379
82.56096584
81.25595649
82.66162008
85.43363423
83.98200743
85.83087147
82.00889713
86.59411430
83.58466484
81.48830316
83.85814734
84.06228191
83.43237768
83.09912381
83.35238923
70.84674274
80.87489271
85.89759011
80.91751026
84.99660583
77.11497815
82.68367197
80.97352784
80.33126316
83.82972985
79.88031313
80.88435919
82.63191227
83.18142544
81.92536218
83.15660216
85.67373607
82.32063899
81.74483251
80.59170541
82.93172008
79.26406452
80.62469630
83.37803216
80.42405520
85.83644797
84.30048559
85.54566632
84.24416802
85.17528993
80.77170920
82.73296732
83.98276328
84.09691154
84.83058194
84.88939804
83.32889006
84.11840531
82.97214969
82.59274705
82.31927582
83.95206765
82.11943651
78.92153568
82.82574006
83.16025009
85.06552761
74.30029931
77.64335389
76.12213825
83.64445314
79.02598886
83.48907407
82.08181715
83.22356133
80.86584835
81.18026083
80.08240608
83.43141248
82.19580747
82.51876444
81.81731679
85.56546860
79.79338451
80.32032656
82.62906895
82.01530787
84.08267317
79.70332582
85.96497490
81.93108158
82.48123547
82.24545316
86.42846989
83.33442588
82.36136041
79.90917878
82.07241940
77.44533908
81.91693463
84.30820402
81.89623637
82.42971586
86.30775132
79.67133148
82.02756694
77.39638157
81.32728197
83.98135048
76.21088264
82.47028175
80.32410329
84.59168616
83.37497973
82.00101089
84.06115756
85.48991662
85.86058281
83.80288073
79.60804969
76.83879330
82.29749397
74.35864492
83.61047354
85.42692389
87.55604257
84.91343581
82.13333033
82.37421377
78.96536675
84.09655139
82.27643433
83.03853904
83.63978164
85.11365304
83.18405832
86.75099079
82.32968440
81.13342892
84.58461705
82.88417520
80.90313785
82.43308006
86.49040280
77.49967608
83.83070494
87.01744526
77.57818997
83.63575900
78.79797473
82.03072067
78.93870066
84.45095460
82.74407371
75.44776053
84.59802540
80.73579992
83.64585023
83.10949637
84.19179500
83.62832510
79.91032790
85.07516293
82.59535249
83.98508738
82.95415928
82.48956790
85.82901170
83.19627461
83.47388065
83.28001866
79.26174086
80.24915436
75.81439153
80.12643391
80.98017902
81.43309325
82.51971368
84.29409627
85.45671509
80.37203240
81.24193054
79.08593915
79.58202490
82.62681674
82.45215917
82.28908032
82.04337839
78.28912453
77.30228752
89.13307069
79.52310797
73.42651343
85.28250163
84.30622295
81.76736579
82.20932535
80.45454342
82.10050163
76.73671878
81.11031196
76.29104117
81.29600232
80.84962755
80.22427238
85.09500752
81.82610456
78.91943683
75.31390973
82.24141345
84.80013899
82.11454245
81.55578340
74.38823444
81.99672611
79.59931452
81.82966070
87.27368237
82.38084726
79.35041592
81.01298176
77.93058318
79.32584402
81.87304025
82.65855748
79.37945854
85.05101992
81.13600697
84.12122262
82.17961495
72.00460043
83.17295192
80.67090105
79.00806429
84.15420178
86.65383723
81.49457979
85.62107911
84.45802736
82.66955960
81.77152718
82.08586006
77.90362587
82.80857923
80.31466465
81.82383549
82.34864029
81.58165796
84.68164039
79.11765458
75.45049861
82.13923153
82.50966310
85.30602053
83.98227039
83.54457542
84.14345198
84.79889140
83.74276855
84.44900256
86.91583357
82.77272164
84.95931437
81.76846250
80.64695710
78.68975050
81.33521404
83.70302204
83.94558410
81.96784341
76.75629509
83.57243404
84.77662666
82.47954435
80.00422454
87.77175605
80.52573663
80.79951612
83.06937431
84.10854576
78.48535513
80.21596604
81.81866425
80.56991001
84.10532366
82.72678888
84.55157224
85.89162441
83.33324950
84.25627307
82.51538166
82.91286474
84.12484395
82.33689391
86.82535302
73.18999735
82.62226861
85.21449465
83.56791696
81.66134309
74.29152012
84.02651289
76.34588027
83.41163888
85.94838961
79.94152998
87.24423280
84.56888347
79.63390147
86.63101780
79.90311003
79.10350008
84.35085839
76.92677890
82.59386797
84.27798903
80.00487089
86.28703089
81.65511197
85.29210572
85.34484401
84.47180104
80.71000345
81.71346797
80.31388312
82.82265587
83.94423730
82.21082148
83.93357006
82.54716057
79.74110430
82.78860836
80.18679387
82.42124294
77.49166163
83.73391275
80.94257798
82.04478020
76.15480727
82.34671021
82.29689771
80.62286429
84.93159254
78.71996669
84.18301971
80.36166081
83.92515313
83.87373952
83.35990060
80.71914460
80.01994414
82.22003139
84.12016224
83.35894206
85.08636495
78.85939862
86.49714338
84.79833046
85.41525002
82.73440713
69.61177922
81.16924386
82.36308198
81.00533502
78.21463944
74.84695064
84.52817255
82.12880480
81.36320547
80.30285989
82.74477022
77.83886153
83.64122382
84.48899897
81.18610681
79.95690502
85.24945472
85.30748309
87.46553946
82.73137085
82.76235611
79.57426734
83.55896265
81.47154320
83.55872958
81.84885076
77.37409230
78.78420412
80.60145966
83.17201712
80.15483606
77.36450425
79.85861450
82.61692588
85.42960331
83.31783542
77.77241236
72.56998337
83.59740741
82.92839342
82.23621534
82.88078885
79.94119756
83.21265549
80.05798644
82.71610115
82.34026243
81.42621631
81.12955602
79.62234473
81.95343744
83.99867084
79.51343674
79.32670610
83.34431035
74.80894485
82.57338455
83.64608548
83.32422864
82.83026817
78.25504787
82.41859913
81.06401371
83.69113721
86.75248162
82.42064997
82.59320094
81.40564930
82.28454838
79.39737769
84.27705038
80.65744531
82.63051048
81.34625747
82.84894306
82.12623246
83.53416154
79.98504869
79.90095657
82.26822749
81.04528949
73.78548280
83.22956575
84.89755435
84.96821652
82.52137052
82.03777615
84.40646779
83.66722906
85.82002780
81.65453529
78.38507940
79.45714718
72.25463420
76.80246536
82.61863902
79.06532835
82.89955838
82.24152313
86.06383102
82.26262615
82.47652445
80.09846038
83.20251306
82.59460764
83.26268515
78.79678595
82.07873126
83.26387899
78.94688542
82.99341479
83.62439681
79.82905802
83.88744947
80.73194671
75.45451001
84.60648371
84.79819011
79.44100521
81.41662330
77.25421957
80.35013386
83.45295457
82.66631808
85.09259521
81.97361801
85.82127065
81.99152736
86.01265057
84.11691166
82.60845425
83.13433626
80.23600421
71.65113690
80.20146518
82.35111889
80.05200110
83.11542715
78.41103447
84.49118580
83.77035458
80.58833525
76.49359443
79.87180729
84.36069734
81.11401267
82.80323397
85.02756129
80.57330915
81.51366977
86.26387285
89.55225921
84.36919563
81.92996739
78.84972018
83.43199058
87.17957506
79.53577555
84.55286991
82.75163128
79.09142176
83.92034483
84.03811726
78.34165564
84.91928217
82.84337070
84.62428492
76.15317981
83.23850843
83.67879734
80.81476869
82.32527666
85.06701511
81.41303869
82.60777964
84.75930216
81.47933157
82.67737045
79.50169474
80.31567837
83.29587965
84.94852714
82.37141101
81.88989898
75.36859132
84.33726459
82.74368633
81.99602004
84.09963307
78.93646852
77.54117985
81.94306152
87.28506089
81.11692123
83.86635632
79.62346455
76.07627459
83.22341268
78.70587567
80.95013350
81.46587491
79.78394701
80.95845264
82.62829142
81.98377120
86.44359792
84.87451138
84.82057150
86.26822353
85.31295438
81.15317523
83.61796776
84.41300298
71.81248264
82.47110691
78.28093693
81.74499392
84.53866265
82.11540498
87.23816706
77.02371468
83.42788492
84.52144345
82.49102677
81.88726461
82.55291742
83.41816290
83.96047101
76.18642261
79.12992205
81.96946563
81.50338155
84.38316542
85.26343760
80.57815802
87.06168954
77.16952424
83.16431845
84.08160275
81.44927739
82.91023820
83.30009248
83.17991153
84.49704887
79.79440385
83.64387496
81.52898653
78.27330219
83.00939543
85.20810514
83.36940217
77.80310477
81.81193099
81.60287119
82.79568696
83.72725732
85.49206054
81.78652279
84.59613528
81.54051781
83.63497006
83.56066024
76.13856164
82.83357814
83.16592444
73.94582516
81.40763022
81.04293489
83.96207072
84.14390691
82.61722891
80.82890215
81.07750987
79.45419944
81.39624631
84.12595771
82.74376714
75.67030789
82.80085735
82.78065573
84.32076089
84.81069280
81.44778798
81.69145395
83.83364186
79.95465803
85.37713534
84.96832755
80.98256510
73.48955113
80.43969661
83.89163538
85.29601928
84.88927189
83.84934488
82.50949927
77.80042382
77.58386521
82.31198609
83.49981934
81.95096617
79.84168703
84.76489922
82.39345179
81.70267639
82.15363881
86.32833145
79.11784322
75.22208654
82.19831491
82.43851777
83.22363722
84.34374711
82.39577903
82.37563178
84.69552774
72.98414166
82.90150599
80.70456218
80.47747530
80.96763058
80.92567193
84.46536972
84.95671935
80.71108321
83.97576403
83.28166963
74.10997344
80.13661762
84.60714600
83.13521207
83.31155307
84.86812561
80.62013450
80.52536433
79.86816248
81.83107959
86.96643076
82.19752439
82.12020672
85.02789426
81.55470052
83.82843940
81.83902448
80.13270646
79.15077557
84.61112443
83.13302014
80.23026128
78.07145978
77.10395719
79.25950433
77.63991971
82.96584644
83.84064467
75.93257616
84.99615245
86.69848313
81.90013195
85.09958097
84.38865153
74.29761637
86.03020445
81.51187212
80.52718488
83.54206857
81.70198090
84.90344245
81.31573881
75.97212702
87.53404308
84.03325576
84.35210183
74.84529146
80.90069653
85.39089501
79.96301907
76.37127245
82.12025473
79.69011504
81.28081074
85.71259433
80.80200396
84.63400815
79.11906412
79.98746600
78.60968911
83.44327782
81.59065924
81.56860755
82.63251029
83.38750677
86.62334756
84.98820439
82.33687849
85.18539995
76.92992902
76.56033849
82.93630906
83.79885996
84.29198036
76.79132883
81.75675904
79.72463254
84.99415638
85.09195860
79.70040459
83.48103227
83.92929432
79.79907588
83.52316330
87.21340825
80.57341869
72.34204113
84.10908462
80.06039366
80.85482452
84.59186489
81.71205150
78.59733370
80.88773773
85.44248180
81.18913468
79.70821565
83.81762241
80.64390021
84.25186432
81.21696977
80.66365250
82.39612636
73.17936527
82.04754508
83.35484717
78.53406246
75.06222435
84.88790023
84.42279477
84.38466760
85.42733260
83.00206667
80.77856249
83.03144708
85.02745176
78.91203791
74.83324929
81.82125614
84.26917765
87.37544281
84.09180481
82.25332507
84.63281231
81.87338090
82.90678028
83.92004456
81.58936220
84.16957872
84.88317489
83.21007642
81.32143081
84.04476235
81.16603608
83.41939781
81.83431376
82.23671544
81.16965550
81.92502188
88.11460006
76.49135057
84.07569603
84.39591394
76.61143223
77.94487412
82.86984691
85.36175125
83.19359999
81.65595101
83.67306086
83.17166633
80.65826786
78.34320830
82.07405632
79.51335603
83.64527229
84.66252481
81.05099475
85.10927520
84.68006031
78.11568801
83.02373823
85.68820358
84.83301398
83.25595646
85.02500241
79.60932455
85.00608208
84.60466931
81.16354647
85.93928701
81.15577601
81.18745847
81.22544595
82.68730089
82.40432697
80.94263231
82.04285142
81.23288219
79.12380425
83.54651953
79.89685959
82.09145055
82.97900402
80.64570271
85.16278230
82.69459232
84.93059485
82.72150060
80.60477181
73.42020670
82.92340074
81.38112209
86.38804384
81.89983294
81.26348613
84.73050640
78.57710526
81.66175264
81.65326679
80.81028794
80.25896103
86.54933132
81.12853914
76.85015383
84.26359350
84.03636525
83.83617648
77.96920884
83.19963260
86.02941685
84.21499692
84.38329527
81.44555635
83.66363567
81.16636142
84.01562220
84.33715468
84.15597508
86.22927788
81.01983055
80.21798270
84.33087001
79.71917906
86.44211833
84.01549209
84.25169955
82.49666251
86.22693631
84.80585323
84.31260151
82.51584074
79.83079437
83.18878685
85.21817521
84.22755041
78.07567182
83.71750742
81.36851767
80.98840306
84.49682101
84.38922348
73.28202146
81.53434696
84.20931235
83.78005194
82.45967916
82.35845065
81.83648443
85.48735853
82.15560368
76.49512334
76.69413090
84.23549541
80.50961967
84.87425813
85.64911375
82.10620487
85.28146557
86.27640395
82.65087453
71.26139078
84.01890812
82.49421254
79.34682526
82.30126831
74.81679262
83.68453621
78.65913322
81.87890559
79.91023111
81.83922504
84.86735161
81.70135959
85.17584872
82.79384718
78.38920011
82.73173603
80.03819005
83.39724382
82.23448235
84.00789340
83.53773980
78.16946261
81.54167692
85.50100420
85.15958987
83.01254849
78.67844893
84.23349202
82.21657699
80.39552390
83.86112370
84.14404839
81.99260289
84.64311393
81.92199183
75.67760558
77.13929073
82.08734226
78.77519427
83.73693456
83.10086923
79.51468331
82.62408977
81.63049682
79.40305663
81.98154917
82.42508399
82.56150904
81.29667415
84.40234149
83.95180381
85.50439192
82.30390532
80.29723573
82.24528153
83.19413019
82.73536001
78.53344549
82.99430066
83.83823079
82.18744647
82.60117724
77.84532139
78.07540976
83.42943236
83.04162568
83.66125066
78.96985966
85.00442127
80.45389057
84.77156233
79.50216079
82.81499257
81.82971700
83.05260283
83.76916432
83.49494500
85.67413742
84.25830843
83.34948728
83.19254096
83.36860994
85.76627323
84.36479248
80.20059222
81.10943733
83.02442331
78.98658227
84.30083994
81.00204604
76.25391409
83.83663070
82.80907375
85.64041046
86.33100070
83.84924774
83.56090186
84.40755165
82.20296412
85.18823904
85.19545590
80.09642414
82.95558857
83.80104014
83.84338976
83.84609014
84.04220110
82.64753526
82.76581638
82.08922473
86.27407518
85.55157514
81.59112601
76.42192991
85.29007844
77.12374150
87.18089280
81.70276186
82.97026755
79.86142816
78.25386566
82.49532554
80.54635385
72.47001264
79.20091256
79.40367598
81.45151855
82.33128640
76.55637368
83.00098129
82.59685797
84.16467729
81.37153460
82.70675913
81.89186769
83.14801179
84.35195706
83.57989247
82.69946979
80.12640705
83.02528245
71.38131463
84.45525521
81.58965185
82.35319608
80.03183376
76.99358174
82.12500988
86.89844233
82.80944675
81.34406416
81.91526792
83.56877216
78.79143607
79.76695652
83.96532371
84.04205591
84.42443538
84.89773020
81.98585921
82.70448554
83.86770633
84.88902508
84.28238310
83.63291241
82.59634621
82.41112782
84.47127746
70.65548536
80.94757864
83.38373960
77.54719302
73.32556734
82.80127261
80.64066268
84.49664346
78.77706878
83.87982478
78.10011975
72.95391989
85.60437949
81.55106624
83.26040520
84.41860953
78.68596041
83.96022315
81.41791428
81.83960056
85.66818125
84.92323985
83.80096442
82.00502230
84.37655521
83.17036722
80.09060961
76.32573024
80.96013981
80.41282991
83.82052606
81.71251186
77.02206015
84.64818260
83.24493635
81.66577971
82.98027370
89.93539593
83.21543052
80.58426000
83.29164691
82.31905543
81.99232149
84.02938815
83.20659473
75.47513009
77.20027881
83.25470546
80.42110149
80.25966326
82.84142431
83.99397490
82.76044770
80.07065672
79.26408556
82.78948288
87.38702585
81.14553392
83.40711782
77.37739532
79.21208721
76.00154568
78.47833082
74.87680618
81.35402312
85.41523367
82.67837857
82.59423404
84.61447154
80.25690853
84.32998716
84.95942759
85.87032917
85.82957096
81.59796620
84.91654529
84.04469440
83.20442943
82.37388883
85.01298756
84.16004585
82.89870915
83.04564502
81.69400251
82.37388883
84.32752069
85.27654616
83.26358887
79.10222855
77.21503280
81.97040601
81.24514152
83.50418157
84.45231147
79.95300308
85.13727984
80.39927251
80.89433224
86.78585677
81.58849814
85.32078872
82.87718189
83.62545023
82.95125723
83.43242545
83.38096809
82.56306852
79.26316014
85.62135246
83.12733195
78.44903915
81.49166871
85.72831106
79.03301403
83.19770001
78.42849923
83.76084491
83.63655183
81.53721810
84.04179341
82.49868891
85.28832248
79.29502369
74.46265243
76.68595461
81.64292617
81.34687501
82.60556165
85.08334338
82.55157699
77.73331677
82.15835557
75.26403820
78.11641996
83.13124355
82.02044015
80.86838257
83.47195440
86.47444201
81.12550115
85.04594130
80.40435107
80.61078640
78.70958269
82.20370164
80.75892298
81.62348445
79.20737344
80.14742061
82.66486926
81.58173761
89.38112117
82.15575830
80.11866060
82.48324242
81.52752797
86.65819048
82.31316344
81.59574974
78.86979058
87.26173058
77.01648920
82.71927742
83.81055903
72.68744500
83.52382058
80.43686499
81.73307055
82.54289634
79.50593013
82.93817485
82.81638590
87.24707924
83.81034288
86.45297186
81.70754299
75.65766135
83.93114454
84.85488540
80.87518867
82.02746460
79.89308709
81.75899720
82.47932714
82.34606184
85.67744344
82.40659870
84.56558380
86.43707244
80.73266243
76.33248628
74.92847538
85.48508531
85.50098877
84.17397743
81.70239144
79.37912490
78.68750090
83.45547530
81.49607918
80.87478101
84.49452586
82.26105433
83.59002782
83.15368908
86.18851893
80.85970655
84.31280368
83.16798042
80.04860947
84.63911746
74.45880467
83.43645285
86.52493120
80.18358248
80.53957227
85.57945189
79.08607392
79.66943506
76.79002777
79.81261456
82.84796017
86.67299817
77.50801527
75.57045789
81.62277261
85.41673085
75.83086768
84.16150451
82.60400119
84.10378992
86.37802113
84.32298561
82.19416051
83.49755030
83.41867938
79.71645792
87.10575995
80.42694623
83.78820658
84.16823365
80.35794077
83.52514548
83.68673549
83.23501377
82.89109778
85.69335925
80.60319127
81.99993170
81.55868947
82.59015898
80.31206773
84.92191309
86.31248938
79.30099367
85.69960963
75.76552763
83.81060999
80.95931048
82.68204904
82.58182443
81.32660531
82.09639755
81.48174882
82.76052487
82.85795301
82.37513569
84.72404868
79.37929906
84.32908895
81.13648425
76.70208972
84.76660262
79.99104824
84.59014735
76.81099413
76.05162487
83.32053776
82.33679945
77.15603110
83.29377516
81.97527813
82.11658029
82.84402154
85.56273874
84.78025469
82.43626602
81.24451864
78.37036723
82.50189040
82.19792229
82.21803306
86.15554147
81.78410517
84.12185895
81.59341964
83.80944334
86.15631104
82.23820848
82.50118808
81.63381111
85.20985047
84.09358732
80.67197376
78.74155092
85.73318892
81.45419558
81.11547287
86.45568450
86.23520433
84.88147243
84.57559613
83.39397138
83.22266104
86.95466093
85.98657615
84.24530990
84.92180706
80.07251929
83.81261265
82.39585158
84.02646294
85.19206646
74.35654547
83.27712377
84.37060012
83.97453003
80.70969916
76.60367989
88.51737442
85.35938246
79.96835479
82.62089301
76.63192710
82.35341378
89.26922133
79.71400645
83.02417234
81.15935859
81.32031533
80.81821864
82.81661849
83.12553574
82.67167843
83.57379273
80.57429602
81.53183643
87.20060328
81.67205222
78.50075484
86.05577788
82.13829912
81.02780793
84.46024041
75.91807229
85.42349287
72.63803891
79.99397657
82.77308888
86.90917429
84.35248428
82.76909060
83.08270768
77.61248370
75.87084046
80.95678717
77.90651496
82.93056017
85.29518855
83.29207027
86.06457072
77.31134007
84.57689121
81.82871579
79.41275138
80.53461297
82.25691442
80.84626636
84.22994799
82.94906283
83.54148757
80.49713252
86.08467552
81.67717131
78.42205619
80.51221052
77.60270000
76.17582606
83.85701243
88.60839280
82.58934040
79.25943908
85.82202275
83.52185142
75.79116043
82.33598342
76.71102421
83.60076785
82.60986252
84.96467300
83.97019748
78.19885484
81.74153710
83.30009248
78.36280416
86.54609075
84.97854650
83.15973426
72.79763160
80.23908394
84.04704218
84.08133259
77.48571183
81.50464475
79.54844377
83.06929799
78.47344598
85.20508797
84.24671540
71.29012901
84.79678376
80.08042318
80.60635313
81.56596678
85.50182965
80.54506918
84.98017893
83.94287046
73.44517260
83.87520041
78.40512603
78.86625955
82.74732316
81.12599819
82.01787726
85.01858281
79.78608947
83.11391811
85.44682304
82.20131289
82.48714566
82.57448768
82.74963037
86.00522847
78.29582681
86.10386790
80.18744236
79.41565030
85.13787565
81.83916412
82.98693985
84.16338619
83.37647656
84.38295052
85.79348635
78.78261541
84.07600305
82.16013667
83.94114873
77.44292184
79.42483082
82.39518451
80.07202156
85.36543794
85.29565642
82.57751797
80.08633295
74.46524305
82.27893139
83.04860681
79.79225653
84.77967962
82.76917590
82.23888997
86.63676511
85.51800055
82.99756753
79.53326884
81.21887349
85.41489618
85.49031520
81.17285189
79.55431438
80.40604151
82.35658013
84.12319958
81.20081872
82.12208216
81.18111731
81.27889715
76.19783345
82.00692088
84.06776971
81.50646367
75.63104150
77.68378359
81.52533816
82.88542678
82.67734357
82.38229533
83.41646095
83.04299393
82.08082256
84.91820582
84.70240489
83.49703142
83.96855330
82.39206944
79.88275907
82.20428092
80.93858983
76.33473690
82.05964523
82.72090712
85.61567638
77.69407886
87.56664511
81.96776809
84.07036899
82.59283136
84.10876101
78.99136814
78.38099014
84.02648805
85.14827665
79.98068706
74.85042030
80.63126298
82.90198636
79.53095057
83.75329969
81.64854469
81.83441842
80.87528760
81.56201130
85.89477868
85.07597878
86.16045366
83.84042350
82.88507042
79.43169537
71.01574221
83.71188310
83.65610454
85.01849218
82.39151276
81.56162262
80.53910042
83.86762206
78.69549950
82.60985442
87.28146971
80.71136355
84.19601059
82.58753490
75.80539705
84.34211535
82.69469068
83.81347376
83.17557355
81.61773234
78.80316921
81.42581296
83.67265086
83.38070920
82.61119240
83.50751604
82.24954400
82.27278114
82.48324242
82.42404314
80.31320797
81.69775188
80.88961302
81.29090716
87.99850103
84.38836334
87.07159448
84.26202713
83.06142889
77.74825318
75.12505494
87.30894945
85.05842288
81.05276535
77.79722508
83.96123823
82.58870267
81.70793340
78.56898944
81.78775364
84.13631740
82.35729273
82.92408857
82.92386080
80.65869620
81.36824704
85.74710689
85.40306712
84.44057401
80.68387494
80.04616209
79.12311115
82.53580359
80.01533052
81.79398395
84.07026923
83.44648766
83.78911729
81.43272187
84.04269210
81.12369693
84.22481996
83.20364937
78.38058065
85.15474735
82.34088235
86.55750926
82.01337312
81.86138502
83.12338316
83.05750172
81.91670072
84.44149160
76.13306488
80.90869713
78.16697187
84.24992465
82.19449382
79.48202142
83.96351049
78.93337823
82.61857936
75.66014084
79.74914366
82.65936407
88.48997637
81.63498562
81.61166674
79.87164823
80.91492847
85.71313105
83.94457216
81.31910984
83.42611099
81.15235086
81.01618678
80.68575052
84.83941877
84.74039869
83.72461778
82.15556046
77.91947003
84.04172044
83.05903645
84.08779497
81.78214853
81.73574064
84.00350461
80.97591711
80.18443296
83.32133641
81.61032249
85.97343407
81.94027595
81.04391378
78.69171952
79.01516078
82.74920534
81.96700195
80.80105491
83.38328685
85.44350931
84.11368676
83.44695698
84.90838696
86.98568875
76.69575040
82.42280054
80.24862707
76.14086100
79.51823108
81.65980338
83.62902670
81.55433839
75.21210893
80.23026128
81.71392802
84.48305968
83.73733697
82.77945630
85.84314111
80.49925221
77.21037020
83.64213554
85.38126406
80.81830334
84.09188460
83.53141858
84.93484734
83.32279024
79.01163236
84.70755866
82.41930345
79.43321732
79.75217039
85.03570459
84.62000115
79.15820238
83.17598663
80.64981626
83.51911264
85.20413629
81.80522835
82.23946550
84.07350987
82.21313888
85.14143052
80.77703985
81.69413780
83.61431654
82.87650416
84.75826985
85.69581576
81.45865351
83.34529979
84.76499144
83.17818889
83.08002201
83.62243517
80.81451554
78.47816991
72.81775017
79.99725564
81.77935793
74.56415703
82.30834774
84.40900067
84.81430923
82.91734554
83.03533309
77.29458342
83.91677395
82.64912092
84.79021623
86.66008489
85.77437564
83.50843138
86.16038991
80.53855086
83.83174257
78.89218924
84.17833172
81.63381111
80.60290464
76.99669131
75.62229040
79.07208659
83.47347281
83.10447344
80.63752552
83.26197551
82.12711618
83.11336538
84.67537258
82.78508067
83.48503143
87.18109531
87.16301576
76.75643051
80.89734127
79.02245471
76.28165361
79.57005673
81.04221171
84.69971929
82.56552692
83.45017966
75.43435364
81.78191380
83.08509741
80.83100485
81.13380204
82.20534479
85.75224589
80.17255361
78.66069645
80.95595893
82.51843244
73.56549514
82.61604625
84.66738967
86.12873550
82.82765428
83.86608413
83.99045148
83.79610539
85.62130354
85.05279257
84.01750594
77.68326646
82.36498876
84.75261351
89.18149243
72.89643337
82.97196149
85.84129688
81.94416190
82.81920132
75.59719154
81.74955213
84.19317264
84.48475196
88.36051064
82.64203881
81.03964859
81.96968398
79.68104748
78.80665882
77.67430756
82.26145970
75.59753620
80.70856361
81.87822575
76.61275042
81.69317005
80.33412119
84.02808385
82.75400078
86.12066570
83.53212176
81.66173323
86.80840064
82.76197367
82.68153231
83.79344155
81.15178867
84.74453353
82.76538023
79.74897013
80.99781754
84.68616988
83.08356990
84.04026070
80.68042010
82.33931328
82.02106806
86.47145509
80.57655355
85.41730999
82.43465962
82.97252729
83.41460796
76.06864928
84.47251222
80.93361450
75.22730526
84.45731225
74.50019149
85.11816873
82.57377232
80.57173617
76.95007476
79.01044531
79.84623004
75.88748938
83.67847493
85.15689701
82.87294582
83.59010108
83.59329143
82.22196518
79.67432343
84.96444928
84.22757910
83.04326900
82.12009005
79.32312744
86.44445449
71.53364075
82.56259486
83.32569680
79.66680832
84.27537011
81.61629716
80.53187445
82.67045402
82.06296444
82.19416567
80.51224610
84.81593563
80.40472370
78.17071308
79.13924885
78.18431721
81.81777808
79.86853350
87.65738290
83.25023965
74.53701669
82.36413431
80.27503652
76.37742050
80.20432877
77.57273004
84.61826673
82.74296757
76.74113827
83.87158695
81.04484246
85.68549601
81.09646872
81.04349359
77.38725655
80.99029395
83.46290912
82.26324068
82.75416192
86.46955817
81.49624244
73.24189113
82.14129542
82.41346703
84.81181815
82.54248316
84.38312410
82.48603822
82.95038058
82.35586702
85.55170781
81.76401890
82.82834279
78.43596266
85.02970502
82.36823554
82.87466491
83.46928872
79.78904016
75.14725460
80.79913384
84.55117795
80.17677359
82.38315662
81.77078886
83.13959300
82.53440621
81.30022677
82.57231144
82.93720346
83.53545418
83.96611635
87.42600840
80.64524622
85.71574124
85.15484240
83.41329319
84.73841963
83.00919492
82.75058445
83.41302612
83.66867221
82.67318857
83.56693352
83.58662382
85.49253790
72.49597255
79.98635641
80.79222252
82.74770277
78.90531330
84.75400121
80.36898298
83.09180228
81.77252382
82.35738870
84.08722462
82.96328000
81.19164884
81.40667396
82.84368644
81.40966712
76.75764697
80.19827220
81.01247745
83.89169769
86.91968809
84.30821645
80.84843789
83.34555807
75.08796974
82.37940852
83.89087161
83.85202337
82.76401596
84.14313110
83.63418498
82.97553819
82.51313713
82.12595749
81.60840723
86.07477318
83.98047106
83.26294070
81.94343082
85.68588412
83.78277636
85.40666236
78.32314856
84.98192230
83.25763688
80.46572524
80.82214938
83.69070483
80.86733007
81.36676675
80.93001859
80.82165556
86.09023583
84.87510695
81.18184182
82.61958487
83.87283052
81.69450819
83.07532481
84.26159123
85.20580546
79.13756369
82.29852638
83.26308612
79.10073475
84.26747849
80.79415109
83.88223210
75.61345812
79.02006046
86.33766189
83.34323159
80.49322015
83.40421411
82.86638711
82.81777355
85.73290200
77.56704108
82.17160590
82.57193531
83.78250291
83.36500829
79.87786753
81.54243734
85.94448365
83.69956540
82.25235404
84.53037112
82.57266481
84.95718772
82.82609407
83.23781400
81.72044196
81.67107785
82.20810948
86.31273548
83.64854514
83.49868967
85.09737713
82.57320483
81.52275801
82.32071349
85.19299929
84.60554661
75.47335979
83.65703991
82.35801453
81.85924460
85.05878482
81.96141711
78.97562005
82.60931850
84.87625587
85.10245319
82.56877643
71.68243850
83.70094486
75.87046912
84.50770988
83.41584503
83.67405759
82.65801012
77.82653531
78.10768524
79.44210920
77.35775526
82.25970825
75.05110777
81.89994948
81.28196289
81.22731510
84.19454876
83.70035618
81.70198090
83.26350415
80.08946501
83.86011329
85.29060648
81.52953914
84.40089899
83.12551141
78.76551461
82.31281738
82.99819183
84.38736073
83.14659716
78.44376314
81.86661732
84.55755206
83.33410151
78.34470893
83.78148876
82.27981656
78.09718812
81.85760574
82.20462197
75.70563072
78.61468231
81.65072373
86.69995703
81.19769917
86.16288847
79.06810559
76.70356256
83.06542341
77.78004945
79.98050871
84.39744930
84.70377655
84.97504250
83.67108833
79.14984747
84.60702268
84.10261687
84.35299114
79.76892269
86.72509781
84.03383584
81.78789008
84.08535502
86.36873387
81.35410683
81.49077623
81.68684117
79.91660037
81.01586636
84.24572537
75.90530980
80.54710410
83.47604480
79.14051505
85.39160786
78.73495941
84.48236209
82.97921588
81.18161816
74.95155904
82.71548106
81.45686551
82.81442723
85.90511773
80.19179919
79.23110683
85.31847932
81.43998757
81.00453513
83.33991273
83.42245135
83.21886855
80.64606580
83.70829815
83.18828461
86.08387682
84.19466408
82.29919245
82.40486994
83.47003886
81.58124066
77.68148565
71.81979346
82.72014337
77.37150230
83.28339445
78.09164738
83.36280403
83.20396282
78.37189224
80.80142777
85.00913572
79.38971450
79.79423880
84.23357103
84.80503806
83.04551922
74.89612469
83.11414650
81.25443260
86.69879476
85.23734325
82.58348054
82.89206682
83.90368954
84.12364252
80.43913773
83.07035087
82.89127593
83.20501588
83.99742709
82.26663514
84.33472678
82.30239676
82.76294258
83.81851667
84.18088591
84.67451371
81.15297113
81.52085655
76.29597737
77.22234070
82.05328706
82.53674852
77.45486243
78.66114663
78.61932154
84.40307362
85.11875183
71.67982101
78.13589382
84.89447787
83.85452800
84.20276698
82.65656631
80.96094089
84.45791893
82.36878863
81.18372738
73.92457606
85.93524712
81.78601962
83.45874341
82.56801037
81.36798594
81.90230229
83.06171305
80.00730313
73.25375681
84.99999106
85.34796265
82.45977325
83.93225648
81.43638655
83.25917121
83.74575789
83.35973938
80.56318642
81.42881673
83.96409029
84.46014213
83.13435264
83.56199981
81.50223748
85.93312155
80.69718730
79.31767846
79.97762677
82.59956863
82.82523377
82.35338374
81.44584529
80.27905282
81.05599499
83.42453056
86.06568298
73.86467033
81.06987281
84.16118561
84.46608347
84.86786779
82.46001545
75.84599132
76.14764931
84.03847433
81.72533493
81.16376147
83.56270716
85.45896955
73.16883098
84.23487993
83.17151633
80.89395098
84.11024968
84.56700795
84.16564852
81.74700868
81.99994407
82.29661026
81.38959492
84.64131316
76.27187968
85.31839398
82.52607781
82.23236456
87.42217480
81.23314792
78.13498497
84.26129852
80.25745434
86.12117753
80.98436507
75.33258086
85.69918866
77.52433557
83.10209150
82.55516056
83.04713824
85.11841880
81.72766167
76.37405466
85.85446488
80.00532785
83.53442279
83.62811419
80.69779468
80.54884407
82.84976174
81.21013730
82.75299372
81.51958557
82.02562061
81.19069200
83.09867697
79.31767846
82.81119595
85.10624057
81.68302492
81.63215654
83.40273170
78.92601980
82.88352797
71.35065457
81.00028052
81.45568263
83.18377849
82.02236642
80.56021054
82.94351250
82.49790138
82.71651274
79.20349866
71.57474881
82.06285283
73.66297702
83.89164883
84.26254199
74.04320505
83.22987053
85.92236970
83.60861317
81.66885006
85.55142229
84.88790383
82.80720460
83.38957433
84.86381831
83.75198590
81.31002408
73.10929435
80.61247619
82.88097937
82.62679994
83.49124180
86.25271167
83.22702607
81.26355555
81.01138960
82.04877046
80.99094183
84.14482171
79.67462472
80.80229913
83.80760731
81.12680126
82.54264716
85.84506542
84.50871691
82.88224505
83.86757495
82.23087061
74.95313990
81.98035429
78.89728721
86.06988927
78.87234073
80.20044197
87.76799303
84.12440234
82.52962797
73.93899155
76.65693807
83.50596435
69.95004560
80.47321935
76.58246081
82.29130268
79.14512972
81.08245642
81.82023090
85.79657786
80.79605331
83.54809148
77.80215721
83.46814749
82.45913509
82.46957275
79.44979721
84.37853957
85.43267027
73.86797715
83.50371144
83.98645506
85.02154812
81.37230125
72.31866222
82.97987170
77.61064667
82.01787726
82.96381238
84.52965972
83.70940116
85.54914960
78.35758081
82.64694209
78.51573244
84.92761904
84.19565132
79.98512062
78.47578082
81.93718079
83.24855762
73.61324690
81.30702925
82.13155952
87.41752998
86.84303566
81.17380029
77.60871962
83.17361460
80.74787995
80.55690090
72.97663596
82.08613678
69.49271179
85.84676394
81.56923585
77.86216599
79.84233607
80.05561651
82.07981325
74.29810433
81.46100957
80.34701289
77.99345533
75.06673441
82.31763914
83.98263251
83.02125431
84.44189945
81.72251831
82.89958278
76.99413003
80.02266692
79.65314685
81.54197714
80.22338041
85.92794498
86.19351445
82.60331935
80.91924192
84.55439425
85.60167728
87.58040057
83.67523780
85.32188614
74.36759246
75.65145906
85.59610616
83.09756184
79.67133148
82.91145675
83.48420661
80.14007740
85.96979279
83.95737936
86.08843699
85.45701702
83.48593996
83.80607475
85.22934422
84.35064873
84.30901008
76.17119432
79.83288319
82.14806278
84.04233378
78.15655107
83.62445731
79.62878992
85.62678511
86.33100070
81.35597739
82.66067829
76.30462412
83.79979310
81.49994597
76.21344989
87.35432309
84.45479282
81.99392527
83.09509643
86.41579306
83.27344712
83.72023913
73.47197419
83.51456486
80.07521985
83.83934706
78.70133144
84.27174270
73.93879342
79.13401243
85.83622528
80.73230646
81.92837816
79.62212923
78.77209377
82.54603830
80.81753729
86.15710278
82.90629607
76.29611345
84.23091603
85.70241237
81.40831294
85.58224264
86.42265006
83.80843401
80.19625998
85.13376661
80.19636664
78.59297614
85.81864059
79.72794503
83.12371027
82.27083652
82.54220335
83.66955427
84.14064994
78.60471030
84.52600029
84.29666513
83.67421233
83.57922021
73.34628937
84.92632317
78.57230105
85.36568158
85.62638634
82.15223978
83.22861105
82.32154404
84.10939977
84.93216856
82.84165573
82.22916090
87.13010274
83.52478550
79.02351179
83.83261126
84.47876098
84.81031211
82.52537913
79.05322771
85.15972893
81.52683124
81.84810422
81.34131465
84.08620396
76.20195875
83.76034054
81.80476593
80.26302298
85.61539403
84.78701945
84.20708467
82.39406392
84.29439407
83.60237348
85.32077490
84.14519807
80.36507584
84.01562220
82.15935075
79.20412893
82.11865497
86.72107327
80.52151083
82.79180086
82.06389290
84.91165806
83.00685626
82.93831042
83.51430806
83.16003178
83.22381493
83.85373258
83.48137482
79.16158293
83.68813258
83.12126320
82.50492269
74.93238062
85.72163285
86.29240742
82.49382006
81.14208649
83.39524986
81.28818432
83.42193878
84.42193036
79.47717592
82.61193022
74.58120036
88.19333547
81.65694783
80.86284593
82.70193804
79.91831071
83.67352807
85.19130398
74.03542731
85.72871163
82.19670212
85.11115064
82.52743034
80.27826477
83.86432921
83.40246951
83.47120159
84.06112053
86.21414851
82.29949368
84.84926714
79.95649696
85.44201460
81.83324766
83.14262456
83.10143502
81.91384927
78.55758958
82.15556046
80.78300621
82.75780464
85.24819755
82.13426196
83.79610539
84.04644361
86.98848437
80.03768201
76.17830453
87.40698563
84.21082959
82.99654608
86.55708326
80.83804239
82.22231826
86.76182992
86.54700048
83.44794103
76.76146255
80.82664271
74.74965550
78.35335115
83.28842313
81.05991767
84.18371307
82.26145970
81.90708253
84.88078273
82.14641000
83.49416568
83.56834202
80.36772250
83.51295141
82.84598022
81.25095230
80.16170249
83.55212742
83.71084260
79.64167230
82.20659436
87.88213108
76.44537971
83.05522544
82.57226996
82.47023367
75.13495101
77.46551267
81.58902792
81.71646319
86.18188715
85.67176932
85.46633067
84.39644351
79.69998508
85.59336776
84.80400541
83.94461280
82.94623112
83.45714067
81.57646428
85.51527724
82.83546374
84.14172343
83.64749543
81.00401833
80.53070067
85.20535901
83.92547828
82.65017707
83.93164615
82.28552404
81.06607014
80.04967774
81.23410715
83.85629735
76.75718262
82.42696074
83.87435354
81.75905214
84.68216330
80.89851313
82.00824885
82.30572409
83.50006804
83.16022258
87.38244553
83.76075894
82.72202325
81.24513192
80.39936204
84.05544807
79.81300694
81.66640637
75.29485989
82.31610841
77.92316185
82.10797366
84.32276154
84.92385675
87.63541755
76.51522339
82.69764141
77.68086750
85.65169743
82.61994231
83.11086907
85.18450465
84.53104088
84.15606381
84.75387233
86.70721007
82.52281612
82.55461494
81.59419830
84.78329643
81.21712658
80.43509804
73.75818152
83.61875939
82.66998373
84.62974223
76.59144938
82.61306588
82.66633148
85.27786630
82.44131052
80.04874937
83.08638615
81.17337910
83.00763459
84.77822508
72.04327909
83.62366381
77.17927440
82.91308966
82.36733253
82.27533693
84.62443213
85.64072390
81.57629772
84.61869765
84.70398357
81.18246862
80.56081919
76.57127023
78.61787971
82.25518843
82.69499746
78.14737316
87.66391440
80.53741166
82.38432231
83.32720337
75.97959649
83.55173126
83.72867506
82.88883584
79.39139094
88.36986546
83.93928063
85.52405017
85.37908148
72.16235148
83.22818927
82.81822980
74.50013192
81.12941753
78.83591096
80.71270879
84.62433522
85.41833657
84.01682507
83.44274326
92.23173759
81.78695353
84.28906471
82.08381205
85.14661167
84.08839851
85.43551107
73.16018789
82.62170184
83.89773615
77.07228116
82.25553048
80.17087897
82.93195301
85.26614340
84.70524246
75.93162203
80.76444725
82.84716299
83.39456169
80.34387242
81.96669265
80.14251459
76.55090639
82.06546540
84.69016162
81.78854159
84.34233987
81.66184246
82.65281415
79.78442584
75.40845439
83.35109288
82.90949769
83.01147568
83.92662967
80.25167762
81.62642875
87.74615832
82.05890839
85.02295817
78.86301188
78.52841572
81.06796753
86.06018135
82.02174006
83.17382841
84.83867968
82.30730076
72.05542514
84.33604202
82.94773254
77.05699720
83.84357423
77.45437070
82.28732801
80.45359655
78.78374210
80.75809828
78.60246256
85.56265586
82.53493073
84.19047687
84.46225094
85.27910487
82.53376528
78.58550332
76.81861096
83.15449926
82.57654050
85.57945189
81.89461910
81.56343431
79.22340100
78.97365352
73.27146492
81.78813512
85.29821372
84.04750569
80.64878761
86.54165224
81.01615100
79.37510005
74.29519003
83.77615219
80.51890090
83.77167359
80.60003255
84.11750528
81.20418511
84.05281896
81.56341041
84.83955288
83.41225093
78.31790491
79.91355659
85.68266441
84.30336418
81.64379494
85.09044583
86.24819992
75.62273969
85.19717080
76.80624237
84.73555334
84.64923757
78.86728987
87.80044022
80.86749462
84.14802150
82.71454836
84.56380310
83.36010728
81.40653294
83.24156508
83.42633792
73.79044038
77.81089706
84.03095647
82.48475456
81.96593146
74.60845170
80.13359548
84.13777532
78.66581286
82.51286427
82.91012649
89.02569154
84.56798888
82.51237985
81.50480221
82.59919872
79.26723399
72.38512476
84.01913783
79.74936091
73.44130077
83.96219909
84.76914619
85.03216103
83.69054990
82.16827131
81.16164424
83.95729097
76.61992408
81.19596690
80.54751361
81.19187032
83.22089503
83.29158193
84.45699872
82.89973557
84.82468677
85.03531651
75.94541057
85.45183102
77.46609148
83.78998925
81.05445860
82.94579694
80.41086259
83.90794741
82.83347987
78.41083912
85.46967838
85.16141997
82.04656453
83.87130190
82.94790507
81.73763586
84.87216454
85.66543218
79.62588987
83.50553978
80.37435504
82.64365204
79.29025120
82.31953448
77.79060770
85.41289639
86.18537847
83.94063903
84.10400081
81.28781208
82.68255698
85.15076802
84.06918121
72.81279059
81.76912265
76.92995755
88.05722753
77.44680452
79.09138599
84.92789251
83.37216657
80.27922163
84.99575341
80.32189137
83.65442739
82.65286681
81.96418229
80.40316029
85.69139013
84.01653947
78.22097978
80.30754816
84.97654285
81.32733579
81.01411948
80.42325030
83.88381240
82.57761656
80.44123925
82.39321548
84.30966210
83.93892094
84.71887295
83.52197486
79.27698241
82.57722108
81.62986947
78.97089964
82.19533879
85.08176196
82.61428738
83.24030328
83.36016814
83.54689354
83.01242674
82.86099631
85.36488445
81.62582583
80.80865072
83.27787969
81.09332027
75.34950987
82.58511630
83.32135358
81.24878656
84.40318690
73.54315863
77.40807517
79.80882361
81.38368202
80.77612448
80.88310700
82.04471188
82.68890338
83.40198729
77.00841488
79.62196025
82.29527732
85.60182608
82.33806649
85.09213509
80.06776284
81.51071241
79.12536912
81.90313831
85.22804808
84.10369301
84.53914870
81.35566544
85.50144948
82.93314477
78.70884755
82.31161593
81.40981077
84.55985803
80.26152042
77.02504447
87.91614020
79.03479085
83.51965574
83.05190194
84.39996506
82.18277267
79.80539422
80.69559360
83.04860681
83.40094822
75.28014257
80.70664223
83.57865308
83.06374746
86.50637756
73.96240636
82.49359429
79.05794579
79.77030956
81.58518852
84.20548840
81.06237618
86.67757896
78.37763855
85.15430424
82.79958843
84.89879046
82.89703026
83.96845794
83.86977055
73.05667592
79.87323322
82.78871322
84.63797527
78.62674970
87.40925859
79.34410217
83.41243683
84.70409076
83.98133141
76.93482730
73.69497246
83.53801443
83.94956823
81.68683499
85.31334752
82.89140478
79.87496484
81.70000258
81.68366288
83.83746446
83.08156452
85.39629798
84.71815952
81.85157099
84.00252039
79.43580156
72.77016659
79.73548138
84.04053820
83.51555416
81.40516884
80.33355459
75.59554757
83.62741294
82.13014467
84.02463100
80.51947630
79.75230356
88.01862127
80.87613471
83.45493777
83.13434449
83.26015566
84.67765336
83.19998908
80.82406783
84.81851806
80.88934504
85.10590576
73.75015843
75.19651345
83.69368051
80.93352772
80.22262209
85.02983813
80.96517882
84.33983134
82.24694409
83.34027426
84.76489922
81.61551759
85.37239679
82.25628566
83.14267633
82.85783030
86.32387956
84.14583402
73.08742154
82.26340996
81.33244528
80.77425776
83.93136894
79.62150530
83.29774529
75.91093318
83.02342648
81.62521399
84.07969999
73.52246208
80.20319931
82.31220789
85.69309551
83.11453998
82.68892045
86.32681602
80.18281823
83.89031614
83.35029037
82.30805967
70.91699499
80.29940647
84.17735981
79.62881244
81.59137909
82.00252460
82.48509040
83.72525699
83.39397313
83.11554495
81.60359223
81.30869043
75.38590865
82.84398514
83.58155887
84.75893507
83.38351469
81.82413703
80.86448566
83.76399628
85.89934229
83.24276159
86.20766289
82.09240214
83.24971888
82.32654561
76.11642906
80.29125173
82.17049082
72.02080376
78.34079859
85.95317782
73.50410978
82.01852594
82.91677062
81.99162213
81.72554565
84.14995156
83.19799160
82.57859663
73.66397491
80.52533330
83.74553836
82.11088041
81.78291684
85.25454997
83.58276159
82.75371507
84.14839700
82.91865466
78.28622820
82.39692140
83.58898554
76.82389407
76.54980223
82.68205456
82.02239274
74.96065373
79.01164725
74.23532779
71.31002859
83.60540183
82.82343548
83.14929875
82.17592231
81.61421060
81.14232660
87.75845604
77.00756905
83.14275939
84.85333984
82.20629461
82.73656987
73.57533073
80.54072195
82.15146095
76.56056218
80.69037917
82.57049035
84.11035861
86.76084668
84.90151518
82.11336601
84.71287312
83.80104014
79.04718649
81.03168412
81.17219649
84.36698798
86.41115191
74.30254029
85.26315368
82.31146218
76.44202001
82.53948255
84.01765093
80.23511609
80.54785161
82.97215016
77.38393449
82.45641324
83.59560503
78.61334447
85.31858492
85.39508683
83.61357745
83.69287832
84.77720864
77.52965442
76.31166373
79.37527826
81.71717283
84.91156931
90.59641239
84.38440333
82.32708646
86.17514993
84.62201041
82.02169750
83.56626244
76.09712969
84.96228627
75.39254965
77.45848675
84.21994533
79.24615360
79.13114744
83.97912590
88.95349910
83.55846626
83.98760343
81.83623310
82.13591580
79.89020548
83.67799895
74.56601466
73.58388864
83.12906517
76.51990797
83.51945265
86.10359277
85.75495440
81.28201732
84.83539735
84.53575773
84.05100538
82.72607397
81.66650020
77.50374439
79.20223871
86.98265670
84.60238376
82.22647911
83.35208065
84.64116867
81.49257789
76.54812748
78.35731009
83.56271798
81.01125789
82.03640198
81.06118104
84.11552318
83.80594373
84.64187058
81.86892759
84.74433268
82.43744699
81.87281490
73.86761555
83.37973431
83.98727846
79.69065551
84.98354764
77.85238240
84.52434244
85.73005112
82.29107175
82.68360747
79.98690481
82.32586268
84.24204861
85.85175521
81.16169689
82.27990934
84.84572296
81.74244404
81.03770988
78.60503117
83.83614602
82.12605909
86.23457286
73.83040350
82.63634501
83.31460518
81.92768342
82.59523402
85.05354511
79.96259350
81.85162364
86.59148488
81.37813818
81.15416807
73.54809596
78.37149121
82.02962756
80.90918453
82.65898113
74.64810852
72.85117494
82.81391161
83.38675278
83.33024995
79.67606221
84.34777169
78.72671730
76.99129603
82.14640482
83.40043429
77.57207522
81.24504008
83.67516853
81.48616156
83.37150375
78.38373680
79.62320179
82.68101390
83.25107975
85.88125229
83.72024459
84.53837804
85.34065818
82.46992519
84.22581836
83.75344354
83.68521660
75.16531532
86.39159139
83.79547853
78.82453406
80.15236896
83.89173203
80.92019638
75.21431661
73.90247779
83.67481170
80.08874199
84.80882673
82.83621920
79.51955446
82.33280184
77.86240614
84.34386612
85.43472787
76.14612077
80.77672205
82.86399799
84.48178117
76.92089328
84.99405059
80.24859825
85.06454449
82.78488586
77.30461473
80.46467621
84.40417175
82.72305934
84.39293422
85.07916137
84.51698977
80.05492038
86.50594945
85.98126343
75.44557203
79.95079202
83.55173126
77.09672488
85.53549039
84.71459100
80.49702631
85.02235472
82.15718361
81.00969630
86.46672682
82.00190450
77.79698523
78.26143253
79.26408556
80.36362652
84.28219635
77.23385556
84.04965682
81.52853031
84.70812446
84.70513539
81.43958875
83.02033274
75.25662862
82.87271523
77.50018006
82.04948782
78.42577562
81.26090992
84.99091313
82.48079384
78.43039757
84.28457814
80.41867891
84.93782133
81.71880029
82.73959299
80.22576943
81.58590882
87.73028566
81.70374690
82.03199924
82.98016205
80.46384473
82.15312848
84.08324839
81.55144200
84.35295970
80.53159698
83.06103607
82.82119360
80.59012257
80.63615505
82.41361401
83.89484624
75.89959674
86.10243160
78.60525530
84.98257980
85.54028892
86.36070487
75.34027509
86.00573142
79.30817521
82.01012444
85.40975369
82.40716705
83.28671179
85.07160335
83.22777121
82.53949100
82.42491198
81.95337216
81.35639090
79.78399660
82.44185513
82.50042579
84.74543902
85.60989645
79.32643188
82.26942318
85.67376681
83.73957931
82.72499862
80.38798049
79.44099742
73.18600428
81.54169524
79.26190488
84.67279889
81.78360241
83.40631745
79.26245185
82.28374303
83.15582582
82.80287986
83.69838748
81.65299342
83.95241499
77.68842592
82.44986764
81.37559283
86.42475153
84.79271867
82.79321461
81.88627950
81.39615642
79.73528970
83.12209277
80.49626186
85.43755441
82.66082723
84.51318132
85.48439169
83.69667222
83.83203833
81.65314121
85.99542404
84.20642475
80.83195366
84.57700458
84.72207237
82.94648723
79.62681052
77.73847993
83.51412622
86.43299883
82.83485409
82.57570103
80.20764147
82.78681359
86.76950876
81.72737866
82.61132794
82.65910358
74.03369329
83.97268622
85.02068033
82.50171710
84.22339760
83.07501351
82.27002447
81.06620236
82.77643429
84.16237194
82.56497306
69.55782139
84.20081859
82.87981976
82.59232302
81.75104520
84.72868601
84.24422100
82.99512964
83.99412698
83.77046954
81.79607320
80.05896792
83.86850246
82.84467341
78.21838139
84.68986301
72.16040011
83.60993599
82.51143799
82.72016902
82.83283550
83.82388727
83.36201090
83.21246820
82.98204794
82.38000715
81.61046805
83.04474959
72.98602138
81.60816066
82.93869710
83.59130414
86.05370977
73.81774117
78.79674268
78.14500704
83.55027691
80.56653504
81.64692652
76.65896341
81.23053314
85.73076906
86.43195929
81.61880840
82.99555782
85.51840581
85.93959918
84.25153870
82.49437478
81.81408559
83.14878847
84.58190518
72.11540505
83.29300350
78.98650758
85.99368059
83.82829666
83.64887411
84.48411771
83.36780934
81.10321616
82.54783510
84.26556566
81.59574974
80.94592201
81.93233320
81.96604847
84.79114155
78.44206362
83.88387609
86.02761595
82.00692088
81.80478240
83.75027133
78.69617651
81.03964859
84.79301802
82.33454493
85.28171441
86.09218681
83.36016814
84.43828452
79.33676883
80.59894318
81.35632109
84.48221156
76.76394277
84.04386082
78.67662271
82.24834412
83.02046517
83.50959264
82.62306133
85.68840242
83.74273641
81.26125933
82.78852417
84.88551168
83.62896121
82.16143204
86.91191321
83.81165361
83.45412094
79.52752181
73.99426885
80.80819814
85.21692578
83.06632074
85.19765765
82.04215335
77.64727061
79.33024984
79.68318530
80.63760651
82.21844923
74.48572922
84.06750141
82.77087702
81.04938137
71.00971795
82.91277116
84.48292693
83.76771792
82.34221159
78.08915757
74.69901075
76.14135243
86.51028591
80.86273107
86.73738114
80.98433236
82.38171747
82.80743463
80.58205553
85.69624126
81.85074646
80.29382575
83.12558408
79.23129795
84.13736203
77.08372052
72.88867417
86.11229642
70.23665566
84.95767394
84.17169743
78.30064026
83.64797329
80.78029593
83.51709622
73.17028267
79.17735636
75.57472733
84.61796306
82.30135170
84.33064640
87.28146505
73.13240087
88.30104494
84.99521220
83.41868572
81.40584262
88.76574827
84.32140207
84.64083043
82.57492497
79.36513290
84.52606740
81.65920540
83.85246284
82.36839305
81.86550410
85.34749216
85.15077846
85.06590028
80.60096142
80.00489657
81.89974181
82.54413977
80.24819582
84.14135271
83.16158310
82.92600603
83.14928371
84.02815012
84.05591426
82.38891965
83.93293118
77.62250507
84.37071527
80.82377858
78.20124484
81.22057947
83.67205658
84.18403607
81.46145088
84.67586228
83.40251420
81.33259153
84.60069578
75.51961648
83.02447462
80.43939879
79.04968467
81.40363180
81.70521287
83.35948464
80.23775783
83.19741948
81.44703521
82.45416322
81.37533142
83.35605507
80.39377987
73.64614926
84.17186808
83.25388062
81.61351653
81.74895699
79.59713948
80.86686433
82.25042007
83.33806574
85.45348155
81.76067348
82.52552843
76.27995373
83.77014341
82.71056450
83.43146129
80.50709358
82.93199030
82.84403958
79.24600511
85.24928095
80.68881403
80.32380559
78.35935813
82.93840106
81.64780059
84.28200859
84.51155227
81.06502901
83.24611572
78.95340753
83.88284105
82.14651127
81.60182050
82.30146718
81.40776766
87.13147034
82.92934978
79.18701955
73.02717163
83.70991674
80.69030939
83.24707919
85.27787453
86.50803567
83.49430122
83.57040194
80.64524622
80.92325689
84.70743690
81.74402527
79.42074017
80.48238524
83.48685986
82.30677478
85.04398155
81.77543016
81.50958716
78.38152040
82.61545290
84.41484941
77.03011715
79.42393466
83.32617803
75.36443325
82.51512664
80.93339637
82.70613731
75.98937918
85.11026663
84.64511212
83.51678925
80.40551274
84.26216609
76.97951292
86.28108195
80.28960286
81.37508677
82.89868089
81.77524073
84.94418939
79.67318703
85.54001924
84.02400266
83.58317786
83.76711761
83.61114902
83.10659450
81.61715553
88.27374324
83.20582320
81.30014052
83.98300003
78.36240331
85.09966851
83.72325507
80.99339979
81.66846096
83.32664215
82.78007733
80.77238724
81.22808631
85.18015666
79.54273126
79.95403114
75.71059514
83.17626108
80.91903137
76.06201676
84.11356616
84.62822699
85.39840701
79.70654523
81.42064045
81.92587943
86.66355356
83.72024277
86.05336742
78.52650806
80.48343204
81.16476625
80.41280536
84.57452190
86.06090553
84.22307423
86.22734358
83.66657597
90.48207437
82.29823399
83.07080389
80.95345624
84.53585412
85.07405666
79.30731976
84.96048106
83.51060733
80.78484463
82.55552930
86.97587239
85.73230571
82.86567456
81.44081317
84.18264245
81.51190930
79.13274972
81.21351385
79.83144419
80.96598586
84.68841945
86.08467552
82.51829457
83.67979324
82.09576840
83.62422498
83.01691321
85.35279805
85.92195007
88.26976792
80.79498845
85.32120096
82.41987486
77.54538784
79.59202117
82.95798997
84.71679076
79.24623388
82.28332196
84.75172339
83.35745174
82.08182323
79.43689616
79.73335396
83.55228288
85.84631782
78.17899427
78.05198596
82.07761799
77.72482237
83.04018206
83.48821572
83.28602704
86.09725365
84.17034267
82.85614217
82.72019501
85.02964004
85.70728801
82.19781593
84.96654626
80.58403158
88.41564528
78.29648220
85.97205724
83.51407586
84.09022034
84.71559419
80.15678949
77.78303573
80.86276285
86.47364855
84.68793723
82.45766385
79.19669632
84.98430315
83.94177115
84.20494657
80.27135743
84.01862788
83.92722586
83.98429924
87.23208117
83.68379892
82.02359730
81.12871851
81.02109899
83.84946451
85.64932451
82.86453122
83.75316157
80.19635984
84.29031009
79.04901124
80.61826699
82.56540547
83.63737784
84.34185200
83.22418325
78.78031766
84.07193239
85.26696320
79.89342040
83.02112268
75.83025999
82.37187978
81.66177219
77.01065436
78.52066372
86.04508475
81.49322573
83.18206138
81.56152013
85.30434369
81.96137441
83.47232403
82.44457156
87.45162480
78.54684861
78.76735941
79.74355399
76.81034290
80.64684818
82.29823799
85.07774648
81.87772050
80.32249267
82.44196061
85.42743417
84.02957001
79.50574746
78.50267665
72.88580653
75.88772656
82.48715220
81.34035352
86.84362352
81.27110677
83.18432674
86.53480647
84.22089745
83.78572937
84.90557723
77.53792095
79.92030604
79.70129449
81.07869668
79.71323579
83.37870604
85.16805203
83.18609179
82.64061108
81.03679344
78.40563415
82.78377783
81.87706540
79.29008092
79.62550467
86.24070875
85.06239465
83.32807865
81.81773225
76.09651181
83.77583669
80.03063663
88.04701552
80.39054212
73.62560750
81.70711397
80.29223830
81.68716979
83.57179823
74.22695084
83.71893587
84.46236161
80.54465267
79.10771271
74.63881620
81.45181920
83.02249510
80.77572788
78.24812833
79.61393499
79.57332548
79.35268181
79.18363914
85.58224958
82.56671691
84.53184113
85.80282719
74.36985008
83.51302872
88.26778567
83.14582451
76.26712083
82.33798909
83.91371855
85.12914118
71.98328901
81.82793841
82.05313943
82.07941047
84.45962411
83.17996147
85.14778939
83.46401219
84.94499092
84.66383827
85.94881503
80.89244593
81.29463993
83.08521388
82.32949549
83.16415779
79.96157832
81.13801399
82.63075462
87.72890262
80.53096739
81.59689422
80.06053479
84.33953929
82.13853456
81.87762710
84.18550704
87.52309223
77.61160575
80.62521813
83.41302223
82.49530552
81.81193099
82.15707293
83.02973365
82.49343032
82.04368459
83.85855937
79.60990704
80.78795612
82.77236620
83.69899121
81.41465573
84.18019951
82.16394086
78.06903450
85.54041426
82.08630386
82.94717570
80.76322060
78.42895094
85.57107155
76.59299621
80.30340178
82.48826358
81.62561842
81.77287416
83.75564549
85.29581204
83.08898504
83.58759122
82.26360668
83.55122228
83.44337812
84.29726530
79.01166228
86.70516304
88.89454737
82.97140840
79.80846547
83.71448394
85.11757594
84.45435417
84.48891321
85.86368661
79.69929210
81.11948156
85.30295433
80.14156092
78.54089348
84.82647850
76.70095610
82.22752014
77.10053438
80.90460717
81.75431329
82.88644181
75.24289628
83.92690611
82.46544782
82.90268047
83.01608924
80.11822192
80.76222805
83.40914100
78.04924738
75.66379074
83.02605970
85.41196268
77.59509015
77.45907453
84.24768149
80.43379856
85.49585768
84.45146149
82.16065751
84.01618139
79.86525523
79.22468636
81.64647434
82.68256859
79.58236651
81.98564712
83.95127266
79.89047905
80.45268364
85.32699794
80.58923924
87.09233609
83.47192702
74.22277992
75.30946739
83.52218745
83.61628282
85.79727892
84.05451074
81.84350256
83.16448097
85.72379596
76.91843469
82.70635176
84.09585470
83.99626049
84.63127524
84.25652760
83.12250169
84.24627196
83.36648719
76.13373581
84.90969045
80.01618266
80.96511815
77.38305866
83.79591135
87.30455245
80.25851755
81.82466327
84.88603810
80.79560486
81.79896062
81.23716134
73.30409260
76.23588953
82.69105324
79.27517653
83.85229891
86.11874511
81.32264925
80.56682658
81.30554813
84.47673333
84.10585867
82.58394687
83.52552773
76.60097414
84.85423161
78.33927530
81.23573252
78.14435591
80.26909673
83.34627358
84.93799912
81.50885708
82.52467798
81.38213338
83.32539673
86.22023321
83.13213139
83.85328312
82.89552569
84.83089117
72.26182078
81.01855194
76.87291807
83.52030325
79.23409085
81.93859910
84.28285178
83.30851629
80.62257387
77.32517575
77.62710273
81.55036988
83.69656090
78.67377647
81.44854202
77.91762688
82.10476166
83.88950315
76.63718404
83.24527809
81.56707930
79.72613635
84.36567163
84.09169496
73.11163730
82.73312274
84.76807731
83.84302250
84.77807099
74.01364446
85.91950116
81.37835723
85.87823237
82.74335849
80.12940608
82.10386035
77.19034867
78.11233579
77.66356185
86.64584073
83.45094668
84.17765194
82.51263619
85.01452144
82.14456067
79.46905292
86.95268220
80.73539924
83.83264303
80.55396611
82.39605243
78.15865648
79.05720844
83.55993375
82.01658488
85.68273269
80.61274402
80.96599105
83.24228523
84.14630316
83.05830178
86.06372030
85.10521033
80.96999721
77.24121194
80.00997494
80.75909379
82.61564783
78.71282905
86.58972255
78.88067174
74.90856981
80.90988329
80.87748693
77.06665066
79.80255982
80.19222606
78.99739636
83.19423236
83.18755587
83.59745427
82.31539450
84.27630320
85.41663905
74.16687135
83.98194093
83.31173374
82.89339565
85.74812697
83.79506745
83.58563932
82.28918502
83.51449793
81.63419416
80.49464310
84.33325586
74.29188213
80.68270463
81.35876075
85.09597568
81.69419680
84.95403603
85.50434773
82.03793353
84.17955959
82.41232343
84.45377822
84.73812235
83.34266477
81.93730378
83.43885900
82.55720722
83.49270671
80.72912377
84.25185026
80.43752159
83.57274338
84.05920656
83.70924604
83.51330688
82.45571495
84.32142260
82.63447637
84.03049184
83.45940427
77.52609720
73.86261309
84.75417170
82.98145673
83.15506349
84.20812353
79.14641551
77.82389565
85.61867360
82.23457024
81.19502869
83.85192094
73.54411584
84.61384706
82.74572859
86.93206328
84.27578599
82.64068249
81.93186724
82.18136694
84.85646725
78.20496702
81.32745502
83.64817770
85.96809323
85.07713357
73.09464498
82.42680363
79.53668260
77.26180525
84.25920833
73.37367856
83.29615221
78.96244953
84.31237336
82.02103043
80.21524907
82.12104577
81.28807200
83.24687318
82.69357791
79.86617002
81.94751568
75.63402654
82.89045625
80.88795028
83.27006297
85.66650260
78.41806664
75.22742454
83.26529614
79.30124952
83.44983945
82.74617499
72.63813522
85.14999972
77.77827989
82.04569807
83.92894057
85.01121161
83.16325956
84.41041236
84.66693143
81.76296039
81.28433466
84.10076840
83.14542657
82.20493218
73.80670862
76.30305918
85.92315019
84.61500694
85.30016084
82.16532456
82.75880442
81.43054539
84.52147184
79.33390975
83.34957410
83.80059155
80.54301692
78.48857395
74.10803833
78.19863492
84.00435076
81.32141880
85.77569419
75.75578884
83.70883497
82.41071613
83.50389800
81.99475968
72.97993144
84.30014861
80.40524918
83.30378881
82.98344263
83.91884817
81.10619002
83.40875141
86.52944585
85.59889772
76.94180698
81.89317667
84.94396927
79.36461531
82.39896298
83.56273988
82.91334506
85.91171092
82.27300508
85.91499571
83.61624532
84.69050310
86.27055092
83.10160402
78.40065819
72.59949527
83.67025308
81.35791140
79.33493460
83.38826272
82.82658792
86.55717224
81.87707830
80.78957801
81.32032219
75.52641871
81.88982852
84.63744799
82.66369595
81.46302477
84.63383750
80.33851817
82.79931766
79.20132503
84.79224957
80.57385689
81.51187212
81.51992641
85.61033962
83.15345146
84.98365569
83.18859676
80.93754229
83.72725732
81.18839325
83.27177828
80.35925547
76.92518271
84.90075904
84.56924718
84.02714818
77.53086099
84.57745223
82.72705967
82.43711479
86.64342524
82.82588735
80.99525656
86.18655137
82.59563120
83.48219769
72.31380064
83.06555182
80.39609042
81.53837297
83.52151566
80.71723768
83.12034934
77.78464539
82.95695383
83.05114168
79.24131400
81.28453387
84.64683629
82.97037622
83.76941866
82.97168145
81.38621231
82.70075926
81.26101284
85.16902547
84.49587487
82.92479799
83.90297145
86.04163727
83.57799305
80.42401186
83.77869007
81.71739219
84.26667572
83.12122935
84.40022266
82.98103648
83.94213745
82.32348038
83.16366144
85.54333201
85.04298950
81.79742825
82.45105002
81.46153591
80.99278813
79.39188874
81.99390798
81.77226742
72.31200992
82.19332869
74.57854827
81.18396991
81.07264803
82.61238916
83.27204213
82.65043543
74.44714071
78.42318254
78.09721812
83.09081453
81.82865599
82.72354658
82.59949919
86.56710188
81.80988894
83.04009353
79.06743766
84.63917225
82.36219086
83.48076904
81.40384415
85.49267341
84.21401715
85.73871941
83.46890708
84.73464056
80.26621567
83.15317431
81.88161729
83.50901564
84.19597479
86.03760384
79.07630636
82.15751051
85.65996808
81.90049516
76.11777835
81.04139741
81.67556573
79.78565651
82.54823556
78.72961828
81.90022297
86.97469722
83.38149397
83.68909548
81.04627054
82.63138125
85.09347914
83.43598431
77.95835995
80.97521753
79.43137526
79.23880638
81.84430371
85.89259638
79.96950000
85.67940697
81.86918107
73.56815092
83.89747303
83.53947397
82.71441553
84.55027131
84.51782319
86.76418638
81.31658229
85.69954930
81.44239861
85.20543502
77.36685496
85.05857773
77.10271513
82.77630091
85.38185076
81.43302496
83.70981228
75.74669168
79.51579120
82.60713097
75.43571760
81.91980210
80.75347254
74.40617922
83.28010308
85.75851558
86.07946656
81.81085843
85.64026920
85.48263170
76.68671389
81.95428691
83.43483098
83.82974000
82.24319183
82.58690705
84.56997137
83.82272952
83.55872958
84.76807731
84.81023933
83.51720948
84.02816609
80.10510718
83.18094673
80.72578023
82.01014645
80.60236197
84.22190863
84.71494919
83.18152834
85.55703797
86.64573897
83.94672131
84.84068315
85.96883917
82.28259031
81.82692074
84.55068010
80.65318716
81.85980082
84.99860206
83.90011102
81.65581197
83.25316012
80.36916617
82.45792964
84.26321963
80.09879356
83.93430677
83.37364159
79.55079780
84.19221981
85.74083704
83.74926911
83.99568971
82.52343870
85.00457182
85.22714662
84.72705562
83.94774383
83.70727351
78.54849402
83.40037633
81.66089804
78.96274484
79.98859271
80.85775335
76.65486553
83.75962864
78.26943063
83.26941042
81.18173035
83.29275217
86.82778064
81.80016515
83.78734098
80.93830040
84.16807196
82.56682575
86.22297286
81.06720438
78.20079332
83.10265451
84.88592460
84.42593349
83.35328833
87.12860157
86.01735118
83.27364905
80.09636549
87.23219213
83.98104473
84.10576708
84.66738967
77.62991517
83.37656687
73.85899532
79.84542481
85.28064619
80.36889733
79.55682496
80.40191320
74.65141042
77.25876608
79.19615475
84.67654950
81.63716718
81.81024580
85.66381122
81.68392665
81.54443374
84.26159123
82.71219566
73.54707639
81.04103755
80.87618400
81.60110391
82.06901067
78.52671627
86.37171545
83.54059633
79.86289916
82.90857423
82.95810756
83.55038481
77.47082178
85.25794873
71.51574705
80.40826960
76.57159266
84.62148988
83.69906024
82.00826054
85.33146883
81.55542277
83.35102784
84.21745892
81.60542913
83.52307358
81.79641759
80.70339823
82.94880477
80.40806220
84.41881658
86.41169146
84.96432086
81.23615756
81.81193099
76.66138812
86.25832964
86.46801258
81.62989979
80.04784835
82.91745272
84.30158127
82.25134220
81.58354701
84.87554358
83.76792717
84.47451656
82.76399443
82.02045886
82.73245968
83.61651733
81.09110612
81.48239903
80.46235189
78.02585817
78.04953260
81.62592445
81.40154975
82.40368194
79.83492031
84.50383993
80.07289510
85.67361331
83.23134422
84.93712019
78.75015102
83.77897290
80.30651724
81.73993546
83.06989775
86.00657305
86.66509170
84.83386444
79.78479806
82.95662400
78.47764531
86.67050750
82.63579516
83.28442753
77.65471504
82.04114318
82.78223140
82.22095321
86.75708369
88.34827699
82.55123193
82.24052383
80.38655666
83.97167556
78.99141864
80.66223923
83.33876143
82.91955669
84.85818109
80.60115121
87.14141544
83.92153378
85.74693538
81.81531486
80.92410107
80.93572850
79.70291218
85.35371750
77.51898701
78.65817336
85.24531491
77.96260713
83.46701421
83.61074378
85.53359457
84.66341902
77.80909736
81.59386931
82.56931381
81.50030334
78.73645574
85.19868646
82.53194183
82.43498897
85.24408167
79.20297584
82.70532581
84.92647374
80.04336656
79.87260503
84.45854929
81.28041957
78.06483659
80.36924922
83.76270717
83.08722752
88.20225280
83.51480826
80.74462244
80.06117862
85.53762090
85.45988192
85.13183050
83.01359835
81.54218973
79.75908369
78.32123559
76.07498124
79.64821418
83.28812104
84.12988298
80.69775274
79.53528573
78.71946832
77.81440321
80.28619491
81.73335795
84.98413736
83.05622695
84.43603987
78.91162935
85.22439648
78.26005774
77.15322528
85.24613206
78.71134928
79.04752326
78.28404855
83.47492090
84.55175782
83.33307138
83.99926027
80.29375104
82.98127927
83.39485698
84.06629152
81.02019870
83.68323129
80.25059250
80.21440682
76.58585183
81.96615352
83.26529614
86.85711594
86.30593196
84.05719880
81.94305774
83.06920625
80.97685095
82.57256120
82.25151496
85.99362178
81.91303231
82.53318291
82.08197902
79.85436133
83.50563848
82.24661296
73.48195974
85.42589349
83.74766365
86.58492182
78.82437613
81.82541087
83.93624984
88.77437054
75.28324495
82.55734662
80.76479966
85.69326491
79.83406830
84.77879825
85.25595121
75.87841206
82.66118455
84.43279232
84.20957699
83.33513325
79.32036255
81.93430545
81.73580111
85.35681749
78.23699387
82.58530924
78.88700939
72.99801342
80.30948162
84.10781094
83.83494802
83.50864094
79.32649181
79.26474732
88.08312232
82.80173882
88.15592254
83.10306257
81.33720007
85.31548980
82.26128479
86.36686692
81.75147405
79.53937521
88.72019050
82.37163512
83.82671784
80.98911429
81.95328963
84.15636938
82.25756263
85.29619166
73.51635516
83.65106607
82.37390311
81.91228367
81.11476554
83.25736542
80.43938109
83.34966136
82.19627525
85.39265442
87.17680161
81.00751394
81.39172942
76.02827149
83.02701913
83.03048034
81.15621470
84.55476991
84.09563830
79.07497692
82.61557712
84.92650657
83.82497130
83.83305593
82.22969334
82.33653397
79.53339600
77.32122984
84.70014694
83.75306621
85.99353597
78.06782245
78.52456356
85.77220536
83.04474022
74.77506492
90.48207437
79.11413853
82.05407521
82.14174622
81.85965960
78.03468273
78.43348836
83.47155007
83.81739231
74.55654617
82.59848015
84.27055891
83.16656596
79.91163381
82.26262615
79.62577145
72.95559085
82.82722547
84.67768975
82.59821255
82.58067268
78.03762276
80.65621855
87.72699092
83.31296524
82.85936418
84.61550912
83.93743807
84.21549085
83.02290798
77.63112368
82.92981813
81.48751669
79.61727772
81.84457337
80.79970953
83.16965361
80.28725950
80.13710330
82.51513829
71.83095985
83.68710067
81.92235786
82.94222457
87.76460501
83.50906961
82.16219764
83.71721887
82.59569337
81.39762692
81.24095449
79.78992336
80.59035963
85.11649469
79.70227317
81.56122770
87.01643344
84.03104740
84.83437082
84.35749350
80.29950241
82.88496234
76.47614231
81.79827839
81.55653841
88.66810535
81.92008487
80.65796894
83.41979357
77.18663102
79.90943285
85.54082729
82.29779154
85.70450152
80.46921607
77.58631628
84.66918232
82.10497129
81.58238156
84.77749931
84.80428491
83.53810645
81.88392790
80.19438282
78.48219626
71.19342151
83.98926247
82.19214379
76.62013136
80.61903196
85.33434813
78.71224400
83.58512564
73.91444098
75.70891079
81.02815224
79.54405117
79.84741914
80.32185625
85.01247444
83.92450550
76.65048046
85.28314658
83.91733888
83.48669042
81.72043427
83.43705365
82.85648207
71.22511987
83.27256238
81.32340086
82.56594909
79.80324359
79.99280511
84.65047809
79.94039545
80.27372715
76.38338281
84.32412744
83.13786223
82.89414380
85.42009385
80.71986935
83.90932231
81.89652563
85.71904785
77.41594924
81.27383658
82.23431251
78.72696038
83.09720164
85.94933003
84.12361759
83.62163476
80.40645168
83.15539077
77.40131421
82.28424533
81.28417436
74.11048757
82.62931301
80.95762022
85.08831248
84.60124671
83.11159856
81.97465756
81.68508105
81.94263797
85.43658937
76.54649039
76.97097875
80.49929658
76.37316439
80.06324311
83.86731470
84.17011096
80.19118508
78.99844605
73.43421667
85.76141939
77.70805628
86.08666629
82.87062769
82.20097126
82.36068957
79.71932430
84.91532488
85.21961494
80.69199055
83.50519841
81.86028615
82.95387924
82.64361683
80.82140730
84.68809724
80.75807695
85.35309139
83.57597048
82.04159997
81.54169524
81.95333898
73.47770051
85.54315209
87.35836247
81.43974944
82.91283368
82.17332524
79.64876656
84.01085003
86.12539512
77.94123755
82.77858087
82.33139293
83.78832776
78.30705109
78.14959009
82.31973267
82.49476914
85.32021254
82.22990311
81.90336177
76.38041183
81.70218532
83.19934781
84.84751220
84.07917197
83.71891328
82.13298645
87.10889632
82.43088025
84.15433795
83.00968685
77.32434660
82.00822536
83.09419969
78.17826263
84.35932339
76.90292414
85.17223436
84.11035130
80.08211526
81.95172194
84.88703630
78.01208072
83.67585262
82.19694845
81.75868254
83.37520012
79.60065687
81.84294954
77.34226372
72.59882395
77.30370145
82.61240017
84.66989803
72.98784278
85.59609186
73.71292737
83.86678960
76.65081106
80.57572251
77.66483005
85.60442538
83.28489202
83.55282067
85.57667878
83.10459391
81.81501334
81.48686955
83.46241470
86.25841303
81.39908644
85.31972765
79.90170627
82.90677989
79.81158843
76.71892763
75.13548512
85.48662269
84.68985677
83.26014763
83.69372822
80.45701345
87.85949322
83.21382135
81.86058485
84.69051136
84.35220078
82.58086555
78.29050007
81.76677657
78.32072976
82.44077056
83.39642767
81.32972091
80.32840202
82.48584523
81.04370317
84.26798254
82.78924054
83.71147210
79.71537517
78.80421588
83.42400659
76.97502499
83.21195333
82.28628497
84.08106432
84.82959961
82.37628284
85.54579267
80.82037983
82.66250344
80.70268204
78.63876231
85.65715057
81.58340656
81.93040986
82.77094461
84.05034851
81.99665137
83.57885964
84.53397339
84.45893885
84.16178744
82.94260372
80.13316984
84.18070130
79.76490900
81.39012400
70.59977343
88.90795949
80.87413865
83.06701655
72.43041551
71.45553033
84.14547497
85.61267811
79.97020413
83.16442992
76.27516065
80.41933453
81.19029251
82.06475388
82.23602460
81.97589945
82.68943691
76.29443742
78.68971752
80.06432559
75.24220831
83.53564350
84.33979721
82.79462120
81.08003335
71.78890092
84.33611882
83.47234958
83.87727225
82.47784219
84.07245664
82.07319373
80.66259699
86.11203000
83.58461314
84.27233689
74.69374009
82.87588572
81.48209412
81.25197625
80.01402991
85.50412607
81.75779157
82.66170940
73.04730510
84.52057869
84.71396739
78.84269306
84.37956795
80.60012029
83.43117462
83.31846540
81.72089874
85.17580355
79.90351772
82.59661575
83.17981200
75.81295209
78.41534338
83.61281436
83.09948658
83.53076530
83.66311180
79.44710010
80.18345202
80.85549224
85.16338499
75.81076455
78.72434224
80.84276434
82.09186848
83.80626456
86.54313576
82.39436070
83.24289697
84.30653259
84.89538964
84.03511928
82.57299848
81.48807913
81.65056993
84.63949432
80.25551697
81.57559806
82.99327646
79.05355871
80.07913105
84.03674854
81.58873470
78.21660380
75.52634274
85.36500206
73.08742373
84.96681102
83.66449961
82.21160194
81.63320312
83.43628367
80.73392004
81.85639152
78.07105408
83.33051113
82.60588314
81.66119432
80.28222468
80.64967538
83.23041365
84.59424698
81.11915107
81.15125342
86.44353981
80.34316278
84.58199649
76.66407044
71.34393831
84.41985890
80.35854725
83.44155562
86.01803903
76.66386123
83.16769261
86.41919617
79.48586963
84.02283986
81.49386059
77.74913476
82.99322663
83.19969771
85.15659497
84.52924200
82.62254789
80.78789280
82.04685670
83.62570618
82.09078632
85.00920379
79.87947176
80.08226097
83.73428223
83.05695914
82.69411271
80.98703638
77.47223834
80.37284599
84.57970693
79.19485907
83.44341138
80.68130149
83.61062027
83.90694242
82.71022423
78.25028793
78.99491875
81.51095449
72.48788484
81.88494284
80.94337320
80.35017476
83.97413354
76.14872996
77.89698135
76.76987338
85.37399947
74.47222584
74.05089924
82.41055630
84.64097602
81.92170819
73.85598027
78.43989127
76.49072890
83.71647894
80.44712614
82.16154654
74.96843866
82.88505195
78.80729643
81.99909256
84.64150667
81.21031253
88.16715124
85.26275884
81.84091818
79.51273042
81.87044040
80.86683277
81.28821414
71.37671360
81.99406262
80.10451547
83.61902208
84.04685105
81.43776713
79.78904016
82.95621126
82.02823976
81.50002293
84.22743681
79.51539589
84.41546123
86.15852457
85.35819887
83.29123646
81.77704641
78.23163451
81.18500040
75.84965782
71.90511879
78.25329841
84.75848853
81.54145306
81.13001066
83.25960676
82.34113785
83.75592163
81.54601578
81.89033928
83.59159681
81.53567053
82.37911707
73.24718587
85.68768310
83.05371651
80.75023713
84.82748792
83.23438886
83.30951497
84.00863441
75.36370201
84.62197819
85.79459352
81.79604476
80.93000182
84.06217697
81.71928573
82.98291934
80.55230208
82.82323921
84.11723650
82.99586284
82.89197091
84.43583200
81.79896232
85.78687033
76.98524448
83.91342805
82.70232858
84.46124469
85.32893659
82.50259258
77.45627181
83.20253359
84.33851808
82.98069785
80.68841951
81.93396967
83.34473164
81.49739467
83.12903267
77.31419870
83.25262477
82.68466097
84.10555543
83.01285829
82.49141711
81.80305479
77.39214987
81.56484441
81.77474367
74.66270296
83.62733268
84.66002882
80.47340047
76.39588878
84.19063329
85.89686102
81.92074536
82.20021680
81.94834401
83.66424358
79.22908635
81.84226381
79.75591890
81.10636475
77.00348773
82.49668638
81.12770744
85.86569066
79.98128180
84.30037914
82.15564733
88.14728991
84.58465476
84.32867632
70.03544989
85.54613074
84.04820701
81.02242975
76.30774891
78.28192962
82.29631958
84.07513502
81.59492248
83.61232555
85.25392930
81.77053413
77.63689436
82.70179145
85.84602573
78.65130913
75.46627145
81.88256920
83.75536841
82.36034263
80.63660404
81.90265793
81.07069003
80.29308473
79.74735219
80.74432796
82.69668679
77.51119193
82.42340220
79.97115051
83.55169658
82.93927618
83.22341268
85.30424912
82.43914862
80.09472459
79.26611673
82.14206890
81.73254513
79.50985629
79.66366843
80.90114359
84.64070679
82.05198405
83.33881275
82.58474861
81.92139710
82.67108976
83.94461280
80.59286489
80.82666015
84.77953999
77.59658060
81.86355016
83.86176326
82.83608704
84.60545164
82.14372825
86.56622286
81.64231594
82.27559317
84.86195029
76.71685911
79.58683222
81.25551943
79.52878426
82.36345691
83.67605847
82.76969116
81.93668492
83.14975206
84.72963102
84.81401232
81.17075102
80.98687438
79.21913359
84.72424555
78.82924541
83.72998159
78.23564952
87.92635730
83.32776017
82.62753336
76.16437930
80.92420277
84.18887936
74.06553519
83.90074616
83.28117735
83.49994320
84.84280794
83.42689030
82.35331194
85.57663770
84.15813403
75.99161559
85.78350379
80.88207199
82.96298615
84.92035393
84.25296792
78.27646366
82.06574462
85.82118187
82.67839394
83.03544593
83.55264845
85.47524848
79.22793154
83.36595411
82.00691394
83.16519003
80.18369705
82.32493358
85.05716060
84.21278954
82.15156785
80.47655030
83.29665641
84.41902595
82.53037797
85.86569066
85.84603846
84.72305042
83.86553146
81.43129809
83.80594373
78.56890257
86.48611438
81.87847701
83.63056462
83.52523101
86.10449708
85.54034750
84.37755288
84.75053361
83.56498003
84.12353885
76.20048741
81.88081427
86.10607952
84.97778706
87.17027044
82.33346187
80.15774279
82.80306518
84.27718023
83.90486425
85.35487325
80.50104710
77.88001116
84.37462050
81.88817378
81.16982779
76.81103752
79.90569072
84.12283200
83.15802366
81.83232848
81.47146395
75.87667108
81.55179376
83.60468080
81.12990812
85.43399138
82.58051645
83.91078805
83.58093464
79.69864512
80.83671993
83.11711258
81.86161808
83.28363756
78.24339416
81.82856880
85.13191556
82.99741977
79.93567989
82.11446732
81.43078156
85.12979605
81.70841649
84.19740944
78.89500495
81.51457997
77.26572700
83.97711843
75.15181109
83.23126094
83.21769405
84.32207332
83.36485780
75.10738177
82.28751675
83.94335363
85.73207370
85.10632623
75.62779978
83.48648124
80.84253749
85.85613010
83.75871096
81.01333244
74.17491016
76.93585759
83.51901484
83.10774545
83.73698110
75.18867160
83.77567264
81.33991738
79.22899111
83.11024298
83.08920209
78.91192255
82.63725331
81.91187927
78.41570799
83.32487903
82.91450382
82.11892282
84.57903674
85.13736039
82.29123066
80.15729308
74.99987865
72.90642457
82.32162122
81.19373301
82.51033355
82.48325521
79.73952828
83.11759992
82.75647590
81.61769504
78.76425828
84.17034267
77.65444153
83.75062644
86.00862093
83.86466454
81.89357385
77.81761080
80.45729509
79.38635270
83.01168762
85.11480866
79.29394715
84.39203684
82.54208435
85.03522469
85.42352203
79.42513060
82.90565263
80.45742686
81.95937356
85.00979136
80.99672377
82.13206973
83.97643738
85.99861112
75.10236250
84.18527930
82.20600490
81.89909990
81.78259872
81.33045180
83.36110267
84.50730580
73.48825988
83.75875912
84.95662722
85.26110982
83.76060895
77.81185340
79.46282293
81.87125873
83.58517931
79.15102294
82.16491449
82.00001784
88.06488209
82.42194783
84.31346445
80.00942455
81.22629234
79.79865100
78.86644032
82.11438328
83.86083454
83.65297758
83.16711785
82.19463409
84.90411742
79.64793835
81.46183246
84.37001601
76.85423088
81.50088399
76.81276471
82.98087563
76.61231162
85.64301463
76.42973685
83.39130014
85.92939884
86.75736433
83.16649623
77.85793696
78.66135753
84.17706289
86.06213549
84.07507912
85.26639050
85.24365514
77.63938979
83.75516589
82.10871390
84.74390531
78.41399244
82.47731102
82.58905400
83.73198685
81.03463885
80.75161724
80.74833221
76.13728791
83.69044294
84.03890813
85.17565693
86.07643838
82.84103282
83.22861128
76.86858734
81.94970759
72.77259723
74.18525548
83.28339445
87.62479379
84.69197834
80.43941642
84.88259836
79.23669557
81.30219915
85.21296025
87.11230930
83.61754246
84.18508640
83.17166633
74.90183423
82.02367203
77.01826300
84.02414576
82.26782995
83.29088665
80.84383169
74.90482268
82.62446063
82.46130810
80.12677997
81.44703869
83.81808169
84.19682774
77.13125686
80.24929657
80.09753912
80.72676924
81.35604289
84.20428116
84.54431516
79.44157445
84.45942890
83.17539241
89.65236221
81.30055941
81.03674530
80.40987137
87.15090684
81.09393003
81.49878034
85.98692919
77.76494627
83.49043472
81.22479763
81.92008487
79.34145029
85.85502788
86.24479989
83.41822964
83.79355294
84.30484209
83.62549664
82.41777955
85.55431321
74.82337418
78.36554063
85.91171092
80.15630073
82.03579788
83.11669000
87.27705239
73.11741776
79.62386737
84.22120454
83.10546790
80.36318711
80.26579409
77.92360640
82.82508042
84.93321480
83.22482587
85.18124461
81.23808619
80.91688993
87.24081859
82.34033640
84.23514616
82.34858182
77.20664900
82.99432221
75.84299881
84.38052188
88.01862127
72.77485424
84.15213063
87.75376951
86.51268912
79.49191977
81.36950873
83.70867051
81.12931308
76.75748747
84.75841144
78.18332342
82.95341654
84.84937063
82.48399066
84.32934576
83.32199325
83.85241264
77.02716196
82.58986505
73.76273091
82.46390895
83.02390790
82.96942820
83.77559099
82.01273760
84.72416231
83.42108251
83.33634106
85.54286749
82.82843013
76.16113969
82.25925599
83.46247068
83.97749799
84.48820373
82.28368607
76.18842193
82.09821862
85.50355918
83.97295116
84.24500488
81.25778338
83.39319414
84.78677584
79.81542871
83.50794364
85.11750054
79.40913557
86.68129959
80.54783528
80.81977016
76.85152506
85.18816770
86.47144824
82.03756973
81.53729192
82.56909948
80.37814033
82.13165075
82.21781257
78.61822290
87.05387323
78.16255705
82.34062725
86.37705287
82.06027979
78.85265658
75.98618871
78.66945414
84.93239765
77.83291890
81.35175348
83.04749300
77.97055844
78.61415713
83.31706065
83.36222291
83.04229639
82.42583903
83.91616290
87.52389449
81.79003469
82.79046579
80.77364785
86.42310649
83.20326396
80.58424040
83.35256718
85.16843121
80.60083702
78.03742535
84.10766263
79.55165806
77.69261916
81.80901563
81.29620863
79.15479743
81.23632557
86.89373085
86.20057133
83.36463465
86.38083676
79.56485934
84.04729372
80.55073634
84.46697106
78.22556390
79.50617676
78.33003724
83.36939760
80.79712985
86.29316248
83.85907745
79.37068478
85.89732719
83.61093233
83.49714091
76.81068991
84.08513225
79.86286231
85.08301784
79.23187328
72.21893122
79.04123211
81.02235118
75.96731193
83.96779765
83.19013683
84.82525018
82.49946983
84.19766023
83.15283439
81.87360052
73.06148240
81.47338919
82.95972880
83.08066511
79.66191557
82.33612416
82.02043270
86.19032643
81.20373501
82.07355299
77.67890439
86.11577686
80.12680656
75.12950277
82.37254336
84.94923516
82.54372465
82.48236184
83.41985062
82.75393940
74.79764102
82.20825832
83.76248605
86.85606299
82.87877549
84.41756697
85.22612105
82.20993085
85.62381542
84.54478891
81.08151370
79.29798665
84.18863128
79.32210573
82.42197860
83.28440578
82.84564657
84.32210010
78.26516042
83.07382741
83.99368422
82.69044627
87.26723365
79.82755849
82.17513899
83.43804698
83.81023924
81.73618075
84.43423329
81.47233077
80.52294009
82.34919634
82.27515104
83.88595188
78.01742366
83.06892332
81.30387413
82.87810401
81.34981852
84.31265398
81.56732888
86.81095114
74.07305294
84.39043646
81.64238776
86.33023822
81.80950261
81.08811776
78.91078751
83.65932600
81.46427545
83.64201651
80.74155907
85.12747624
77.14743629
86.29770411
82.00376998
83.83162608
73.49196180
84.41881597
84.08539469
82.10386035
79.68883117
85.26973190
79.97889851
82.34457007
78.60194168
76.07108545
85.37800130
81.04281942
83.23771232
86.07868977
78.99018007
80.41328629
82.05468346
80.77768917
83.56903798
80.33469313
80.95595893
86.22013891
81.33958683
82.93031129
84.48546579
78.97194828
80.03892325
77.64903074
76.05364307
82.66482503
82.91128535
82.20841725
83.94922692
83.35734571
84.98413736
83.00834164
85.31204454
82.20537874
85.37559677
76.82445234
83.15578103
82.14238994
80.06058568
82.84272089
83.29666503
82.22002074
80.57348036
81.79658938
82.26584725
83.14401559
82.60674648
83.67123808
84.28173021
82.18744647
83.26043205
76.97901054
81.85955701
86.24230693
85.99663360
78.21825923
87.23404328
80.39078474
84.67808001
76.91142106
83.38879036
82.37424101
84.64099958
83.38498892
82.19355653
79.86639586
82.83140362
84.36876075
84.86203475
79.29179842
84.64369776
85.18507720
82.60433960
84.42753364
83.97817228
84.65387878
77.94123755
83.98058684
84.22428886
84.23439087
82.62218338
80.74348792
81.51159582
83.29878700
80.79942221
85.02635116
84.93930813
83.38357316
81.71167464
82.42533108
84.51050836
82.29453199
79.44884996
85.10581184
82.53442070
84.20225121
81.53764416
80.58202126
81.29241225
80.49786355
78.58094045
83.82037661
82.83867160
86.02372617
83.85680924
83.76275177
81.85478762
83.05441914
78.62114170
85.46076531
73.29542186
84.89924415
82.39500118
83.23461556
82.95414306
81.74483251
79.88779175
81.84631737
82.68048000
85.18231071
85.34320119
84.88503706
77.68443219
79.20058784
82.28343527
76.54241234
84.77910517
79.84578549
84.86472648
82.79247691
86.93636966
84.13906746
83.18049342
82.54124750
83.33424786
83.36220015
83.19211003
81.10978291
83.00880854
80.34074702
83.72659874
79.21237650
81.21633780
82.19505624
81.48018368
82.14950117
80.38520090
84.52833540
81.31579808
80.05970878
83.52255829
81.58887824
85.82622329
83.53810557
85.52375789
82.85829688
79.90362284
82.56541657
83.63601514
83.30164171
84.83948261
85.06057702
81.40989857
90.27642458
80.22142821
82.04401125
80.77136831
82.75336101
82.71274108
80.81778380
81.68038265
81.11368068
84.91524750
74.54812761
73.71663277
84.91028155
85.42060029
83.94986117
80.51224610
84.35734749
79.47737267
81.09428378
80.86471520
79.62145477
85.24452121
76.31470989
82.97073833
82.40619953
80.99195703
81.23522524
85.68038447
82.12640637
82.33121624
82.10203433
82.15611125
83.90752103
82.83353039
84.48439741
84.04192420
85.24224618
82.02241927
85.72141718
81.97365104
82.79397152
80.26525462
85.07820039
79.97746774
82.16246911
84.16277671
84.06053598
85.29076452
79.90336230
77.20536048
82.55461356
79.91387868
83.64770280
85.04652596
82.11962961
83.21707113
76.88376328
75.95149530
77.68641462
84.52339842
80.16169277
81.64849760
84.13642681
85.22394512
77.12561657
82.08492853
79.35070888
86.71341534
83.14754624
86.90733905
80.78007654
83.33212438
78.75330538
78.33711575
85.51299548
83.00549699
83.98931714
82.86547504
84.36099545
82.15615735
81.73880573
86.81070099
81.39143080
76.69102616
84.39999658
82.36895172
73.84199773
78.98297745
83.16619879
80.88440641
83.41133710
75.30373114
85.42649616
84.70619775
86.78624395
79.23561447
82.66107419
82.12496856
70.63308970
76.77165738
80.59599873
72.31487955
78.95671301
79.47313793
74.58096388
83.80805664
86.17776256
87.30336884
83.49052165
82.87709807
82.42067706
79.32656893
84.81097051
81.67950204
83.44772133
82.83653700
82.39530044
81.39925217
84.35567797
81.48779909
83.82514170
85.42086717
82.30185943
82.44458804
80.53110141
81.03380783
82.69352608
83.88955520
77.83978929
83.13173580
81.81976886
85.20964880
80.76140387
77.12064254
75.29699620
83.53930266
80.97605212
84.45087719
82.82622535
78.91512706
86.55622506
83.31398692
84.19396915
84.40216990
76.34158310
83.59143455
85.03865205
82.67580115
78.91087651
85.34458189
79.29619149
85.05801179
80.65496429
78.02194802
79.63309150
76.50045833
84.07999167
80.13648550
83.62289878
83.60683416
83.57374135
85.72982187
80.16603423
84.37374418
83.11421379
84.32661226
78.16801127
80.61806480
83.24778920
85.12034360
83.79621705
85.42296620
80.58877423
81.41478953
82.61379278
81.76707545
84.68453684
81.31921676
84.68600317
85.29974994
81.08449939
77.45865486
76.61749363
83.41411646
79.65563216
81.28041013
85.34148672
82.11423133
84.06848162
85.81320909
81.01821940
82.64762959
83.81924327
75.68117577
84.90149435
81.80561336
78.75624241
80.58765435
82.28611729
84.39348360
82.92624872
83.65039939
83.43606970
83.16743794
87.08005854
81.16523340
83.56824471
78.48364230
81.22075285
83.86996105
84.40773559
82.20933313
81.27985854
84.35763911
85.82670821
83.52411394
80.78936492
82.17538812
82.22155505
86.54774565
85.84043883
78.84843206
82.69469068
83.02145239
86.95695006
84.40191833
76.83363979
82.47208766
83.90091602
82.28189223
83.95429933
83.60787434
81.86223154
80.97281494
84.07593671
76.32458321
82.72213328
84.21426143
82.22576642
83.68000883
77.02496804
78.05746060
83.29065067
85.38735486
78.85250658
77.31994569
84.34600093
84.57998486
80.48975495
82.31000773
83.93577153
84.21278664
82.51797320
90.53914120
78.85521970
71.20498883
82.51047752
84.19626037
84.93762461
85.88030839
81.33589781
82.41644328
85.75699440
76.56844390
83.38373960
84.53735045
81.63931071
88.89425705
84.46912616
82.06765300
83.48596299
77.21771750
80.60831238
85.80163874
84.08914889
82.64859255
83.77461322
81.24112731
85.04454183
82.84796611
72.89877699
72.87638079
87.66145524
85.13207342
82.61592284
83.60326276
83.86165157
82.87155440
86.56998988
79.41805256
77.33833344
83.74396175
82.12488228
81.85534434
85.64060950
84.57827640
81.76993132
82.36345691
80.54286353
82.97112192
83.44893980
87.42300545
82.71647766
83.19589536
83.71989936
75.19902137
83.44165654
83.89402126
79.07175601
83.45032061
82.08192192
81.37941484
73.20759695
81.55251445
78.93976132
75.75048043
81.62408104
82.38258781
82.01144788
81.78702657
84.14550018
84.83681442
83.46395285
83.40961210
77.41652689
83.26383978
86.68658607
78.62341205
81.58489111
83.61434866
83.66949022
81.22271098
83.03430339
81.79517114
82.02489768
78.92915491
82.23793490
83.77501676
86.46576668
80.90555370
83.19143809
80.55533746
82.82794154
85.99602134
81.05672819
81.86692130
80.15188022
84.83296321
69.66427687
85.64934678
82.43305016
82.49727169
83.50673357
82.59564513
83.62832510
80.65174028
81.96397985
80.79110796
82.47761795
70.66745779
83.45728858
79.39113213
82.03330459
79.43858900
82.52882767
83.08072852
80.46193015
76.39923869
82.35519404
81.37662651
84.27562162
85.50063219
83.27751752
81.29110980
80.12141662
85.28473131
81.17086334
83.83839358
85.01136677
84.28256955
82.23345150
88.85049411
84.32232096
84.59691109
83.65878960
83.18130478
81.51807306
81.45956738
82.25493279
83.58691844
84.80896528
81.34241757
83.87770386
81.91837952
73.04359211
79.54923711
80.53840504
83.68813258
83.17185435
82.07771560
83.53435513
81.25383269
83.06174315
81.67969031
79.89297663
83.65002515
79.20545081
85.22612105
82.54741719
80.31853949
85.20787982
83.26672528
84.54476028
82.68099407
79.53626851
83.71159142
82.09934225
82.72752862
79.02479686
85.88680226
84.69849330
86.82668655
82.41771686
82.20428092
83.87766985
82.23508563
84.42444859
85.38433142
85.37735862
78.49297129
75.96025857
78.77003377
84.07034918
85.70513104
82.76286276
83.97147308
83.63296087
73.61917018
86.96336826
85.15363585
80.57481974
85.28439213
83.04856140
84.83705822
80.02503558
82.59710026
74.91122197
80.21395213
81.80083513
85.81547839
75.85073994
76.55981233
82.56552692
83.16415779
80.96178867
86.71063603
81.29331178
82.88175860
77.19572830
74.65309620
82.23878970
81.20037327
81.29431521
86.96399357
84.41987755
75.18304911
84.43313643
84.38338603
81.34105451
81.49468437
80.77370193
85.20263117
80.17261697
72.99158677
78.98081435
80.68874811
84.70968773
82.31207260
83.30850181
83.26592253
83.00082619
79.15616950
82.32776971
86.30399456
84.39970613
82.50644478
86.59007358
85.73896383
82.51671146
84.92671063
81.13492372
82.35254964
75.22944822
84.45133575
83.28667644
79.07618878
83.26429373
84.31424166
84.44417465
85.96551616
81.44644126
77.55115728
81.21665263
78.90700644
85.85557404
84.37265550
86.79425144
81.87851554
83.46664470
84.95744721
71.63692102
85.87083210
83.55231522
85.12075065
79.39714416
78.61273790
85.47105738
82.68100553
85.47348584
81.72229554
82.21882842
83.23266044
86.31765832
83.50375753
85.82030073
79.94706636
80.94763877
84.49446749
81.22817519
84.45408443
78.94629096
82.20277774
85.05923646
82.19266911
80.63643620
82.12748119
85.71046974
84.43169967
80.99359688
80.27268369
77.05841648
82.59634621
83.51034623
84.97571613
74.32898577
78.99368988
80.16655771
81.85215752
83.11686690
81.23042853
85.78535510
