id,bio_tm,bio_error
1,65.23764020636389,
2,65.81606638270551,
3,61.12299103975283,
4,61.03253905846998,
5,75.4111572150897,
6,77.9522463671808,
7,76.50838164773205,
8,60.55341100141669,
9,43.6405422783418,
10,44.21896845468342,
11,39.52589311173074,
12,39.435441130447884,
13,53.81405928706761,
14,56.35514843915871,
15,54.91128371970996,
16,38.9563130733946,
17,43.39253247177906,
18,43.970958648120686,
19,39.277883305168004,
20,39.18743132388515,
21,53.56604948050487,
22,56.107138632595976,
23,54.66327391314722,
24,38.70830326683186,
25,48.974765260564126,
26,49.55319143690575,
27,44.86011609395307,
28,44.76966411267021,
29,59.148282269289936,
30,61.68937142138104,
31,60.245506701932285,
32,44.290536055616926,
33,50.015589257095314,
34,50.59401543343694,
35,45.900940090484255,
36,45.8104881092014,
37,60.189106265821124,
38,62.73019541791223,
39,61.28633069846347,
40,45.33136005214811,
41,50.837742170098295,
42,51.29062942481664,
43,46.8023736343136,
44,46.71950480247983,
45,62.437880271881795,
46,65.82600735118115,
47,64.9317822944601,
48,47.23053690412763,
49,50.93704249191393,
50,51.467573678093686,
51,47.16088243987116,
52,47.077827817919626,
53,60.25700185375115,
54,62.581203092041505,
55,61.26075632318674,
56,46.63785257970534,
57,50.93704249191393,
58,51.467573678093686,
59,47.16088243987116,
60,47.077827817919626,
61,60.25700185375115,
62,62.581203092041505,
63,61.26075632318674,
64,46.63785257970534,
65,65.23764020636389,
66,65.81606638270551,
67,61.12299103975283,
68,61.03253905846998,
69,75.4111572150897,
70,77.9522463671808,
71,76.50838164773205,
72,60.55341100141669,
73,65.23764020636389,
74,65.81606638270551,
75,61.12299103975283,
76,61.03253905846998,
77,75.4111572150897,
78,77.9522463671808,
79,76.50838164773205,
80,60.55341100141669,
81,61.41218811148455,
82,61.99061428782617,
83,57.29753894487349,
84,57.20708696359063,
85,71.58570512021035,
86,74.12679427230145,
87,72.6829295528527,
88,56.727958906537346,
89,65.23764020636389,
90,65.81606638270551,
91,61.12299103975283,
92,61.03253905846998,
93,75.4111572150897,
94,77.9522463671808,
95,76.50838164773205,
96,60.55341100141669,
97,65.23764020636389,
98,65.81606638270551,
99,61.12299103975283,
100,61.03253905846998,
101,75.4111572150897,
102,77.9522463671808,
103,76.50838164773205,
104,60.55341100141669,
105,65.23764020636389,
106,65.81606638270551,
107,61.12299103975283,
108,61.03253905846998,
109,75.4111572150897,
110,77.9522463671808,
111,76.50838164773205,
112,60.55341100141669,
113,65.23764020636389,
114,65.81606638270551,
115,61.12299103975283,
116,61.03253905846998,
117,75.4111572150897,
118,77.9522463671808,
119,76.50838164773205,
120,60.55341100141669,
121,65.23764020636389,
122,65.81606638270551,
123,61.12299103975283,
124,61.03253905846998,
125,75.4111572150897,
126,77.9522463671808,
127,76.50838164773205,
128,60.55341100141669,
129,65.23764020636389,
130,65.81606638270551,
131,61.12299103975283,
132,61.03253905846998,
133,75.4111572150897,
134,77.9522463671808,
135,76.50838164773205,
136,60.55341100141669,
137,48.98938257092486,
138,49.56780874726648,
139,44.8747334043138,
140,44.78428142303095,
141,59.16289957965067,
142,61.703988731741774,
143,60.26012401229302,
144,44.30515336597766,
145,48.47806856130522,
146,49.056494737646844,
147,44.36341939469416,
148,44.27296741341131,
149,58.65158557003103,
150,61.192674722122135,
151,59.74881000267338,
152,43.79383935635802,
153,53.00250644473812,
154,53.58093262107974,
155,48.88785727812706,
156,48.797405296844204,
157,63.17602345346393,
158,65.71711260555503,
159,64.27324788610628,
160,48.318277239790916,
161,53.785555005482166,
162,54.36398118182379,
163,49.67090583887111,
164,49.58045385758825,
165,63.959072014207976,
166,66.50016116629908,
167,65.05629644685033,
168,49.101325800534966,
169,54.28869609270129,
170,54.7708457587749,
171,50.23354657028045,
172,50.14889107068802,
173,65.56009722221717,
174,68.75054042110264,
175,67.72689197852912,
176,50.43004521433318,
177,56.05977785239804,
178,56.60722761533174,
179,52.16401482861011,
180,52.078345728298416,
181,65.68107423643357,
182,68.08178598163181,
183,66.71780454834749,
184,51.624532073922865,
185,56.05977785239804,
186,56.60722761533174,
187,52.16401482861011,
188,52.078345728298416,
189,65.68107423643357,
190,68.08178598163181,
191,66.71780454834749,
192,51.624532073922865,
193,65.23764020636389,
194,65.81606638270551,
195,61.12299103975283,
196,61.03253905846998,
197,75.4111572150897,
198,77.9522463671808,
199,76.50838164773205,
200,60.55341100141669,
201,55.466225531413514,
202,56.044651707755136,
203,51.351576364802455,
204,51.2611243835196,
205,65.63974254013932,
206,68.18083169223043,
207,66.73696697278167,
208,50.78199632646631,
209,54.26997729424583,
210,54.84840347058745,
211,50.15532812763477,
212,50.064876146351914,
213,64.44349430297164,
214,66.98458345506275,
215,65.54071873561399,
216,49.585748089298626,
217,57.87964722823861,
218,58.45807340458023,
219,53.76499806162755,
220,53.6745460803447,
221,68.05316423696442,
222,70.59425338905552,
223,69.15038866960677,
224,53.19541802329141,
225,58.350558778838625,
226,58.92898495518025,
227,54.235909612227566,
228,54.14545763094471,
229,68.52407578756444,
230,71.06516493965555,
231,69.62130022020679,
232,53.666329573891424,
233,58.567103946072166,
234,59.08625276048912,
235,54.48811413730152,
236,54.40121675840106,
237,69.41940234180191,
238,72.36008190515764,
239,71.17394567252484,
240,54.390876658450054,
241,60.930560460227525,
242,61.49434338340694,
243,56.91936837479915,
244,56.831176732224606,
245,70.84295051049622,
246,73.31763318165036,
247,71.91155909996542,
248,56.36401177679397,
249,58.43611283976537,
250,58.99150110693142,
251,54.484242823081615,
252,54.39734749742496,
253,68.19886887118986,
254,70.6355200060338,
255,69.25108787634707,
256,53.93704362208359,
257,65.23764020636389,
258,65.81606638270551,
259,61.12299103975283,
260,61.03253905846998,
261,75.4111572150897,
262,77.9522463671808,
263,76.50838164773205,
264,60.55341100141669,
265,54.73540082264688,
266,55.3138269989885,
267,50.62075165603582,
268,50.53029967475297,
269,64.90891783137269,
270,67.4500069834638,
271,66.00614226401504,
272,50.05117161769968,
273,53.64620645026739,
274,54.224632626609015,
275,49.53155728365633,
276,49.44110530237348,
277,63.8197234589932,
278,66.3608126110843,
279,64.91694789163554,
280,48.96197724532019,
281,57.32932741742036,
282,57.90775359376198,
283,53.2146782508093,
284,53.124226269526446,
285,67.50284442614617,
286,70.04393357823727,
287,68.60006885878852,
288,52.64509821247316,
289,57.835459435912746,
290,58.41388561225437,
291,53.72081026930169,
292,53.63035828801883,
293,68.00897644463856,
294,70.55006559672967,
295,69.10620087728091,
296,53.151230230965545,
297,58.07875520996424,
298,58.593640521478676,
299,54.0024483225352,
300,53.91580833876145,
301,68.9795353282513,
302,71.94898350627699,
303,70.78150654271712,
304,53.9391033577092,
305,60.458261936869405,
306,61.02045057593648,
307,56.458335395952645,
308,56.37038991643897,
309,70.34223038749599,
310,72.80968811012792,
311,71.4077254650669,
312,55.904527830489315,
313,57.94510974691417,
314,58.49885305281549,
315,54.00486515666739,
316,53.9182238929551,
317,67.67855001733903,
318,70.10775199607508,
319,68.72755873871023,
320,53.45926471871485,
321,65.23764020636389,
322,65.81606638270551,
323,61.12299103975283,
324,61.03253905846998,
325,75.4111572150897,
326,77.9522463671808,
327,76.50838164773205,
328,60.55341100141669,
329,58.87946312769374,
330,59.45788930403536,
331,54.76481396108268,
332,54.674361979799826,
333,69.05298013641955,
334,71.59406928851065,
335,70.1502045690619,
336,54.19523392274654,
337,57.04487773734767,
338,57.62330391368929,
339,52.93022857073661,
340,52.839776589453756,
341,67.21839474607347,
342,69.75948389816458,
343,68.31561917871582,
344,52.36064853240047,
345,60.44985626158215,
346,61.02828243792377,
347,56.33520709497109,
348,56.244755113688235,
349,70.62337327030795,
350,73.16446242239905,
351,71.7205977029503,
352,55.76562705663495,
353,60.75627443404818,
354,61.3347006103898,
355,56.64162526743712,
356,56.55117328615427,
357,70.92979144277399,
358,73.4708805948651,
359,72.02701587541634,
360,56.07204522910098,
361,60.86708370479346,
362,61.40645210564668,
363,56.77559074710416,
364,56.687475909784325,
365,71.48882081340474,
366,74.29311421346364,
367,73.01871238350134,
368,56.51746718432116,
369,62.865119173344056,
370,63.43545596499678,
371,58.80761950757528,
372,58.71841606677589,
373,72.89436402930045,
374,75.39875785847067,
375,73.97577602276834,
376,58.24589600576144,
377,60.217232690904325,
378,60.77860858653605,
379,56.22304929059072,
380,56.13522930673395,
381,70.086712865675,
382,72.55048779579772,
383,71.15062087370774,
384,55.67003143456196,
385,70.73948743195245,
386,71.368265230431,
387,66.59681196270549,
388,66.50337378382665,
389,80.33004726448007,
390,82.53238166153801,
391,80.87201541340869,
392,65.62450081455671,
393,49.14238950393036,
394,49.77116730240891,
395,44.99971403468339,
396,44.90627585580455,
397,58.73294933645798,
398,60.93528373351592,
399,59.274917485386595,
400,44.02740288653462,
401,48.894379697367626,
402,49.52315749584618,
403,44.75170422812066,
404,44.65826604924182,
405,58.48493952989524,
406,60.68727392695318,
407,59.02690767882386,
408,43.77939307997188,
409,54.47661248615269,
410,55.10539028463124,
411,50.33393701690572,
412,50.24049883802688,
413,64.0671723186803,
414,66.26950671573825,
415,64.60914046760892,
416,49.361625868756946,
417,55.51743648268388,
418,56.14621428116243,
419,51.37476101343691,
420,51.28132283455807,
421,65.1079963152115,
422,67.31033071226943,
423,65.64996446414011,
424,50.40244986528813,
425,55.877809293304495,
426,56.37360831691876,
427,51.813716497573694,
428,51.72823177076776,
429,66.99503342049968,
430,70.09330941820366,
431,69.00956932421337,
432,51.90195621067426,
433,55.980223635482844,
434,56.55614189696087,
435,52.18355023147922,
436,52.097870843198564,
437,64.7547195775935,
438,66.7666954006832,
439,65.24994522833657,
440,51.291878659101826,
441,55.980223635482844,
442,56.55614189696087,
443,52.18355023147922,
444,52.097870843198564,
445,64.7547195775935,
446,66.7666954006832,
447,65.24994522833657,
448,51.291878659101826,
449,70.73948743195245,
450,71.368265230431,
451,66.59681196270549,
452,66.50337378382665,
453,80.33004726448007,
454,82.53238166153801,
455,80.87201541340869,
456,65.62450081455671,
457,70.73948743195245,
458,71.368265230431,
459,66.59681196270549,
460,66.50337378382665,
461,80.33004726448007,
462,82.53238166153801,
463,80.87201541340869,
464,65.62450081455671,
465,66.9140353370731,
466,67.54281313555165,
467,62.77135986782614,
468,62.6779216889473,
469,76.50459516960072,
470,78.70692956665866,
471,77.04656331852934,
472,61.799048719677366,
473,70.73948743195245,
474,71.368265230431,
475,66.59681196270549,
476,66.50337378382665,
477,80.33004726448007,
478,82.53238166153801,
479,80.87201541340869,
480,65.62450081455671,
481,70.73948743195245,
482,71.368265230431,
483,66.59681196270549,
484,66.50337378382665,
485,80.33004726448007,
486,82.53238166153801,
487,80.87201541340869,
488,65.62450081455671,
489,70.73948743195245,
490,71.368265230431,
491,66.59681196270549,
492,66.50337378382665,
493,80.33004726448007,
494,82.53238166153801,
495,80.87201541340869,
496,65.62450081455671,
497,70.73948743195245,
498,71.368265230431,
499,66.59681196270549,
500,66.50337378382665,
501,80.33004726448007,
502,82.53238166153801,
503,80.87201541340869,
504,65.62450081455671,
505,70.73948743195245,
506,71.368265230431,
507,66.59681196270549,
508,66.50337378382665,
509,80.33004726448007,
510,82.53238166153801,
511,80.87201541340869,
512,65.62450081455671,
513,70.73948743195245,
514,71.368265230431,
515,66.59681196270549,
516,66.50337378382665,
517,80.33004726448007,
518,82.53238166153801,
519,80.87201541340869,
520,65.62450081455671,
521,54.49122979651342,
522,55.120007594991975,
523,50.348554327266456,
524,50.255116148387614,
525,64.08178962904104,
526,66.28412402609898,
527,64.62375777796966,
528,49.37624317911768,
529,53.979915786893784,
530,54.608693585372336,
531,49.83724031764682,
532,49.743802138767975,
533,63.5704756194214,
534,65.77281001647934,
535,64.11244376835002,
536,48.86492916949804,
537,58.50435367032668,
538,59.13313146880523,
539,54.36167820107971,
540,54.26824002220087,
541,68.0949135028543,
542,70.29724789991224,
543,68.63688165178291,
544,53.389367052930936,
545,59.28740223107073,
546,59.91618002954928,
547,55.14472676182376,
548,55.05128858294492,
549,68.87796206359835,
550,71.08029646065629,
551,69.41993021252696,
552,54.172415613674985,
553,59.437556694287366,
554,59.96433072106112,
555,55.35380919646218,
556,55.26645206649732,
557,70.20302841555235,
558,73.09226441973209,
559,71.87279781849912,
560,55.195927461103,
561,61.26493110391516,
562,61.859509111708974,
563,57.34608149550064,
564,57.25766170805889,
565,70.32734539959324,
566,72.4064344248689,
567,70.83905234115775,
568,56.42592656530621,
569,61.26493110391516,
570,61.859509111708974,
571,57.34608149550064,
572,57.25766170805889,
573,70.32734539959324,
574,72.4064344248689,
575,70.83905234115775,
576,56.42592656530621,
577,70.73948743195245,
578,71.368265230431,
579,66.59681196270549,
580,66.50337378382665,
581,80.33004726448007,
582,82.53238166153801,
583,80.87201541340869,
584,65.62450081455671,
585,60.968072757002076,
586,61.59685055548063,
587,56.82539728775511,
588,56.73195910887627,
589,70.5586325895297,
590,72.76096698658763,
591,71.10060073845831,
592,55.85308613960633,
593,59.77182451983439,
594,60.40060231831294,
595,55.62914905058742,
596,55.53571087170858,
597,69.36238435236201,
598,71.56471874941995,
599,69.90435250129063,
600,54.656837902438646,
601,63.38149445382717,
602,64.01027225230573,
603,59.238818984580206,
604,59.145380805701365,
605,72.97205428635479,
606,75.17438868341273,
607,73.51402243528341,
608,58.26650783643143,
609,63.85240600442719,
610,64.48118380290575,
611,59.70973053518022,
612,59.61629235630138,
613,73.44296583695481,
614,75.64530023401275,
615,73.98493398588343,
616,58.737419387031444,
617,63.852482527261316,
618,64.41844002104835,
619,59.745086701985656,
620,59.65537878666089,
621,74.16948248472232,
622,76.79455795940095,
623,75.40464519675572,
624,59.275028580541175,
625,66.29213177532961,
626,66.90473689553437,
627,62.25528495386641,
628,62.16421923625347,
629,75.63286661974115,
630,77.77688144388998,
631,76.16051595164828,
632,61.30763014523262,
633,63.71728475126838,
634,64.320622997447,
635,59.74109016095434,
636,59.6513843992866,
637,72.91492839908125,
638,75.02555725692235,
639,73.43438008954979,
640,58.80756955518842,
641,70.73948743195245,
642,71.368265230431,
643,66.59681196270549,
644,66.50337378382665,
645,80.33004726448007,
646,82.53238166153801,
647,80.87201541340869,
648,65.62450081455671,
649,60.23724804823544,
650,60.866025846713995,
651,56.094572578988476,
652,56.001134400109635,
653,69.82780788076306,
654,72.030142277821,
655,70.36977602969168,
656,55.1222614308397,
657,59.148053675855955,
658,59.77683147433451,
659,55.00537820660899,
660,54.91194002773015,
661,68.73861350838357,
662,70.9409479054415,
663,69.28058165731218,
664,54.03306705846021,
665,62.83117464300892,
666,63.459952441487474,
667,58.688499173761954,
668,58.59506099488311,
669,72.42173447553654,
670,74.62406887259448,
671,72.96370262446516,
672,57.71618802561318,
673,63.33730666150131,
674,63.96608445997986,
675,59.19463119225434,
676,59.1011930133755,
677,72.92786649402893,
678,75.13020089108687,
679,73.46983464295755,
680,58.222320044105565,
681,63.348459531932804,
682,63.90990074902692,
683,59.243722707558106,
684,59.15428476562704,
685,73.7173405244236,
686,76.3728457328877,
687,75.00250867288213,
688,58.8096910891627,
689,65.80456307772243,
690,66.41540800795553,
691,61.77923607687882,
692,61.68842864439705,
693,75.11811533037832,
694,77.25578694125801,
695,75.64420717414276,
696,60.83426562875542,
697,63.210528645253476,
698,63.81205140883799,
699,59.24621760199426,
700,59.156778317624855,
701,72.38014408844748,
702,74.484234922096,
703,72.89799037025932,
704,58.31546657781979,
705,70.73948743195245,
706,71.368265230431,
707,66.59681196270549,
708,66.50337378382665,
709,80.33004726448007,
710,82.53238166153801,
711,80.87201541340869,
712,65.62450081455671,
713,64.3813103532823,
714,65.01008815176085,
715,60.238634884035335,
716,60.14519670515649,
717,73.97187018580992,
718,76.17420458286786,
719,74.51383833473854,
720,59.26632373588656,
721,62.54672496293623,
722,63.17550276141478,
723,58.404049493689264,
724,58.31061131481042,
725,72.13728479546384,
726,74.33961919252178,
727,72.67925294439246,
728,57.43173834554049,
729,65.9517034871707,
730,66.58048128564926,
731,61.809028017923744,
732,61.7155898390449,
733,75.54226331969832,
734,77.74459771675626,
735,76.08423146862694,
736,60.83671686977497,
737,66.25812165963674,
738,66.8868994581153,
739,62.115446190389775,
740,62.022008011510934,
741,75.84868149216436,
742,78.0510158892223,
743,76.39064964109298,
744,61.143135042241,
745,66.2266014269128,
746,66.81398104835608,
747,62.10682216516204,
748,62.01583703688408,
749,76.2968663010218,
750,78.77767039567073,
751,77.29514806505102,
752,61.465725705620514,
753,68.28946882749716,
754,68.90931109260345,
755,64.20526101150733,
756,64.11313348727487,
757,77.74198267850312,
758,79.91208660629229,
759,78.27603766054574,
760,63.24657098667768,
761,65.55574949300592,
762,66.16569714968534,
763,61.53629496079003,
764,61.44561919714704,
765,74.85544574391247,
766,76.98988415491459,
767,75.38074371407924,
768,60.592692954126164,
769,67.56846160148518,
770,68.16805777700512,
771,63.441786341711975,
772,63.3500752798152,
773,77.49755314128453,
774,79.8961338187865,
775,78.3609772051413,
776,62.703040312167616,
777,45.97136367346309,
778,46.57095984898302,
779,41.84468841368988,
780,41.752977351793106,
781,55.90045521326243,
782,58.2990358907644,
783,56.7638792771192,
784,41.10594238414552,
785,45.723353866900354,
786,46.32295004242029,
787,41.596678607127146,
788,41.50496754523037,
789,55.6524454066997,
790,58.051026084201666,
791,56.51586947055647,
792,40.85793257758279,
793,51.30558665568542,
794,51.90518283120535,
795,47.17891139591221,
796,47.087200334015435,
797,61.23467819548476,
798,63.63325887298673,
799,62.09810225934153,
800,46.44016536636785,
801,52.346410652216605,
802,52.94600682773654,
803,48.2197353924434,
804,48.12802433054662,
805,62.27550219201595,
806,64.67408286951792,
807,63.13892625587272,
808,47.48098936289904,
809,52.97378467755732,
810,53.444723361187584,
811,48.92611421057893,
812,48.84214175889957,
813,64.37142641297481,
814,67.63759262991113,
815,66.66343220215566,
816,49.21143828550419,
817,53.07439888772609,
818,53.62402567416126,
819,49.28940084500721,
820,49.20523887732884,
821,62.16542719911223,
822,64.3581811266539,
823,62.95491029580069,
824,48.61140907463471,
825,53.07439888772609,
826,53.62402567416126,
827,49.28940084500721,
828,49.20523887732884,
829,62.16542719911223,
830,64.3581811266539,
831,62.95491029580069,
832,48.61140907463471,
833,67.56846160148518,
834,68.16805777700512,
835,63.441786341711975,
836,63.3500752798152,
837,77.49755314128453,
838,79.8961338187865,
839,78.3609772051413,
840,62.703040312167616,
841,67.56846160148518,
842,68.16805777700512,
843,63.441786341711975,
844,63.3500752798152,
845,77.49755314128453,
846,79.8961338187865,
847,78.3609772051413,
848,62.703040312167616,
849,63.74300950660584,
850,64.34260568212576,
851,59.61633424683263,
852,59.524623184935855,
853,73.67210104640517,
854,76.07068172390714,
855,74.53552511026194,
856,58.87758821728827,
857,67.56846160148518,
858,68.16805777700512,
859,63.441786341711975,
860,63.3500752798152,
861,77.49755314128453,
862,79.8961338187865,
863,78.3609772051413,
864,62.703040312167616,
865,67.56846160148518,
866,68.16805777700512,
867,63.441786341711975,
868,63.3500752798152,
869,77.49755314128453,
870,79.8961338187865,
871,78.3609772051413,
872,62.703040312167616,
873,67.56846160148518,
874,68.16805777700512,
875,63.441786341711975,
876,63.3500752798152,
877,77.49755314128453,
878,79.8961338187865,
879,78.3609772051413,
880,62.703040312167616,
881,67.56846160148518,
882,68.16805777700512,
883,63.441786341711975,
884,63.3500752798152,
885,77.49755314128453,
886,79.8961338187865,
887,78.3609772051413,
888,62.703040312167616,
889,67.56846160148518,
890,68.16805777700512,
891,63.441786341711975,
892,63.3500752798152,
893,77.49755314128453,
894,79.8961338187865,
895,78.3609772051413,
896,62.703040312167616,
897,67.56846160148518,
898,68.16805777700512,
899,63.441786341711975,
900,63.3500752798152,
901,77.49755314128453,
902,79.8961338187865,
903,78.3609772051413,
904,62.703040312167616,
905,51.32020396604615,
906,51.919800141566085,
907,47.19352870627294,
908,47.10181764437617,
909,61.249295505845495,
910,63.64787618334746,
911,62.112719569702264,
912,46.454782676728584,
913,50.80888995642651,
914,51.40848613194645,
915,46.682214696653304,
916,46.59050363475653,
917,60.737981496225856,
918,63.136562173727825,
919,61.601405560082625,
920,45.943468667108945,
921,55.33332783985941,
922,55.93292401537934,
923,51.2066525800862,
924,51.114941518189426,
925,65.26241937965875,
926,67.66100005716072,
927,66.12584344351552,
928,50.46790655054184,
929,56.11637640060346,
930,56.71597257612339,
931,51.98970114083025,
932,51.897990078933475,
933,66.0454679404028,
934,68.44404861790477,
935,66.90889200425957,
936,51.25095511128589,
937,56.47063826400506,
938,56.97155744656959,
939,52.403235866818875,
940,52.31744074252498,
941,67.5298946791267,
942,70.59360461651704,
943,69.48736781962828,
944,52.450833822394316,
945,58.265467154076134,
946,58.832740268203054,
947,54.35977371430852,
948,54.27294439088644,
949,67.6522831434171,
950,69.91762783661608,
951,68.46784609589935,
952,53.66031452274211,
953,58.265467154076134,
954,58.832740268203054,
955,54.35977371430852,
956,54.27294439088644,
957,67.6522831434171,
958,69.91762783661608,
959,68.46784609589935,
960,53.66031452274211,
961,67.56846160148518,
962,68.16805777700512,
963,63.441786341711975,
964,63.3500752798152,
965,77.49755314128453,
966,79.8961338187865,
967,78.3609772051413,
968,62.703040312167616,
969,57.797046926534804,
970,58.39664310205474,
971,53.670371666761596,
972,53.57866060486482,
973,67.72613846633415,
974,70.12471914383612,
975,68.58956253019092,
976,52.93162563721724,
977,56.60079868936712,
978,57.20039486488705,
979,52.47412342959391,
980,52.382412367697135,
981,66.52989022916647,
982,68.92847090666844,
983,67.39331429302324,
984,51.73537740004955,
985,60.2104686233599,
986,60.810064798879836,
987,56.08379336358669,
988,55.99208230168992,
989,70.13956016315925,
990,72.53814084066121,
991,71.00298422701601,
992,55.345047334042334,
993,60.681380173959916,
994,61.28097634947985,
995,56.55470491418671,
996,56.462993852289934,
997,70.61047171375927,
998,73.00905239126124,
999,71.47389577761604,
1000,55.81595888464235,
1001,60.80663339368027,
1002,61.3454674136828,
1003,56.71546625605373,
1004,56.62738352700285,
1005,71.43447729184066,
1006,74.2423741523221,
1007,72.97030031759442,
1008,56.46159789210992,
1009,63.202225787865075,
1010,63.7865398521206,
1011,59.18001352817146,
1012,59.090609863094244,
1013,72.87485722437606,
1014,75.21040168373241,
1015,73.71563848070798,
1016,58.459836389011684,
1017,60.67386794406201,
1018,61.24942293791025,
1019,56.711542127233486,
1020,56.62346149358103,
1021,70.19956853263028,
1022,72.49901811474683,
1023,71.02738350752696,
1024,56.00201245620002,
1025,67.56846160148518,
1026,68.16805777700512,
1027,63.441786341711975,
1028,63.3500752798152,
1029,77.49755314128453,
1030,79.8961338187865,
1031,78.3609772051413,
1032,62.703040312167616,
1033,57.06622221776817,
1034,57.665818393288106,
1035,52.93954695799496,
1036,52.84783589609819,
1037,66.99531375756752,
1038,69.39389443506948,
1039,67.85873782142428,
1040,52.200800928450604,
1041,55.97702784538868,
1042,56.57662402090862,
1043,51.850352585615475,
1044,51.7586415237187,
1045,65.90611938518802,
1046,68.30470006268999,
1047,66.76954344904479,
1048,51.111606556071116,
1049,59.66014881254165,
1050,60.259744988061584,
1051,55.53347355276844,
1052,55.44176249087167,
1053,69.589240352341,
1054,71.98782102984296,
1055,70.45266441619776,
1056,54.79472752322408,
1057,60.16628083103404,
1058,60.76587700655397,
1059,56.03960557126083,
1060,55.947894509364055,
1061,70.09537237083339,
1062,72.49395304833536,
1063,70.95879643469016,
1064,55.30085954171647,
1065,60.311673317457576,
1066,60.846137880040715,
1067,56.22317964211544,
1068,56.1353595887573,
1069,70.98942361460718,
1070,73.82678702913319,
1071,72.57375811663911,
1072,56.00409828108519,
1073,62.72348700242111,
1074,63.306137471230784,
1075,58.7126481639973,
1076,58.623495750320956,
1077,72.36820865324347,
1078,74.69689571118249,
1079,73.2065265907284,
1080,57.994493023971245,
1081,60.17622025635586,
1082,60.75005903799985,
1083,56.225629398975855,
1084,56.13780803944036,
1085,69.67313716535676,
1086,71.96551747763516,
1087,70.4984125860546,
1088,55.518186335865835,
1089,67.56846160148518,
1090,68.16805777700512,
1091,63.441786341711975,
1092,63.3500752798152,
1093,77.49755314128453,
1094,79.8961338187865,
1095,78.3609772051413,
1096,62.703040312167616,
1097,61.21028452281503,
1098,61.809880698334965,
1099,57.08360926304182,
1100,56.99189820114505,
1101,71.13937606261437,
1102,73.53795674011634,
1103,72.00280012647114,
1104,56.34486323349746,
1105,59.37569913246896,
1106,59.975295307988894,
1107,55.24902387269575,
1108,55.15731281079898,
1109,69.3047906722683,
1110,71.70337134977026,
1111,70.16821473612507,
1112,54.51027784315139,
1113,62.78067765670344,
1114,63.380273832223374,
1115,58.65400239693023,
1116,58.56229133503346,
1117,72.70976919650278,
1118,75.10834987400474,
1119,73.57319326035955,
1120,57.91525636738587,
1121,63.08709582916947,
1122,63.686692004689405,
1123,58.96042056939626,
1124,58.86870950749949,
1125,73.01618736896882,
1126,75.41476804647078,
1127,73.87961143282558,
1128,58.221674539851904,
1129,63.137882928079364,
1130,63.69744056209487,
1131,59.03426012489541,
1132,58.94493485345777,
1133,73.52838739782908,
1134,76.19658519220843,
1135,74.83441781679164,
1136,58.615250525132694,
1137,65.16326020802023,
1138,65.75441357468969,
1139,61.09429350560282,
1140,61.00385705226472,
1141,74.95065012711916,
1142,77.31439607197308,
1143,75.80156168834765,
1144,60.365804867876705,
1145,62.47917462907873,
1146,63.06097703907284,
1147,58.47413380052353,
1148,58.38510947379996,
1149,72.1096692011281,
1150,74.43486088309095,
1151,72.94673151905914,
1152,57.757009470632,
1153,54.389423519799266,
1154,49.11598106413197,
1155,47.00419499395406,
1156,46.87182247592398,
1157,55.30048210877811,
1158,55.05700864497334,
1159,54.824631644401165,
1160,41.935356113838566,
1161,32.79232559177717,
1162,27.51888313610988,
1163,25.407097065931968,
1164,25.274724547901886,
1165,33.70338418075602,
1166,33.45991071695124,
1167,33.22753371637907,
1168,20.338258185816475,
1169,32.54431578521444,
1170,27.27087332954714,
1171,25.159087259369226,
1172,25.026714741339145,
1173,33.45537437419328,
1174,33.21190091038851,
1175,32.979523909816336,
1176,20.090248379253733,
1177,38.1265485739995,
1178,32.85310611833221,
1179,30.741320048154293,
1180,30.60894753012421,
1181,39.03760716297835,
1182,38.79413369917357,
1183,38.5617566986014,
1184,25.6724811680388,
1185,39.16737257053069,
1186,33.893930114863394,
1187,31.78214404468548,
1188,31.6497715266554,
1189,40.078431159509535,
1190,39.83495769570476,
1191,39.60258069513259,
1192,26.713305164569988,
1193,42.449539621737244,
1194,37.035449246703024,
1195,34.382921537428956,
1196,34.26077821089757,
1197,43.94485726687287,
1198,44.12501702525606,
1199,44.07823582071751,
1200,31.436899011191088,
1201,41.44912902456571,
1202,36.58104107165195,
1203,34.62984385289951,
1204,34.50750434560274,
1205,42.28952982127032,
1206,42.06495719731191,
1207,41.8506073167398,
1208,29.942397730352752,
1209,41.44912902456571,
1210,36.58104107165195,
1211,34.62984385289951,
1212,34.50750434560274,
1213,42.28952982127032,
1214,42.06495719731191,
1215,41.8506073167398,
1216,29.942397730352752,
1217,54.389423519799266,
1218,49.11598106413197,
1219,47.00419499395406,
1220,46.87182247592398,
1221,55.30048210877811,
1222,55.05700864497334,
1223,54.824631644401165,
1224,41.935356113838566,
1225,54.389423519799266,
1226,49.11598106413197,
1227,47.00419499395406,
1228,46.87182247592398,
1229,55.30048210877811,
1230,55.05700864497334,
1231,54.824631644401165,
1232,41.935356113838566,
1233,50.56397142491992,
1234,45.29052896925263,
1235,43.17874289907471,
1236,43.04637038104463,
1237,51.47503001389877,
1238,51.23155655009399,
1239,50.99917954952182,
1240,38.10990401895922,
1241,54.389423519799266,
1242,49.11598106413197,
1243,47.00419499395406,
1244,46.87182247592398,
1245,55.30048210877811,
1246,55.05700864497334,
1247,54.824631644401165,
1248,41.935356113838566,
1249,54.389423519799266,
1250,49.11598106413197,
1251,47.00419499395406,
1252,46.87182247592398,
1253,55.30048210877811,
1254,55.05700864497334,
1255,54.824631644401165,
1256,41.935356113838566,
1257,54.389423519799266,
1258,49.11598106413197,
1259,47.00419499395406,
1260,46.87182247592398,
1261,55.30048210877811,
1262,55.05700864497334,
1263,54.824631644401165,
1264,41.935356113838566,
1265,54.389423519799266,
1266,49.11598106413197,
1267,47.00419499395406,
1268,46.87182247592398,
1269,55.30048210877811,
1270,55.05700864497334,
1271,54.824631644401165,
1272,41.935356113838566,
1273,54.389423519799266,
1274,49.11598106413197,
1275,47.00419499395406,
1276,46.87182247592398,
1277,55.30048210877811,
1278,55.05700864497334,
1279,54.824631644401165,
1280,41.935356113838566,
1281,54.389423519799266,
1282,49.11598106413197,
1283,47.00419499395406,
1284,46.87182247592398,
1285,55.30048210877811,
1286,55.05700864497334,
1287,54.824631644401165,
1288,41.935356113838566,
1289,38.141165884360234,
1290,32.86772342869294,
1291,30.75593735851503,
1292,30.62356484048495,
1293,39.05222447333908,
1294,38.808751009534305,
1295,38.576374008962134,
1296,25.687098478399538,
1297,37.629851874740595,
1298,32.3564094190733,
1299,30.244623348895388,
1300,30.112250830865307,
1301,38.54091046371944,
1302,38.297436999914666,
1303,38.065059999342495,
1304,25.175784468779895,
1305,42.15428975817349,
1306,36.8808473025062,
1307,34.76906123232828,
1308,34.6366887142982,
1309,43.06534834715234,
1310,42.82187488334756,
1311,42.58949788277539,
1312,29.70022235221279,
1313,42.93733831891754,
1314,37.66389586325025,
1315,35.55210979307233,
1316,35.41973727504225,
1317,43.84839690789639,
1318,43.60492344409161,
1319,43.37254644351944,
1320,30.48327091295684,
1321,45.324790984722824,
1322,39.94220187998616,
1323,37.415143039068255,
1324,37.29057970180702,
1325,46.68346143050712,
1326,46.76407554770452,
1327,46.67359406210119,
1328,33.971277051314075,
1329,46.15233981799952,
1330,41.1387692611309,
1331,39.129911575153926,
1332,39.003969179942885,
1333,47.01809075449478,
1334,46.786737273960284,
1335,46.56591981330536,
1336,34.30546681701378,
1337,46.15233981799952,
1338,41.1387692611309,
1339,39.129911575153926,
1340,39.003969179942885,
1341,47.01809075449478,
1342,46.786737273960284,
1343,46.56591981330536,
1344,34.30546681701378,
1345,54.389423519799266,
1346,49.11598106413197,
1347,47.00419499395406,
1348,46.87182247592398,
1349,55.30048210877811,
1350,55.05700864497334,
1351,54.824631644401165,
1352,41.935356113838566,
1353,44.61800884484889,
1354,39.344566389181594,
1355,37.23278031900368,
1356,37.1004078009736,
1357,45.529067433827734,
1358,45.28559397002296,
1359,45.05321696945079,
1360,32.16394143888819,
1361,43.4217606076812,
1362,38.14831815201391,
1363,36.03653208183599,
1364,35.90415956380591,
1365,44.33281919666005,
1366,44.08934573285527,
1367,43.8569687322831,
1368,30.9676932017205,
1369,47.031430541673984,
1370,41.75798808600669,
1371,39.64620201582878,
1372,39.513829497798696,
1373,47.94248913065283,
1374,47.699015666848055,
1375,47.466638666275884,
1376,34.577363135713284,
1377,47.502342092274,
1378,42.228899636606705,
1379,40.11711356642879,
1380,39.98474104839871,
1381,48.413400681252845,
1382,48.16992721744807,
1383,47.9375502168759,
1384,35.0482746863133,
1385,48.87730575161362,
1386,43.535711891572134,
1387,41.16782759187032,
1388,41.04023638702307,
1389,50.06359153487233,
1390,50.01904287301278,
1391,49.8736943790326,
1392,37.09715285288769,
1393,50.58078476152264,
1394,45.4283041753626,
1395,43.36441699381987,
1396,43.235036599240004,
1397,51.47075011495474,
1398,51.23291929417945,
1399,51.00592393490524,
1400,38.409284572131185,
1401,49.07381176932938,
1402,43.968811099808704,
1403,41.9237303513886,
1404,41.795524845741795,
1405,49.95549951311159,
1406,49.71988297742786,
1407,49.494999518374186,
1408,37.01325415624228,
1409,54.389423519799266,
1410,49.11598106413197,
1411,47.00419499395406,
1412,46.87182247592398,
1413,55.30048210877811,
1414,55.05700864497334,
1415,54.824631644401165,
1416,41.935356113838566,
1417,43.887184136082254,
1418,38.61374168041496,
1419,36.50195561023705,
1420,36.369583092206966,
1421,44.7982427250611,
1422,44.554769261256325,
1423,44.322392260684154,
1424,31.433116730121558,
1425,42.797989763702766,
1426,37.52454730803547,
1427,35.41276123785756,
1428,35.28038871982748,
1429,43.70904835268161,
1430,43.46557488887684,
1431,43.233197888304666,
1432,30.343922357742066,
1433,46.48111073085573,
1434,41.20766827518844,
1435,39.095882205010525,
1436,38.963509686980444,
1437,47.39216931983458,
1438,47.1486958560298,
1439,46.91631885545763,
1440,34.02704332489503,
1441,46.98724274934812,
1442,41.713800293680826,
1443,39.60201422350291,
1444,39.46964170547283,
1445,47.89830133832697,
1446,47.65482787452219,
1447,47.42245087395002,
1448,34.53317534338742,
1449,48.472490286043865,
1450,43.12610915383573,
1451,40.73985448141377,
1452,40.612610424401055,
1453,49.67861753441343,
1454,49.648452115977534,
1455,49.509404356847256,
1456,36.74125858405131,
1457,50.15432251780226,
1458,45.01530033928259,
1459,42.95674363277959,
1460,42.82769624179821,
1461,51.04194143422211,
1462,50.80473829545559,
1463,50.57834159306532,
1464,38.01426783824638,
1465,48.30635471924677,
1466,43.22545105288151,
1467,41.18991606722045,
1468,41.06230693260994,
1469,49.183841823724094,
1470,48.9493489595676,
1471,48.725537223444576,
1472,36.30210905115973,
1473,54.389423519799266,
1474,49.11598106413197,
1475,47.00419499395406,
1476,46.87182247592398,
1477,55.30048210877811,
1478,55.05700864497334,
1479,54.824631644401165,
1480,41.935356113838566,
1481,48.03124644112911,
1482,42.75780398546182,
1483,40.646017915283906,
1484,40.513645397253825,
1485,48.94230503010796,
1486,48.698831566303184,
1487,48.46645456573101,
1488,35.57717903516841,
1489,46.19666105078304,
1490,40.92321859511575,
1491,38.811432524937835,
1492,38.679060006907754,
1493,47.10771963976189,
1494,46.86424617595711,
1495,46.63186917538494,
1496,33.74259364482234,
1497,49.60163957501752,
1498,44.32819711935023,
1499,42.216411049172315,
1500,42.084038531142234,
1501,50.51269816399637,
1502,50.26922470019159,
1503,50.03684769961942,
1504,37.14757216905682,
1505,49.908057747483554,
1506,44.63461529181626,
1507,42.52282922163835,
1508,42.390456703608265,
1509,50.8191163364624,
1510,50.575642872657625,
1511,50.34326587208545,
1512,37.453990341522854,
1513,50.781526097764754,
1514,45.46285093611414,
1515,43.18218198465121,
1516,43.05295049979128,
1517,51.873796832493724,
1518,51.76117498902386,
1519,51.5860214095635,
1520,38.770201115323175,
1521,52.316307904803466,
1522,47.108878587289155,
1523,45.02323028251021,
1524,44.89249048074879,
1525,53.215854315367665,
1526,52.97546049467354,
1527,52.746020670716405,
1528,40.01643407061249,
1529,51.85905883778321,
1530,46.666134395105985,
1531,44.586230017721164,
1532,44.45584902921712,
1533,52.75607598721456,
1534,52.516358765625796,
1535,52.287564246251236,
1536,39.59306977743768,
1537,61.996288290674045,
1538,56.825983280869764,
1539,55.085941716795446,
1540,54.94680326305729,
1541,62.51208263062273,
1542,61.98472963863185,
1543,61.6285030864658,
1544,48.588467375428365,
1545,40.39919036265195,
1546,35.22888535284767,
1547,33.48884378877335,
1548,33.349705335035196,
1549,40.914984702600634,
1550,40.38763171060975,
1551,40.031405158443704,
1552,26.991369447406274,
1553,40.151180556089216,
1554,34.980875546284935,
1555,33.24083398221062,
1556,33.10169552847246,
1557,40.6669748960379,
1558,40.13962190404702,
1559,39.78339535188097,
1560,26.743359640843533,
1561,45.73341334487428,
1562,40.56310833507,
1563,38.82306677099568,
1564,38.683928317257525,
1565,46.24920768482296,
1566,45.72185469283208,
1567,45.36562814066603,
1568,32.3255924296286,
1569,46.77423734140547,
1570,41.603932331601186,
1571,39.86389076752687,
1572,39.72475231378871,
1573,47.29003168135415,
1574,46.76267868936327,
1575,46.40645213719722,
1576,33.36641642615979,
1577,49.50594851562647,
1578,44.17184792593116,
1579,41.83260972777879,
1580,41.7044783514537,
1581,50.661321408547735,
1582,50.594375403766946,
1583,50.43921773998153,
1584,37.64967002038202,
1585,48.46037605790485,
1586,43.69630622629268,
1587,42.091644885921085,
1588,41.9633027207077,
1589,48.93531836104006,
1590,48.44973219993477,
1591,48.12168418274763,
1592,36.093734886000846,
1593,48.46037605790485,
1594,43.69630622629268,
1595,42.091644885921085,
1596,41.9633027207077,
1597,48.93531836104006,
1598,48.44973219993477,
1599,48.12168418274763,
1600,36.093734886000846,
1601,61.996288290674045,
1602,56.825983280869764,
1603,55.085941716795446,
1604,54.94680326305729,
1605,62.51208263062273,
1606,61.98472963863185,
1607,61.6285030864658,
1608,48.588467375428365,
1609,61.996288290674045,
1610,56.825983280869764,
1611,55.085941716795446,
1612,54.94680326305729,
1613,62.51208263062273,
1614,61.98472963863185,
1615,61.6285030864658,
1616,48.588467375428365,
1617,58.1708361957947,
1618,53.00053118599042,
1619,51.2604896219161,
1620,51.121351168177945,
1621,58.68663053574338,
1622,58.1592775437525,
1623,57.80305099158645,
1624,44.76301528054902,
1625,61.996288290674045,
1626,56.825983280869764,
1627,55.085941716795446,
1628,54.94680326305729,
1629,62.51208263062273,
1630,61.98472963863185,
1631,61.6285030864658,
1632,48.588467375428365,
1633,61.996288290674045,
1634,56.825983280869764,
1635,55.085941716795446,
1636,54.94680326305729,
1637,62.51208263062273,
1638,61.98472963863185,
1639,61.6285030864658,
1640,48.588467375428365,
1641,61.996288290674045,
1642,56.825983280869764,
1643,55.085941716795446,
1644,54.94680326305729,
1645,62.51208263062273,
1646,61.98472963863185,
1647,61.6285030864658,
1648,48.588467375428365,
1649,61.996288290674045,
1650,56.825983280869764,
1651,55.085941716795446,
1652,54.94680326305729,
1653,62.51208263062273,
1654,61.98472963863185,
1655,61.6285030864658,
1656,48.588467375428365,
1657,61.996288290674045,
1658,56.825983280869764,
1659,55.085941716795446,
1660,54.94680326305729,
1661,62.51208263062273,
1662,61.98472963863185,
1663,61.6285030864658,
1664,48.588467375428365,
1665,61.996288290674045,
1666,56.825983280869764,
1667,55.085941716795446,
1668,54.94680326305729,
1669,62.51208263062273,
1670,61.98472963863185,
1671,61.6285030864658,
1672,48.588467375428365,
1673,45.74803065523501,
1674,40.57772564543073,
1675,38.837684081356414,
1676,38.69854562761826,
1677,46.2638249951837,
1678,45.736472003192816,
1679,45.38024545102677,
1680,32.340209739989334,
1681,45.236716645615374,
1682,40.06641163581109,
1683,38.326370071736775,
1684,38.18723161799862,
1685,45.75251098556406,
1686,45.22515799357318,
1687,44.86893144140713,
1688,31.828895730369695,
1689,49.76115452904827,
1690,44.59084951924399,
1691,42.85080795516967,
1692,42.711669501431516,
1693,50.27694886899695,
1694,49.74959587700607,
1695,49.39336932484002,
1696,36.35333361380259,
1697,50.54420308979232,
1698,45.37389807998804,
1699,43.63385651591372,
1700,43.494718062175565,
1701,51.059997429741,
1702,50.53264443775012,
1703,50.17641788558407,
1704,37.13638217454664,
1705,52.511823556740296,
1706,47.21454575446245,
1707,45.01427575138189,
1708,44.883543306975014,
1709,53.51769085373701,
1710,53.34262009300113,
1711,53.14014555275327,
1712,40.288939715394065,
1713,53.3771952333052,
1714,48.4674564215274,
1715,46.81423052525804,
1716,46.68201501546247,
1717,53.86678154975914,
1718,53.36622344390031,
1719,53.028073891209544,
1720,40.637027638857774,
1721,53.3771952333052,
1722,48.4674564215274,
1723,46.81423052525804,
1724,46.68201501546247,
1725,53.86678154975914,
1726,53.36622344390031,
1727,53.028073891209544,
1728,40.637027638857774,
1729,61.996288290674045,
1730,56.825983280869764,
1731,55.085941716795446,
1732,54.94680326305729,
1733,62.51208263062273,
1734,61.98472963863185,
1735,61.6285030864658,
1736,48.588467375428365,
1737,52.224873615723666,
1738,47.054568605919386,
1739,45.31452704184507,
1740,45.17538858810691,
1741,52.74066795567235,
1742,52.21331496368147,
1743,51.85708841151542,
1744,38.81705270047799,
1745,51.02862537855598,
1746,45.8583203687517,
1747,44.11827880467738,
1748,43.979140350939225,
1749,51.54441971850466,
1750,51.01706672651378,
1751,50.66084017434773,
1752,37.6208044633103,
1753,54.63829531254876,
1754,49.46799030274448,
1755,47.727948738670165,
1756,47.58881028493201,
1757,55.15408965249745,
1758,54.626736660506566,
1759,54.27051010834052,
1760,41.230474397303084,
1761,55.10920686314878,
1762,49.9389018533445,
1763,48.19886028927018,
1764,48.059721835532024,
1765,55.62500120309746,
1766,55.09764821110658,
1767,54.74142165894053,
1768,41.7013859479031,
1769,56.227422313982686,
1770,50.977934202380766,
1771,48.95401875556786,
1772,48.82002929774404,
1773,57.04461461490058,
1774,56.73354012844709,
1775,56.47163452395682,
1776,43.54542218126454,
1777,58.009766122103144,
1778,52.960803311595214,
1779,51.26118204002529,
1780,51.12526663620645,
1781,58.513353606691794,
1782,57.9984808073919,
1783,57.65067370916188,
1784,44.91278439377555,
1785,56.43300387495236,
1786,51.43164313678943,
1787,49.74788267195953,
1788,49.6132320721656,
1789,56.93180366807803,
1790,56.4218257688907,
1791,56.07732100272278,
1792,43.45800018178011,
1793,61.996288290674045,
1794,56.825983280869764,
1795,55.085941716795446,
1796,54.94680326305729,
1797,62.51208263062273,
1798,61.98472963863185,
1799,61.6285030864658,
1800,48.588467375428365,
1801,51.49404890695703,
1802,46.32374389715275,
1803,44.583702333078435,
1804,44.44456387934028,
1805,52.00984324690572,
1806,51.482490254914836,
1807,51.12626370274879,
1808,38.086227991711354,
1809,50.404854534577545,
1810,45.234549524773264,
1811,43.49450796069895,
1812,43.35536950696079,
1813,50.92064887452623,
1814,50.39329588253535,
1815,50.0370693303693,
1816,36.997033619331866,
1817,54.08797550173051,
1818,48.91767049192623,
1819,47.17762892785191,
1820,47.03849047411376,
1821,54.603769841679195,
1822,54.076416849688314,
1823,53.720190297522265,
1824,40.68015458648483,
1825,54.5941075202229,
1826,49.42380251041862,
1827,47.6837609463443,
1828,47.544622492606145,
1829,55.10990186017158,
1830,54.5825488681807,
1831,54.22632231601465,
1832,41.18628660497722,
1833,55.803928675358065,
1834,50.54886668840203,
1835,48.50459492872608,
1836,48.37097903690022,
1837,56.64284141046619,
1838,56.34739903234083,
1839,56.09231960010362,
1840,43.17458898704308,
1841,57.5635198580959,
1842,52.52805164026074,
1843,50.83292647443085,
1844,50.69736960293852,
1845,58.06575003390583,
1846,57.55226493687667,
1847,57.20539404225849,
1848,44.50111524882806,
1849,55.630134651680805,
1850,50.65292702879486,
1851,48.97721516438662,
1852,48.84320641130762,
1853,56.126505406979334,
1854,55.619010938440965,
1855,55.27618163605382,
1856,42.71703019798849,
1857,61.996288290674045,
1858,56.825983280869764,
1859,55.085941716795446,
1860,54.94680326305729,
1861,62.51208263062273,
1862,61.98472963863185,
1863,61.6285030864658,
1864,48.588467375428365,
1865,55.63811121200389,
1866,50.46780620219961,
1867,48.727764638125294,
1868,48.58862618438714,
1869,56.153905551952576,
1870,55.626552559961695,
1871,55.270326007795646,
1872,42.23029029675821,
1873,53.80352582165782,
1874,48.63322081185354,
1875,46.89317924777922,
1876,46.75404079404107,
1877,54.319320161606505,
1878,53.791967169615624,
1879,53.435740617449575,
1880,40.39570490641214,
1881,57.2085043458923,
1882,52.03819933608802,
1883,50.2981577720137,
1884,50.15901931827555,
1885,57.724298685840985,
1886,57.196945693850104,
1887,56.840719141684055,
1888,43.80068343064662,
1889,57.51492251835833,
1890,52.34461750855405,
1891,50.604575944479734,
1892,50.46543749074158,
1893,58.03071685830702,
1894,57.503363866316135,
1895,57.147137314150086,
1896,44.10710160311265,
1897,58.21982939367939,
1898,52.997003132846544,
1899,51.06974313035812,
1900,50.93398805624929,
1901,58.93408944671688,
1902,58.54902034891421,
1903,58.25481949702646,
1904,45.28893486318947,
1905,59.82608031201016,
1906,54.72200826841612,
1907,53.00402771676778,
1908,52.866648333102944,
1909,60.335211251222404,
1910,59.81467086666396,
1911,59.46304022283715,
1912,46.587909934210074,
1913,59.34750229206668,
1914,54.25797947992811,
1915,52.54484561004966,
1916,52.40785269716673,
1917,59.85516964554762,
1918,59.33612561960007,
1919,58.98550446217888,
1920,46.14660401173728,
1921,57.59934177833401,
1922,52.36813476219481,
1923,50.41061707400138,
1924,50.27541329324873,
1925,58.34578921279359,
1926,57.98384355107794,
1927,57.699732117109306,
1928,44.7461615476152,
1929,36.00224385031191,
1930,30.771036834172723,
1931,28.81351914597929,
1932,28.67831536522664,
1933,36.748691284771496,
1934,36.386745623055845,
1935,36.10263418908721,
1936,23.14906361959311,
1937,35.75423404374918,
1938,30.52302702760998,
1939,28.565509339416547,
1940,28.4303055586639,
1941,36.50068147820876,
1942,36.13873581649311,
1943,35.85462438252448,
1944,22.90105381303037,
1945,41.33646683253424,
1946,36.10525981639505,
1947,34.147742128201614,
1948,34.01253834744897,
1949,42.082914266993825,
1950,41.72096860527817,
1951,41.43685717130954,
1952,28.483286601815436,
1953,42.37729082906543,
1954,37.146083812926236,
1955,35.1885661247328,
1956,35.053362343980154,
1957,43.12373826352501,
1958,42.76179260180936,
1959,42.47768116784073,
1960,29.524110598346624,
1961,45.42863503202926,
1962,40.04721173105929,
1963,37.52474056628745,
1964,37.40008931508487,
1965,46.78232213157793,
1966,46.859311573210675,
1967,46.767239930895414,
1968,34.06273572422782,
1969,44.40927908480961,
1970,39.583943104278205,
1971,37.776735937731246,
1972,37.65188243020248,
1973,45.09731606650456,
1974,44.76370857528809,
1975,44.5018209610875,
1976,32.5424195567939,
1977,44.40927908480961,
1978,39.583943104278205,
1979,37.776735937731246,
1980,37.65188243020248,
1981,45.09731606650456,
1982,44.76370857528809,
1983,44.5018209610875,
1984,32.5424195567939,
1985,57.59934177833401,
1986,52.36813476219481,
1987,50.41061707400138,
1988,50.27541329324873,
1989,58.34578921279359,
1990,57.98384355107794,
1991,57.699732117109306,
1992,44.7461615476152,
1993,57.59934177833401,
1994,52.36813476219481,
1995,50.41061707400138,
1996,50.27541329324873,
1997,58.34578921279359,
1998,57.98384355107794,
1999,57.699732117109306,
2000,44.7461615476152,
2001,53.77388968345466,
2002,48.54268266731547,
2003,46.585164979122034,
2004,46.44996119836939,
2005,54.520337117914245,
2006,54.15839145619859,
2007,53.87428002222996,
2008,40.920709452735856,
2009,57.59934177833401,
2010,52.36813476219481,
2011,50.41061707400138,
2012,50.27541329324873,
2013,58.34578921279359,
2014,57.98384355107794,
2015,57.699732117109306,
2016,44.7461615476152,
2017,57.59934177833401,
2018,52.36813476219481,
2019,50.41061707400138,
2020,50.27541329324873,
2021,58.34578921279359,
2022,57.98384355107794,
2023,57.699732117109306,
2024,44.7461615476152,
2025,57.59934177833401,
2026,52.36813476219481,
2027,50.41061707400138,
2028,50.27541329324873,
2029,58.34578921279359,
2030,57.98384355107794,
2031,57.699732117109306,
2032,44.7461615476152,
2033,57.59934177833401,
2034,52.36813476219481,
2035,50.41061707400138,
2036,50.27541329324873,
2037,58.34578921279359,
2038,57.98384355107794,
2039,57.699732117109306,
2040,44.7461615476152,
2041,57.59934177833401,
2042,52.36813476219481,
2043,50.41061707400138,
2044,50.27541329324873,
2045,58.34578921279359,
2046,57.98384355107794,
2047,57.699732117109306,
2048,44.7461615476152,
2049,57.59934177833401,
2050,52.36813476219481,
2051,50.41061707400138,
2052,50.27541329324873,
2053,58.34578921279359,
2054,57.98384355107794,
2055,57.699732117109306,
2056,44.7461615476152,
2057,41.351084142894976,
2058,36.11987712675578,
2059,34.16235943856235,
2060,34.0271556578097,
2061,42.09753157735456,
2062,41.73558591563891,
2063,41.451474481670274,
2064,28.497903912176174,
2065,40.83977013327534,
2066,35.60856311713614,
2067,33.65104542894271,
2068,33.51584164819006,
2069,41.58621756773492,
2070,41.22427190601927,
2071,40.940160472050636,
2072,27.98658990255653,
2073,45.36420801670823,
2074,40.13300100056904,
2075,38.175483312375604,
2076,38.04027953162296,
2077,46.110655451167815,
2078,45.748709789452164,
2079,45.46459835548353,
2080,32.51102778598943,
2081,46.14725657745228,
2082,40.91604956131309,
2083,38.958531873119654,
2084,38.82332809236701,
2085,46.893704011911865,
2086,46.53175835019621,
2087,46.24764691622758,
2088,33.294076346733476,
2089,48.35867632103344,
2090,43.01095461138664,
2091,40.61954586932626,
2092,40.49239931480639,
2093,49.57037283815231,
2094,49.54424568758901,
2095,49.40696713729437,
2096,36.641184712003565,
2097,49.20208808368824,
2098,44.2311388050104,
2099,42.369982554933756,
2100,42.24141370047806,
2101,49.91107356974254,
2102,49.56730301686093,
2103,49.297444862387124,
2104,36.98121339640278,
2105,49.20208808368824,
2106,44.2311388050104,
2107,42.369982554933756,
2108,42.24141370047806,
2109,49.91107356974254,
2110,49.56730301686093,
2111,49.297444862387124,
2112,36.98121339640278,
2113,57.59934177833401,
2114,52.36813476219481,
2115,50.41061707400138,
2116,50.27541329324873,
2117,58.34578921279359,
2118,57.98384355107794,
2119,57.699732117109306,
2120,44.7461615476152,
2121,47.82792710338363,
2122,42.596720087244435,
2123,40.639202399051,
2124,40.503998618298354,
2125,48.57437453784321,
2126,48.21242887612756,
2127,47.92831744215893,
2128,34.974746872664824,
2129,46.63167886621594,
2130,41.40047185007675,
2131,39.442954161883314,
2132,39.30775038113067,
2133,47.378126300675525,
2134,47.016180638959874,
2135,46.73206920499124,
2136,33.77849863549714,
2137,50.241348800208726,
2138,45.01014178406953,
2139,43.0526240958761,
2140,42.91742031512345,
2141,50.98779623466831,
2142,50.62585057295266,
2143,50.341739138984025,
2144,37.38816856948992,
2145,50.71226035080874,
2146,45.48105333466955,
2147,43.52353564647611,
2148,43.388331865723465,
2149,51.458707785268324,
2150,51.09676212355267,
2151,50.81265068958404,
2152,37.859080120089935,
2153,51.97958286981748,
2154,46.675665215738434,
2155,44.45054776750658,
2156,44.320278085052166,
2157,53.01212676432692,
2158,52.85632539997556,
2159,52.66227890497049,
2160,39.82192674380377,
2161,53.716129684105795,
2162,48.606088221701725,
2163,46.69342261208283,
2164,46.56130690323573,
2165,54.445133139399616,
2166,54.09165073120181,
2167,53.81417621601457,
2168,41.15725710559997,
2169,52.17989441648115,
2170,47.11740138794295,
2171,45.22234158650241,
2172,45.091438134501516,
2173,52.90205393103935,
2174,52.551891933681134,
2175,52.277021361132654,
2176,39.73654808260443,
2177,57.59934177833401,
2178,52.36813476219481,
2179,50.41061707400138,
2180,50.27541329324873,
2181,58.34578921279359,
2182,57.98384355107794,
2183,57.699732117109306,
2184,44.7461615476152,
2185,47.097102394616996,
2186,41.8658953784778,
2187,39.90837769028437,
2188,39.77317390953172,
2189,47.84354982907658,
2190,47.48160416736093,
2191,47.197492733392295,
2192,34.24392216389819,
2193,46.00790802223751,
2194,40.776701006098314,
2195,38.81918331790488,
2196,38.68397953715223,
2197,46.75435545669709,
2198,46.39240979498144,
2199,46.10829836101281,
2200,33.1547277915187,
2201,49.691028989390475,
2202,44.45982197325128,
2203,42.502304285057846,
2204,42.3671005043052,
2205,50.43747642385006,
2206,50.075530762134406,
2207,49.79141932816577,
2208,36.83784875867167,
2209,50.19716100788286,
2210,44.96595399174367,
2211,43.00843630355023,
2212,42.873232522797586,
2213,50.943608442342445,
2214,50.58166278062679,
2215,50.29755134665816,
2216,37.343980777164056,
2217,51.56693518459514,
2218,46.25790510837237,
2219,44.013594728159944,
2220,43.88368317440609,
2221,52.620101089079355,
2222,52.479202625590574,
2223,52.29167568903142,
2224,39.45975732453843,
2225,53.28137237907964,
2226,48.18480940312634,
2227,46.2771342155562,
2228,46.14536211931585,
2229,54.008435704985345,
2230,53.65589457398073,
2231,53.37915822644527,
2232,40.75524599254709,
2233,51.39758818088927,
2234,46.35922444893055,
2235,44.47310005066862,
2236,44.342811870888,
2237,52.11627494571246,
2238,51.767797779629916,
2239,51.49424850413823,
2240,39.01287473681185,
2241,57.59934177833401,
2242,52.36813476219481,
2243,50.41061707400138,
2244,50.27541329324873,
2245,58.34578921279359,
2246,57.98384355107794,
2247,57.699732117109306,
2248,44.7461615476152,
2249,51.241164699663855,
2250,46.00995768352466,
2251,44.05243999533123,
2252,43.91723621457858,
2253,51.98761213412344,
2254,51.62566647240779,
2255,51.341555038439154,
2256,38.38798446894505,
2257,49.406579309317785,
2258,44.17537229317859,
2259,42.217854604985156,
2260,42.08265082423251,
2261,50.15302674377737,
2262,49.791081082061716,
2263,49.50696964809308,
2264,36.55339907859898,
2265,52.811557833552264,
2266,47.58035081741307,
2267,45.622833129219636,
2268,45.48762934846699,
2269,53.55800526801185,
2270,53.196059606296195,
2271,52.91194817232756,
2272,39.95837760283346,
2273,53.117976006018296,
2274,47.8867689898791,
2275,45.92925130168567,
2276,45.79404752093302,
2277,53.86442344047788,
2278,53.50247777876223,
2279,53.218366344793594,
2280,40.26479577529949,
2281,53.92077945381806,
2282,48.64132765830709,
2283,46.507335182024235,
2284,46.375373128668514,
2285,54.85560430777872,
2286,54.62926602418986,
2287,54.40437746774728,
2288,41.52457209207182,
2289,55.48552470400466,
2290,50.320447152662496,
2291,48.3874065993848,
2292,48.25388803009787,
2293,56.222450915737966,
2294,55.86512466427615,
2295,55.584635762831226,
2296,42.79295636987922,
2297,55.01933376540677,
2298,49.86878498680744,
2299,47.94112279353362,
2300,47.807974529436535,
2301,55.75416836674765,
2302,55.39785689469397,
2303,55.11816379038629,
2304,42.362056897591,
2305,14.01367154825084,
2306,15.869231382956116,
2307,17.282273569762367,
2308,17.16924665439126,
2309,22.15534893874883,
2310,26.39341135992413,
2311,27.369008844962025,
2312,17.04045424413357,
2313,-7.58342637977125,
2314,-5.727866545065975,
2315,-4.314824358259724,
2316,-4.427851273630832,
2317,0.5582510107267389,
2318,4.796313431902039,
2319,5.771910916939934,
2320,-4.55664368388852,
2321,-7.831436186333992,
2322,-5.975876351628717,
2323,-4.5628341648224655,
2324,-4.675861080193574,
2325,0.31024120416399725,
2326,4.548303625339297,
2327,5.523901110377192,
2328,-4.804653490451262,
2329,-2.249203397548925,
2330,-0.3936435628436499,
2331,1.0193986239626014,
2332,0.9063717085914931,
2333,5.892473992949064,
2334,10.130536414124364,
2335,11.10613389916226,
2336,0.777579298333805,
2337,-1.2083794010177389,
2338,0.6471804336875362,
2339,2.0602226204937875,
2340,1.9471957051226791,
2341,6.93329798948025,
2342,11.17136041065555,
2343,12.146957895693445,
2344,1.818403294864991,
2345,2.260285630261478,
2346,1.295128388759565,
2347,4.188647259865206,
2348,4.085580047073506,
2349,8.6461597415597,
2350,13.931440849673322,
2351,14.737747951046629,
2352,5.74640282396814,
2353,-1.7814596996751106,
2354,-0.12500090506199513,
2355,1.1356330075910819,
2356,1.034822072627037,
2357,5.4778804853064,
2358,9.247712601440526,
2359,10.114659549845612,
2360,0.9199442641947257,
2361,-1.7814596996751106,
2362,-0.12500090506199513,
2363,1.1356330075910819,
2364,1.034822072627037,
2365,5.4778804853064,
2366,9.247712601440526,
2367,10.114659549845612,
2368,0.9199442641947257,
2369,14.01367154825084,
2370,15.869231382956116,
2371,17.282273569762367,
2372,17.16924665439126,
2373,22.15534893874883,
2374,26.39341135992413,
2375,27.369008844962025,
2376,17.04045424413357,
2377,14.01367154825084,
2378,15.869231382956116,
2379,17.282273569762367,
2380,17.16924665439126,
2381,22.15534893874883,
2382,26.39341135992413,
2383,27.369008844962025,
2384,17.04045424413357,
2385,10.188219453371493,
2386,12.043779288076768,
2387,13.45682147488302,
2388,13.343794559511911,
2389,18.329896843869484,
2390,22.567959265044784,
2391,23.54355675008268,
2392,13.215002149254223,
2393,14.01367154825084,
2394,15.869231382956116,
2395,17.282273569762367,
2396,17.16924665439126,
2397,22.15534893874883,
2398,26.39341135992413,
2399,27.369008844962025,
2400,17.04045424413357,
2401,14.01367154825084,
2402,15.869231382956116,
2403,17.282273569762367,
2404,17.16924665439126,
2405,22.15534893874883,
2406,26.39341135992413,
2407,27.369008844962025,
2408,17.04045424413357,
2409,14.01367154825084,
2410,15.869231382956116,
2411,17.282273569762367,
2412,17.16924665439126,
2413,22.15534893874883,
2414,26.39341135992413,
2415,27.369008844962025,
2416,17.04045424413357,
2417,14.01367154825084,
2418,15.869231382956116,
2419,17.282273569762367,
2420,17.16924665439126,
2421,22.15534893874883,
2422,26.39341135992413,
2423,27.369008844962025,
2424,17.04045424413357,
2425,14.01367154825084,
2426,15.869231382956116,
2427,17.282273569762367,
2428,17.16924665439126,
2429,22.15534893874883,
2430,26.39341135992413,
2431,27.369008844962025,
2432,17.04045424413357,
2433,14.01367154825084,
2434,15.869231382956116,
2435,17.282273569762367,
2436,17.16924665439126,
2437,22.15534893874883,
2438,26.39341135992413,
2439,27.369008844962025,
2440,17.04045424413357,
2441,-2.2345860871881875,
2442,-0.37902625248291244,
2443,1.0340159343233388,
2444,0.9209890189522305,
2445,5.907091303309802,
2446,10.145153724485102,
2447,11.120751209522997,
2448,0.7921966086945424,
2449,-2.74590009680783,
2450,-0.8903402621025549,
2451,0.5227019247036964,
2452,0.40967500933258805,
2453,5.395777293690159,
2454,9.63383971486546,
2455,10.609437199903354,
2456,0.2808825990749,
2457,1.7785377866250656,
2458,3.6340976213303406,
2459,5.047139808136592,
2460,4.934112892765484,
2461,9.920215177123055,
2462,14.158277598298355,
2463,15.13387508333625,
2464,4.8053204825077955,
2465,2.5615863473691167,
2466,4.417146182074392,
2467,5.830188368880643,
2468,5.717161453509535,
2469,10.703263737867106,
2470,14.941326159042406,
2471,15.9169236440803,
2472,5.588369043251847,
2473,5.080633486898876,
2474,4.76595408853359,
2475,7.320245901304077,
2476,7.214838401078339,
2477,11.875440684060038,
2478,16.920223479768595,
2479,17.766102725332644,
2480,8.460842808612654,
2481,3.1612025099528296,
2482,4.878742718011608,
2483,6.186118094170524,
2484,6.081561176813352,
2485,10.691060621505358,
2486,14.604271609370699,
2487,15.504471636726464,
2488,5.962416407332796,
2489,3.1612025099528296,
2490,4.878742718011608,
2491,6.186118094170524,
2492,6.081561176813352,
2493,10.691060621505358,
2494,14.604271609370699,
2495,15.504471636726464,
2496,5.962416407332796,
2497,14.01367154825084,
2498,15.869231382956116,
2499,17.282273569762367,
2500,17.16924665439126,
2501,22.15534893874883,
2502,26.39341135992413,
2503,27.369008844962025,
2504,17.04045424413357,
2505,4.242256873300462,
2506,6.0978167080057375,
2507,7.510858894811989,
2508,7.3978319794408804,
2509,12.383934263798452,
2510,16.62199668497375,
2511,17.597594170011646,
2512,7.269039569183192,
2513,3.046008636132777,
2514,4.901568470838052,
2515,6.3146106576443035,
2516,6.201583742273195,
2517,11.187686026630766,
2518,15.425748447806066,
2519,16.40134593284396,
2520,6.072791332015507,
2521,6.6556785701255565,
2522,8.51123840483083,
2523,9.924280591637082,
2524,9.811253676265974,
2525,14.797355960623545,
2526,19.035418381798845,
2527,20.01101586683674,
2528,9.682461266008286,
2529,7.1265901207255755,
2530,8.98214995543085,
2531,10.395192142237102,
2532,10.282165226865994,
2533,15.268267511223565,
2534,19.506329932398863,
2535,20.481927417436758,
2536,10.153372816608305,
2537,8.574048466669467,
2538,9.088072008501968,
2539,11.208236913182077,
2540,11.099887319615107,
2541,15.886201250975432,
2542,20.623667761785725,
2543,21.51948212091412,
2544,11.819294727266538,
2545,8.29110358267792,
2546,10.07321601157389,
2547,11.430018918878375,
2548,11.321500279560155,
2549,16.10710517919847,
2550,20.172148299054754,
2551,21.107578671650458,
2552,11.197842905023322,
2553,7.789406411408947,
2554,9.565150868841272,
2555,10.91707867288278,
2556,10.808950804762048,
2557,15.57718168549087,
2558,19.627239732033956,
2559,20.55919228802452,
2560,10.685738534203324,
2561,14.01367154825084,
2562,15.869231382956116,
2563,17.282273569762367,
2564,17.16924665439126,
2565,22.15534893874883,
2566,26.39341135992413,
2567,27.369008844962025,
2568,17.04045424413357,
2569,3.511432164533833,
2570,5.366991999239108,
2571,6.780034186045359,
2572,6.667007270674251,
2573,11.653109555031822,
2574,15.891171976207122,
2575,16.866769461245017,
2576,6.538214860416563,
2577,2.422237792154341,
2578,4.277797626859616,
2579,5.6908398136658676,
2580,5.577812898294759,
2581,10.56391518265233,
2582,14.80197760382763,
2583,15.777575088865525,
2584,5.449020488037071,
2585,6.105358759307311,
2586,7.960918594012586,
2587,9.373960780818837,
2588,9.26093386544773,
2589,14.2470361498053,
2590,18.4850985709806,
2591,19.460696056018495,
2592,9.132141455190041,
2593,6.611490777799697,
2594,8.467050612504973,
2595,9.880092799311225,
2596,9.767065883940116,
2597,14.753168168297687,
2598,18.991230589472988,
2599,19.966828074510882,
2600,9.638273473682428,
2601,8.175478880753815,
2602,8.59366212585303,
2603,10.76414247063883,
2604,10.656130976933412,
2605,15.428000090345051,
2606,20.201057363575956,
2607,21.091123088127745,
2608,11.436334510997256,
2609,7.7626693517584044,
2610,9.538074761374162,
2611,10.88974300596783,
2612,10.781635943093193,
2613,15.548941826646569,
2614,19.59820209940699,
2615,20.529969508382123,
2616,10.65844737056699,
2617,7.052693811187851,
2618,8.819108066275533,
2619,10.163893246218606,
2620,10.056337897449623,
2621,14.799115481796207,
2622,18.827222363265093,
2623,19.754080672605085,
2624,9.93377775103994,
2625,14.01367154825084,
2626,15.869231382956116,
2627,17.282273569762367,
2628,17.16924665439126,
2629,22.15534893874883,
2630,26.39341135992413,
2631,27.369008844962025,
2632,17.04045424413357,
2633,7.655494469580685,
2634,9.51105430428596,
2635,10.924096491092211,
2636,10.811069575721103,
2637,15.797171860078674,
2638,20.035234281253974,
2639,21.01083176629187,
2640,10.682277165463415,
2641,5.820909079234617,
2642,7.6764689139398925,
2643,9.089511100746144,
2644,8.976484185375035,
2645,13.962586469732607,
2646,18.200648890907907,
2647,19.1762463759458,
2648,8.847691775117347,
2649,9.225887603469097,
2650,11.081447438174372,
2651,12.494489624980623,
2652,12.381462709609515,
2653,17.367564993967086,
2654,21.605627415142386,
2655,22.58122490018028,
2656,12.252670299351827,
2657,9.532305775935129,
2658,11.387865610640404,
2659,12.800907797446655,
2660,12.687880882075547,
2661,17.673983166433118,
2662,21.912045587608418,
2663,22.887643072646313,
2664,12.559088471817859,
2665,10.450578412867515,
2666,11.42032628570172,
2667,13.300863536693896,
2668,13.190913668079816,
2669,18.045591118954917,
2670,22.61365653317472,
2671,23.53671462603296,
2672,13.621602933504732,
2673,10.579565597877831,
2674,12.39087064239692,
2675,13.77002428239797,
2676,13.659714027554571,
2677,18.524985556195645,
2678,22.658757142681907,
2679,23.610140494743064,
2680,13.534015944015607,
2681,10.429763731138223,
2682,12.239150537596515,
2683,13.616835424420913,
2684,13.506642906539355,
2685,18.366678603878086,
2686,22.495932426132242,
2687,23.446267026782607,
2688,13.381078928642125,
2689,20.15785100446493,
2690,23.604602139838278,
2691,24.17251939471828,
2692,24.05406703280869,
2693,29.271820201667765,
2694,32.91498822401161,
2695,33.98368111100547,
2696,22.92573281044588,
2697,-1.4392469235571603,
2698,2.0075042118161868,
2699,2.575421466696188,
2700,2.456969104786598,
2701,7.674722273645674,
2702,11.317890295989518,
2703,12.386583182983376,
2704,1.3286348824237884,
2705,-1.687256730119902,
2706,1.7594944052534451,
2707,2.3274116601334462,
2708,2.2089592982238564,
2709,7.4267124670829325,
2710,11.069880489426776,
2711,12.138573376420634,
2712,1.0806250758610467,
2713,3.894976058665165,
2714,7.341727194038512,
2715,7.909644448918513,
2716,7.791192087008923,
2717,13.008945255868,
2718,16.652113278211843,
2719,17.7208061652057,
2720,6.662857864646114,
2721,4.935800055196351,
2722,8.382551190569698,
2723,8.9504684454497,
2724,8.83201608354011,
2725,14.049769252399186,
2726,17.69293727474303,
2727,18.76163016173689,
2728,7.7036818611773,
2729,7.906859994964464,
2730,8.260639165045063,
2731,10.464915516966926,
2732,10.357131534180667,
2733,15.11928033120364,
2734,19.916247362734737,
2735,20.80244623207608,
2736,11.178205002692152,
2737,3.698950766093617,
2738,6.7677044183755015,
2739,7.272951391817514,
2740,7.167579430757257,
2741,11.804628691786206,
2742,15.036859131253323,
2743,15.984154451903237,
2744,6.163605065405989,
2745,3.698950766093617,
2746,6.7677044183755015,
2747,7.272951391817514,
2748,7.167579430757257,
2749,11.804628691786206,
2750,15.036859131253323,
2751,15.984154451903237,
2752,6.163605065405989,
2753,20.15785100446493,
2754,23.604602139838278,
2755,24.17251939471828,
2756,24.05406703280869,
2757,29.271820201667765,
2758,32.91498822401161,
2759,33.98368111100547,
2760,22.92573281044588,
2761,20.15785100446493,
2762,23.604602139838278,
2763,24.17251939471828,
2764,24.05406703280869,
2765,29.271820201667765,
2766,32.91498822401161,
2767,33.98368111100547,
2768,22.92573281044588,
2769,16.332398909585585,
2770,19.779150044958932,
2771,20.347067299838933,
2772,20.228614937929343,
2773,25.44636810678842,
2774,29.089536129132263,
2775,30.15822901612612,
2776,19.100280715566534,
2777,20.15785100446493,
2778,23.604602139838278,
2779,24.17251939471828,
2780,24.05406703280869,
2781,29.271820201667765,
2782,32.91498822401161,
2783,33.98368111100547,
2784,22.92573281044588,
2785,20.15785100446493,
2786,23.604602139838278,
2787,24.17251939471828,
2788,24.05406703280869,
2789,29.271820201667765,
2790,32.91498822401161,
2791,33.98368111100547,
2792,22.92573281044588,
2793,20.15785100446493,
2794,23.604602139838278,
2795,24.17251939471828,
2796,24.05406703280869,
2797,29.271820201667765,
2798,32.91498822401161,
2799,33.98368111100547,
2800,22.92573281044588,
2801,20.15785100446493,
2802,23.604602139838278,
2803,24.17251939471828,
2804,24.05406703280869,
2805,29.271820201667765,
2806,32.91498822401161,
2807,33.98368111100547,
2808,22.92573281044588,
2809,20.15785100446493,
2810,23.604602139838278,
2811,24.17251939471828,
2812,24.05406703280869,
2813,29.271820201667765,
2814,32.91498822401161,
2815,33.98368111100547,
2816,22.92573281044588,
2817,20.15785100446493,
2818,23.604602139838278,
2819,24.17251939471828,
2820,24.05406703280869,
2821,29.271820201667765,
2822,32.91498822401161,
2823,33.98368111100547,
2824,22.92573281044588,
2825,3.9095933690259024,
2826,7.3563445043992495,
2827,7.924261759279251,
2828,7.805809397369661,
2829,13.023562566228737,
2830,16.66673058857258,
2831,17.73542347556644,
2832,6.677475175006851,
2833,3.39827935940626,
2834,6.845030494779607,
2835,7.412947749659608,
2836,7.294495387750018,
2837,12.512248556609094,
2838,16.155416578952938,
2839,17.224109465946796,
2840,6.166161165387209,
2841,7.9227172428391555,
2842,11.369468378212503,
2843,11.937385633092504,
2844,11.818933271182914,
2845,17.03668644004199,
2846,20.679854462385833,
2847,21.74854734937969,
2848,10.690599048820104,
2849,8.705765803583207,
2850,12.152516938956554,
2851,12.720434193836555,
2852,12.601981831926965,
2853,17.81973500078604,
2854,21.462903023129883,
2855,22.53159591012374,
2856,11.473647609564155,
2857,10.8446580399725,
2858,11.911053814421166,
2859,13.740693312800829,
2860,13.630405605840053,
2861,18.499514245530406,
2862,23.031619783828717,
2863,23.960436553459203,
2864,13.999942672882355,
2865,8.84516043603412,
2866,12.029717727650564,
2867,12.55415673992178,
2868,12.444779239155253,
2869,17.259563560702304,
2870,20.617457893508913,
2871,21.601858924026033,
2872,11.402718095999774,
2873,8.84516043603412,
2874,12.029717727650564,
2875,12.55415673992178,
2876,12.444779239155253,
2877,17.259563560702304,
2878,20.617457893508913,
2879,21.601858924026033,
2880,11.402718095999774,
2881,20.15785100446493,
2882,23.604602139838278,
2883,24.17251939471828,
2884,24.05406703280869,
2885,29.271820201667765,
2886,32.91498822401161,
2887,33.98368111100547,
2888,22.92573281044588,
2889,10.386436329514552,
2890,13.8331874648879,
2891,14.4011047197679,
2892,14.28265235785831,
2893,19.500405526717387,
2894,23.14357354906123,
2895,24.21226643605509,
2896,13.154318135495501,
2897,9.190188092346867,
2898,12.636939227720214,
2899,13.204856482600215,
2900,13.086404120690625,
2901,18.3041572895497,
2902,21.947325311893543,
2903,23.0160181988874,
2904,11.958069898327816,
2905,12.799858026339646,
2906,16.246609161712993,
2907,16.814526416592994,
2908,16.696074054683404,
2909,21.91382722354248,
2910,25.556995245886323,
2911,26.62568813288018,
2912,15.567739832320594,
2913,13.270769576939665,
2914,16.71752071231301,
2915,17.285437967193012,
2916,17.166985605283422,
2917,22.384738774142498,
2918,26.02790679648634,
2919,27.0965996834802,
2920,16.038651382920612,
2921,14.48526346946801,
2922,16.460087015230442,
2923,17.81001872190967,
2924,17.696580750622275,
2925,22.700237289424194,
2926,26.893800236338393,
2927,27.87643113415885,
2928,17.49263028868893,
2929,14.190326570601087,
2930,17.497461326743917,
2931,18.04222244404832,
2932,17.928603375117063,
2933,22.93168379404017,
2934,26.42281660605255,
2935,27.446576837382054,
2936,16.84621576420352,
2937,13.66739659509875,
2938,16.962435993160057,
2939,17.50519148569083,
2940,17.39199103255652,
2941,22.376483847909867,
2942,25.854459185334917,
2943,26.874331879595786,
2944,16.313583179874172,
2945,20.15785100446493,
2946,23.604602139838278,
2947,24.17251939471828,
2948,24.05406703280869,
2949,29.271820201667765,
2950,32.91498822401161,
2951,33.98368111100547,
2952,22.92573281044588,
2953,9.655611620747923,
2954,13.10236275612127,
2955,13.670280011001271,
2956,13.551827649091681,
2957,18.769580817950757,
2958,22.4127488402946,
2959,23.48144172728846,
2960,12.423493426728871,
2961,8.566417248368431,
2962,12.013168383741778,
2963,12.58108563862178,
2964,12.46263327671219,
2965,17.680386445571266,
2966,21.32355446791511,
2967,22.392247354908967,
2968,11.33429905434938,
2969,12.249538215521401,
2970,15.696289350894748,
2971,16.26420660577475,
2972,16.14575424386516,
2973,21.363507412724235,
2974,25.00667543506808,
2975,26.075368322061937,
2976,15.01742002150235,
2977,12.755670234013788,
2978,16.202421369387135,
2979,16.770338624267136,
2980,16.651886262357547,
2981,21.869639431216623,
2982,25.512807453560466,
2983,26.581500340554324,
2984,15.523552039994737,
2985,14.069804940174151,
2986,15.939535821157392,
2987,17.345081198099024,
2988,17.23200540153391,
2989,22.220195200635374,
2990,26.452970960937193,
2991,27.429404654258747,
2992,17.09428055068821,
2993,13.639529067613182,
2994,16.933924519445213,
2995,17.47657323633166,
2996,17.363395069457283,
2997,22.34689834260513,
2998,25.824173249585044,
2999,26.843838997758894,
3000,16.285199092336427,
3001,12.899575696710485,
3002,16.176896028790225,
3003,16.716713518549682,
3004,16.60412628488399,
3005,21.561392164935853,
3006,25.020096482723716,
3007,26.034275619024243,
3008,15.531548358934003,
3009,20.15785100446493,
3010,23.604602139838278,
3011,24.17251939471828,
3012,24.05406703280869,
3013,29.271820201667765,
3014,32.91498822401161,
3015,33.98368111100547,
3016,22.92573281044588,
3017,13.799673925794774,
3018,17.24642506116812,
3019,17.814342316048123,
3020,17.695889954138533,
3021,22.91364312299761,
3022,26.556811145341452,
3023,27.62550403233531,
3024,16.567555731775723,
3025,11.965088535448707,
3026,15.411839670822054,
3027,15.979756925702056,
3028,15.861304563792466,
3029,21.079057732651542,
3030,24.722225754995385,
3031,25.790918641989244,
3032,14.732970341429656,
3033,15.370067059683187,
3034,18.816818195056534,
3035,19.384735449936535,
3036,19.266283088026945,
3037,24.48403625688602,
3038,28.127204279229865,
3039,29.195897166223723,
3040,18.137948865664136,
3041,15.676485232149219,
3042,19.123236367522566,
3043,19.691153622402567,
3044,19.572701260492977,
3045,24.790454429352053,
3046,28.433622451695896,
3047,29.502315338689755,
3048,18.444367038130167,
3049,16.44164077618302,
3050,18.916298857556853,
3051,20.001314284501632,
3052,19.886161555422746,
3053,24.963041198386577,
3054,28.96994199480025,
3055,29.981949532823762,
3056,19.36765174695745,
3057,16.576136524685467,
3058,19.938739436798812,
3059,20.492699093310648,
3060,20.377160075158258,
3061,25.465502171128264,
3062,29.017002112181615,
3063,30.058600679246865,
3064,19.276520185746676,
3065,16.419937418902123,
3066,19.778894552523525,
3067,20.332249565808468,
3068,20.216836751870176,
3069,25.299573777575972,
3070,28.847104525192094,
3071,29.887530098544005,
3072,19.11739661230075,
3073,16.60905133405356,
3074,19.126861788424833,
3075,20.188974736301873,
3076,20.073674559272888,
3077,25.156850032556008,
3078,29.147623581560765,
3079,30.16215981932652,
3080,19.528039945528008,
3081,-4.98804659396853,
3082,-2.470236139597258,
3083,-1.4081231917202182,
3084,-1.523423368749203,
3085,3.559752104533917,
3086,7.550525653538674,
3087,8.565061891304428,
3088,-2.0690579824940833,
3089,-5.236056400531272,
3090,-2.7182459461599997,
3091,-1.6561329982829598,
3092,-1.7714331753119446,
3093,3.3117422979711755,
3094,7.302515846975933,
3095,8.317052084741686,
3096,-2.317067789056825,
3097,0.34617638825379515,
3098,2.863986842625067,
3099,3.926099790502107,
3100,3.8107996134731223,
3101,8.893975086756242,
3102,12.884748635761,
3103,13.899284873526753,
3104,3.265164999728242,
3105,1.3870003847849812,
3106,3.9048108391562533,
3107,4.966923787033293,
3108,4.851623610004308,
3109,9.934799083287428,
3110,13.925572632292186,
3111,14.940108870057939,
3112,4.305988996259428,
3113,4.646676676262814,
3114,4.230834719518612,
3115,6.83797392962623,
3116,6.732928548792586,
3117,11.37805555450899,
3118,16.460284587003002,
3119,17.30003187709667,
3120,8.043359292050525,
3121,0.535108420150209,
3122,2.7802413200162164,
3123,3.726679335691415,
3124,3.6239551351225145,
3125,8.148400270519062,
3126,11.694361766619181,
3127,12.594956099574802,
3128,3.137772293128876,
3129,0.535108420150209,
3130,2.7802413200162164,
3131,3.726679335691415,
3132,3.6239551351225145,
3133,8.148400270519062,
3134,11.694361766619181,
3135,12.594956099574802,
3136,3.137772293128876,
3137,16.60905133405356,
3138,19.126861788424833,
3139,20.188974736301873,
3140,20.073674559272888,
3141,25.156850032556008,
3142,29.147623581560765,
3143,30.16215981932652,
3144,19.528039945528008,
3145,16.60905133405356,
3146,19.126861788424833,
3147,20.188974736301873,
3148,20.073674559272888,
3149,25.156850032556008,
3150,29.147623581560765,
3151,30.16215981932652,
3152,19.528039945528008,
3153,12.783599239174213,
3154,15.301409693545486,
3155,16.363522641422527,
3156,16.248222464393542,
3157,21.331397937676662,
3158,25.32217148668142,
3159,26.336707724447173,
3160,15.70258785064866,
3161,16.60905133405356,
3162,19.126861788424833,
3163,20.188974736301873,
3164,20.073674559272888,
3165,25.156850032556008,
3166,29.147623581560765,
3167,30.16215981932652,
3168,19.528039945528008,
3169,16.60905133405356,
3170,19.126861788424833,
3171,20.188974736301873,
3172,20.073674559272888,
3173,25.156850032556008,
3174,29.147623581560765,
3175,30.16215981932652,
3176,19.528039945528008,
3177,16.60905133405356,
3178,19.126861788424833,
3179,20.188974736301873,
3180,20.073674559272888,
3181,25.156850032556008,
3182,29.147623581560765,
3183,30.16215981932652,
3184,19.528039945528008,
3185,16.60905133405356,
3186,19.126861788424833,
3187,20.188974736301873,
3188,20.073674559272888,
3189,25.156850032556008,
3190,29.147623581560765,
3191,30.16215981932652,
3192,19.528039945528008,
3193,16.60905133405356,
3194,19.126861788424833,
3195,20.188974736301873,
3196,20.073674559272888,
3197,25.156850032556008,
3198,29.147623581560765,
3199,30.16215981932652,
3200,19.528039945528008,
3201,16.60905133405356,
3202,19.126861788424833,
3203,20.188974736301873,
3204,20.073674559272888,
3205,25.156850032556008,
3206,29.147623581560765,
3207,30.16215981932652,
3208,19.528039945528008,
3209,0.3607936986145326,
3210,2.8786041529858046,
3211,3.9407171008628445,
3212,3.82541692383386,
3213,8.90859239711698,
3214,12.899365946121737,
3215,13.91390218388749,
3216,3.2797823100889794,
3217,-0.15052031100510987,
3218,2.367290143366162,
3219,3.429403091243202,
3220,3.3141029142142173,
3221,8.397278387497337,
3222,12.388051936502094,
3223,13.402588174267848,
3224,2.768468300469337,
3225,4.373917572427786,
3226,6.891728026799058,
3227,7.953840974676098,
3228,7.838540797647113,
3229,12.921716270930233,
3230,16.91248981993499,
3231,17.927026057700743,
3232,7.292906183902232,
3233,5.156966133171837,
3234,7.674776587543109,
3235,8.736889535420149,
3236,8.621589358391164,
3237,13.704764831674284,
3238,17.69553838067904,
3239,18.710074618444793,
3240,8.075954744646284,
3241,7.516366747445829,
3242,7.776791265282668,
3243,10.030032956613297,
3244,9.92257920016965,
3245,14.670618846489674,
3246,19.502233294296616,
3247,20.382821626831344,
3248,10.80291618463167,
3249,5.563299811497188,
3250,7.8920374585637205,
3251,8.873929505944602,
3252,8.767351169252038,
3253,13.46294421305231,
3254,17.14503535843926,
3255,18.080482922169608,
3256,8.26294705088452,
3257,5.563299811497188,
3258,7.8920374585637205,
3259,8.873929505944602,
3260,8.767351169252038,
3261,13.46294421305231,
3262,17.14503535843926,
3263,18.080482922169608,
3264,8.26294705088452,
3265,16.60905133405356,
3266,19.126861788424833,
3267,20.188974736301873,
3268,20.073674559272888,
3269,25.156850032556008,
3270,29.147623581560765,
3271,30.16215981932652,
3272,19.528039945528008,
3273,6.8376366591031825,
3274,9.355447113474455,
3275,10.417560061351494,
3276,10.30225988432251,
3277,15.38543535760563,
3278,19.376208906610387,
3279,20.39074514437614,
3280,9.75662527057763,
3281,5.641388421935497,
3282,8.15919887630677,
3283,9.22131182418381,
3284,9.106011647154824,
3285,14.189187120437945,
3286,18.1799606694427,
3287,19.194496907208453,
3288,8.560377033409944,
3289,9.251058355928276,
3290,11.768868810299548,
3291,12.830981758176588,
3292,12.715681581147603,
3293,17.798857054430723,
3294,21.78963060343548,
3295,22.804166841201233,
3296,12.170046967402723,
3297,9.721969906528296,
3298,12.239780360899568,
3299,13.301893308776608,
3300,13.186593131747623,
3301,18.26976860503074,
3302,22.260542154035498,
3303,23.27507839180125,
3304,12.640958518002742,
3305,11.071605522959146,
3306,12.193809062856872,
3307,13.994046118455174,
3308,13.88356357312523,
3309,18.760994788658365,
3310,23.272330607951233,
3311,24.204469644784353,
3312,14.217801586107043,
3313,10.783624205455453,
3314,13.200792006059885,
3315,14.220196659372448,
3316,14.109540050101032,
3317,18.986316564038475,
3318,22.812639014787692,
3319,23.785030924807472,
3320,13.585856166401356,
3321,10.273009406294705,
3322,12.681454277174737,
3323,13.697158056163516,
3324,13.58690381223812,
3325,18.445800903308054,
3326,22.257885016200532,
3327,23.226629063213352,
3328,13.065122031581438,
3329,16.60905133405356,
3330,19.126861788424833,
3331,20.188974736301873,
3332,20.073674559272888,
3333,25.156850032556008,
3334,29.147623581560765,
3335,30.16215981932652,
3336,19.528039945528008,
3337,6.106811950336553,
3338,8.624622404707825,
3339,9.686735352584865,
3340,9.57143517555588,
3341,14.654610648839,
3342,18.645384197843757,
3343,19.65992043560951,
3344,9.025800561811,
3345,5.017617577957061,
3346,7.535428032328333,
3347,8.597540980205373,
3348,8.482240803176389,
3349,13.565416276459509,
3350,17.556189825464266,
3351,18.57072606323002,
3352,7.936606189431508,
3353,8.700738545110031,
3354,11.218548999481303,
3355,12.280661947358343,
3356,12.165361770329358,
3357,17.24853724361248,
3358,21.239310792617236,
3359,22.25384703038299,
3360,11.619727156584478,
3361,9.206870563602418,
3362,11.72468101797369,
3363,12.78679396585073,
3364,12.671493788821746,
3365,17.754669262104866,
3366,21.745442811109623,
3367,22.759979048875376,
3368,12.125859175076865,
3369,10.665942853856507,
3370,11.688468119298761,
3371,13.541214545854075,
3372,13.431080125040523,
3373,18.293641006452333,
3374,22.84207092783612,
3375,23.76827452842747,
3376,13.828372107212658,
3377,10.245797549998827,
3378,12.653778001858655,
3379,13.669284745339326,
3380,13.55905192335183,
3381,18.41699713641185,
3382,22.22832325108152,
3383,23.196873103560733,
3384,13.037371411015272,
3385,9.523231016062311,
3386,11.918896097333288,
3387,12.929178017749848,
3388,12.819513241226787,
3389,17.652218348988526,
3390,21.44344651542758,
3391,22.406847567783302,
3392,12.300518072506577,
3393,16.60905133405356,
3394,19.126861788424833,
3395,20.188974736301873,
3396,20.073674559272888,
3397,25.156850032556008,
3398,29.147623581560765,
3399,30.16215981932652,
3400,19.528039945528008,
3401,10.250874255383405,
3402,12.768684709754677,
3403,13.830797657631717,
3404,13.715497480602732,
3405,18.798672953885852,
3406,22.78944650289061,
3407,23.803982740656362,
3408,13.169862866857851,
3409,8.416288865037338,
3410,10.93409931940861,
3411,11.99621226728565,
3412,11.880912090256665,
3413,16.964087563539785,
3414,20.954861112544542,
3415,21.969397350310295,
3416,11.335277476511784,
3417,11.821267389271817,
3418,14.33907784364309,
3419,15.40119079152013,
3420,15.285890614491144,
3421,20.369066087774264,
3422,24.35983963677902,
3423,25.374375874544775,
3424,14.740256000746264,
3425,12.127685561737849,
3426,14.64549601610912,
3427,15.70760896398616,
3428,15.592308786957176,
3429,20.675484260240296,
3430,24.666257809245053,
3431,25.680794047010806,
3432,15.046674173212295,
3433,12.981667594287785,
3434,14.577890607247468,
3435,16.12802965268895,
3436,16.015899168032092,
3437,20.963717127824054,
3438,25.298488356361815,
3439,26.258759260724162,
3440,16.05067408597722,
3441,13.112967965879648,
3442,15.570130135230386,
3443,16.606504726469325,
3444,16.494003072387216,
3445,21.452775980673152,
3446,25.344411558796423,
3447,26.33353881699918,
3448,15.961597248505598,
3449,12.96047973317161,
3450,15.41501358571304,
3451,16.450272883179593,
3452,16.33789249087164,
3453,21.291275833839165,
3454,25.17861767078125,
3455,26.166644626179163,
3456,15.80605989121176,
3457,84.92739329781955,
3458,75.14160032051029,
3459,71.12601866378162,
3460,71.01984534469608,
3461,81.16437967888174,
3462,80.60618598332121,
3463,78.85362581934197,
3464,64.27464559142356,
3465,63.330295369797454,
3466,53.5445023924882,
3467,49.52892073575953,
3468,49.422747416673985,
3469,59.56728175085965,
3470,59.00908805529912,
3471,57.25652789131988,
3472,42.67754766340147,
3473,63.08228556323472,
3474,53.29649258592546,
3475,49.28091092919679,
3476,49.17473761011125,
3477,59.319271944296915,
3478,58.76107824873638,
3479,57.00851808475714,
3480,42.429537856838735,
3481,68.66451835201978,
3482,58.87872537471053,
3483,54.863143717981856,
3484,54.756970398896314,
3485,64.90150473308198,
3486,64.34331103752145,
3487,62.590750873542206,
3488,48.0117706456238,
3489,69.70534234855097,
3490,59.919549371241715,
3491,55.903967714513044,
3492,55.7977943954275,
3493,65.94232872961317,
3494,65.38413503405263,
3495,63.63157487007339,
3496,49.052594642154986,
3497,73.00732231770007,
3498,63.431566655404765,
3499,58.711139979029895,
3500,58.612484892615214,
3501,69.40830195657787,
3502,70.00559225777528,
3503,68.73582738762678,
3504,53.790375860712686,
3505,75.66291324606533,
3506,66.3703716933394,
3507,62.55338846680763,
3508,62.45243606988424,
3509,72.09112921500906,
3510,71.5611364408976,
3511,69.89684072876838,
3512,56.035742209482635,
3513,75.66291324606533,
3514,66.3703716933394,
3515,62.55338846680763,
3516,62.45243606988424,
3517,72.09112921500906,
3518,71.5611364408976,
3519,69.89684072876838,
3520,56.035742209482635,
3521,84.92739329781955,
3522,75.14160032051029,
3523,71.12601866378162,
3524,71.01984534469608,
3525,81.16437967888174,
3526,80.60618598332121,
3527,78.85362581934197,
3528,64.27464559142356,
3529,84.92739329781955,
3530,75.14160032051029,
3531,71.12601866378162,
3532,71.01984534469608,
3533,81.16437967888174,
3534,80.60618598332121,
3535,78.85362581934197,
3536,64.27464559142356,
3537,81.1019412029402,
3538,71.31614822563094,
3539,67.30056656890227,
3540,67.19439324981673,
3541,77.33892758400239,
3542,76.78073388844186,
3543,75.02817372446262,
3544,60.44919349654422,
3545,84.92739329781955,
3546,75.14160032051029,
3547,71.12601866378162,
3548,71.01984534469608,
3549,81.16437967888174,
3550,80.60618598332121,
3551,78.85362581934197,
3552,64.27464559142356,
3553,84.92739329781955,
3554,75.14160032051029,
3555,71.12601866378162,
3556,71.01984534469608,
3557,81.16437967888174,
3558,80.60618598332121,
3559,78.85362581934197,
3560,64.27464559142356,
3561,84.92739329781955,
3562,75.14160032051029,
3563,71.12601866378162,
3564,71.01984534469608,
3565,81.16437967888174,
3566,80.60618598332121,
3567,78.85362581934197,
3568,64.27464559142356,
3569,84.92739329781955,
3570,75.14160032051029,
3571,71.12601866378162,
3572,71.01984534469608,
3573,81.16437967888174,
3574,80.60618598332121,
3575,78.85362581934197,
3576,64.27464559142356,
3577,84.92739329781955,
3578,75.14160032051029,
3579,71.12601866378162,
3580,71.01984534469608,
3581,81.16437967888174,
3582,80.60618598332121,
3583,78.85362581934197,
3584,64.27464559142356,
3585,84.92739329781955,
3586,75.14160032051029,
3587,71.12601866378162,
3588,71.01984534469608,
3589,81.16437967888174,
3590,80.60618598332121,
3591,78.85362581934197,
3592,64.27464559142356,
3593,68.67913566238052,
3594,58.89334268507126,
3595,54.87776102834259,
3596,54.77158770925705,
3597,64.91612204344271,
3598,64.35792834788218,
3599,62.60536818390294,
3600,48.02638795598453,
3601,68.16782165276088,
3602,58.38202867545162,
3603,54.36644701872295,
3604,54.26027369963741,
3605,64.40480803382307,
3606,63.84661433826254,
3607,62.0940541742833,
3608,47.51507394636489,
3609,72.69225953619377,
3610,62.90646655888452,
3611,58.89088490215585,
3612,58.784711583070305,
3613,68.92924591725597,
3614,68.37105222169544,
3615,66.6184920577162,
3616,52.03951182979779,
3617,73.47530809693782,
3618,63.68951511962857,
3619,59.673933462899896,
3620,59.567760143814354,
3621,69.71229447800002,
3622,69.15410078243949,
3623,67.40154061846025,
3624,52.82256039054184,
3625,75.88495324178626,
3626,66.25775523773461,
3627,61.70169948809371,
3628,61.60125860292436,
3629,72.24658658314144,
3630,72.57135555143356,
3631,71.18707341812313,
3632,56.32579128552851,
3633,79.86041428469184,
3634,70.34593042565677,
3635,66.43954940041351,
3636,66.33624654961284,
3637,76.20260037950055,
3638,75.65991900982777,
3639,73.95590725183001,
3640,59.77162952598019,
3641,79.86041428469184,
3642,70.34593042565677,
3643,66.43954940041351,
3644,66.33624654961284,
3645,76.20260037950055,
3646,75.65991900982777,
3647,73.95590725183001,
3648,59.77162952598019,
3649,84.92739329781955,
3650,75.14160032051029,
3651,71.12601866378162,
3652,71.01984534469608,
3653,81.16437967888174,
3654,80.60618598332121,
3655,78.85362581934197,
3656,64.27464559142356,
3657,75.15597862286917,
3658,65.37018564555991,
3659,61.354603988831244,
3660,61.2484306697457,
3661,71.39296500393137,
3662,70.83477130837083,
3663,69.0822111443916,
3664,54.503230916473186,
3665,73.95973038570149,
3666,64.17393740839223,
3667,60.15835575166356,
3668,60.052182432578014,
3669,70.19671676676369,
3670,69.63852307120315,
3671,67.88596290722391,
3672,53.3069826793055,
3673,77.56940031969427,
3674,67.78360734238501,
3675,63.76802568565634,
3676,63.6618523665708,
3677,73.80638670075646,
3678,73.24819300519593,
3679,71.49563284121669,
3680,56.91665261329828,
3681,78.04031187029429,
3682,68.25451889298503,
3683,64.23893723625636,
3684,64.13276391717082,
3685,74.27729825135648,
3686,73.71910455579595,
3687,71.96654439181671,
3688,57.3875641638983,
3689,79.43413360962194,
3690,69.74413428014316,
3691,65.39587315883244,
3692,65.29320420714521,
3693,75.74702507184736,
3694,75.7300335745905,
3695,74.20271861894383,
3696,59.44903076853109,
3697,83.31142299789133,
3698,73.61255930509122,
3699,69.63195652604821,
3700,69.52670259184532,
3701,79.58212014253212,
3702,79.02889686739923,
3703,77.29189173838768,
3704,62.83933388841092,
3705,79.97126644523337,
3706,70.4508867572419,
3707,66.54213173414792,
3708,66.43876647250266,
3709,76.31116683865304,
3710,75.76814838627155,
3711,74.06308160101128,
3712,59.870222368743384,
3713,84.92739329781955,
3714,75.14160032051029,
3715,71.12601866378162,
3716,71.01984534469608,
3717,81.16437967888174,
3718,80.60618598332121,
3719,78.85362581934197,
3720,64.27464559142356,
3721,74.42515391410254,
3722,64.63936093679328,
3723,60.62377928006461,
3724,60.51760596097907,
3725,70.66214029516473,
3726,70.1039465996042,
3727,68.35138643562496,
3728,53.77240620770655,
3729,73.33595954172304,
3730,63.55016656441379,
3731,59.53458490768512,
3732,59.42841158859958,
3733,69.57294592278524,
3734,69.0147522272247,
3735,67.26219206324546,
3736,52.683211835327064,
3737,77.01908050887602,
3738,67.23328753156676,
3739,63.21770587483809,
3740,63.11153255575255,
3741,73.25606688993821,
3742,72.69787319437768,
3743,70.94531303039844,
3744,56.36633280248003,
3745,77.52521252736841,
3746,67.73941955005915,
3747,63.723837893330476,
3748,63.617664574244934,
3749,73.7621989084306,
3750,73.20400521287007,
3751,71.45144504889083,
3752,56.87246482097242,
3753,79.03004765715798,
3754,69.34716246452086,
3755,64.97496059611103,
3756,64.8725467427974,
3757,75.34850043209701,
3758,75.3707332366501,
3759,73.85980237492413,
3760,59.093654578648966,
3761,83.01496771008277,
3762,73.33201054411563,
3763,69.35780927475042,
3764,69.2527236056178,
3765,79.29183291704231,
3766,78.73951912436735,
3767,77.00536031336401,
3768,62.57593990298295,
3769,79.50743037563763,
3770,70.01170862907031,
3771,66.112882586865,
3772,66.00977835383458,
3773,75.85689006847849,
3774,75.31528138175884,
3775,73.6146270100158,
3776,59.45765919614621,
3777,84.92739329781955,
3778,75.14160032051029,
3779,71.12601866378162,
3780,71.01984534469608,
3781,81.16437967888174,
3782,80.60618598332121,
3783,78.85362581934197,
3784,64.27464559142356,
3785,78.5692162191494,
3786,68.78342324184014,
3787,64.76784158511147,
3788,64.66166826602593,
3789,74.80620260021159,
3790,74.24800890465106,
3791,72.49544874067182,
3792,57.91646851275341,
3793,76.73463082880332,
3794,66.94883785149406,
3795,62.9332561947654,
3796,62.82708287567986,
3797,72.97161720986551,
3798,72.41342351430498,
3799,70.66086335032574,
3800,56.08188312240734,
3801,80.1396093530378,
3802,70.35381637572854,
3803,66.33823471899987,
3804,66.23206139991433,
3805,76.3765957341,
3806,75.81840203853946,
3807,74.06584187456022,
3808,59.48686164664182,
3809,80.44602752550384,
3810,70.66023454819458,
3811,66.64465289146591,
3812,66.53847957238037,
3813,76.68301390656603,
3814,76.1248202110055,
3815,74.37226004702626,
3816,59.79327981910785,
3817,81.33371801582024,
3818,71.61039953070195,
3819,67.3756570870541,
3820,67.27178401206532,
3821,77.62042514046118,
3822,77.41796396083447,
3823,75.81328768580238,
3824,61.118893970458885,
3825,84.37524510629578,
3826,74.61919673304192,
3827,70.61558277348865,
3828,70.50972400529997,
3829,80.62376673266499,
3830,80.06727378399711,
3831,78.3200360666674,
3832,63.7843092587799,
3833,81.69278912658172,
3834,72.08061981649962,
3835,68.13491053120481,
3836,68.03057380933421,
3837,77.99710213393894,
3838,77.44883569262709,
3839,75.72734375693886,
3840,61.40090695666197,
3841,91.08402529988683,
3842,81.19290359246003,
3843,77.56621772933875,
3844,77.45603563011895,
3845,87.23526942692507,
3846,86.05292208196443,
3847,84.04239670301553,
3848,69.67092355094326,
3849,69.48692737186474,
3850,59.59580566443793,
3851,55.96911980131665,
3852,55.85893770209685,
3853,65.63817149890298,
3854,64.45582415394233,
3855,62.44529877499343,
3856,48.07382562292116,
3857,69.238917565302,
3858,59.3477958578752,
3859,55.72110999475392,
3860,55.61092789553412,
3861,65.39016169234024,
3862,64.2078143473796,
3863,62.1972889684307,
3864,47.82581581635843,
3865,74.82115035408707,
3866,64.93002864666026,
3867,61.30334278353898,
3868,61.19316068431918,
3869,70.9723944811253,
3870,69.79004713616466,
3871,67.77952175721576,
3872,53.40804860514349,
3873,75.86197435061825,
3874,65.97085264319145,
3875,62.34416678007017,
3876,62.23398468085037,
3877,72.0132184776565,
3878,70.83087113269585,
3879,68.82034575374695,
3880,54.44887260167468,
3881,78.75758829321938,
3882,69.079505107241,
3883,64.69120195472175,
3884,64.58895989723192,
3885,75.07978911972953,
3886,75.12842387175823,
3887,73.6285257874602,
3888,58.854007139973476,
3889,81.5024896634111,
3890,72.11821090216358,
3891,68.67400188297398,
3892,68.56933533214601,
3893,77.85254651175387,
3894,76.73086735409117,
3895,74.8230652819347,
3896,61.16971059191525,
3897,81.5024896634111,
3898,72.11821090216358,
3899,68.67400188297398,
3900,68.56933533214601,
3901,77.85254651175387,
3902,76.73086735409117,
3903,74.8230652819347,
3904,61.16971059191525,
3905,91.08402529988683,
3906,81.19290359246003,
3907,77.56621772933875,
3908,77.45603563011895,
3909,87.23526942692507,
3910,86.05292208196443,
3911,84.04239670301553,
3912,69.67092355094326,
3913,91.08402529988683,
3914,81.19290359246003,
3915,77.56621772933875,
3916,77.45603563011895,
3917,87.23526942692507,
3918,86.05292208196443,
3919,84.04239670301553,
3920,69.67092355094326,
3921,87.25857320500748,
3922,77.36745149758067,
3923,73.7407656344594,
3924,73.6305835352396,
3925,83.40981733204572,
3926,82.22746998708507,
3927,80.21694460813617,
3928,65.8454714560639,
3929,91.08402529988683,
3930,81.19290359246003,
3931,77.56621772933875,
3932,77.45603563011895,
3933,87.23526942692507,
3934,86.05292208196443,
3935,84.04239670301553,
3936,69.67092355094326,
3937,91.08402529988683,
3938,81.19290359246003,
3939,77.56621772933875,
3940,77.45603563011895,
3941,87.23526942692507,
3942,86.05292208196443,
3943,84.04239670301553,
3944,69.67092355094326,
3945,91.08402529988683,
3946,81.19290359246003,
3947,77.56621772933875,
3948,77.45603563011895,
3949,87.23526942692507,
3950,86.05292208196443,
3951,84.04239670301553,
3952,69.67092355094326,
3953,91.08402529988683,
3954,81.19290359246003,
3955,77.56621772933875,
3956,77.45603563011895,
3957,87.23526942692507,
3958,86.05292208196443,
3959,84.04239670301553,
3960,69.67092355094326,
3961,91.08402529988683,
3962,81.19290359246003,
3963,77.56621772933875,
3964,77.45603563011895,
3965,87.23526942692507,
3966,86.05292208196443,
3967,84.04239670301553,
3968,69.67092355094326,
3969,91.08402529988683,
3970,81.19290359246003,
3971,77.56621772933875,
3972,77.45603563011895,
3973,87.23526942692507,
3974,86.05292208196443,
3975,84.04239670301553,
3976,69.67092355094326,
3977,74.8357676644478,
3978,64.944645957021,
3979,61.317960093899714,
3980,61.207777994679915,
3981,70.98701179148604,
3982,69.8046644465254,
3983,67.7941390675765,
3984,53.422665915504226,
3985,74.32445365482816,
3986,64.43333194740136,
3987,60.806646084280075,
3988,60.69646398506028,
3989,70.4756977818664,
3990,69.29335043690575,
3991,67.28282505795686,
3992,52.91135190588459,
3993,78.84889153826106,
3994,68.95776983083425,
3995,65.33108396771297,
3996,65.22090186849317,
3997,75.0001356652993,
3998,73.81778832033865,
3999,71.80726294138975,
4000,57.43578978931748,
4001,79.6319400990051,
4002,69.7408183915783,
4003,66.11413252845702,
4004,66.00395042923722,
4005,75.78318422604335,
4006,74.6008368810827,
4007,72.5903115021338,
4008,58.21883835006153,
4009,81.73202880630828,
4010,72.00174979102792,
4011,67.79101429638285,
4012,67.686887706594,
4013,78.01323695624058,
4014,77.77166051236975,
4015,76.15069176656976,
4016,61.468881517741295,
4017,85.84258461317847,
4018,76.23033096416157,
4019,72.7040117742826,
4020,72.596863082835,
4021,82.1032327199581,
4022,80.95426616762501,
4023,79.00025671087485,
4024,65.02371826413821,
4025,85.84258461317847,
4026,76.23033096416157,
4027,72.7040117742826,
4028,72.596863082835,
4029,82.1032327199581,
4030,80.95426616762501,
4031,79.00025671087485,
4032,65.02371826413821,
4033,91.08402529988683,
4034,81.19290359246003,
4035,77.56621772933875,
4036,77.45603563011895,
4037,87.23526942692507,
4038,86.05292208196443,
4039,84.04239670301553,
4040,69.67092355094326,
4041,81.31261062493645,
4042,71.42148891750965,
4043,67.79480305438837,
4044,67.68462095516857,
4045,77.4638547519747,
4046,76.28150740701405,
4047,74.27098202806515,
4048,59.89950887599288,
4049,80.11636238776877,
4050,70.22524068034197,
4051,66.59855481722069,
4052,66.48837271800089,
4053,76.26760651480701,
4054,75.08525916984637,
4055,73.07473379089747,
4056,58.70326063882519,
4057,83.72603232176155,
4058,73.83491061433475,
4059,70.20822475121346,
4060,70.09804265199367,
4061,79.87727644879979,
4062,78.69492910383914,
4063,76.68440372489025,
4064,62.312930572817976,
4065,84.19694387236157,
4066,74.30582216493477,
4067,70.67913630181349,
4068,70.56895420259369,
4069,80.34818799939981,
4070,79.16584065443917,
4071,77.15531527549027,
4072,62.78384212341799,
4073,85.4017429037504,
4074,75.60775825519647,
4075,71.62153601962632,
4076,71.51505689679601,
4077,81.63214831399375,
4078,81.02652554796794,
4079,79.25429644786936,
4080,64.6908658329657,
4081,89.41213838845766,
4082,79.6103898566538,
4083,76.0158612849317,
4084,75.90665101057027,
4085,85.59844914343614,
4086,84.42680006756132,
4087,82.43438641295768,
4088,68.18943696636853,
4089,85.9572262539441,
4090,76.33891466205074,
4091,72.81041431468987,
4092,72.70319969438674,
4093,82.21549815664508,
4094,81.06580648273768,
4095,79.11056923262561,
4096,65.12544687167446,
4097,91.08402529988683,
4098,81.19290359246003,
4099,77.56621772933875,
4100,77.45603563011895,
4101,87.23526942692507,
4102,86.05292208196443,
4103,84.04239670301553,
4104,69.67092355094326,
4105,80.58178591616982,
4106,70.69066420874302,
4107,67.06397834562173,
4108,66.95379624640194,
4109,76.73303004320806,
4110,75.55068269824741,
4111,73.54015731929852,
4112,59.168684167226246,
4113,79.49259154379033,
4114,69.60146983636352,
4115,65.97478397324224,
4116,65.86460187402244,
4117,75.64383567082857,
4118,74.46148832586792,
4119,72.45096294691902,
4120,58.07948979484676,
4121,83.1757125109433,
4122,73.2845908035165,
4123,69.65790494039521,
4124,69.54772284117541,
4125,79.32695663798154,
4126,78.14460929302089,
4127,76.134083914072,
4128,61.762610761999724,
4129,83.6818445294357,
4130,73.79072282200889,
4131,70.1640369588876,
4132,70.05385485966781,
4133,79.83308865647393,
4134,78.65074131151329,
4135,76.64021593256439,
4136,62.26874278049211,
4137,84.98387070851533,
4138,75.19710173860767,
4139,71.18501041973394,
4140,71.07880071751009,
4141,81.2200737612282,
4142,80.65623881570775,
4143,78.90133862854685,
4144,64.32420593110567,
4145,89.10545316891302,
4146,79.32005611831221,
4147,75.73141185291928,
4148,75.62237941551268,
4149,85.2981791907738,
4150,84.12848742089153,
4151,82.13938752225965,
4152,67.91759131727048,
4153,85.47754208020172,
4154,75.8845657951801,
4155,72.36518766004536,
4156,72.25824877483501,
4157,81.74575153341692,
4158,80.59909243034002,
4159,78.64899003622378,
4160,64.6997683792851,
4161,91.08402529988683,
4162,81.19290359246003,
4163,77.56621772933875,
4164,77.45603563011895,
4165,87.23526942692507,
4166,86.05292208196443,
4167,84.04239670301553,
4168,69.67092355094326,
4169,84.72584822121668,
4170,74.83472651378987,
4171,71.2080406506686,
4172,71.0978585514488,
4173,80.87709234825492,
4174,79.69474500329427,
4175,77.68421962434537,
4176,63.312746472273105,
4177,82.8912628308706,
4178,73.0001411234438,
4179,69.37345526032252,
4180,69.26327316110272,
4181,79.04250695790884,
4182,77.8601596129482,
4183,75.8496342339993,
4184,61.478161081927034,
4185,86.29624135510508,
4186,76.40511964767828,
4187,72.778433784557,
4188,72.6682516853372,
4189,82.44748548214332,
4190,81.26513813718267,
4191,79.25461275823378,
4192,64.8831396061615,
4193,86.60265952757112,
4194,76.71153782014431,
4195,73.08485195702303,
4196,72.97466985780324,
4197,82.75390365460936,
4198,81.57155630964871,
4199,79.56103093069981,
4200,65.18955777862755,
4201,87.36635288179178,
4202,77.53857668388332,
4203,73.67502444778313,
4204,73.56727334849501,
4205,83.56945712591852,
4206,82.76622307847424,
4207,80.91216320941345,
4208,66.41391497681457,
4209,90.51274222145975,
4210,80.65220366557054,
4211,77.03652097458394,
4212,76.92667139427039,
4213,86.6759864594386,
4214,85.49730004236687,
4215,83.49297233901768,
4216,69.1647901224872,
4217,87.73775579443384,
4218,78.02511834627006,
4219,74.46266098811606,
4220,74.35442000590871,
4221,83.95902637082747,
4222,82.79804399552904,
4223,80.82368971159264,
4224,66.70493712812561,
4225,87.53422826007511,
4226,77.70357473257786,
4227,73.85058478540623,
4228,73.74272458980539,
4229,83.73499627921274,
4230,82.91478870770345,
4231,81.05370897408562,
4232,66.56108879283954,
4233,65.93713033205302,
4234,56.10647680455577,
4235,52.25348685738413,
4236,52.1456266617833,
4237,62.13789835119064,
4238,61.31769077968136,
4239,59.45661104606353,
4240,44.96399086481745,
4241,65.68912052549028,
4242,55.858466997993034,
4243,52.0054770508214,
4244,51.89761685522056,
4245,61.88988854462791,
4246,61.06968097311862,
4247,59.208601239500794,
4248,44.71598105825471,
4249,71.27135331427534,
4250,61.4406997867781,
4251,57.58770983960646,
4252,57.479849644005625,
4253,67.47212133341297,
4254,66.65191376190369,
4255,64.79083402828586,
4256,50.298213847039776,
4257,72.31217731080653,
4258,62.481523783309285,
4259,58.62853383613765,
4260,58.52067364053681,
4261,68.51294532994416,
4262,67.69273775843487,
4263,65.83165802481705,
4264,51.339037843570964,
4265,75.4428974906678,
4266,65.82357146219374,
4267,61.2420265854401,
4268,61.14186123333536,
4269,71.81058520168892,
4270,72.17748492456099,
4271,70.81087947583325,
4272,55.93648845284861,
4273,78.13613492491328,
4274,68.80448066844406,
4275,65.14344762922383,
4276,65.04093170069154,
4277,74.53132193904395,
4278,73.75282724844408,
4279,71.98605318648731,
4280,58.21153232878322,
4281,78.13613492491328,
4282,68.80448066844406,
4283,65.14344762922383,
4284,65.04093170069154,
4285,74.53132193904395,
4286,73.75282724844408,
4287,71.98605318648731,
4288,58.21153232878322,
4289,87.53422826007511,
4290,77.70357473257786,
4291,73.85058478540623,
4292,73.74272458980539,
4293,83.73499627921274,
4294,82.91478870770345,
4295,81.05370897408562,
4296,66.56108879283954,
4297,87.53422826007511,
4298,77.70357473257786,
4299,73.85058478540623,
4300,73.74272458980539,
4301,83.73499627921274,
4302,82.91478870770345,
4303,81.05370897408562,
4304,66.56108879283954,
4305,83.70877616519576,
4306,73.87812263769851,
4307,70.02513269052687,
4308,69.91727249492604,
4309,79.90954418433338,
4310,79.0893366128241,
4311,77.22825687920627,
4312,62.735636697960196,
4313,87.53422826007511,
4314,77.70357473257786,
4315,73.85058478540623,
4316,73.74272458980539,
4317,83.73499627921274,
4318,82.91478870770345,
4319,81.05370897408562,
4320,66.56108879283954,
4321,87.53422826007511,
4322,77.70357473257786,
4323,73.85058478540623,
4324,73.74272458980539,
4325,83.73499627921274,
4326,82.91478870770345,
4327,81.05370897408562,
4328,66.56108879283954,
4329,87.53422826007511,
4330,77.70357473257786,
4331,73.85058478540623,
4332,73.74272458980539,
4333,83.73499627921274,
4334,82.91478870770345,
4335,81.05370897408562,
4336,66.56108879283954,
4337,87.53422826007511,
4338,77.70357473257786,
4339,73.85058478540623,
4340,73.74272458980539,
4341,83.73499627921274,
4342,82.91478870770345,
4343,81.05370897408562,
4344,66.56108879283954,
4345,87.53422826007511,
4346,77.70357473257786,
4347,73.85058478540623,
4348,73.74272458980539,
4349,83.73499627921274,
4350,82.91478870770345,
4351,81.05370897408562,
4352,66.56108879283954,
4353,87.53422826007511,
4354,77.70357473257786,
4355,73.85058478540623,
4356,73.74272458980539,
4357,83.73499627921274,
4358,82.91478870770345,
4359,81.05370897408562,
4360,66.56108879283954,
4361,71.28597062463608,
4362,61.45531709713883,
4363,57.602327149967195,
4364,57.49446695436636,
4365,67.4867386437737,
4366,66.66653107226442,
4367,64.80545133864659,
4368,50.31283115740051,
4369,70.77465661501644,
4370,60.94400308751919,
4371,57.091013140347556,
4372,56.98315294474672,
4373,66.97542463415407,
4374,66.15521706264478,
4375,64.29413732902695,
4376,49.80151714778087,
4377,75.29909449844934,
4378,65.46844097095209,
4379,61.61545102378045,
4380,61.507590828179616,
4381,71.49986251758696,
4382,70.67965494607768,
4383,68.81857521245985,
4384,54.325955031213766,
4385,76.08214305919338,
4386,66.25148953169614,
4387,62.3984995845245,
4388,62.290639388923665,
4389,72.28291107833101,
4390,71.46270350682173,
4391,69.6016237732039,
4392,55.109003591957816,
4393,78.36133580283126,
4394,68.69024394346349,
4395,64.27858277507545,
4396,64.17659027212932,
4397,74.68898514622373,
4398,74.77595230905195,
4399,73.29207911060382,
4400,58.50543001165812,
4401,82.39373414985562,
4402,72.83758591427238,
4403,69.0901583397453,
4404,68.98523681857819,
4405,78.7014699536013,
4406,77.90420988863553,
4407,76.0950071411308,
4408,61.99725236126943,
4409,82.39373414985562,
4410,72.83758591427238,
4411,69.0901583397453,
4412,68.98523681857819,
4413,78.7014699536013,
4414,77.90420988863553,
4415,76.0950071411308,
4416,61.99725236126943,
4417,87.53422826007511,
4418,77.70357473257786,
4419,73.85058478540623,
4420,73.74272458980539,
4421,83.73499627921274,
4422,82.91478870770345,
4423,81.05370897408562,
4424,66.56108879283954,
4425,77.76281358512473,
4426,67.93216005762748,
4427,64.07917011045585,
4428,63.97130991485501,
4429,73.96358160426236,
4430,73.14337403275307,
4431,71.28229429913524,
4432,56.78967411788916,
4433,76.56656534795705,
4434,66.7359118204598,
4435,62.88292187328816,
4436,62.775061677687326,
4437,72.76733336709468,
4438,71.94712579558539,
4439,70.08604606196756,
4440,55.593425880721476,
4441,80.17623528194983,
4442,70.34558175445258,
4443,66.49259180728095,
4444,66.38473161168011,
4445,76.37700330108746,
4446,75.55679572957817,
4447,73.69571599596034,
4448,59.20309581471426,
4449,80.64714683254985,
4450,70.8164933050526,
4451,66.96350335788097,
4452,66.85564316228013,
4453,76.84791485168748,
4454,76.02770728017819,
4455,74.16662754656036,
4456,59.674007365314274,
4457,81.9613170055635,
4458,72.22703522848434,
4459,68.03015146435791,
4460,67.92587877620224,
4461,78.23935831657656,
4462,77.97522970132172,
4463,76.34487101173062,
4464,61.67032807807203,
4465,85.89469736775129,
4466,76.15200635125416,
4467,72.33283348277547,
4468,72.22591462112666,
4469,82.12974629218638,
4470,81.31689222509038,
4471,79.47243552066402,
4472,65.10630131632428,
4473,82.50618329643123,
4474,72.94407067179935,
4475,69.19434854698534,
4476,69.08936314212684,
4477,78.8115953331249,
4478,78.01383668974688,
4479,76.20350672783371,
4480,62.09716801907581,
4481,87.53422826007511,
4482,77.70357473257786,
4483,73.85058478540623,
4484,73.74272458980539,
4485,83.73499627921274,
4486,82.91478870770345,
4487,81.05370897408562,
4488,66.56108879283954,
4489,77.0319888763581,
4490,67.20133534886085,
4491,63.348345401689215,
4492,63.24048520608838,
4493,73.23275689549573,
4494,72.41254932398644,
4495,70.55146959036861,
4496,56.05884940912253,
4497,75.9427945039786,
4498,66.11214097648136,
4499,62.25915102930973,
4500,62.15129083370889,
4501,72.14356252311623,
4502,71.32335495160694,
4503,69.46227521798912,
4504,54.96965503674304,
4505,79.62591547113158,
4506,69.79526194363433,
4507,65.9422719964627,
4508,65.83441180086186,
4509,75.8266834902692,
4510,75.00647591875992,
4511,73.14539618514209,
4512,58.65277600389601,
4513,80.13204748962397,
4514,70.30139396212672,
4515,66.44840401495509,
4516,66.34054381935425,
4517,76.3328155087616,
4518,75.51260793725231,
4519,73.65152820363448,
4520,59.158908022388395,
4521,81.55142100442526,
4522,71.8242970185741,
4523,67.60266717974258,
4524,67.49865558658638,
4525,77.83512294624512,
4526,77.61129238433631,
4527,75.99771425462643,
4528,61.31019177311583,
4529,85.59393150281164,
4530,75.86733514412299,
4531,72.05435079743393,
4532,71.94760420744979,
4533,81.83525244496133,
4534,81.02374384110988,
4535,79.1823287267186,
4536,64.83934243945936,
4537,82.0356683723187,
4538,72.49850015962267,
4539,68.75837463033486,
4540,68.65365641115358,
4541,78.35079880343102,
4542,77.55512532083509,
4543,75.74950963500117,
4544,61.67907214376953,
4545,87.53422826007511,
4546,77.70357473257786,
4547,73.85058478540623,
4548,73.74272458980539,
4549,83.73499627921274,
4550,82.91478870770345,
4551,81.05370897408562,
4552,66.56108879283954,
4553,81.17605118140496,
4554,71.34539765390771,
4555,67.49240770673607,
4556,67.38454751113524,
4557,77.37681920054258,
4558,76.5566116290333,
4559,74.69553189541547,
4560,60.20291171416939,
4561,79.34146579105888,
4562,69.51081226356163,
4563,65.65782231639,
4564,65.54996212078916,
4565,75.5422338101965,
4566,74.72202623868722,
4567,72.86094650506939,
4568,58.36832632382332,
4569,82.74644431529336,
4570,72.91579078779611,
4571,69.06280084062448,
4572,68.95494064502364,
4573,78.94721233443099,
4574,78.1270047629217,
4575,76.26592502930387,
4576,61.7733048480578,
4577,83.0528624877594,
4578,73.22220896026215,
4579,69.36921901309051,
4580,69.26135881748968,
4581,79.25363050689703,
4582,78.43342293538774,
4583,76.57234320176991,
4584,62.07972302052383,
4585,83.88830435205762,
4586,74.12050025667787,
4587,70.04095677575378,
4588,69.93545155677919,
4589,80.13969200462765,
4590,79.68500837350621,
4591,77.97541297850768,
4592,63.36262721758271,
4593,86.97401771872251,
4594,77.17346330170659,
4595,73.33204393327651,
4596,73.22450580895833,
4597,83.18651645344454,
4598,82.36882513369636,
4599,80.5134334404006,
4600,66.06408964531414,
4601,84.25257206049656,
4602,74.59759728165244,
4603,70.81215556937423,
4604,70.70617572044353,
4605,80.52180203573522,
4606,79.71628069527236,
4607,77.88840089122391,
4608,63.64844047420314,
4609,52.885015557047325,
4610,45.632353935484616,
4611,41.24334993431768,
4612,40.466263139299315,
4613,34.0405453577888,
4614,30.717442459010385,
4615,31.744219829637927,
4616,21.168497040928173,
4617,31.287917629025234,
4618,24.035256007462525,
4619,19.646252006295587,
4620,18.869165211277224,
4621,12.44344742976671,
4622,9.120344530988294,
4623,10.147121901615836,
4624,-0.42860088709391775,
4625,31.039907822462492,
4626,23.787246200899784,
4627,19.398242199732845,
4628,18.621155404714482,
4629,12.195437623203969,
4630,8.872334724425553,
4631,9.899112095053095,
4632,-0.6766106936566594,
4633,36.62214061124756,
4634,29.36947898968485,
4635,24.980474988517912,
4636,24.20338819349955,
4637,17.777670411989035,
4638,14.45456751321062,
4639,15.481344883838162,
4640,4.9056220951284075,
4641,37.66296460777875,
4642,30.41030298621604,
4643,26.0212989850491,
4644,25.244212190030737,
4645,18.818494408520223,
4646,15.495391509741806,
4647,16.52216888036935,
4648,5.946446091659594,
4649,40.21993885839015,
4650,32.00009425885037,
4651,27.43820606945178,
4652,26.222458842272147,
4653,19.26046580251392,
4654,14.999688999783132,
4655,16.169684562452346,
4656,12.252897413363883,
4657,32.674789402149486,
4658,26.284602388200426,
4659,22.408953213577206,
4660,21.72208190156948,
4661,16.034548411292178,
4662,13.08772756585131,
4663,13.998639864654763,
4664,4.5991808056820105,
4665,32.674789402149486,
4666,26.284602388200426,
4667,22.408953213577206,
4668,21.72208190156948,
4669,16.034548411292178,
4670,13.08772756585131,
4671,13.998639864654763,
4672,4.5991808056820105,
4673,52.885015557047325,
4674,45.632353935484616,
4675,41.24334993431768,
4676,40.466263139299315,
4677,34.0405453577888,
4678,30.717442459010385,
4679,31.744219829637927,
4680,21.168497040928173,
4681,52.885015557047325,
4682,45.632353935484616,
4683,41.24334993431768,
4684,40.466263139299315,
4685,34.0405453577888,
4686,30.717442459010385,
4687,31.744219829637927,
4688,21.168497040928173,
4689,49.05956346216798,
4690,41.80690184060527,
4691,37.41789783943833,
4692,36.64081104441997,
4693,30.215093262909456,
4694,26.89199036413104,
4695,27.918767734758582,
4696,17.343044946048828,
4697,52.885015557047325,
4698,45.632353935484616,
4699,41.24334993431768,
4700,40.466263139299315,
4701,34.0405453577888,
4702,30.717442459010385,
4703,31.744219829637927,
4704,21.168497040928173,
4705,52.885015557047325,
4706,45.632353935484616,
4707,41.24334993431768,
4708,40.466263139299315,
4709,34.0405453577888,
4710,30.717442459010385,
4711,31.744219829637927,
4712,21.168497040928173,
4713,52.885015557047325,
4714,45.632353935484616,
4715,41.24334993431768,
4716,40.466263139299315,
4717,34.0405453577888,
4718,30.717442459010385,
4719,31.744219829637927,
4720,21.168497040928173,
4721,52.885015557047325,
4722,45.632353935484616,
4723,41.24334993431768,
4724,40.466263139299315,
4725,34.0405453577888,
4726,30.717442459010385,
4727,31.744219829637927,
4728,21.168497040928173,
4729,52.885015557047325,
4730,45.632353935484616,
4731,41.24334993431768,
4732,40.466263139299315,
4733,34.0405453577888,
4734,30.717442459010385,
4735,31.744219829637927,
4736,21.168497040928173,
4737,52.885015557047325,
4738,45.632353935484616,
4739,41.24334993431768,
4740,40.466263139299315,
4741,34.0405453577888,
4742,30.717442459010385,
4743,31.744219829637927,
4744,21.168497040928173,
4745,36.63675792160829,
4746,29.384096300045588,
4747,24.99509229887865,
4748,24.218005503860287,
4749,17.792287722349773,
4750,14.469184823571357,
4751,15.4959621941989,
4752,4.920239405489145,
4753,36.125443911988654,
4754,28.872782290425945,
4755,24.483778289259007,
4756,23.706691494240644,
4757,17.28097371273013,
4758,13.957870813951715,
4759,14.984648184579257,
4760,4.4089253958695025,
4761,40.64988179542155,
4762,33.39722017385884,
4763,29.008216172691903,
4764,28.23112937767354,
4765,21.805411596163026,
4766,18.48230869738461,
4767,19.509086068012152,
4768,8.933363279302398,
4769,41.4329303561656,
4770,34.18026873460289,
4771,29.791264733435952,
4772,29.01417793841759,
4773,22.588460156907075,
4774,19.26535725812866,
4775,20.2921346287562,
4776,9.71641184004645,
4777,43.26407170945572,
4778,35.26654017073815,
4779,30.743062553973857,
4780,29.628236647544554,
4781,22.786871202967745,
4782,18.738971014035087,
4783,19.87681185378517,
4784,14.41027480681322,
4785,38.96684916428899,
4786,32.313873032176105,
4787,28.281626993249063,
4788,27.567221607439535,
4789,21.654230333827456,
4790,18.59237268564118,
4791,19.538715341364025,
4792,9.77922586483487,
4793,38.96684916428899,
4794,32.313873032176105,
4795,28.281626993249063,
4796,27.567221607439535,
4797,21.654230333827456,
4798,18.59237268564118,
4799,19.538715341364025,
4800,9.77922586483487,
4801,52.885015557047325,
4802,45.632353935484616,
4803,41.24334993431768,
4804,40.466263139299315,
4805,34.0405453577888,
4806,30.717442459010385,
4807,31.744219829637927,
4808,21.168497040928173,
4809,43.11360088209695,
4810,35.86093926053424,
4811,31.4719352593673,
4812,30.694848464348937,
4813,24.269130682838423,
4814,20.946027784060007,
4815,21.97280515468755,
4816,11.397082365977795,
4817,41.91735264492926,
4818,34.66469102336655,
4819,30.275687022199612,
4820,29.49860022718125,
4821,23.072882445670736,
4822,19.74977954689232,
4823,20.776556917519862,
4824,10.20083412881011,
4825,45.52702257892204,
4826,38.274360957359335,
4827,33.885356956192396,
4828,33.10827016117403,
4829,26.682552379663516,
4830,23.3594494808851,
4831,24.386226851512642,
4832,13.810504062802888,
4833,45.99793412952206,
4834,38.74527250795935,
4835,34.35626850679241,
4836,33.57918171177405,
4837,27.153463930263534,
4838,23.83036103148512,
4839,24.85713840211266,
4840,14.281415613402908,
4841,47.0302821971498,
4842,39.316674282402744,
4843,34.843459472780864,
4844,33.85742553866294,
4845,27.172490390855614,
4846,23.39879993705472,
4847,24.494894377736273,
4848,17.066677105805468,
4849,45.52818891613617,
4850,38.59566055994003,
4851,34.397004781769,
4852,33.65335371286045,
4853,27.50104600652668,
4854,24.31718894242755,
4855,25.301098497200826,
4856,15.160198563480492,
4857,44.39877592218386,
4858,37.514768274110224,
4859,33.344982670299316,
4860,32.60640438631782,
4861,26.495595691588846,
4862,23.332886198367248,
4863,24.310284422337475,
4864,14.235468862184973,
4865,52.885015557047325,
4866,45.632353935484616,
4867,41.24334993431768,
4868,40.466263139299315,
4869,34.0405453577888,
4870,30.717442459010385,
4871,31.744219829637927,
4872,21.168497040928173,
4873,42.38277617333031,
4874,35.130114551767605,
4875,30.74111055060067,
4876,29.964023755582307,
4877,23.538305974071793,
4878,20.215203075293378,
4879,21.24198044592092,
4880,10.666257657211165,
4881,41.293581800950825,
4882,34.04092017938812,
4883,29.651916178221178,
4884,28.874829383202815,
4885,22.4491116016923,
4886,19.126008702913886,
4887,20.152786073541428,
4888,9.577063284831674,
4889,44.97670276810379,
4890,37.72404114654108,
4891,33.335037145374145,
4892,32.55795035035578,
4893,26.13223256884527,
4894,22.809129670066856,
4895,23.835907040694398,
4896,13.260184251984644,
4897,45.48283478659618,
4898,38.23017316503347,
4899,33.84116916386653,
4900,33.06408236884817,
4901,26.63836458733766,
4902,23.315261688559243,
4903,24.342039059186785,
4904,13.76631627047703,
4905,46.60083443838431,
4906,38.85435473750118,
4907,34.37525478822522,
4908,33.37431422071933,
4909,26.671137016559555,
4910,22.865567336602567,
4911,23.966533073831727,
4912,16.764483879491365,
4913,44.85083959810254,
4914,37.94743084933424,
4915,33.76610080519572,
4916,33.025493994682336,
4917,26.89808992970802,
4918,23.726923169995928,
4919,24.70692541255977,
4920,14.605680112747905,
4921,43.630097823457334,
4922,36.779018021728746,
4923,32.62882778858591,
4924,31.893692850729337,
4925,25.811055908175717,
4926,22.662704401804092,
4927,23.635681669160533,
4928,13.605740720473875,
4929,52.885015557047325,
4930,45.632353935484616,
4931,41.24334993431768,
4932,40.466263139299315,
4933,34.0405453577888,
4934,30.717442459010385,
4935,31.744219829637927,
4936,21.168497040928173,
4937,46.52683847837717,
4938,39.274176856814464,
4939,34.885172855647525,
4940,34.10808606062916,
4941,27.682368279118645,
4942,24.35926538034023,
4943,25.38604275096777,
4944,14.810319962258017,
4945,44.6922530880311,
4946,37.43959146646839,
4947,33.050587465301454,
4948,32.27350067028309,
4949,25.847782888772578,
4950,22.524679989994162,
4951,23.551457360621704,
4952,12.97573457191195,
4953,48.09723161226558,
4954,40.84456999070287,
4955,36.455565989535934,
4956,35.67847919451757,
4957,29.252761413007057,
4958,25.92965851422864,
4959,26.956435884856184,
4960,16.38071309614643,
4961,48.40364978473161,
4962,41.150988163168904,
4963,36.761984162001966,
4964,35.9848973669836,
4965,29.55917958547309,
4966,26.236076686694673,
4967,27.262854057322215,
4968,16.68713126861246,
4969,49.05134262328096,
4970,41.49415624915275,
4971,37.049171952184054,
4972,36.134059013589706,
4973,29.536383739798566,
4974,25.914858965624205,
4975,26.987639907673042,
4976,18.486420544181442,
4977,48.46543827781562,
4978,41.40594255637939,
4979,37.13176557993444,
4980,36.37484663866934,
4981,30.1140206644734,
4982,26.87487907981648,
4983,27.87580959424207,
4984,17.562208868146456,
4985,47.14769247982389,
4986,40.14529782423398,
4987,35.90508049803253,
4988,35.15412737422224,
4989,28.94209197106494,
4990,25.72780391956752,
4991,26.7210827468532,
4992,16.485110369635095,
4993,57.69826244665393,
4994,50.84247792362066,
4995,46.52830072313429,
4996,45.931059313150854,
4997,39.733334256767876,
4998,36.80337988922321,
4999,37.76902772747684,
5000,24.51568219685504,
5001,36.10116451863183,
5002,29.245379995598572,
5003,24.931202795112203,
5004,24.333961385128763,
5005,18.136236328745785,
5006,15.206281961201118,
5007,16.171929799454748,
5008,2.918584268832948,
5009,35.8531547120691,
5010,28.99737018903583,
5011,24.68319298854946,
5012,24.08595157856602,
5013,17.888226522183043,
5014,14.958272154638376,
5015,15.923919992892007,
5016,2.6705744622702063,
5017,41.43538750085416,
5018,34.5796029778209,
5019,30.265425777334528,
5020,29.66818436735109,
5021,23.47045931096811,
5022,20.540504943423443,
5023,21.506152781677073,
5024,8.252807251055273,
5025,42.47621149738535,
5026,35.620426974352085,
5027,31.306249773865716,
5028,30.709008363882276,
5029,24.511283307499298,
5030,21.58132893995463,
5031,22.54697677820826,
5032,9.29363124758646,
5033,44.66395192527392,
5034,36.77080514212531,
5035,32.265654788149334,
5036,31.198190325132316,
5037,24.414035525929023,
5038,20.466647366784855,
5039,21.58922717261811,
5040,15.39928186664281,
5041,36.90593302315068,
5042,30.876930376456755,
5043,27.074959865707115,
5044,26.548134637250428,
5045,21.07405555522081,
5046,18.481697699350093,
5047,19.336401234306038,
5048,7.57819263868987,
5049,36.90593302315068,
5050,30.876930376456755,
5051,27.074959865707115,
5052,26.548134637250428,
5053,21.07405555522081,
5054,18.481697699350093,
5055,19.336401234306038,
5056,7.57819263868987,
5057,57.69826244665393,
5058,50.84247792362066,
5059,46.52830072313429,
5060,45.931059313150854,
5061,39.733334256767876,
5062,36.80337988922321,
5063,37.76902772747684,
5064,24.51568219685504,
5065,57.69826244665393,
5066,50.84247792362066,
5067,46.52830072313429,
5068,45.931059313150854,
5069,39.733334256767876,
5070,36.80337988922321,
5071,37.76902772747684,
5072,24.51568219685504,
5073,53.87281035177458,
5074,47.01702582874132,
5075,42.70284862825495,
5076,42.10560721827151,
5077,35.90788216188853,
5078,32.97792779434386,
5079,33.94357563259749,
5080,20.690230101975693,
5081,57.69826244665393,
5082,50.84247792362066,
5083,46.52830072313429,
5084,45.931059313150854,
5085,39.733334256767876,
5086,36.80337988922321,
5087,37.76902772747684,
5088,24.51568219685504,
5089,57.69826244665393,
5090,50.84247792362066,
5091,46.52830072313429,
5092,45.931059313150854,
5093,39.733334256767876,
5094,36.80337988922321,
5095,37.76902772747684,
5096,24.51568219685504,
5097,57.69826244665393,
5098,50.84247792362066,
5099,46.52830072313429,
5100,45.931059313150854,
5101,39.733334256767876,
5102,36.80337988922321,
5103,37.76902772747684,
5104,24.51568219685504,
5105,57.69826244665393,
5106,50.84247792362066,
5107,46.52830072313429,
5108,45.931059313150854,
5109,39.733334256767876,
5110,36.80337988922321,
5111,37.76902772747684,
5112,24.51568219685504,
5113,57.69826244665393,
5114,50.84247792362066,
5115,46.52830072313429,
5116,45.931059313150854,
5117,39.733334256767876,
5118,36.80337988922321,
5119,37.76902772747684,
5120,24.51568219685504,
5121,57.69826244665393,
5122,50.84247792362066,
5123,46.52830072313429,
5124,45.931059313150854,
5125,39.733334256767876,
5126,36.80337988922321,
5127,37.76902772747684,
5128,24.51568219685504,
5129,41.450004811214896,
5130,34.59422028818163,
5131,30.280043087695265,
5132,29.682801677711826,
5133,23.485076621328847,
5134,20.55512225378418,
5135,21.52077009203781,
5136,8.26742456141601,
5137,40.93869080159526,
5138,34.08290627856199,
5139,29.768729078075623,
5140,29.171487668092183,
5141,22.973762611709205,
5142,20.043808244164538,
5143,21.00945608241817,
5144,7.756110551796368,
5145,45.46312868502815,
5146,38.60734416199489,
5147,34.29316696150852,
5148,33.69592555152508,
5149,27.4982004951421,
5150,24.568246127597433,
5151,25.533893965851064,
5152,12.280548435229264,
5153,46.2461772457722,
5154,39.39039272273894,
5155,35.07621552225257,
5156,34.47897411226913,
5157,28.28124905588615,
5158,25.351294688341483,
5159,26.316942526595113,
5160,13.063596995973315,
5161,47.79546829404302,
5162,40.14074851975886,
5163,35.67811826284162,
5164,34.71878635305376,
5165,28.066614462090115,
5166,24.35011956053677,
5167,25.437462877136625,
5168,17.604672656438083,
5169,43.37514226518863,
5170,37.09447703604053,
5171,33.13642318158202,
5172,32.588129704035055,
5173,26.89327881604254,
5174,24.197832240733135,
5175,25.086420457663507,
5176,12.871009962349888,
5177,43.37514226518863,
5178,37.09447703604053,
5179,33.13642318158202,
5180,32.588129704035055,
5181,26.89327881604254,
5182,24.197832240733135,
5183,25.086420457663507,
5184,12.871009962349888,
5185,57.69826244665393,
5186,50.84247792362066,
5187,46.52830072313429,
5188,45.931059313150854,
5189,39.733334256767876,
5190,36.80337988922321,
5191,37.76902772747684,
5192,24.51568219685504,
5193,47.92684777170355,
5194,41.071063248670285,
5195,36.756886048183915,
5196,36.159644638200476,
5197,29.961919581817497,
5198,27.03196521427283,
5199,27.99761305252646,
5200,14.74426752190466,
5201,46.73059953453586,
5202,39.8748150115026,
5203,35.56063781101623,
5204,34.96339640103279,
5205,28.76567134464981,
5206,25.835716977105143,
5207,26.801364815358774,
5208,13.548019284736975,
5209,50.340269468528646,
5210,43.48448494549538,
5211,39.17030774500901,
5212,38.57306633502557,
5213,32.375341278642594,
5214,29.445386911097923,
5215,30.411034749351554,
5216,17.157689218729754,
5217,50.81118101912866,
5218,43.955396496095396,
5219,39.64121929560903,
5220,39.04397788562559,
5221,32.84625282924261,
5222,29.91629846169794,
5223,30.881946299951572,
5224,17.628600769329772,
5225,51.67098436339654,
5226,44.32077819652761,
5227,39.913700994256146,
5228,39.092406819361145,
5229,32.61131683246157,
5230,29.192313646999708,
5231,30.233913857886762,
5232,20.32069940147494,
5233,50.125137874726704,
5234,43.57651321625917,
5235,39.452437091259924,
5236,38.88131853031001,
5237,32.95188720627033,
5238,30.146995077695067,
5239,31.071550987216824,
5240,18.3713724022993,
5241,48.962965605222564,
5242,42.46086733832868,
5243,38.36560572395558,
5244,37.79844789648848,
5245,31.90971170626193,
5246,29.123799606100306,
5247,30.042118474853282,
5248,17.42596264164598,
5249,57.69826244665393,
5250,50.84247792362066,
5251,46.52830072313429,
5252,45.931059313150854,
5253,39.733334256767876,
5254,36.80337988922321,
5255,37.76902772747684,
5256,24.51568219685504,
5257,47.196023062936916,
5258,40.34023853990365,
5259,36.02606133941728,
5260,35.42881992943384,
5261,29.231094873050868,
5262,26.3011405055062,
5263,27.26678834375983,
5264,14.013442813138031,
5265,46.10682869055743,
5266,39.251044167524164,
5267,34.936866967037794,
5268,34.339625557054354,
5269,28.141900500671376,
5270,25.21194613312671,
5271,26.17759397138034,
5272,12.92424844075854,
5273,49.789949657710395,
5274,42.93416513467713,
5275,38.61998793419076,
5276,38.02274652420732,
5277,31.825021467824346,
5278,28.89506710027968,
5279,29.86071493853331,
5280,16.60736940791151,
5281,50.29608167620278,
5282,43.44029715316952,
5283,39.12611995268315,
5284,38.52887854269971,
5285,32.33115348631673,
5286,29.401199118772066,
5287,30.366846957025697,
5288,17.113501426403896,
5289,51.22900612362696,
5290,43.84354343892568,
5291,39.42996619767723,
5292,38.5926927570809,
5293,32.091655766771,
5294,28.6380620417234,
5295,29.684999787018853,
5296,20.011695175737486,
5297,49.42812738685598,
5298,42.90742634242332,
5299,38.80064312513582,
5300,38.23190154447741,
5301,32.32689232301942,
5302,29.533390221411707,
5303,30.45420326951961,
5304,17.804444950293828,
5305,48.17205950746188,
5306,41.70153143572031,
5307,37.625824658786314,
5308,37.06135494249287,
5309,31.200240653064043,
5310,28.42721286453707,
5311,29.3412976985166,
5312,16.782190324819737,
5313,57.69826244665393,
5314,50.84247792362066,
5315,46.52830072313429,
5316,45.931059313150854,
5317,39.733334256767876,
5318,36.80337988922321,
5319,37.76902772747684,
5320,24.51568219685504,
5321,51.340085367983775,
5322,44.48430084495051,
5323,40.17012364446414,
5324,39.5728822344807,
5325,33.37515717809772,
5326,30.445202810553052,
5327,31.410850648806683,
5328,18.157505118184883,
5329,49.505499977637704,
5330,42.64971545460444,
5331,38.33553825411807,
5332,37.73829684413463,
5333,31.540571787751652,
5334,28.610617420206985,
5335,29.576265258460616,
5336,16.322919727838816,
5337,52.910478501872184,
5338,46.05469397883892,
5339,41.74051677835255,
5340,41.14327536836911,
5341,34.94555031198613,
5342,32.015595944441465,
5343,32.981243782695095,
5344,19.727898252073295,
5345,53.216896674338216,
5346,46.36111215130495,
5347,42.04693495081858,
5348,41.44969354083514,
5349,35.25196848445216,
5350,32.322014116907496,
5351,33.28766195516113,
5352,20.034316424539327,
5353,53.751246306043186,
5354,46.5688135715954,
5355,42.192901574027815,
5356,41.447640744962484,
5357,35.061954797952694,
5358,31.808076339802312,
5359,32.82413179482279,
5360,21.772538393306036,
5361,53.14814029027792,
5362,46.477731880806516,
5363,42.27825742763861,
5364,41.69677636340663,
5365,35.660894727874734,
5366,32.806367702878276,
5367,33.74723324782178,
5368,20.827415351632794,
5369,51.79182344949987,
5370,45.17619113607623,
5371,41.01062514263538,
5372,40.433804086250916,
5373,34.44578935206789,
5374,31.613579036432952,
5375,32.5471116515929,
5376,19.726031408405674,
5377,54.92584749839409,
5378,47.83948252629739,
5379,43.4815851659601,
5380,42.77985803878613,
5381,36.44915330817469,
5382,33.29021007610385,
5383,34.291531826999346,
5384,22.590450565270714,
5385,33.328749570372,
5386,26.242384598275297,
5387,21.884487237938007,
5388,21.18276011076404,
5389,14.852055380152596,
5390,11.693112148081756,
5391,12.694433898977255,
5392,0.9933526372486234,
5393,33.08073976380926,
5394,25.994374791712556,
5395,21.636477431375265,
5396,20.934750304201298,
5397,14.604045573589854,
5398,11.445102341519014,
5399,12.446424092414514,
5400,0.7453428306858818,
5401,38.662972552594326,
5402,31.576607580497623,
5403,27.218710220160332,
5404,26.516983092986365,
5405,20.18627836237492,
5406,17.02733513030408,
5407,18.02865688119958,
5408,6.327575619470949,
5409,39.703796549125514,
5410,32.61743157702881,
5411,28.25953421669152,
5412,27.557807089517553,
5413,21.22710235890611,
5414,18.06815912683527,
5415,19.06948087773077,
5416,7.368399616002135,
5417,42.10483675474711,
5418,34.02189122642653,
5419,29.4835538107194,
5420,28.329962646637114,
5421,21.442052340101156,
5422,17.312171064640552,
5423,18.46242250534567,
5424,13.589811464588252,
5425,34.46975298954624,
5426,28.231130156027348,
5427,24.386205475478164,
5428,23.766482659753933,
5429,18.16808966091685,
5430,15.369501884679778,
5431,16.256963368299466,
5432,5.865192604047877,
5433,34.46975298954624,
5434,28.231130156027348,
5435,24.386205475478164,
5436,23.766482659753933,
5437,18.16808966091685,
5438,15.369501884679778,
5439,16.256963368299466,
5440,5.865192604047877,
5441,54.92584749839409,
5442,47.83948252629739,
5443,43.4815851659601,
5444,42.77985803878613,
5445,36.44915330817469,
5446,33.29021007610385,
5447,34.291531826999346,
5448,22.590450565270714,
5449,54.92584749839409,
5450,47.83948252629739,
5451,43.4815851659601,
5452,42.77985803878613,
5453,36.44915330817469,
5454,33.29021007610385,
5455,34.291531826999346,
5456,22.590450565270714,
5457,51.100395403514746,
5458,44.01403043141804,
5459,39.65613307108075,
5460,38.954405943906785,
5461,32.62370121329534,
5462,29.4647579812245,
5463,30.46607973212,
5464,18.76499847039137,
5465,54.92584749839409,
5466,47.83948252629739,
5467,43.4815851659601,
5468,42.77985803878613,
5469,36.44915330817469,
5470,33.29021007610385,
5471,34.291531826999346,
5472,22.590450565270714,
5473,54.92584749839409,
5474,47.83948252629739,
5475,43.4815851659601,
5476,42.77985803878613,
5477,36.44915330817469,
5478,33.29021007610385,
5479,34.291531826999346,
5480,22.590450565270714,
5481,54.92584749839409,
5482,47.83948252629739,
5483,43.4815851659601,
5484,42.77985803878613,
5485,36.44915330817469,
5486,33.29021007610385,
5487,34.291531826999346,
5488,22.590450565270714,
5489,54.92584749839409,
5490,47.83948252629739,
5491,43.4815851659601,
5492,42.77985803878613,
5493,36.44915330817469,
5494,33.29021007610385,
5495,34.291531826999346,
5496,22.590450565270714,
5497,54.92584749839409,
5498,47.83948252629739,
5499,43.4815851659601,
5500,42.77985803878613,
5501,36.44915330817469,
5502,33.29021007610385,
5503,34.291531826999346,
5504,22.590450565270714,
5505,54.92584749839409,
5506,47.83948252629739,
5507,43.4815851659601,
5508,42.77985803878613,
5509,36.44915330817469,
5510,33.29021007610385,
5511,34.291531826999346,
5512,22.590450565270714,
5513,38.67758986295506,
5514,31.59122489085836,
5515,27.23332753052107,
5516,26.531600403347102,
5517,20.20089567273566,
5518,17.04195244066482,
5519,18.043274191560318,
5520,6.342192929831686,
5521,38.16627585333542,
5522,31.079910881238717,
5523,26.722013520901427,
5524,26.02028639372746,
5525,19.689581663116016,
5526,16.530638431045176,
5527,17.531960181940676,
5528,5.830878920212044,
5529,42.690713736768316,
5530,35.60434876467161,
5531,31.246451404334323,
5532,30.544724277160356,
5533,24.21401954654891,
5534,21.05507631447807,
5535,22.05639806537357,
5536,10.35531680364494,
5537,43.473762297512366,
5538,36.38739732541566,
5539,32.02949996507837,
5540,31.327772837904405,
5541,24.99706810729296,
5542,21.83812487522212,
5543,22.83944662611762,
5544,11.13836536438899,
5545,45.18588025157612,
5546,37.33199950245461,
5547,32.83378964233151,
5548,31.784137438822313,
5549,25.02159499470065,
5550,21.11210721842258,
5551,22.22891992783144,
5552,15.76752493213246,
5553,40.836657736394045,
5554,34.33984387428478,
5555,30.338508198091517,
5556,29.69376873806675,
5557,23.87181682704312,
5558,20.96311604002915,
5559,21.88537705346232,
5560,11.093012146605872,
5561,40.836657736394045,
5562,34.33984387428478,
5563,30.338508198091517,
5564,29.69376873806675,
5565,23.87181682704312,
5566,20.96311604002915,
5567,21.88537705346232,
5568,11.093012146605872,
5569,54.92584749839409,
5570,47.83948252629739,
5571,43.4815851659601,
5572,42.77985803878613,
5573,36.44915330817469,
5574,33.29021007610385,
5575,34.291531826999346,
5576,22.590450565270714,
5577,45.15443282344371,
5578,38.06806785134701,
5579,33.71017049100972,
5580,33.00844336383575,
5581,26.67773863322431,
5582,23.51879540115347,
5583,24.520117152048968,
5584,12.819035890320336,
5585,43.958184586276026,
5586,36.87181961417932,
5587,32.51392225384203,
5588,31.812195126668065,
5589,25.48149039605662,
5590,22.32254716398578,
5591,23.32386891488128,
5592,11.62278765315265,
5593,47.56785452026881,
5594,40.48148954817211,
5595,36.12359218783482,
5596,35.42186506066085,
5597,29.0911603300494,
5598,25.932217097978562,
5599,26.93353884887406,
5600,15.23245758714543,
5601,48.038766070868824,
5602,40.95240109877212,
5603,36.59450373843483,
5604,35.892776611260864,
5605,29.56207188064942,
5606,26.40312864857858,
5607,27.40445039947408,
5608,15.70336913774545,
5609,48.99825505705411,
5610,41.43692360042343,
5611,36.99118648406608,
5612,36.07419442234766,
5613,29.474197257651042,
5614,25.848630274698962,
5615,26.92203182517835,
5616,18.449179133861435,
5617,47.47768378534482,
5618,40.70610321479916,
5619,36.53848814534297,
5620,35.867165920405625,
5621,29.807811147190534,
5622,26.782279718641178,
5623,27.74145599289625,
5624,16.524553814235162,
5625,46.33443507788547,
5626,39.61055234892552,
5627,35.471789744395835,
5628,34.80507921330343,
5629,28.78689906985113,
5630,25.78162311579132,
5631,26.73439974901237,
5632,15.59106547327076,
5633,54.92584749839409,
5634,47.83948252629739,
5635,43.4815851659601,
5636,42.77985803878613,
5637,36.44915330817469,
5638,33.29021007610385,
5639,34.291531826999346,
5640,22.590450565270714,
5641,44.42360811467708,
5642,37.33724314258038,
5643,32.97934578224309,
5644,32.27761865506912,
5645,25.94691392445768,
5646,22.78797069238684,
5647,23.78929244328234,
5648,12.088211181553707,
5649,43.33441374229759,
5650,36.24804877020089,
5651,31.8901514098636,
5652,31.18842428268963,
5653,24.857719552078187,
5654,21.698776320007347,
5655,22.700098070902847,
5656,10.999016809174215,
5657,47.01753470945056,
5658,39.931169737353855,
5659,35.573272377016565,
5660,34.8715452498426,
5661,28.540840519231157,
5662,25.381897287160317,
5663,26.383219038055817,
5664,14.682137776327185,
5665,47.523666727942945,
5666,40.43730175584624,
5667,36.07940439550895,
5668,35.377677268334985,
5669,29.046972537723544,
5670,25.888029305652704,
5671,26.889351056548204,
5672,15.188269794819572,
5673,48.56351549784222,
5674,40.96831331515244,
5675,36.516434212955176,
5676,35.58408680634733,
5677,28.965136085236566,
5678,25.3065591198893,
5679,26.385026144333267,
5680,18.144101454055544,
5681,46.79203074574127,
5682,40.04907632842213,
5683,35.898776610701475,
5684,35.23022197632616,
5685,29.195576554870684,
5686,26.182200292062248,
5687,27.13753621392283,
5688,15.96477980319304,
5689,45.55636874713315,
5690,38.86485359661532,
5691,34.745673175134414,
5692,34.08209281584493,
5693,28.091862445152117,
5694,25.100337875468767,
5695,26.048769684295507,
5696,14.955389037979728,
5697,54.92584749839409,
5698,47.83948252629739,
5699,43.4815851659601,
5700,42.77985803878613,
5701,36.44915330817469,
5702,33.29021007610385,
5703,34.291531826999346,
5704,22.590450565270714,
5705,48.56767041972394,
5706,41.481305447627236,
5707,37.123408087289945,
5708,36.42168096011598,
5709,30.09097622950453,
5710,26.93203299743369,
5711,27.93335474832919,
5712,16.23227348660056,
5713,46.73308502937787,
5714,39.646720057281165,
5715,35.288822696943875,
5716,34.58709556976991,
5717,28.256390839158463,
5718,25.097447607087624,
5719,26.098769357983123,
5720,14.397688096254491,
5721,50.13806355361235,
5722,43.051698581515645,
5723,38.693801221178354,
5724,37.99207409400439,
5725,31.661369363392943,
5726,28.502426131322103,
5727,29.503747882217603,
5728,17.80266662048897,
5729,50.44448172607838,
5730,43.358116753981676,
5731,39.000219393644386,
5732,38.29849226647042,
5733,31.967787535858974,
5734,28.808844303788135,
5735,29.810166054683634,
5736,18.109084792955002,
5737,51.044315922991814,
5738,43.64416089856422,
5739,39.22788005517401,
5740,38.38394745498255,
5741,31.87460857800528,
5742,28.4066113255127,
5743,29.455770203090196,
5744,19.88251462533202,
5745,50.45114762122023,
5746,43.554737706869446,
5747,39.31163811954332,
5748,38.628252427346524,
5749,32.46121300603477,
5750,29.382721605585232,
5751,30.35862934265475,
5752,18.94944732877832,
5753,49.11711335667695,
5754,42.27684569431159,
5755,38.06769098528895,
5756,37.389729839081895,
5757,31.271108798730722,
5758,28.21642727018434,
5759,29.184813021721595,
5760,17.862063998671374,
5761,70.15616044357523,
5762,71.51904695249789,
5763,67.53921475358766,
5764,67.46722677869758,
5765,78.20894268090535,
5766,81.41128987805286,
5767,80.60262600793772,
5768,60.20904864552921,
5769,48.55906251555314,
5770,49.92194902447579,
5771,45.94211682556556,
5772,45.870128850675485,
5773,56.61184475288326,
5774,59.81419195003076,
5775,59.00552807991562,
5776,38.61195071750711,
5777,48.3110527089904,
5778,49.67393921791306,
5779,45.69410701900283,
5780,45.62211904411275,
5781,56.36383494632052,
5782,59.566182143468026,
5783,58.757518273352886,
5784,38.36394091094438,
5785,53.893285497775466,
5786,55.25617200669812,
5787,51.27633980778789,
5788,51.204351832897814,
5789,61.946067735105586,
5790,65.14841493225309,
5791,64.33975106213795,
5792,43.94617369972944,
5793,54.934109494306654,
5794,56.29699600322931,
5795,52.31716380431908,
5796,52.245175829429,
5797,62.986891731636774,
5798,66.18923892878428,
5799,65.38057505866914,
5800,44.98699769626063,
5801,54.2997728097838,
5802,58.14229949647182,
5803,53.09666582369118,
5804,53.03065133860713,
5805,63.98208348566857,
5806,67.86151009661245,
5807,67.59471135466617,
5808,47.71346224764068,
5809,54.580847262799125,
5810,55.82265090052289,
5811,52.19514425639153,
5812,52.129494067854864,
5813,61.91171656388019,
5814,64.82265119967587,
5815,64.08780768662501,
5816,45.50390200959134,
5817,54.580847262799125,
5818,55.82265090052289,
5819,52.19514425639153,
5820,52.129494067854864,
5821,61.91171656388019,
5822,64.82265119967587,
5823,64.08780768662501,
5824,45.50390200959134,
5825,70.15616044357523,
5826,71.51904695249789,
5827,67.53921475358766,
5828,67.46722677869758,
5829,78.20894268090535,
5830,81.41128987805286,
5831,80.60262600793772,
5832,60.20904864552921,
5833,70.15616044357523,
5834,71.51904695249789,
5835,67.53921475358766,
5836,67.46722677869758,
5837,78.20894268090535,
5838,81.41128987805286,
5839,80.60262600793772,
5840,60.20904864552921,
5841,66.33070834869588,
5842,67.69359485761854,
5843,63.71376265870831,
5844,63.641774683818234,
5845,74.383490586026,
5846,77.5858377831735,
5847,76.77717391305836,
5848,56.38359655064986,
5849,70.15616044357523,
5850,71.51904695249789,
5851,67.53921475358766,
5852,67.46722677869758,
5853,78.20894268090535,
5854,81.41128987805286,
5855,80.60262600793772,
5856,60.20904864552921,
5857,70.15616044357523,
5858,71.51904695249789,
5859,67.53921475358766,
5860,67.46722677869758,
5861,78.20894268090535,
5862,81.41128987805286,
5863,80.60262600793772,
5864,60.20904864552921,
5865,70.15616044357523,
5866,71.51904695249789,
5867,67.53921475358766,
5868,67.46722677869758,
5869,78.20894268090535,
5870,81.41128987805286,
5871,80.60262600793772,
5872,60.20904864552921,
5873,70.15616044357523,
5874,71.51904695249789,
5875,67.53921475358766,
5876,67.46722677869758,
5877,78.20894268090535,
5878,81.41128987805286,
5879,80.60262600793772,
5880,60.20904864552921,
5881,70.15616044357523,
5882,71.51904695249789,
5883,67.53921475358766,
5884,67.46722677869758,
5885,78.20894268090535,
5886,81.41128987805286,
5887,80.60262600793772,
5888,60.20904864552921,
5889,70.15616044357523,
5890,71.51904695249789,
5891,67.53921475358766,
5892,67.46722677869758,
5893,78.20894268090535,
5894,81.41128987805286,
5895,80.60262600793772,
5896,60.20904864552921,
5897,53.9079028081362,
5898,55.270789317058856,
5899,51.290957118148626,
5900,51.21896914325855,
5901,61.96068504546632,
5902,65.16303224261382,
5903,64.35436837249868,
5904,43.960791010090176,
5905,53.39658879851656,
5906,54.75947530743922,
5907,50.77964310852899,
5908,50.70765513363891,
5909,61.44937103584668,
5910,64.65171823299418,
5911,63.843054362879045,
5912,43.44947700047054,
5913,57.921026681949456,
5914,59.28391319087211,
5915,55.30408099196188,
5916,55.232093017071804,
5917,65.97380891927958,
5918,69.17615611642708,
5919,68.36749224631194,
5920,47.97391488390343,
5921,58.704075242693506,
5922,60.06696175161616,
5923,56.08712955270593,
5924,56.015141577815854,
5925,66.75685748002363,
5926,69.95920467717113,
5927,69.15054080705599,
5928,48.75696344464748,
5929,58.088803280304546,
5930,61.357576817363736,
5931,56.55828715767666,
5932,56.490864499605095,
5933,67.39715268740832,
5934,71.11990873721345,
5935,70.7263711346456,
5936,50.72008865149428,
5937,60.041054723324635,
5938,61.32466259025426,
5939,57.57549382072608,
5940,57.50765454275819,
5941,67.62105781076343,
5942,70.63248617292624,
5943,69.87218963710785,
5944,50.66346157043603,
5945,60.041054723324635,
5946,61.32466259025426,
5947,57.57549382072608,
5948,57.50765454275819,
5949,67.62105781076343,
5950,70.63248617292624,
5951,69.87218963710785,
5952,50.66346157043603,
5953,70.15616044357523,
5954,71.51904695249789,
5955,67.53921475358766,
5956,67.46722677869758,
5957,78.20894268090535,
5958,81.41128987805286,
5959,80.60262600793772,
5960,60.20904864552921,
5961,60.38474576862485,
5962,61.74763227754751,
5963,57.76780007863728,
5964,57.6958121037472,
5965,68.43752800595497,
5966,71.63987520310248,
5967,70.83121133298734,
5968,50.43763397057883,
5969,59.188497531457166,
5970,60.55138404037982,
5971,56.57155184146959,
5972,56.499563866579514,
5973,67.2412797687873,
5974,70.4436269659348,
5975,69.63496309581966,
5976,49.24138573341114,
5977,62.79816746544995,
5978,64.1610539743726,
5979,60.181221775462376,
5980,60.1092338005723,
5981,70.85094970278007,
5982,74.05329689992757,
5983,73.24463302981243,
5984,52.85105566740393,
5985,63.269079016049965,
5986,64.63196552497263,
5987,60.65213332606239,
5988,60.58014535117231,
5989,71.32186125338009,
5990,74.5242084505276,
5991,73.71554458041246,
5992,53.32196721800394,
5993,62.79593697633129,
5994,65.33544910892084,
5995,60.84952976767619,
5996,60.7803408242454,
5997,71.6261792494559,
5998,75.14978884317088,
5999,74.596378602691,
6000,54.43706400785641,
6001,65.30696710122055,
6002,66.63154975633586,
6003,62.76315401629472,
6004,62.69317005940303,
6005,73.13127280529415,
6006,76.24132161252226,
6007,75.45604245119864,
6008,55.63491783512774,
6009,62.57489995495513,
6010,63.878143352955476,
6011,60.07183721529077,
6012,60.00297006593655,
6013,70.27196159468485,
6014,73.3306350723339,
6015,72.55837085728842,
6016,53.056172713937656,
6017,70.15616044357523,
6018,71.51904695249789,
6019,67.53921475358766,
6020,67.46722677869758,
6021,78.20894268090535,
6022,81.41128987805286,
6023,80.60262600793772,
6024,60.20904864552921,
6025,59.65392105985822,
6026,61.01680756878088,
6027,57.036975369870646,
6028,56.96498739498057,
6029,67.70670329718834,
6030,70.90905049433584,
6031,70.1003866242207,
6032,49.7068092618122,
6033,58.56472668747873,
6034,59.92761319640139,
6035,55.94778099749116,
6036,55.87579302260108,
6037,66.61750892480885,
6038,69.81985612195635,
6039,69.01119225184121,
6040,48.61761488943271,
6041,62.2478476546317,
6042,63.610734163554355,
6043,59.630901964644124,
6044,59.558913989754046,
6045,70.30062989196182,
6046,73.50297708910932,
6047,72.69431321899418,
6048,52.300735856585675,
6049,62.753979673124086,
6050,64.11686618204675,
6051,60.13703398313651,
6052,60.06504600824643,
6053,70.80676191045421,
6054,74.00910910760172,
6055,73.20044523748658,
6056,52.80686787507806,
6057,62.258114748499736,
6058,64.88187069220157,
6059,60.35973788934342,
6060,60.29075169970264,
6061,71.14374054614746,
6062,74.69035510732868,
6063,74.15534590244152,
6064,54.01338846540807,
6065,64.79117823783167,
6066,66.11171891845925,
6067,62.25508344553225,
6068,62.18531100882558,
6069,72.59137973342331,
6070,75.6916948265254,
6071,74.90888159631845,
6072,55.14816584919669,
6073,62.14373625472831,
6074,63.44362787124459,
6075,59.64707473143011,
6076,59.57838302389263,
6077,69.82081422878105,
6078,72.87142104142652,
6079,72.1012002616751,
6080,52.64909694864616,
6081,70.15616044357523,
6082,71.51904695249789,
6083,67.53921475358766,
6084,67.46722677869758,
6085,78.20894268090535,
6086,81.41128987805286,
6087,80.60262600793772,
6088,60.20904864552921,
6089,63.79798336490508,
6090,65.16086987382774,
6091,61.181037674917505,
6092,61.10904970002743,
6093,71.8507656022352,
6094,75.0531127993827,
6095,74.24444892926756,
6096,53.850871566859055,
6097,61.96339797455901,
6098,63.326284483481665,
6099,59.346452284571434,
6100,59.274464309681356,
6101,70.01618021188912,
6102,73.21852740903662,
6103,72.40986353892148,
6104,52.016286176512985,
6105,65.36837649879348,
6106,66.73126300771614,
6107,62.751430808805914,
6108,62.679442833915836,
6109,73.4211587361236,
6110,76.6235059332711,
6111,75.81484206315596,
6112,55.421264700747464,
6113,65.67479467125952,
6114,67.03768118018218,
6115,63.057848981271945,
6116,62.98586100638187,
6117,73.72757690858964,
6118,76.92992410573714,
6119,76.121260235622,
6120,55.727682873213496,
6121,65.33078837209189,
6122,67.47005767805894,
6123,63.156230599526,
6124,63.086082777199465,
6125,73.89737768375528,
6126,77.31169466630882,
6127,76.67109440920632,
6128,56.430413220827575,
6129,67.43988631586603,
6130,68.78124941070683,
6131,64.86403254022377,
6132,64.79317054652284,
6133,75.36427307062684,
6134,78.51474406441184,
6135,77.71922396717576,
6136,57.64731204801416,
6137,64.13590148639736,
6138,65.45131603960834,
6139,61.60959550505714,
6140,61.54009133657371,
6141,71.9055349860227,
6142,74.9935072033399,
6143,74.21382085149224,
6144,54.529717442855485,
6145,74.9463810707881,
6146,75.51987662176145,
6147,71.87982560433835,
6148,71.80599179187607,
6149,82.47371758430864,
6150,85.46061631360601,
6151,84.48244905998672,
6152,63.939644773906025,
6153,53.34928314276601,
6154,53.92277869373936,
6155,50.282727676316256,
6156,50.20889386385397,
6157,60.87661965628655,
6158,63.863518385583916,
6159,62.885351131964626,
6160,42.34254684588393,
6161,53.10127333620328,
6162,53.674768887176626,
6163,50.03471786975352,
6164,49.96088405729124,
6165,60.628609849723816,
6166,63.61550857902118,
6167,62.63734132540189,
6168,42.094537039321196,
6169,58.68350612498834,
6170,59.25700167596169,
6171,55.616950658538585,
6172,55.5431168460763,
6173,66.21084263850888,
6174,69.19774136780624,
6175,68.21957411418695,
6176,47.67676982810626,
6177,59.72433012151953,
6178,60.29782567249288,
6179,56.65777465506977,
6180,56.58394084260749,
6181,67.25166663504007,
6182,70.23856536433743,
6183,69.26039811071814,
6184,48.71759382463745,
6185,58.65491074446112,
6186,61.83694327619787,
6187,57.07491282400906,
6188,57.00727873059276,
6189,67.90655215737655,
6190,71.60562114890439,
6191,71.1929976077675,
6192,51.16817649170912,
6193,58.94351488938338,
6194,59.46545290942413,
6195,56.15130204709567,
6196,56.08404571959335,
6197,65.78785491864426,
6198,68.49996992426662,
6199,67.61202579754735,
6200,48.9109471088866,
6201,58.94351488938338,
6202,59.46545290942413,
6203,56.15130204709567,
6204,56.08404571959335,
6205,65.78785491864426,
6206,68.49996992426662,
6207,67.61202579754735,
6208,48.9109471088866,
6209,74.9463810707881,
6210,75.51987662176145,
6211,71.87982560433835,
6212,71.80599179187607,
6213,82.47371758430864,
6214,85.46061631360601,
6215,84.48244905998672,
6216,63.939644773906025,
6217,74.9463810707881,
6218,75.51987662176145,
6219,71.87982560433835,
6220,71.80599179187607,
6221,82.47371758430864,
6222,85.46061631360601,
6223,84.48244905998672,
6224,63.939644773906025,
6225,71.12092897590875,
6226,71.6944245268821,
6227,68.054373509459,
6228,67.98053969699671,
6229,78.64826548942929,
6230,81.63516421872666,
6231,80.65699696510737,
6232,60.11419267902668,
6233,74.9463810707881,
6234,75.51987662176145,
6235,71.87982560433835,
6236,71.80599179187607,
6237,82.47371758430864,
6238,85.46061631360601,
6239,84.48244905998672,
6240,63.939644773906025,
6241,74.9463810707881,
6242,75.51987662176145,
6243,71.87982560433835,
6244,71.80599179187607,
6245,82.47371758430864,
6246,85.46061631360601,
6247,84.48244905998672,
6248,63.939644773906025,
6249,74.9463810707881,
6250,75.51987662176145,
6251,71.87982560433835,
6252,71.80599179187607,
6253,82.47371758430864,
6254,85.46061631360601,
6255,84.48244905998672,
6256,63.939644773906025,
6257,74.9463810707881,
6258,75.51987662176145,
6259,71.87982560433835,
6260,71.80599179187607,
6261,82.47371758430864,
6262,85.46061631360601,
6263,84.48244905998672,
6264,63.939644773906025,
6265,74.9463810707881,
6266,75.51987662176145,
6267,71.87982560433835,
6268,71.80599179187607,
6269,82.47371758430864,
6270,85.46061631360601,
6271,84.48244905998672,
6272,63.939644773906025,
6273,74.9463810707881,
6274,75.51987662176145,
6275,71.87982560433835,
6276,71.80599179187607,
6277,82.47371758430864,
6278,85.46061631360601,
6279,84.48244905998672,
6280,63.939644773906025,
6281,58.698123435349075,
6282,59.27161898632242,
6283,55.63156796889932,
6284,55.557734156437036,
6285,66.22545994886961,
6286,69.21235867816698,
6287,68.23419142454769,
6288,47.69138713846699,
6289,58.186809425729436,
6290,58.760304976702784,
6291,55.12025395927968,
6292,55.0464201468174,
6293,65.71414593924997,
6294,68.70104466854734,
6295,67.72287741492805,
6296,47.180073128847354,
6297,62.71124730916233,
6298,63.28474286013568,
6299,59.644691842712575,
6300,59.57085803025029,
6301,70.23858382268287,
6302,73.22548255198024,
6303,72.24731529836095,
6304,51.70451101228025,
6305,63.49429586990638,
6306,64.06779142087973,
6307,60.427740403456625,
6308,60.35390659099434,
6309,71.02163238342692,
6310,74.00853111272428,
6311,73.030363859105,
6312,52.4875595730243,
6313,62.54599982067327,
6314,65.1246912813221,
6315,60.62192972184829,
6316,60.552835032516725,
6317,71.40200420214666,
6318,74.93631270496593,
6319,74.3914580978759,
6320,54.24020565159611,
6321,64.55130333668421,
6322,65.09103157872562,
6323,61.66440461284998,
6324,61.594877685480526,
6325,71.63120833438359,
6326,74.43803141730689,
6327,73.5189946725701,
6328,54.18234104090698,
6329,64.55130333668421,
6330,65.09103157872562,
6331,61.66440461284998,
6332,61.594877685480526,
6333,71.63120833438359,
6334,74.43803141730689,
6335,73.5189946725701,
6336,54.18234104090698,
6337,74.9463810707881,
6338,75.51987662176145,
6339,71.87982560433835,
6340,71.80599179187607,
6341,82.47371758430864,
6342,85.46061631360601,
6343,84.48244905998672,
6344,63.939644773906025,
6345,65.17496639583773,
6346,65.74846194681108,
6347,62.10841092938797,
6348,62.03457711692569,
6349,72.70230290935827,
6350,75.68920163865563,
6351,74.71103438503634,
6352,54.16823009895565,
6353,63.97871815867004,
6354,64.5522137096434,
6355,60.912162692220285,
6356,60.838328879758,
6357,71.50605467219059,
6358,74.49295340148795,
6359,73.51478614786866,
6360,52.97198186178796,
6361,67.58838809266283,
6362,68.16188364363617,
6363,64.52183262621307,
6364,64.44799881375079,
6365,75.11572460618336,
6366,78.10262333548073,
6367,77.12445608186144,
6368,56.58165179578074,
6369,68.05929964326285,
6370,68.6327951942362,
6371,64.99274417681309,
6372,64.91891036435081,
6373,75.58663615678338,
6374,78.57353488608075,
6375,77.59536763246146,
6376,57.05256334638076,
6377,67.38159021763306,
6378,69.19320790863486,
6379,65.02030856385949,
6380,64.94938103779822,
6381,75.73171507202807,
6382,79.05656915911948,
6383,78.34487364981584,
6384,58.03889294496355,
6385,69.96190245406962,
6386,70.51907839987524,
6387,66.9821638780918,
6388,66.91041109677934,
6389,77.27294695580565,
6390,80.17276532515962,
6391,79.22319410226902,
6392,59.26328168005864,
6393,67.15447975283081,
6394,67.70256782790864,
6395,64.22309523829546,
6396,64.15250169671413,
6397,74.34511866283356,
6398,77.19648561612627,
6399,76.26282365379961,
6400,56.62753425072822,
6401,74.9463810707881,
6402,75.51987662176145,
6403,71.87982560433835,
6404,71.80599179187607,
6405,82.47371758430864,
6406,85.46061631360601,
6407,84.48244905998672,
6408,63.939644773906025,
6409,64.4441416870711,
6410,65.01763723804444,
6411,61.37758622062134,
6412,61.303752408159056,
6413,71.97147820059163,
6414,74.958376929889,
6415,73.98020967626971,
6416,53.437405390189014,
6417,63.35494731469161,
6418,63.928442865664955,
6419,60.28839184824185,
6420,60.21455803577957,
6421,70.88228382821214,
6422,73.8691825575095,
6423,72.89101530389021,
6424,52.348211017809525,
6425,67.03806828184457,
6426,67.61156383281792,
6427,63.97151281539482,
6428,63.897679002932534,
6429,74.56540479536511,
6430,77.55230352466248,
6431,76.57413627104319,
6432,56.03133198496249,
6433,67.54420030033697,
6434,68.11769585131032,
6435,64.47764483388721,
6436,64.40381102142493,
6437,75.0715368138575,
6438,78.05843554315487,
6439,77.08026828953558,
6440,56.53746400345488,
6441,66.82899733869237,
6442,68.72923868658768,
6443,64.51821707045946,
6444,64.4474999824281,
6445,75.23772659641634,
6446,78.5867778938312,
6447,77.894287733591,
6448,57.60585569305175,
6449,69.43183943078674,
6450,69.98729378493556,
6451,66.46126050192737,
6452,66.38972730417288,
6453,76.72007225060543,
6454,79.61070980549783,
6455,78.66415323313254,
6456,58.76573526884414,
6457,66.7114806891035,
6458,67.25814157471319,
6459,63.7876904135195,
6460,63.71727894767304,
6461,73.8832133612467,
6462,76.72697401881925,
6463,75.79580952029534,
6464,56.21150190467762,
6465,74.9463810707881,
6466,75.51987662176145,
6467,71.87982560433835,
6468,71.80599179187607,
6469,82.47371758430864,
6470,85.46061631360601,
6471,84.48244905998672,
6472,63.939644773906025,
6473,68.58820399211795,
6474,69.1616995430913,
6475,65.5216485256682,
6476,65.44781471320591,
6477,76.11554050563849,
6478,79.10243923493586,
6479,78.12427198131657,
6480,57.58146769523587,
6481,66.75361860177188,
6482,67.32711415274522,
6483,63.68706313532213,
6484,63.613229322859844,
6485,74.28095511529241,
6486,77.26785384458978,
6487,76.28968659097049,
6488,55.7468823048898,
6489,70.15859712600636,
6490,70.7320926769797,
6491,67.0920416595566,
6492,67.01820784709432,
6493,77.6859336395269,
6494,80.67283236882426,
6495,79.69466511520497,
6496,59.15186082912428,
6497,70.4650152984724,
6498,71.03851084944574,
6499,67.39845983202264,
6500,67.32462601956036,
6501,77.99235181199293,
6502,80.9792505412903,
6503,80.00108328767101,
6504,59.45827900159031,
6505,69.98638350169432,
6506,71.37690747699878,
6507,67.38518233691991,
6508,67.31325943485376,
6509,78.0575080803174,
6510,81.26739987886413,
6511,80.46469521412615,
6512,60.076453317190555,
6513,72.15408492394624,
6514,72.71840919497953,
6515,69.13631635302573,
6516,69.06365192974732,
6517,79.55985834149288,
6518,82.49780815747982,
6519,81.53571551061845,
6520,61.320476191350565,
6521,68.75846031651463,
6522,69.31173145047529,
6523,65.79949742217394,
6524,65.72824270129865,
6525,76.01776622089392,
6526,78.89676272705674,
6527,77.9540286009601,
6528,58.13359532962227,
6529,72.18816316740549,
6530,73.21845499521385,
6531,69.38176256148807,
6532,69.30899389971046,
6533,80.01991913990264,
6534,83.13148058708526,
6535,82.25123489864865,
6536,61.79404690572238,
6537,50.5910652393834,
6538,51.62135706719175,
6539,47.78466463346598,
6540,47.711895971688364,
6541,58.422821211880546,
6542,61.53438265906317,
6543,60.65413697062655,
6544,40.19694897770029,
6545,50.34305543282066,
6546,51.37334726062902,
6547,47.536654826903245,
6548,47.46388616512563,
6549,58.17481140531781,
6550,61.286372852500435,
6551,60.40612716406382,
6552,39.94893917113755,
6553,55.925288221605726,
6554,56.95558004941408,
6555,53.11888761568831,
6556,53.04611895391069,
6557,63.757044194102875,
6558,66.8686056412855,
6559,65.98835995284888,
6560,45.53117195992262,
6561,56.966112218136914,
6562,57.99640404594527,
6563,54.159711612219496,
6564,54.08694295044188,
6565,64.79786819063406,
6566,67.90942963781669,
6567,67.02918394938007,
6568,46.571995956453804,
6569,56.14789962523861,
6570,59.71205743549382,
6571,54.78591843751332,
6572,54.71921862775025,
6573,65.64902485040392,
6574,69.45244174870146,
6575,69.12404457864028,
6576,49.181602110265146,
6577,56.43215717787865,
6578,57.37045212605875,
6579,53.87504986657456,
6580,53.80872003299942,
6581,63.55819704225081,
6582,66.3852896577535,
6583,65.58575428061039,
6584,46.9518457834871,
6585,56.43215717787865,
6586,57.37045212605875,
6587,53.87504986657456,
6588,53.80872003299942,
6589,63.55819704225081,
6590,66.3852896577535,
6591,65.58575428061039,
6592,46.9518457834871,
6593,72.18816316740549,
6594,73.21845499521385,
6595,69.38176256148807,
6596,69.30899389971046,
6597,80.01991913990264,
6598,83.13148058708526,
6599,82.25123489864865,
6600,61.79404690572238,
6601,72.18816316740549,
6602,73.21845499521385,
6603,69.38176256148807,
6604,69.30899389971046,
6605,80.01991913990264,
6606,83.13148058708526,
6607,82.25123489864865,
6608,61.79404690572238,
6609,68.36271107252614,
6610,69.3930029003345,
6611,65.55631046660872,
6612,65.4835418048311,
6613,76.19446704502329,
6614,79.30602849220591,
6615,78.4257828037693,
6616,57.96859481084304,
6617,72.18816316740549,
6618,73.21845499521385,
6619,69.38176256148807,
6620,69.30899389971046,
6621,80.01991913990264,
6622,83.13148058708526,
6623,82.25123489864865,
6624,61.79404690572238,
6625,72.18816316740549,
6626,73.21845499521385,
6627,69.38176256148807,
6628,69.30899389971046,
6629,80.01991913990264,
6630,83.13148058708526,
6631,82.25123489864865,
6632,61.79404690572238,
6633,72.18816316740549,
6634,73.21845499521385,
6635,69.38176256148807,
6636,69.30899389971046,
6637,80.01991913990264,
6638,83.13148058708526,
6639,82.25123489864865,
6640,61.79404690572238,
6641,72.18816316740549,
6642,73.21845499521385,
6643,69.38176256148807,
6644,69.30899389971046,
6645,80.01991913990264,
6646,83.13148058708526,
6647,82.25123489864865,
6648,61.79404690572238,
6649,72.18816316740549,
6650,73.21845499521385,
6651,69.38176256148807,
6652,69.30899389971046,
6653,80.01991913990264,
6654,83.13148058708526,
6655,82.25123489864865,
6656,61.79404690572238,
6657,72.18816316740549,
6658,73.21845499521385,
6659,69.38176256148807,
6660,69.30899389971046,
6661,80.01991913990264,
6662,83.13148058708526,
6663,82.25123489864865,
6664,61.79404690572238,
6665,55.93990553196646,
6666,56.970197359774815,
6667,53.13350492604904,
6668,53.060736264271426,
6669,63.77166150446361,
6670,66.88322295164623,
6671,66.00297726320962,
6672,45.54578927028335,
6673,55.42859152234682,
6674,56.458883350155176,
6675,52.6221909164294,
6676,52.54942225465179,
6677,63.26034749484397,
6678,66.3719089420266,
6679,65.49166325358998,
6680,45.03447526066371,
6681,59.953029405779716,
6682,60.98332123358807,
6683,57.1466287998623,
6684,57.07386013808468,
6685,67.78478537827687,
6686,70.89634682545949,
6687,70.01610113702287,
6688,49.55891314409661,
6689,60.736077966523766,
6690,61.76636979433212,
6691,57.92967736060635,
6692,57.85690869882873,
6693,68.56783393902091,
6694,71.67939538620354,
6695,70.79914969776692,
6696,50.34196170484066,
6697,59.98007165105548,
6698,62.95802602617556,
6699,58.28367217511061,
6700,58.21554208922538,
6701,69.09812174875236,
6702,72.74146094424674,
6703,72.2840088722005,
6704,52.215935742076454,
6705,61.95474666096305,
6706,62.924796105469966,
6707,59.311569507552804,
6708,59.24301621731399,
6709,69.3242699288694,
6710,72.24943921103352,
6711,71.42208126968694,
6712,52.15878441628729,
6713,61.95474666096305,
6714,62.924796105469966,
6715,59.311569507552804,
6716,59.24301621731399,
6717,69.3242699288694,
6718,72.24943921103352,
6719,71.42208126968694,
6720,52.15878441628729,
6721,72.18816316740549,
6722,73.21845499521385,
6723,69.38176256148807,
6724,69.30899389971046,
6725,80.01991913990264,
6726,83.13148058708526,
6727,82.25123489864865,
6728,61.79404690572238,
6729,62.41674849245511,
6730,63.44704032026347,
6731,59.610347886537696,
6732,59.53757922476008,
6733,70.24850446495226,
6734,73.36006591213489,
6735,72.47982022369827,
6736,52.022632230772004,
6737,61.220500255287426,
6738,62.25079208309578,
6739,58.41409964937001,
6740,58.34133098759239,
6741,69.05225622778458,
6742,72.1638176749672,
6743,71.28357198653059,
6744,50.82638399360432,
6745,64.83017018928021,
6746,65.86046201708857,
6747,62.02376958336279,
6748,61.95100092158518,
6749,72.66192616177736,
6750,75.77348760895998,
6751,74.89324192052337,
6752,54.4360539275971,
6753,65.30108173988023,
6754,66.33137356768859,
6755,62.49468113396281,
6756,62.42191247218519,
6757,73.13283771237738,
6758,76.24439915956,
6759,75.36415347112339,
6760,54.906965478197115,
6761,64.74149761409274,
6762,66.974282090553,
6763,62.62024036943609,
6764,62.55031594277591,
6765,73.36976516199564,
6766,76.80961717949015,
6767,76.18935434293832,
6768,55.96752417039869,
6769,67.28180613066303,
6770,68.28298795226311,
6771,64.55426744499073,
6772,64.4835352578387,
6773,74.89015375230485,
6774,77.91159462980465,
6775,77.0569220463496,
6776,57.17661734997364,
6777,64.51789385199766,
6778,65.50286127377393,
6779,61.83428973049638,
6780,61.76469223651429,
6781,72.0018430732656,
6782,74.97312939166568,
6783,74.1326874101037,
6784,54.5737273610784,
6785,72.18816316740549,
6786,73.21845499521385,
6787,69.38176256148807,
6788,69.30899389971046,
6789,80.01991913990264,
6790,83.13148058708526,
6791,82.25123489864865,
6792,61.79404690572238,
6793,61.68592378368848,
6794,62.716215611496835,
6795,58.87952317777106,
6796,58.80675451599345,
6797,69.51767975618563,
6798,72.62924120336825,
6799,71.74899551493164,
6800,51.29180752200537,
6801,60.59672941130899,
6802,61.62702123911735,
6803,57.790328805391574,
6804,57.71756014361396,
6805,68.42848538380613,
6806,71.54004683098876,
6807,70.65980114255214,
6808,50.20261314962588,
6809,64.27985037846196,
6810,65.31014220627031,
6811,61.47344977254454,
6812,61.400681110766925,
6813,72.11160635095911,
6814,75.22316779814173,
6815,74.34292210970511,
6816,53.88573411677885,
6817,64.78598239695435,
6818,65.81627422476271,
6819,61.97958179103693,
6820,61.90681312925931,
6821,72.6177383694515,
6822,75.72929981663412,
6823,74.84905412819751,
6824,54.391866135271236,
6825,64.19743302253232,
6826,66.51630386348114,
6827,62.125245274409224,
6828,62.055526840644404,
6829,72.88243803618911,
6830,76.34579704749513,
6831,75.74427436003526,
6832,55.53988320892864,
6833,66.75998526594947,
6834,67.75809567636486,
6835,64.04076843188159,
6836,63.970251163554224,
6837,74.34476646752125,
6838,77.35670444961744,
6839,76.50472825427516,
6840,56.68529323217922,
6841,64.08172826800075,
6842,65.0641490669326,
6843,61.40502501293321,
6844,61.335605757225665,
6845,71.54614224627312,
6846,74.50955413788023,
6847,73.67134630633802,
6848,54.16285762942522,
6849,72.18816316740549,
6850,73.21845499521385,
6851,69.38176256148807,
6852,69.30899389971046,
6853,80.01991913990264,
6854,83.13148058708526,
6855,82.25123489864865,
6856,61.79404690572238,
6857,65.82998608873534,
6858,66.8602779165437,
6859,63.02358548281792,
6860,62.950816821040306,
6861,73.66174206123249,
6862,76.77330350841511,
6863,75.8930578199785,
6864,55.43586982705223,
6865,63.99540069838927,
6866,65.02569252619762,
6867,61.18900009247185,
6868,61.116231430694235,
6869,71.82715667088641,
6870,74.93871811806903,
6871,74.05847242963242,
6872,53.60128443670616,
6873,67.40037922262374,
6874,68.4306710504321,
6875,64.59397861670632,
6876,64.52120995492871,
6877,75.23213519512089,
6878,78.34369664230351,
6879,77.4634509538669,
6880,57.00626296094064,
6881,67.70679739508978,
6882,68.73708922289813,
6883,64.90039678917236,
6884,64.82762812739475,
6885,75.53855336758693,
6886,78.65011481476955,
6887,77.76986912633294,
6888,57.31268113340667,
6889,67.30590620858743,
6890,69.12967662681001,
6891,64.9515495086062,
6892,64.88065081950975,
6893,75.664069709952,
6894,78.99224185624064,
6895,78.28317885496921,
6896,57.97959962319737,
6897,69.43976775444514,
6898,70.45370148081957,
6899,66.67768058554702,
6900,66.6060561981136,
6901,77.14596985911135,
6902,80.20687672765365,
6903,79.3410054916049,
6904,59.207986675494226,
6905,66.09705862630676,
6906,67.09127390886579,
6907,63.388395768864086,
6908,63.318151071724515,
6909,73.65195468876055,
6910,76.65184280242846,
6911,75.80328562644127,
6912,56.061045489955404,
6913,65.237640206364,
6914,65.81606638270551,
6915,61.12299103975289,
6916,61.032539058470036,
6917,75.41115721508964,
6918,77.95224636718092,
6919,76.50838164773205,
6920,63.97825728518285,
6921,43.64054227834191,
6922,44.21896845468342,
6923,39.525893111730795,
6924,39.43544113044794,
6925,53.81405928706755,
6926,56.355148439158825,
6927,54.91128371970996,
6928,42.381159357160755,
6929,43.39253247177918,
6930,43.970958648120686,
6931,39.27788330516806,
6932,39.18743132388521,
6933,53.566049480504816,
6934,56.10713863259609,
6935,54.66327391314722,
6936,42.13314955059802,
6937,48.97476526056424,
6938,49.55319143690575,
6939,44.860116093953124,
6940,44.76966411267027,
6941,59.14828226928988,
6942,61.68937142138115,
6943,60.245506701932285,
6944,47.71538233938308,
6945,50.01558925709543,
6946,50.59401543343694,
6947,45.90094009048431,
6948,45.81048810920146,
6949,60.18910626582107,
6950,62.73019541791234,
6951,61.28633069846347,
6952,48.75620633591427,
6953,50.83774217009841,
6954,51.29062942481664,
6955,46.80237363431371,
6956,46.71950480247983,
6957,62.437880271881795,
6958,65.82600735118126,
6959,64.93178229446016,
6960,49.65038707128622,
6961,50.93704249191404,
6962,51.467573678093686,
6963,47.160882439871216,
6964,47.07782781791968,
6965,60.25700185375109,
6966,62.58120309204162,
6967,61.26075632318674,
6968,49.78167414897143,
6969,50.93704249191404,
6970,51.467573678093686,
6971,47.160882439871216,
6972,47.07782781791968,
6973,60.25700185375109,
6974,62.58120309204162,
6975,61.26075632318674,
6976,49.78167414897143,
6977,65.237640206364,
6978,65.81606638270551,
6979,61.12299103975289,
6980,61.032539058470036,
6981,75.41115721508964,
6982,77.95224636718092,
6983,76.50838164773205,
6984,63.97825728518285,
6985,65.237640206364,
6986,65.81606638270551,
6987,61.12299103975289,
6988,61.032539058470036,
6989,75.41115721508964,
6990,77.95224636718092,
6991,76.50838164773205,
6992,63.97825728518285,
6993,61.41218811148466,
6994,61.99061428782617,
6995,57.297538944873544,
6996,57.20708696359069,
6997,71.58570512021029,
6998,74.12679427230157,
6999,72.6829295528527,
7000,60.1528051903035,
7001,65.237640206364,
7002,65.81606638270551,
7003,61.12299103975289,
7004,61.032539058470036,
7005,75.41115721508964,
7006,77.95224636718092,
7007,76.50838164773205,
7008,63.97825728518285,
7009,65.237640206364,
7010,65.81606638270551,
7011,61.12299103975289,
7012,61.032539058470036,
7013,75.41115721508964,
7014,77.95224636718092,
7015,76.50838164773205,
7016,63.97825728518285,
7017,65.237640206364,
7018,65.81606638270551,
7019,61.12299103975289,
7020,61.032539058470036,
7021,75.41115721508964,
7022,77.95224636718092,
7023,76.50838164773205,
7024,63.97825728518285,
7025,65.237640206364,
7026,65.81606638270551,
7027,61.12299103975289,
7028,61.032539058470036,
7029,75.41115721508964,
7030,77.95224636718092,
7031,76.50838164773205,
7032,63.97825728518285,
7033,65.237640206364,
7034,65.81606638270551,
7035,61.12299103975289,
7036,61.032539058470036,
7037,75.41115721508964,
7038,77.95224636718092,
7039,76.50838164773205,
7040,63.97825728518285,
7041,65.237640206364,
7042,65.81606638270551,
7043,61.12299103975289,
7044,61.032539058470036,
7045,75.41115721508964,
7046,77.95224636718092,
7047,76.50838164773205,
7048,63.97825728518285,
7049,48.989382570924974,
7050,49.56780874726648,
7051,44.87473340431386,
7052,44.784281423031004,
7053,59.16289957965061,
7054,61.70398873174189,
7055,60.26012401229302,
7056,47.72999964974382,
7057,48.478068561305335,
7058,49.056494737646844,
7059,44.36341939469422,
7060,44.272967413411365,
7061,58.651585570030974,
7062,61.19267472212225,
7063,59.74881000267338,
7064,47.21868564012418,
7065,53.00250644473823,
7066,53.58093262107974,
7067,48.887857278127115,
7068,48.79740529684426,
7069,63.17602345346387,
7070,65.71711260555514,
7071,64.27324788610628,
7072,51.743123523557074,
7073,53.78555500548228,
7074,54.36398118182379,
7075,49.670905838871164,
7076,49.58045385758831,
7077,63.95907201420792,
7078,66.5001611662992,
7079,65.05629644685033,
7080,52.52617208430112,
7081,54.28869609270134,
7082,54.7708457587749,
7083,50.233546570280566,
7084,50.14889107068808,
7085,65.56009722221717,
7086,68.75054042110281,
7087,67.72689197852912,
7088,53.08422854674524,
7089,56.059777852398156,
7090,56.60722761533174,
7091,52.16401482861011,
7092,52.078345728298416,
7093,65.68107423643352,
7094,68.08178598163187,
7095,66.71780454834749,
7096,54.867662975329324,
7097,56.059777852398156,
7098,56.60722761533174,
7099,52.16401482861011,
7100,52.078345728298416,
7101,65.68107423643352,
7102,68.08178598163187,
7103,66.71780454834749,
7104,54.867662975329324,
7105,65.237640206364,
7106,65.81606638270551,
7107,61.12299103975289,
7108,61.032539058470036,
7109,75.41115721508964,
7110,77.95224636718092,
7111,76.50838164773205,
7112,63.97825728518285,
7113,55.46622553141363,
7114,56.044651707755136,
7115,51.35157636480251,
7116,51.26112438351966,
7117,65.63974254013927,
7118,68.18083169223054,
7119,66.73696697278167,
7120,54.20684261023247,
7121,54.26997729424594,
7122,54.84840347058745,
7123,50.155328127634824,
7124,50.06487614635197,
7125,64.44349430297159,
7126,66.98458345506286,
7127,65.54071873561399,
7128,53.010594373064784,
7129,57.879647228238724,
7130,58.45807340458023,
7131,53.76499806162761,
7132,53.674546080344754,
7133,68.05316423696436,
7134,70.59425338905564,
7135,69.15038866960677,
7136,56.62026430705757,
7137,58.35055877883874,
7138,58.92898495518025,
7139,54.23590961222762,
7140,54.14545763094477,
7141,68.52407578756439,
7142,71.06516493965566,
7143,69.62130022020679,
7144,57.09117585765758,
7145,58.56710394607222,
7146,59.08625276048906,
7147,54.48811413730158,
7148,54.40121675840112,
7149,69.41940234180186,
7150,72.36008190515776,
7151,71.1739456725249,
7152,57.34129030006204,
7153,60.93056046022764,
7154,61.49434338340694,
7155,56.919368374799205,
7156,56.83117673222466,
7157,70.84295051049617,
7158,73.31763318165048,
7159,71.91155909996542,
7160,59.70297481788276,
7161,58.43611283976543,
7162,58.99150110693142,
7163,54.48424282308167,
7164,54.39734749742502,
7165,68.19886887118986,
7166,70.63552000603391,
7167,69.25108787634707,
7168,57.22675737364534,
7169,65.237640206364,
7170,65.81606638270551,
7171,61.12299103975289,
7172,61.032539058470036,
7173,75.41115721508964,
7174,77.95224636718092,
7175,76.50838164773205,
7176,63.97825728518285,
7177,54.735400822646994,
7178,55.3138269989885,
7179,50.62075165603588,
7180,50.530299674753024,
7181,64.90891783137263,
7182,67.45000698346391,
7183,66.00614226401504,
7184,53.47601790146584,
7185,53.646206450267506,
7186,54.224632626609015,
7187,49.53155728365639,
7188,49.441105302373536,
7189,63.819723458993145,
7190,66.36081261108441,
7191,64.91694789163554,
7192,52.38682352908635,
7193,57.32932741742047,
7194,57.90775359376198,
7195,53.21467825080936,
7196,53.1242262695265,
7197,67.50284442614611,
7198,70.04393357823739,
7199,68.60006885878852,
7200,56.069944496239316,
7201,57.83545943591286,
7202,58.41388561225437,
7203,53.720810269301744,
7204,53.63035828801889,
7205,68.0089764446385,
7206,70.55006559672978,
7207,69.10620087728091,
7208,56.5760765147317,
7209,58.078755209964356,
7210,58.593640521478676,
7211,54.002448322535315,
7212,53.91580833876151,
7213,68.97953532825125,
7214,71.9489835062771,
7215,70.78150654271718,
7216,56.85538536828807,
7217,60.45826193686946,
7218,61.02045057593648,
7219,56.4583353959527,
7220,56.370389916439024,
7221,70.34223038749593,
7222,72.80968811012804,
7223,71.4077254650669,
7224,59.2341384225835,
7225,57.945109746914284,
7226,58.49885305281549,
7227,54.00486515666745,
7228,53.9182238929551,
7229,67.67855001733898,
7230,70.10775199607514,
7231,68.72755873871023,
7232,56.739326674010954,
7233,65.237640206364,
7234,65.81606638270551,
7235,61.12299103975289,
7236,61.032539058470036,
7237,75.41115721508964,
7238,77.95224636718092,
7239,76.50838164773205,
7240,63.97825728518285,
7241,58.87946312769385,
7242,59.45788930403536,
7243,54.76481396108274,
7244,54.67436197979988,
7245,69.05298013641949,
7246,71.59406928851077,
7247,70.1502045690619,
7248,57.6200802065127,
7249,57.04487773734778,
7250,57.62330391368929,
7251,52.930228570736666,
7252,52.83977658945381,
7253,67.21839474607341,
7254,69.75948389816469,
7255,68.31561917871582,
7256,55.785494816166626,
7257,60.44985626158226,
7258,61.02828243792377,
7259,56.335207094971146,
7260,56.24475511368829,
7261,70.6233732703079,
7262,73.16446242239917,
7263,71.7205977029503,
7264,59.190473340401105,
7265,60.756274434048294,
7266,61.3347006103898,
7267,56.64162526743718,
7268,56.551173286154324,
7269,70.92979144277393,
7270,73.4708805948652,
7271,72.02701587541634,
7272,59.49689151286714,
7273,60.86708370479357,
7274,61.40645210564668,
7275,56.775590747104275,
7276,56.687475909784325,
7277,71.48882081340469,
7278,74.29311421346375,
7279,73.0187123835014,
7280,59.62973514691953,
7281,62.86511917334417,
7282,63.43545596499678,
7283,58.80761950757534,
7284,58.718416066775944,
7285,72.89436402930039,
7286,75.39875785847079,
7287,73.97577602276834,
7288,61.623301642149954,
7289,60.21723269090444,
7290,60.77860858653605,
7291,56.22304929059072,
7292,56.135229306734004,
7293,70.086712865675,
7294,72.55048779579784,
7295,71.15062087370774,
7296,58.99487413556608,
7297,70.73948743195257,
7298,71.368265230431,
7299,66.5968119627056,
7300,66.5033737838267,
7301,80.33004726448007,
7302,82.53238166153818,
7303,80.87201541340869,
7304,69.4521523603583,
7305,49.142389503930474,
7306,49.77116730240891,
7307,44.99971403468351,
7308,44.90627585580461,
7309,58.73294933645798,
7310,60.93528373351609,
7311,59.274917485386595,
7312,47.8550544323362,
7313,48.89437969736774,
7314,49.52315749584618,
7315,44.75170422812077,
7316,44.658266049241874,
7317,58.48493952989524,
7318,60.68727392695335,
7319,59.02690767882386,
7320,47.60704462577347,
7321,54.4766124861528,
7322,55.10539028463124,
7323,50.333937016905836,
7324,50.24049883802694,
7325,64.0671723186803,
7326,66.26950671573842,
7327,64.60914046760892,
7328,53.18927741455853,
7329,55.51743648268399,
7330,56.14621428116243,
7331,51.37476101343702,
7332,51.281322834558125,
7333,65.1079963152115,
7334,67.3103307122696,
7335,65.64996446414011,
7336,54.23010141108972,
7337,55.87780929330461,
7338,56.37360831691876,
7339,51.81371649757381,
7340,51.72823177076782,
7341,66.99503342049962,
7342,70.09330941820383,
7343,69.00956932421337,
7344,54.66543010983537,
7345,55.98022363548296,
7346,56.55614189696087,
7347,52.18355023147933,
7348,52.09787084319862,
7349,64.7547195775935,
7350,66.76669540068337,
7351,65.24994522833657,
7352,54.800829096955454,
7353,55.98022363548296,
7354,56.55614189696087,
7355,52.18355023147933,
7356,52.09787084319862,
7357,64.7547195775935,
7358,66.76669540068337,
7359,65.24994522833657,
7360,54.800829096955454,
7361,70.73948743195257,
7362,71.368265230431,
7363,66.5968119627056,
7364,66.5033737838267,
7365,80.33004726448007,
7366,82.53238166153818,
7367,80.87201541340869,
7368,69.4521523603583,
7369,70.73948743195257,
7370,71.368265230431,
7371,66.5968119627056,
7372,66.5033737838267,
7373,80.33004726448007,
7374,82.53238166153818,
7375,80.87201541340869,
7376,69.4521523603583,
7377,66.91403533707322,
7378,67.54281313555165,
7379,62.771359867826256,
7380,62.67792168894736,
7381,76.50459516960072,
7382,78.70692956665883,
7383,77.04656331852934,
7384,65.62670026547895,
7385,70.73948743195257,
7386,71.368265230431,
7387,66.5968119627056,
7388,66.5033737838267,
7389,80.33004726448007,
7390,82.53238166153818,
7391,80.87201541340869,
7392,69.4521523603583,
7393,70.73948743195257,
7394,71.368265230431,
7395,66.5968119627056,
7396,66.5033737838267,
7397,80.33004726448007,
7398,82.53238166153818,
7399,80.87201541340869,
7400,69.4521523603583,
7401,70.73948743195257,
7402,71.368265230431,
7403,66.5968119627056,
7404,66.5033737838267,
7405,80.33004726448007,
7406,82.53238166153818,
7407,80.87201541340869,
7408,69.4521523603583,
7409,70.73948743195257,
7410,71.368265230431,
7411,66.5968119627056,
7412,66.5033737838267,
7413,80.33004726448007,
7414,82.53238166153818,
7415,80.87201541340869,
7416,69.4521523603583,
7417,70.73948743195257,
7418,71.368265230431,
7419,66.5968119627056,
7420,66.5033737838267,
7421,80.33004726448007,
7422,82.53238166153818,
7423,80.87201541340869,
7424,69.4521523603583,
7425,70.73948743195257,
7426,71.368265230431,
7427,66.5968119627056,
7428,66.5033737838267,
7429,80.33004726448007,
7430,82.53238166153818,
7431,80.87201541340869,
7432,69.4521523603583,
7433,54.49122979651354,
7434,55.120007594991975,
7435,50.34855432726657,
7436,50.25511614838767,
7437,64.08178962904104,
7438,66.28412402609915,
7439,64.62375777796966,
7440,53.203894724919266,
7441,53.9799157868939,
7442,54.608693585372336,
7443,49.83724031764693,
7444,49.74380213876803,
7445,63.5704756194214,
7446,65.77281001647951,
7447,64.11244376835002,
7448,52.69258071529963,
7449,58.50435367032679,
7450,59.13313146880523,
7451,54.361678201079826,
7452,54.26824002220093,
7453,68.0949135028543,
7454,70.2972478999124,
7455,68.63688165178291,
7456,57.21701859873252,
7457,59.28740223107084,
7458,59.91618002954928,
7459,55.144726761823875,
7460,55.05128858294498,
7461,68.87796206359835,
7462,71.08029646065646,
7463,69.41993021252696,
7464,58.00006715947657,
7465,59.43755669428748,
7466,59.96433072106112,
7467,55.35380919646224,
7468,55.26645206649732,
7469,70.2030284155523,
7470,73.0922644197322,
7471,71.87279781849918,
7472,58.207382443945164,
7473,61.26493110391527,
7474,61.859509111708974,
7475,57.34608149550081,
7476,57.25766170805895,
7477,70.32734539959324,
7478,72.40643442486902,
7479,70.83905234115775,
7480,60.04742845434953,
7481,61.26493110391527,
7482,61.859509111708974,
7483,57.34608149550081,
7484,57.25766170805895,
7485,70.32734539959324,
7486,72.40643442486902,
7487,70.83905234115775,
7488,60.04742845434953,
7489,70.73948743195257,
7490,71.368265230431,
7491,66.5968119627056,
7492,66.5033737838267,
7493,80.33004726448007,
7494,82.53238166153818,
7495,80.87201541340869,
7496,69.4521523603583,
7497,60.96807275700219,
7498,61.59685055548063,
7499,56.82539728775522,
7500,56.731959108876325,
7501,70.5586325895297,
7502,72.7609669865878,
7503,71.10060073845831,
7504,59.68073768540792,
7505,59.7718245198345,
7506,60.40060231831294,
7507,55.629149050587536,
7508,55.53571087170864,
7509,69.36238435236201,
7510,71.56471874942012,
7511,69.90435250129063,
7512,58.48448944824023,
7513,63.38149445382729,
7514,64.01027225230573,
7515,59.23881898458032,
7516,59.14538080570142,
7517,72.97205428635479,
7518,75.1743886834129,
7519,73.51402243528341,
7520,62.094159382233016,
7521,63.8524060044273,
7522,64.48118380290575,
7523,59.709730535180334,
7524,59.616292356301436,
7525,73.44296583695481,
7526,75.64530023401292,
7527,73.98493398588343,
7528,62.56507093283303,
7529,63.85248252726137,
7530,64.41844002104835,
7531,59.74508670198571,
7532,59.65537878666095,
7533,74.16948248472227,
7534,76.79455795940112,
7535,75.40464519675578,
7536,62.600099260875254,
7537,66.29213177532972,
7538,66.90473689553437,
7539,62.25528495386652,
7540,62.16421923625353,
7541,75.63286661974115,
7542,77.77688144389015,
7543,76.16051595164828,
7544,65.03781763083634,
7545,63.717284751268494,
7546,64.320622997447,
7547,59.74109016095451,
7548,59.651384399286655,
7549,72.91492839908125,
7550,75.02555725692253,
7551,73.43438008954979,
7552,62.48189306943715,
7553,70.73948743195257,
7554,71.368265230431,
7555,66.5968119627056,
7556,66.5033737838267,
7557,80.33004726448007,
7558,82.53238166153818,
7559,80.87201541340869,
7560,69.4521523603583,
7561,60.23724804823556,
7562,60.866025846713995,
7563,56.09457257898859,
7564,56.00113440010969,
7565,69.82780788076306,
7566,72.03014227782117,
7567,70.36977602969168,
7568,58.949912976641286,
7569,59.14805367585607,
7570,59.77683147433451,
7571,55.0053782066091,
7572,54.9119400277302,
7573,68.73861350838357,
7574,70.94094790544167,
7575,69.28058165731218,
7576,57.8607186042618,
7577,62.831174643009035,
7578,63.459952441487474,
7579,58.68849917376207,
7580,58.59506099488317,
7581,72.42173447553654,
7582,74.62406887259465,
7583,72.96370262446516,
7584,61.543839571414765,
7585,63.33730666150142,
7586,63.96608445997986,
7587,59.194631192254455,
7588,59.10119301337556,
7589,72.92786649402893,
7590,75.13020089108704,
7591,73.46983464295755,
7592,62.04997158990715,
7593,63.34845953193286,
7594,63.90990074902692,
7595,59.24372270755822,
7596,59.1542847656271,
7597,73.71734052442355,
7598,76.37284573288781,
7599,75.00250867288219,
7600,62.09861950118824,
7601,65.80456307772249,
7602,66.41540800795553,
7603,61.77923607687899,
7604,61.688428644397106,
7605,75.11811533037832,
7606,77.25578694125818,
7607,75.64420717414276,
7608,64.55384305629923,
7609,63.21052864525359,
7610,63.81205140883799,
7611,59.24621760199443,
7612,59.15677831762491,
7613,72.38014408844748,
7614,74.48423492209616,
7615,72.89799037025932,
7616,61.97884422100691,
7617,70.73948743195257,
7618,71.368265230431,
7619,66.5968119627056,
7620,66.5033737838267,
7621,80.33004726448007,
7622,82.53238166153818,
7623,80.87201541340869,
7624,69.4521523603583,
7625,64.38131035328242,
7626,65.01008815176085,
7627,60.23863488403545,
7628,60.14519670515655,
7629,73.97187018580992,
7630,76.17420458286803,
7631,74.51383833473854,
7632,63.093975281688145,
7633,62.546724962936345,
7634,63.17550276141478,
7635,58.40404949368938,
7636,58.31061131481048,
7637,72.13728479546384,
7638,74.33961919252195,
7639,72.67925294439246,
7640,61.259389891342074,
7641,65.95170348717082,
7642,66.58048128564926,
7643,61.80902801792386,
7644,61.71558983904496,
7645,75.54226331969832,
7646,77.74459771675643,
7647,76.08423146862694,
7648,64.66436841557655,
7649,66.25812165963686,
7650,66.8868994581153,
7651,62.11544619038989,
7652,62.02200801151099,
7653,75.84868149216436,
7654,78.05101588922247,
7655,76.39064964109298,
7656,64.97078658804259,
7657,66.22660142691291,
7658,66.81398104835608,
7659,62.1068221651621,
7660,62.015837036884136,
7661,76.29686630102174,
7662,78.7776703956709,
7663,77.29514806505108,
7664,64.96221169632292,
7665,68.28946882749727,
7666,68.90931109260345,
7667,64.2052610115075,
7668,64.11313348727492,
7669,77.74198267850312,
7670,79.91208660629246,
7671,78.27603766054574,
7672,67.02037763956457,
7673,65.55574949300598,
7674,66.16569714968534,
7675,61.5362949607902,
7676,61.445619197147096,
7677,74.85544574391247,
7678,76.9898841549147,
7679,75.38074371407924,
7680,64.30686162634134,
7681,67.56846160148524,
7682,68.16805777700506,
7683,63.44178634171209,
7684,63.35007527981526,
7685,77.49755314128447,
7686,79.89613381878661,
7687,78.36097720514135,
7688,66.29726610005036,
7689,45.971363673463145,
7690,46.570959848982966,
7691,41.844688413689994,
7692,41.75297735179316,
7693,55.900455213262376,
7694,58.299035890764515,
7695,56.76387927711926,
7696,44.70016817202827,
7697,45.72335386690041,
7698,46.32295004242023,
7699,41.59667860712726,
7700,41.50496754523043,
7701,55.65244540669964,
7702,58.05102608420178,
7703,56.515869470556524,
7704,44.452158365465536,
7705,51.305586655685474,
7706,51.905182831205295,
7707,47.17891139591232,
7708,47.08720033401549,
7709,61.234678195484705,
7710,63.63325887298684,
7711,62.09810225934159,
7712,50.0343911542506,
7713,52.34641065221666,
7714,52.94600682773648,
7715,48.21973539244351,
7716,48.12802433054668,
7717,62.27550219201589,
7718,64.67408286951803,
7719,63.138926255872775,
7720,51.07521515078179,
7721,52.97378467755743,
7722,53.444723361187584,
7723,48.92611421057899,
7724,48.84214175889957,
7725,64.37142641297476,
7726,67.63759262991124,
7727,66.66343220215572,
7728,51.77584854462077,
7729,53.07439888772615,
7730,53.6240256741612,
7731,49.28940084500738,
7732,49.205238877328895,
7733,62.16542719911217,
7734,64.35818112665402,
7735,62.954910295800744,
7736,51.90887057562526,
7737,53.07439888772615,
7738,53.6240256741612,
7739,49.28940084500738,
7740,49.205238877328895,
7741,62.16542719911217,
7742,64.35818112665402,
7743,62.954910295800744,
7744,51.90887057562526,
7745,67.56846160148524,
7746,68.16805777700506,
7747,63.44178634171209,
7748,63.35007527981526,
7749,77.49755314128447,
7750,79.89613381878661,
7751,78.36097720514135,
7752,66.29726610005036,
7753,67.56846160148524,
7754,68.16805777700506,
7755,63.44178634171209,
7756,63.35007527981526,
7757,77.49755314128447,
7758,79.89613381878661,
7759,78.36097720514135,
7760,66.29726610005036,
7761,63.743009506605894,
7762,64.34260568212571,
7763,59.61633424683274,
7764,59.52462318493591,
7765,73.67210104640512,
7766,76.07068172390726,
7767,74.535525110262,
7768,62.47181400517102,
7769,67.56846160148524,
7770,68.16805777700506,
7771,63.44178634171209,
7772,63.35007527981526,
7773,77.49755314128447,
7774,79.89613381878661,
7775,78.36097720514135,
7776,66.29726610005036,
7777,67.56846160148524,
7778,68.16805777700506,
7779,63.44178634171209,
7780,63.35007527981526,
7781,77.49755314128447,
7782,79.89613381878661,
7783,78.36097720514135,
7784,66.29726610005036,
7785,67.56846160148524,
7786,68.16805777700506,
7787,63.44178634171209,
7788,63.35007527981526,
7789,77.49755314128447,
7790,79.89613381878661,
7791,78.36097720514135,
7792,66.29726610005036,
7793,67.56846160148524,
7794,68.16805777700506,
7795,63.44178634171209,
7796,63.35007527981526,
7797,77.49755314128447,
7798,79.89613381878661,
7799,78.36097720514135,
7800,66.29726610005036,
7801,67.56846160148524,
7802,68.16805777700506,
7803,63.44178634171209,
7804,63.35007527981526,
7805,77.49755314128447,
7806,79.89613381878661,
7807,78.36097720514135,
7808,66.29726610005036,
7809,67.56846160148524,
7810,68.16805777700506,
7811,63.44178634171209,
7812,63.35007527981526,
7813,77.49755314128447,
7814,79.89613381878661,
7815,78.36097720514135,
7816,66.29726610005036,
7817,51.32020396604621,
7818,51.91980014156603,
7819,47.19352870627306,
7820,47.101817644376226,
7821,61.24929550584544,
7822,63.64787618334758,
7823,62.11271956970232,
7824,50.04900846461133,
7825,50.80888995642657,
7826,51.40848613194639,
7827,46.68221469665342,
7828,46.59050363475659,
7829,60.7379814962258,
7830,63.13656217372794,
7831,61.60140556008268,
7832,49.537694454991694,
7833,55.333327839859464,
7834,55.932924015379285,
7835,51.20665258008631,
7836,51.11494151818948,
7837,65.2624193796587,
7838,67.66100005716083,
7839,66.12584344351558,
7840,54.06213233842459,
7841,56.116376400603514,
7842,56.715972576123335,
7843,51.98970114083036,
7844,51.89799007893353,
7845,66.04546794040274,
7846,68.44404861790488,
7847,66.90889200425963,
7848,54.84518089916864,
7849,56.470638264005174,
7850,56.971557446569534,
7851,52.40323586681899,
7852,52.31744074252504,
7853,67.52989467912664,
7854,70.59360461651721,
7855,69.48736781962828,
7856,55.255302488096504,
7857,58.265467154076134,
7858,58.832740268203,
7859,54.35977371430869,
7860,54.272944390886494,
7861,67.65228314341704,
7862,69.91762783661625,
7863,68.4678460958994,
7864,57.06261900375,
7865,58.265467154076134,
7866,58.832740268203,
7867,54.35977371430869,
7868,54.272944390886494,
7869,67.65228314341704,
7870,69.91762783661625,
7871,68.4678460958994,
7872,57.06261900375,
7873,67.56846160148524,
7874,68.16805777700506,
7875,63.44178634171209,
7876,63.35007527981526,
7877,77.49755314128447,
7878,79.89613381878661,
7879,78.36097720514135,
7880,66.29726610005036,
7881,57.79704692653486,
7882,58.39664310205468,
7883,53.67037166676171,
7884,53.57866060486488,
7885,67.72613846633409,
7886,70.12471914383623,
7887,68.58956253019097,
7888,56.52585142509999,
7889,56.600798689367174,
7890,57.200394864886995,
7891,52.47412342959402,
7892,52.38241236769719,
7893,66.52989022916641,
7894,68.92847090666855,
7895,67.3933142930233,
7896,55.3296031879323,
7897,60.21046862335996,
7898,60.81006479887978,
7899,56.08379336358681,
7900,55.992082301689976,
7901,70.13956016315919,
7902,72.53814084066133,
7903,71.00298422701607,
7904,58.93927312192508,
7905,60.68138017395997,
7906,61.28097634947979,
7907,56.55470491418682,
7908,56.46299385228999,
7909,70.61047171375921,
7910,73.00905239126135,
7911,71.4738957776161,
7912,59.4101846725251,
7913,60.806633393680386,
7914,61.3454674136828,
7915,56.71546625605379,
7916,56.627383527002905,
7917,71.43447729184061,
7918,74.24237415232221,
7919,72.97030031759448,
7920,59.5695885418545,
7921,63.20222578786513,
7922,63.7865398521206,
7923,59.18001352817157,
7924,59.0906098630943,
7925,72.87485722437606,
7926,75.21040168373258,
7927,73.71563848070804,
7928,61.9633425087319,
7929,60.67386794406207,
7930,61.2494229379102,
7931,56.711542127233656,
7932,56.62346149358103,
7933,70.19956853263022,
7934,72.499018114747,
7935,71.02738350752702,
7936,59.45350623075706,
7937,67.56846160148524,
7938,68.16805777700506,
7939,63.44178634171209,
7940,63.35007527981526,
7941,77.49755314128447,
7942,79.89613381878661,
7943,78.36097720514135,
7944,66.29726610005036,
7945,57.06622221776823,
7946,57.66581839328805,
7947,52.93954695799508,
7948,52.847835896098246,
7949,66.99531375756746,
7950,69.3938944350696,
7951,67.85873782142434,
7952,55.79502671633335,
7953,55.97702784538874,
7954,56.57662402090856,
7955,51.85035258561559,
7956,51.75864152371876,
7957,65.90611938518796,
7958,68.3047000626901,
7959,66.76954344904485,
7960,54.705832343953865,
7961,59.660148812541706,
7962,60.25974498806153,
7963,55.533473552768555,
7964,55.441762490871724,
7965,69.58924035234094,
7966,71.98782102984308,
7967,70.45266441619782,
7968,58.38895331110683,
7969,60.16628083103409,
7970,60.765877006553914,
7971,56.03960557126094,
7972,55.94789450936411,
7973,70.09537237083333,
7974,72.49395304833547,
7975,70.95879643469021,
7976,58.89508532959922,
7977,60.31167331745763,
7978,60.846137880040715,
7979,56.2231796421155,
7980,56.1353595887573,
7981,70.98942361460712,
7982,73.82678702913336,
7983,72.57375811663917,
7984,59.077114090386715,
7985,62.723487002421166,
7986,63.30613747123073,
7987,58.712648163997414,
7988,58.62349575032101,
7989,72.36820865324341,
7990,74.69689571118266,
7991,73.20652659072846,
7992,61.48812140601058,
7993,60.17622025635592,
7994,60.75005903799979,
7995,56.225629398976025,
7996,56.137808039440415,
7997,69.6731371653567,
7998,71.96551747763533,
7999,70.49841258605466,
8000,58.959487706792515,
8001,67.56846160148524,
8002,68.16805777700506,
8003,63.44178634171209,
8004,63.35007527981526,
8005,77.49755314128447,
8006,79.89613381878661,
8007,78.36097720514135,
8008,66.29726610005036,
8009,61.21028452281509,
8010,61.80988069833491,
8011,57.083609263041936,
8012,56.991898201145105,
8013,71.13937606261432,
8014,73.53795674011646,
8015,72.0028001264712,
8016,59.93908902138021,
8017,59.375699132469016,
8018,59.97529530798884,
8019,55.249023872695865,
8020,55.157312810799034,
8021,69.30479067226824,
8022,71.70337134977038,
8023,70.16821473612512,
8024,58.10450363103414,
8025,62.780677656703496,
8026,63.38027383222332,
8027,58.654002396930345,
8028,58.562291335033514,
8029,72.70976919650272,
8030,75.10834987400486,
8031,73.5731932603596,
8032,61.50948215526862,
8033,63.08709582916953,
8034,63.68669200468935,
8035,58.960420569396376,
8036,58.868709507499545,
8037,73.01618736896876,
8038,75.4147680464709,
8039,73.87961143282564,
8040,61.81590032773465,
8041,63.13788292807942,
8042,63.69744056209487,
8043,59.03426012489547,
8044,58.94493485345777,
8045,73.52838739782908,
8046,76.1965851922086,
8047,74.8344178167917,
8048,61.88910484617446,
8049,65.16326020802029,
8050,65.75441357468964,
8051,61.09429350560299,
8052,61.00385705226478,
8053,74.9506501271191,
8054,77.31439607197325,
8055,75.8015616883477,
8056,63.90991560881861,
8057,62.479174629078784,
8058,63.06097703907278,
8059,58.4741338005237,
8060,58.38510947379996,
8061,72.10966920112804,
8062,74.43486088309112,
8063,72.9467315190592,
8064,61.24560227387735,
8065,54.389423519799266,
8066,49.11598106413197,
8067,47.00419499395406,
8068,46.87182247592398,
8069,55.30048210877811,
8070,55.05700864497334,
8071,54.824631644401165,
8072,41.935356113838566,
8073,32.79232559177717,
8074,27.51888313610988,
8075,25.407097065931968,
8076,25.274724547901886,
8077,33.70338418075602,
8078,33.45991071695124,
8079,33.22753371637907,
8080,20.338258185816475,
8081,32.54431578521444,
8082,27.27087332954714,
8083,25.159087259369226,
8084,25.026714741339145,
8085,33.45537437419328,
8086,33.21190091038851,
8087,32.979523909816336,
8088,20.090248379253733,
8089,38.1265485739995,
8090,32.85310611833221,
8091,30.741320048154293,
8092,30.60894753012421,
8093,39.03760716297835,
8094,38.79413369917357,
8095,38.5617566986014,
8096,25.6724811680388,
8097,39.16737257053069,
8098,33.893930114863394,
8099,31.78214404468548,
8100,31.6497715266554,
8101,40.078431159509535,
8102,39.83495769570476,
8103,39.60258069513259,
8104,26.713305164569988,
8105,42.449539621737244,
8106,37.035449246703024,
8107,34.382921537428956,
8108,34.26077821089757,
8109,43.94485726687287,
8110,44.12501702525606,
8111,44.07823582071751,
8112,31.436899011191088,
8113,41.44912902456571,
8114,36.58104107165195,
8115,34.62984385289951,
8116,34.50750434560274,
8117,42.28952982127032,
8118,42.06495719731191,
8119,41.8506073167398,
8120,29.942397730352752,
8121,41.44912902456571,
8122,36.58104107165195,
8123,34.62984385289951,
8124,34.50750434560274,
8125,42.28952982127032,
8126,42.06495719731191,
8127,41.8506073167398,
8128,29.942397730352752,
8129,54.389423519799266,
8130,49.11598106413197,
8131,47.00419499395406,
8132,46.87182247592398,
8133,55.30048210877811,
8134,55.05700864497334,
8135,54.824631644401165,
8136,41.935356113838566,
8137,54.389423519799266,
8138,49.11598106413197,
8139,47.00419499395406,
8140,46.87182247592398,
8141,55.30048210877811,
8142,55.05700864497334,
8143,54.824631644401165,
8144,41.935356113838566,
8145,50.56397142491992,
8146,45.29052896925263,
8147,43.17874289907471,
8148,43.04637038104463,
8149,51.47503001389877,
8150,51.23155655009399,
8151,50.99917954952182,
8152,38.10990401895922,
8153,54.389423519799266,
8154,49.11598106413197,
8155,47.00419499395406,
8156,46.87182247592398,
8157,55.30048210877811,
8158,55.05700864497334,
8159,54.824631644401165,
8160,41.935356113838566,
8161,54.389423519799266,
8162,49.11598106413197,
8163,47.00419499395406,
8164,46.87182247592398,
8165,55.30048210877811,
8166,55.05700864497334,
8167,54.824631644401165,
8168,41.935356113838566,
8169,54.389423519799266,
8170,49.11598106413197,
8171,47.00419499395406,
8172,46.87182247592398,
8173,55.30048210877811,
8174,55.05700864497334,
8175,54.824631644401165,
8176,41.935356113838566,
8177,54.389423519799266,
8178,49.11598106413197,
8179,47.00419499395406,
8180,46.87182247592398,
8181,55.30048210877811,
8182,55.05700864497334,
8183,54.824631644401165,
8184,41.935356113838566,
8185,54.389423519799266,
8186,49.11598106413197,
8187,47.00419499395406,
8188,46.87182247592398,
8189,55.30048210877811,
8190,55.05700864497334,
8191,54.824631644401165,
8192,41.935356113838566,
8193,54.389423519799266,
8194,49.11598106413197,
8195,47.00419499395406,
8196,46.87182247592398,
8197,55.30048210877811,
8198,55.05700864497334,
8199,54.824631644401165,
8200,41.935356113838566,
8201,38.141165884360234,
8202,32.86772342869294,
8203,30.75593735851503,
8204,30.62356484048495,
8205,39.05222447333908,
8206,38.808751009534305,
8207,38.576374008962134,
8208,25.687098478399538,
8209,37.629851874740595,
8210,32.3564094190733,
8211,30.244623348895388,
8212,30.112250830865307,
8213,38.54091046371944,
8214,38.297436999914666,
8215,38.065059999342495,
8216,25.175784468779895,
8217,42.15428975817349,
8218,36.8808473025062,
8219,34.76906123232828,
8220,34.6366887142982,
8221,43.06534834715234,
8222,42.82187488334756,
8223,42.58949788277539,
8224,29.70022235221279,
8225,42.93733831891754,
8226,37.66389586325025,
8227,35.55210979307233,
8228,35.41973727504225,
8229,43.84839690789639,
8230,43.60492344409161,
8231,43.37254644351944,
8232,30.48327091295684,
8233,45.324790984722824,
8234,39.94220187998616,
8235,37.415143039068255,
8236,37.29057970180702,
8237,46.68346143050712,
8238,46.76407554770452,
8239,46.67359406210119,
8240,33.971277051314075,
8241,46.15233981799952,
8242,41.1387692611309,
8243,39.129911575153926,
8244,39.003969179942885,
8245,47.01809075449478,
8246,46.786737273960284,
8247,46.56591981330536,
8248,34.30546681701378,
8249,46.15233981799952,
8250,41.1387692611309,
8251,39.129911575153926,
8252,39.003969179942885,
8253,47.01809075449478,
8254,46.786737273960284,
8255,46.56591981330536,
8256,34.30546681701378,
8257,54.389423519799266,
8258,49.11598106413197,
8259,47.00419499395406,
8260,46.87182247592398,
8261,55.30048210877811,
8262,55.05700864497334,
8263,54.824631644401165,
8264,41.935356113838566,
8265,44.61800884484889,
8266,39.344566389181594,
8267,37.23278031900368,
8268,37.1004078009736,
8269,45.529067433827734,
8270,45.28559397002296,
8271,45.05321696945079,
8272,32.16394143888819,
8273,43.4217606076812,
8274,38.14831815201391,
8275,36.03653208183599,
8276,35.90415956380591,
8277,44.33281919666005,
8278,44.08934573285527,
8279,43.8569687322831,
8280,30.9676932017205,
8281,47.031430541673984,
8282,41.75798808600669,
8283,39.64620201582878,
8284,39.513829497798696,
8285,47.94248913065283,
8286,47.699015666848055,
8287,47.466638666275884,
8288,34.577363135713284,
8289,47.502342092274,
8290,42.228899636606705,
8291,40.11711356642879,
8292,39.98474104839871,
8293,48.413400681252845,
8294,48.16992721744807,
8295,47.9375502168759,
8296,35.0482746863133,
8297,48.87730575161362,
8298,43.535711891572134,
8299,41.16782759187032,
8300,41.04023638702307,
8301,50.06359153487233,
8302,50.01904287301278,
8303,49.8736943790326,
8304,37.09715285288769,
8305,50.58078476152264,
8306,45.4283041753626,
8307,43.36441699381987,
8308,43.235036599240004,
8309,51.47075011495474,
8310,51.23291929417945,
8311,51.00592393490524,
8312,38.409284572131185,
8313,49.07381176932938,
8314,43.968811099808704,
8315,41.9237303513886,
8316,41.795524845741795,
8317,49.95549951311159,
8318,49.71988297742786,
8319,49.494999518374186,
8320,37.01325415624228,
8321,54.389423519799266,
8322,49.11598106413197,
8323,47.00419499395406,
8324,46.87182247592398,
8325,55.30048210877811,
8326,55.05700864497334,
8327,54.824631644401165,
8328,41.935356113838566,
8329,43.887184136082254,
8330,38.61374168041496,
8331,36.50195561023705,
8332,36.369583092206966,
8333,44.7982427250611,
8334,44.554769261256325,
8335,44.322392260684154,
8336,31.433116730121558,
8337,42.797989763702766,
8338,37.52454730803547,
8339,35.41276123785756,
8340,35.28038871982748,
8341,43.70904835268161,
8342,43.46557488887684,
8343,43.233197888304666,
8344,30.343922357742066,
8345,46.48111073085573,
8346,41.20766827518844,
8347,39.095882205010525,
8348,38.963509686980444,
8349,47.39216931983458,
8350,47.1486958560298,
8351,46.91631885545763,
8352,34.02704332489503,
8353,46.98724274934812,
8354,41.713800293680826,
8355,39.60201422350291,
8356,39.46964170547283,
8357,47.89830133832697,
8358,47.65482787452219,
8359,47.42245087395002,
8360,34.53317534338742,
8361,48.472490286043865,
8362,43.12610915383573,
8363,40.73985448141377,
8364,40.612610424401055,
8365,49.67861753441343,
8366,49.648452115977534,
8367,49.509404356847256,
8368,36.74125858405131,
8369,50.15432251780226,
8370,45.01530033928259,
8371,42.95674363277959,
8372,42.82769624179821,
8373,51.04194143422211,
8374,50.80473829545559,
8375,50.57834159306532,
8376,38.01426783824638,
8377,48.30635471924677,
8378,43.22545105288151,
8379,41.18991606722045,
8380,41.06230693260994,
8381,49.183841823724094,
8382,48.9493489595676,
8383,48.725537223444576,
8384,36.30210905115973,
8385,54.389423519799266,
8386,49.11598106413197,
8387,47.00419499395406,
8388,46.87182247592398,
8389,55.30048210877811,
8390,55.05700864497334,
8391,54.824631644401165,
8392,41.935356113838566,
8393,48.03124644112911,
8394,42.75780398546182,
8395,40.646017915283906,
8396,40.513645397253825,
8397,48.94230503010796,
8398,48.698831566303184,
8399,48.46645456573101,
8400,35.57717903516841,
8401,46.19666105078304,
8402,40.92321859511575,
8403,38.811432524937835,
8404,38.679060006907754,
8405,47.10771963976189,
8406,46.86424617595711,
8407,46.63186917538494,
8408,33.74259364482234,
8409,49.60163957501752,
8410,44.32819711935023,
8411,42.216411049172315,
8412,42.084038531142234,
8413,50.51269816399637,
8414,50.26922470019159,
8415,50.03684769961942,
8416,37.14757216905682,
8417,49.908057747483554,
8418,44.63461529181626,
8419,42.52282922163835,
8420,42.390456703608265,
8421,50.8191163364624,
8422,50.575642872657625,
8423,50.34326587208545,
8424,37.453990341522854,
8425,50.781526097764754,
8426,45.46285093611414,
8427,43.18218198465121,
8428,43.05295049979128,
8429,51.873796832493724,
8430,51.76117498902386,
8431,51.5860214095635,
8432,38.770201115323175,
8433,52.316307904803466,
8434,47.108878587289155,
8435,45.02323028251021,
8436,44.89249048074879,
8437,53.215854315367665,
8438,52.97546049467354,
8439,52.746020670716405,
8440,40.01643407061249,
8441,51.85905883778321,
8442,46.666134395105985,
8443,44.586230017721164,
8444,44.45584902921712,
8445,52.75607598721456,
8446,52.516358765625796,
8447,52.287564246251236,
8448,39.59306977743768,
8449,61.996288290674045,
8450,56.825983280869764,
8451,55.085941716795446,
8452,54.94680326305729,
8453,62.51208263062273,
8454,61.98472963863185,
8455,61.6285030864658,
8456,48.588467375428365,
8457,40.39919036265195,
8458,35.22888535284767,
8459,33.48884378877335,
8460,33.349705335035196,
8461,40.914984702600634,
8462,40.38763171060975,
8463,40.031405158443704,
8464,26.991369447406274,
8465,40.151180556089216,
8466,34.980875546284935,
8467,33.24083398221062,
8468,33.10169552847246,
8469,40.6669748960379,
8470,40.13962190404702,
8471,39.78339535188097,
8472,26.743359640843533,
8473,45.73341334487428,
8474,40.56310833507,
8475,38.82306677099568,
8476,38.683928317257525,
8477,46.24920768482296,
8478,45.72185469283208,
8479,45.36562814066603,
8480,32.3255924296286,
8481,46.77423734140547,
8482,41.603932331601186,
8483,39.86389076752687,
8484,39.72475231378871,
8485,47.29003168135415,
8486,46.76267868936327,
8487,46.40645213719722,
8488,33.36641642615979,
8489,49.50594851562647,
8490,44.17184792593116,
8491,41.83260972777879,
8492,41.7044783514537,
8493,50.661321408547735,
8494,50.594375403766946,
8495,50.43921773998153,
8496,37.64967002038202,
8497,48.46037605790485,
8498,43.69630622629268,
8499,42.091644885921085,
8500,41.9633027207077,
8501,48.93531836104006,
8502,48.44973219993477,
8503,48.12168418274763,
8504,36.093734886000846,
8505,48.46037605790485,
8506,43.69630622629268,
8507,42.091644885921085,
8508,41.9633027207077,
8509,48.93531836104006,
8510,48.44973219993477,
8511,48.12168418274763,
8512,36.093734886000846,
8513,61.996288290674045,
8514,56.825983280869764,
8515,55.085941716795446,
8516,54.94680326305729,
8517,62.51208263062273,
8518,61.98472963863185,
8519,61.6285030864658,
8520,48.588467375428365,
8521,61.996288290674045,
8522,56.825983280869764,
8523,55.085941716795446,
8524,54.94680326305729,
8525,62.51208263062273,
8526,61.98472963863185,
8527,61.6285030864658,
8528,48.588467375428365,
8529,58.1708361957947,
8530,53.00053118599042,
8531,51.2604896219161,
8532,51.121351168177945,
8533,58.68663053574338,
8534,58.1592775437525,
8535,57.80305099158645,
8536,44.76301528054902,
8537,61.996288290674045,
8538,56.825983280869764,
8539,55.085941716795446,
8540,54.94680326305729,
8541,62.51208263062273,
8542,61.98472963863185,
8543,61.6285030864658,
8544,48.588467375428365,
8545,61.996288290674045,
8546,56.825983280869764,
8547,55.085941716795446,
8548,54.94680326305729,
8549,62.51208263062273,
8550,61.98472963863185,
8551,61.6285030864658,
8552,48.588467375428365,
8553,61.996288290674045,
8554,56.825983280869764,
8555,55.085941716795446,
8556,54.94680326305729,
8557,62.51208263062273,
8558,61.98472963863185,
8559,61.6285030864658,
8560,48.588467375428365,
8561,61.996288290674045,
8562,56.825983280869764,
8563,55.085941716795446,
8564,54.94680326305729,
8565,62.51208263062273,
8566,61.98472963863185,
8567,61.6285030864658,
8568,48.588467375428365,
8569,61.996288290674045,
8570,56.825983280869764,
8571,55.085941716795446,
8572,54.94680326305729,
8573,62.51208263062273,
8574,61.98472963863185,
8575,61.6285030864658,
8576,48.588467375428365,
8577,61.996288290674045,
8578,56.825983280869764,
8579,55.085941716795446,
8580,54.94680326305729,
8581,62.51208263062273,
8582,61.98472963863185,
8583,61.6285030864658,
8584,48.588467375428365,
8585,45.74803065523501,
8586,40.57772564543073,
8587,38.837684081356414,
8588,38.69854562761826,
8589,46.2638249951837,
8590,45.736472003192816,
8591,45.38024545102677,
8592,32.340209739989334,
8593,45.236716645615374,
8594,40.06641163581109,
8595,38.326370071736775,
8596,38.18723161799862,
8597,45.75251098556406,
8598,45.22515799357318,
8599,44.86893144140713,
8600,31.828895730369695,
8601,49.76115452904827,
8602,44.59084951924399,
8603,42.85080795516967,
8604,42.711669501431516,
8605,50.27694886899695,
8606,49.74959587700607,
8607,49.39336932484002,
8608,36.35333361380259,
8609,50.54420308979232,
8610,45.37389807998804,
8611,43.63385651591372,
8612,43.494718062175565,
8613,51.059997429741,
8614,50.53264443775012,
8615,50.17641788558407,
8616,37.13638217454664,
8617,52.511823556740296,
8618,47.21454575446245,
8619,45.01427575138189,
8620,44.883543306975014,
8621,53.51769085373701,
8622,53.34262009300113,
8623,53.14014555275327,
8624,40.288939715394065,
8625,53.3771952333052,
8626,48.4674564215274,
8627,46.81423052525804,
8628,46.68201501546247,
8629,53.86678154975914,
8630,53.36622344390031,
8631,53.028073891209544,
8632,40.637027638857774,
8633,53.3771952333052,
8634,48.4674564215274,
8635,46.81423052525804,
8636,46.68201501546247,
8637,53.86678154975914,
8638,53.36622344390031,
8639,53.028073891209544,
8640,40.637027638857774,
8641,61.996288290674045,
8642,56.825983280869764,
8643,55.085941716795446,
8644,54.94680326305729,
8645,62.51208263062273,
8646,61.98472963863185,
8647,61.6285030864658,
8648,48.588467375428365,
8649,52.224873615723666,
8650,47.054568605919386,
8651,45.31452704184507,
8652,45.17538858810691,
8653,52.74066795567235,
8654,52.21331496368147,
8655,51.85708841151542,
8656,38.81705270047799,
8657,51.02862537855598,
8658,45.8583203687517,
8659,44.11827880467738,
8660,43.979140350939225,
8661,51.54441971850466,
8662,51.01706672651378,
8663,50.66084017434773,
8664,37.6208044633103,
8665,54.63829531254876,
8666,49.46799030274448,
8667,47.727948738670165,
8668,47.58881028493201,
8669,55.15408965249745,
8670,54.626736660506566,
8671,54.27051010834052,
8672,41.230474397303084,
8673,55.10920686314878,
8674,49.9389018533445,
8675,48.19886028927018,
8676,48.059721835532024,
8677,55.62500120309746,
8678,55.09764821110658,
8679,54.74142165894053,
8680,41.7013859479031,
8681,56.227422313982686,
8682,50.977934202380766,
8683,48.95401875556786,
8684,48.82002929774404,
8685,57.04461461490058,
8686,56.73354012844709,
8687,56.47163452395682,
8688,43.54542218126454,
8689,58.009766122103144,
8690,52.960803311595214,
8691,51.26118204002529,
8692,51.12526663620645,
8693,58.513353606691794,
8694,57.9984808073919,
8695,57.65067370916188,
8696,44.91278439377555,
8697,56.43300387495236,
8698,51.43164313678943,
8699,49.74788267195953,
8700,49.6132320721656,
8701,56.93180366807803,
8702,56.4218257688907,
8703,56.07732100272278,
8704,43.45800018178011,
8705,61.996288290674045,
8706,56.825983280869764,
8707,55.085941716795446,
8708,54.94680326305729,
8709,62.51208263062273,
8710,61.98472963863185,
8711,61.6285030864658,
8712,48.588467375428365,
8713,51.49404890695703,
8714,46.32374389715275,
8715,44.583702333078435,
8716,44.44456387934028,
8717,52.00984324690572,
8718,51.482490254914836,
8719,51.12626370274879,
8720,38.086227991711354,
8721,50.404854534577545,
8722,45.234549524773264,
8723,43.49450796069895,
8724,43.35536950696079,
8725,50.92064887452623,
8726,50.39329588253535,
8727,50.0370693303693,
8728,36.997033619331866,
8729,54.08797550173051,
8730,48.91767049192623,
8731,47.17762892785191,
8732,47.03849047411376,
8733,54.603769841679195,
8734,54.076416849688314,
8735,53.720190297522265,
8736,40.68015458648483,
8737,54.5941075202229,
8738,49.42380251041862,
8739,47.6837609463443,
8740,47.544622492606145,
8741,55.10990186017158,
8742,54.5825488681807,
8743,54.22632231601465,
8744,41.18628660497722,
8745,55.803928675358065,
8746,50.54886668840203,
8747,48.50459492872608,
8748,48.37097903690022,
8749,56.64284141046619,
8750,56.34739903234083,
8751,56.09231960010362,
8752,43.17458898704308,
8753,57.5635198580959,
8754,52.52805164026074,
8755,50.83292647443085,
8756,50.69736960293852,
8757,58.06575003390583,
8758,57.55226493687667,
8759,57.20539404225849,
8760,44.50111524882806,
8761,55.630134651680805,
8762,50.65292702879486,
8763,48.97721516438662,
8764,48.84320641130762,
8765,56.126505406979334,
8766,55.619010938440965,
8767,55.27618163605382,
8768,42.71703019798849,
8769,61.996288290674045,
8770,56.825983280869764,
8771,55.085941716795446,
8772,54.94680326305729,
8773,62.51208263062273,
8774,61.98472963863185,
8775,61.6285030864658,
8776,48.588467375428365,
8777,55.63811121200389,
8778,50.46780620219961,
8779,48.727764638125294,
8780,48.58862618438714,
8781,56.153905551952576,
8782,55.626552559961695,
8783,55.270326007795646,
8784,42.23029029675821,
8785,53.80352582165782,
8786,48.63322081185354,
8787,46.89317924777922,
8788,46.75404079404107,
8789,54.319320161606505,
8790,53.791967169615624,
8791,53.435740617449575,
8792,40.39570490641214,
8793,57.2085043458923,
8794,52.03819933608802,
8795,50.2981577720137,
8796,50.15901931827555,
8797,57.724298685840985,
8798,57.196945693850104,
8799,56.840719141684055,
8800,43.80068343064662,
8801,57.51492251835833,
8802,52.34461750855405,
8803,50.604575944479734,
8804,50.46543749074158,
8805,58.03071685830702,
8806,57.503363866316135,
8807,57.147137314150086,
8808,44.10710160311265,
8809,58.21982939367939,
8810,52.997003132846544,
8811,51.06974313035812,
8812,50.93398805624929,
8813,58.93408944671688,
8814,58.54902034891421,
8815,58.25481949702646,
8816,45.28893486318947,
8817,59.82608031201016,
8818,54.72200826841612,
8819,53.00402771676778,
8820,52.866648333102944,
8821,60.335211251222404,
8822,59.81467086666396,
8823,59.46304022283715,
8824,46.587909934210074,
8825,59.34750229206668,
8826,54.25797947992811,
8827,52.54484561004966,
8828,52.40785269716673,
8829,59.85516964554762,
8830,59.33612561960007,
8831,58.98550446217888,
8832,46.14660401173728,
8833,57.59934177833401,
8834,52.36813476219481,
8835,50.41061707400138,
8836,50.27541329324873,
8837,58.34578921279359,
8838,57.98384355107794,
8839,57.699732117109306,
8840,44.7461615476152,
8841,36.00224385031191,
8842,30.771036834172723,
8843,28.81351914597929,
8844,28.67831536522664,
8845,36.748691284771496,
8846,36.386745623055845,
8847,36.10263418908721,
8848,23.14906361959311,
8849,35.75423404374918,
8850,30.52302702760998,
8851,28.565509339416547,
8852,28.4303055586639,
8853,36.50068147820876,
8854,36.13873581649311,
8855,35.85462438252448,
8856,22.90105381303037,
8857,41.33646683253424,
8858,36.10525981639505,
8859,34.147742128201614,
8860,34.01253834744897,
8861,42.082914266993825,
8862,41.72096860527817,
8863,41.43685717130954,
8864,28.483286601815436,
8865,42.37729082906543,
8866,37.146083812926236,
8867,35.1885661247328,
8868,35.053362343980154,
8869,43.12373826352501,
8870,42.76179260180936,
8871,42.47768116784073,
8872,29.524110598346624,
8873,45.42863503202926,
8874,40.04721173105929,
8875,37.52474056628745,
8876,37.40008931508487,
8877,46.78232213157793,
8878,46.859311573210675,
8879,46.767239930895414,
8880,34.06273572422782,
8881,44.40927908480961,
8882,39.583943104278205,
8883,37.776735937731246,
8884,37.65188243020248,
8885,45.09731606650456,
8886,44.76370857528809,
8887,44.5018209610875,
8888,32.5424195567939,
8889,44.40927908480961,
8890,39.583943104278205,
8891,37.776735937731246,
8892,37.65188243020248,
8893,45.09731606650456,
8894,44.76370857528809,
8895,44.5018209610875,
8896,32.5424195567939,
8897,57.59934177833401,
8898,52.36813476219481,
8899,50.41061707400138,
8900,50.27541329324873,
8901,58.34578921279359,
8902,57.98384355107794,
8903,57.699732117109306,
8904,44.7461615476152,
8905,57.59934177833401,
8906,52.36813476219481,
8907,50.41061707400138,
8908,50.27541329324873,
8909,58.34578921279359,
8910,57.98384355107794,
8911,57.699732117109306,
8912,44.7461615476152,
8913,53.77388968345466,
8914,48.54268266731547,
8915,46.585164979122034,
8916,46.44996119836939,
8917,54.520337117914245,
8918,54.15839145619859,
8919,53.87428002222996,
8920,40.920709452735856,
8921,57.59934177833401,
8922,52.36813476219481,
8923,50.41061707400138,
8924,50.27541329324873,
8925,58.34578921279359,
8926,57.98384355107794,
8927,57.699732117109306,
8928,44.7461615476152,
8929,57.59934177833401,
8930,52.36813476219481,
8931,50.41061707400138,
8932,50.27541329324873,
8933,58.34578921279359,
8934,57.98384355107794,
8935,57.699732117109306,
8936,44.7461615476152,
8937,57.59934177833401,
8938,52.36813476219481,
8939,50.41061707400138,
8940,50.27541329324873,
8941,58.34578921279359,
8942,57.98384355107794,
8943,57.699732117109306,
8944,44.7461615476152,
8945,57.59934177833401,
8946,52.36813476219481,
8947,50.41061707400138,
8948,50.27541329324873,
8949,58.34578921279359,
8950,57.98384355107794,
8951,57.699732117109306,
8952,44.7461615476152,
8953,57.59934177833401,
8954,52.36813476219481,
8955,50.41061707400138,
8956,50.27541329324873,
8957,58.34578921279359,
8958,57.98384355107794,
8959,57.699732117109306,
8960,44.7461615476152,
8961,57.59934177833401,
8962,52.36813476219481,
8963,50.41061707400138,
8964,50.27541329324873,
8965,58.34578921279359,
8966,57.98384355107794,
8967,57.699732117109306,
8968,44.7461615476152,
8969,41.351084142894976,
8970,36.11987712675578,
8971,34.16235943856235,
8972,34.0271556578097,
8973,42.09753157735456,
8974,41.73558591563891,
8975,41.451474481670274,
8976,28.497903912176174,
8977,40.83977013327534,
8978,35.60856311713614,
8979,33.65104542894271,
8980,33.51584164819006,
8981,41.58621756773492,
8982,41.22427190601927,
8983,40.940160472050636,
8984,27.98658990255653,
8985,45.36420801670823,
8986,40.13300100056904,
8987,38.175483312375604,
8988,38.04027953162296,
8989,46.110655451167815,
8990,45.748709789452164,
8991,45.46459835548353,
8992,32.51102778598943,
8993,46.14725657745228,
8994,40.91604956131309,
8995,38.958531873119654,
8996,38.82332809236701,
8997,46.893704011911865,
8998,46.53175835019621,
8999,46.24764691622758,
9000,33.294076346733476,
9001,48.35867632103344,
9002,43.01095461138664,
9003,40.61954586932626,
9004,40.49239931480639,
9005,49.57037283815231,
9006,49.54424568758901,
9007,49.40696713729437,
9008,36.641184712003565,
9009,49.20208808368824,
9010,44.2311388050104,
9011,42.369982554933756,
9012,42.24141370047806,
9013,49.91107356974254,
9014,49.56730301686093,
9015,49.297444862387124,
9016,36.98121339640278,
9017,49.20208808368824,
9018,44.2311388050104,
9019,42.369982554933756,
9020,42.24141370047806,
9021,49.91107356974254,
9022,49.56730301686093,
9023,49.297444862387124,
9024,36.98121339640278,
9025,57.59934177833401,
9026,52.36813476219481,
9027,50.41061707400138,
9028,50.27541329324873,
9029,58.34578921279359,
9030,57.98384355107794,
9031,57.699732117109306,
9032,44.7461615476152,
9033,47.82792710338363,
9034,42.596720087244435,
9035,40.639202399051,
9036,40.503998618298354,
9037,48.57437453784321,
9038,48.21242887612756,
9039,47.92831744215893,
9040,34.974746872664824,
9041,46.63167886621594,
9042,41.40047185007675,
9043,39.442954161883314,
9044,39.30775038113067,
9045,47.378126300675525,
9046,47.016180638959874,
9047,46.73206920499124,
9048,33.77849863549714,
9049,50.241348800208726,
9050,45.01014178406953,
9051,43.0526240958761,
9052,42.91742031512345,
9053,50.98779623466831,
9054,50.62585057295266,
9055,50.341739138984025,
9056,37.38816856948992,
9057,50.71226035080874,
9058,45.48105333466955,
9059,43.52353564647611,
9060,43.388331865723465,
9061,51.458707785268324,
9062,51.09676212355267,
9063,50.81265068958404,
9064,37.859080120089935,
9065,51.97958286981748,
9066,46.675665215738434,
9067,44.45054776750658,
9068,44.320278085052166,
9069,53.01212676432692,
9070,52.85632539997556,
9071,52.66227890497049,
9072,39.82192674380377,
9073,53.716129684105795,
9074,48.606088221701725,
9075,46.69342261208283,
9076,46.56130690323573,
9077,54.445133139399616,
9078,54.09165073120181,
9079,53.81417621601457,
9080,41.15725710559997,
9081,52.17989441648115,
9082,47.11740138794295,
9083,45.22234158650241,
9084,45.091438134501516,
9085,52.90205393103935,
9086,52.551891933681134,
9087,52.277021361132654,
9088,39.73654808260443,
9089,57.59934177833401,
9090,52.36813476219481,
9091,50.41061707400138,
9092,50.27541329324873,
9093,58.34578921279359,
9094,57.98384355107794,
9095,57.699732117109306,
9096,44.7461615476152,
9097,47.097102394616996,
9098,41.8658953784778,
9099,39.90837769028437,
9100,39.77317390953172,
9101,47.84354982907658,
9102,47.48160416736093,
9103,47.197492733392295,
9104,34.24392216389819,
9105,46.00790802223751,
9106,40.776701006098314,
9107,38.81918331790488,
9108,38.68397953715223,
9109,46.75435545669709,
9110,46.39240979498144,
9111,46.10829836101281,
9112,33.1547277915187,
9113,49.691028989390475,
9114,44.45982197325128,
9115,42.502304285057846,
9116,42.3671005043052,
9117,50.43747642385006,
9118,50.075530762134406,
9119,49.79141932816577,
9120,36.83784875867167,
9121,50.19716100788286,
9122,44.96595399174367,
9123,43.00843630355023,
9124,42.873232522797586,
9125,50.943608442342445,
9126,50.58166278062679,
9127,50.29755134665816,
9128,37.343980777164056,
9129,51.56693518459514,
9130,46.25790510837237,
9131,44.013594728159944,
9132,43.88368317440609,
9133,52.620101089079355,
9134,52.479202625590574,
9135,52.29167568903142,
9136,39.45975732453843,
9137,53.28137237907964,
9138,48.18480940312634,
9139,46.2771342155562,
9140,46.14536211931585,
9141,54.008435704985345,
9142,53.65589457398073,
9143,53.37915822644527,
9144,40.75524599254709,
9145,51.39758818088927,
9146,46.35922444893055,
9147,44.47310005066862,
9148,44.342811870888,
9149,52.11627494571246,
9150,51.767797779629916,
9151,51.49424850413823,
9152,39.01287473681185,
9153,57.59934177833401,
9154,52.36813476219481,
9155,50.41061707400138,
9156,50.27541329324873,
9157,58.34578921279359,
9158,57.98384355107794,
9159,57.699732117109306,
9160,44.7461615476152,
9161,51.241164699663855,
9162,46.00995768352466,
9163,44.05243999533123,
9164,43.91723621457858,
9165,51.98761213412344,
9166,51.62566647240779,
9167,51.341555038439154,
9168,38.38798446894505,
9169,49.406579309317785,
9170,44.17537229317859,
9171,42.217854604985156,
9172,42.08265082423251,
9173,50.15302674377737,
9174,49.791081082061716,
9175,49.50696964809308,
9176,36.55339907859898,
9177,52.811557833552264,
9178,47.58035081741307,
9179,45.622833129219636,
9180,45.48762934846699,
9181,53.55800526801185,
9182,53.196059606296195,
9183,52.91194817232756,
9184,39.95837760283346,
9185,53.117976006018296,
9186,47.8867689898791,
9187,45.92925130168567,
9188,45.79404752093302,
9189,53.86442344047788,
9190,53.50247777876223,
9191,53.218366344793594,
9192,40.26479577529949,
9193,53.92077945381806,
9194,48.64132765830709,
9195,46.507335182024235,
9196,46.375373128668514,
9197,54.85560430777872,
9198,54.62926602418986,
9199,54.40437746774728,
9200,41.52457209207182,
9201,55.48552470400466,
9202,50.320447152662496,
9203,48.3874065993848,
9204,48.25388803009787,
9205,56.222450915737966,
9206,55.86512466427615,
9207,55.584635762831226,
9208,42.79295636987922,
9209,55.01933376540677,
9210,49.86878498680744,
9211,47.94112279353362,
9212,47.807974529436535,
9213,55.75416836674765,
9214,55.39785689469397,
9215,55.11816379038629,
9216,42.362056897591,
9217,14.01367154825084,
9218,15.869231382956116,
9219,17.282273569762367,
9220,17.16924665439126,
9221,22.15534893874883,
9222,26.39341135992413,
9223,27.369008844962025,
9224,17.04045424413357,
9225,-7.58342637977125,
9226,-5.727866545065975,
9227,-4.314824358259724,
9228,-4.427851273630832,
9229,0.5582510107267389,
9230,4.796313431902039,
9231,5.771910916939934,
9232,-4.55664368388852,
9233,-7.831436186333992,
9234,-5.975876351628717,
9235,-4.5628341648224655,
9236,-4.675861080193574,
9237,0.31024120416399725,
9238,4.548303625339297,
9239,5.523901110377192,
9240,-4.804653490451262,
9241,-2.249203397548925,
9242,-0.3936435628436499,
9243,1.0193986239626014,
9244,0.9063717085914931,
9245,5.892473992949064,
9246,10.130536414124364,
9247,11.10613389916226,
9248,0.777579298333805,
9249,-1.2083794010177389,
9250,0.6471804336875362,
9251,2.0602226204937875,
9252,1.9471957051226791,
9253,6.93329798948025,
9254,11.17136041065555,
9255,12.146957895693445,
9256,1.818403294864991,
9257,2.260285630261478,
9258,1.295128388759565,
9259,4.188647259865206,
9260,4.085580047073506,
9261,8.6461597415597,
9262,13.931440849673322,
9263,14.737747951046629,
9264,5.74640282396814,
9265,-1.7814596996751106,
9266,-0.12500090506199513,
9267,1.1356330075910819,
9268,1.034822072627037,
9269,5.4778804853064,
9270,9.247712601440526,
9271,10.114659549845612,
9272,0.9199442641947257,
9273,-1.7814596996751106,
9274,-0.12500090506199513,
9275,1.1356330075910819,
9276,1.034822072627037,
9277,5.4778804853064,
9278,9.247712601440526,
9279,10.114659549845612,
9280,0.9199442641947257,
9281,14.01367154825084,
9282,15.869231382956116,
9283,17.282273569762367,
9284,17.16924665439126,
9285,22.15534893874883,
9286,26.39341135992413,
9287,27.369008844962025,
9288,17.04045424413357,
9289,14.01367154825084,
9290,15.869231382956116,
9291,17.282273569762367,
9292,17.16924665439126,
9293,22.15534893874883,
9294,26.39341135992413,
9295,27.369008844962025,
9296,17.04045424413357,
9297,10.188219453371493,
9298,12.043779288076768,
9299,13.45682147488302,
9300,13.343794559511911,
9301,18.329896843869484,
9302,22.567959265044784,
9303,23.54355675008268,
9304,13.215002149254223,
9305,14.01367154825084,
9306,15.869231382956116,
9307,17.282273569762367,
9308,17.16924665439126,
9309,22.15534893874883,
9310,26.39341135992413,
9311,27.369008844962025,
9312,17.04045424413357,
9313,14.01367154825084,
9314,15.869231382956116,
9315,17.282273569762367,
9316,17.16924665439126,
9317,22.15534893874883,
9318,26.39341135992413,
9319,27.369008844962025,
9320,17.04045424413357,
9321,14.01367154825084,
9322,15.869231382956116,
9323,17.282273569762367,
9324,17.16924665439126,
9325,22.15534893874883,
9326,26.39341135992413,
9327,27.369008844962025,
9328,17.04045424413357,
9329,14.01367154825084,
9330,15.869231382956116,
9331,17.282273569762367,
9332,17.16924665439126,
9333,22.15534893874883,
9334,26.39341135992413,
9335,27.369008844962025,
9336,17.04045424413357,
9337,14.01367154825084,
9338,15.869231382956116,
9339,17.282273569762367,
9340,17.16924665439126,
9341,22.15534893874883,
9342,26.39341135992413,
9343,27.369008844962025,
9344,17.04045424413357,
9345,14.01367154825084,
9346,15.869231382956116,
9347,17.282273569762367,
9348,17.16924665439126,
9349,22.15534893874883,
9350,26.39341135992413,
9351,27.369008844962025,
9352,17.04045424413357,
9353,-2.2345860871881875,
9354,-0.37902625248291244,
9355,1.0340159343233388,
9356,0.9209890189522305,
9357,5.907091303309802,
9358,10.145153724485102,
9359,11.120751209522997,
9360,0.7921966086945424,
9361,-2.74590009680783,
9362,-0.8903402621025549,
9363,0.5227019247036964,
9364,0.40967500933258805,
9365,5.395777293690159,
9366,9.63383971486546,
9367,10.609437199903354,
9368,0.2808825990749,
9369,1.7785377866250656,
9370,3.6340976213303406,
9371,5.047139808136592,
9372,4.934112892765484,
9373,9.920215177123055,
9374,14.158277598298355,
9375,15.13387508333625,
9376,4.8053204825077955,
9377,2.5615863473691167,
9378,4.417146182074392,
9379,5.830188368880643,
9380,5.717161453509535,
9381,10.703263737867106,
9382,14.941326159042406,
9383,15.9169236440803,
9384,5.588369043251847,
9385,5.080633486898876,
9386,4.76595408853359,
9387,7.320245901304077,
9388,7.214838401078339,
9389,11.875440684060038,
9390,16.920223479768595,
9391,17.766102725332644,
9392,8.460842808612654,
9393,3.1612025099528296,
9394,4.878742718011608,
9395,6.186118094170524,
9396,6.081561176813352,
9397,10.691060621505358,
9398,14.604271609370699,
9399,15.504471636726464,
9400,5.962416407332796,
9401,3.1612025099528296,
9402,4.878742718011608,
9403,6.186118094170524,
9404,6.081561176813352,
9405,10.691060621505358,
9406,14.604271609370699,
9407,15.504471636726464,
9408,5.962416407332796,
9409,14.01367154825084,
9410,15.869231382956116,
9411,17.282273569762367,
9412,17.16924665439126,
9413,22.15534893874883,
9414,26.39341135992413,
9415,27.369008844962025,
9416,17.04045424413357,
9417,4.242256873300462,
9418,6.0978167080057375,
9419,7.510858894811989,
9420,7.3978319794408804,
9421,12.383934263798452,
9422,16.62199668497375,
9423,17.597594170011646,
9424,7.269039569183192,
9425,3.046008636132777,
9426,4.901568470838052,
9427,6.3146106576443035,
9428,6.201583742273195,
9429,11.187686026630766,
9430,15.425748447806066,
9431,16.40134593284396,
9432,6.072791332015507,
9433,6.6556785701255565,
9434,8.51123840483083,
9435,9.924280591637082,
9436,9.811253676265974,
9437,14.797355960623545,
9438,19.035418381798845,
9439,20.01101586683674,
9440,9.682461266008286,
9441,7.1265901207255755,
9442,8.98214995543085,
9443,10.395192142237102,
9444,10.282165226865994,
9445,15.268267511223565,
9446,19.506329932398863,
9447,20.481927417436758,
9448,10.153372816608305,
9449,8.574048466669467,
9450,9.088072008501968,
9451,11.208236913182077,
9452,11.099887319615107,
9453,15.886201250975432,
9454,20.623667761785725,
9455,21.51948212091412,
9456,11.819294727266538,
9457,8.29110358267792,
9458,10.07321601157389,
9459,11.430018918878375,
9460,11.321500279560155,
9461,16.10710517919847,
9462,20.172148299054754,
9463,21.107578671650458,
9464,11.197842905023322,
9465,7.789406411408947,
9466,9.565150868841272,
9467,10.91707867288278,
9468,10.808950804762048,
9469,15.57718168549087,
9470,19.627239732033956,
9471,20.55919228802452,
9472,10.685738534203324,
9473,14.01367154825084,
9474,15.869231382956116,
9475,17.282273569762367,
9476,17.16924665439126,
9477,22.15534893874883,
9478,26.39341135992413,
9479,27.369008844962025,
9480,17.04045424413357,
9481,3.511432164533833,
9482,5.366991999239108,
9483,6.780034186045359,
9484,6.667007270674251,
9485,11.653109555031822,
9486,15.891171976207122,
9487,16.866769461245017,
9488,6.538214860416563,
9489,2.422237792154341,
9490,4.277797626859616,
9491,5.6908398136658676,
9492,5.577812898294759,
9493,10.56391518265233,
9494,14.80197760382763,
9495,15.777575088865525,
9496,5.449020488037071,
9497,6.105358759307311,
9498,7.960918594012586,
9499,9.373960780818837,
9500,9.26093386544773,
9501,14.2470361498053,
9502,18.4850985709806,
9503,19.460696056018495,
9504,9.132141455190041,
9505,6.611490777799697,
9506,8.467050612504973,
9507,9.880092799311225,
9508,9.767065883940116,
9509,14.753168168297687,
9510,18.991230589472988,
9511,19.966828074510882,
9512,9.638273473682428,
9513,8.175478880753815,
9514,8.59366212585303,
9515,10.76414247063883,
9516,10.656130976933412,
9517,15.428000090345051,
9518,20.201057363575956,
9519,21.091123088127745,
9520,11.436334510997256,
9521,7.7626693517584044,
9522,9.538074761374162,
9523,10.88974300596783,
9524,10.781635943093193,
9525,15.548941826646569,
9526,19.59820209940699,
9527,20.529969508382123,
9528,10.65844737056699,
9529,7.052693811187851,
9530,8.819108066275533,
9531,10.163893246218606,
9532,10.056337897449623,
9533,14.799115481796207,
9534,18.827222363265093,
9535,19.754080672605085,
9536,9.93377775103994,
9537,14.01367154825084,
9538,15.869231382956116,
9539,17.282273569762367,
9540,17.16924665439126,
9541,22.15534893874883,
9542,26.39341135992413,
9543,27.369008844962025,
9544,17.04045424413357,
9545,7.655494469580685,
9546,9.51105430428596,
9547,10.924096491092211,
9548,10.811069575721103,
9549,15.797171860078674,
9550,20.035234281253974,
9551,21.01083176629187,
9552,10.682277165463415,
9553,5.820909079234617,
9554,7.6764689139398925,
9555,9.089511100746144,
9556,8.976484185375035,
9557,13.962586469732607,
9558,18.200648890907907,
9559,19.1762463759458,
9560,8.847691775117347,
9561,9.225887603469097,
9562,11.081447438174372,
9563,12.494489624980623,
9564,12.381462709609515,
9565,17.367564993967086,
9566,21.605627415142386,
9567,22.58122490018028,
9568,12.252670299351827,
9569,9.532305775935129,
9570,11.387865610640404,
9571,12.800907797446655,
9572,12.687880882075547,
9573,17.673983166433118,
9574,21.912045587608418,
9575,22.887643072646313,
9576,12.559088471817859,
9577,10.450578412867515,
9578,11.42032628570172,
9579,13.300863536693896,
9580,13.190913668079816,
9581,18.045591118954917,
9582,22.61365653317472,
9583,23.53671462603296,
9584,13.621602933504732,
9585,10.579565597877831,
9586,12.39087064239692,
9587,13.77002428239797,
9588,13.659714027554571,
9589,18.524985556195645,
9590,22.658757142681907,
9591,23.610140494743064,
9592,13.534015944015607,
9593,10.429763731138223,
9594,12.239150537596515,
9595,13.616835424420913,
9596,13.506642906539355,
9597,18.366678603878086,
9598,22.495932426132242,
9599,23.446267026782607,
9600,13.381078928642125,
9601,20.15785100446493,
9602,23.604602139838278,
9603,24.17251939471828,
9604,24.05406703280869,
9605,29.271820201667765,
9606,32.91498822401161,
9607,33.98368111100547,
9608,22.92573281044588,
9609,-1.4392469235571603,
9610,2.0075042118161868,
9611,2.575421466696188,
9612,2.456969104786598,
9613,7.674722273645674,
9614,11.317890295989518,
9615,12.386583182983376,
9616,1.3286348824237884,
9617,-1.687256730119902,
9618,1.7594944052534451,
9619,2.3274116601334462,
9620,2.2089592982238564,
9621,7.4267124670829325,
9622,11.069880489426776,
9623,12.138573376420634,
9624,1.0806250758610467,
9625,3.894976058665165,
9626,7.341727194038512,
9627,7.909644448918513,
9628,7.791192087008923,
9629,13.008945255868,
9630,16.652113278211843,
9631,17.7208061652057,
9632,6.662857864646114,
9633,4.935800055196351,
9634,8.382551190569698,
9635,8.9504684454497,
9636,8.83201608354011,
9637,14.049769252399186,
9638,17.69293727474303,
9639,18.76163016173689,
9640,7.7036818611773,
9641,7.906859994964464,
9642,8.260639165045063,
9643,10.464915516966926,
9644,10.357131534180667,
9645,15.11928033120364,
9646,19.916247362734737,
9647,20.80244623207608,
9648,11.178205002692152,
9649,3.698950766093617,
9650,6.7677044183755015,
9651,7.272951391817514,
9652,7.167579430757257,
9653,11.804628691786206,
9654,15.036859131253323,
9655,15.984154451903237,
9656,6.163605065405989,
9657,3.698950766093617,
9658,6.7677044183755015,
9659,7.272951391817514,
9660,7.167579430757257,
9661,11.804628691786206,
9662,15.036859131253323,
9663,15.984154451903237,
9664,6.163605065405989,
9665,20.15785100446493,
9666,23.604602139838278,
9667,24.17251939471828,
9668,24.05406703280869,
9669,29.271820201667765,
9670,32.91498822401161,
9671,33.98368111100547,
9672,22.92573281044588,
9673,20.15785100446493,
9674,23.604602139838278,
9675,24.17251939471828,
9676,24.05406703280869,
9677,29.271820201667765,
9678,32.91498822401161,
9679,33.98368111100547,
9680,22.92573281044588,
9681,16.332398909585585,
9682,19.779150044958932,
9683,20.347067299838933,
9684,20.228614937929343,
9685,25.44636810678842,
9686,29.089536129132263,
9687,30.15822901612612,
9688,19.100280715566534,
9689,20.15785100446493,
9690,23.604602139838278,
9691,24.17251939471828,
9692,24.05406703280869,
9693,29.271820201667765,
9694,32.91498822401161,
9695,33.98368111100547,
9696,22.92573281044588,
9697,20.15785100446493,
9698,23.604602139838278,
9699,24.17251939471828,
9700,24.05406703280869,
9701,29.271820201667765,
9702,32.91498822401161,
9703,33.98368111100547,
9704,22.92573281044588,
9705,20.15785100446493,
9706,23.604602139838278,
9707,24.17251939471828,
9708,24.05406703280869,
9709,29.271820201667765,
9710,32.91498822401161,
9711,33.98368111100547,
9712,22.92573281044588,
9713,20.15785100446493,
9714,23.604602139838278,
9715,24.17251939471828,
9716,24.05406703280869,
9717,29.271820201667765,
9718,32.91498822401161,
9719,33.98368111100547,
9720,22.92573281044588,
9721,20.15785100446493,
9722,23.604602139838278,
9723,24.17251939471828,
9724,24.05406703280869,
9725,29.271820201667765,
9726,32.91498822401161,
9727,33.98368111100547,
9728,22.92573281044588,
9729,20.15785100446493,
9730,23.604602139838278,
9731,24.17251939471828,
9732,24.05406703280869,
9733,29.271820201667765,
9734,32.91498822401161,
9735,33.98368111100547,
9736,22.92573281044588,
9737,3.9095933690259024,
9738,7.3563445043992495,
9739,7.924261759279251,
9740,7.805809397369661,
9741,13.023562566228737,
9742,16.66673058857258,
9743,17.73542347556644,
9744,6.677475175006851,
9745,3.39827935940626,
9746,6.845030494779607,
9747,7.412947749659608,
9748,7.294495387750018,
9749,12.512248556609094,
9750,16.155416578952938,
9751,17.224109465946796,
9752,6.166161165387209,
9753,7.9227172428391555,
9754,11.369468378212503,
9755,11.937385633092504,
9756,11.818933271182914,
9757,17.03668644004199,
9758,20.679854462385833,
9759,21.74854734937969,
9760,10.690599048820104,
9761,8.705765803583207,
9762,12.152516938956554,
9763,12.720434193836555,
9764,12.601981831926965,
9765,17.81973500078604,
9766,21.462903023129883,
9767,22.53159591012374,
9768,11.473647609564155,
9769,10.8446580399725,
9770,11.911053814421166,
9771,13.740693312800829,
9772,13.630405605840053,
9773,18.499514245530406,
9774,23.031619783828717,
9775,23.960436553459203,
9776,13.999942672882355,
9777,8.84516043603412,
9778,12.029717727650564,
9779,12.55415673992178,
9780,12.444779239155253,
9781,17.259563560702304,
9782,20.617457893508913,
9783,21.601858924026033,
9784,11.402718095999774,
9785,8.84516043603412,
9786,12.029717727650564,
9787,12.55415673992178,
9788,12.444779239155253,
9789,17.259563560702304,
9790,20.617457893508913,
9791,21.601858924026033,
9792,11.402718095999774,
9793,20.15785100446493,
9794,23.604602139838278,
9795,24.17251939471828,
9796,24.05406703280869,
9797,29.271820201667765,
9798,32.91498822401161,
9799,33.98368111100547,
9800,22.92573281044588,
9801,10.386436329514552,
9802,13.8331874648879,
9803,14.4011047197679,
9804,14.28265235785831,
9805,19.500405526717387,
9806,23.14357354906123,
9807,24.21226643605509,
9808,13.154318135495501,
9809,9.190188092346867,
9810,12.636939227720214,
9811,13.204856482600215,
9812,13.086404120690625,
9813,18.3041572895497,
9814,21.947325311893543,
9815,23.0160181988874,
9816,11.958069898327816,
9817,12.799858026339646,
9818,16.246609161712993,
9819,16.814526416592994,
9820,16.696074054683404,
9821,21.91382722354248,
9822,25.556995245886323,
9823,26.62568813288018,
9824,15.567739832320594,
9825,13.270769576939665,
9826,16.71752071231301,
9827,17.285437967193012,
9828,17.166985605283422,
9829,22.384738774142498,
9830,26.02790679648634,
9831,27.0965996834802,
9832,16.038651382920612,
9833,14.48526346946801,
9834,16.460087015230442,
9835,17.81001872190967,
9836,17.696580750622275,
9837,22.700237289424194,
9838,26.893800236338393,
9839,27.87643113415885,
9840,17.49263028868893,
9841,14.190326570601087,
9842,17.497461326743917,
9843,18.04222244404832,
9844,17.928603375117063,
9845,22.93168379404017,
9846,26.42281660605255,
9847,27.446576837382054,
9848,16.84621576420352,
9849,13.66739659509875,
9850,16.962435993160057,
9851,17.50519148569083,
9852,17.39199103255652,
9853,22.376483847909867,
9854,25.854459185334917,
9855,26.874331879595786,
9856,16.313583179874172,
9857,20.15785100446493,
9858,23.604602139838278,
9859,24.17251939471828,
9860,24.05406703280869,
9861,29.271820201667765,
9862,32.91498822401161,
9863,33.98368111100547,
9864,22.92573281044588,
9865,9.655611620747923,
9866,13.10236275612127,
9867,13.670280011001271,
9868,13.551827649091681,
9869,18.769580817950757,
9870,22.4127488402946,
9871,23.48144172728846,
9872,12.423493426728871,
9873,8.566417248368431,
9874,12.013168383741778,
9875,12.58108563862178,
9876,12.46263327671219,
9877,17.680386445571266,
9878,21.32355446791511,
9879,22.392247354908967,
9880,11.33429905434938,
9881,12.249538215521401,
9882,15.696289350894748,
9883,16.26420660577475,
9884,16.14575424386516,
9885,21.363507412724235,
9886,25.00667543506808,
9887,26.075368322061937,
9888,15.01742002150235,
9889,12.755670234013788,
9890,16.202421369387135,
9891,16.770338624267136,
9892,16.651886262357547,
9893,21.869639431216623,
9894,25.512807453560466,
9895,26.581500340554324,
9896,15.523552039994737,
9897,14.069804940174151,
9898,15.939535821157392,
9899,17.345081198099024,
9900,17.23200540153391,
9901,22.220195200635374,
9902,26.452970960937193,
9903,27.429404654258747,
9904,17.09428055068821,
9905,13.639529067613182,
9906,16.933924519445213,
9907,17.47657323633166,
9908,17.363395069457283,
9909,22.34689834260513,
9910,25.824173249585044,
9911,26.843838997758894,
9912,16.285199092336427,
9913,12.899575696710485,
9914,16.176896028790225,
9915,16.716713518549682,
9916,16.60412628488399,
9917,21.561392164935853,
9918,25.020096482723716,
9919,26.034275619024243,
9920,15.531548358934003,
9921,20.15785100446493,
9922,23.604602139838278,
9923,24.17251939471828,
9924,24.05406703280869,
9925,29.271820201667765,
9926,32.91498822401161,
9927,33.98368111100547,
9928,22.92573281044588,
9929,13.799673925794774,
9930,17.24642506116812,
9931,17.814342316048123,
9932,17.695889954138533,
9933,22.91364312299761,
9934,26.556811145341452,
9935,27.62550403233531,
9936,16.567555731775723,
9937,11.965088535448707,
9938,15.411839670822054,
9939,15.979756925702056,
9940,15.861304563792466,
9941,21.079057732651542,
9942,24.722225754995385,
9943,25.790918641989244,
9944,14.732970341429656,
9945,15.370067059683187,
9946,18.816818195056534,
9947,19.384735449936535,
9948,19.266283088026945,
9949,24.48403625688602,
9950,28.127204279229865,
9951,29.195897166223723,
9952,18.137948865664136,
9953,15.676485232149219,
9954,19.123236367522566,
9955,19.691153622402567,
9956,19.572701260492977,
9957,24.790454429352053,
9958,28.433622451695896,
9959,29.502315338689755,
9960,18.444367038130167,
9961,16.44164077618302,
9962,18.916298857556853,
9963,20.001314284501632,
9964,19.886161555422746,
9965,24.963041198386577,
9966,28.96994199480025,
9967,29.981949532823762,
9968,19.36765174695745,
9969,16.576136524685467,
9970,19.938739436798812,
9971,20.492699093310648,
9972,20.377160075158258,
9973,25.465502171128264,
9974,29.017002112181615,
9975,30.058600679246865,
9976,19.276520185746676,
9977,16.419937418902123,
9978,19.778894552523525,
9979,20.332249565808468,
9980,20.216836751870176,
9981,25.299573777575972,
9982,28.847104525192094,
9983,29.887530098544005,
9984,19.11739661230075,
9985,16.60905133405356,
9986,19.126861788424833,
9987,20.188974736301873,
9988,20.073674559272888,
9989,25.156850032556008,
9990,29.147623581560765,
9991,30.16215981932652,
9992,19.528039945528008,
9993,-4.98804659396853,
9994,-2.470236139597258,
9995,-1.4081231917202182,
9996,-1.523423368749203,
9997,3.559752104533917,
9998,7.550525653538674,
9999,8.565061891304428,
10000,-2.0690579824940833,
10001,-5.236056400531272,
10002,-2.7182459461599997,
10003,-1.6561329982829598,
10004,-1.7714331753119446,
10005,3.3117422979711755,
10006,7.302515846975933,
10007,8.317052084741686,
10008,-2.317067789056825,
10009,0.34617638825379515,
10010,2.863986842625067,
10011,3.926099790502107,
10012,3.8107996134731223,
10013,8.893975086756242,
10014,12.884748635761,
10015,13.899284873526753,
10016,3.265164999728242,
10017,1.3870003847849812,
10018,3.9048108391562533,
10019,4.966923787033293,
10020,4.851623610004308,
10021,9.934799083287428,
10022,13.925572632292186,
10023,14.940108870057939,
10024,4.305988996259428,
10025,4.646676676262814,
10026,4.230834719518612,
10027,6.83797392962623,
10028,6.732928548792586,
10029,11.37805555450899,
10030,16.460284587003002,
10031,17.30003187709667,
10032,8.043359292050525,
10033,0.535108420150209,
10034,2.7802413200162164,
10035,3.726679335691415,
10036,3.6239551351225145,
10037,8.148400270519062,
10038,11.694361766619181,
10039,12.594956099574802,
10040,3.137772293128876,
10041,0.535108420150209,
10042,2.7802413200162164,
10043,3.726679335691415,
10044,3.6239551351225145,
10045,8.148400270519062,
10046,11.694361766619181,
10047,12.594956099574802,
10048,3.137772293128876,
10049,16.60905133405356,
10050,19.126861788424833,
10051,20.188974736301873,
10052,20.073674559272888,
10053,25.156850032556008,
10054,29.147623581560765,
10055,30.16215981932652,
10056,19.528039945528008,
10057,16.60905133405356,
10058,19.126861788424833,
10059,20.188974736301873,
10060,20.073674559272888,
10061,25.156850032556008,
10062,29.147623581560765,
10063,30.16215981932652,
10064,19.528039945528008,
10065,12.783599239174213,
10066,15.301409693545486,
10067,16.363522641422527,
10068,16.248222464393542,
10069,21.331397937676662,
10070,25.32217148668142,
10071,26.336707724447173,
10072,15.70258785064866,
10073,16.60905133405356,
10074,19.126861788424833,
10075,20.188974736301873,
10076,20.073674559272888,
10077,25.156850032556008,
10078,29.147623581560765,
10079,30.16215981932652,
10080,19.528039945528008,
10081,16.60905133405356,
10082,19.126861788424833,
10083,20.188974736301873,
10084,20.073674559272888,
10085,25.156850032556008,
10086,29.147623581560765,
10087,30.16215981932652,
10088,19.528039945528008,
10089,16.60905133405356,
10090,19.126861788424833,
10091,20.188974736301873,
10092,20.073674559272888,
10093,25.156850032556008,
10094,29.147623581560765,
10095,30.16215981932652,
10096,19.528039945528008,
10097,16.60905133405356,
10098,19.126861788424833,
10099,20.188974736301873,
10100,20.073674559272888,
10101,25.156850032556008,
10102,29.147623581560765,
10103,30.16215981932652,
10104,19.528039945528008,
10105,16.60905133405356,
10106,19.126861788424833,
10107,20.188974736301873,
10108,20.073674559272888,
10109,25.156850032556008,
10110,29.147623581560765,
10111,30.16215981932652,
10112,19.528039945528008,
10113,16.60905133405356,
10114,19.126861788424833,
10115,20.188974736301873,
10116,20.073674559272888,
10117,25.156850032556008,
10118,29.147623581560765,
10119,30.16215981932652,
10120,19.528039945528008,
10121,0.3607936986145326,
10122,2.8786041529858046,
10123,3.9407171008628445,
10124,3.82541692383386,
10125,8.90859239711698,
10126,12.899365946121737,
10127,13.91390218388749,
10128,3.2797823100889794,
10129,-0.15052031100510987,
10130,2.367290143366162,
10131,3.429403091243202,
10132,3.3141029142142173,
10133,8.397278387497337,
10134,12.388051936502094,
10135,13.402588174267848,
10136,2.768468300469337,
10137,4.373917572427786,
10138,6.891728026799058,
10139,7.953840974676098,
10140,7.838540797647113,
10141,12.921716270930233,
10142,16.91248981993499,
10143,17.927026057700743,
10144,7.292906183902232,
10145,5.156966133171837,
10146,7.674776587543109,
10147,8.736889535420149,
10148,8.621589358391164,
10149,13.704764831674284,
10150,17.69553838067904,
10151,18.710074618444793,
10152,8.075954744646284,
10153,7.516366747445829,
10154,7.776791265282668,
10155,10.030032956613297,
10156,9.92257920016965,
10157,14.670618846489674,
10158,19.502233294296616,
10159,20.382821626831344,
10160,10.80291618463167,
10161,5.563299811497188,
10162,7.8920374585637205,
10163,8.873929505944602,
10164,8.767351169252038,
10165,13.46294421305231,
10166,17.14503535843926,
10167,18.080482922169608,
10168,8.26294705088452,
10169,5.563299811497188,
10170,7.8920374585637205,
10171,8.873929505944602,
10172,8.767351169252038,
10173,13.46294421305231,
10174,17.14503535843926,
10175,18.080482922169608,
10176,8.26294705088452,
10177,16.60905133405356,
10178,19.126861788424833,
10179,20.188974736301873,
10180,20.073674559272888,
10181,25.156850032556008,
10182,29.147623581560765,
10183,30.16215981932652,
10184,19.528039945528008,
10185,6.8376366591031825,
10186,9.355447113474455,
10187,10.417560061351494,
10188,10.30225988432251,
10189,15.38543535760563,
10190,19.376208906610387,
10191,20.39074514437614,
10192,9.75662527057763,
10193,5.641388421935497,
10194,8.15919887630677,
10195,9.22131182418381,
10196,9.106011647154824,
10197,14.189187120437945,
10198,18.1799606694427,
10199,19.194496907208453,
10200,8.560377033409944,
10201,9.251058355928276,
10202,11.768868810299548,
10203,12.830981758176588,
10204,12.715681581147603,
10205,17.798857054430723,
10206,21.78963060343548,
10207,22.804166841201233,
10208,12.170046967402723,
10209,9.721969906528296,
10210,12.239780360899568,
10211,13.301893308776608,
10212,13.186593131747623,
10213,18.26976860503074,
10214,22.260542154035498,
10215,23.27507839180125,
10216,12.640958518002742,
10217,11.071605522959146,
10218,12.193809062856872,
10219,13.994046118455174,
10220,13.88356357312523,
10221,18.760994788658365,
10222,23.272330607951233,
10223,24.204469644784353,
10224,14.217801586107043,
10225,10.783624205455453,
10226,13.200792006059885,
10227,14.220196659372448,
10228,14.109540050101032,
10229,18.986316564038475,
10230,22.812639014787692,
10231,23.785030924807472,
10232,13.585856166401356,
10233,10.273009406294705,
10234,12.681454277174737,
10235,13.697158056163516,
10236,13.58690381223812,
10237,18.445800903308054,
10238,22.257885016200532,
10239,23.226629063213352,
10240,13.065122031581438,
10241,16.60905133405356,
10242,19.126861788424833,
10243,20.188974736301873,
10244,20.073674559272888,
10245,25.156850032556008,
10246,29.147623581560765,
10247,30.16215981932652,
10248,19.528039945528008,
10249,6.106811950336553,
10250,8.624622404707825,
10251,9.686735352584865,
10252,9.57143517555588,
10253,14.654610648839,
10254,18.645384197843757,
10255,19.65992043560951,
10256,9.025800561811,
10257,5.017617577957061,
10258,7.535428032328333,
10259,8.597540980205373,
10260,8.482240803176389,
10261,13.565416276459509,
10262,17.556189825464266,
10263,18.57072606323002,
10264,7.936606189431508,
10265,8.700738545110031,
10266,11.218548999481303,
10267,12.280661947358343,
10268,12.165361770329358,
10269,17.24853724361248,
10270,21.239310792617236,
10271,22.25384703038299,
10272,11.619727156584478,
10273,9.206870563602418,
10274,11.72468101797369,
10275,12.78679396585073,
10276,12.671493788821746,
10277,17.754669262104866,
10278,21.745442811109623,
10279,22.759979048875376,
10280,12.125859175076865,
10281,10.665942853856507,
10282,11.688468119298761,
10283,13.541214545854075,
10284,13.431080125040523,
10285,18.293641006452333,
10286,22.84207092783612,
10287,23.76827452842747,
10288,13.828372107212658,
10289,10.245797549998827,
10290,12.653778001858655,
10291,13.669284745339326,
10292,13.55905192335183,
10293,18.41699713641185,
10294,22.22832325108152,
10295,23.196873103560733,
10296,13.037371411015272,
10297,9.523231016062311,
10298,11.918896097333288,
10299,12.929178017749848,
10300,12.819513241226787,
10301,17.652218348988526,
10302,21.44344651542758,
10303,22.406847567783302,
10304,12.300518072506577,
10305,16.60905133405356,
10306,19.126861788424833,
10307,20.188974736301873,
10308,20.073674559272888,
10309,25.156850032556008,
10310,29.147623581560765,
10311,30.16215981932652,
10312,19.528039945528008,
10313,10.250874255383405,
10314,12.768684709754677,
10315,13.830797657631717,
10316,13.715497480602732,
10317,18.798672953885852,
10318,22.78944650289061,
10319,23.803982740656362,
10320,13.169862866857851,
10321,8.416288865037338,
10322,10.93409931940861,
10323,11.99621226728565,
10324,11.880912090256665,
10325,16.964087563539785,
10326,20.954861112544542,
10327,21.969397350310295,
10328,11.335277476511784,
10329,11.821267389271817,
10330,14.33907784364309,
10331,15.40119079152013,
10332,15.285890614491144,
10333,20.369066087774264,
10334,24.35983963677902,
10335,25.374375874544775,
10336,14.740256000746264,
10337,12.127685561737849,
10338,14.64549601610912,
10339,15.70760896398616,
10340,15.592308786957176,
10341,20.675484260240296,
10342,24.666257809245053,
10343,25.680794047010806,
10344,15.046674173212295,
10345,12.981667594287785,
10346,14.577890607247468,
10347,16.12802965268895,
10348,16.015899168032092,
10349,20.963717127824054,
10350,25.298488356361815,
10351,26.258759260724162,
10352,16.05067408597722,
10353,13.112967965879648,
10354,15.570130135230386,
10355,16.606504726469325,
10356,16.494003072387216,
10357,21.452775980673152,
10358,25.344411558796423,
10359,26.33353881699918,
10360,15.961597248505598,
10361,12.96047973317161,
10362,15.41501358571304,
10363,16.450272883179593,
10364,16.33789249087164,
10365,21.291275833839165,
10366,25.17861767078125,
10367,26.166644626179163,
10368,15.80605989121176,
10369,84.92739329781955,
10370,75.14160032051029,
10371,71.12601866378162,
10372,71.01984534469608,
10373,81.16437967888174,
10374,80.60618598332121,
10375,78.85362581934197,
10376,64.27464559142356,
10377,63.330295369797454,
10378,53.5445023924882,
10379,49.52892073575953,
10380,49.422747416673985,
10381,59.56728175085965,
10382,59.00908805529912,
10383,57.25652789131988,
10384,42.67754766340147,
10385,63.08228556323472,
10386,53.29649258592546,
10387,49.28091092919679,
10388,49.17473761011125,
10389,59.319271944296915,
10390,58.76107824873638,
10391,57.00851808475714,
10392,42.429537856838735,
10393,68.66451835201978,
10394,58.87872537471053,
10395,54.863143717981856,
10396,54.756970398896314,
10397,64.90150473308198,
10398,64.34331103752145,
10399,62.590750873542206,
10400,48.0117706456238,
10401,69.70534234855097,
10402,59.919549371241715,
10403,55.903967714513044,
10404,55.7977943954275,
10405,65.94232872961317,
10406,65.38413503405263,
10407,63.63157487007339,
10408,49.052594642154986,
10409,73.00732231770007,
10410,63.431566655404765,
10411,58.711139979029895,
10412,58.612484892615214,
10413,69.40830195657787,
10414,70.00559225777528,
10415,68.73582738762678,
10416,53.790375860712686,
10417,75.66291324606533,
10418,66.3703716933394,
10419,62.55338846680763,
10420,62.45243606988424,
10421,72.09112921500906,
10422,71.5611364408976,
10423,69.89684072876838,
10424,56.035742209482635,
10425,75.66291324606533,
10426,66.3703716933394,
10427,62.55338846680763,
10428,62.45243606988424,
10429,72.09112921500906,
10430,71.5611364408976,
10431,69.89684072876838,
10432,56.035742209482635,
10433,84.92739329781955,
10434,75.14160032051029,
10435,71.12601866378162,
10436,71.01984534469608,
10437,81.16437967888174,
10438,80.60618598332121,
10439,78.85362581934197,
10440,64.27464559142356,
10441,84.92739329781955,
10442,75.14160032051029,
10443,71.12601866378162,
10444,71.01984534469608,
10445,81.16437967888174,
10446,80.60618598332121,
10447,78.85362581934197,
10448,64.27464559142356,
10449,81.1019412029402,
10450,71.31614822563094,
10451,67.30056656890227,
10452,67.19439324981673,
10453,77.33892758400239,
10454,76.78073388844186,
10455,75.02817372446262,
10456,60.44919349654422,
10457,84.92739329781955,
10458,75.14160032051029,
10459,71.12601866378162,
10460,71.01984534469608,
10461,81.16437967888174,
10462,80.60618598332121,
10463,78.85362581934197,
10464,64.27464559142356,
10465,84.92739329781955,
10466,75.14160032051029,
10467,71.12601866378162,
10468,71.01984534469608,
10469,81.16437967888174,
10470,80.60618598332121,
10471,78.85362581934197,
10472,64.27464559142356,
10473,84.92739329781955,
10474,75.14160032051029,
10475,71.12601866378162,
10476,71.01984534469608,
10477,81.16437967888174,
10478,80.60618598332121,
10479,78.85362581934197,
10480,64.27464559142356,
10481,84.92739329781955,
10482,75.14160032051029,
10483,71.12601866378162,
10484,71.01984534469608,
10485,81.16437967888174,
10486,80.60618598332121,
10487,78.85362581934197,
10488,64.27464559142356,
10489,84.92739329781955,
10490,75.14160032051029,
10491,71.12601866378162,
10492,71.01984534469608,
10493,81.16437967888174,
10494,80.60618598332121,
10495,78.85362581934197,
10496,64.27464559142356,
10497,84.92739329781955,
10498,75.14160032051029,
10499,71.12601866378162,
10500,71.01984534469608,
10501,81.16437967888174,
10502,80.60618598332121,
10503,78.85362581934197,
10504,64.27464559142356,
10505,68.67913566238052,
10506,58.89334268507126,
10507,54.87776102834259,
10508,54.77158770925705,
10509,64.91612204344271,
10510,64.35792834788218,
10511,62.60536818390294,
10512,48.02638795598453,
10513,68.16782165276088,
10514,58.38202867545162,
10515,54.36644701872295,
10516,54.26027369963741,
10517,64.40480803382307,
10518,63.84661433826254,
10519,62.0940541742833,
10520,47.51507394636489,
10521,72.69225953619377,
10522,62.90646655888452,
10523,58.89088490215585,
10524,58.784711583070305,
10525,68.92924591725597,
10526,68.37105222169544,
10527,66.6184920577162,
10528,52.03951182979779,
10529,73.47530809693782,
10530,63.68951511962857,
10531,59.673933462899896,
10532,59.567760143814354,
10533,69.71229447800002,
10534,69.15410078243949,
10535,67.40154061846025,
10536,52.82256039054184,
10537,75.88495324178626,
10538,66.25775523773461,
10539,61.70169948809371,
10540,61.60125860292436,
10541,72.24658658314144,
10542,72.57135555143356,
10543,71.18707341812313,
10544,56.32579128552851,
10545,79.86041428469184,
10546,70.34593042565677,
10547,66.43954940041351,
10548,66.33624654961284,
10549,76.20260037950055,
10550,75.65991900982777,
10551,73.95590725183001,
10552,59.77162952598019,
10553,79.86041428469184,
10554,70.34593042565677,
10555,66.43954940041351,
10556,66.33624654961284,
10557,76.20260037950055,
10558,75.65991900982777,
10559,73.95590725183001,
10560,59.77162952598019,
10561,84.92739329781955,
10562,75.14160032051029,
10563,71.12601866378162,
10564,71.01984534469608,
10565,81.16437967888174,
10566,80.60618598332121,
10567,78.85362581934197,
10568,64.27464559142356,
10569,75.15597862286917,
10570,65.37018564555991,
10571,61.354603988831244,
10572,61.2484306697457,
10573,71.39296500393137,
10574,70.83477130837083,
10575,69.0822111443916,
10576,54.503230916473186,
10577,73.95973038570149,
10578,64.17393740839223,
10579,60.15835575166356,
10580,60.052182432578014,
10581,70.19671676676369,
10582,69.63852307120315,
10583,67.88596290722391,
10584,53.3069826793055,
10585,77.56940031969427,
10586,67.78360734238501,
10587,63.76802568565634,
10588,63.6618523665708,
10589,73.80638670075646,
10590,73.24819300519593,
10591,71.49563284121669,
10592,56.91665261329828,
10593,78.04031187029429,
10594,68.25451889298503,
10595,64.23893723625636,
10596,64.13276391717082,
10597,74.27729825135648,
10598,73.71910455579595,
10599,71.96654439181671,
10600,57.3875641638983,
10601,79.43413360962194,
10602,69.74413428014316,
10603,65.39587315883244,
10604,65.29320420714521,
10605,75.74702507184736,
10606,75.7300335745905,
10607,74.20271861894383,
10608,59.44903076853109,
10609,83.31142299789133,
10610,73.61255930509122,
10611,69.63195652604821,
10612,69.52670259184532,
10613,79.58212014253212,
10614,79.02889686739923,
10615,77.29189173838768,
10616,62.83933388841092,
10617,79.97126644523337,
10618,70.4508867572419,
10619,66.54213173414792,
10620,66.43876647250266,
10621,76.31116683865304,
10622,75.76814838627155,
10623,74.06308160101128,
10624,59.870222368743384,
10625,84.92739329781955,
10626,75.14160032051029,
10627,71.12601866378162,
10628,71.01984534469608,
10629,81.16437967888174,
10630,80.60618598332121,
10631,78.85362581934197,
10632,64.27464559142356,
10633,74.42515391410254,
10634,64.63936093679328,
10635,60.62377928006461,
10636,60.51760596097907,
10637,70.66214029516473,
10638,70.1039465996042,
10639,68.35138643562496,
10640,53.77240620770655,
10641,73.33595954172304,
10642,63.55016656441379,
10643,59.53458490768512,
10644,59.42841158859958,
10645,69.57294592278524,
10646,69.0147522272247,
10647,67.26219206324546,
10648,52.683211835327064,
10649,77.01908050887602,
10650,67.23328753156676,
10651,63.21770587483809,
10652,63.11153255575255,
10653,73.25606688993821,
10654,72.69787319437768,
10655,70.94531303039844,
10656,56.36633280248003,
10657,77.52521252736841,
10658,67.73941955005915,
10659,63.723837893330476,
10660,63.617664574244934,
10661,73.7621989084306,
10662,73.20400521287007,
10663,71.45144504889083,
10664,56.87246482097242,
10665,79.03004765715798,
10666,69.34716246452086,
10667,64.97496059611103,
10668,64.8725467427974,
10669,75.34850043209701,
10670,75.3707332366501,
10671,73.85980237492413,
10672,59.093654578648966,
10673,83.01496771008277,
10674,73.33201054411563,
10675,69.35780927475042,
10676,69.2527236056178,
10677,79.29183291704231,
10678,78.73951912436735,
10679,77.00536031336401,
10680,62.57593990298295,
10681,79.50743037563763,
10682,70.01170862907031,
10683,66.112882586865,
10684,66.00977835383458,
10685,75.85689006847849,
10686,75.31528138175884,
10687,73.6146270100158,
10688,59.45765919614621,
10689,84.92739329781955,
10690,75.14160032051029,
10691,71.12601866378162,
10692,71.01984534469608,
10693,81.16437967888174,
10694,80.60618598332121,
10695,78.85362581934197,
10696,64.27464559142356,
10697,78.5692162191494,
10698,68.78342324184014,
10699,64.76784158511147,
10700,64.66166826602593,
10701,74.80620260021159,
10702,74.24800890465106,
10703,72.49544874067182,
10704,57.91646851275341,
10705,76.73463082880332,
10706,66.94883785149406,
10707,62.9332561947654,
10708,62.82708287567986,
10709,72.97161720986551,
10710,72.41342351430498,
10711,70.66086335032574,
10712,56.08188312240734,
10713,80.1396093530378,
10714,70.35381637572854,
10715,66.33823471899987,
10716,66.23206139991433,
10717,76.3765957341,
10718,75.81840203853946,
10719,74.06584187456022,
10720,59.48686164664182,
10721,80.44602752550384,
10722,70.66023454819458,
10723,66.64465289146591,
10724,66.53847957238037,
10725,76.68301390656603,
10726,76.1248202110055,
10727,74.37226004702626,
10728,59.79327981910785,
10729,81.33371801582024,
10730,71.61039953070195,
10731,67.3756570870541,
10732,67.27178401206532,
10733,77.62042514046118,
10734,77.41796396083447,
10735,75.81328768580238,
10736,61.118893970458885,
10737,84.37524510629578,
10738,74.61919673304192,
10739,70.61558277348865,
10740,70.50972400529997,
10741,80.62376673266499,
10742,80.06727378399711,
10743,78.3200360666674,
10744,63.7843092587799,
10745,81.69278912658172,
10746,72.08061981649962,
10747,68.13491053120481,
10748,68.03057380933421,
10749,77.99710213393894,
10750,77.44883569262709,
10751,75.72734375693886,
10752,61.40090695666197,
10753,91.08402529988683,
10754,81.19290359246003,
10755,77.56621772933875,
10756,77.45603563011895,
10757,87.23526942692507,
10758,86.05292208196443,
10759,84.04239670301553,
10760,69.67092355094326,
10761,69.48692737186474,
10762,59.59580566443793,
10763,55.96911980131665,
10764,55.85893770209685,
10765,65.63817149890298,
10766,64.45582415394233,
10767,62.44529877499343,
10768,48.07382562292116,
10769,69.238917565302,
10770,59.3477958578752,
10771,55.72110999475392,
10772,55.61092789553412,
10773,65.39016169234024,
10774,64.2078143473796,
10775,62.1972889684307,
10776,47.82581581635843,
10777,74.82115035408707,
10778,64.93002864666026,
10779,61.30334278353898,
10780,61.19316068431918,
10781,70.9723944811253,
10782,69.79004713616466,
10783,67.77952175721576,
10784,53.40804860514349,
10785,75.86197435061825,
10786,65.97085264319145,
10787,62.34416678007017,
10788,62.23398468085037,
10789,72.0132184776565,
10790,70.83087113269585,
10791,68.82034575374695,
10792,54.44887260167468,
10793,78.75758829321938,
10794,69.079505107241,
10795,64.69120195472175,
10796,64.58895989723192,
10797,75.07978911972953,
10798,75.12842387175823,
10799,73.6285257874602,
10800,58.854007139973476,
10801,81.5024896634111,
10802,72.11821090216358,
10803,68.67400188297398,
10804,68.56933533214601,
10805,77.85254651175387,
10806,76.73086735409117,
10807,74.8230652819347,
10808,61.16971059191525,
10809,81.5024896634111,
10810,72.11821090216358,
10811,68.67400188297398,
10812,68.56933533214601,
10813,77.85254651175387,
10814,76.73086735409117,
10815,74.8230652819347,
10816,61.16971059191525,
10817,91.08402529988683,
10818,81.19290359246003,
10819,77.56621772933875,
10820,77.45603563011895,
10821,87.23526942692507,
10822,86.05292208196443,
10823,84.04239670301553,
10824,69.67092355094326,
10825,91.08402529988683,
10826,81.19290359246003,
10827,77.56621772933875,
10828,77.45603563011895,
10829,87.23526942692507,
10830,86.05292208196443,
10831,84.04239670301553,
10832,69.67092355094326,
10833,87.25857320500748,
10834,77.36745149758067,
10835,73.7407656344594,
10836,73.6305835352396,
10837,83.40981733204572,
10838,82.22746998708507,
10839,80.21694460813617,
10840,65.8454714560639,
10841,91.08402529988683,
10842,81.19290359246003,
10843,77.56621772933875,
10844,77.45603563011895,
10845,87.23526942692507,
10846,86.05292208196443,
10847,84.04239670301553,
10848,69.67092355094326,
10849,91.08402529988683,
10850,81.19290359246003,
10851,77.56621772933875,
10852,77.45603563011895,
10853,87.23526942692507,
10854,86.05292208196443,
10855,84.04239670301553,
10856,69.67092355094326,
10857,91.08402529988683,
10858,81.19290359246003,
10859,77.56621772933875,
10860,77.45603563011895,
10861,87.23526942692507,
10862,86.05292208196443,
10863,84.04239670301553,
10864,69.67092355094326,
10865,91.08402529988683,
10866,81.19290359246003,
10867,77.56621772933875,
10868,77.45603563011895,
10869,87.23526942692507,
10870,86.05292208196443,
10871,84.04239670301553,
10872,69.67092355094326,
10873,91.08402529988683,
10874,81.19290359246003,
10875,77.56621772933875,
10876,77.45603563011895,
10877,87.23526942692507,
10878,86.05292208196443,
10879,84.04239670301553,
10880,69.67092355094326,
10881,91.08402529988683,
10882,81.19290359246003,
10883,77.56621772933875,
10884,77.45603563011895,
10885,87.23526942692507,
10886,86.05292208196443,
10887,84.04239670301553,
10888,69.67092355094326,
10889,74.8357676644478,
10890,64.944645957021,
10891,61.317960093899714,
10892,61.207777994679915,
10893,70.98701179148604,
10894,69.8046644465254,
10895,67.7941390675765,
10896,53.422665915504226,
10897,74.32445365482816,
10898,64.43333194740136,
10899,60.806646084280075,
10900,60.69646398506028,
10901,70.4756977818664,
10902,69.29335043690575,
10903,67.28282505795686,
10904,52.91135190588459,
10905,78.84889153826106,
10906,68.95776983083425,
10907,65.33108396771297,
10908,65.22090186849317,
10909,75.0001356652993,
10910,73.81778832033865,
10911,71.80726294138975,
10912,57.43578978931748,
10913,79.6319400990051,
10914,69.7408183915783,
10915,66.11413252845702,
10916,66.00395042923722,
10917,75.78318422604335,
10918,74.6008368810827,
10919,72.5903115021338,
10920,58.21883835006153,
10921,81.73202880630828,
10922,72.00174979102792,
10923,67.79101429638285,
10924,67.686887706594,
10925,78.01323695624058,
10926,77.77166051236975,
10927,76.15069176656976,
10928,61.468881517741295,
10929,85.84258461317847,
10930,76.23033096416157,
10931,72.7040117742826,
10932,72.596863082835,
10933,82.1032327199581,
10934,80.95426616762501,
10935,79.00025671087485,
10936,65.02371826413821,
10937,85.84258461317847,
10938,76.23033096416157,
10939,72.7040117742826,
10940,72.596863082835,
10941,82.1032327199581,
10942,80.95426616762501,
10943,79.00025671087485,
10944,65.02371826413821,
10945,91.08402529988683,
10946,81.19290359246003,
10947,77.56621772933875,
10948,77.45603563011895,
10949,87.23526942692507,
10950,86.05292208196443,
10951,84.04239670301553,
10952,69.67092355094326,
10953,81.31261062493645,
10954,71.42148891750965,
10955,67.79480305438837,
10956,67.68462095516857,
10957,77.4638547519747,
10958,76.28150740701405,
10959,74.27098202806515,
10960,59.89950887599288,
10961,80.11636238776877,
10962,70.22524068034197,
10963,66.59855481722069,
10964,66.48837271800089,
10965,76.26760651480701,
10966,75.08525916984637,
10967,73.07473379089747,
10968,58.70326063882519,
10969,83.72603232176155,
10970,73.83491061433475,
10971,70.20822475121346,
10972,70.09804265199367,
10973,79.87727644879979,
10974,78.69492910383914,
10975,76.68440372489025,
10976,62.312930572817976,
10977,84.19694387236157,
10978,74.30582216493477,
10979,70.67913630181349,
10980,70.56895420259369,
10981,80.34818799939981,
10982,79.16584065443917,
10983,77.15531527549027,
10984,62.78384212341799,
10985,85.4017429037504,
10986,75.60775825519647,
10987,71.62153601962632,
10988,71.51505689679601,
10989,81.63214831399375,
10990,81.02652554796794,
10991,79.25429644786936,
10992,64.6908658329657,
10993,89.41213838845766,
10994,79.6103898566538,
10995,76.0158612849317,
10996,75.90665101057027,
10997,85.59844914343614,
10998,84.42680006756132,
10999,82.43438641295768,
11000,68.18943696636853,
11001,85.9572262539441,
11002,76.33891466205074,
11003,72.81041431468987,
11004,72.70319969438674,
11005,82.21549815664508,
11006,81.06580648273768,
11007,79.11056923262561,
11008,65.12544687167446,
11009,91.08402529988683,
11010,81.19290359246003,
11011,77.56621772933875,
11012,77.45603563011895,
11013,87.23526942692507,
11014,86.05292208196443,
11015,84.04239670301553,
11016,69.67092355094326,
11017,80.58178591616982,
11018,70.69066420874302,
11019,67.06397834562173,
11020,66.95379624640194,
11021,76.73303004320806,
11022,75.55068269824741,
11023,73.54015731929852,
11024,59.168684167226246,
11025,79.49259154379033,
11026,69.60146983636352,
11027,65.97478397324224,
11028,65.86460187402244,
11029,75.64383567082857,
11030,74.46148832586792,
11031,72.45096294691902,
11032,58.07948979484676,
11033,83.1757125109433,
11034,73.2845908035165,
11035,69.65790494039521,
11036,69.54772284117541,
11037,79.32695663798154,
11038,78.14460929302089,
11039,76.134083914072,
11040,61.762610761999724,
11041,83.6818445294357,
11042,73.79072282200889,
11043,70.1640369588876,
11044,70.05385485966781,
11045,79.83308865647393,
11046,78.65074131151329,
11047,76.64021593256439,
11048,62.26874278049211,
11049,84.98387070851533,
11050,75.19710173860767,
11051,71.18501041973394,
11052,71.07880071751009,
11053,81.2200737612282,
11054,80.65623881570775,
11055,78.90133862854685,
11056,64.32420593110567,
11057,89.10545316891302,
11058,79.32005611831221,
11059,75.73141185291928,
11060,75.62237941551268,
11061,85.2981791907738,
11062,84.12848742089153,
11063,82.13938752225965,
11064,67.91759131727048,
11065,85.47754208020172,
11066,75.8845657951801,
11067,72.36518766004536,
11068,72.25824877483501,
11069,81.74575153341692,
11070,80.59909243034002,
11071,78.64899003622378,
11072,64.6997683792851,
11073,91.08402529988683,
11074,81.19290359246003,
11075,77.56621772933875,
11076,77.45603563011895,
11077,87.23526942692507,
11078,86.05292208196443,
11079,84.04239670301553,
11080,69.67092355094326,
11081,84.72584822121668,
11082,74.83472651378987,
11083,71.2080406506686,
11084,71.0978585514488,
11085,80.87709234825492,
11086,79.69474500329427,
11087,77.68421962434537,
11088,63.312746472273105,
11089,82.8912628308706,
11090,73.0001411234438,
11091,69.37345526032252,
11092,69.26327316110272,
11093,79.04250695790884,
11094,77.8601596129482,
11095,75.8496342339993,
11096,61.478161081927034,
11097,86.29624135510508,
11098,76.40511964767828,
11099,72.778433784557,
11100,72.6682516853372,
11101,82.44748548214332,
11102,81.26513813718267,
11103,79.25461275823378,
11104,64.8831396061615,
11105,86.60265952757112,
11106,76.71153782014431,
11107,73.08485195702303,
11108,72.97466985780324,
11109,82.75390365460936,
11110,81.57155630964871,
11111,79.56103093069981,
11112,65.18955777862755,
11113,87.36635288179178,
11114,77.53857668388332,
11115,73.67502444778313,
11116,73.56727334849501,
11117,83.56945712591852,
11118,82.76622307847424,
11119,80.91216320941345,
11120,66.41391497681457,
11121,90.51274222145975,
11122,80.65220366557054,
11123,77.03652097458394,
11124,76.92667139427039,
11125,86.6759864594386,
11126,85.49730004236687,
11127,83.49297233901768,
11128,69.1647901224872,
11129,87.73775579443384,
11130,78.02511834627006,
11131,74.46266098811606,
11132,74.35442000590871,
11133,83.95902637082747,
11134,82.79804399552904,
11135,80.82368971159264,
11136,66.70493712812561,
11137,87.53422826007511,
11138,77.70357473257786,
11139,73.85058478540623,
11140,73.74272458980539,
11141,83.73499627921274,
11142,82.91478870770345,
11143,81.05370897408562,
11144,66.56108879283954,
11145,65.93713033205302,
11146,56.10647680455577,
11147,52.25348685738413,
11148,52.1456266617833,
11149,62.13789835119064,
11150,61.31769077968136,
11151,59.45661104606353,
11152,44.96399086481745,
11153,65.68912052549028,
11154,55.858466997993034,
11155,52.0054770508214,
11156,51.89761685522056,
11157,61.88988854462791,
11158,61.06968097311862,
11159,59.208601239500794,
11160,44.71598105825471,
11161,71.27135331427534,
11162,61.4406997867781,
11163,57.58770983960646,
11164,57.479849644005625,
11165,67.47212133341297,
11166,66.65191376190369,
11167,64.79083402828586,
11168,50.298213847039776,
11169,72.31217731080653,
11170,62.481523783309285,
11171,58.62853383613765,
11172,58.52067364053681,
11173,68.51294532994416,
11174,67.69273775843487,
11175,65.83165802481705,
11176,51.339037843570964,
11177,75.4428974906678,
11178,65.82357146219374,
11179,61.2420265854401,
11180,61.14186123333536,
11181,71.81058520168892,
11182,72.17748492456099,
11183,70.81087947583325,
11184,55.93648845284861,
11185,78.13613492491328,
11186,68.80448066844406,
11187,65.14344762922383,
11188,65.04093170069154,
11189,74.53132193904395,
11190,73.75282724844408,
11191,71.98605318648731,
11192,58.21153232878322,
11193,78.13613492491328,
11194,68.80448066844406,
11195,65.14344762922383,
11196,65.04093170069154,
11197,74.53132193904395,
11198,73.75282724844408,
11199,71.98605318648731,
11200,58.21153232878322,
11201,87.53422826007511,
11202,77.70357473257786,
11203,73.85058478540623,
11204,73.74272458980539,
11205,83.73499627921274,
11206,82.91478870770345,
11207,81.05370897408562,
11208,66.56108879283954,
11209,87.53422826007511,
11210,77.70357473257786,
11211,73.85058478540623,
11212,73.74272458980539,
11213,83.73499627921274,
11214,82.91478870770345,
11215,81.05370897408562,
11216,66.56108879283954,
11217,83.70877616519576,
11218,73.87812263769851,
11219,70.02513269052687,
11220,69.91727249492604,
11221,79.90954418433338,
11222,79.0893366128241,
11223,77.22825687920627,
11224,62.735636697960196,
11225,87.53422826007511,
11226,77.70357473257786,
11227,73.85058478540623,
11228,73.74272458980539,
11229,83.73499627921274,
11230,82.91478870770345,
11231,81.05370897408562,
11232,66.56108879283954,
11233,87.53422826007511,
11234,77.70357473257786,
11235,73.85058478540623,
11236,73.74272458980539,
11237,83.73499627921274,
11238,82.91478870770345,
11239,81.05370897408562,
11240,66.56108879283954,
11241,87.53422826007511,
11242,77.70357473257786,
11243,73.85058478540623,
11244,73.74272458980539,
11245,83.73499627921274,
11246,82.91478870770345,
11247,81.05370897408562,
11248,66.56108879283954,
11249,87.53422826007511,
11250,77.70357473257786,
11251,73.85058478540623,
11252,73.74272458980539,
11253,83.73499627921274,
11254,82.91478870770345,
11255,81.05370897408562,
11256,66.56108879283954,
11257,87.53422826007511,
11258,77.70357473257786,
11259,73.85058478540623,
11260,73.74272458980539,
11261,83.73499627921274,
11262,82.91478870770345,
11263,81.05370897408562,
11264,66.56108879283954,
11265,87.53422826007511,
11266,77.70357473257786,
11267,73.85058478540623,
11268,73.74272458980539,
11269,83.73499627921274,
11270,82.91478870770345,
11271,81.05370897408562,
11272,66.56108879283954,
11273,71.28597062463608,
11274,61.45531709713883,
11275,57.602327149967195,
11276,57.49446695436636,
11277,67.4867386437737,
11278,66.66653107226442,
11279,64.80545133864659,
11280,50.31283115740051,
11281,70.77465661501644,
11282,60.94400308751919,
11283,57.091013140347556,
11284,56.98315294474672,
11285,66.97542463415407,
11286,66.15521706264478,
11287,64.29413732902695,
11288,49.80151714778087,
11289,75.29909449844934,
11290,65.46844097095209,
11291,61.61545102378045,
11292,61.507590828179616,
11293,71.49986251758696,
11294,70.67965494607768,
11295,68.81857521245985,
11296,54.325955031213766,
11297,76.08214305919338,
11298,66.25148953169614,
11299,62.3984995845245,
11300,62.290639388923665,
11301,72.28291107833101,
11302,71.46270350682173,
11303,69.6016237732039,
11304,55.109003591957816,
11305,78.36133580283126,
11306,68.69024394346349,
11307,64.27858277507545,
11308,64.17659027212932,
11309,74.68898514622373,
11310,74.77595230905195,
11311,73.29207911060382,
11312,58.50543001165812,
11313,82.39373414985562,
11314,72.83758591427238,
11315,69.0901583397453,
11316,68.98523681857819,
11317,78.7014699536013,
11318,77.90420988863553,
11319,76.0950071411308,
11320,61.99725236126943,
11321,82.39373414985562,
11322,72.83758591427238,
11323,69.0901583397453,
11324,68.98523681857819,
11325,78.7014699536013,
11326,77.90420988863553,
11327,76.0950071411308,
11328,61.99725236126943,
11329,87.53422826007511,
11330,77.70357473257786,
11331,73.85058478540623,
11332,73.74272458980539,
11333,83.73499627921274,
11334,82.91478870770345,
11335,81.05370897408562,
11336,66.56108879283954,
11337,77.76281358512473,
11338,67.93216005762748,
11339,64.07917011045585,
11340,63.97130991485501,
11341,73.96358160426236,
11342,73.14337403275307,
11343,71.28229429913524,
11344,56.78967411788916,
11345,76.56656534795705,
11346,66.7359118204598,
11347,62.88292187328816,
11348,62.775061677687326,
11349,72.76733336709468,
11350,71.94712579558539,
11351,70.08604606196756,
11352,55.593425880721476,
11353,80.17623528194983,
11354,70.34558175445258,
11355,66.49259180728095,
11356,66.38473161168011,
11357,76.37700330108746,
11358,75.55679572957817,
11359,73.69571599596034,
11360,59.20309581471426,
11361,80.64714683254985,
11362,70.8164933050526,
11363,66.96350335788097,
11364,66.85564316228013,
11365,76.84791485168748,
11366,76.02770728017819,
11367,74.16662754656036,
11368,59.674007365314274,
11369,81.9613170055635,
11370,72.22703522848434,
11371,68.03015146435791,
11372,67.92587877620224,
11373,78.23935831657656,
11374,77.97522970132172,
11375,76.34487101173062,
11376,61.67032807807203,
11377,85.89469736775129,
11378,76.15200635125416,
11379,72.33283348277547,
11380,72.22591462112666,
11381,82.12974629218638,
11382,81.31689222509038,
11383,79.47243552066402,
11384,65.10630131632428,
11385,82.50618329643123,
11386,72.94407067179935,
11387,69.19434854698534,
11388,69.08936314212684,
11389,78.8115953331249,
11390,78.01383668974688,
11391,76.20350672783371,
11392,62.09716801907581,
11393,87.53422826007511,
11394,77.70357473257786,
11395,73.85058478540623,
11396,73.74272458980539,
11397,83.73499627921274,
11398,82.91478870770345,
11399,81.05370897408562,
11400,66.56108879283954,
11401,77.0319888763581,
11402,67.20133534886085,
11403,63.348345401689215,
11404,63.24048520608838,
11405,73.23275689549573,
11406,72.41254932398644,
11407,70.55146959036861,
11408,56.05884940912253,
11409,75.9427945039786,
11410,66.11214097648136,
11411,62.25915102930973,
11412,62.15129083370889,
11413,72.14356252311623,
11414,71.32335495160694,
11415,69.46227521798912,
11416,54.96965503674304,
11417,79.62591547113158,
11418,69.79526194363433,
11419,65.9422719964627,
11420,65.83441180086186,
11421,75.8266834902692,
11422,75.00647591875992,
11423,73.14539618514209,
11424,58.65277600389601,
11425,80.13204748962397,
11426,70.30139396212672,
11427,66.44840401495509,
11428,66.34054381935425,
11429,76.3328155087616,
11430,75.51260793725231,
11431,73.65152820363448,
11432,59.158908022388395,
11433,81.55142100442526,
11434,71.8242970185741,
11435,67.60266717974258,
11436,67.49865558658638,
11437,77.83512294624512,
11438,77.61129238433631,
11439,75.99771425462643,
11440,61.31019177311583,
11441,85.59393150281164,
11442,75.86733514412299,
11443,72.05435079743393,
11444,71.94760420744979,
11445,81.83525244496133,
11446,81.02374384110988,
11447,79.1823287267186,
11448,64.83934243945936,
11449,82.0356683723187,
11450,72.49850015962267,
11451,68.75837463033486,
11452,68.65365641115358,
11453,78.35079880343102,
11454,77.55512532083509,
11455,75.74950963500117,
11456,61.67907214376953,
11457,87.53422826007511,
11458,77.70357473257786,
11459,73.85058478540623,
11460,73.74272458980539,
11461,83.73499627921274,
11462,82.91478870770345,
11463,81.05370897408562,
11464,66.56108879283954,
11465,81.17605118140496,
11466,71.34539765390771,
11467,67.49240770673607,
11468,67.38454751113524,
11469,77.37681920054258,
11470,76.5566116290333,
11471,74.69553189541547,
11472,60.20291171416939,
11473,79.34146579105888,
11474,69.51081226356163,
11475,65.65782231639,
11476,65.54996212078916,
11477,75.5422338101965,
11478,74.72202623868722,
11479,72.86094650506939,
11480,58.36832632382332,
11481,82.74644431529336,
11482,72.91579078779611,
11483,69.06280084062448,
11484,68.95494064502364,
11485,78.94721233443099,
11486,78.1270047629217,
11487,76.26592502930387,
11488,61.7733048480578,
11489,83.0528624877594,
11490,73.22220896026215,
11491,69.36921901309051,
11492,69.26135881748968,
11493,79.25363050689703,
11494,78.43342293538774,
11495,76.57234320176991,
11496,62.07972302052383,
11497,83.88830435205762,
11498,74.12050025667787,
11499,70.04095677575378,
11500,69.93545155677919,
11501,80.13969200462765,
11502,79.68500837350621,
11503,77.97541297850768,
11504,63.36262721758271,
11505,86.97401771872251,
11506,77.17346330170659,
11507,73.33204393327651,
11508,73.22450580895833,
11509,83.18651645344454,
11510,82.36882513369636,
11511,80.5134334404006,
11512,66.06408964531414,
11513,84.25257206049656,
11514,74.59759728165244,
11515,70.81215556937423,
11516,70.70617572044353,
11517,80.52180203573522,
11518,79.71628069527236,
11519,77.88840089122391,
11520,63.64844047420314,
11521,52.885015557047325,
11522,45.632353935484616,
11523,41.24334993431768,
11524,40.46626313929926,
11525,34.0405453577888,
11526,30.717442459010385,
11527,31.744219829637927,
11528,32.15398684317245,
11529,31.287917629025234,
11530,24.035256007462525,
11531,19.646252006295587,
11532,18.869165211277167,
11533,12.44344742976671,
11534,9.120344530988294,
11535,10.147121901615836,
11536,10.556888915150356,
11537,31.039907822462492,
11538,23.787246200899784,
11539,19.398242199732845,
11540,18.621155404714425,
11541,12.195437623203969,
11542,8.872334724425553,
11543,9.899112095053095,
11544,10.308879108587615,
11545,36.62214061124756,
11546,29.36947898968485,
11547,24.980474988517912,
11548,24.203388193499492,
11549,17.777670411989035,
11550,14.45456751321062,
11551,15.481344883838162,
11552,15.891111897372681,
11553,37.66296460777875,
11554,30.41030298621604,
11555,26.0212989850491,
11556,25.24421219003068,
11557,18.818494408520223,
11558,15.495391509741806,
11559,16.52216888036935,
11560,16.93193589390387,
11561,40.21993885839015,
11562,32.00009425885037,
11563,27.43820606945178,
11564,26.222458842272147,
11565,19.26046580251392,
11566,14.999688999783132,
11567,16.169684562452346,
11568,20.41009049451884,
11569,32.674789402149486,
11570,26.284602388200426,
11571,22.408953213577206,
11572,21.722081901569425,
11573,16.034548411292178,
11574,13.08772756585131,
11575,13.998639864654763,
11576,14.362067684874432,
11577,32.674789402149486,
11578,26.284602388200426,
11579,22.408953213577206,
11580,21.722081901569425,
11581,16.034548411292178,
11582,13.08772756585131,
11583,13.998639864654763,
11584,14.362067684874432,
11585,52.885015557047325,
11586,45.632353935484616,
11587,41.24334993431768,
11588,40.46626313929926,
11589,34.0405453577888,
11590,30.717442459010385,
11591,31.744219829637927,
11592,32.15398684317245,
11593,52.885015557047325,
11594,45.632353935484616,
11595,41.24334993431768,
11596,40.46626313929926,
11597,34.0405453577888,
11598,30.717442459010385,
11599,31.744219829637927,
11600,32.15398684317245,
11601,49.05956346216798,
11602,41.80690184060527,
11603,37.41789783943833,
11604,36.64081104441991,
11605,30.215093262909456,
11606,26.89199036413104,
11607,27.918767734758582,
11608,28.3285347482931,
11609,52.885015557047325,
11610,45.632353935484616,
11611,41.24334993431768,
11612,40.46626313929926,
11613,34.0405453577888,
11614,30.717442459010385,
11615,31.744219829637927,
11616,32.15398684317245,
11617,52.885015557047325,
11618,45.632353935484616,
11619,41.24334993431768,
11620,40.46626313929926,
11621,34.0405453577888,
11622,30.717442459010385,
11623,31.744219829637927,
11624,32.15398684317245,
11625,52.885015557047325,
11626,45.632353935484616,
11627,41.24334993431768,
11628,40.46626313929926,
11629,34.0405453577888,
11630,30.717442459010385,
11631,31.744219829637927,
11632,32.15398684317245,
11633,52.885015557047325,
11634,45.632353935484616,
11635,41.24334993431768,
11636,40.46626313929926,
11637,34.0405453577888,
11638,30.717442459010385,
11639,31.744219829637927,
11640,32.15398684317245,
11641,52.885015557047325,
11642,45.632353935484616,
11643,41.24334993431768,
11644,40.46626313929926,
11645,34.0405453577888,
11646,30.717442459010385,
11647,31.744219829637927,
11648,32.15398684317245,
11649,52.885015557047325,
11650,45.632353935484616,
11651,41.24334993431768,
11652,40.46626313929926,
11653,34.0405453577888,
11654,30.717442459010385,
11655,31.744219829637927,
11656,32.15398684317245,
11657,36.63675792160829,
11658,29.384096300045588,
11659,24.99509229887865,
11660,24.21800550386023,
11661,17.792287722349773,
11662,14.469184823571357,
11663,15.4959621941989,
11664,15.905729207733419,
11665,36.125443911988654,
11666,28.872782290425945,
11667,24.483778289259007,
11668,23.706691494240587,
11669,17.28097371273013,
11670,13.957870813951715,
11671,14.984648184579257,
11672,15.394415198113776,
11673,40.64988179542155,
11674,33.39722017385884,
11675,29.008216172691903,
11676,28.231129377673483,
11677,21.805411596163026,
11678,18.48230869738461,
11679,19.509086068012152,
11680,19.918853081546672,
11681,41.4329303561656,
11682,34.18026873460289,
11683,29.791264733435952,
11684,29.014177938417532,
11685,22.588460156907075,
11686,19.26535725812866,
11687,20.2921346287562,
11688,20.70190164229072,
11689,43.26407170945572,
11690,35.26654017073815,
11691,30.743062553973857,
11692,29.628236647544554,
11693,22.786871202967745,
11694,18.738971014035087,
11695,19.87681185378517,
11696,23.233658300354534,
11697,38.96684916428899,
11698,32.313873032176105,
11699,28.281626993249063,
11700,27.56722160743942,
11701,21.654230333827456,
11702,18.59237268564118,
11703,19.538715341364025,
11704,19.91631118413102,
11705,38.96684916428899,
11706,32.313873032176105,
11707,28.281626993249063,
11708,27.56722160743942,
11709,21.654230333827456,
11710,18.59237268564118,
11711,19.538715341364025,
11712,19.91631118413102,
11713,52.885015557047325,
11714,45.632353935484616,
11715,41.24334993431768,
11716,40.46626313929926,
11717,34.0405453577888,
11718,30.717442459010385,
11719,31.744219829637927,
11720,32.15398684317245,
11721,43.11360088209695,
11722,35.86093926053424,
11723,31.4719352593673,
11724,30.69484846434888,
11725,24.269130682838423,
11726,20.946027784060007,
11727,21.97280515468755,
11728,22.38257216822207,
11729,41.91735264492926,
11730,34.66469102336655,
11731,30.275687022199612,
11732,29.498600227181193,
11733,23.072882445670736,
11734,19.74977954689232,
11735,20.776556917519862,
11736,21.186323931054382,
11737,45.52702257892204,
11738,38.274360957359335,
11739,33.885356956192396,
11740,33.10827016117398,
11741,26.682552379663516,
11742,23.3594494808851,
11743,24.386226851512642,
11744,24.795993865047162,
11745,45.99793412952206,
11746,38.74527250795935,
11747,34.35626850679241,
11748,33.57918171177399,
11749,27.153463930263534,
11750,23.83036103148512,
11751,24.85713840211266,
11752,25.26690541564718,
11753,47.0302821971498,
11754,39.316674282402744,
11755,34.843459472780864,
11756,33.85742553866294,
11757,27.172490390855614,
11758,23.39879993705472,
11759,24.494894377736273,
11760,26.72624347962443,
11761,45.52818891613617,
11762,38.59566055994003,
11763,34.397004781769,
11764,33.65335371286034,
11765,27.50104600652668,
11766,24.31718894242755,
11767,25.301098497200826,
11768,25.69371869860214,
11769,44.39877592218386,
11770,37.514768274110224,
11771,33.344982670299316,
11772,32.60640438631776,
11773,26.495595691588846,
11774,23.332886198367248,
11775,24.310284422337475,
11776,24.700300364140503,
11777,52.885015557047325,
11778,45.632353935484616,
11779,41.24334993431768,
11780,40.46626313929926,
11781,34.0405453577888,
11782,30.717442459010385,
11783,31.744219829637927,
11784,32.15398684317245,
11785,42.38277617333031,
11786,35.130114551767605,
11787,30.74111055060067,
11788,29.96402375558225,
11789,23.538305974071793,
11790,20.215203075293378,
11791,21.24198044592092,
11792,21.65174745945544,
11793,41.293581800950825,
11794,34.04092017938812,
11795,29.651916178221178,
11796,28.87482938320276,
11797,22.4491116016923,
11798,19.126008702913886,
11799,20.152786073541428,
11800,20.562553087075948,
11801,44.97670276810379,
11802,37.72404114654108,
11803,33.335037145374145,
11804,32.557950350355725,
11805,26.13223256884527,
11806,22.809129670066856,
11807,23.835907040694398,
11808,24.245674054228918,
11809,45.48283478659618,
11810,38.23017316503347,
11811,33.84116916386653,
11812,33.06408236884811,
11813,26.63836458733766,
11814,23.315261688559243,
11815,24.342039059186785,
11816,24.751806072721305,
11817,46.60083443838431,
11818,38.85435473750118,
11819,34.37525478822522,
11820,33.37431422071927,
11821,26.671137016559555,
11822,22.865567336602567,
11823,23.966533073831727,
11824,26.328037675151336,
11825,44.85083959810254,
11826,37.94743084933424,
11827,33.76610080519572,
11828,33.02549399468228,
11829,26.89808992970802,
11830,23.726923169995928,
11831,24.70692541255977,
11832,25.097982845556885,
11833,43.630097823457334,
11834,36.779018021728746,
11835,32.62882778858591,
11836,31.89369285072928,
11837,25.811055908175717,
11838,22.662704401804092,
11839,23.635681669160533,
11840,24.023929447613114,
11841,52.885015557047325,
11842,45.632353935484616,
11843,41.24334993431768,
11844,40.46626313929926,
11845,34.0405453577888,
11846,30.717442459010385,
11847,31.744219829637927,
11848,32.15398684317245,
11849,46.52683847837717,
11850,39.274176856814464,
11851,34.885172855647525,
11852,34.108086060629105,
11853,27.682368279118645,
11854,24.35926538034023,
11855,25.38604275096777,
11856,25.79580976450229,
11857,44.6922530880311,
11858,37.43959146646839,
11859,33.050587465301454,
11860,32.273500670283035,
11861,25.847782888772578,
11862,22.524679989994162,
11863,23.551457360621704,
11864,23.961224374156224,
11865,48.09723161226558,
11866,40.84456999070287,
11867,36.455565989535934,
11868,35.678479194517514,
11869,29.252761413007057,
11870,25.92965851422864,
11871,26.956435884856184,
11872,27.366202898390704,
11873,48.40364978473161,
11874,41.150988163168904,
11875,36.761984162001966,
11876,35.984897366983546,
11877,29.55917958547309,
11878,26.236076686694673,
11879,27.262854057322215,
11880,27.672621070856735,
11881,49.05134262328096,
11882,41.49415624915275,
11883,37.049171952184054,
11884,36.134059013589706,
11885,29.536383739798566,
11886,25.914858965624205,
11887,26.987639907673042,
11888,28.60013036780208,
11889,48.46543827781562,
11890,41.40594255637939,
11891,37.13176557993444,
11892,36.374846638669226,
11893,30.1140206644734,
11894,26.87487907981648,
11895,27.87580959424207,
11896,28.27523774808509,
11897,47.14769247982389,
11898,40.14529782423398,
11899,35.90508049803253,
11900,35.154127374222185,
11901,28.94209197106494,
11902,25.72780391956752,
11903,26.7210827468532,
11904,27.117450369533515,
11905,57.69826244665393,
11906,50.84247792362066,
11907,46.52830072313429,
11908,45.9310593131508,
11909,39.733334256767876,
11910,36.80337988922321,
11911,37.76902772747684,
11912,36.61471682004151,
11913,36.10116451863183,
11914,29.245379995598572,
11915,24.931202795112203,
11916,24.333961385128706,
11917,18.136236328745785,
11918,15.206281961201118,
11919,16.171929799454748,
11920,15.017618892019417,
11921,35.8531547120691,
11922,28.99737018903583,
11923,24.68319298854946,
11924,24.085951578565965,
11925,17.888226522183043,
11926,14.958272154638376,
11927,15.923919992892007,
11928,14.769609085456676,
11929,41.43538750085416,
11930,34.5796029778209,
11931,30.265425777334528,
11932,29.66818436735103,
11933,23.47045931096811,
11934,20.540504943423443,
11935,21.506152781677073,
11936,20.351841874241742,
11937,42.47621149738535,
11938,35.620426974352085,
11939,31.306249773865716,
11940,30.70900836388222,
11941,24.511283307499298,
11942,21.58132893995463,
11943,22.54697677820826,
11944,21.39266587077293,
11945,44.66395192527392,
11946,36.77080514212531,
11947,32.265654788149334,
11948,31.19819032513226,
11949,24.414035525929023,
11950,20.466647366784855,
11951,21.58922717261811,
11952,24.53192921691658,
11953,36.90593302315068,
11954,30.876930376456755,
11955,27.074959865707115,
11956,26.548134637250428,
11957,21.07405555522081,
11958,18.481697699350093,
11959,19.336401234306038,
11960,18.314673568466333,
11961,36.90593302315068,
11962,30.876930376456755,
11963,27.074959865707115,
11964,26.548134637250428,
11965,21.07405555522081,
11966,18.481697699350093,
11967,19.336401234306038,
11968,18.314673568466333,
11969,57.69826244665393,
11970,50.84247792362066,
11971,46.52830072313429,
11972,45.9310593131508,
11973,39.733334256767876,
11974,36.80337988922321,
11975,37.76902772747684,
11976,36.61471682004151,
11977,57.69826244665393,
11978,50.84247792362066,
11979,46.52830072313429,
11980,45.9310593131508,
11981,39.733334256767876,
11982,36.80337988922321,
11983,37.76902772747684,
11984,36.61471682004151,
11985,53.87281035177458,
11986,47.01702582874132,
11987,42.70284862825495,
11988,42.10560721827145,
11989,35.90788216188853,
11990,32.97792779434386,
11991,33.94357563259749,
11992,32.78926472516216,
11993,57.69826244665393,
11994,50.84247792362066,
11995,46.52830072313429,
11996,45.9310593131508,
11997,39.733334256767876,
11998,36.80337988922321,
11999,37.76902772747684,
12000,36.61471682004151,
12001,57.69826244665393,
12002,50.84247792362066,
12003,46.52830072313429,
12004,45.9310593131508,
12005,39.733334256767876,
12006,36.80337988922321,
12007,37.76902772747684,
12008,36.61471682004151,
12009,57.69826244665393,
12010,50.84247792362066,
12011,46.52830072313429,
12012,45.9310593131508,
12013,39.733334256767876,
12014,36.80337988922321,
12015,37.76902772747684,
12016,36.61471682004151,
12017,57.69826244665393,
12018,50.84247792362066,
12019,46.52830072313429,
12020,45.9310593131508,
12021,39.733334256767876,
12022,36.80337988922321,
12023,37.76902772747684,
12024,36.61471682004151,
12025,57.69826244665393,
12026,50.84247792362066,
12027,46.52830072313429,
12028,45.9310593131508,
12029,39.733334256767876,
12030,36.80337988922321,
12031,37.76902772747684,
12032,36.61471682004151,
12033,57.69826244665393,
12034,50.84247792362066,
12035,46.52830072313429,
12036,45.9310593131508,
12037,39.733334256767876,
12038,36.80337988922321,
12039,37.76902772747684,
12040,36.61471682004151,
12041,41.450004811214896,
12042,34.59422028818163,
12043,30.280043087695265,
12044,29.68280167771177,
12045,23.485076621328847,
12046,20.55512225378418,
12047,21.52077009203781,
12048,20.36645918460248,
12049,40.93869080159526,
12050,34.08290627856199,
12051,29.768729078075623,
12052,29.171487668092126,
12053,22.973762611709205,
12054,20.043808244164538,
12055,21.00945608241817,
12056,19.855145174982837,
12057,45.46312868502815,
12058,38.60734416199489,
12059,34.29316696150852,
12060,33.69592555152502,
12061,27.4982004951421,
12062,24.568246127597433,
12063,25.533893965851064,
12064,24.379583058415733,
12065,46.2461772457722,
12066,39.39039272273894,
12067,35.07621552225257,
12068,34.47897411226907,
12069,28.28124905588615,
12070,25.351294688341483,
12071,26.316942526595113,
12072,25.162631619159782,
12073,47.79546829404302,
12074,40.14074851975886,
12075,35.67811826284162,
12076,34.7187863530537,
12077,28.066614462090115,
12078,24.35011956053677,
12079,25.437462877136625,
12080,27.435736527915253,
12081,43.37514226518863,
12082,37.09447703604053,
12083,33.13642318158202,
12084,32.588129704035,
12085,26.89327881604254,
12086,24.197832240733135,
12087,25.086420457663507,
12088,24.024198370085514,
12089,43.37514226518863,
12090,37.09447703604053,
12091,33.13642318158202,
12092,32.588129704035,
12093,26.89327881604254,
12094,24.197832240733135,
12095,25.086420457663507,
12096,24.024198370085514,
12097,57.69826244665393,
12098,50.84247792362066,
12099,46.52830072313429,
12100,45.9310593131508,
12101,39.733334256767876,
12102,36.80337988922321,
12103,37.76902772747684,
12104,36.61471682004151,
12105,47.92684777170355,
12106,41.071063248670285,
12107,36.756886048183915,
12108,36.15964463820042,
12109,29.961919581817497,
12110,27.03196521427283,
12111,27.99761305252646,
12112,26.84330214509113,
12113,46.73059953453586,
12114,39.8748150115026,
12115,35.56063781101623,
12116,34.96339640103273,
12117,28.76567134464981,
12118,25.835716977105143,
12119,26.801364815358774,
12120,25.647053907923443,
12121,50.340269468528646,
12122,43.48448494549538,
12123,39.17030774500901,
12124,38.573066335025516,
12125,32.375341278642594,
12126,29.445386911097923,
12127,30.411034749351554,
12128,29.256723841916223,
12129,50.81118101912866,
12130,43.955396496095396,
12131,39.64121929560903,
12132,39.04397788562553,
12133,32.84625282924261,
12134,29.91629846169794,
12135,30.881946299951572,
12136,29.72763539251624,
12137,51.67098436339654,
12138,44.32077819652761,
12139,39.913700994256146,
12140,39.09240681936109,
12141,32.61131683246157,
12142,29.192313646999708,
12143,30.233913857886762,
12144,31.02865861427489,
12145,50.125137874726704,
12146,43.57651321625917,
12147,39.452437091259924,
12148,38.881318530309954,
12149,32.95188720627033,
12150,30.146995077695067,
12151,31.071550987216824,
12152,29.966345881111465,
12153,48.962965605222564,
12154,42.46086733832868,
12155,38.36560572395558,
12156,37.798447896488426,
12157,31.90971170626193,
12158,29.123799606100306,
12159,30.042118474853282,
12160,28.944366860597597,
12161,57.69826244665393,
12162,50.84247792362066,
12163,46.52830072313429,
12164,45.9310593131508,
12165,39.733334256767876,
12166,36.80337988922321,
12167,37.76902772747684,
12168,36.61471682004151,
12169,47.196023062936916,
12170,40.34023853990365,
12171,36.02606133941728,
12172,35.428819929433786,
12173,29.231094873050868,
12174,26.3011405055062,
12175,27.26678834375983,
12176,26.1124774363245,
12177,46.10682869055743,
12178,39.251044167524164,
12179,34.936866967037794,
12180,34.3396255570543,
12181,28.141900500671376,
12182,25.21194613312671,
12183,26.17759397138034,
12184,25.02328306394501,
12185,49.789949657710395,
12186,42.93416513467713,
12187,38.61998793419076,
12188,38.022746524207264,
12189,31.825021467824346,
12190,28.89506710027968,
12191,29.86071493853331,
12192,28.70640403109798,
12193,50.29608167620278,
12194,43.44029715316952,
12195,39.12611995268315,
12196,38.52887854269965,
12197,32.33115348631673,
12198,29.401199118772066,
12199,30.366846957025697,
12200,29.212536049590366,
12201,51.22900612362696,
12202,43.84354343892568,
12203,39.42996619767723,
12204,38.59269275708084,
12205,32.091655766771,
12206,28.6380620417234,
12207,29.684999787018853,
12208,30.618952288579294,
12209,49.42812738685598,
12210,42.90742634242332,
12211,38.80064312513582,
12212,38.23190154447735,
12213,32.32689232301942,
12214,29.533390221411707,
12215,30.45420326951961,
12216,29.353471017012794,
12217,48.17205950746188,
12218,41.70153143572031,
12219,37.625824658786314,
12220,37.06135494249281,
12221,31.200240653064043,
12222,28.42721286453707,
12223,29.3412976985166,
12224,28.248605923487276,
12225,57.69826244665393,
12226,50.84247792362066,
12227,46.52830072313429,
12228,45.9310593131508,
12229,39.733334256767876,
12230,36.80337988922321,
12231,37.76902772747684,
12232,36.61471682004151,
12233,51.340085367983775,
12234,44.48430084495051,
12235,40.17012364446414,
12236,39.572882234480645,
12237,33.37515717809772,
12238,30.445202810553052,
12239,31.410850648806683,
12240,30.256539741371352,
12241,49.505499977637704,
12242,42.64971545460444,
12243,38.33553825411807,
12244,37.738296844134574,
12245,31.540571787751652,
12246,28.610617420206985,
12247,29.576265258460616,
12248,28.421954351025285,
12249,52.910478501872184,
12250,46.05469397883892,
12251,41.74051677835255,
12252,41.14327536836905,
12253,34.94555031198613,
12254,32.015595944441465,
12255,32.981243782695095,
12256,31.826932875259764,
12257,53.216896674338216,
12258,46.36111215130495,
12259,42.04693495081858,
12260,41.449693540835085,
12261,35.25196848445216,
12262,32.322014116907496,
12263,33.28766195516113,
12264,32.133351047725796,
12265,53.751246306043186,
12266,46.5688135715954,
12267,42.192901574027815,
12268,41.44764074496243,
12269,35.061954797952694,
12270,31.808076339802312,
12271,32.82413179482279,
12272,32.956874549414124,
12273,53.14814029027792,
12274,46.477731880806516,
12275,42.27825742763861,
12276,41.69677636340663,
12277,35.660894727874734,
12278,32.806367702878276,
12279,33.74723324782178,
12280,32.62253763652461,
12281,51.79182344949987,
12282,45.17619113607623,
12283,41.01062514263538,
12284,40.43380408625086,
12285,34.44578935206789,
12286,31.613579036432952,
12287,32.5471116515929,
12288,31.431179093215007,
12289,54.92584749839409,
12290,47.83948252629739,
12291,43.4815851659601,
12292,42.779858038786074,
12293,36.44915330817469,
12294,33.29021007610385,
12295,34.291531826999346,
12296,34.0455139003077,
12297,33.328749570372,
12298,26.242384598275297,
12299,21.884487237938007,
12300,21.182760110763983,
12301,14.852055380152596,
12302,11.693112148081756,
12303,12.694433898977255,
12304,12.448415972285606,
12305,33.08073976380926,
12306,25.994374791712556,
12307,21.636477431375265,
12308,20.93475030420124,
12309,14.604045573589854,
12310,11.445102341519014,
12311,12.446424092414514,
12312,12.200406165722864,
12313,38.662972552594326,
12314,31.576607580497623,
12315,27.218710220160332,
12316,26.516983092986308,
12317,20.18627836237492,
12318,17.02733513030408,
12319,18.02865688119958,
12320,17.78263895450793,
12321,39.703796549125514,
12322,32.61743157702881,
12323,28.25953421669152,
12324,27.557807089517496,
12325,21.22710235890611,
12326,18.06815912683527,
12327,19.06948087773077,
12328,18.82346295103912,
12329,42.10483675474711,
12330,34.02189122642653,
12331,29.4835538107194,
12332,28.329962646637057,
12333,21.442052340101156,
12334,17.312171064640552,
12335,18.46242250534567,
12336,22.15847981071971,
12337,34.46975298954624,
12338,28.231130156027348,
12339,24.386205475478164,
12340,23.766482659753933,
12341,18.16808966091685,
12342,15.369501884679778,
12343,16.256963368299466,
12344,16.038951557204882,
12345,34.46975298954624,
12346,28.231130156027348,
12347,24.386205475478164,
12348,23.766482659753933,
12349,18.16808966091685,
12350,15.369501884679778,
12351,16.256963368299466,
12352,16.038951557204882,
12353,54.92584749839409,
12354,47.83948252629739,
12355,43.4815851659601,
12356,42.779858038786074,
12357,36.44915330817469,
12358,33.29021007610385,
12359,34.291531826999346,
12360,34.0455139003077,
12361,54.92584749839409,
12362,47.83948252629739,
12363,43.4815851659601,
12364,42.779858038786074,
12365,36.44915330817469,
12366,33.29021007610385,
12367,34.291531826999346,
12368,34.0455139003077,
12369,51.100395403514746,
12370,44.01403043141804,
12371,39.65613307108075,
12372,38.95440594390673,
12373,32.62370121329534,
12374,29.4647579812245,
12375,30.46607973212,
12376,30.22006180542835,
12377,54.92584749839409,
12378,47.83948252629739,
12379,43.4815851659601,
12380,42.779858038786074,
12381,36.44915330817469,
12382,33.29021007610385,
12383,34.291531826999346,
12384,34.0455139003077,
12385,54.92584749839409,
12386,47.83948252629739,
12387,43.4815851659601,
12388,42.779858038786074,
12389,36.44915330817469,
12390,33.29021007610385,
12391,34.291531826999346,
12392,34.0455139003077,
12393,54.92584749839409,
12394,47.83948252629739,
12395,43.4815851659601,
12396,42.779858038786074,
12397,36.44915330817469,
12398,33.29021007610385,
12399,34.291531826999346,
12400,34.0455139003077,
12401,54.92584749839409,
12402,47.83948252629739,
12403,43.4815851659601,
12404,42.779858038786074,
12405,36.44915330817469,
12406,33.29021007610385,
12407,34.291531826999346,
12408,34.0455139003077,
12409,54.92584749839409,
12410,47.83948252629739,
12411,43.4815851659601,
12412,42.779858038786074,
12413,36.44915330817469,
12414,33.29021007610385,
12415,34.291531826999346,
12416,34.0455139003077,
12417,54.92584749839409,
12418,47.83948252629739,
12419,43.4815851659601,
12420,42.779858038786074,
12421,36.44915330817469,
12422,33.29021007610385,
12423,34.291531826999346,
12424,34.0455139003077,
12425,38.67758986295506,
12426,31.59122489085836,
12427,27.23332753052107,
12428,26.531600403347046,
12429,20.20089567273566,
12430,17.04195244066482,
12431,18.043274191560318,
12432,17.79725626486867,
12433,38.16627585333542,
12434,31.079910881238717,
12435,26.722013520901427,
12436,26.020286393727403,
12437,19.689581663116016,
12438,16.530638431045176,
12439,17.531960181940676,
12440,17.285942255249026,
12441,42.690713736768316,
12442,35.60434876467161,
12443,31.246451404334323,
12444,30.5447242771603,
12445,24.21401954654891,
12446,21.05507631447807,
12447,22.05639806537357,
12448,21.81038013868192,
12449,43.473762297512366,
12450,36.38739732541566,
12451,32.02949996507837,
12452,31.327772837904348,
12453,24.99706810729296,
12454,21.83812487522212,
12455,22.83944662611762,
12456,22.59342869942597,
12457,45.18588025157612,
12458,37.33199950245461,
12459,32.83378964233151,
12460,31.784137438822256,
12461,25.02159499470065,
12462,21.11210721842258,
12463,22.22891992783144,
12464,25.015944753489578,
12465,40.836657736394045,
12466,34.33984387428478,
12467,30.338508198091517,
12468,29.693768738066694,
12469,23.87181682704312,
12470,20.96311604002915,
12471,21.88537705346232,
12472,21.658806275288327,
12473,40.836657736394045,
12474,34.33984387428478,
12475,30.338508198091517,
12476,29.693768738066694,
12477,23.87181682704312,
12478,20.96311604002915,
12479,21.88537705346232,
12480,21.658806275288327,
12481,54.92584749839409,
12482,47.83948252629739,
12483,43.4815851659601,
12484,42.779858038786074,
12485,36.44915330817469,
12486,33.29021007610385,
12487,34.291531826999346,
12488,34.0455139003077,
12489,45.15443282344371,
12490,38.06806785134701,
12491,33.71017049100972,
12492,33.008443363835696,
12493,26.67773863322431,
12494,23.51879540115347,
12495,24.520117152048968,
12496,24.27409922535732,
12497,43.958184586276026,
12498,36.87181961417932,
12499,32.51392225384203,
12500,31.81219512666801,
12501,25.48149039605662,
12502,22.32254716398578,
12503,23.32386891488128,
12504,23.07785098818963,
12505,47.56785452026881,
12506,40.48148954817211,
12507,36.12359218783482,
12508,35.42186506066079,
12509,29.0911603300494,
12510,25.932217097978562,
12511,26.93353884887406,
12512,26.68752092218241,
12513,48.038766070868824,
12514,40.95240109877212,
12515,36.59450373843483,
12516,35.89277661126081,
12517,29.56207188064942,
12518,26.40312864857858,
12519,27.40445039947408,
12520,27.15843247278243,
12521,48.99825505705411,
12522,41.43692360042343,
12523,36.99118648406608,
12524,36.0741944223476,
12525,29.474197257651042,
12526,25.848630274698962,
12527,26.92203182517835,
12528,28.550911655151083,
12529,47.47768378534482,
12530,40.70610321479916,
12531,36.53848814534297,
12532,35.867165920405625,
12533,29.807811147190534,
12534,26.782279718641178,
12535,27.74145599289625,
12536,27.505805257523946,
12537,46.33443507788547,
12538,39.61055234892552,
12539,35.471789744395835,
12540,34.80507921330337,
12541,28.78689906985113,
12542,25.78162311579132,
12543,26.73439974901237,
12544,26.500323163374446,
12545,54.92584749839409,
12546,47.83948252629739,
12547,43.4815851659601,
12548,42.779858038786074,
12549,36.44915330817469,
12550,33.29021007610385,
12551,34.291531826999346,
12552,34.0455139003077,
12553,44.42360811467708,
12554,37.33724314258038,
12555,32.97934578224309,
12556,32.27761865506906,
12557,25.94691392445768,
12558,22.78797069238684,
12559,23.78929244328234,
12560,23.54327451659069,
12561,43.33441374229759,
12562,36.24804877020089,
12563,31.8901514098636,
12564,31.188424282689574,
12565,24.857719552078187,
12566,21.698776320007347,
12567,22.700098070902847,
12568,22.454080144211197,
12569,47.01753470945056,
12570,39.931169737353855,
12571,35.573272377016565,
12572,34.87154524984254,
12573,28.540840519231157,
12574,25.381897287160317,
12575,26.383219038055817,
12576,26.137201111364167,
12577,47.523666727942945,
12578,40.43730175584624,
12579,36.07940439550895,
12580,35.37767726833493,
12581,29.046972537723544,
12582,25.888029305652704,
12583,26.889351056548204,
12584,26.643333129856554,
12585,48.56351549784222,
12586,40.96831331515244,
12587,36.516434212955176,
12588,35.58408680634727,
12589,28.965136085236566,
12590,25.3065591198893,
12591,26.385026144333267,
12592,28.147848408762513,
12593,46.79203074574127,
12594,40.04907632842213,
12595,35.898776610701475,
12596,35.230221976326106,
12597,29.195576554870684,
12598,26.182200292062248,
12599,27.13753621392283,
12600,26.902830110328125,
12601,45.55636874713315,
12602,38.86485359661532,
12603,34.745673175134414,
12604,34.082092815844874,
12605,28.091862445152117,
12606,25.100337875468767,
12607,26.048769684295507,
12608,25.815761804663794,
12609,54.92584749839409,
12610,47.83948252629739,
12611,43.4815851659601,
12612,42.779858038786074,
12613,36.44915330817469,
12614,33.29021007610385,
12615,34.291531826999346,
12616,34.0455139003077,
12617,48.56767041972394,
12618,41.481305447627236,
12619,37.123408087289945,
12620,36.42168096011592,
12621,30.09097622950453,
12622,26.93203299743369,
12623,27.93335474832919,
12624,27.68733682163754,
12625,46.73308502937787,
12626,39.646720057281165,
12627,35.288822696943875,
12628,34.58709556976985,
12629,28.256390839158463,
12630,25.097447607087624,
12631,26.098769357983123,
12632,25.852751431291473,
12633,50.13806355361235,
12634,43.051698581515645,
12635,38.693801221178354,
12636,37.99207409400433,
12637,31.661369363392943,
12638,28.502426131322103,
12639,29.503747882217603,
12640,29.257729955525953,
12641,50.44448172607838,
12642,43.358116753981676,
12643,39.000219393644386,
12644,38.29849226647036,
12645,31.967787535858974,
12646,28.808844303788135,
12647,29.810166054683634,
12648,29.564148127991984,
12649,51.044315922991814,
12650,43.64416089856422,
12651,39.22788005517401,
12652,38.38394745498255,
12653,31.87460857800528,
12654,28.4066113255127,
12655,29.455770203090196,
12656,30.447744263931497,
12657,50.45114762122023,
12658,43.554737706869446,
12659,39.31163811954332,
12660,38.62825242734647,
12661,32.46121300603477,
12662,29.382721605585232,
12663,30.35862934265475,
12664,30.118863001444765,
12665,49.11711335667695,
12666,42.27684569431159,
12667,38.06769098528895,
12668,37.38972983908184,
12669,31.271108798730722,
12670,28.21642727018434,
12671,29.184813021721595,
12672,28.946896954751594,
12673,70.15616044357523,
12674,71.51904695249789,
12675,67.53921475358766,
12676,67.46722677869758,
12677,78.20894268090535,
12678,81.41128987805286,
12679,80.60262600793772,
12680,60.20904864552921,
12681,48.55906251555314,
12682,49.92194902447579,
12683,45.94211682556556,
12684,45.870128850675485,
12685,56.61184475288326,
12686,59.81419195003076,
12687,59.00552807991562,
12688,38.61195071750711,
12689,48.3110527089904,
12690,49.67393921791306,
12691,45.69410701900283,
12692,45.62211904411275,
12693,56.36383494632052,
12694,59.566182143468026,
12695,58.757518273352886,
12696,38.36394091094438,
12697,53.893285497775466,
12698,55.25617200669812,
12699,51.27633980778789,
12700,51.204351832897814,
12701,61.946067735105586,
12702,65.14841493225309,
12703,64.33975106213795,
12704,43.94617369972944,
12705,54.934109494306654,
12706,56.29699600322931,
12707,52.31716380431908,
12708,52.245175829429,
12709,62.986891731636774,
12710,66.18923892878428,
12711,65.38057505866914,
12712,44.98699769626063,
12713,54.2997728097838,
12714,58.14229949647182,
12715,53.09666582369118,
12716,53.03065133860713,
12717,63.98208348566857,
12718,67.86151009661245,
12719,67.59471135466617,
12720,47.71346224764068,
12721,54.580847262799125,
12722,55.82265090052289,
12723,52.19514425639153,
12724,52.129494067854864,
12725,61.91171656388019,
12726,64.82265119967587,
12727,64.08780768662501,
12728,45.50390200959134,
12729,54.580847262799125,
12730,55.82265090052289,
12731,52.19514425639153,
12732,52.129494067854864,
12733,61.91171656388019,
12734,64.82265119967587,
12735,64.08780768662501,
12736,45.50390200959134,
12737,70.15616044357523,
12738,71.51904695249789,
12739,67.53921475358766,
12740,67.46722677869758,
12741,78.20894268090535,
12742,81.41128987805286,
12743,80.60262600793772,
12744,60.20904864552921,
12745,70.15616044357523,
12746,71.51904695249789,
12747,67.53921475358766,
12748,67.46722677869758,
12749,78.20894268090535,
12750,81.41128987805286,
12751,80.60262600793772,
12752,60.20904864552921,
12753,66.33070834869588,
12754,67.69359485761854,
12755,63.71376265870831,
12756,63.641774683818234,
12757,74.383490586026,
12758,77.5858377831735,
12759,76.77717391305836,
12760,56.38359655064986,
12761,70.15616044357523,
12762,71.51904695249789,
12763,67.53921475358766,
12764,67.46722677869758,
12765,78.20894268090535,
12766,81.41128987805286,
12767,80.60262600793772,
12768,60.20904864552921,
12769,70.15616044357523,
12770,71.51904695249789,
12771,67.53921475358766,
12772,67.46722677869758,
12773,78.20894268090535,
12774,81.41128987805286,
12775,80.60262600793772,
12776,60.20904864552921,
12777,70.15616044357523,
12778,71.51904695249789,
12779,67.53921475358766,
12780,67.46722677869758,
12781,78.20894268090535,
12782,81.41128987805286,
12783,80.60262600793772,
12784,60.20904864552921,
12785,70.15616044357523,
12786,71.51904695249789,
12787,67.53921475358766,
12788,67.46722677869758,
12789,78.20894268090535,
12790,81.41128987805286,
12791,80.60262600793772,
12792,60.20904864552921,
12793,70.15616044357523,
12794,71.51904695249789,
12795,67.53921475358766,
12796,67.46722677869758,
12797,78.20894268090535,
12798,81.41128987805286,
12799,80.60262600793772,
12800,60.20904864552921,
12801,70.15616044357523,
12802,71.51904695249789,
12803,67.53921475358766,
12804,67.46722677869758,
12805,78.20894268090535,
12806,81.41128987805286,
12807,80.60262600793772,
12808,60.20904864552921,
12809,53.9079028081362,
12810,55.270789317058856,
12811,51.290957118148626,
12812,51.21896914325855,
12813,61.96068504546632,
12814,65.16303224261382,
12815,64.35436837249868,
12816,43.960791010090176,
12817,53.39658879851656,
12818,54.75947530743922,
12819,50.77964310852899,
12820,50.70765513363891,
12821,61.44937103584668,
12822,64.65171823299418,
12823,63.843054362879045,
12824,43.44947700047054,
12825,57.921026681949456,
12826,59.28391319087211,
12827,55.30408099196188,
12828,55.232093017071804,
12829,65.97380891927958,
12830,69.17615611642708,
12831,68.36749224631194,
12832,47.97391488390343,
12833,58.704075242693506,
12834,60.06696175161616,
12835,56.08712955270593,
12836,56.015141577815854,
12837,66.75685748002363,
12838,69.95920467717113,
12839,69.15054080705599,
12840,48.75696344464748,
12841,58.088803280304546,
12842,61.357576817363736,
12843,56.55828715767666,
12844,56.490864499605095,
12845,67.39715268740832,
12846,71.11990873721345,
12847,70.7263711346456,
12848,50.72008865149428,
12849,60.041054723324635,
12850,61.32466259025426,
12851,57.57549382072608,
12852,57.50765454275819,
12853,67.62105781076343,
12854,70.63248617292624,
12855,69.87218963710785,
12856,50.66346157043603,
12857,60.041054723324635,
12858,61.32466259025426,
12859,57.57549382072608,
12860,57.50765454275819,
12861,67.62105781076343,
12862,70.63248617292624,
12863,69.87218963710785,
12864,50.66346157043603,
12865,70.15616044357523,
12866,71.51904695249789,
12867,67.53921475358766,
12868,67.46722677869758,
12869,78.20894268090535,
12870,81.41128987805286,
12871,80.60262600793772,
12872,60.20904864552921,
12873,60.38474576862485,
12874,61.74763227754751,
12875,57.76780007863728,
12876,57.6958121037472,
12877,68.43752800595497,
12878,71.63987520310248,
12879,70.83121133298734,
12880,50.43763397057883,
12881,59.188497531457166,
12882,60.55138404037982,
12883,56.57155184146959,
12884,56.499563866579514,
12885,67.2412797687873,
12886,70.4436269659348,
12887,69.63496309581966,
12888,49.24138573341114,
12889,62.79816746544995,
12890,64.1610539743726,
12891,60.181221775462376,
12892,60.1092338005723,
12893,70.85094970278007,
12894,74.05329689992757,
12895,73.24463302981243,
12896,52.85105566740393,
12897,63.269079016049965,
12898,64.63196552497263,
12899,60.65213332606239,
12900,60.58014535117231,
12901,71.32186125338009,
12902,74.5242084505276,
12903,73.71554458041246,
12904,53.32196721800394,
12905,62.79593697633129,
12906,65.33544910892084,
12907,60.84952976767619,
12908,60.7803408242454,
12909,71.6261792494559,
12910,75.14978884317088,
12911,74.596378602691,
12912,54.43706400785641,
12913,65.30696710122055,
12914,66.63154975633586,
12915,62.76315401629472,
12916,62.69317005940303,
12917,73.13127280529415,
12918,76.24132161252226,
12919,75.45604245119864,
12920,55.63491783512774,
12921,62.57489995495513,
12922,63.878143352955476,
12923,60.07183721529077,
12924,60.00297006593655,
12925,70.27196159468485,
12926,73.3306350723339,
12927,72.55837085728842,
12928,53.056172713937656,
12929,70.15616044357523,
12930,71.51904695249789,
12931,67.53921475358766,
12932,67.46722677869758,
12933,78.20894268090535,
12934,81.41128987805286,
12935,80.60262600793772,
12936,60.20904864552921,
12937,59.65392105985822,
12938,61.01680756878088,
12939,57.036975369870646,
12940,56.96498739498057,
12941,67.70670329718834,
12942,70.90905049433584,
12943,70.1003866242207,
12944,49.7068092618122,
12945,58.56472668747873,
12946,59.92761319640139,
12947,55.94778099749116,
12948,55.87579302260108,
12949,66.61750892480885,
12950,69.81985612195635,
12951,69.01119225184121,
12952,48.61761488943271,
12953,62.2478476546317,
12954,63.610734163554355,
12955,59.630901964644124,
12956,59.558913989754046,
12957,70.30062989196182,
12958,73.50297708910932,
12959,72.69431321899418,
12960,52.300735856585675,
12961,62.753979673124086,
12962,64.11686618204675,
12963,60.13703398313651,
12964,60.06504600824643,
12965,70.80676191045421,
12966,74.00910910760172,
12967,73.20044523748658,
12968,52.80686787507806,
12969,62.258114748499736,
12970,64.88187069220157,
12971,60.35973788934342,
12972,60.29075169970264,
12973,71.14374054614746,
12974,74.69035510732868,
12975,74.15534590244152,
12976,54.01338846540807,
12977,64.79117823783167,
12978,66.11171891845925,
12979,62.25508344553225,
12980,62.18531100882558,
12981,72.59137973342331,
12982,75.6916948265254,
12983,74.90888159631845,
12984,55.14816584919669,
12985,62.14373625472831,
12986,63.44362787124459,
12987,59.64707473143011,
12988,59.57838302389263,
12989,69.82081422878105,
12990,72.87142104142652,
12991,72.1012002616751,
12992,52.64909694864616,
12993,70.15616044357523,
12994,71.51904695249789,
12995,67.53921475358766,
12996,67.46722677869758,
12997,78.20894268090535,
12998,81.41128987805286,
12999,80.60262600793772,
13000,60.20904864552921,
13001,63.79798336490508,
13002,65.16086987382774,
13003,61.181037674917505,
13004,61.10904970002743,
13005,71.8507656022352,
13006,75.0531127993827,
13007,74.24444892926756,
13008,53.850871566859055,
13009,61.96339797455901,
13010,63.326284483481665,
13011,59.346452284571434,
13012,59.274464309681356,
13013,70.01618021188912,
13014,73.21852740903662,
13015,72.40986353892148,
13016,52.016286176512985,
13017,65.36837649879348,
13018,66.73126300771614,
13019,62.751430808805914,
13020,62.679442833915836,
13021,73.4211587361236,
13022,76.6235059332711,
13023,75.81484206315596,
13024,55.421264700747464,
13025,65.67479467125952,
13026,67.03768118018218,
13027,63.057848981271945,
13028,62.98586100638187,
13029,73.72757690858964,
13030,76.92992410573714,
13031,76.121260235622,
13032,55.727682873213496,
13033,65.33078837209189,
13034,67.47005767805894,
13035,63.156230599526,
13036,63.086082777199465,
13037,73.89737768375528,
13038,77.31169466630882,
13039,76.67109440920632,
13040,56.430413220827575,
13041,67.43988631586603,
13042,68.78124941070683,
13043,64.86403254022377,
13044,64.79317054652284,
13045,75.36427307062684,
13046,78.51474406441184,
13047,77.71922396717576,
13048,57.64731204801416,
13049,64.13590148639736,
13050,65.45131603960834,
13051,61.60959550505714,
13052,61.54009133657371,
13053,71.9055349860227,
13054,74.9935072033399,
13055,74.21382085149224,
13056,54.529717442855485,
13057,74.9463810707881,
13058,75.51987662176145,
13059,71.87982560433835,
13060,71.80599179187607,
13061,82.47371758430864,
13062,85.46061631360601,
13063,84.48244905998672,
13064,63.939644773906025,
13065,53.34928314276601,
13066,53.92277869373936,
13067,50.282727676316256,
13068,50.20889386385397,
13069,60.87661965628655,
13070,63.863518385583916,
13071,62.885351131964626,
13072,42.34254684588393,
13073,53.10127333620328,
13074,53.674768887176626,
13075,50.03471786975352,
13076,49.96088405729124,
13077,60.628609849723816,
13078,63.61550857902118,
13079,62.63734132540189,
13080,42.094537039321196,
13081,58.68350612498834,
13082,59.25700167596169,
13083,55.616950658538585,
13084,55.5431168460763,
13085,66.21084263850888,
13086,69.19774136780624,
13087,68.21957411418695,
13088,47.67676982810626,
13089,59.72433012151953,
13090,60.29782567249288,
13091,56.65777465506977,
13092,56.58394084260749,
13093,67.25166663504007,
13094,70.23856536433743,
13095,69.26039811071814,
13096,48.71759382463745,
13097,58.65491074446112,
13098,61.83694327619787,
13099,57.07491282400906,
13100,57.00727873059276,
13101,67.90655215737655,
13102,71.60562114890439,
13103,71.1929976077675,
13104,51.16817649170912,
13105,58.94351488938338,
13106,59.46545290942413,
13107,56.15130204709567,
13108,56.08404571959335,
13109,65.78785491864426,
13110,68.49996992426662,
13111,67.61202579754735,
13112,48.9109471088866,
13113,58.94351488938338,
13114,59.46545290942413,
13115,56.15130204709567,
13116,56.08404571959335,
13117,65.78785491864426,
13118,68.49996992426662,
13119,67.61202579754735,
13120,48.9109471088866,
13121,74.9463810707881,
13122,75.51987662176145,
13123,71.87982560433835,
13124,71.80599179187607,
13125,82.47371758430864,
13126,85.46061631360601,
13127,84.48244905998672,
13128,63.939644773906025,
13129,74.9463810707881,
13130,75.51987662176145,
13131,71.87982560433835,
13132,71.80599179187607,
13133,82.47371758430864,
13134,85.46061631360601,
13135,84.48244905998672,
13136,63.939644773906025,
13137,71.12092897590875,
13138,71.6944245268821,
13139,68.054373509459,
13140,67.98053969699671,
13141,78.64826548942929,
13142,81.63516421872666,
13143,80.65699696510737,
13144,60.11419267902668,
13145,74.9463810707881,
13146,75.51987662176145,
13147,71.87982560433835,
13148,71.80599179187607,
13149,82.47371758430864,
13150,85.46061631360601,
13151,84.48244905998672,
13152,63.939644773906025,
13153,74.9463810707881,
13154,75.51987662176145,
13155,71.87982560433835,
13156,71.80599179187607,
13157,82.47371758430864,
13158,85.46061631360601,
13159,84.48244905998672,
13160,63.939644773906025,
13161,74.9463810707881,
13162,75.51987662176145,
13163,71.87982560433835,
13164,71.80599179187607,
13165,82.47371758430864,
13166,85.46061631360601,
13167,84.48244905998672,
13168,63.939644773906025,
13169,74.9463810707881,
13170,75.51987662176145,
13171,71.87982560433835,
13172,71.80599179187607,
13173,82.47371758430864,
13174,85.46061631360601,
13175,84.48244905998672,
13176,63.939644773906025,
13177,74.9463810707881,
13178,75.51987662176145,
13179,71.87982560433835,
13180,71.80599179187607,
13181,82.47371758430864,
13182,85.46061631360601,
13183,84.48244905998672,
13184,63.939644773906025,
13185,74.9463810707881,
13186,75.51987662176145,
13187,71.87982560433835,
13188,71.80599179187607,
13189,82.47371758430864,
13190,85.46061631360601,
13191,84.48244905998672,
13192,63.939644773906025,
13193,58.698123435349075,
13194,59.27161898632242,
13195,55.63156796889932,
13196,55.557734156437036,
13197,66.22545994886961,
13198,69.21235867816698,
13199,68.23419142454769,
13200,47.69138713846699,
13201,58.186809425729436,
13202,58.760304976702784,
13203,55.12025395927968,
13204,55.0464201468174,
13205,65.71414593924997,
13206,68.70104466854734,
13207,67.72287741492805,
13208,47.180073128847354,
13209,62.71124730916233,
13210,63.28474286013568,
13211,59.644691842712575,
13212,59.57085803025029,
13213,70.23858382268287,
13214,73.22548255198024,
13215,72.24731529836095,
13216,51.70451101228025,
13217,63.49429586990638,
13218,64.06779142087973,
13219,60.427740403456625,
13220,60.35390659099434,
13221,71.02163238342692,
13222,74.00853111272428,
13223,73.030363859105,
13224,52.4875595730243,
13225,62.54599982067327,
13226,65.1246912813221,
13227,60.62192972184829,
13228,60.552835032516725,
13229,71.40200420214666,
13230,74.93631270496593,
13231,74.3914580978759,
13232,54.24020565159611,
13233,64.55130333668421,
13234,65.09103157872562,
13235,61.66440461284998,
13236,61.594877685480526,
13237,71.63120833438359,
13238,74.43803141730689,
13239,73.5189946725701,
13240,54.18234104090698,
13241,64.55130333668421,
13242,65.09103157872562,
13243,61.66440461284998,
13244,61.594877685480526,
13245,71.63120833438359,
13246,74.43803141730689,
13247,73.5189946725701,
13248,54.18234104090698,
13249,74.9463810707881,
13250,75.51987662176145,
13251,71.87982560433835,
13252,71.80599179187607,
13253,82.47371758430864,
13254,85.46061631360601,
13255,84.48244905998672,
13256,63.939644773906025,
13257,65.17496639583773,
13258,65.74846194681108,
13259,62.10841092938797,
13260,62.03457711692569,
13261,72.70230290935827,
13262,75.68920163865563,
13263,74.71103438503634,
13264,54.16823009895565,
13265,63.97871815867004,
13266,64.5522137096434,
13267,60.912162692220285,
13268,60.838328879758,
13269,71.50605467219059,
13270,74.49295340148795,
13271,73.51478614786866,
13272,52.97198186178796,
13273,67.58838809266283,
13274,68.16188364363617,
13275,64.52183262621307,
13276,64.44799881375079,
13277,75.11572460618336,
13278,78.10262333548073,
13279,77.12445608186144,
13280,56.58165179578074,
13281,68.05929964326285,
13282,68.6327951942362,
13283,64.99274417681309,
13284,64.91891036435081,
13285,75.58663615678338,
13286,78.57353488608075,
13287,77.59536763246146,
13288,57.05256334638076,
13289,67.38159021763306,
13290,69.19320790863486,
13291,65.02030856385949,
13292,64.94938103779822,
13293,75.73171507202807,
13294,79.05656915911948,
13295,78.34487364981584,
13296,58.03889294496355,
13297,69.96190245406962,
13298,70.51907839987524,
13299,66.9821638780918,
13300,66.91041109677934,
13301,77.27294695580565,
13302,80.17276532515962,
13303,79.22319410226902,
13304,59.26328168005864,
13305,67.15447975283081,
13306,67.70256782790864,
13307,64.22309523829546,
13308,64.15250169671413,
13309,74.34511866283356,
13310,77.19648561612627,
13311,76.26282365379961,
13312,56.62753425072822,
13313,74.9463810707881,
13314,75.51987662176145,
13315,71.87982560433835,
13316,71.80599179187607,
13317,82.47371758430864,
13318,85.46061631360601,
13319,84.48244905998672,
13320,63.939644773906025,
13321,64.4441416870711,
13322,65.01763723804444,
13323,61.37758622062134,
13324,61.303752408159056,
13325,71.97147820059163,
13326,74.958376929889,
13327,73.98020967626971,
13328,53.437405390189014,
13329,63.35494731469161,
13330,63.928442865664955,
13331,60.28839184824185,
13332,60.21455803577957,
13333,70.88228382821214,
13334,73.8691825575095,
13335,72.89101530389021,
13336,52.348211017809525,
13337,67.03806828184457,
13338,67.61156383281792,
13339,63.97151281539482,
13340,63.897679002932534,
13341,74.56540479536511,
13342,77.55230352466248,
13343,76.57413627104319,
13344,56.03133198496249,
13345,67.54420030033697,
13346,68.11769585131032,
13347,64.47764483388721,
13348,64.40381102142493,
13349,75.0715368138575,
13350,78.05843554315487,
13351,77.08026828953558,
13352,56.53746400345488,
13353,66.82899733869237,
13354,68.72923868658768,
13355,64.51821707045946,
13356,64.4474999824281,
13357,75.23772659641634,
13358,78.5867778938312,
13359,77.894287733591,
13360,57.60585569305175,
13361,69.43183943078674,
13362,69.98729378493556,
13363,66.46126050192737,
13364,66.38972730417288,
13365,76.72007225060543,
13366,79.61070980549783,
13367,78.66415323313254,
13368,58.76573526884414,
13369,66.7114806891035,
13370,67.25814157471319,
13371,63.7876904135195,
13372,63.71727894767304,
13373,73.8832133612467,
13374,76.72697401881925,
13375,75.79580952029534,
13376,56.21150190467762,
13377,74.9463810707881,
13378,75.51987662176145,
13379,71.87982560433835,
13380,71.80599179187607,
13381,82.47371758430864,
13382,85.46061631360601,
13383,84.48244905998672,
13384,63.939644773906025,
13385,68.58820399211795,
13386,69.1616995430913,
13387,65.5216485256682,
13388,65.44781471320591,
13389,76.11554050563849,
13390,79.10243923493586,
13391,78.12427198131657,
13392,57.58146769523587,
13393,66.75361860177188,
13394,67.32711415274522,
13395,63.68706313532213,
13396,63.613229322859844,
13397,74.28095511529241,
13398,77.26785384458978,
13399,76.28968659097049,
13400,55.7468823048898,
13401,70.15859712600636,
13402,70.7320926769797,
13403,67.0920416595566,
13404,67.01820784709432,
13405,77.6859336395269,
13406,80.67283236882426,
13407,79.69466511520497,
13408,59.15186082912428,
13409,70.4650152984724,
13410,71.03851084944574,
13411,67.39845983202264,
13412,67.32462601956036,
13413,77.99235181199293,
13414,80.9792505412903,
13415,80.00108328767101,
13416,59.45827900159031,
13417,69.98638350169432,
13418,71.37690747699878,
13419,67.38518233691991,
13420,67.31325943485376,
13421,78.0575080803174,
13422,81.26739987886413,
13423,80.46469521412615,
13424,60.076453317190555,
13425,72.15408492394624,
13426,72.71840919497953,
13427,69.13631635302573,
13428,69.06365192974732,
13429,79.55985834149288,
13430,82.49780815747982,
13431,81.53571551061845,
13432,61.320476191350565,
13433,68.75846031651463,
13434,69.31173145047529,
13435,65.79949742217394,
13436,65.72824270129865,
13437,76.01776622089392,
13438,78.89676272705674,
13439,77.9540286009601,
13440,58.13359532962227,
13441,72.18816316740549,
13442,73.21845499521385,
13443,69.38176256148807,
13444,69.30899389971046,
13445,80.01991913990264,
13446,83.13148058708526,
13447,82.25123489864865,
13448,61.79404690572238,
13449,50.5910652393834,
13450,51.62135706719175,
13451,47.78466463346598,
13452,47.711895971688364,
13453,58.422821211880546,
13454,61.53438265906317,
13455,60.65413697062655,
13456,40.19694897770029,
13457,50.34305543282066,
13458,51.37334726062902,
13459,47.536654826903245,
13460,47.46388616512563,
13461,58.17481140531781,
13462,61.286372852500435,
13463,60.40612716406382,
13464,39.94893917113755,
13465,55.925288221605726,
13466,56.95558004941408,
13467,53.11888761568831,
13468,53.04611895391069,
13469,63.757044194102875,
13470,66.8686056412855,
13471,65.98835995284888,
13472,45.53117195992262,
13473,56.966112218136914,
13474,57.99640404594527,
13475,54.159711612219496,
13476,54.08694295044188,
13477,64.79786819063406,
13478,67.90942963781669,
13479,67.02918394938007,
13480,46.571995956453804,
13481,56.14789962523861,
13482,59.71205743549382,
13483,54.78591843751332,
13484,54.71921862775025,
13485,65.64902485040392,
13486,69.45244174870146,
13487,69.12404457864028,
13488,49.181602110265146,
13489,56.43215717787865,
13490,57.37045212605875,
13491,53.87504986657456,
13492,53.80872003299942,
13493,63.55819704225081,
13494,66.3852896577535,
13495,65.58575428061039,
13496,46.9518457834871,
13497,56.43215717787865,
13498,57.37045212605875,
13499,53.87504986657456,
13500,53.80872003299942,
13501,63.55819704225081,
13502,66.3852896577535,
13503,65.58575428061039,
13504,46.9518457834871,
13505,72.18816316740549,
13506,73.21845499521385,
13507,69.38176256148807,
13508,69.30899389971046,
13509,80.01991913990264,
13510,83.13148058708526,
13511,82.25123489864865,
13512,61.79404690572238,
13513,72.18816316740549,
13514,73.21845499521385,
13515,69.38176256148807,
13516,69.30899389971046,
13517,80.01991913990264,
13518,83.13148058708526,
13519,82.25123489864865,
13520,61.79404690572238,
13521,68.36271107252614,
13522,69.3930029003345,
13523,65.55631046660872,
13524,65.4835418048311,
13525,76.19446704502329,
13526,79.30602849220591,
13527,78.4257828037693,
13528,57.96859481084304,
13529,72.18816316740549,
13530,73.21845499521385,
13531,69.38176256148807,
13532,69.30899389971046,
13533,80.01991913990264,
13534,83.13148058708526,
13535,82.25123489864865,
13536,61.79404690572238,
13537,72.18816316740549,
13538,73.21845499521385,
13539,69.38176256148807,
13540,69.30899389971046,
13541,80.01991913990264,
13542,83.13148058708526,
13543,82.25123489864865,
13544,61.79404690572238,
13545,72.18816316740549,
13546,73.21845499521385,
13547,69.38176256148807,
13548,69.30899389971046,
13549,80.01991913990264,
13550,83.13148058708526,
13551,82.25123489864865,
13552,61.79404690572238,
13553,72.18816316740549,
13554,73.21845499521385,
13555,69.38176256148807,
13556,69.30899389971046,
13557,80.01991913990264,
13558,83.13148058708526,
13559,82.25123489864865,
13560,61.79404690572238,
13561,72.18816316740549,
13562,73.21845499521385,
13563,69.38176256148807,
13564,69.30899389971046,
13565,80.01991913990264,
13566,83.13148058708526,
13567,82.25123489864865,
13568,61.79404690572238,
13569,72.18816316740549,
13570,73.21845499521385,
13571,69.38176256148807,
13572,69.30899389971046,
13573,80.01991913990264,
13574,83.13148058708526,
13575,82.25123489864865,
13576,61.79404690572238,
13577,55.93990553196646,
13578,56.970197359774815,
13579,53.13350492604904,
13580,53.060736264271426,
13581,63.77166150446361,
13582,66.88322295164623,
13583,66.00297726320962,
13584,45.54578927028335,
13585,55.42859152234682,
13586,56.458883350155176,
13587,52.6221909164294,
13588,52.54942225465179,
13589,63.26034749484397,
13590,66.3719089420266,
13591,65.49166325358998,
13592,45.03447526066371,
13593,59.953029405779716,
13594,60.98332123358807,
13595,57.1466287998623,
13596,57.07386013808468,
13597,67.78478537827687,
13598,70.89634682545949,
13599,70.01610113702287,
13600,49.55891314409661,
13601,60.736077966523766,
13602,61.76636979433212,
13603,57.92967736060635,
13604,57.85690869882873,
13605,68.56783393902091,
13606,71.67939538620354,
13607,70.79914969776692,
13608,50.34196170484066,
13609,59.98007165105548,
13610,62.95802602617556,
13611,58.28367217511061,
13612,58.21554208922538,
13613,69.09812174875236,
13614,72.74146094424674,
13615,72.2840088722005,
13616,52.215935742076454,
13617,61.95474666096305,
13618,62.924796105469966,
13619,59.311569507552804,
13620,59.24301621731399,
13621,69.3242699288694,
13622,72.24943921103352,
13623,71.42208126968694,
13624,52.15878441628729,
13625,61.95474666096305,
13626,62.924796105469966,
13627,59.311569507552804,
13628,59.24301621731399,
13629,69.3242699288694,
13630,72.24943921103352,
13631,71.42208126968694,
13632,52.15878441628729,
13633,72.18816316740549,
13634,73.21845499521385,
13635,69.38176256148807,
13636,69.30899389971046,
13637,80.01991913990264,
13638,83.13148058708526,
13639,82.25123489864865,
13640,61.79404690572238,
13641,62.41674849245511,
13642,63.44704032026347,
13643,59.610347886537696,
13644,59.53757922476008,
13645,70.24850446495226,
13646,73.36006591213489,
13647,72.47982022369827,
13648,52.022632230772004,
13649,61.220500255287426,
13650,62.25079208309578,
13651,58.41409964937001,
13652,58.34133098759239,
13653,69.05225622778458,
13654,72.1638176749672,
13655,71.28357198653059,
13656,50.82638399360432,
13657,64.83017018928021,
13658,65.86046201708857,
13659,62.02376958336279,
13660,61.95100092158518,
13661,72.66192616177736,
13662,75.77348760895998,
13663,74.89324192052337,
13664,54.4360539275971,
13665,65.30108173988023,
13666,66.33137356768859,
13667,62.49468113396281,
13668,62.42191247218519,
13669,73.13283771237738,
13670,76.24439915956,
13671,75.36415347112339,
13672,54.906965478197115,
13673,64.74149761409274,
13674,66.974282090553,
13675,62.62024036943609,
13676,62.55031594277591,
13677,73.36976516199564,
13678,76.80961717949015,
13679,76.18935434293832,
13680,55.96752417039869,
13681,67.28180613066303,
13682,68.28298795226311,
13683,64.55426744499073,
13684,64.4835352578387,
13685,74.89015375230485,
13686,77.91159462980465,
13687,77.0569220463496,
13688,57.17661734997364,
13689,64.51789385199766,
13690,65.50286127377393,
13691,61.83428973049638,
13692,61.76469223651429,
13693,72.0018430732656,
13694,74.97312939166568,
13695,74.1326874101037,
13696,54.5737273610784,
13697,72.18816316740549,
13698,73.21845499521385,
13699,69.38176256148807,
13700,69.30899389971046,
13701,80.01991913990264,
13702,83.13148058708526,
13703,82.25123489864865,
13704,61.79404690572238,
13705,61.68592378368848,
13706,62.716215611496835,
13707,58.87952317777106,
13708,58.80675451599345,
13709,69.51767975618563,
13710,72.62924120336825,
13711,71.74899551493164,
13712,51.29180752200537,
13713,60.59672941130899,
13714,61.62702123911735,
13715,57.790328805391574,
13716,57.71756014361396,
13717,68.42848538380613,
13718,71.54004683098876,
13719,70.65980114255214,
13720,50.20261314962588,
13721,64.27985037846196,
13722,65.31014220627031,
13723,61.47344977254454,
13724,61.400681110766925,
13725,72.11160635095911,
13726,75.22316779814173,
13727,74.34292210970511,
13728,53.88573411677885,
13729,64.78598239695435,
13730,65.81627422476271,
13731,61.97958179103693,
13732,61.90681312925931,
13733,72.6177383694515,
13734,75.72929981663412,
13735,74.84905412819751,
13736,54.391866135271236,
13737,64.19743302253232,
13738,66.51630386348114,
13739,62.125245274409224,
13740,62.055526840644404,
13741,72.88243803618911,
13742,76.34579704749513,
13743,75.74427436003526,
13744,55.53988320892864,
13745,66.75998526594947,
13746,67.75809567636486,
13747,64.04076843188159,
13748,63.970251163554224,
13749,74.34476646752125,
13750,77.35670444961744,
13751,76.50472825427516,
13752,56.68529323217922,
13753,64.08172826800075,
13754,65.0641490669326,
13755,61.40502501293321,
13756,61.335605757225665,
13757,71.54614224627312,
13758,74.50955413788023,
13759,73.67134630633802,
13760,54.16285762942522,
13761,72.18816316740549,
13762,73.21845499521385,
13763,69.38176256148807,
13764,69.30899389971046,
13765,80.01991913990264,
13766,83.13148058708526,
13767,82.25123489864865,
13768,61.79404690572238,
13769,65.82998608873534,
13770,66.8602779165437,
13771,63.02358548281792,
13772,62.950816821040306,
13773,73.66174206123249,
13774,76.77330350841511,
13775,75.8930578199785,
13776,55.43586982705223,
13777,63.99540069838927,
13778,65.02569252619762,
13779,61.18900009247185,
13780,61.116231430694235,
13781,71.82715667088641,
13782,74.93871811806903,
13783,74.05847242963242,
13784,53.60128443670616,
13785,67.40037922262374,
13786,68.4306710504321,
13787,64.59397861670632,
13788,64.52120995492871,
13789,75.23213519512089,
13790,78.34369664230351,
13791,77.4634509538669,
13792,57.00626296094064,
13793,67.70679739508978,
13794,68.73708922289813,
13795,64.90039678917236,
13796,64.82762812739475,
13797,75.53855336758693,
13798,78.65011481476955,
13799,77.76986912633294,
13800,57.31268113340667,
13801,67.30590620858743,
13802,69.12967662681001,
13803,64.9515495086062,
13804,64.88065081950975,
13805,75.664069709952,
13806,78.99224185624064,
13807,78.28317885496921,
13808,57.97959962319737,
13809,69.43976775444514,
13810,70.45370148081957,
13811,66.67768058554702,
13812,66.6060561981136,
13813,77.14596985911135,
13814,80.20687672765365,
13815,79.3410054916049,
13816,59.207986675494226,
13817,66.09705862630676,
13818,67.09127390886579,
13819,63.388395768864086,
13820,63.318151071724515,
13821,73.65195468876055,
13822,76.65184280242846,
13823,75.80328562644127,
13824,56.061045489955404,
13825,56.36948746431182,
13826,49.83597444280764,
13827,47.23921250217768,
13828,47.094293269227364,
13829,56.94067862686654,
13830,57.80785384644298,
13831,57.02859018507843,
13832,44.909469473789215,
13833,34.77238953628972,
13834,28.23887651478555,
13835,25.64211457415559,
13836,25.497195341205273,
13837,35.34358069884445,
13838,36.21075591842089,
13839,35.431492257056334,
13840,23.312371545767125,
13841,34.52437972972699,
13842,27.990866708222807,
13843,25.394104767592847,
13844,25.249185534642532,
13845,35.095570892281714,
13846,35.96274611185815,
13847,35.1834824504936,
13848,23.064361739204383,
13849,40.10661251851205,
13850,33.573099497007874,
13851,30.976337556377914,
13852,30.8314183234276,
13853,40.67780368106678,
13854,41.544978900643216,
13855,40.76571523927866,
13856,28.64659452798945,
13857,41.14743651504324,
13858,34.61392349353906,
13859,32.0171615529091,
13860,31.872242319958787,
13861,41.718627677597965,
13862,42.5858028971744,
13863,41.80653923580985,
13864,29.687418524520638,
13865,46.230245333248774,
13866,39.68321359139975,
13867,36.428260485845385,
13868,36.29295425491625,
13869,46.852244083001096,
13870,48.455893337804866,
13871,47.97737957175838,
13872,35.32538547536808,
13873,48.507605469544046,
13874,42.27918824888576,
13875,39.80204987244724,
13876,39.66377909081615,
13877,49.05184359374863,
13878,49.87801300990725,
13879,49.135602835029545,
13880,37.57883640318323,
13881,48.507605469544046,
13882,42.27918824888576,
13883,39.80204987244724,
13884,39.66377909081615,
13885,49.05184359374863,
13886,49.87801300990725,
13887,49.135602835029545,
13888,37.57883640318323,
13889,56.36948746431182,
13890,49.83597444280764,
13891,47.23921250217768,
13892,47.094293269227364,
13893,56.94067862686654,
13894,57.80785384644298,
13895,57.02859018507843,
13896,44.909469473789215,
13897,56.36948746431182,
13898,49.83597444280764,
13899,47.23921250217768,
13900,47.094293269227364,
13901,56.94067862686654,
13902,57.80785384644298,
13903,57.02859018507843,
13904,44.909469473789215,
13905,52.54403536943247,
13906,46.010522347928294,
13907,43.413760407298334,
13908,43.26884117434802,
13909,53.1152265319872,
13910,53.982401751563636,
13911,53.20313809019908,
13912,41.08401737890987,
13913,56.36948746431182,
13914,49.83597444280764,
13915,47.23921250217768,
13916,47.094293269227364,
13917,56.94067862686654,
13918,57.80785384644298,
13919,57.02859018507843,
13920,44.909469473789215,
13921,56.36948746431182,
13922,49.83597444280764,
13923,47.23921250217768,
13924,47.094293269227364,
13925,56.94067862686654,
13926,57.80785384644298,
13927,57.02859018507843,
13928,44.909469473789215,
13929,56.36948746431182,
13930,49.83597444280764,
13931,47.23921250217768,
13932,47.094293269227364,
13933,56.94067862686654,
13934,57.80785384644298,
13935,57.02859018507843,
13936,44.909469473789215,
13937,56.36948746431182,
13938,49.83597444280764,
13939,47.23921250217768,
13940,47.094293269227364,
13941,56.94067862686654,
13942,57.80785384644298,
13943,57.02859018507843,
13944,44.909469473789215,
13945,56.36948746431182,
13946,49.83597444280764,
13947,47.23921250217768,
13948,47.094293269227364,
13949,56.94067862686654,
13950,57.80785384644298,
13951,57.02859018507843,
13952,44.909469473789215,
13953,56.36948746431182,
13954,49.83597444280764,
13955,47.23921250217768,
13956,47.094293269227364,
13957,56.94067862686654,
13958,57.80785384644298,
13959,57.02859018507843,
13960,44.909469473789215,
13961,40.121229828872785,
13962,33.58771680736861,
13963,30.99095486673865,
13964,30.846035633788336,
13965,40.69242099142751,
13966,41.55959621100395,
13967,40.7803325496394,
13968,28.661211838350187,
13969,39.609915819253146,
13970,33.07640279774897,
13971,30.47964085711901,
13972,30.334721624168694,
13973,40.18110698180787,
13974,41.04828220138431,
13975,40.26901854001976,
13976,28.149897828730545,
13977,44.13435370268604,
13978,37.600840681181865,
13979,35.004078740551904,
13980,34.85915950760159,
13981,44.70554486524077,
13982,45.572720084817206,
13983,44.79345642345265,
13984,32.67433571216344,
13985,44.91740226343009,
13986,38.383889241925914,
13987,35.78712730129595,
13988,35.64220806834564,
13989,45.48859342598482,
13990,46.355768645561255,
13991,45.5765049841967,
13992,33.45738427290749,
13993,48.68280131702846,
13994,42.13776335691773,
13995,39.03720830013111,
13996,38.899612399924536,
13997,49.292905746068584,
13998,50.72245857678246,
13999,50.1724978212992,
14000,37.64481014740602,
14001,52.0736493538858,
14002,45.70773100428062,
14003,43.176665740256965,
14004,43.035397558667285,
14005,52.630032154230264,
14006,53.47467743997976,
14007,52.71566233681159,
14008,40.90542116094883,
14009,52.0736493538858,
14010,45.70773100428062,
14011,43.176665740256965,
14012,43.035397558667285,
14013,52.630032154230264,
14014,53.47467743997976,
14015,52.71566233681159,
14016,40.90542116094883,
14017,56.36948746431182,
14018,49.83597444280764,
14019,47.23921250217768,
14020,47.094293269227364,
14021,56.94067862686654,
14022,57.80785384644298,
14023,57.02859018507843,
14024,44.909469473789215,
14025,46.59807278936144,
14026,40.06455976785726,
14027,37.4677978272273,
14028,37.322878594276986,
14029,47.169263951916165,
14030,48.0364391714926,
14031,47.25717551012805,
14032,35.13805479883884,
14033,45.40182455219375,
14034,38.868311530689574,
14035,36.271549590059614,
14036,36.1266303571093,
14037,45.97301571474848,
14038,46.840190934324916,
14039,46.06092727296036,
14040,33.94180656167115,
14041,49.011494486186535,
14042,42.47798146468236,
14043,39.8812195240524,
14044,39.73630029110208,
14045,49.58268564874126,
14046,50.4498608683177,
14047,49.67059720695315,
14048,37.551476495663934,
14049,49.48240603678655,
14050,42.94889301528237,
14051,40.35213107465241,
14052,40.2072118417021,
14053,50.053597199341276,
14054,50.920772418917714,
14055,50.14150875755316,
14056,38.02238804626395,
14057,51.703463211127314,
14058,45.16199973458686,
14059,42.25581842855422,
14060,42.115371348790916,
14061,52.298571349675285,
14062,53.510146245598605,
14063,52.871044631512575,
14064,40.50048964230672,
14065,55.00050427800164,
14066,48.52063146660788,
14067,45.94489247072147,
14068,45.80114150998202,
14069,55.56695521170042,
14070,56.426918280612995,
14071,55.65413648076321,
14072,43.63386709319178,
14073,53.2634866056415,
14074,46.8513625529971,
14075,44.30218120783735,
14076,44.15990617699731,
14077,53.82395143622148,
14078,54.67480706607023,
14079,53.91021048728629,
14080,42.01480377271008,
14081,56.36948746431182,
14082,49.83597444280764,
14083,47.23921250217768,
14084,47.094293269227364,
14085,56.94067862686654,
14086,57.80785384644298,
14087,57.02859018507843,
14088,44.909469473789215,
14089,45.867248080594806,
14090,39.33373505909063,
14091,36.73697311846067,
14092,36.59205388551035,
14093,46.43843924314953,
14094,47.30561446272597,
14095,46.52635080136142,
14096,34.407230090072204,
14097,44.77805370821532,
14098,38.24454068671114,
14099,35.64777874608118,
14100,35.502859513130865,
14101,45.34924487077004,
14102,46.21642009034648,
14103,45.43715642898193,
14104,33.318035717692716,
14105,48.461174675368284,
14106,41.92766165386411,
14107,39.330899713234146,
14108,39.18598048028383,
14109,49.03236583792301,
14110,49.89954105749945,
14111,49.120277396134895,
14112,37.00115668484568,
14113,48.96730669386067,
14114,42.433793672356494,
14115,39.83703173172653,
14116,39.69211249877622,
14117,49.5384978564154,
14118,50.405673075991835,
14119,49.62640941462728,
14120,37.50728870333807,
14121,51.3597870046907,
14122,44.81785455642188,
14123,41.88932356629425,
14124,41.74920261744654,
14125,51.9566206442766,
14126,53.19319350594844,
14127,52.56429736014081,
14128,40.17564067053581,
14129,54.74925260208471,
14130,48.27920092713373,
14131,45.70731147548895,
14132,45.56377444547496,
14133,55.31483570283058,
14134,56.17347840486286,
14135,55.40188327279748,
14136,43.39971370536324,
14137,52.47648506627638,
14138,46.09494148203811,
14139,43.557749655870566,
14140,43.41614096925531,
14141,53.03424822050931,
14142,53.880993541056,
14143,53.12009105657302,
14144,41.28104906243135,
14145,56.36948746431182,
14146,49.83597444280764,
14147,47.23921250217768,
14148,47.094293269227364,
14149,56.94067862686654,
14150,57.80785384644298,
14151,57.02859018507843,
14152,44.909469473789215,
14153,50.011310385641664,
14154,43.47779736413749,
14155,40.88103542350753,
14156,40.73611619055721,
14157,50.58250154819639,
14158,51.44967676777283,
14159,50.670413106408276,
14160,38.55129239511906,
14161,48.176724995295594,
14162,41.643211973791416,
14163,39.046450033161456,
14164,38.90153080021114,
14165,48.74791615785032,
14166,49.61509137742676,
14167,48.835827716062205,
14168,36.71670700477299,
14169,51.58170351953007,
14170,45.048190498025896,
14171,42.451428557395936,
14172,42.30650932444562,
14173,52.1528946820848,
14174,53.02006990166124,
14175,52.240806240296685,
14176,40.12168552900747,
14177,51.888121691996105,
14178,45.35460867049193,
14179,42.75784672986197,
14180,42.61292749691165,
14181,52.45931285455083,
14182,53.32648807412727,
14183,52.547224412762716,
14184,40.4281037014735,
14185,53.31825272258311,
14186,46.77920691293451,
14187,43.97884577357672,
14188,43.83686035387416,
14189,53.90518713675954,
14190,54.99862912493546,
14191,54.31135883626058,
14192,42.026624311397825,
14193,55.901841203326455,
14194,49.38667610972368,
14195,46.79710477336431,
14196,46.65258512476305,
14197,56.4714108731788,
14198,57.33611900632047,
14199,56.55907261995435,
14200,44.473763659476504,
14201,56.14865959452885,
14202,49.62381382366527,
14203,47.03044854984654,
14204,46.88571806995441,
14205,56.719084782125094,
14206,57.58509457489464,
14207,56.80687833208492,
14208,44.70372960498287,
14209,62.69062696993126,
14210,56.17259241733535,
14211,54.012853422959665,
14212,53.86174311931319,
14213,63.227961347393546,
14214,63.61374235511681,
14215,62.63986603841812,
14216,50.878138828150554,
14217,41.093529041909164,
14218,34.57549448931326,
14219,32.41575549493757,
14220,32.264645191291095,
14221,41.63086341937145,
14222,42.01664442709472,
14223,41.042768110396025,
14224,29.281040900128463,
14225,40.84551923534643,
14226,34.32748468275052,
14227,32.167745688374836,
14228,32.01663538472836,
14229,41.38285361280872,
14230,41.768634620531984,
14231,40.79475830383329,
14232,29.03303109356572,
14233,46.42775202413149,
14234,39.909717471535586,
14235,37.7499784771599,
14236,37.598868173513424,
14237,46.96508640159378,
14238,47.35086740931705,
14239,46.376991092618354,
14240,34.61526388235079,
14241,47.46857602066268,
14242,40.950541468066774,
14243,38.79080247369109,
14244,38.63969217004461,
14245,48.00591039812497,
14246,48.391691405848235,
14247,47.41781508914954,
14248,35.656087878881976,
14249,52.1648664879159,
14250,45.62405778434385,
14251,42.74797701535965,
14252,42.607091384855835,
14253,52.757650260665514,
14254,53.93558441608758,
14255,53.28275586297963,
14256,40.93659362925092,
14257,54.527960402494955,
14258,48.31999095888614,
14259,46.261698829296506,
14260,46.11766235131222,
14261,55.03947229787099,
14262,55.40668943583722,
14263,54.47963681391582,
14264,43.273081798474436,
14265,54.527960402494955,
14266,48.31999095888614,
14267,46.261698829296506,
14268,46.11766235131222,
14269,55.03947229787099,
14270,55.40668943583722,
14271,54.47963681391582,
14272,43.273081798474436,
14273,62.69062696993126,
14274,56.17259241733535,
14275,54.012853422959665,
14276,53.86174311931319,
14277,63.227961347393546,
14278,63.61374235511681,
14279,62.63986603841812,
14280,50.878138828150554,
14281,62.69062696993126,
14282,56.17259241733535,
14283,54.012853422959665,
14284,53.86174311931319,
14285,63.227961347393546,
14286,63.61374235511681,
14287,62.63986603841812,
14288,50.878138828150554,
14289,58.86517487505191,
14290,52.347140322456006,
14291,50.18740132808032,
14292,50.036291024433844,
14293,59.4025092525142,
14294,59.78829026023747,
14295,58.814413943538774,
14296,47.05268673327121,
14297,62.69062696993126,
14298,56.17259241733535,
14299,54.012853422959665,
14300,53.86174311931319,
14301,63.227961347393546,
14302,63.61374235511681,
14303,62.63986603841812,
14304,50.878138828150554,
14305,62.69062696993126,
14306,56.17259241733535,
14307,54.012853422959665,
14308,53.86174311931319,
14309,63.227961347393546,
14310,63.61374235511681,
14311,62.63986603841812,
14312,50.878138828150554,
14313,62.69062696993126,
14314,56.17259241733535,
14315,54.012853422959665,
14316,53.86174311931319,
14317,63.227961347393546,
14318,63.61374235511681,
14319,62.63986603841812,
14320,50.878138828150554,
14321,62.69062696993126,
14322,56.17259241733535,
14323,54.012853422959665,
14324,53.86174311931319,
14325,63.227961347393546,
14326,63.61374235511681,
14327,62.63986603841812,
14328,50.878138828150554,
14329,62.69062696993126,
14330,56.17259241733535,
14331,54.012853422959665,
14332,53.86174311931319,
14333,63.227961347393546,
14334,63.61374235511681,
14335,62.63986603841812,
14336,50.878138828150554,
14337,62.69062696993126,
14338,56.17259241733535,
14339,54.012853422959665,
14340,53.86174311931319,
14341,63.227961347393546,
14342,63.61374235511681,
14343,62.63986603841812,
14344,50.878138828150554,
14345,46.44236933449223,
14346,39.92433478189632,
14347,37.76459578752063,
14348,37.61348548387416,
14349,46.979703711954514,
14350,47.36548471967778,
14351,46.39160840297909,
14352,34.62988119271152,
14353,45.93105532487259,
14354,39.41302077227668,
14355,37.253281777900995,
14356,37.10217147425452,
14357,46.468389702334875,
14358,46.85417071005814,
14359,45.88029439335945,
14360,34.11856718309188,
14361,50.455493208305484,
14362,43.93745865570958,
14363,41.77771966133389,
14364,41.626609357687414,
14365,50.99282758576777,
14366,51.37860859349104,
14367,50.404732276792345,
14368,38.64300506652478,
14369,51.23854176904953,
14370,44.720507216453626,
14371,42.56076822207794,
14372,42.40965791843146,
14373,51.77587614651182,
14374,52.16165715423509,
14375,51.187780837536394,
14376,39.42605362726883,
14377,54.709777637923935,
14378,48.17309858614459,
14379,45.464997367575904,
14380,45.321678366213916,
14381,55.28958072047425,
14382,56.28032709665399,
14383,55.55126096987226,
14384,43.34149596127537,
14385,58.2295104335422,
14386,51.881853062653306,
14387,49.777846081567986,
14388,49.630621715851134,
14389,58.75265321442237,
14390,59.128231605027736,
14391,58.180089004944364,
14392,46.72338292088551,
14393,58.2295104335422,
14394,51.881853062653306,
14395,49.777846081567986,
14396,49.630621715851134,
14397,58.75265321442237,
14398,59.128231605027736,
14399,58.180089004944364,
14400,46.72338292088551,
14401,62.69062696993126,
14402,56.17259241733535,
14403,54.012853422959665,
14404,53.86174311931319,
14405,63.227961347393546,
14406,63.61374235511681,
14407,62.63986603841812,
14408,50.878138828150554,
14409,52.91921229498088,
14410,46.401177742384974,
14411,44.24143874800929,
14412,44.09032844436281,
14413,53.45654667244317,
14414,53.842327680166434,
14415,52.86845136346774,
14416,41.106724153200176,
14417,51.72296405781319,
14418,45.20492950521729,
14419,43.0451905108416,
14420,42.894080207195124,
14421,52.26029843527548,
14422,52.64607944299875,
14423,51.672203126300055,
14424,39.91047591603249,
14425,55.33263399180598,
14426,48.81459943921007,
14427,46.654860444834384,
14428,46.50375014118791,
14429,55.869968369268264,
14430,56.25574937699153,
14431,55.28187306029284,
14432,43.52014585002527,
14433,55.80354554240599,
14434,49.285510989810085,
14435,47.1257719954344,
14436,46.97466169178792,
14437,56.34087991986828,
14438,56.726660927591546,
14439,55.75278461089285,
14440,43.99105740062529,
14441,57.845186113521606,
14442,51.314801709013125,
14443,48.818223129234525,
14444,48.67187225864802,
14445,58.40862314698137,
14446,59.16493896694641,
14447,58.34072747472112,
14448,46.30331953693201,
14449,61.268731201999174,
14450,54.805241342293584,
14451,52.66334131383894,
14452,52.51347478154736,
14453,61.80152162578872,
14454,62.18403583533916,
14455,61.218399155778286,
14456,49.554311236511694,
14457,59.46490220329326,
14458,53.070284782939495,
14459,50.950913844403146,
14460,50.80261816701591,
14461,59.99195593766211,
14462,60.370345933608974,
14463,59.415111626667795,
14464,47.87432480072164,
14465,62.69062696993126,
14466,56.17259241733535,
14467,54.012853422959665,
14468,53.86174311931319,
14469,63.227961347393546,
14470,63.61374235511681,
14471,62.63986603841812,
14472,50.878138828150554,
14473,52.18838758621425,
14474,45.67035303361834,
14475,43.510614039242654,
14476,43.35950373559618,
14477,52.725721963676534,
14478,53.1115029713998,
14479,52.13762665470111,
14480,40.37589944443354,
14481,51.09919321383476,
14482,44.58115866123885,
14483,42.421419666863166,
14484,42.27030936321669,
14485,51.636527591297046,
14486,52.02230859902031,
14487,51.04843228232162,
14488,39.286705072054055,
14489,54.782314180987726,
14490,48.26427962839182,
14491,46.10454063401613,
14492,45.953430330369656,
14493,55.31964855845001,
14494,55.70542956617328,
14495,54.73155324947459,
14496,42.96982603920702,
14497,55.28844619948011,
14498,48.770411646884206,
14499,46.61067265250852,
14500,46.45956234886204,
14501,55.8257805769424,
14502,56.21156158466567,
14503,55.237685267966974,
14504,43.47595805769941,
14505,57.488399022735166,
14506,50.95723113382127,
14507,48.43632809477373,
14508,48.29032412085337,
14509,58.05371918045762,
14510,58.8369232592014,
14511,58.02360621864,
14512,45.96634580643115,
14513,61.00779300737139,
14514,54.55428847307331,
14515,52.41565448603865,
14516,52.26601567512978,
14517,61.53975164936793,
14518,61.921667869732005,
14519,60.9575394701655,
14520,49.31132712911477,
14521,58.647750094248636,
14522,52.2842134873008,
14523,50.175011037911645,
14524,50.02742439340716,
14525,59.17221528807761,
14526,59.54874436363946,
14527,58.598203845017,
14528,47.11306558405744,
14529,62.69062696993126,
14530,56.17259241733535,
14531,54.012853422959665,
14532,53.86174311931319,
14533,63.227961347393546,
14534,63.61374235511681,
14535,62.63986603841812,
14536,50.878138828150554,
14537,56.332449891261106,
14538,49.8144153386652,
14539,47.65467634428951,
14540,47.50356604064304,
14541,56.86978426872339,
14542,57.25556527644666,
14543,56.28168895974797,
14544,44.5199617494804,
14545,54.497864500915036,
14546,47.97982994831913,
14547,45.82009095394344,
14548,45.668980650296966,
14549,55.03519887837732,
14550,55.42097988610059,
14551,54.4471035694019,
14552,42.68537635913433,
14553,57.902843025149515,
14554,51.38480847255361,
14555,49.22506947817792,
14556,49.073959174531446,
14557,58.4401774026118,
14558,58.82595841033507,
14559,57.852082093636376,
14560,46.09035488336881,
14561,58.20926119761555,
14562,51.69122664501964,
14563,49.53148765064395,
14564,49.38037734699748,
14565,58.74659557507783,
14566,59.1323765828011,
14567,58.15850026610241,
14568,46.39677305583484,
14569,59.52176923384292,
14570,52.99529766705086,
14571,50.61389986382943,
14572,50.46591236404839,
14573,60.076285785440916,
14574,60.705523481602484,
14575,59.82988600839184,
14576,47.88658896703072,
14577,62.204880223402085,
14578,55.705504450885144,
14579,53.55186752291769,
14580,53.40118266244082,
14581,62.74066012622933,
14582,63.12532356444939,
14583,62.154266011885966,
14584,50.425938385361064,
14585,62.46124854980002,
14586,55.95202827928114,
14587,53.795171817268624,
14588,53.64426248633998,
14589,62.997848595108394,
14590,63.383101663364016,
14591,62.410556928586914,
14592,50.66460731437485,
14593,58.24716366905335,
14594,51.71768266388011,
14595,49.24858792693709,
14596,49.10184563881444,
14597,58.80847266856978,
14598,59.53442949855474,
14599,58.697922921483496,
14600,46.68295553068896,
14601,36.650065741031256,
14602,30.12058473585802,
14603,27.651489998915,
14604,27.504747710792348,
14605,37.21137474054768,
14606,37.93733157053265,
14607,37.1008249934614,
14608,25.085857602666866,
14609,36.40205593446852,
14610,29.87257492929528,
14611,27.40348019235226,
14612,27.256737904229606,
14613,36.96336493398495,
14614,37.689321763969915,
14615,36.85281518689867,
14616,24.837847796104125,
14617,41.984288723253584,
14618,35.454807718080346,
14619,32.985712981137326,
14620,32.83897069301467,
14621,42.54559772277001,
14622,43.27155455275498,
14623,42.43504797568373,
14624,30.42008058488919,
14625,43.02511271978477,
14626,36.495631714611534,
14627,34.02653697766851,
14628,33.87979468954586,
14629,43.5864217193012,
14630,44.312378549286166,
14631,43.47587197221492,
14632,31.46090458142038,
14633,47.993838699301136,
14634,41.448158444883234,
14635,38.30392140383253,
14636,38.16697099222927,
14637,48.607309924069284,
14638,50.086030728303854,
14639,49.556224862056354,
14640,36.99332071742134,
14641,50.29650976046912,
14642,44.07363062956921,
14643,41.71894209822983,
14644,41.57897263684305,
14645,50.831187030466594,
14646,51.522635853494364,
14647,50.72588583588271,
14648,39.27129645221356,
14649,50.29650976046912,
14650,44.07363062956921,
14651,41.71894209822983,
14652,41.57897263684305,
14653,50.831187030466594,
14654,51.522635853494364,
14655,50.72588583588271,
14656,39.27129645221356,
14657,58.24716366905335,
14658,51.71768266388011,
14659,49.24858792693709,
14660,49.10184563881444,
14661,58.80847266856978,
14662,59.53442949855474,
14663,58.697922921483496,
14664,46.68295553068896,
14665,58.24716366905335,
14666,51.71768266388011,
14667,49.24858792693709,
14668,49.10184563881444,
14669,58.80847266856978,
14670,59.53442949855474,
14671,58.697922921483496,
14672,46.68295553068896,
14673,54.421711574174005,
14674,47.892230569000766,
14675,45.423135832057746,
14676,45.27639354393509,
14677,54.98302057369043,
14678,55.7089774036754,
14679,54.87247082660415,
14680,42.85750343580961,
14681,58.24716366905335,
14682,51.71768266388011,
14683,49.24858792693709,
14684,49.10184563881444,
14685,58.80847266856978,
14686,59.53442949855474,
14687,58.697922921483496,
14688,46.68295553068896,
14689,58.24716366905335,
14690,51.71768266388011,
14691,49.24858792693709,
14692,49.10184563881444,
14693,58.80847266856978,
14694,59.53442949855474,
14695,58.697922921483496,
14696,46.68295553068896,
14697,58.24716366905335,
14698,51.71768266388011,
14699,49.24858792693709,
14700,49.10184563881444,
14701,58.80847266856978,
14702,59.53442949855474,
14703,58.697922921483496,
14704,46.68295553068896,
14705,58.24716366905335,
14706,51.71768266388011,
14707,49.24858792693709,
14708,49.10184563881444,
14709,58.80847266856978,
14710,59.53442949855474,
14711,58.697922921483496,
14712,46.68295553068896,
14713,58.24716366905335,
14714,51.71768266388011,
14715,49.24858792693709,
14716,49.10184563881444,
14717,58.80847266856978,
14718,59.53442949855474,
14719,58.697922921483496,
14720,46.68295553068896,
14721,58.24716366905335,
14722,51.71768266388011,
14723,49.24858792693709,
14724,49.10184563881444,
14725,58.80847266856978,
14726,59.53442949855474,
14727,58.697922921483496,
14728,46.68295553068896,
14729,41.99890603361432,
14730,35.46942502844108,
14731,33.00033029149806,
14732,32.85358800337541,
14733,42.560215033130746,
14734,43.28617186311571,
14735,42.449665286044464,
14736,30.43469789524993,
14737,41.48759202399468,
14738,34.95811101882144,
14739,32.48901628187842,
14740,32.34227399375577,
14741,42.04890102351111,
14742,42.77485785349607,
14743,41.938351276424825,
14744,29.923383885630287,
14745,46.012029907427575,
14746,39.48254890225434,
14747,37.013454165311316,
14748,36.86671187718866,
14749,46.573338906944,
14750,47.29929573692897,
14751,46.46278915985772,
14752,34.44782176906318,
14753,46.795078468171624,
14754,40.265597462998386,
14755,37.796502726055365,
14756,37.64976043793271,
14757,47.35638746768805,
14758,48.08234429767302,
14759,47.24583772060177,
14760,35.23087032980723,
14761,50.47366027288513,
14762,43.93059242375051,
14763,40.94471381352406,
14764,40.80543169280685,
14765,51.074920048773265,
14766,52.375713264018884,
14767,51.77305558246661,
14768,39.33799091483985,
14769,53.902551512349476,
14770,47.541507995680206,
14771,45.135250576978194,
14772,44.99222800810708,
14773,54.44922733976347,
14774,55.156222670774525,
14775,54.3415615142373,
14776,42.63441411117026,
14777,53.902551512349476,
14778,47.541507995680206,
14779,45.135250576978194,
14780,44.99222800810708,
14781,54.44922733976347,
14782,55.156222670774525,
14783,54.3415615142373,
14784,42.63441411117026,
14785,58.24716366905335,
14786,51.71768266388011,
14787,49.24858792693709,
14788,49.10184563881444,
14789,58.80847266856978,
14790,59.53442949855474,
14791,58.697922921483496,
14792,46.68295553068896,
14793,48.47574899410297,
14794,41.94626798892973,
14795,39.47717325198671,
14796,39.33043096386406,
14797,49.0370579936194,
14798,49.763014823604365,
14799,48.92650824653312,
14800,36.91154085573858,
14801,47.279500756935285,
14802,40.750019751762046,
14803,38.280925014819026,
14804,38.13418272669637,
14805,47.84080975645171,
14806,48.56676658643668,
14807,47.73026000936543,
14808,35.71529261857089,
14809,50.88917069092807,
14810,44.35968968575483,
14811,41.89059494881181,
14812,41.74385266068916,
14813,51.450479690444496,
14814,52.17643652042946,
14815,51.339929943358214,
14816,39.324962552563676,
14817,51.36008224152808,
14818,44.830601236354845,
14819,42.361506499411824,
14820,42.21476421128917,
14821,51.92139124104451,
14822,52.64734807102948,
14823,51.81084149395823,
14824,39.79587410316369,
14825,53.528192559684214,
14826,46.9894870188661,
14827,44.20298163326305,
14828,44.06079548671789,
14829,54.11405626912,
14830,55.1920576410086,
14831,54.49849860325895,
14832,42.2250146255476,
14833,56.862567261349,
14834,50.38700030339595,
14835,47.938015093930574,
14836,47.79246314696553,
14837,57.419191757572605,
14838,58.13907830364957,
14839,57.30956524590289,
14840,45.393116925271045,
14841,55.10583329809157,
14842,48.69835547026082,
14843,46.27477189869978,
14844,46.130723632713796,
14845,55.65654253833367,
14846,56.36876417534563,
14847,55.54808181110218,
14848,43.75606729584308,
14849,58.24716366905335,
14850,51.71768266388011,
14851,49.24858792693709,
14852,49.10184563881444,
14853,58.80847266856978,
14854,59.53442949855474,
14855,58.697922921483496,
14856,46.68295553068896,
14857,47.74492428533634,
14858,41.2154432801631,
14859,38.74634854322008,
14860,38.59960625509743,
14861,48.306233284852766,
14862,49.03219011483773,
14863,48.195683537766485,
14864,36.180716146971946,
14865,46.65572991295685,
14866,40.12624890778361,
14867,37.65715417084059,
14868,37.51041188271794,
14869,47.21703891247328,
14870,47.942995742458244,
14871,47.106489165386996,
14872,35.09152177459246,
14873,50.33885088010982,
14874,43.80936987493658,
14875,41.34027513799356,
14876,41.193532849870905,
14877,50.900159879626244,
14878,51.62611670961121,
14879,50.78961013253996,
14880,38.774642741745424,
14881,50.844982898602204,
14882,44.315501893428966,
14883,41.846407156485945,
14884,41.69966486836329,
14885,51.40629189811863,
14886,52.1322487281036,
14887,51.29574215103235,
14888,39.28077476023781,
14889,53.18064665843451,
14890,46.64138105745343,
14891,43.8319503400495,
14892,43.690096396967874,
14893,53.768281868244856,
14894,54.87183423904867,
14895,54.18868265957536,
14896,41.896585509843305,
14897,56.608457185558166,
14898,50.14276108612472,
14899,47.69745800320294,
14900,47.552124018361724,
14901,57.16422408693688,
14902,57.882999358494544,
14903,57.054766591679254,
14904,45.15635655996488,
14905,54.309933512160455,
14906,47.93318777436667,
14907,45.52107105841401,
14908,45.37770161796715,
14909,54.857973225513945,
14910,55.56673580318636,
14911,54.75003860711979,
14912,43.01419184347634,
14913,58.24716366905335,
14914,51.71768266388011,
14915,49.24858792693709,
14916,49.10184563881444,
14917,58.80847266856978,
14918,59.53442949855474,
14919,58.697922921483496,
14920,46.68295553068896,
14921,51.8889865903832,
14922,45.35950558520996,
14923,42.89041084826694,
14924,42.743668560144286,
14925,52.450295589899625,
14926,53.17625241988459,
14927,52.33974584281334,
14928,40.324778452018805,
14929,50.05440120003713,
14930,43.52492019486389,
14931,41.05582545792087,
14932,40.909083169798215,
14933,50.615710199553554,
14934,51.34166702953852,
14935,50.50516045246727,
14936,38.490193061672734,
14937,53.45937972427161,
14938,46.92989871909837,
14939,44.46080398215535,
14940,44.314061694032695,
14941,54.020688723788034,
14942,54.746645553773,
14943,53.91013897670175,
14944,41.895171585907214,
14945,53.76579789673764,
14946,47.2363168915644,
14947,44.76722215462138,
14948,44.62047986649873,
14949,54.327106896254065,
14950,55.05306372623903,
14951,54.216557149167784,
14952,42.201589758373245,
14953,55.16121943524746,
14954,48.625364581470876,
14955,45.94740775550309,
14956,45.8036545290139,
14957,55.738691508651186,
14958,56.69594309814522,
14959,55.95326049756147,
14960,43.768018813128435,
14961,57.774176541350585,
14962,51.26313756278864,
14963,48.80092117498907,
14964,48.654586029635084,
14965,58.33388307290858,
14966,59.05776337252513,
14967,58.223649145713296,
14968,46.242380580888096,
14969,58.02381282813633,
14970,51.50304358005491,
14971,49.03719802973035,
14972,48.89064806637981,
14973,58.5843648349379,
14974,59.30934072686324,
14975,58.47396427869131,
14976,46.474915622040044,
14977,43.671574512130405,
14978,45.495007531529154,
14979,40.912672496159644,
14980,40.826476437338954,
14981,55.929482387350845,
14982,60.034491730624495,
14983,59.483841399943856,
14984,40.539384945741176,
14985,22.074476584108314,
14986,23.897909603507063,
14987,19.315574568137553,
14988,19.229378509316863,
14989,34.33238445932875,
14990,38.4373938026024,
14991,37.88674347192176,
14992,18.942287017719085,
14993,21.826466777545573,
14994,23.64989979694432,
14995,19.06756476157481,
14996,18.98136870275412,
14997,34.084374652766016,
14998,38.189383996039666,
14999,37.63873366535903,
15000,18.694277211156344,
15001,27.40869956633064,
15002,29.23213258572939,
15003,24.649797550359878,
15004,24.56360149153919,
15005,39.66660744155108,
15006,43.77161678482473,
15007,43.22096645414409,
15008,24.27650999994141,
15009,28.449523562861827,
15010,30.272956582260576,
15011,25.690621546891066,
15012,25.604425488070376,
15013,40.70743143808227,
15014,44.81244078135592,
15015,44.26179045067528,
15016,25.3173339964726,
15017,29.924077572832914,
15018,31.580761372218262,
15019,27.27415330108039,
15020,27.195280069906403,
15021,43.23263693538274,
15022,48.08535611313073,
15023,47.97791465900326,
15024,28.078733224466077,
15025,31.101843147620514,
15026,32.783074956366136,
15027,28.55663511195695,
15028,28.47708712811425,
15029,42.38906743874037,
15030,46.16127830499107,
15031,45.65549469624489,
15032,28.212125857036256,
15033,31.101843147620514,
15034,32.783074956366136,
15035,28.55663511195695,
15036,28.47708712811425,
15037,42.38906743874037,
15038,46.16127830499107,
15039,45.65549469624489,
15040,28.212125857036256,
15041,43.671574512130405,
15042,45.495007531529154,
15043,40.912672496159644,
15044,40.826476437338954,
15045,55.929482387350845,
15046,60.034491730624495,
15047,59.483841399943856,
15048,40.539384945741176,
15049,43.671574512130405,
15050,45.495007531529154,
15051,40.912672496159644,
15052,40.826476437338954,
15053,55.929482387350845,
15054,60.034491730624495,
15055,59.483841399943856,
15056,40.539384945741176,
15057,39.84612241725106,
15058,41.66955543664981,
15059,37.0872204012803,
15060,37.00102434245961,
15061,52.1040302924715,
15062,56.20903963574515,
15063,55.65838930506451,
15064,36.71393285086183,
15065,43.671574512130405,
15066,45.495007531529154,
15067,40.912672496159644,
15068,40.826476437338954,
15069,55.929482387350845,
15070,60.034491730624495,
15071,59.483841399943856,
15072,40.539384945741176,
15073,43.671574512130405,
15074,45.495007531529154,
15075,40.912672496159644,
15076,40.826476437338954,
15077,55.929482387350845,
15078,60.034491730624495,
15079,59.483841399943856,
15080,40.539384945741176,
15081,43.671574512130405,
15082,45.495007531529154,
15083,40.912672496159644,
15084,40.826476437338954,
15085,55.929482387350845,
15086,60.034491730624495,
15087,59.483841399943856,
15088,40.539384945741176,
15089,43.671574512130405,
15090,45.495007531529154,
15091,40.912672496159644,
15092,40.826476437338954,
15093,55.929482387350845,
15094,60.034491730624495,
15095,59.483841399943856,
15096,40.539384945741176,
15097,43.671574512130405,
15098,45.495007531529154,
15099,40.912672496159644,
15100,40.826476437338954,
15101,55.929482387350845,
15102,60.034491730624495,
15103,59.483841399943856,
15104,40.539384945741176,
15105,43.671574512130405,
15106,45.495007531529154,
15107,40.912672496159644,
15108,40.826476437338954,
15109,55.929482387350845,
15110,60.034491730624495,
15111,59.483841399943856,
15112,40.539384945741176,
15113,27.423316876691377,
15114,29.246749896090126,
15115,24.664414860720616,
15116,24.578218801899926,
15117,39.68122475191181,
15118,43.78623409518546,
15119,43.235583764504824,
15120,24.291127310302148,
15121,26.912002867071735,
15122,28.735435886470484,
15123,24.153100851100973,
15124,24.066904792280283,
15125,39.169910742292174,
15126,43.274920085565824,
15127,42.724269754885185,
15128,23.779813300682505,
15129,31.43644075050463,
15130,33.25987376990338,
15131,28.67753873453387,
15132,28.59134267571318,
15133,43.69434862572507,
15134,47.79935796899872,
15135,47.24870763831808,
15136,28.3042511841154,
15137,32.21948931124868,
15138,34.04292233064743,
15139,29.460587295277918,
15140,29.374391236457228,
15141,44.47739718646912,
15142,48.58240652974277,
15143,48.03175619906213,
15144,29.08729974485945,
15145,33.21649111627539,
15146,34.91238140976645,
15147,30.540378791538956,
15148,30.459781440550728,
15149,46.28503953102427,
15150,50.96417250287334,
15151,50.752729536577704,
15152,31.07165448964588,
15153,35.61234721951962,
15154,37.34393857344094,
15155,32.99143991670286,
15156,32.90953650131405,
15157,47.24311287494595,
15158,51.13299021310263,
15159,50.61134663983853,
15160,32.63673425337771,
15161,35.61234721951962,
15162,37.34393857344094,
15163,32.99143991670286,
15164,32.90953650131405,
15165,47.24311287494595,
15166,51.13299021310263,
15167,50.61134663983853,
15168,32.63673425337771,
15169,43.671574512130405,
15170,45.495007531529154,
15171,40.912672496159644,
15172,40.826476437338954,
15173,55.929482387350845,
15174,60.034491730624495,
15175,59.483841399943856,
15176,40.539384945741176,
15177,33.90015983718003,
15178,35.723592856578776,
15179,31.141257821209265,
15180,31.055061762388576,
15181,46.15806771240047,
15182,50.26307705567412,
15183,49.71242672499348,
15184,30.767970270790798,
15185,32.70391160001234,
15186,34.52734461941109,
15187,29.94500958404158,
15188,29.85881352522089,
15189,44.96181947523278,
15190,49.06682881850643,
15191,48.51617848782579,
15192,29.57172203362311,
15193,36.313581534005124,
15194,38.13701455340387,
15195,33.55467951803436,
15196,33.46848345921367,
15197,48.57148940922556,
15198,52.676498752499214,
15199,52.125848421818574,
15200,33.181391967615895,
15201,36.78449308460514,
15202,38.60792610400389,
15203,34.02559106863438,
15204,33.93939500981369,
15205,49.04240095982558,
15206,53.14741030309923,
15207,52.59675997241859,
15208,33.65230351821591,
15209,37.30026186788882,
15210,39.04541973245131,
15211,34.59174466885304,
15212,34.50898285753516,
15213,50.06092613098832,
15214,54.51992021557743,
15215,54.17758539798831,
15216,34.77632382112586,
15217,39.89293148720333,
15218,41.673006534768774,
15219,37.19916657363518,
15220,37.11499657092298,
15221,51.85466995664211,
15222,55.85803013591283,
15223,55.321086944257104,
15224,36.83464928398536,
15225,37.70172135110221,
15226,39.45689373147741,
15227,35.045375607003166,
15228,34.96236965639525,
15229,49.493434569695864,
15230,53.43848230321464,
15231,52.90940115725925,
15232,34.685897255465136,
15233,43.671574512130405,
15234,45.495007531529154,
15235,40.912672496159644,
15236,40.826476437338954,
15237,55.929482387350845,
15238,60.034491730624495,
15239,59.483841399943856,
15240,40.539384945741176,
15241,33.169335128413394,
15242,34.99276814781214,
15243,30.410433112442636,
15244,30.324237053621946,
15245,45.42724300363383,
15246,49.532252346907484,
15247,48.981602016226844,
15248,30.03714556202417,
15249,32.080140756033906,
15250,33.903573775432655,
15251,29.321238740063144,
15252,29.235042681242454,
15253,44.338048631254345,
15254,48.443057974527996,
15255,47.892407643847356,
15256,28.947951189644677,
15257,35.76326172318687,
15258,37.58669474258562,
15259,33.00435970721611,
15260,32.91816364839542,
15261,48.02116959840731,
15262,52.12617894168096,
15263,51.57552861100032,
15264,32.63107215679764,
15265,36.26939374167926,
15266,38.09282676107801,
15267,33.5104917257085,
15268,33.42429566688781,
15269,48.5273016168997,
15270,52.63231096017335,
15271,52.08166062949271,
15272,33.13720417529003,
15273,36.834022162184795,
15274,38.573519501492854,
15275,34.12920024311154,
15276,34.04668699809571,
15277,49.63040605497196,
15278,54.11480172043315,
15279,53.787515619409646,
15280,34.35379177124838,
15281,39.47820607732956,
15282,41.253554318167005,
15283,36.79154331239732,
15284,36.707594238127,
15285,51.40766734623912,
15286,55.39995523647775,
15287,54.86450494958831,
15288,36.42798237212821,
15289,37.2701641887175,
15290,39.02045280074577,
15291,34.62115753700027,
15292,34.538379906891294,
15293,49.02853989758944,
15294,52.962157735033486,
15295,52.4346175315319,
15296,34.26266754271779,
15297,43.671574512130405,
15298,45.495007531529154,
15299,40.912672496159644,
15300,40.826476437338954,
15301,55.929482387350845,
15302,60.034491730624495,
15303,59.483841399943856,
15304,40.539384945741176,
15305,37.31339743346025,
15306,39.136830452859,
15307,34.55449541748949,
15308,34.4682993586688,
15309,49.57130530868069,
15310,53.67631465195434,
15311,53.1256643212737,
15312,34.18120786707102,
15313,35.47881204311418,
15314,37.30224506251293,
15315,32.71991002714342,
15316,32.63371396832273,
15317,47.73671991833462,
15318,51.84172926160827,
15319,51.29107893092763,
15320,32.34662247672495,
15321,38.88379056734866,
15322,40.70722358674741,
15323,36.1248885513779,
15324,36.03869249255721,
15325,51.1416984425691,
15326,55.24670778584275,
15327,54.69605745516211,
15328,35.75160100095943,
15329,39.19020873981469,
15330,41.01364175921344,
15331,36.43130672384393,
15332,36.34511066502324,
15333,51.44811661503513,
15334,55.55312595830878,
15335,55.002475627628144,
15336,36.058019173425464,
15337,39.49648670210121,
15338,41.268432286785355,
15339,36.77057794524467,
15340,36.686640226182135,
15341,52.08692589620006,
15342,56.42534048354105,
15343,56.01175806562924,
15344,36.76518898706638,
15345,41.59089741355899,
15346,43.390390827668114,
15347,38.86795801591387,
15348,38.78288051554978,
15349,53.68525702905981,
15350,57.73412293601376,
15351,57.19104374844966,
15352,38.49951239148612,
15353,39.26652979603665,
15354,41.039467905768674,
15355,36.583488392695756,
15356,36.49965197059396,
15357,51.17953419143407,
15358,55.16617718780179,
15359,54.63148800362694,
15360,36.2204150989038,
15361,48.93051284305926,
15362,50.819850070863026,
15363,46.130180489418024,
15364,46.04109710559413,
15365,60.75298234866892,
15366,64.55628901910029,
15367,63.83000902509218,
15368,45.28091354339318,
15369,27.33341491503717,
15370,29.222752142840935,
15371,24.533082561395933,
15372,24.443999177572042,
15373,39.15588442064683,
15374,42.959191091078196,
15375,42.23291109707009,
15376,23.683815615371092,
15377,27.08540510847443,
15378,28.974742336278194,
15379,24.28507275483319,
15380,24.1959893710093,
15381,38.90787461408409,
15382,42.71118128451546,
15383,41.98490129050735,
15384,23.43580580880835,
15385,32.667637897259496,
15386,34.55697512506326,
15387,29.867305543618258,
15388,29.778222159794367,
15389,44.49010740286916,
15390,48.293414073300525,
15391,47.567134079292416,
15392,29.018038597593417,
15393,33.708461893790684,
15394,35.59779912159445,
15395,30.908129540149446,
15396,30.819046156325555,
15397,45.530931399400345,
15398,49.33423806983171,
15399,48.6079580758236,
15400,30.058862594124605,
15401,34.73306311915189,
15402,36.447167290269704,
15403,32.044906698249065,
15404,31.963508893284825,
15405,47.6885880080269,
15406,52.28659021257772,
15407,52.026781471064965,
15408,32.448425322456785,
15409,35.948576235263374,
15410,37.68826645103002,
15411,33.36853342452332,
15412,33.286428140833095,
15413,46.82112199404287,
15414,50.312010386641646,
15415,49.64564605144278,
15416,32.58571695421148,
15417,35.948576235263374,
15418,37.68826645103002,
15419,33.36853342452332,
15420,33.286428140833095,
15421,46.82112199404287,
15422,50.312010386641646,
15423,49.64564605144278,
15424,32.58571695421148,
15425,48.93051284305926,
15426,50.819850070863026,
15427,46.130180489418024,
15428,46.04109710559413,
15429,60.75298234866892,
15430,64.55628901910029,
15431,63.83000902509218,
15432,45.28091354339318,
15433,48.93051284305926,
15434,50.819850070863026,
15435,46.130180489418024,
15436,46.04109710559413,
15437,60.75298234866892,
15438,64.55628901910029,
15439,63.83000902509218,
15440,45.28091354339318,
15441,45.105060748179916,
15442,46.99439797598368,
15443,42.30472839453868,
15444,42.21564501071479,
15445,56.92753025378958,
15446,60.730836924220945,
15447,60.004556930212836,
15448,41.45546144851384,
15449,48.93051284305926,
15450,50.819850070863026,
15451,46.130180489418024,
15452,46.04109710559413,
15453,60.75298234866892,
15454,64.55628901910029,
15455,63.83000902509218,
15456,45.28091354339318,
15457,48.93051284305926,
15458,50.819850070863026,
15459,46.130180489418024,
15460,46.04109710559413,
15461,60.75298234866892,
15462,64.55628901910029,
15463,63.83000902509218,
15464,45.28091354339318,
15465,48.93051284305926,
15466,50.819850070863026,
15467,46.130180489418024,
15468,46.04109710559413,
15469,60.75298234866892,
15470,64.55628901910029,
15471,63.83000902509218,
15472,45.28091354339318,
15473,48.93051284305926,
15474,50.819850070863026,
15475,46.130180489418024,
15476,46.04109710559413,
15477,60.75298234866892,
15478,64.55628901910029,
15479,63.83000902509218,
15480,45.28091354339318,
15481,48.93051284305926,
15482,50.819850070863026,
15483,46.130180489418024,
15484,46.04109710559413,
15485,60.75298234866892,
15486,64.55628901910029,
15487,63.83000902509218,
15488,45.28091354339318,
15489,48.93051284305926,
15490,50.819850070863026,
15491,46.130180489418024,
15492,46.04109710559413,
15493,60.75298234866892,
15494,64.55628901910029,
15495,63.83000902509218,
15496,45.28091354339318,
15497,32.68225520762023,
15498,34.571592435423995,
15499,29.881922853978995,
15500,29.792839470155105,
15501,44.50472471322989,
15502,48.30803138366126,
15503,47.58175138965315,
15504,29.032655907954155,
15505,32.17094119800059,
15506,34.060278425804356,
15507,29.370608844359353,
15508,29.281525460535462,
15509,43.99341070361025,
15510,47.79671737404162,
15511,47.07043738003351,
15512,28.521341898334512,
15513,36.69537908143349,
15514,38.58471630923725,
15515,33.89504672779225,
15516,33.80596334396836,
15517,48.51784858704315,
15518,52.321155257474516,
15519,51.594875263466406,
15520,33.04577978176741,
15521,37.478427642177536,
15522,39.3677648699813,
15523,34.6780952885363,
15524,34.58901190471241,
15525,49.3008971477872,
15526,53.104203818218565,
15527,52.377923824210455,
15528,33.82882834251146,
15529,38.13137520548389,
15530,39.88664627963266,
15531,35.41627362516169,
15532,35.33306779412527,
15533,50.82800308927085,
15534,55.241545778191096,
15535,54.87231868583325,
15536,35.52925241323959,
15537,40.60502928296091,
15538,42.39768185306815,
15539,37.947000445232504,
15540,37.8624243680278,
15541,51.81356344279709,
15542,55.41484989643561,
15543,54.727317338671924,
15544,37.1406542201467,
15545,40.60502928296091,
15546,42.39768185306815,
15547,37.947000445232504,
15548,37.8624243680278,
15549,51.81356344279709,
15550,55.41484989643561,
15551,54.727317338671924,
15552,37.1406542201467,
15553,48.93051284305926,
15554,50.819850070863026,
15555,46.130180489418024,
15556,46.04109710559413,
15557,60.75298234866892,
15558,64.55628901910029,
15559,63.83000902509218,
15560,45.28091354339318,
15561,39.15909816810888,
15562,41.04843539591265,
15563,36.358765814467645,
15564,36.269682430643755,
15565,50.981567673718544,
15566,54.78487434414991,
15567,54.0585943501418,
15568,35.509498868442805,
15569,37.962849930941196,
15570,39.85218715874496,
15571,35.16251757729996,
15572,35.07343419347607,
15573,49.78531943655086,
15574,53.588626106982225,
15575,52.862346112974116,
15576,34.31325063127512,
15577,41.57251986493398,
15578,43.461857092737745,
15579,38.77218751129274,
15580,38.68310412746885,
15581,53.39498937054364,
15582,57.19829604097501,
15583,56.4720160469669,
15584,37.9229205652679,
15585,42.043431415533995,
15586,43.93276864333776,
15587,39.24309906189276,
15588,39.154015678068866,
15589,53.865900921143655,
15590,57.669207591575024,
15591,56.942927597566914,
15592,38.393832115867916,
15593,42.34812645560345,
15594,44.15515872204543,
15595,39.59967313678192,
15596,39.514196191711505,
15597,54.71270679848152,
15598,58.89229258407073,
15599,58.38531974118928,
15600,39.343962874650856,
15601,45.02615785111914,
15602,46.869835406948994,
15603,42.293018832541634,
15604,42.20606352774587,
15605,56.55860217640088,
15606,60.26642667318549,
15607,59.558461922908464,
15608,41.464015979641715,
15609,42.76275611134815,
15610,44.58022140340944,
15611,40.06819945353311,
15612,39.982466247878676,
15613,54.12877731211512,
15614,57.78184996524067,
15615,57.08438619153111,
15616,39.250834124635674,
15617,48.93051284305926,
15618,50.819850070863026,
15619,46.130180489418024,
15620,46.04109710559413,
15621,60.75298234866892,
15622,64.55628901910029,
15623,63.83000902509218,
15624,45.28091354339318,
15625,38.42827345934225,
15626,40.317610687146015,
15627,35.62794110570101,
15628,35.53885772187712,
15629,50.25074296495191,
15630,54.05404963538328,
15631,53.32776964137517,
15632,34.77867415967617,
15633,37.33907908696276,
15634,39.22841631476653,
15635,34.538746733321524,
15636,34.449663349497634,
15637,49.16154859257242,
15638,52.96485526300379,
15639,52.23857526899568,
15640,33.68947978729668,
15641,41.02220005411573,
15642,42.91153728191949,
15643,38.22186770047449,
15644,38.1327843166506,
15645,52.84466955972539,
15646,56.64797623015676,
15647,55.92169623614865,
15648,37.37260075444965,
15649,41.528332072608116,
15650,43.41766930041188,
15651,38.72799971896688,
15652,38.63891633514299,
15653,53.35080157821778,
15654,57.154108248649145,
15655,56.427828254641035,
15656,37.87873277294204,
15657,41.86661329786318,
15658,43.66769684429386,
15659,39.121963794062594,
15660,39.036747737431085,
15661,54.26971360300405,
15662,58.47629715112424,
15663,57.98516308820729,
15664,38.90881141401536,
15665,44.59772903565806,
15666,46.43643051078567,
15667,41.87191395598262,
15668,41.78519062860158,
15669,56.098575763618385,
15670,59.796002768251185,
15671,59.0900322568682,
15672,41.04512010189188,
15673,42.31704210261938,
15674,44.129367862504125,
15675,39.63005112136227,
15676,39.54455757267084,
15677,53.65043851999735,
15678,57.292781158808225,
15679,56.597375194445874,
15680,38.814967976556886,
15681,48.93051284305926,
15682,50.819850070863026,
15683,46.130180489418024,
15684,46.04109710559413,
15685,60.75298234866892,
15686,64.55628901910029,
15687,63.83000902509218,
15688,45.28091354339318,
15689,42.57233576438911,
15690,44.461672992192874,
15691,39.77200341074787,
15692,39.68292002692398,
15693,54.39480526999877,
15694,58.19811194043014,
15695,57.47183194642203,
15696,38.92273646472303,
15697,40.73775037404304,
15698,42.6270876018468,
15699,37.9374180204018,
15700,37.84833463657791,
15701,52.5602198796527,
15702,56.36352655008407,
15703,55.63724655607596,
15704,37.08815107437696,
15705,44.14272889827752,
15706,46.03206612608128,
15707,41.34239654463628,
15708,41.25331316081239,
15709,55.96519840388718,
15710,59.76850507431855,
15711,59.04222508031044,
15712,40.49312959861144,
15713,44.44914707074355,
15714,46.338484298547314,
15715,41.64881471710231,
15716,41.55973133327842,
15717,56.27161657635321,
15718,60.07492324678458,
15719,59.34864325277647,
15720,40.79954777107747,
15721,44.61661329881349,
15722,46.45180305479903,
15723,41.85025567718361,
15724,41.76354427249646,
15725,56.79763232126669,
15726,60.84905517834005,
15727,60.26708693269035,
15728,41.392465765226405,
15729,46.78042230176976,
15730,48.64454569292059,
15731,44.01719274139248,
15732,43.92928439654236,
15733,58.44271606266528,
15734,62.193279257682605,
15735,61.477116828376495,
15736,43.179114698640376,
15737,44.379065696704345,
15738,46.21523006515548,
15739,41.656984885614236,
15740,41.57037983853462,
15741,55.86380281337398,
15742,59.555929181804004,
15743,58.85097531780474,
15744,40.83131735657793,
15745,45.899059576074194,
15746,47.75026407801994,
15747,43.122591838975495,
15748,43.03517863447564,
15749,57.974784053445944,
15750,61.95304569095936,
15751,61.32840707972781,
15752,42.5494060581172,
15753,24.301961648052103,
15754,26.153166149997848,
15755,21.525493910953404,
15756,21.43808070645355,
15757,36.37768612542385,
15758,40.35594776293726,
15759,39.731309151705716,
15760,20.95230813009511,
15761,24.05395184148936,
15762,25.905156343435106,
15763,21.277484104390663,
15764,21.19007089989081,
15765,36.129676318861115,
15766,40.10793795637453,
15767,39.48329934514298,
15768,20.704298323532367,
15769,29.63618463027443,
15770,31.487389132220173,
15771,26.85971689317573,
15772,26.772303688675876,
15773,41.71190910764618,
15774,45.69017074515959,
15775,45.065532133928045,
15776,26.286531112317434,
15777,30.677008626805616,
15778,32.52821312875136,
15779,27.900540889706917,
15780,27.813127685207064,
15781,42.752733104177366,
15782,46.73099474169078,
15783,46.10635613045923,
15784,27.32735510884862,
15785,31.961825292817025,
15786,33.6427207587227,
15787,29.295686061438175,
15788,29.215747935497745,
15789,45.12270268404859,
15790,49.868397657039225,
15791,49.69674924252479,
15792,29.931766580234296,
15793,33.1555129399361,
15794,34.861392825848895,
15795,30.59552273693197,
15796,30.5148961175193,
15797,44.26903773283453,
15798,47.92296576407142,
15799,47.34949213736468,
15800,30.0668057800292,
15801,33.1555129399361,
15802,34.861392825848895,
15803,30.59552273693197,
15804,30.5148961175193,
15805,44.26903773283453,
15806,47.92296576407142,
15807,47.34949213736468,
15808,30.0668057800292,
15809,45.899059576074194,
15810,47.75026407801994,
15811,43.122591838975495,
15812,43.03517863447564,
15813,57.974784053445944,
15814,61.95304569095936,
15815,61.32840707972781,
15816,42.5494060581172,
15817,45.899059576074194,
15818,47.75026407801994,
15819,43.122591838975495,
15820,43.03517863447564,
15821,57.974784053445944,
15822,61.95304569095936,
15823,61.32840707972781,
15824,42.5494060581172,
15825,42.07360748119485,
15826,43.92481198314059,
15827,39.29713974409615,
15828,39.209726539596296,
15829,54.1493319585666,
15830,58.12759359608001,
15831,57.502954984848465,
15832,38.723953963237854,
15833,45.899059576074194,
15834,47.75026407801994,
15835,43.122591838975495,
15836,43.03517863447564,
15837,57.974784053445944,
15838,61.95304569095936,
15839,61.32840707972781,
15840,42.5494060581172,
15841,45.899059576074194,
15842,47.75026407801994,
15843,43.122591838975495,
15844,43.03517863447564,
15845,57.974784053445944,
15846,61.95304569095936,
15847,61.32840707972781,
15848,42.5494060581172,
15849,45.899059576074194,
15850,47.75026407801994,
15851,43.122591838975495,
15852,43.03517863447564,
15853,57.974784053445944,
15854,61.95304569095936,
15855,61.32840707972781,
15856,42.5494060581172,
15857,45.899059576074194,
15858,47.75026407801994,
15859,43.122591838975495,
15860,43.03517863447564,
15861,57.974784053445944,
15862,61.95304569095936,
15863,61.32840707972781,
15864,42.5494060581172,
15865,45.899059576074194,
15866,47.75026407801994,
15867,43.122591838975495,
15868,43.03517863447564,
15869,57.974784053445944,
15870,61.95304569095936,
15871,61.32840707972781,
15872,42.5494060581172,
15873,45.899059576074194,
15874,47.75026407801994,
15875,43.122591838975495,
15876,43.03517863447564,
15877,57.974784053445944,
15878,61.95304569095936,
15879,61.32840707972781,
15880,42.5494060581172,
15881,29.650801940635166,
15882,31.50200644258091,
15883,26.874334203536467,
15884,26.786920999036614,
15885,41.72652641800691,
15886,45.704788055520325,
15887,45.08014944428878,
15888,26.30114842267817,
15889,29.139487931015523,
15890,30.990692432961268,
15891,26.363020193916824,
15892,26.27560698941697,
15893,41.21521240838727,
15894,45.193474045900686,
15895,44.56883543466914,
15896,25.78983441305853,
15897,33.66392581444842,
15898,35.51513031639416,
15899,30.88745807734972,
15900,30.800044872849867,
15901,45.73965029182017,
15902,49.71791192933358,
15903,49.093273318102035,
15904,30.314272296491424,
15905,34.44697437519247,
15906,36.29817887713821,
15907,31.67050663809377,
15908,31.583093433593916,
15909,46.52269885256422,
15910,50.50096049007763,
15911,49.876321878846085,
15912,31.097320857235474,
15913,35.298905137951806,
15914,37.01982995336709,
15915,32.606258031951484,
15916,32.52456055833966,
15917,48.211862288695386,
15918,52.77940572460585,
15919,52.50147768368896,
15920,32.961808703834606,
15921,37.72757093712346,
15922,39.48490248345138,
15923,35.09091609303562,
15924,35.00788561317313,
15925,49.18154617529859,
15926,52.950120188381675,
15927,52.358564352389635,
15928,34.546447473032856,
15929,37.72757093712346,
15930,39.48490248345138,
15931,35.09091609303562,
15932,35.00788561317313,
15933,49.18154617529859,
15934,52.950120188381675,
15935,52.358564352389635,
15936,34.546447473032856,
15937,45.899059576074194,
15938,47.75026407801994,
15939,43.122591838975495,
15940,43.03517863447564,
15941,57.974784053445944,
15942,61.95304569095936,
15943,61.32840707972781,
15944,42.5494060581172,
15945,36.127644901123816,
15946,37.97884940306956,
15947,33.35117716402512,
15948,33.263763959525264,
15949,48.203369378495566,
15950,52.18163101600898,
15951,51.55699240477743,
15952,32.77799138316682,
15953,34.93139666395613,
15954,36.78260116590187,
15955,32.15492892685743,
15956,32.06751572235758,
15957,47.00712114132788,
15958,50.98538277884129,
15959,50.360744167609745,
15960,31.581743145999134,
15961,38.54106659794891,
15962,40.39227109989466,
15963,35.764598860850214,
15964,35.67718565635036,
15965,50.61679107532066,
15966,54.595052712834075,
15967,53.97041410160253,
15968,35.19141307999192,
15969,39.01197814854893,
15970,40.86318265049467,
15971,36.23551041145023,
15972,36.148097206950375,
15973,51.08770262592068,
15974,55.06596426343409,
15975,54.44132565220254,
15976,35.66232463059193,
15977,39.438755521851135,
15978,41.20999433609114,
15979,36.713303610710284,
15980,36.629396908510444,
15981,52.033710848354644,
15982,56.37531453805116,
15983,55.963612557634235,
15984,36.71293968686763,
15985,42.06741787249382,
15986,43.87429912851968,
15987,39.3569547744371,
15988,39.27161043345609,
15989,53.84947998060147,
15990,57.72865245164127,
15991,57.119648966547345,
15992,38.79732470933652,
15993,39.84576847583003,
15994,41.62719775268732,
15995,37.17321540820723,
15996,37.08905947946346,
15997,51.45927669698585,
15998,55.28161534830531,
15999,54.68157824535416,
16000,36.62137228874707,
16001,45.899059576074194,
16002,47.75026407801994,
16003,43.122591838975495,
16004,43.03517863447564,
16005,57.974784053445944,
16006,61.95304569095936,
16007,61.32840707972781,
16008,42.5494060581172,
16009,35.39682019235718,
16010,37.24802469430293,
16011,32.620352455258484,
16012,32.53293925075863,
16013,47.47254466972893,
16014,51.450806307242345,
16015,50.8261676960108,
16016,32.04716667440019,
16017,34.307625819977694,
16018,36.15883032192344,
16019,31.531158082878996,
16020,31.443744878379142,
16021,46.383350297349445,
16022,50.36161193486286,
16023,49.73697332363131,
16024,30.9579723020207,
16025,37.99074678713066,
16026,39.841951289076405,
16027,35.21427905003196,
16028,35.12686584553211,
16029,50.06647126450241,
16030,54.044732902015824,
16031,53.42009429078428,
16032,34.641093269173666,
16033,38.49687880562305,
16034,40.34808330756879,
16035,35.72041106852435,
16036,35.632997864024496,
16037,50.5726032829948,
16038,54.55086492050821,
16039,53.926226309276664,
16040,35.14722528766605,
16041,38.966075327856515,
16042,40.731532691588484,
16043,36.24436453630369,
16044,36.160711572098194,
16045,51.59792273965036,
16046,55.96559804561042,
16047,55.56927698375267,
16048,36.285079823877595,
16049,41.64691471710472,
16050,43.44896461379068,
16051,38.94364735621434,
16052,38.85852858026078,
16053,53.39697713519598,
16054,57.26535751070111,
16055,56.658056714917166,
16056,38.38549527261313,
16057,39.40824178754349,
16058,41.18468000694236,
16059,36.74312343861021,
16060,36.65920058822536,
16061,50.98870376114297,
16062,54.799903208463604,
16063,54.20162336580796,
16064,36.19280755502308,
16065,45.899059576074194,
16066,47.75026407801994,
16067,43.122591838975495,
16068,43.03517863447564,
16069,57.974784053445944,
16070,61.95304569095936,
16071,61.32840707972781,
16072,42.5494060581172,
16073,39.54088249740404,
16074,41.392086999349786,
16075,36.76441476030534,
16076,36.67700155580549,
16077,51.61660697477579,
16078,55.594868612289204,
16079,54.97023000105766,
16080,36.19122897944705,
16081,37.70629710705797,
16082,39.557501609003715,
16083,34.92982936995927,
16084,34.84241616545942,
16085,49.78202158442972,
16086,53.76028322194313,
16087,53.13564461071159,
16088,34.356643589100976,
16089,41.11127563129245,
16090,42.962480133238195,
16091,38.33480789419375,
16092,38.2473946896939,
16093,53.1870001086642,
16094,57.16526174617761,
16095,56.54062313494607,
16096,37.761622113335456,
16097,41.41769380375848,
16098,43.26889830570423,
16099,38.64122606665978,
16100,38.55381286215993,
16101,53.49341828113023,
16102,57.471679918643645,
16103,56.8470413074121,
16104,38.06804028580149,
16105,41.665449855280315,
16106,43.464051091942736,
16107,38.9223898388089,
16108,38.83728265620584,
16109,54.0845967768912,
16110,58.302437812319795,
16111,57.81791245240271,
16112,38.72698214852318,
16113,43.78911971702382,
16114,45.615850261337584,
16115,41.04909561618683,
16116,40.96282466738268,
16117,55.70267159619476,
16118,59.62620100897112,
16119,59.01019887579207,
16120,40.48339413687279,
16121,41.43229245164133,
16122,43.23187895902407,
16123,38.732694096605485,
16124,38.64769033465211,
16125,53.16603981382241,
16126,57.0289182461446,
16127,56.422485488757445,
16128,38.17529562695205,
16129,63.91482711490022,
16130,63.71838278539417,
16131,59.94864232362431,
16132,59.85794363686358,
16133,73.4785580765813,
16134,75.90151664109362,
16135,74.66248175365422,
16136,60.38627330506421,
16137,42.317729186878125,
16138,42.121284857372075,
16139,38.35154439560222,
16140,38.26084570884149,
16141,51.8814601485592,
16142,54.30441871307153,
16143,53.065383825632125,
16144,38.78917537704211,
16145,42.06971938031539,
16146,41.87327505080934,
16147,38.103534589039484,
16148,38.01283590227875,
16149,51.633450341996465,
16150,54.05640890650879,
16151,52.81737401906939,
16152,38.54116557047938,
16153,47.651952169100454,
16154,47.455507839594404,
16155,43.68576737782455,
16156,43.595068691063815,
16157,57.21568313078153,
16158,59.638641695293856,
16159,58.399606807854454,
16160,44.12339835926444,
16161,48.69277616563164,
16162,48.49633183612559,
16163,44.726591374355735,
16164,44.635892687595,
16165,58.256507127312716,
16166,60.679465691825044,
16167,59.44043080438564,
16168,45.16422235579563,
16169,49.493285422630265,
16170,49.36836472131927,
16171,45.592794143124536,
16172,45.50974385928265,
16173,60.56267627828129,
16174,63.63082744665809,
16175,62.91652974997476,
16176,47.037844657102426,
16177,49.72347316927181,
16178,49.54321788183398,
16179,46.08242844646503,
16180,45.99912284587418,
16181,58.48836798348373,
16182,60.70562266965533,
16183,59.57194658426084,
16184,46.48436044846272,
16185,49.72347316927181,
16186,49.54321788183398,
16187,46.08242844646503,
16188,45.99912284587418,
16189,58.48836798348373,
16190,60.70562266965533,
16191,59.57194658426084,
16192,46.48436044846272,
16193,63.91482711490022,
16194,63.71838278539417,
16195,59.94864232362431,
16196,59.85794363686358,
16197,73.4785580765813,
16198,75.90151664109362,
16199,74.66248175365422,
16200,60.38627330506421,
16201,63.91482711490022,
16202,63.71838278539417,
16203,59.94864232362431,
16204,59.85794363686358,
16205,73.4785580765813,
16206,75.90151664109362,
16207,74.66248175365422,
16208,60.38627330506421,
16209,60.089375020020874,
16210,59.892930690514824,
16211,56.12319022874497,
16212,56.032491541984236,
16213,69.65310598170194,
16214,72.07606454621427,
16215,70.83702965877487,
16216,56.56082121018486,
16217,63.91482711490022,
16218,63.71838278539417,
16219,59.94864232362431,
16220,59.85794363686358,
16221,73.4785580765813,
16222,75.90151664109362,
16223,74.66248175365422,
16224,60.38627330506421,
16225,63.91482711490022,
16226,63.71838278539417,
16227,59.94864232362431,
16228,59.85794363686358,
16229,73.4785580765813,
16230,75.90151664109362,
16231,74.66248175365422,
16232,60.38627330506421,
16233,63.91482711490022,
16234,63.71838278539417,
16235,59.94864232362431,
16236,59.85794363686358,
16237,73.4785580765813,
16238,75.90151664109362,
16239,74.66248175365422,
16240,60.38627330506421,
16241,63.91482711490022,
16242,63.71838278539417,
16243,59.94864232362431,
16244,59.85794363686358,
16245,73.4785580765813,
16246,75.90151664109362,
16247,74.66248175365422,
16248,60.38627330506421,
16249,63.91482711490022,
16250,63.71838278539417,
16251,59.94864232362431,
16252,59.85794363686358,
16253,73.4785580765813,
16254,75.90151664109362,
16255,74.66248175365422,
16256,60.38627330506421,
16257,63.91482711490022,
16258,63.71838278539417,
16259,59.94864232362431,
16260,59.85794363686358,
16261,73.4785580765813,
16262,75.90151664109362,
16263,74.66248175365422,
16264,60.38627330506421,
16265,47.66656947946119,
16266,47.47012514995514,
16267,43.70038468818528,
16268,43.60968600142455,
16269,57.23030044114226,
16270,59.65325900565459,
16271,58.41422411821519,
16272,44.138015669625176,
16273,47.15525546984155,
16274,46.9588111403355,
16275,43.18907067856564,
16276,43.09837199180491,
16277,56.71898643152262,
16278,59.14194499603495,
16279,57.90291010859555,
16280,43.62670166000554,
16281,51.679693353274445,
16282,51.483249023768394,
16283,47.71350856199854,
16284,47.622809875237806,
16285,61.24342431495552,
16286,63.66638287946785,
16287,62.427347992028444,
16288,48.15113954343843,
16289,52.462741914018494,
16290,52.266297584512444,
16291,48.49655712274259,
16292,48.405858435981855,
16293,62.02647287569957,
16294,64.4494314402119,
16295,63.210396552772494,
16296,48.93418810418248,
16297,52.94879162291761,
16298,52.807245090802326,
16299,49.031706479127536,
16300,48.94685470946132,
16301,63.67097740853541,
16302,66.5887633678986,
16303,65.75105422782389,
16304,50.243244782403735,
16305,54.80761446548394,
16306,54.62163932244056,
16307,51.05166614978339,
16308,50.96574720843398,
16309,63.85458342190441,
16310,66.14442081549271,
16311,64.97357149459043,
16312,51.466216779880256,
16313,54.80761446548394,
16314,54.62163932244056,
16315,51.05166614978339,
16316,50.96574720843398,
16317,63.85458342190441,
16318,66.14442081549271,
16319,64.97357149459043,
16320,51.466216779880256,
16321,63.91482711490022,
16322,63.71838278539417,
16323,59.94864232362431,
16324,59.85794363686358,
16325,73.4785580765813,
16326,75.90151664109362,
16327,74.66248175365422,
16328,60.38627330506421,
16329,54.14341243994984,
16330,53.94696811044379,
16331,50.177227648673934,
16332,50.0865289619132,
16333,63.707143401630915,
16334,66.13010196614324,
16335,64.89106707870384,
16336,50.61485863011383,
16337,52.947164202782155,
16338,52.750719873276104,
16339,48.98097941150625,
16340,48.890280724745516,
16341,62.51089516446323,
16342,64.93385372897556,
16343,63.694818841536154,
16344,49.41861039294614,
16345,56.55683413677494,
16346,56.36038980726889,
16347,52.59064934549903,
16348,52.4999506587383,
16349,66.12056509845601,
16350,68.54352366296834,
16351,67.30448877552894,
16352,53.028280326938926,
16353,57.02774568737495,
16354,56.8313013578689,
16355,53.061560896099046,
16356,52.970862209338314,
16357,66.59147664905603,
16358,69.01443521356836,
16359,67.77540032612896,
16360,53.49919187753894,
16361,57.233398672710905,
16362,57.07078925812897,
16363,53.296484805533396,
16364,53.209372074709904,
16365,67.5131715382812,
16366,70.24078868400528,
16367,69.24800820194758,
16368,54.21158464454942,
16369,59.641143075070715,
16370,59.449647230998835,
16371,55.77431921092517,
16372,55.685879212804025,
16373,68.96053952463097,
16374,71.32053215696027,
16375,70.11375005334105,
16376,56.201043293267674,
16377,57.16584210341807,
16378,56.977183550291045,
16379,53.355997928482225,
16380,53.26885343667192,
16381,66.34520678437843,
16382,68.66913190881695,
16383,67.48082354526355,
16384,53.77646633514331,
16385,63.91482711490022,
16386,63.71838278539417,
16387,59.94864232362431,
16388,59.85794363686358,
16389,73.4785580765813,
16390,75.90151664109362,
16391,74.66248175365422,
16392,60.38627330506421,
16393,53.41258773118321,
16394,53.21614340167716,
16395,49.4464029399073,
16396,49.35570425314657,
16397,62.97631869286428,
16398,65.39927725737661,
16399,64.16024236993721,
16400,49.884033921347196,
16401,52.32339335880372,
16402,52.12694902929767,
16403,48.35720856752781,
16404,48.26650988076708,
16405,61.887124320484794,
16406,64.31008288499712,
16407,63.07104799755772,
16408,48.79483954896771,
16409,56.00651432595669,
16410,55.810069996450636,
16411,52.04032953468078,
16412,51.94963084792005,
16413,65.57024528763776,
16414,67.99320385215009,
16415,66.75416896471069,
16416,52.477960516120675,
16417,56.512646344449074,
16418,56.31620201494302,
16419,52.54646155317317,
16420,52.455762866412435,
16421,66.07637730613015,
16422,68.49933587064248,
16423,67.26030098320308,
16424,52.98409253461306,
16425,56.74431125516389,
16426,56.584131236087046,
16427,52.80961903575917,
16428,52.722765918316156,
16429,67.07524973449574,
16430,69.82478160483913,
16431,68.8498160245382,
16432,53.75894293329753,
16433,59.17248072580742,
16434,58.98152370586695,
16435,55.31647721957165,
16436,55.22828322293583,
16437,68.46528058088313,
16438,70.81842173677785,
16439,69.61514900707056,
16440,55.74201341401516,
16441,56.67859100080091,
16442,56.490488461668576,
16443,52.879913759076715,
16444,52.793023182021614,
16445,65.83051940896769,
16446,68.14737951706581,
16447,66.96268976389888,
16448,53.29915608763349,
16449,63.91482711490022,
16450,63.71838278539417,
16451,59.94864232362431,
16452,59.85794363686358,
16453,73.4785580765813,
16454,75.90151664109362,
16455,74.66248175365422,
16456,60.38627330506421,
16457,57.55665003623007,
16458,57.36020570672402,
16459,53.59046524495416,
16460,53.49976655819343,
16461,67.12038099791114,
16462,69.54333956242347,
16463,68.30430467498407,
16464,54.028096226394055,
16465,55.722064645884,
16466,55.525620316377946,
16467,51.75587985460809,
16468,51.66518116784736,
16469,65.28579560756506,
16470,67.70875417207739,
16471,66.46971928463799,
16472,52.193510836047984,
16473,59.127043170118476,
16474,58.930598840612426,
16475,55.16085837884257,
16476,55.07015969208184,
16477,68.69077413179954,
16478,71.11373269631187,
16479,69.87469780887247,
16480,55.598489360282464,
16481,59.43346134258451,
16482,59.23701701307846,
16483,55.4672765513086,
16484,55.37657786454787,
16485,68.99719230426558,
16486,71.42015086877791,
16487,70.18111598133851,
16488,55.904907532748496,
16489,59.53696513692762,
16490,59.36282657419264,
16491,55.58973234234452,
16492,55.50139156515968,
16493,69.573455843788,
16494,72.19714384279251,
16495,71.12006669240844,
16496,56.342304460844105,
16497,61.560754457253665,
16498,61.36704370563126,
16499,57.64945472724793,
16500,57.56000363250189,
16501,70.98949661873917,
16502,73.37766281019282,
16503,72.15644974459508,
16504,58.08106121694482,
16505,58.93330516630181,
16506,58.742622835654345,
16507,55.082817910276844,
16508,54.994749328302646,
16509,68.2125468588614,
16510,70.56219552822785,
16511,69.36071166455372,
16512,55.50774850597497,
16513,69.42678353619391,
16514,69.20151915693589,
16515,65.43796535363481,
16516,65.34425310470385,
16517,78.37598061697582,
16518,80.54029398870762,
16519,79.09413240320771,
16520,65.46779602548077,
16521,47.829685608171815,
16522,47.60442122891379,
16523,43.840867425612714,
16524,43.74715517668176,
16525,56.77888268895373,
16526,58.94319606068552,
16527,57.497034475185615,
16528,43.87069809745867,
16529,47.58167580160908,
16530,47.35641142235106,
16531,43.59285761904998,
16532,43.499145370119024,
16533,56.530872882390995,
16534,58.69518625412279,
16535,57.24902466862288,
16536,43.62268829089594,
16537,53.16390859039414,
16538,52.93864421113612,
16539,49.17509040783504,
16540,49.08137815890409,
16541,62.11310567117606,
16542,64.27741904290785,
16543,62.83125745740794,
16544,49.204921079681,
16545,54.20473258692533,
16546,53.97946820766731,
16547,50.21591440436623,
16548,50.122202155435275,
16549,63.153929667707246,
16550,65.31824303943904,
16551,63.87208145393913,
16552,50.24574507621219,
16553,54.54013558775182,
16554,54.39082398275934,
16555,50.61558936680967,
16556,50.529901374957774,
16557,65.099539906801,
16558,67.9471743115248,
16559,67.05213311875673,
16560,51.717918304651164,
16561,54.77758359086772,
16562,54.571166916190975,
16563,51.12078894183048,
16564,51.03483336400717,
16565,62.968627359289314,
16566,64.94684134030757,
16567,63.62514691162306,
16568,51.14815007235063,
16569,54.77758359086772,
16570,54.571166916190975,
16571,51.12078894183048,
16572,51.03483336400717,
16573,62.968627359289314,
16574,64.94684134030757,
16575,63.62514691162306,
16576,51.14815007235063,
16577,69.42678353619391,
16578,69.20151915693589,
16579,65.43796535363481,
16580,65.34425310470385,
16581,78.37598061697582,
16582,80.54029398870762,
16583,79.09413240320771,
16584,65.46779602548077,
16585,69.42678353619391,
16586,69.20151915693589,
16587,65.43796535363481,
16588,65.34425310470385,
16589,78.37598061697582,
16590,80.54029398870762,
16591,79.09413240320771,
16592,65.46779602548077,
16593,65.60133144131456,
16594,65.37606706205653,
16595,61.61251325875546,
16596,61.51880100982451,
16597,74.55052852209647,
16598,76.71484189382826,
16599,75.26868030832836,
16600,61.64234393060142,
16601,69.42678353619391,
16602,69.20151915693589,
16603,65.43796535363481,
16604,65.34425310470385,
16605,78.37598061697582,
16606,80.54029398870762,
16607,79.09413240320771,
16608,65.46779602548077,
16609,69.42678353619391,
16610,69.20151915693589,
16611,65.43796535363481,
16612,65.34425310470385,
16613,78.37598061697582,
16614,80.54029398870762,
16615,79.09413240320771,
16616,65.46779602548077,
16617,69.42678353619391,
16618,69.20151915693589,
16619,65.43796535363481,
16620,65.34425310470385,
16621,78.37598061697582,
16622,80.54029398870762,
16623,79.09413240320771,
16624,65.46779602548077,
16625,69.42678353619391,
16626,69.20151915693589,
16627,65.43796535363481,
16628,65.34425310470385,
16629,78.37598061697582,
16630,80.54029398870762,
16631,79.09413240320771,
16632,65.46779602548077,
16633,69.42678353619391,
16634,69.20151915693589,
16635,65.43796535363481,
16636,65.34425310470385,
16637,78.37598061697582,
16638,80.54029398870762,
16639,79.09413240320771,
16640,65.46779602548077,
16641,69.42678353619391,
16642,69.20151915693589,
16643,65.43796535363481,
16644,65.34425310470385,
16645,78.37598061697582,
16646,80.54029398870762,
16647,79.09413240320771,
16648,65.46779602548077,
16649,53.17852590075488,
16650,52.953261521496856,
16651,49.18970771819578,
16652,49.09599546926482,
16653,62.12772298153679,
16654,64.29203635326859,
16655,62.84587476776868,
16656,49.219538390041734,
16657,52.66721189113524,
16658,52.44194751187722,
16659,48.67839370857614,
16660,48.58468145964518,
16661,61.61640897191715,
16662,63.78072234364895,
16663,62.33456075814904,
16664,48.708224380422095,
16665,57.191649774568134,
16666,56.96638539531011,
16667,53.202831592009034,
16668,53.10911934307808,
16669,66.14084685535005,
16670,68.30516022708184,
16671,66.85899864158193,
16672,53.23266226385499,
16673,57.97469833531218,
16674,57.74943395605416,
16675,53.98588015275308,
16676,53.89216790382213,
16677,66.9238954160941,
16678,69.08820878782589,
16679,67.64204720232598,
16680,54.01571082459904,
16681,58.10518794551206,
16682,57.938232157253026,
16683,54.16434074923927,
16684,54.076764287564515,
16685,68.29333541224918,
16686,70.98175839414091,
16687,69.95715115234492,
16688,55.01819059538951,
16689,60.02343325684848,
16690,59.81036181982472,
16691,56.249380747892246,
16692,56.16068513402735,
16693,68.48201684553476,
16694,70.52585810813872,
16695,69.16027269267607,
16696,56.277614234788416,
16697,60.02343325684848,
16698,59.81036181982472,
16699,56.249380747892246,
16700,56.16068513402735,
16701,68.48201684553476,
16702,70.52585810813872,
16703,69.16027269267607,
16704,56.277614234788416,
16705,69.42678353619391,
16706,69.20151915693589,
16707,65.43796535363481,
16708,65.34425310470385,
16709,78.37598061697582,
16710,80.54029398870762,
16711,79.09413240320771,
16712,65.46779602548077,
16713,59.65536886124353,
16714,59.43010448198551,
16715,55.66655067868443,
16716,55.572838429753475,
16717,68.60456594202545,
16718,70.76887931375724,
16719,69.32271772825733,
16720,55.69638135053039,
16721,58.459120624075844,
16722,58.23385624481782,
16723,54.47030244151674,
16724,54.37659019258579,
16725,67.40831770485777,
16726,69.57263107658956,
16727,68.12646949108965,
16728,54.5001331133627,
16729,62.06879055806863,
16730,61.843526178810606,
16731,58.07997237550953,
16732,57.98626012657857,
16733,71.01798763885054,
16734,73.18230101058234,
16735,71.73613942508243,
16736,58.109803047355484,
16737,62.53970210866864,
16738,62.31443772941062,
16739,58.55088392610954,
16740,58.457171677178586,
16741,71.48889918945056,
16742,73.65321256118236,
16743,72.20705097568245,
16744,58.5807145979555,
16745,62.527284634424916,
16746,62.33796603159169,
16747,58.56701312140126,
16748,58.47706517411609,
16749,72.24232795632037,
16750,74.72936031588051,
16751,73.54190415312075,
16752,59.10532227739026,
16753,65.01309831213035,
16754,64.79359919638426,
16755,61.12581701665158,
16756,61.03447622448135,
16757,73.73024795406002,
16758,75.83756117090189,
16759,74.42952424636638,
16760,61.15489266649081,
16761,62.45754596809428,
16762,62.24135083560009,
16763,58.62846363517025,
16764,58.53848236363791,
16765,71.04176740296037,
16766,73.11644423814585,
16767,71.73023552167933,
16768,58.6571064445871,
16769,69.42678353619391,
16770,69.20151915693589,
16771,65.43796535363481,
16772,65.34425310470385,
16773,78.37598061697582,
16774,80.54029398870762,
16775,79.09413240320771,
16776,65.46779602548077,
16777,58.9245441524769,
16778,58.699279773218876,
16779,54.9357259699178,
16780,54.84201372098684,
16781,67.87374123325881,
16782,70.0380546049906,
16783,68.5918930194907,
16784,54.965556641763754,
16785,57.83534978009741,
16786,57.61008540083939,
16787,53.84653159753831,
16788,53.75281934860735,
16789,66.78454686087932,
16790,68.94886023261111,
16791,67.5026986471112,
16792,53.876362269384266,
16793,61.518470747250376,
16794,61.293206367992354,
16795,57.529652564691276,
16796,57.43594031576032,
16797,70.46766782803229,
16798,72.63198119976408,
16799,71.18581961426418,
16800,57.55948323653723,
16801,62.02460276574276,
16802,61.79933838648474,
16803,58.03578458318366,
16804,57.94207233425271,
16805,70.97379984652468,
16806,73.13811321825648,
16807,71.69195163275657,
16808,58.06561525502962,
16809,62.022409871251114,
16810,61.835671154261036,
16811,58.064311502569865,
16812,57.9746359356746,
16813,71.79217114981799,
16814,74.30241339376289,
16815,73.13366812360749,
16816,58.6390559428317,
16817,64.52919443514509,
16818,64.31032286334647,
16819,60.65296664394464,
16820,60.56188404631672,
16821,73.22109320855662,
16822,75.322205953599,
16823,73.91831613309779,
16824,60.68196009038496,
16825,61.9545700457482,
16826,61.739022243996374,
16827,58.13689114439484,
16828,58.04717627695038,
16829,70.51275230093256,
16830,72.58103741126138,
16831,71.19910361553224,
16832,58.16544913701978,
16833,69.42678353619391,
16834,69.20151915693589,
16835,65.43796535363481,
16836,65.34425310470385,
16837,78.37598061697582,
16838,80.54029398870762,
16839,79.09413240320771,
16840,65.46779602548077,
16841,63.06860645752376,
16842,62.843342078265735,
16843,59.079788274964656,
16844,58.9860760260337,
16845,72.01780353830567,
16846,74.18211691003746,
16847,72.73595532453756,
16848,59.10961894681061,
16849,61.234021067177686,
16850,61.008756687919664,
16851,57.245202884618585,
16852,57.15149063568763,
16853,70.1832181479596,
16854,72.34753151969139,
16855,70.90136993419148,
16856,57.27503355646454,
16857,64.63899959141216,
16858,64.41373521215414,
16859,60.650181408853065,
16860,60.55646915992211,
16861,73.58819667219407,
16862,75.75251004392587,
16863,74.30634845842596,
16864,60.68001208069902,
16865,64.9454177638782,
16866,64.72015338462018,
16867,60.9565995813191,
16868,60.86288733238814,
16869,73.89461484466011,
16870,76.0589282163919,
16871,74.612766630892,
16872,60.986430253165054,
16873,64.90553046612138,
16874,64.70396656894837,
16875,60.93517668449465,
16876,60.84394003325383,
16877,74.36038972185781,
16878,76.73734356716801,
16879,75.46134235324263,
16880,61.300436219153084,
16881,66.99536765770296,
16882,66.7732884924601,
16883,63.06264428807572,
16884,62.97024210050802,
16885,75.81634740584786,
16886,77.94916105650759,
16887,76.5240683093607,
16888,63.09205786325816,
16889,64.28224904447916,
16890,64.06369737436648,
16891,60.41165607250895,
16892,60.32070509896482,
16893,72.96127629236929,
16894,75.0592285360969,
16895,73.65745256826938,
16896,60.44060761279309,
16897,66.24980698908695,
16898,66.04125402231625,
16899,62.27386706367258,
16900,62.18189787157621,
16901,75.55582859158358,
16902,77.87001915640138,
16903,76.54367421114131,
16904,62.54027757064887,
16905,44.652709061064854,
16906,44.44415609429416,
16907,40.67676913565049,
16908,40.58479994355412,
16909,53.95873066356148,
16910,56.27292122837929,
16911,54.946576283119214,
16912,40.943179642626774,
16913,44.40469925450212,
16914,44.19614628773142,
16915,40.428759329087754,
16916,40.33679013699138,
16917,53.71072085699875,
16918,56.024911421816554,
16919,54.69856647655648,
16920,40.69516983606404,
16921,49.98693204328718,
16922,49.77837907651649,
16923,46.01099211787282,
16924,45.919022925776446,
16925,59.29295364578381,
16926,61.60714421060162,
16927,60.28079926534154,
16928,46.2774026248491,
16929,51.02775603981837,
16930,50.819203073047674,
16931,47.051816114404005,
16932,46.959846922307634,
16933,60.333777642315,
16934,62.647968207132806,
16935,61.32162326187273,
16936,47.31822662138029,
16937,51.63209849340268,
16938,51.49692514054402,
16939,47.72127291710581,
16940,47.63710990133359,
16941,62.4875968610782,
16942,65.46299649327756,
16943,64.67248767924684,
16944,49.02237555034253,
16945,51.86534930303719,
16946,51.67409454696093,
16947,48.21747343701634,
16948,48.133049952125646,
16949,60.38936474092128,
16950,62.50601722558292,
16951,61.293037836226404,
16952,48.462015069899735,
16953,51.86534930303719,
16954,51.67409454696093,
16955,48.21747343701634,
16956,48.133049952125646,
16957,60.38936474092128,
16958,62.50601722558292,
16959,61.293037836226404,
16960,48.462015069899735,
16961,66.24980698908695,
16962,66.04125402231625,
16963,62.27386706367258,
16964,62.18189787157621,
16965,75.55582859158358,
16966,77.87001915640138,
16967,76.54367421114131,
16968,62.54027757064887,
16969,66.24980698908695,
16970,66.04125402231625,
16971,62.27386706367258,
16972,62.18189787157621,
16973,75.55582859158358,
16974,77.87001915640138,
16975,76.54367421114131,
16976,62.54027757064887,
16977,62.4243548942076,
16978,62.21580192743691,
16979,58.44841496879324,
16980,58.356445776696866,
16981,71.73037649670422,
16982,74.04456706152203,
16983,72.71822211626196,
16984,58.71482547576952,
16985,66.24980698908695,
16986,66.04125402231625,
16987,62.27386706367258,
16988,62.18189787157621,
16989,75.55582859158358,
16990,77.87001915640138,
16991,76.54367421114131,
16992,62.54027757064887,
16993,66.24980698908695,
16994,66.04125402231625,
16995,62.27386706367258,
16996,62.18189787157621,
16997,75.55582859158358,
16998,77.87001915640138,
16999,76.54367421114131,
17000,62.54027757064887,
17001,66.24980698908695,
17002,66.04125402231625,
17003,62.27386706367258,
17004,62.18189787157621,
17005,75.55582859158358,
17006,77.87001915640138,
17007,76.54367421114131,
17008,62.54027757064887,
17009,66.24980698908695,
17010,66.04125402231625,
17011,62.27386706367258,
17012,62.18189787157621,
17013,75.55582859158358,
17014,77.87001915640138,
17015,76.54367421114131,
17016,62.54027757064887,
17017,66.24980698908695,
17018,66.04125402231625,
17019,62.27386706367258,
17020,62.18189787157621,
17021,75.55582859158358,
17022,77.87001915640138,
17023,76.54367421114131,
17024,62.54027757064887,
17025,66.24980698908695,
17026,66.04125402231625,
17027,62.27386706367258,
17028,62.18189787157621,
17029,75.55582859158358,
17030,77.87001915640138,
17031,76.54367421114131,
17032,62.54027757064887,
17033,50.00154935364792,
17034,49.79299638687722,
17035,46.02560942823355,
17036,45.93364023613718,
17037,59.307570956144545,
17038,61.62176152096235,
17039,60.295416575702276,
17040,46.29201993520984,
17041,49.49023534402828,
17042,49.28168237725758,
17043,45.51429541861391,
17044,45.42232622651754,
17045,58.796256946524906,
17046,61.11044751134271,
17047,59.78410256608264,
17048,45.7807059255902,
17049,54.014673227461174,
17050,53.80612026069048,
17051,50.03873330204681,
17052,49.946764109950436,
17053,63.3206948299578,
17054,65.63488539477561,
17055,64.30854044951553,
17056,50.30514380902309,
17057,54.79772178820522,
17058,54.58916882143453,
17059,50.82178186279086,
17060,50.729812670694486,
17061,64.10374339070185,
17062,66.41793395551966,
17063,65.09158901025958,
17064,51.08819236976714,
17065,55.13381848499648,
17066,54.981592443429406,
17067,51.206517965243165,
17068,51.120516938462345,
17069,65.63202893995901,
17070,68.45334661334385,
17071,67.53683672910734,
17072,52.267834460767574,
17073,57.01770684283542,
17074,56.820342071345294,
17075,53.25392684820122,
17076,53.16683682617605,
17077,65.81777976224032,
17078,68.00411654403507,
17079,66.75114827539556,
17080,53.50619643744989,
17081,57.01770684283542,
17082,56.820342071345294,
17083,53.25392684820122,
17084,53.16683682617605,
17085,65.81777976224032,
17086,68.00411654403507,
17087,66.75114827539556,
17088,53.50619643744989,
17089,66.24980698908695,
17090,66.04125402231625,
17091,62.27386706367258,
17092,62.18189787157621,
17093,75.55582859158358,
17094,77.87001915640138,
17095,76.54367421114131,
17096,62.54027757064887,
17097,56.47839231413657,
17098,56.269839347365874,
17099,52.502452388722205,
17100,52.41048319662583,
17101,65.7844139166332,
17102,68.098604481451,
17103,66.77225953619093,
17104,52.76886289569849,
17105,55.28214407696888,
17106,55.07359111019819,
17107,51.30620415155452,
17108,51.214234959458146,
17109,64.58816567946552,
17110,66.90235624428333,
17111,65.57601129902325,
17112,51.5726146585308,
17113,58.89181401096167,
17114,58.68326104419097,
17115,54.9158740855473,
17116,54.82390489345093,
17117,68.1978356134583,
17118,70.5120261782761,
17119,69.18568123301603,
17120,55.18228459252359,
17121,59.36272556156168,
17122,59.154172594790985,
17123,55.386785636147316,
17124,55.294816444050944,
17125,68.66874716405832,
17126,70.98293772887612,
17127,69.65659278361605,
17128,55.6531961431236,
17129,59.476418282202644,
17130,59.30258458501345,
17131,55.529453651324445,
17132,55.44114526367122,
17133,69.51935182201453,
17134,72.14578648707453,
17135,71.07093318370835,
17136,56.28632580919219,
17137,61.91708745578654,
17138,61.71382361000991,
17139,58.04143232381341,
17140,57.951769143790784,
17141,70.98385387355421,
17142,73.23756222379711,
17143,71.94592976233059,
17144,58.30115942007927,
17145,59.40794139192218,
17146,59.20770951599678,
17147,55.58978380087734,
17148,55.50144299603977,
17149,68.33761403130791,
17150,70.55668381678635,
17151,69.2849305510286,
17152,55.84567837808885,
17153,66.24980698908695,
17154,66.04125402231625,
17155,62.27386706367258,
17156,62.18189787157621,
17157,75.55582859158358,
17158,77.87001915640138,
17159,76.54367421114131,
17160,62.54027757064887,
17161,55.74756760536994,
17162,55.53901463859924,
17163,51.77162767995557,
17164,51.6796584878592,
17165,65.05358920786657,
17166,67.36777977268437,
17167,66.0414348274243,
17168,52.03803818693186,
17169,54.65837323299045,
17170,54.44982026621975,
17171,50.68243330757608,
17172,50.59046411547971,
17173,63.96439483548708,
17174,66.27858540030488,
17175,64.9522404550448,
17176,50.94884381455237,
17177,58.341494200143416,
17178,58.13294123337272,
17179,54.36555427472905,
17180,54.27358508263268,
17181,67.64751580264004,
17182,69.96170636745785,
17183,68.63536142219778,
17184,54.631964781705335,
17185,58.8476262186358,
17186,58.639073251865106,
17187,54.87168629322144,
17188,54.779717101125065,
17189,68.15364782113244,
17190,70.46783838595024,
17191,69.14149344069017,
17192,55.13809680019772,
17193,58.9806723365968,
17194,58.809331095741925,
17195,55.03590958953663,
17196,54.947866174455044,
17197,69.07626030386785,
17198,71.72515374268983,
17199,70.66849226568644,
17200,55.82793245893339,
17201,61.44199743873662,
17202,61.239309423636485,
17203,57.57726167704999,
17204,57.487849616044,
17205,70.48272376419919,
17206,72.72985173204398,
17207,71.44199582467365,
17208,57.83626097458637,
17209,58.91405811379644,
17210,58.71442034824065,
17211,55.10716791697837,
17212,55.019086269507625,
17213,67.8168724350071,
17214,70.0291576467149,
17215,68.76129799693211,
17216,55.36231140736686,
17217,66.24980698908695,
17218,66.04125402231625,
17219,62.27386706367258,
17220,62.18189787157621,
17221,75.55582859158358,
17222,77.87001915640138,
17223,76.54367421114131,
17224,62.54027757064887,
17225,59.891629910416796,
17226,59.6830769436461,
17227,55.91568998500243,
17228,55.82372079290606,
17229,69.19765151291342,
17230,71.51184207773123,
17231,70.18549713247116,
17232,56.182100491978716,
17233,58.057044520070725,
17234,57.84849155330003,
17235,54.08110459465636,
17236,53.98913540255999,
17237,67.36306612256735,
17238,69.67725668738515,
17239,68.35091174212508,
17240,54.347515101632645,
17241,61.462023044305205,
17242,61.25347007753451,
17243,57.48608311889084,
17244,57.39411392679447,
17245,70.76804464680183,
17246,73.08223521161963,
17247,71.75589026635956,
17248,57.752493625867125,
17249,61.76844121677124,
17250,61.55988825000054,
17251,57.79250129135687,
17252,57.7005320992605,
17253,71.07446281926786,
17254,73.38865338408567,
17255,72.0623084388256,
17256,58.058911798333156,
17257,61.81147993427771,
17258,61.62581702065211,
17259,57.85429287747644,
17260,57.76473098333753,
17261,71.60404803708701,
17262,74.12397056306457,
17263,72.96303347124194,
17264,58.444228234196316,
17265,63.86312166918418,
17266,63.657490621635475,
17267,59.942580391792546,
17268,59.85188500573213,
17269,73.03695331559527,
17270,75.31772220081086,
17271,74.01055915815425,
17272,60.20529906751466,
17273,61.19954513175384,
17274,60.99715066527102,
17275,57.34037597583841,
17276,57.25109193569392,
17277,70.22699725658617,
17278,72.47077098932186,
17279,71.18484010564367,
17280,57.59900424108292,
17281,42.196440989034556,
17282,43.484124250032664,
17283,39.5930299271613,
17284,39.5066507855592,
17285,53.89949091393754,
17286,57.555461163542645,
17287,57.18115662459917,
17288,40.32293661004775,
17289,20.599343061012465,
17290,21.887026322010573,
17291,17.995931999139206,
17292,17.90955285753711,
17293,32.302392985915446,
17294,35.95836323552055,
17295,35.584058696577074,
17296,18.725838682025657,
17297,20.351333254449724,
17298,21.639016515447832,
17299,17.747922192576464,
17300,17.66154305097437,
17301,32.05438317935271,
17302,35.710353428957816,
17303,35.33604889001434,
17304,18.477828875462915,
17305,25.93356604323479,
17306,27.2212493042329,
17307,23.33015498136153,
17308,23.243775839759437,
17309,37.636615968137775,
17310,41.29258621774288,
17311,40.9182816787994,
17312,24.060061664247982,
17313,26.97439003976598,
17314,28.262073300764087,
17315,24.37097897789272,
17316,24.284599836290624,
17317,38.67743996466896,
17318,42.33341021427407,
17319,41.95910567533059,
17320,25.10088566077917,
17321,28.437133118162876,
17322,29.741154957959395,
17323,25.929288727972732,
17324,25.850291559660718,
17325,41.26623045387652,
17326,45.47515908656834,
17327,45.515747802595286,
17328,27.840899205246785,
17329,29.741186633088716,
17330,30.928967752222434,
17331,27.338584890956213,
17332,27.258841580271337,
17333,40.52221872747231,
17334,43.88368903095807,
17335,43.539677095838385,
17336,28.012349668383024,
17337,29.741186633088716,
17338,30.928967752222434,
17339,27.338584890956213,
17340,27.258841580271337,
17341,40.52221872747231,
17342,43.88368903095807,
17343,43.539677095838385,
17344,28.012349668383024,
17345,42.196440989034556,
17346,43.484124250032664,
17347,39.5930299271613,
17348,39.5066507855592,
17349,53.89949091393754,
17350,57.555461163542645,
17351,57.18115662459917,
17352,40.32293661004775,
17353,42.196440989034556,
17354,43.484124250032664,
17355,39.5930299271613,
17356,39.5066507855592,
17357,53.89949091393754,
17358,57.555461163542645,
17359,57.18115662459917,
17360,40.32293661004775,
17361,38.37098889415521,
17362,39.65867215515332,
17363,35.76757783228195,
17364,35.68119869067986,
17365,50.074038819058195,
17366,53.7300090686633,
17367,53.35570452971982,
17368,36.4974845151684,
17369,42.196440989034556,
17370,43.484124250032664,
17371,39.5930299271613,
17372,39.5066507855592,
17373,53.89949091393754,
17374,57.555461163542645,
17375,57.18115662459917,
17376,40.32293661004775,
17377,42.196440989034556,
17378,43.484124250032664,
17379,39.5930299271613,
17380,39.5066507855592,
17381,53.89949091393754,
17382,57.555461163542645,
17383,57.18115662459917,
17384,40.32293661004775,
17385,42.196440989034556,
17386,43.484124250032664,
17387,39.5930299271613,
17388,39.5066507855592,
17389,53.89949091393754,
17390,57.555461163542645,
17391,57.18115662459917,
17392,40.32293661004775,
17393,42.196440989034556,
17394,43.484124250032664,
17395,39.5930299271613,
17396,39.5066507855592,
17397,53.89949091393754,
17398,57.555461163542645,
17399,57.18115662459917,
17400,40.32293661004775,
17401,42.196440989034556,
17402,43.484124250032664,
17403,39.5930299271613,
17404,39.5066507855592,
17405,53.89949091393754,
17406,57.555461163542645,
17407,57.18115662459917,
17408,40.32293661004775,
17409,42.196440989034556,
17410,43.484124250032664,
17411,39.5930299271613,
17412,39.5066507855592,
17413,53.89949091393754,
17414,57.555461163542645,
17415,57.18115662459917,
17416,40.32293661004775,
17417,25.948183353595528,
17418,27.235866614593636,
17419,23.34477229172227,
17420,23.258393150120174,
17421,37.65123327849851,
17422,41.307203528103614,
17423,40.93289898916014,
17424,24.07467897460872,
17425,25.436869343975886,
17426,26.724552604973994,
17427,22.833458282102626,
17428,22.74707914050053,
17429,37.13991926887887,
17430,40.795889518483975,
17431,40.4215849795405,
17432,23.563364964989077,
17433,29.96130722740878,
17434,31.24899048840689,
17435,27.35789616553552,
17436,27.271517023933427,
17437,41.664357152311766,
17438,45.32032740191687,
17439,44.94602286297339,
17440,28.087802848421973,
17441,30.74435578815283,
17442,32.03203904915094,
17443,28.14094472627957,
17444,28.054565584677476,
17445,42.447405713055815,
17446,46.10337596266092,
17447,45.72907142371744,
17448,28.870851409166022,
17449,31.731745374157754,
17450,33.032454365685965,
17451,29.200867948577752,
17452,29.120133286780742,
17453,44.303238678459536,
17454,48.38405132884958,
17455,48.32742291665983,
17456,30.838730188595775,
17457,34.211141359769556,
17458,35.434309607706666,
17459,31.737392546192666,
17460,31.655297764858858,
17461,45.3185607947633,
17462,48.784185008645125,
17463,48.42946181315085,
17464,32.43105076163164,
17465,34.211141359769556,
17466,35.434309607706666,
17467,31.737392546192666,
17468,31.655297764858858,
17469,45.3185607947633,
17470,48.784185008645125,
17471,48.42946181315085,
17472,32.43105076163164,
17473,42.196440989034556,
17474,43.484124250032664,
17475,39.5930299271613,
17476,39.5066507855592,
17477,53.89949091393754,
17478,57.555461163542645,
17479,57.18115662459917,
17480,40.32293661004775,
17481,32.42502631408418,
17482,33.712709575082286,
17483,29.82161525221092,
17484,29.735236110608824,
17485,44.12807623898716,
17486,47.78404648859227,
17487,47.40974194964879,
17488,30.55152193509737,
17489,31.22877807691649,
17490,32.5164613379146,
17491,28.62536701504323,
17492,28.538987873441137,
17493,42.931828001819476,
17494,46.58779825142458,
17495,46.2134937124811,
17496,29.355273697929682,
17497,34.838448010909275,
17498,36.12613127190738,
17499,32.235036949036015,
17500,32.14865780743392,
17501,46.54149793581226,
17502,50.197468185417364,
17503,49.82316364647389,
17504,32.964943631922466,
17505,35.30935956150929,
17506,36.5970428225074,
17507,32.70594849963603,
17508,32.619569358033935,
17509,47.012409486412274,
17510,50.66837973601738,
17511,50.2940751970739,
17512,33.43585518252248,
17513,35.81879447726487,
17514,37.11486926879371,
17515,33.25947522234742,
17516,33.17655882646693,
17517,48.060176818563036,
17518,51.97828290203154,
17519,51.799176793733636,
17520,34.549675498868055,
17521,38.45269516962702,
17522,39.709924604070295,
17523,35.91048263104318,
17524,35.82612546632748,
17525,49.87448854380091,
17526,53.44053378723453,
17527,53.075481006048165,
17528,36.62328163345933,
17529,36.2815312087198,
17530,37.52126675362314,
17531,33.774479640500374,
17532,33.69128432113416,
17533,47.541835214839125,
17534,51.0562833560972,
17535,50.69653826592213,
17536,34.47744878066351,
17537,42.196440989034556,
17538,43.484124250032664,
17539,39.5930299271613,
17540,39.5066507855592,
17541,53.89949091393754,
17542,57.555461163542645,
17543,57.18115662459917,
17544,40.32293661004775,
17545,31.69420160531755,
17546,32.98188486631565,
17547,29.09079054344429,
17548,29.004411401842194,
17549,43.39725153022053,
17550,47.053221779825634,
17551,46.67891724088216,
17552,29.82069722633074,
17553,30.605007232938057,
17554,31.892690493936165,
17555,28.001596171064797,
17556,27.915217029462703,
17557,42.30805715784104,
17558,45.964027407446146,
17559,45.58972286850267,
17560,28.73150285395125,
17561,34.28812820009102,
17562,35.57581146108913,
17563,31.684717138217767,
17564,31.598337996615673,
17565,45.99117812499401,
17566,49.64714837459911,
17567,49.272843835655635,
17568,32.414623821104215,
17569,34.79426021858341,
17570,36.08194347958152,
17571,32.19084915671015,
17572,32.104470015108056,
17573,46.497310143486395,
17574,50.1532803930915,
17575,49.77897585414802,
17576,32.9207558395966,
17577,35.352149621009914,
17578,36.64878289865385,
17579,32.796070405007356,
17580,32.71340458635552,
17581,47.63181192295718,
17582,51.56870525762986,
17583,51.40368738847968,
17584,34.126416543980895,
17585,38.04177458320845,
17586,39.295683633839076,
17587,35.5062353403481,
17588,35.42209867753104,
17589,49.43291261509705,
17590,52.98916125487136,
17591,52.62511627446224,
17592,36.21716875302752,
17593,35.853905641727806,
17594,37.09021015063007,
17595,33.353750639231464,
17596,33.27078321932811,
17597,47.08254362202911,
17598,50.586877256471894,
17599,50.228172558681706,
17600,34.05479165321731,
17601,42.196440989034556,
17602,43.484124250032664,
17603,39.5930299271613,
17604,39.5066507855592,
17605,53.89949091393754,
17606,57.555461163542645,
17607,57.18115662459917,
17608,40.32293661004775,
17609,35.838263910364404,
17610,37.12594717136251,
17611,33.234852848491144,
17612,33.14847370688905,
17613,47.54131383526739,
17614,51.19728408487249,
17615,50.822979545929016,
17616,33.964759531377595,
17617,34.00367852001833,
17618,35.29136178101644,
17619,31.400267458145073,
17620,31.31388831654298,
17621,45.70672844492132,
17622,49.36269869452642,
17623,48.988394155582945,
17624,32.130174141031524,
17625,37.40865704425281,
17626,38.69634030525092,
17627,34.80524598237955,
17628,34.71886684077746,
17629,49.1117069691558,
17630,52.7676772187609,
17631,52.393372679817425,
17632,35.535152665266004,
17633,37.715075216718844,
17634,39.00275847771695,
17635,35.111664154845585,
17636,35.02528501324349,
17637,49.41812514162183,
17638,53.07409539122693,
17639,52.699790852283456,
17640,35.841570837732036,
17641,38.01703479204485,
17642,39.310376877306624,
17643,35.44247805456831,
17644,35.35837614264739,
17645,50.07605272498114,
17646,53.904933405557756,
17647,53.6591031541472,
17648,36.54200062427873,
17649,40.13503117700964,
17650,41.40590044958708,
17651,37.56540702364441,
17652,37.480144151141076,
17653,51.68277479271694,
17654,55.28907998951422,
17655,54.919885353523796,
17656,38.28586900295113,
17657,37.832038356904434,
17658,39.08425436371391,
17659,35.29990184951316,
17660,35.215877622758285,
17661,49.20754618014945,
17662,52.75880019287126,
17663,52.39526901419481,
17664,36.009883983482496,
17665,47.46172706373744,
17666,48.74141711999681,
17667,44.8221811784602,
17668,44.73288973340027,
17669,58.69914552966031,
17670,62.13124797996409,
17671,61.592122862429676,
17672,45.073256101077845,
17673,25.86462913571535,
17674,27.14431919197472,
17675,23.225083250438107,
17676,23.13579180537818,
17677,37.10204760163822,
17678,40.53415005194199,
17679,39.99502493440758,
17680,23.476158173055754,
17681,25.61661932915261,
17682,26.89630938541198,
17683,22.977073443875366,
17684,22.887781998815438,
17685,36.854037795075484,
17686,40.28614024537926,
17687,39.74701512784485,
17688,23.228148366493013,
17689,31.198852117937676,
17690,32.478542174197045,
17691,28.559306232660433,
17692,28.470014787600505,
17693,42.43627058386055,
17694,45.86837303416432,
17695,45.32924791662991,
17696,28.81038115527808,
17697,32.239676114468864,
17698,33.51936617072823,
17699,29.60013022919162,
17700,29.510838784131693,
17701,43.477094580391736,
17702,46.90919703069551,
17703,46.3700719131611,
17704,29.851205151809268,
17705,33.24946360035398,
17706,34.54851948242151,
17707,30.708007391056128,
17708,30.626465949681744,
17709,45.69973152437262,
17710,49.72060908112098,
17711,49.61873991108081,
17712,32.21780770722967,
17713,34.59555876216757,
17714,35.77441275494823,
17715,32.16280862872446,
17716,32.08048462118137,
17717,44.934615165403045,
17718,48.08655485464334,
17719,47.59161752578302,
17720,32.39428223708791,
17721,34.59555876216757,
17722,35.77441275494823,
17723,32.16280862872446,
17724,32.08048462118137,
17725,44.934615165403045,
17726,48.08655485464334,
17727,47.59161752578302,
17728,32.39428223708791,
17729,47.46172706373744,
17730,48.74141711999681,
17731,44.8221811784602,
17732,44.73288973340027,
17733,58.69914552966031,
17734,62.13124797996409,
17735,61.592122862429676,
17736,45.073256101077845,
17737,47.46172706373744,
17738,48.74141711999681,
17739,44.8221811784602,
17740,44.73288973340027,
17741,58.69914552966031,
17742,62.13124797996409,
17743,61.592122862429676,
17744,45.073256101077845,
17745,43.636274968858096,
17746,44.915965025117465,
17747,40.99672908358085,
17748,40.907437638520925,
17749,54.87369343478097,
17750,58.30579588508474,
17751,57.76667076755033,
17752,41.2478040061985,
17753,47.46172706373744,
17754,48.74141711999681,
17755,44.8221811784602,
17756,44.73288973340027,
17757,58.69914552966031,
17758,62.13124797996409,
17759,61.592122862429676,
17760,45.073256101077845,
17761,47.46172706373744,
17762,48.74141711999681,
17763,44.8221811784602,
17764,44.73288973340027,
17765,58.69914552966031,
17766,62.13124797996409,
17767,61.592122862429676,
17768,45.073256101077845,
17769,47.46172706373744,
17770,48.74141711999681,
17771,44.8221811784602,
17772,44.73288973340027,
17773,58.69914552966031,
17774,62.13124797996409,
17775,61.592122862429676,
17776,45.073256101077845,
17777,47.46172706373744,
17778,48.74141711999681,
17779,44.8221811784602,
17780,44.73288973340027,
17781,58.69914552966031,
17782,62.13124797996409,
17783,61.592122862429676,
17784,45.073256101077845,
17785,47.46172706373744,
17786,48.74141711999681,
17787,44.8221811784602,
17788,44.73288973340027,
17789,58.69914552966031,
17790,62.13124797996409,
17791,61.592122862429676,
17792,45.073256101077845,
17793,47.46172706373744,
17794,48.74141711999681,
17795,44.8221811784602,
17796,44.73288973340027,
17797,58.69914552966031,
17798,62.13124797996409,
17799,61.592122862429676,
17800,45.073256101077845,
17801,31.213469428298414,
17802,32.49315948455778,
17803,28.57392354302117,
17804,28.484632097961242,
17805,42.45088789422128,
17806,45.882990344525055,
17807,45.343865226990644,
17808,28.824998465638817,
17809,30.70215541867877,
17810,31.98184547493814,
17811,28.062609533401528,
17812,27.9733180883416,
17813,41.93957388460164,
17814,45.371676334905416,
17815,44.832551217371005,
17816,28.313684456019175,
17817,35.22659330211167,
17818,36.506283358371036,
17819,32.58704741683442,
17820,32.497755971774495,
17821,46.46401176803454,
17822,49.89611421833831,
17823,49.3569891008039,
17824,32.83812233945207,
17825,36.009641862855716,
17826,37.289331919115085,
17827,33.37009597757847,
17828,33.280804532518545,
17829,47.24706032877859,
17830,50.67916277908236,
17831,50.14003766154795,
17832,33.62117090019612,
17833,36.650649764616446,
17834,37.94571020573318,
17835,34.08555941665463,
17836,34.00219539140977,
17837,48.823417169521065,
17838,52.70789891801195,
17839,52.503612521919194,
17840,35.30390648255127,
17841,39.21103128366417,
17842,40.425580386892534,
17843,36.7050597872381,
17844,36.620268369370706,
17845,49.867906803864344,
17846,53.11887347549248,
17847,52.608320165985276,
17848,36.94347475455669,
17849,39.21103128366417,
17850,40.425580386892534,
17851,36.7050597872381,
17852,36.620268369370706,
17853,49.867906803864344,
17854,53.11887347549248,
17855,52.608320165985276,
17856,36.94347475455669,
17857,47.46172706373744,
17858,48.74141711999681,
17859,44.8221811784602,
17860,44.73288973340027,
17861,58.69914552966031,
17862,62.13124797996409,
17863,61.592122862429676,
17864,45.073256101077845,
17865,37.69031238878706,
17866,38.97000244504643,
17867,35.05076650350982,
17868,34.96147505844989,
17869,48.927730854709935,
17870,52.35983330501371,
17871,51.8207081874793,
17872,35.30184142612747,
17873,36.494064151619376,
17874,37.773754207878746,
17875,33.85451826634213,
17876,33.765226821282205,
17877,47.73148261754225,
17878,51.16358506784602,
17879,50.62445995031161,
17880,34.10559318895978,
17881,40.10373408561216,
17882,41.38342414187153,
17883,37.46418820033492,
17884,37.37489675527499,
17885,51.34115255153503,
17886,54.773255001838805,
17887,54.234129884304394,
17888,37.715263122952564,
17889,40.574645636212175,
17890,41.854335692471544,
17891,37.93509975093493,
17892,37.845808305875,
17893,51.81206410213505,
17894,55.24416655243882,
17895,54.70504143490441,
17896,38.18617467355258,
17897,40.871554975101674,
17898,42.16109782717018,
17899,38.27727438025181,
17900,38.19162042949961,
17901,52.68875754860238,
17902,56.40000273516222,
17903,56.06665257890569,
17904,39.12535504415621,
17905,43.592687098466854,
17906,44.8416175753228,
17907,41.016207236421565,
17908,40.9290402568721,
17909,54.5558857815372,
17910,57.902388969716185,
17911,57.37676725621225,
17912,41.26130532197391,
17913,41.34956201703022,
17914,42.58083126545222,
17915,38.80929910574531,
17916,38.72335229267907,
17917,52.15538229958486,
17918,55.45279094202232,
17919,54.93491296488071,
17920,39.05096450415283,
17921,47.46172706373744,
17922,48.74141711999681,
17923,44.8221811784602,
17924,44.73288973340027,
17925,58.69914552966031,
17926,62.13124797996409,
17927,61.592122862429676,
17928,45.073256101077845,
17929,36.95948768002043,
17930,38.2391777362798,
17931,34.31994179474319,
17932,34.23065034968326,
17933,48.1969061459433,
17934,51.629008596247076,
17935,51.089883478712665,
17936,34.571016717360834,
17937,35.87029330764094,
17938,37.14998336390031,
17939,33.2307474223637,
17940,33.14145597730377,
17941,47.107711773563814,
17942,50.53981422386759,
17943,50.000689106333176,
17944,33.481822344981346,
17945,39.55341427479391,
17946,40.83310433105328,
17947,36.913868389516665,
17948,36.82457694445674,
17949,50.79083274071678,
17950,54.222935191020554,
17951,53.68381007348614,
17952,37.16494331213431,
17953,40.059546293286296,
17954,41.339236349545665,
17955,37.42000040800905,
17956,37.330708962949124,
17957,51.29696475920917,
17958,54.72906720951294,
17959,54.18994209197853,
17960,37.6710753306267,
17961,40.3895345523469,
17962,41.679738825822085,
17963,37.798579595658225,
17964,37.71318872376577,
17965,52.24796685487945,
17966,55.97921609580226,
17967,55.660713726611505,
17968,38.68942317783751,
17969,43.16810738965313,
17970,44.41368525385934,
17971,40.59850219697125,
17972,40.51156681995133,
17973,54.1014271301014,
17974,57.43860771169034,
17975,56.91445651929439,
17976,40.842948713558656,
17977,40.90782398692926,
17978,42.13563009431829,
17979,38.37466330195849,
17980,38.28895577913323,
17981,51.682790436642506,
17982,54.970576911909404,
17983,54.454216563895784,
17984,38.61565551104184,
17985,47.46172706373744,
17986,48.74141711999681,
17987,44.8221811784602,
17988,44.73288973340027,
17989,58.69914552966031,
17990,62.13124797996409,
17991,61.592122862429676,
17992,45.073256101077845,
17993,41.10354998506729,
17994,42.38324004132666,
17995,38.464004099790046,
17996,38.37471265473012,
17997,52.34096845099016,
17998,55.773070901293934,
17999,55.23394578375952,
18000,38.71507902240769,
18001,39.26896459472122,
18002,40.54865465098059,
18003,36.629418709443975,
18004,36.54012726438405,
18005,50.50638306064409,
18006,53.938485510947864,
18007,53.39936039341345,
18008,36.88049363206162,
18009,42.6739431189557,
18010,43.95363317521507,
18011,40.034397233678455,
18012,39.94510578861853,
18013,53.91136158487857,
18014,57.34346403518234,
18015,56.80433891764793,
18016,40.2854721562961,
18017,42.98036129142173,
18018,44.2600513476811,
18019,40.340815406144486,
18020,40.25152396108456,
18021,54.2177797573446,
18022,57.649882207648375,
18023,57.110757090113964,
18024,40.59189032876213,
18025,43.142545829995754,
18026,44.42886381544656,
18027,40.53262402294786,
18028,40.44572514490386,
18029,54.763336467031195,
18030,58.37957372248496,
18031,57.97589512393188,
18032,41.17757249092978,
18033,45.331137089654135,
18034,46.59384208697844,
18035,42.726413757066496,
18036,42.638295316932954,
18037,56.41711560518206,
18038,59.80193648553427,
18039,59.27027037424455,
18040,42.974188607516396,
18041,42.951406588734926,
18042,44.19527506001549,
18043,40.38530664040701,
18044,40.29848935398866,
18045,53.86949269953061,
18046,57.20192052150395,
18047,56.67851900559998,
18048,40.629420932434584,
18049,44.426491075929846,
18050,45.71090651354842,
18051,41.80774608674511,
18052,41.72013938231942,
18053,55.93466059868621,
18054,59.49663017356153,
18055,59.05291813916057,
18056,42.33664036880663,
18057,22.829393147907755,
18058,24.113808585526332,
18059,20.21064815872302,
18060,20.123041454297326,
18061,34.33756267066411,
18062,37.89953224553943,
18063,37.45582021113847,
18064,20.739542440784536,
18065,22.581383341345013,
18066,23.86579877896359,
18067,19.96263835216028,
18068,19.875031647734584,
18069,34.08955286410138,
18070,37.6515224389767,
18071,37.20781040457574,
18072,20.491532634221794,
18073,28.16361613013008,
18074,29.448031567748657,
18075,25.544871140945347,
18076,25.45726443651965,
18077,39.67178565288644,
18078,43.23375522776176,
18079,42.7900431933608,
18080,26.07376542300686,
18081,29.204440126661268,
18082,30.488855564279845,
18083,26.585695137476534,
18084,26.49808843305084,
18085,40.71260964941763,
18086,44.27457922429295,
18087,43.83086718989199,
18088,27.11458941953805,
18089,30.47619489423255,
18090,31.778210901231375,
18091,27.954084039187137,
18092,27.874013756558156,
18093,43.14675584763904,
18094,47.27671454772451,
18095,47.25729525997008,
18096,29.69695544488809,
18097,31.79798034404365,
18098,32.982086139943476,
18099,29.382572505892426,
18100,29.301740789284793,
18101,42.393828284966844,
18102,45.66724223642183,
18103,45.259634294494106,
18104,29.870527531049447,
18105,31.79798034404365,
18106,32.982086139943476,
18107,29.382572505892426,
18108,29.301740789284793,
18109,42.393828284966844,
18110,45.66724223642183,
18111,45.259634294494106,
18112,29.870527531049447,
18113,44.426491075929846,
18114,45.71090651354842,
18115,41.80774608674511,
18116,41.72013938231942,
18117,55.93466059868621,
18118,59.49663017356153,
18119,59.05291813916057,
18120,42.33664036880663,
18121,44.426491075929846,
18122,45.71090651354842,
18123,41.80774608674511,
18124,41.72013938231942,
18125,55.93466059868621,
18126,59.49663017356153,
18127,59.05291813916057,
18128,42.33664036880663,
18129,40.6010389810505,
18130,41.88545441866908,
18131,37.98229399186577,
18132,37.89468728744007,
18133,52.10920850380686,
18134,55.67117807868218,
18135,55.22746604428122,
18136,38.51118827392728,
18137,44.426491075929846,
18138,45.71090651354842,
18139,41.80774608674511,
18140,41.72013938231942,
18141,55.93466059868621,
18142,59.49663017356153,
18143,59.05291813916057,
18144,42.33664036880663,
18145,44.426491075929846,
18146,45.71090651354842,
18147,41.80774608674511,
18148,41.72013938231942,
18149,55.93466059868621,
18150,59.49663017356153,
18151,59.05291813916057,
18152,42.33664036880663,
18153,44.426491075929846,
18154,45.71090651354842,
18155,41.80774608674511,
18156,41.72013938231942,
18157,55.93466059868621,
18158,59.49663017356153,
18159,59.05291813916057,
18160,42.33664036880663,
18161,44.426491075929846,
18162,45.71090651354842,
18163,41.80774608674511,
18164,41.72013938231942,
18165,55.93466059868621,
18166,59.49663017356153,
18167,59.05291813916057,
18168,42.33664036880663,
18169,44.426491075929846,
18170,45.71090651354842,
18171,41.80774608674511,
18172,41.72013938231942,
18173,55.93466059868621,
18174,59.49663017356153,
18175,59.05291813916057,
18176,42.33664036880663,
18177,44.426491075929846,
18178,45.71090651354842,
18179,41.80774608674511,
18180,41.72013938231942,
18181,55.93466059868621,
18182,59.49663017356153,
18183,59.05291813916057,
18184,42.33664036880663,
18185,28.178233440490818,
18186,29.462648878109395,
18187,25.559488451306084,
18188,25.47188174688039,
18189,39.686402963247176,
18190,43.248372538122496,
18191,42.804660503721536,
18192,26.0883827333676,
18193,27.666919430871175,
18194,28.951334868489752,
18195,25.04817444168644,
18196,24.960567737260746,
18197,39.17508895362754,
18198,42.73705852850286,
18199,42.2933464941019,
18200,25.577068723747956,
18201,32.19135731430407,
18202,33.47577275192265,
18203,29.572612325119337,
18204,29.48500562069364,
18205,43.69952683706043,
18206,47.26149641193575,
18207,46.81778437753479,
18208,30.101506607180852,
18209,32.97440587504812,
18210,34.2588213126667,
18211,30.355660885863387,
18212,30.26805418143769,
18213,44.48257539780448,
18214,48.0445449726798,
18215,47.60083293827884,
18216,30.8845551679249,
18217,33.815754842942056,
18218,35.114173399112246,
18219,31.270356609791634,
18220,31.188513112713963,
18221,46.22037901134115,
18222,50.218746297093844,
18223,50.09992372403872,
18224,32.732058997680724,
18225,36.329302063253124,
18226,37.54892970996224,
18227,33.84187099696294,
18228,33.758639144174936,
18229,47.2480213244055,
18230,50.62346225827412,
18231,50.20309110820176,
18232,34.34432879497649,
18233,36.329302063253124,
18234,37.54892970996224,
18235,33.84187099696294,
18236,33.758639144174936,
18237,47.2480213244055,
18238,50.62346225827412,
18239,50.20309110820176,
18240,34.34432879497649,
18241,44.426491075929846,
18242,45.71090651354842,
18243,41.80774608674511,
18244,41.72013938231942,
18245,55.93466059868621,
18246,59.49663017356153,
18247,59.05291813916057,
18248,42.33664036880663,
18249,34.65507640097947,
18250,35.939491838598045,
18251,32.036331411794734,
18252,31.94872470736904,
18253,46.16324592373583,
18254,49.72521549861115,
18255,49.28150346421019,
18256,32.56522569385625,
18257,33.45882816381178,
18258,34.74324360143036,
18259,30.840083174627047,
18260,30.75247647020135,
18261,44.96699768656814,
18262,48.52896726144346,
18263,48.0852552270425,
18264,31.36897745668856,
18265,37.068498097804564,
18266,38.35291353542314,
18267,34.44975310861983,
18268,34.362146404194135,
18269,48.576667620560926,
18270,52.138637195436246,
18271,51.694925161035286,
18272,34.978647390681346,
18273,37.53940964840458,
18274,38.823825086023156,
18275,34.920664659219845,
18276,34.83305795479415,
18277,49.04757917116094,
18278,52.60954874603626,
18279,52.1658367116353,
18280,35.44955894128136,
18281,37.9592483721695,
18282,39.252664443564015,
18283,35.38509165319266,
18284,35.301021013582215,
18285,50.023103205471216,
18286,53.854344646076754,
18287,53.610275947450816,
18288,36.489659617473365,
18289,40.62992713004223,
18290,41.8837556463111,
18291,38.07316898625078,
18292,37.98762725626352,
18293,51.85972072298887,
18294,55.3335576239179,
18295,54.90087498215661,
18296,38.58958473453356,
18297,38.42842361472134,
18298,39.66468528204064,
18299,35.907272296644976,
18300,35.82291688418405,
18301,49.49841221206697,
18302,52.921689382417014,
18303,52.495333176543454,
18304,36.41651938681309,
18305,44.426491075929846,
18306,45.71090651354842,
18307,41.80774608674511,
18308,41.72013938231942,
18309,55.93466059868621,
18310,59.49663017356153,
18311,59.05291813916057,
18312,42.33664036880663,
18313,33.924251692212835,
18314,35.20866712983141,
18315,31.305506703028104,
18316,31.21789999860241,
18317,45.432421214969196,
18318,48.994390789844516,
18319,48.550678755443556,
18320,31.83440098508962,
18321,32.835057319833346,
18322,34.11947275745192,
18323,30.216312330648613,
18324,30.128705626222917,
18325,44.34322684258971,
18326,47.90519641746503,
18327,47.46148438306407,
18328,30.745206612710128,
18329,36.51817828698631,
18330,37.80259372460489,
18331,33.89943329780158,
18332,33.81182659337588,
18333,48.026347809742674,
18334,51.588317384617994,
18335,51.144605350217034,
18336,34.428327579863094,
18337,37.0243103054787,
18338,38.30872574309728,
18339,34.405565316293966,
18340,34.31795861186827,
18341,48.53247982823506,
18342,52.09444940311038,
18343,51.65073736870942,
18344,34.93445959835548,
18345,37.48612048670918,
18346,38.780137955655164,
18347,34.915240022784076,
18348,34.83142520681332,
18349,49.58949034140227,
18350,53.440029669967544,
18351,53.21036846151918,
18352,36.06105043107863,
18353,40.21324794855707,
18354,41.46374203616148,
18355,37.66324811881856,
18356,37.577931548424715,
18357,51.412704228658356,
18358,54.87694098365324,
18359,54.445459638038415,
18360,38.178303265655074,
18361,37.994847731444224,
18362,39.22766435458283,
18363,35.48067982135257,
18364,35.39655708842787,
18365,49.03350320568438,
18366,52.446869995659654,
18367,52.02175377985873,
18368,35.98852089683254,
18369,44.426491075929846,
18370,45.71090651354842,
18371,41.80774608674511,
18372,41.72013938231942,
18373,55.93466059868621,
18374,59.49663017356153,
18375,59.05291813916057,
18376,42.33664036880663,
18377,38.06831399725969,
18378,39.35272943487827,
18379,35.44956900807496,
18380,35.361962303649264,
18381,49.576483520016055,
18382,53.138453094891375,
18383,52.694741060490415,
18384,35.978463290136474,
18385,36.23372860691362,
18386,37.5181440445322,
18387,33.61498361772889,
18388,33.52737691330319,
18389,47.741898129669984,
18390,51.303867704545304,
18391,50.860155670144344,
18392,34.143877899790404,
18393,39.6387071311481,
18394,40.92312256876668,
18395,37.01996214196337,
18396,36.93235543753767,
18397,51.146876653904464,
18398,54.708846228779784,
18399,54.265134194378824,
18400,37.54885642402488,
18401,39.945125303614134,
18402,41.22954074123271,
18403,37.3263803144294,
18404,37.238773610003705,
18405,51.453294826370495,
18406,55.015264401245815,
18407,54.571552366844855,
18408,37.855274596490915,
18409,40.18816170179912,
18410,41.47863990459092,
18411,37.59859668996313,
18412,37.51331560394988,
18413,52.06377083150244,
18414,55.803360336302944,
18415,55.49105262410433,
18416,38.50726871608629,
18417,42.33591928093114,
18418,43.60344629468187,
18419,39.75139834673951,
18420,39.66493171285549,
18421,53.69036485291832,
18422,57.20365682395135,
18423,56.76603680392998,
18424,40.273403187718316,
18425,40.00057546209109,
18426,41.249369379957216,
18427,37.45402164724078,
18428,37.368819885532616,
18429,51.184563995389,
18430,54.64390637486173,
18431,54.213037468780726,
18432,37.96838302655681,
18433,60.50009555652127,
18434,62.46323753736243,
18435,57.71529877965787,
18436,57.62317641783653,
18437,70.9974978650439,
18438,74.16030590784874,
18439,73.03567864258008,
18440,55.825292368495866,
18441,38.90299762849918,
18442,40.86613960934034,
18443,36.11820085163578,
18444,36.02607848981444,
18445,49.4003999370218,
18446,52.56320797982664,
18447,51.438580714557986,
18448,34.22819444047377,
18449,38.654987821936444,
18450,40.6181298027776,
18451,35.87019104507304,
18452,35.7780686832517,
18453,49.15239013045907,
18454,52.31519817326391,
18455,51.19057090799525,
18456,33.98018463391104,
18457,44.23722061072151,
18458,46.200362591562666,
18459,41.452423833858106,
18460,41.36030147203677,
18461,54.73462291924413,
18462,57.89743096204897,
18463,56.772803696780315,
18464,39.5624174226961,
18465,45.278044607252696,
18466,47.24118658809385,
18467,42.49324783038929,
18468,42.401125468567955,
18469,55.77544691577532,
18470,58.93825495858016,
18471,57.8136276933115,
18472,40.60324141922729,
18473,45.822097023220294,
18474,47.60400340625529,
18475,43.14818360993985,
18476,43.06399344852582,
18477,56.987044978298684,
18478,61.06857371282399,
18479,60.4723259725269,
18480,42.59214292163142,
18481,46.58889064565386,
18482,48.391300704929336,
18483,44.030581121250236,
18484,43.9459206259848,
18485,56.21655481011919,
18486,59.112372430843095,
18487,58.08294313036049,
18488,42.29327385110594,
18489,46.58889064565386,
18490,48.391300704929336,
18491,44.030581121250236,
18492,43.9459206259848,
18493,56.21655481011919,
18494,59.112372430843095,
18495,58.08294313036049,
18496,42.29327385110594,
18497,60.50009555652127,
18498,62.46323753736243,
18499,57.71529877965787,
18500,57.62317641783653,
18501,70.9974978650439,
18502,74.16030590784874,
18503,73.03567864258008,
18504,55.825292368495866,
18505,60.50009555652127,
18506,62.46323753736243,
18507,57.71529877965787,
18508,57.62317641783653,
18509,70.9974978650439,
18510,74.16030590784874,
18511,73.03567864258008,
18512,55.825292368495866,
18513,56.67464346164193,
18514,58.637785442483086,
18515,53.889846684778526,
18516,53.79772432295719,
18517,67.17204577016454,
18518,70.33485381296938,
18519,69.21022654770073,
18520,51.99984027361652,
18521,60.50009555652127,
18522,62.46323753736243,
18523,57.71529877965787,
18524,57.62317641783653,
18525,70.9974978650439,
18526,74.16030590784874,
18527,73.03567864258008,
18528,55.825292368495866,
18529,60.50009555652127,
18530,62.46323753736243,
18531,57.71529877965787,
18532,57.62317641783653,
18533,70.9974978650439,
18534,74.16030590784874,
18535,73.03567864258008,
18536,55.825292368495866,
18537,60.50009555652127,
18538,62.46323753736243,
18539,57.71529877965787,
18540,57.62317641783653,
18541,70.9974978650439,
18542,74.16030590784874,
18543,73.03567864258008,
18544,55.825292368495866,
18545,60.50009555652127,
18546,62.46323753736243,
18547,57.71529877965787,
18548,57.62317641783653,
18549,70.9974978650439,
18550,74.16030590784874,
18551,73.03567864258008,
18552,55.825292368495866,
18553,60.50009555652127,
18554,62.46323753736243,
18555,57.71529877965787,
18556,57.62317641783653,
18557,70.9974978650439,
18558,74.16030590784874,
18559,73.03567864258008,
18560,55.825292368495866,
18561,60.50009555652127,
18562,62.46323753736243,
18563,57.71529877965787,
18564,57.62317641783653,
18565,70.9974978650439,
18566,74.16030590784874,
18567,73.03567864258008,
18568,55.825292368495866,
18569,44.25183792108224,
18570,46.2149799019234,
18571,41.46704114421884,
18572,41.3749187823975,
18573,54.749240229604865,
18574,57.912048272409706,
18575,56.78742100714105,
18576,39.577034733056834,
18577,43.7405239114626,
18578,45.70366589230376,
18579,40.9557271345992,
18580,40.86360477277786,
18581,54.237926219985226,
18582,57.40073426279007,
18583,56.27610699752141,
18584,39.065720723437195,
18585,48.2649617948955,
18586,50.228103775736656,
18587,45.480165018032096,
18588,45.38804265621076,
18589,58.76236410341812,
18590,61.92517214622296,
18591,60.800544880954305,
18592,43.59015860687009,
18593,49.04801035563955,
18594,51.011152336480706,
18595,46.263213578776146,
18596,46.17109121695481,
18597,59.54541266416217,
18598,62.70822070696701,
18599,61.583593441698355,
18600,44.37320716761414,
18601,49.33568032631052,
18602,51.16017038643167,
18603,46.63512643855739,
18604,46.54907003490973,
18605,60.34958208010261,
18606,64.21811795915323,
18607,63.49810255821694,
18608,45.76934643627072,
18609,51.57403135812888,
18610,53.43324675269986,
18611,48.935654401089494,
18612,48.848355536561655,
18613,61.508915364278835,
18614,64.49896480408171,
18615,63.43594040270841,
18616,47.14434982819853,
18617,51.57403135812888,
18618,53.43324675269986,
18619,48.935654401089494,
18620,48.848355536561655,
18621,61.508915364278835,
18622,64.49896480408171,
18623,63.43594040270841,
18624,47.14434982819853,
18625,60.50009555652127,
18626,62.46323753736243,
18627,57.71529877965787,
18628,57.62317641783653,
18629,70.9974978650439,
18630,74.16030590784874,
18631,73.03567864258008,
18632,55.825292368495866,
18633,50.728680881570895,
18634,52.69182286241205,
18635,47.94388410470749,
18636,47.851761742886154,
18637,61.22608319009352,
18638,64.38889123289836,
18639,63.2642639676297,
18640,46.05387769354549,
18641,49.53243264440321,
18642,51.495574625244366,
18643,46.747635867539806,
18644,46.65551350571847,
18645,60.02983495292583,
18646,63.19264299573067,
18647,62.068015730462015,
18648,44.8576294563778,
18649,53.14210257839599,
18650,55.10524455923715,
18651,50.35730580153259,
18652,50.26518343971125,
18653,63.639504886918616,
18654,66.80231292972346,
18655,65.6776856644548,
18656,48.467299390370584,
18657,53.61301412899601,
18658,55.576156109837164,
18659,50.828217352132604,
18660,50.736094990311265,
18661,64.11041643751864,
18662,67.27322448032348,
18663,66.14859721505482,
18664,48.9382109409706,
18665,53.695248497741545,
18666,55.57327529164888,
18667,50.96172506027699,
18668,50.87332458999697,
18669,64.51406811599344,
18670,68.11223589831417,
18671,67.23625930899533,
18672,49.70322864998718,
18673,56.312026496473834,
18674,58.22605261657509,
18675,53.59641753317027,
18676,53.506574212137025,
18677,66.54350947440923,
18678,69.62461410791803,
18679,68.52912280466677,
18680,51.75304382119873,
18681,53.88582123609831,
18682,55.77168015188698,
18683,51.2098988388787,
18684,51.12136295799871,
18685,63.96486185988721,
18686,66.99915716994468,
18687,65.92035685966147,
18688,49.39327951808957,
18689,60.50009555652127,
18690,62.46323753736243,
18691,57.71529877965787,
18692,57.62317641783653,
18693,70.9974978650439,
18694,74.16030590784874,
18695,73.03567864258008,
18696,55.825292368495866,
18697,49.99785617280426,
18698,51.96099815364542,
18699,47.21305939594086,
18700,47.12093703411952,
18701,60.495258481326886,
18702,63.658066524131726,
18703,62.53343925886307,
18704,45.323052984778855,
18705,48.908661800424774,
18706,50.87180378126593,
18707,46.12386502356137,
18708,46.03174266174003,
18709,59.4060641089474,
18710,62.56887215175224,
18711,61.44424488648358,
18712,44.23385861239937,
18713,52.59178276757774,
18714,54.5549247484189,
18715,49.80698599071434,
18716,49.714863628893,
18717,63.089185076100364,
18718,66.2519931189052,
18719,65.12736585363655,
18720,47.91697957955233,
18721,53.09791478607013,
18722,55.061056766911285,
18723,50.313118009206725,
18724,50.22099564738539,
18725,63.59531709459275,
18726,66.7581251373976,
18727,65.63349787212894,
18728,48.42311159804472,
18729,53.19743908707147,
18730,55.06931343106186,
18731,50.46767559170894,
18732,50.37954438031363,
18733,64.03896342070811,
18734,67.66834332565355,
18735,66.81030853936545,
18736,49.25449211900775,
18737,55.85268741726435,
18738,57.761364691411416,
18739,53.1446143100369,
18740,53.05501924190594,
18741,66.05521887981712,
18742,69.12743198987454,
18743,68.03511125893323,
18744,51.306320522630756,
18745,53.408191853728795,
18746,55.28853043637122,
18747,50.74004812802451,
18748,50.65176852331831,
18749,63.45736117097664,
18750,66.48248656736985,
18751,65.40695588081905,
18752,48.92867321880442,
18753,60.50009555652127,
18754,62.46323753736243,
18755,57.71529877965787,
18756,57.62317641783653,
18757,70.9974978650439,
18758,74.16030590784874,
18759,73.03567864258008,
18760,55.825292368495866,
18761,54.14191847785112,
18762,56.10506045869228,
18763,51.35712170098772,
18764,51.26499933916638,
18765,64.63932078637374,
18766,67.80212882917859,
18767,66.67750156390993,
18768,49.46711528982571,
18769,52.30733308750505,
18770,54.27047506834621,
18771,49.52253631064165,
18772,49.43041394882031,
18773,62.804735396027674,
18774,65.96754343883251,
18775,64.84291617356385,
18776,47.63252989947964,
18777,55.71231161173953,
18778,57.67545359258069,
18779,52.92751483487613,
18780,52.83539247305479,
18781,66.20971392026215,
18782,69.37252196306699,
18783,68.24789469779833,
18784,51.03750842371412,
18785,56.01872978420556,
18786,57.98187176504672,
18787,53.23393300734216,
18788,53.14181064552082,
18789,66.51613209272818,
18790,69.67894013553303,
18791,68.55431287026437,
18792,51.343926596180154,
18793,56.040467706845334,
18794,57.947615182624645,
18795,53.28924745736231,
18796,53.199572954834196,
18797,66.75083902777988,
18798,70.20079259869982,
18799,69.23983314339205,
18800,51.815652688928765,
18801,58.19331529199064,
18802,60.12932692837836,
18803,55.44673380123413,
18804,55.35587020192196,
18805,68.54381463945498,
18806,71.66147915815742,
18807,70.55295077768994,
18808,53.5824830332034,
18809,55.618264875979776,
18810,57.5242152812213,
18811,52.91403367179083,
18812,52.82456516876613,
18813,65.8060373006195,
18814,68.8737179368149,
18815,67.78301339681013,
18816,51.07832976988482,
18817,66.11986135723896,
18818,68.15472029122856,
18819,63.292894157269416,
18820,63.19764013917904,
18821,76.33633787854217,
18822,79.12748951253815,
18823,77.79281488787353,
18824,60.86441190101755,
18825,44.522763429216866,
18826,46.55762236320646,
18827,41.69579622924732,
18828,41.60054221115695,
18829,54.73923995052007,
18830,57.53039158451605,
18831,56.19571695985144,
18832,39.26731397299545,
18833,44.27475362265413,
18834,46.30961255664373,
18835,41.44778642268459,
18836,41.352532404594214,
18837,54.49123014395734,
18838,57.28238177795332,
18839,55.947707153288704,
18840,39.01930416643272,
18841,49.856986411439195,
18842,51.89184534542879,
18843,47.03001921146965,
18844,46.93476519337928,
18845,60.0734629327424,
18846,62.86461456673838,
18847,61.52993994207377,
18848,44.60153695521778,
18849,50.89781040797038,
18850,52.93266934195998,
18851,48.07084320800084,
18852,47.975589189910465,
18853,61.11428692927359,
18854,63.90543856326957,
18855,62.570763938604955,
18856,45.64236095174897,
18857,50.95448425259298,
18858,52.798763197279584,
18859,48.24167701688776,
18860,48.15475389088897,
18861,61.89693766337933,
18862,65.66586443929577,
18863,64.88824479315349,
18864,47.23115699904906,
18865,51.74618304733974,
18866,53.61180060800734,
18867,49.15276357938882,
18868,49.0653469995861,
18869,61.10338671740118,
18870,63.65563843593361,
18871,62.435422769489435,
18872,46.92344547612851,
18873,51.74618304733974,
18874,53.61180060800734,
18875,49.15276357938882,
18876,49.0653469995861,
18877,61.10338671740118,
18878,63.65563843593361,
18879,62.435422769489435,
18880,46.92344547612851,
18881,66.11986135723896,
18882,68.15472029122856,
18883,63.292894157269416,
18884,63.19764013917904,
18885,76.33633787854217,
18886,79.12748951253815,
18887,77.79281488787353,
18888,60.86441190101755,
18889,66.11986135723896,
18890,68.15472029122856,
18891,63.292894157269416,
18892,63.19764013917904,
18893,76.33633787854217,
18894,79.12748951253815,
18895,77.79281488787353,
18896,60.86441190101755,
18897,62.294409262359615,
18898,64.3292681963492,
18899,59.46744206239007,
18900,59.3721880442997,
18901,72.51088578366281,
18902,75.3020374176588,
18903,73.96736279299418,
18904,57.0389598061382,
18905,66.11986135723896,
18906,68.15472029122856,
18907,63.292894157269416,
18908,63.19764013917904,
18909,76.33633787854217,
18910,79.12748951253815,
18911,77.79281488787353,
18912,60.86441190101755,
18913,66.11986135723896,
18914,68.15472029122856,
18915,63.292894157269416,
18916,63.19764013917904,
18917,76.33633787854217,
18918,79.12748951253815,
18919,77.79281488787353,
18920,60.86441190101755,
18921,66.11986135723896,
18922,68.15472029122856,
18923,63.292894157269416,
18924,63.19764013917904,
18925,76.33633787854217,
18926,79.12748951253815,
18927,77.79281488787353,
18928,60.86441190101755,
18929,66.11986135723896,
18930,68.15472029122856,
18931,63.292894157269416,
18932,63.19764013917904,
18933,76.33633787854217,
18934,79.12748951253815,
18935,77.79281488787353,
18936,60.86441190101755,
18937,66.11986135723896,
18938,68.15472029122856,
18939,63.292894157269416,
18940,63.19764013917904,
18941,76.33633787854217,
18942,79.12748951253815,
18943,77.79281488787353,
18944,60.86441190101755,
18945,66.11986135723896,
18946,68.15472029122856,
18947,63.292894157269416,
18948,63.19764013917904,
18949,76.33633787854217,
18950,79.12748951253815,
18951,77.79281488787353,
18952,60.86441190101755,
18953,49.87160372179993,
18954,51.906462655789525,
18955,47.044636521830384,
18956,46.94938250374001,
18957,60.088080243103136,
18958,62.879231877099116,
18959,61.5445572524345,
18960,44.616154265578515,
18961,49.36028971218029,
18962,51.395148646169886,
18963,46.533322512210745,
18964,46.43806849412037,
18965,59.5767662334835,
18966,62.36791786747948,
18967,61.03324324281486,
18968,44.10484025595888,
18969,53.884727595613185,
18970,55.91958652960278,
18971,51.05776039564364,
18972,50.96250637755327,
18973,64.10120411691639,
18974,66.89235575091237,
18975,65.55768112624776,
18976,48.62927813939177,
18977,54.667776156357235,
18978,56.70263509034683,
18979,51.84080895638769,
18980,51.74555493829732,
18981,64.88425267766044,
18982,67.67540431165642,
18983,66.3407296869918,
18984,49.41232670013582,
18985,54.582690183006946,
18986,56.47170998615354,
18987,51.84246697571797,
18988,51.753585479275046,
18989,65.36076043141867,
18990,68.90307034708468,
18991,67.99502450643058,
18992,50.502891650284425,
18993,56.894733150553975,
18994,58.820122373093284,
18995,54.21880634753825,
18996,54.12862047941587,
18997,66.55525824471277,
18998,69.19177479795144,
18999,67.93119070100704,
19000,51.919105424950146,
19001,56.894733150553975,
19002,58.820122373093284,
19003,54.21880634753825,
19004,54.12862047941587,
19005,66.55525824471277,
19006,69.19177479795144,
19007,67.93119070100704,
19008,51.919105424950146,
19009,66.11986135723896,
19010,68.15472029122856,
19011,63.292894157269416,
19012,63.19764013917904,
19013,76.33633787854217,
19014,79.12748951253815,
19015,77.79281488787353,
19016,60.86441190101755,
19017,56.34844668228858,
19018,58.38330561627818,
19019,53.52147948231904,
19020,53.426225464228665,
19021,66.56492320359179,
19022,69.35607483758777,
19023,68.02140021292315,
19024,51.09299722606717,
19025,55.152198445120895,
19026,57.18705737911049,
19027,52.32523124515135,
19028,52.22997722706098,
19029,65.36867496642411,
19030,68.15982660042009,
19031,66.82515197575547,
19032,49.89674898889948,
19033,58.76186837911368,
19034,60.796727313103275,
19035,55.934901179144134,
19036,55.83964716105376,
19037,68.97834490041689,
19038,71.76949653441287,
19039,70.43482190974825,
19040,53.506418922892266,
19041,59.23277992971369,
19042,61.26763886370329,
19043,56.40581272974415,
19044,56.310558711653776,
19045,69.44925645101691,
19046,72.24040808501289,
19047,70.90573346034827,
19048,53.97733047349228,
19049,59.086267934294256,
19050,61.03157021694392,
19051,56.31210515986146,
19052,56.220762411745056,
19053,69.65214341544367,
19054,72.90673439947045,
19055,71.83428581508281,
19056,54.555159308944724,
19057,61.79043775530482,
19058,63.77354258995899,
19059,59.03486707202836,
19060,58.94200853691768,
19061,71.7440080968961,
19062,74.46200369870797,
19063,73.16238204041076,
19064,56.66724937312961,
19065,59.283181065785755,
19066,61.236620672675485,
19067,56.56854342861607,
19068,56.4770584508492,
19069,69.08610997709144,
19070,71.76221244139248,
19071,70.48266272494834,
19072,54.23582877400327,
19073,66.11986135723896,
19074,68.15472029122856,
19075,63.292894157269416,
19076,63.19764013917904,
19077,76.33633787854217,
19078,79.12748951253815,
19079,77.79281488787353,
19080,60.86441190101755,
19081,55.61762197352195,
19082,57.652480907511546,
19083,52.790654773552404,
19084,52.69540075546203,
19085,65.83409849482516,
19086,68.62525012882114,
19087,67.29057550415652,
19088,50.362172517300536,
19089,54.52842760114246,
19090,56.56328653513206,
19091,51.701460401172916,
19092,51.606206383082544,
19093,64.74490412244566,
19094,67.53605575644164,
19095,66.20138113177703,
19096,49.27297814492105,
19097,58.21154856829543,
19098,60.246407502285024,
19099,55.38458136832588,
19100,55.28932735023551,
19101,68.42802508959863,
19102,71.21917672359461,
19103,69.88450209893,
19104,52.956099112074014,
19105,58.717680586787814,
19106,60.75253952077741,
19107,55.89071338681827,
19108,55.7954593687279,
19109,68.93415710809103,
19110,71.72530874208701,
19111,70.3906341174224,
19112,53.4622311305664,
19113,58.571914173188816,
19114,60.510746569101684,
19115,55.801622538319236,
19116,55.7105625924828,
19117,69.16248030751706,
19118,72.45028978363922,
19119,71.39675700830327,
19120,54.0928436060633,
19121,61.31570656795685,
19122,63.293177244793014,
19123,58.567909579253865,
19124,58.47531188967167,
19125,71.24066327776274,
19126,73.9507001119045,
19127,72.65489175093217,
19128,56.206919941717615,
19129,58.78966800742444,
19130,60.73729497913308,
19131,56.08305159630157,
19132,55.991835795790564,
19133,68.56308483296357,
19134,71.23098211459109,
19135,69.95536357347919,
19136,53.75717723446792,
19137,66.11986135723896,
19138,68.15472029122856,
19139,63.292894157269416,
19140,63.19764013917904,
19141,76.33633787854217,
19142,79.12748951253815,
19143,77.79281488787353,
19144,60.86441190101755,
19145,59.76168427856881,
19146,61.796543212558404,
19147,56.93471707859926,
19148,56.83946306050889,
19149,69.97816079987201,
19150,72.769312433868,
19151,71.43463780920338,
19152,54.506234822347395,
19153,57.92709888822274,
19154,59.961957822212334,
19155,55.10013168825319,
19156,55.00487767016282,
19157,68.14357540952594,
19158,70.93472704352192,
19159,69.6000524188573,
19160,52.671649432001324,
19161,61.33207741245722,
19162,63.36693634644681,
19163,58.50511021248767,
19164,58.4098561943973,
19165,71.54855393376042,
19166,74.3397055677564,
19167,73.00503094309178,
19168,56.076627956235804,
19169,61.63849558492325,
19170,63.673354518912845,
19171,58.811528384953704,
19172,58.71627436686333,
19173,71.85497210622646,
19174,74.64612374022244,
19175,73.31144911555782,
19176,56.383046128701835,
19177,61.509776574341515,
19178,63.48570865819613,
19179,58.717391636138075,
19180,58.62471048480853,
19181,71.9577364164632,
19182,75.05457357908523,
19183,73.8925184995399,
19184,56.73176668830189,
19185,63.73499684173498,
19186,65.7412640514371,
19187,60.947470464127264,
19188,60.85353970845159,
19189,73.80621487900856,
19190,76.5569404076004,
19191,75.24163644675951,
19192,58.552608739145626,
19193,61.073437186143735,
19194,63.04803569245723,
19195,58.329603147033254,
19196,58.23713843563877,
19197,70.98380785238948,
19198,73.68978788219647,
19199,72.39592325130639,
19200,55.971992510059636,
19201,62.88008372836259,
19202,64.87344069094172,
19203,60.077408483081115,
19204,59.98396625391234,
19205,73.26021935790618,
19206,76.26695889256132,
19207,75.05388958023241,
19208,57.96122257686136,
19209,41.2829858003405,
19210,43.276342762919626,
19211,38.48031055505902,
19212,38.38686832589025,
19213,51.663121429884086,
19214,54.669860964539225,
19215,53.45679165221031,
19216,36.364124648839265,
19217,41.03497599377776,
19218,43.02833295635689,
19219,38.232300748496286,
19220,38.13885851932751,
19221,51.41511162332135,
19222,54.42185115797649,
19223,53.20878184564758,
19224,36.11611484227653,
19225,46.61720878256283,
19226,48.610565745141955,
19227,43.81453353728135,
19228,43.72109130811258,
19229,56.997344412106415,
19230,60.004083946761554,
19231,58.79101463443264,
19232,41.698347631061594,
19233,47.658032779094015,
19234,49.65138974167314,
19235,44.85535753381254,
19236,44.761915304643765,
19237,58.0381684086376,
19238,61.04490794329274,
19239,59.83183863096383,
19240,42.73917162759278,
19241,47.996607060047836,
19242,49.804808542006015,
19243,45.30619897475469,
19244,45.22085623675673,
19245,59.06872588161809,
19246,63.018955076975544,
19247,62.346313509066476,
19248,44.55917838227481,
19249,48.773903893312195,
19250,50.60296019002146,
19251,46.20069529717813,
19252,46.11487252022249,
19253,58.28849990134239,
19254,61.0399233762617,
19255,59.930109709959595,
19256,44.256575660148656,
19257,48.773903893312195,
19258,50.60296019002146,
19259,46.20069529717813,
19260,46.11487252022249,
19261,58.28849990134239,
19262,61.0399233762617,
19263,59.930109709959595,
19264,44.256575660148656,
19265,62.88008372836259,
19266,64.87344069094172,
19267,60.077408483081115,
19268,59.98396625391234,
19269,73.26021935790618,
19270,76.26695889256132,
19271,75.05388958023241,
19272,57.96122257686136,
19273,62.88008372836259,
19274,64.87344069094172,
19275,60.077408483081115,
19276,59.98396625391234,
19277,73.26021935790618,
19278,76.26695889256132,
19279,75.05388958023241,
19280,57.96122257686136,
19281,59.05463163348325,
19282,61.047988596062375,
19283,56.25195638820177,
19284,56.158514159033,
19285,69.43476726302683,
19286,72.44150679768197,
19287,71.22843748535306,
19288,54.135770481982014,
19289,62.88008372836259,
19290,64.87344069094172,
19291,60.077408483081115,
19292,59.98396625391234,
19293,73.26021935790618,
19294,76.26695889256132,
19295,75.05388958023241,
19296,57.96122257686136,
19297,62.88008372836259,
19298,64.87344069094172,
19299,60.077408483081115,
19300,59.98396625391234,
19301,73.26021935790618,
19302,76.26695889256132,
19303,75.05388958023241,
19304,57.96122257686136,
19305,62.88008372836259,
19306,64.87344069094172,
19307,60.077408483081115,
19308,59.98396625391234,
19309,73.26021935790618,
19310,76.26695889256132,
19311,75.05388958023241,
19312,57.96122257686136,
19313,62.88008372836259,
19314,64.87344069094172,
19315,60.077408483081115,
19316,59.98396625391234,
19317,73.26021935790618,
19318,76.26695889256132,
19319,75.05388958023241,
19320,57.96122257686136,
19321,62.88008372836259,
19322,64.87344069094172,
19323,60.077408483081115,
19324,59.98396625391234,
19325,73.26021935790618,
19326,76.26695889256132,
19327,75.05388958023241,
19328,57.96122257686136,
19329,62.88008372836259,
19330,64.87344069094172,
19331,60.077408483081115,
19332,59.98396625391234,
19333,73.26021935790618,
19334,76.26695889256132,
19335,75.05388958023241,
19336,57.96122257686136,
19337,46.63182609292356,
19338,48.62518305550269,
19339,43.82915084764208,
19340,43.73570861847331,
19341,57.01196172246715,
19342,60.01870125712229,
19343,58.805631944793376,
19344,41.71296494142233,
19345,46.12051208330392,
19346,48.11386904588305,
19347,43.317836838022444,
19348,43.22439460885367,
19349,56.50064771284751,
19350,59.50738724750265,
19351,58.29431793517374,
19352,41.20165093180269,
19353,50.64494996673682,
19354,52.638306929315945,
19355,47.84227472145534,
19356,47.74883249228657,
19357,61.025085596280405,
19358,64.03182513093554,
19359,62.81875581860663,
19360,45.726088815235585,
19361,51.42799852748087,
19362,53.421355490059995,
19363,48.62532328219939,
19364,48.53188105303062,
19365,61.808134157024455,
19366,64.8148736916796,
19367,63.60180437935068,
19368,46.509137375979634,
19369,51.55852703230465,
19370,53.410217412092265,
19371,48.841150901883566,
19372,48.75390325180956,
19373,62.47402036654444,
19374,66.2055410717893,
19375,65.40633358824459,
19376,47.77629407597169,
19377,53.827950240666894,
19378,55.715056242613116,
19379,51.1736442930773,
19380,51.08512820016006,
19381,63.64819692171659,
19382,66.48970797339456,
19383,65.34346479060889,
19384,49.16869538912039,
19385,53.827950240666894,
19386,55.715056242613116,
19387,51.1736442930773,
19388,51.08512820016006,
19389,63.64819692171659,
19390,66.48970797339456,
19391,65.34346479060889,
19392,49.16869538912039,
19393,62.88008372836259,
19394,64.87344069094172,
19395,60.077408483081115,
19396,59.98396625391234,
19397,73.26021935790618,
19398,76.26695889256132,
19399,75.05388958023241,
19400,57.96122257686136,
19401,53.108669053412214,
19402,55.10202601599134,
19403,50.30599380813074,
19404,50.212551578961964,
19405,63.4888046829558,
19406,66.49554421761094,
19407,65.28247490528203,
19408,48.18980790191098,
19409,51.91242081624453,
19410,53.905777778823655,
19411,49.10974557096305,
19412,49.01630334179428,
19413,62.292556445788115,
19414,65.29929598044326,
19415,64.08622666811435,
19416,46.993559664743294,
19417,55.52209075023731,
19418,57.51544771281644,
19419,52.71941550495583,
19420,52.62597327578706,
19421,65.9022263797809,
19422,68.90896591443604,
19423,67.69589660210713,
19424,50.60322959873608,
19425,55.993002300837325,
19426,57.98635926341645,
19427,53.19032705555585,
19428,53.096884826387075,
19429,66.37313793038092,
19430,69.37987746503606,
19431,68.16680815270715,
19432,51.07414114933609,
19433,55.978813958007265,
19434,57.88519300462059,
19435,53.22805859223672,
19436,53.13841769971987,
19437,66.69206761747381,
19438,70.14594229639363,
19439,69.1872265988203,
19440,51.76015286991873,
19441,58.63243334386448,
19442,60.57556831750793,
19443,55.89987764269421,
19444,55.80876329857563,
19445,68.74785369798508,
19446,71.67644026653602,
19447,70.49498146117986,
19448,53.8362543025101,
19449,56.17205973033032,
19450,58.086399303842825,
19451,53.4797165357125,
19452,53.38993737141857,
19453,66.13575937169071,
19454,69.01957944567994,
19455,67.85622588661352,
19456,51.446243654644434,
19457,62.88008372836259,
19458,64.87344069094172,
19459,60.077408483081115,
19460,59.98396625391234,
19461,73.26021935790618,
19462,76.26695889256132,
19463,75.05388958023241,
19464,57.96122257686136,
19465,52.37784434464558,
19466,54.37120130722471,
19467,49.5751690993641,
19468,49.48172687019533,
19469,62.75797997418917,
19470,65.76471950884431,
19471,64.5516501965154,
19472,47.45898319314435,
19473,51.28864997226609,
19474,53.28200693484522,
19475,48.485974726984615,
19476,48.39253249781584,
19477,61.66878560180968,
19478,64.67552513646481,
19479,63.46245582413591,
19480,46.36978882076486,
19481,54.97177093941906,
19482,56.96512790199819,
19483,52.16909569413758,
19484,52.07565346496881,
19485,65.35190656896265,
19486,68.35864610361779,
19487,67.14557679128887,
19488,50.05290978791783,
19489,55.477902957911446,
19490,57.471259920490574,
19491,52.67522771262997,
19492,52.581785483461196,
19493,65.85803858745504,
19494,68.86477812211018,
19495,67.65170880978127,
19496,50.559041806410214,
19497,55.47402954179091,
19498,57.374122978113064,
19499,52.72708107940497,
19500,52.637715128514685,
19501,66.21081848605269,
19502,69.69674680511167,
19503,68.75638214383679,
19504,51.305684274851615,
19505,58.16660578729352,
19506,60.104272276445386,
19507,55.44168628918021,
19508,55.35082548093766,
19509,68.25320991018032,
19510,71.173292503759,
19511,69.9952731055854,
19512,53.383788034505244,
19513,55.68773393791753,
19514,57.59643059095032,
19515,53.00327176861208,
19516,52.91375429363899,
19517,65.62170637974344,
19518,68.4967574781212,
19519,67.33695029691194,
19520,50.975708477604485,
19521,62.88008372836259,
19522,64.87344069094172,
19523,60.077408483081115,
19524,59.98396625391234,
19525,73.26021935790618,
19526,76.26695889256132,
19527,75.05388958023241,
19528,57.96122257686136,
19529,56.52190664969244,
19530,58.51526361227157,
19531,53.71923140441096,
19532,53.62578917524219,
19533,66.90204227923603,
19534,69.90878181389117,
19535,68.69571250156226,
19536,51.60304549819121,
19537,54.68732125934637,
19538,56.6806782219255,
19539,51.88464601406489,
19540,51.79120378489612,
19541,65.06745688888995,
19542,68.07419642354509,
19543,66.86112711121618,
19544,49.76846010784514,
19545,58.09229978358085,
19546,60.08565674615998,
19547,55.28962453829937,
19548,55.1961823091306,
19549,68.47243541312443,
19550,71.47917494777957,
19551,70.26610563545066,
19552,53.173438632079616,
19553,58.39871795604688,
19554,60.39207491862601,
19555,55.5960427107654,
19556,55.50260048159663,
19557,68.77885358559047,
19558,71.78559312024561,
19559,70.5725238079167,
19560,53.47985680454565,
19561,58.357037495872476,
19562,60.29317022593102,
19563,55.58836345958446,
19564,55.49742152733859,
19565,68.95788362594249,
19566,72.25954320236963,
19567,71.21390210675582,
19568,53.89966869248519,
19569,60.540392091401486,
19570,62.50600603402876,
19571,57.77644908581351,
19572,57.68429267359949,
19573,70.77428135044767,
19574,73.73783670348206,
19575,72.54223447887927,
19576,55.68929558963225,
19577,57.92887539366666,
19578,59.86375408399175,
19579,55.20784887082999,
19580,55.11711731822254,
19581,68.00078976296072,
19582,70.91653752481193,
19583,69.74027132168027,
19584,53.15286936108947,
19585,66.0524568462746,
19586,66.6118500691889,
19587,62.11920084331092,
19588,62.032356700445575,
19589,77.20350637631589,
19590,79.4943649312388,
19591,78.05455849476971,
19592,61.5044809719426,
19593,44.4553589182525,
19594,45.01475214116681,
19595,40.522102915288826,
19596,40.43525877242348,
19597,55.60640844829379,
19598,57.89726700321671,
19599,56.45746056674761,
19600,39.907383043920504,
19601,44.207349111689766,
19602,44.766742334604075,
19603,40.27409310872609,
19604,40.187248965860746,
19605,55.35839864173106,
19606,57.64925719665398,
19607,56.20945076018488,
19608,39.65937323735777,
19609,49.78958190047483,
19610,50.34897512338914,
19611,45.856325897511155,
19612,45.76948175464581,
19613,60.94063143051612,
19614,63.23148998543904,
19615,61.79168354896994,
19616,45.24160602614283,
19617,50.83040589700602,
19618,51.389799119920326,
19619,46.89714989404234,
19620,46.810305751177,
19621,61.98145542704731,
19622,64.27231398197023,
19623,62.83250754550113,
19624,46.28243002267402,
19625,52.20582206389764,
19626,52.64931848505017,
19627,48.34471804700121,
19628,48.26486242059468,
19629,64.81859177177842,
19630,67.884685883045,
19631,66.94927528132649,
19632,48.655492416481536,
19633,51.68436841742965,
19634,52.19733943764169,
19635,48.07549585406315,
19636,47.9957738985284,
19637,61.896522881868464,
19638,63.990980220865936,
19639,62.67475179550797,
19640,47.51115264153799,
19641,51.68436841742965,
19642,52.19733943764169,
19643,48.07549585406315,
19644,47.9957738985284,
19645,61.896522881868464,
19646,63.990980220865936,
19647,62.67475179550797,
19648,47.51115264153799,
19649,66.0524568462746,
19650,66.6118500691889,
19651,62.11920084331092,
19652,62.032356700445575,
19653,77.20350637631589,
19654,79.4943649312388,
19655,78.05455849476971,
19656,61.5044809719426,
19657,66.0524568462746,
19658,66.6118500691889,
19659,62.11920084331092,
19660,62.032356700445575,
19661,77.20350637631589,
19662,79.4943649312388,
19663,78.05455849476971,
19664,61.5044809719426,
19665,62.22700475139525,
19666,62.78639797430956,
19667,58.293748748431575,
19668,58.20690460556623,
19669,73.37805428143653,
19670,75.66891283635945,
19671,74.22910639989036,
19672,57.67902887706325,
19673,66.0524568462746,
19674,66.6118500691889,
19675,62.11920084331092,
19676,62.032356700445575,
19677,77.20350637631589,
19678,79.4943649312388,
19679,78.05455849476971,
19680,61.5044809719426,
19681,66.0524568462746,
19682,66.6118500691889,
19683,62.11920084331092,
19684,62.032356700445575,
19685,77.20350637631589,
19686,79.4943649312388,
19687,78.05455849476971,
19688,61.5044809719426,
19689,66.0524568462746,
19690,66.6118500691889,
19691,62.11920084331092,
19692,62.032356700445575,
19693,77.20350637631589,
19694,79.4943649312388,
19695,78.05455849476971,
19696,61.5044809719426,
19697,66.0524568462746,
19698,66.6118500691889,
19699,62.11920084331092,
19700,62.032356700445575,
19701,77.20350637631589,
19702,79.4943649312388,
19703,78.05455849476971,
19704,61.5044809719426,
19705,66.0524568462746,
19706,66.6118500691889,
19707,62.11920084331092,
19708,62.032356700445575,
19709,77.20350637631589,
19710,79.4943649312388,
19711,78.05455849476971,
19712,61.5044809719426,
19713,66.0524568462746,
19714,66.6118500691889,
19715,62.11920084331092,
19716,62.032356700445575,
19717,77.20350637631589,
19718,79.4943649312388,
19719,78.05455849476971,
19720,61.5044809719426,
19721,49.80419921083556,
19722,50.36359243374987,
19723,45.87094320787189,
19724,45.784099065006544,
19725,60.955248740876854,
19726,63.246107295799774,
19727,61.806300859330676,
19728,45.25622333650357,
19729,49.292885201215924,
19730,49.85227842413023,
19731,45.35962919825225,
19732,45.272785055386905,
19733,60.443934731257215,
19734,62.734793286180135,
19735,61.29498684971104,
19736,44.74490932688393,
19737,53.81732308464882,
19738,54.37671630756313,
19739,49.884067081685146,
19740,49.7972229388198,
19741,64.96837261469011,
19742,67.25923116961303,
19743,65.81942473314393,
19744,49.26934721031682,
19745,54.60037164539287,
19746,55.15976486830718,
19747,50.667115642429195,
19748,50.58027149956385,
19749,65.75142117543416,
19750,68.04227973035708,
19751,66.60247329388798,
19752,50.05239577106087,
19753,55.52875143193722,
19754,55.99933362026701,
19755,51.64964158584081,
19756,51.56813591801807,
19757,67.8036036688747,
19758,70.68819268378826,
19759,69.63371657592558,
19760,51.74493028548437,
19761,56.830944067551286,
19762,57.360311809438315,
19763,53.107465278434745,
19764,53.02522640470721,
19765,67.374510163938,
19766,69.53823700544808,
19767,68.17842562094722,
19768,52.52531882857994,
19769,56.830944067551286,
19770,57.360311809438315,
19771,53.107465278434745,
19772,53.02522640470721,
19773,67.374510163938,
19774,69.53823700544808,
19775,68.17842562094722,
19776,52.52531882857994,
19777,66.0524568462746,
19778,66.6118500691889,
19779,62.11920084331092,
19780,62.032356700445575,
19781,77.20350637631589,
19782,79.4943649312388,
19783,78.05455849476971,
19784,61.5044809719426,
19785,56.281042171324216,
19786,56.840435394238526,
19787,52.34778616836054,
19788,52.2609420254952,
19789,67.43209170136551,
19790,69.72295025628843,
19791,68.28314381981933,
19792,51.73306629699222,
19793,55.08479393415653,
19794,55.64418715707084,
19795,51.151537931192856,
19796,51.06469378832751,
19797,66.23584346419783,
19798,68.52670201912075,
19799,67.08689558265165,
19800,50.53681805982453,
19801,58.69446386814931,
19802,59.25385709106362,
19803,54.76120786518564,
19804,54.674363722320294,
19805,69.8455133981906,
19806,72.13637195311352,
19807,70.69656551664443,
19808,54.14648799381732,
19809,59.16537541874933,
19810,59.72476864166364,
19811,55.232119415785654,
19812,55.14527527292031,
19813,70.31642494879063,
19814,72.60728350371355,
19815,71.16747706724445,
19816,54.61739954441733,
19817,59.644438284513,
19818,60.14920476098837,
19819,55.74363155977801,
19820,55.660058503955156,
19821,71.48946050335383,
19822,74.14524245358223,
19823,72.94154465903233,
19824,55.566228178560664,
19825,61.72474239970472,
19826,62.269941172421056,
19827,57.89064380917978,
19828,57.805976205288346,
19829,72.58850920869872,
19830,74.81922090440099,
19831,73.4172616761694,
19832,57.291318507220694,
19833,59.218465482624595,
19834,59.755527472564154,
19835,55.441218950301675,
19836,55.35779949259694,
19837,69.91762939159003,
19838,72.11389960440397,
19839,70.73361174269962,
19840,54.850721942040025,
19841,66.0524568462746,
19842,66.6118500691889,
19843,62.11920084331092,
19844,62.032356700445575,
19845,77.20350637631589,
19846,79.4943649312388,
19847,78.05455849476971,
19848,61.5044809719426,
19849,55.55021746255758,
19850,56.10961068547189,
19851,51.61696145959391,
19852,51.530117316728564,
19853,66.70126699259887,
19854,68.9921255475218,
19855,67.5523191110527,
19856,51.00224158822559,
19857,54.461023090178095,
19858,55.020416313092404,
19859,50.52776708721442,
19860,50.440922944349076,
19861,65.61207262021938,
19862,67.9029311751423,
19863,66.4631247386732,
19864,49.9130472158461,
19865,58.14414405733106,
19866,58.70353728024537,
19867,54.21088805436739,
19868,54.12404391150204,
19869,69.29519358737235,
19870,71.58605214229527,
19871,70.14624570582617,
19872,53.596168182999065,
19873,58.65027607582345,
19874,59.20966929873776,
19875,54.717020072859775,
19876,54.63017592999443,
19877,69.80132560586475,
19878,72.09218416078767,
19879,70.65237772431857,
19880,54.10230020149145,
19881,59.174886586719595,
19882,59.67571742999803,
19883,55.27652140488766,
19884,55.193185539158435,
19885,71.06957720582881,
19886,73.75168532672734,
19887,72.56510882216446,
19888,55.130552845938155,
19889,61.25019729011086,
19890,61.79385072019693,
19891,57.426895435818665,
19892,57.34246485390497,
19893,72.08269821755925,
19894,74.3068666882773,
19895,72.90902465263287,
19896,56.82924660817474,
19897,58.72514440978665,
19898,59.26061201985624,
19899,54.95903885772418,
19900,54.875864011540784,
19901,69.39206155867538,
19902,71.5815862311905,
19903,70.20554274678824,
19904,54.37027203514816,
19905,66.0524568462746,
19906,66.6118500691889,
19907,62.11920084331092,
19908,62.032356700445575,
19909,77.20350637631589,
19910,79.4943649312388,
19911,78.05455849476971,
19912,61.5044809719426,
19913,59.69427976760444,
19914,60.25367299051875,
19915,55.76102376464077,
19916,55.67417962177542,
19917,70.84532929764573,
19918,73.13618785256865,
19919,71.69638141609956,
19920,55.146303893272446,
19921,57.85969437725837,
19922,58.41908760017268,
19923,53.9264383742947,
19924,53.83959423142935,
19925,69.01074390729966,
19926,71.30160246222258,
19927,69.86179602575348,
19928,53.311718502926375,
19929,61.26467290149285,
19930,61.82406612440716,
19931,57.33141689852918,
19932,57.24457275566383,
19933,72.41572243153414,
19934,74.70658098645706,
19935,73.26677454998796,
19936,56.716697027160855,
19937,61.57109107395888,
19938,62.13048429687319,
19939,57.63783507099521,
19940,57.55099092812986,
19941,72.72214060400017,
19942,75.0129991589231,
19943,73.573192722454,
19944,57.023115199626886,
19945,61.85511525421492,
19946,62.378534165610915,
19947,57.942930651873496,
19948,57.858236303320496,
19949,73.46412166119683,
19950,75.99519564807963,
19951,74.71055792390001,
19952,57.616410641453854,
19953,63.668536534245675,
19954,64.22008814557955,
19955,59.79005615546765,
19956,59.704414295044955,
19957,74.66085765850147,
19958,76.91847847453005,
19959,75.49958699732309,
19960,59.18383992100155,
19961,61.008022767602654,
19962,61.550888409855474,
19963,57.190225010301106,
19964,57.10591526272856,
19965,71.82458570469396,
19966,74.04541893158847,
19967,72.64967552264898,
19968,56.59343085516883,
19969,71.32971201132409,
19970,71.93537559832527,
19971,67.37095135304048,
19972,67.28136556287672,
19973,81.88677210199927,
19974,83.86930543733592,
19975,82.23168631932919,
19976,66.38446207655397,
19977,49.732614083301996,
19978,50.33827767030317,
19979,45.77385342501839,
19980,45.68426763485462,
19981,60.289674173977176,
19982,62.27220750931383,
19983,60.63458839130709,
19984,44.78736414853188,
19985,49.48460427673926,
19986,50.090267863740436,
19987,45.52584361845565,
19988,45.436257828291886,
19989,60.04166436741444,
19990,62.024197702751096,
19991,60.386578584744356,
19992,44.539354341969144,
19993,55.066837065524325,
19994,55.6725006525255,
19995,51.108076407240716,
19996,51.01849061707695,
19997,65.6238971561995,
19998,67.60643049153616,
19999,65.96881137352942,
20000,50.12158713075421,
20001,56.10766106205551,
20002,56.71332464905669,
20003,52.148900403771904,
20004,52.05931461360814,
20005,66.66472115273069,
20006,68.64725448806735,
20007,67.00963537006061,
20008,51.162411127285395,
20009,57.05794228092515,
20010,57.54114344804458,
20011,53.170692798426614,
20012,53.088422050435156,
20013,69.1745467186492,
20014,71.97463604878936,
20015,70.86494081618906,
20016,53.165410686810276,
20017,56.52083233682748,
20018,57.07549941631362,
20019,52.89333080967168,
20020,52.81119983957092,
20021,66.17700347608991,
20022,67.9875236813649,
20023,66.49205573578001,
20024,51.988830270943765,
20025,56.52083233682748,
20026,57.07549941631362,
20027,52.89333080967168,
20028,52.81119983957092,
20029,66.17700347608991,
20030,67.9875236813649,
20031,66.49205573578001,
20032,51.988830270943765,
20033,71.32971201132409,
20034,71.93537559832527,
20035,67.37095135304048,
20036,67.28136556287672,
20037,81.88677210199927,
20038,83.86930543733592,
20039,82.23168631932919,
20040,66.38446207655397,
20041,71.32971201132409,
20042,71.93537559832527,
20043,67.37095135304048,
20044,67.28136556287672,
20045,81.88677210199927,
20046,83.86930543733592,
20047,82.23168631932919,
20048,66.38446207655397,
20049,67.50425991644474,
20050,68.10992350344591,
20051,63.545499258161136,
20052,63.45591346799737,
20053,78.06132000711992,
20054,80.04385334245657,
20055,78.40623422444983,
20056,62.55900998167463,
20057,71.32971201132409,
20058,71.93537559832527,
20059,67.37095135304048,
20060,67.28136556287672,
20061,81.88677210199927,
20062,83.86930543733592,
20063,82.23168631932919,
20064,66.38446207655397,
20065,71.32971201132409,
20066,71.93537559832527,
20067,67.37095135304048,
20068,67.28136556287672,
20069,81.88677210199927,
20070,83.86930543733592,
20071,82.23168631932919,
20072,66.38446207655397,
20073,71.32971201132409,
20074,71.93537559832527,
20075,67.37095135304048,
20076,67.28136556287672,
20077,81.88677210199927,
20078,83.86930543733592,
20079,82.23168631932919,
20080,66.38446207655397,
20081,71.32971201132409,
20082,71.93537559832527,
20083,67.37095135304048,
20084,67.28136556287672,
20085,81.88677210199927,
20086,83.86930543733592,
20087,82.23168631932919,
20088,66.38446207655397,
20089,71.32971201132409,
20090,71.93537559832527,
20091,67.37095135304048,
20092,67.28136556287672,
20093,81.88677210199927,
20094,83.86930543733592,
20095,82.23168631932919,
20096,66.38446207655397,
20097,71.32971201132409,
20098,71.93537559832527,
20099,67.37095135304048,
20100,67.28136556287672,
20101,81.88677210199927,
20102,83.86930543733592,
20103,82.23168631932919,
20104,66.38446207655397,
20105,55.08145437588506,
20106,55.687117962886234,
20107,51.12269371760145,
20108,51.03310792743768,
20109,65.63851446656024,
20110,67.62104780189689,
20111,65.98342868389015,
20112,50.13620444111494,
20113,54.57014036626542,
20114,55.175803953266595,
20115,50.61137970798181,
20116,50.521793917818044,
20117,65.1272004569406,
20118,67.10973379227725,
20119,65.47211467427051,
20120,49.6248904314953,
20121,59.094578249698316,
20122,59.70024183669949,
20123,55.13581759141471,
20124,55.04623180125094,
20125,69.6516383403735,
20126,71.63417167571015,
20127,69.99655255770341,
20128,54.1493283149282,
20129,59.877626810442365,
20130,60.48329039744354,
20131,55.918866152158756,
20132,55.82928036199499,
20133,70.43468690111754,
20134,72.4172202364542,
20135,70.77960111844746,
20136,54.93237687567225,
20137,60.48124360503374,
20138,60.99304665518446,
20139,56.576107311784654,
20140,56.49211070439003,
20141,72.23734860929233,
20142,74.84607277451914,
20143,73.61180113750856,
20144,56.342476163760466,
20145,61.82305456072004,
20146,62.39572246130365,
20147,58.0785923617218,
20148,57.99382860266667,
20149,71.7970299252126,
20150,73.66818478585924,
20151,72.12260957615291,
20152,57.145134613203595,
20153,61.82305456072004,
20154,62.39572246130365,
20155,58.0785923617218,
20156,57.99382860266667,
20157,71.7970299252126,
20158,73.66818478585924,
20159,72.12260957615291,
20160,57.145134613203595,
20161,71.32971201132409,
20162,71.93537559832527,
20163,67.37095135304048,
20164,67.28136556287672,
20165,81.88677210199927,
20166,83.86930543733592,
20167,82.23168631932919,
20168,66.38446207655397,
20169,61.55829733637371,
20170,62.16396092337489,
20171,57.599536678090104,
20172,57.50995088792634,
20173,72.11535742704889,
20174,74.09789076238555,
20175,72.4602716443788,
20176,56.613047401603595,
20177,60.362049099206025,
20178,60.9677126862072,
20179,56.40328844092242,
20180,56.31370265075865,
20181,70.91910918988121,
20182,72.90164252521787,
20183,71.26402340721113,
20184,55.41679916443591,
20185,63.97171903319881,
20186,64.57738262019998,
20187,60.0129583749152,
20188,59.923372584751434,
20189,74.52877912387399,
20190,76.51131245921064,
20191,74.8736933412039,
20192,59.02646909842869,
20193,64.44263058379883,
20194,65.0482941708,
20195,60.483869925515215,
20196,60.39428413535145,
20197,74.99969067447401,
20198,76.98222400981066,
20199,75.34460489180393,
20200,59.497380649028706,
20201,64.72269451472613,
20202,65.27061135999492,
20203,60.79603880794713,
20204,60.709878696658336,
20205,76.02022194746274,
20206,78.38766774747455,
20207,76.99723008015746,
20208,60.27334288262682,
20209,66.86717613040696,
20210,67.45723587411601,
20211,63.00974377968174,
20212,62.92243773288135,
20213,77.14840492057937,
20214,79.07822926461927,
20215,77.48416967987527,
20216,62.048325855459154,
20217,64.28363088915972,
20218,64.86475016001657,
20219,60.48426801644905,
20220,60.39826868687294,
20221,74.40688813320077,
20222,76.30654226619293,
20223,74.73741543240732,
20224,59.537221217404465,
20225,71.32971201132409,
20226,71.93537559832527,
20227,67.37095135304048,
20228,67.28136556287672,
20229,81.88677210199927,
20230,83.86930543733592,
20231,82.23168631932919,
20232,66.38446207655397,
20233,60.82747262760708,
20234,61.433136214608254,
20235,56.86871196932347,
20236,56.779126179159704,
20237,71.38453271828226,
20238,73.36706605361891,
20239,71.72944693561217,
20240,55.88222269283696,
20241,59.73827825522759,
20242,60.343941842228766,
20243,55.77951759694398,
20244,55.689931806780216,
20245,70.29533834590276,
20246,72.27787168123942,
20247,70.64025256323268,
20248,54.79302832045747,
20249,63.42139922238056,
20250,64.02706280938173,
20251,59.46263856409695,
20252,59.37305277393318,
20253,73.97845931305574,
20254,75.96099264839239,
20255,74.32337353038565,
20256,58.47614928761044,
20257,63.927531240872945,
20258,64.53319482787413,
20259,59.968770582589336,
20260,59.87918479242557,
20261,74.48459133154813,
20262,76.46712466688479,
20263,74.82950554887805,
20264,58.98228130610283,
20265,64.23871371134118,
20266,64.78247187386381,
20267,60.314477596936115,
20268,60.228565765966096,
20269,75.5892330945066,
20270,77.98444238988588,
20271,76.61192490863255,
20272,59.825109248315755,
20273,66.3779552568003,
20274,66.96631678260718,
20275,62.5315523771618,
20276,62.44449450939817,
20277,76.62917382676989,
20278,78.55326572050177,
20279,76.96394347105178,
20280,61.572863864981116,
20281,63.77517070539727,
20282,64.35453847889556,
20283,59.98718503924175,
20284,59.901441747296644,
20285,73.86748633789006,
20286,75.76123252693003,
20287,74.19698800251297,
20288,59.042954161907176,
20289,71.32971201132409,
20290,71.93537559832527,
20291,67.37095135304048,
20292,67.28136556287672,
20293,81.88677210199927,
20294,83.86930543733592,
20295,82.23168631932919,
20296,66.38446207655397,
20297,64.97153493265394,
20298,65.57719851965511,
20299,61.01277427437033,
20300,60.92318848420656,
20301,75.52859502332912,
20302,77.51112835866577,
20303,75.87350924065903,
20304,60.02628499788382,
20305,63.13694954230787,
20306,63.74261312930904,
20307,59.17818888402426,
20308,59.08860309386049,
20309,73.69400963298304,
20310,75.6765429683197,
20311,74.03892385031295,
20312,58.19169960753775,
20313,66.54192806654234,
20314,67.14759165354351,
20315,62.58316740825874,
20316,62.49358161809497,
20317,77.09898815721752,
20318,79.08152149255417,
20319,77.44390237454743,
20320,61.59667813177223,
20321,66.84834623900838,
20322,67.45400982600955,
20323,62.88958558072477,
20324,62.799999790561,
20325,77.40540632968356,
20326,79.38793966502021,
20327,77.75032054701347,
20328,61.90309630423826,
20329,67.00158461921609,
20330,67.56921419766343,
20331,63.06366034906159,
20332,62.97632629766724,
20333,78.0472963616229,
20334,80.28321697212789,
20335,78.80805522116128,
20336,62.38285010226639,
20337,68.87130621629785,
20338,69.4683484298223,
20339,64.96852785088123,
20340,64.88020151849594,
20341,79.27594585113934,
20342,81.22934835710964,
20343,79.61580351582779,
20344,63.995889235261416,
20345,66.12829945952637,
20346,66.71579530730969,
20347,62.28751904680695,
20348,62.200587695070226,
20349,76.36422083183504,
20350,78.28539087718764,
20351,76.69848325891036,
20352,61.33022193261911,
20353,68.28902068628355,
20354,68.8678823150064,
20355,64.34482109200303,
20356,64.25682027713083,
20357,79.19080029190746,
20358,81.35183851188367,
20359,79.82856315035195,
20360,63.57382083071775,
20361,46.691922758261455,
20362,47.2707843869843,
20363,42.747723163980936,
20364,42.65972234910873,
20365,57.59370236388537,
20366,59.754740583861576,
20367,58.23146522232986,
20368,41.976722902695656,
20369,46.44391295169872,
20370,47.02277458042157,
20371,42.4997133574182,
20372,42.411712542546,
20373,57.345692557322636,
20374,59.50673077729884,
20375,57.983455415767125,
20376,41.72871309613292,
20377,52.026145740483784,
20378,52.60500736920663,
20379,48.081946146203265,
20380,47.99394533133106,
20381,62.9279253461077,
20382,65.0889635660839,
20383,63.56568820455219,
20384,47.310945884917984,
20385,53.06696973701497,
20386,53.64583136573782,
20387,49.12277014273445,
20388,49.03476932786225,
20389,63.96874934263889,
20390,66.12978756261509,
20391,64.60651220108338,
20392,48.35176988144917,
20393,54.26296092157486,
20394,54.723171293874714,
20395,50.39065854501456,
20396,50.309783435783004,
20397,66.66749754106536,
20398,69.62156882384215,
20399,68.6125979983874,
20400,50.56852489213759,
20401,53.734897752993845,
20402,54.265423892976855,
20403,50.11800032885833,
20404,50.03726145734123,
20405,63.71350972459555,
20406,65.68832974334998,
20407,64.29642677556222,
20408,49.41056367516717,
20409,53.734897752993845,
20410,54.265423892976855,
20411,50.11800032885833,
20412,50.03726145734123,
20413,63.71350972459555,
20414,65.68832974334998,
20415,64.29642677556222,
20416,49.41056367516717,
20417,68.28902068628355,
20418,68.8678823150064,
20419,64.34482109200303,
20420,64.25682027713083,
20421,79.19080029190746,
20422,81.35183851188367,
20423,79.82856315035195,
20424,63.57382083071775,
20425,68.28902068628355,
20426,68.8678823150064,
20427,64.34482109200303,
20428,64.25682027713083,
20429,79.19080029190746,
20430,81.35183851188367,
20431,79.82856315035195,
20432,63.57382083071775,
20433,64.4635685914042,
20434,65.04243022012705,
20435,60.519368997123685,
20436,60.43136818225148,
20437,75.36534819702811,
20438,77.52638641700432,
20439,76.0031110554726,
20440,59.748368735838405,
20441,68.28902068628355,
20442,68.8678823150064,
20443,64.34482109200303,
20444,64.25682027713083,
20445,79.19080029190746,
20446,81.35183851188367,
20447,79.82856315035195,
20448,63.57382083071775,
20449,68.28902068628355,
20450,68.8678823150064,
20451,64.34482109200303,
20452,64.25682027713083,
20453,79.19080029190746,
20454,81.35183851188367,
20455,79.82856315035195,
20456,63.57382083071775,
20457,68.28902068628355,
20458,68.8678823150064,
20459,64.34482109200303,
20460,64.25682027713083,
20461,79.19080029190746,
20462,81.35183851188367,
20463,79.82856315035195,
20464,63.57382083071775,
20465,68.28902068628355,
20466,68.8678823150064,
20467,64.34482109200303,
20468,64.25682027713083,
20469,79.19080029190746,
20470,81.35183851188367,
20471,79.82856315035195,
20472,63.57382083071775,
20473,68.28902068628355,
20474,68.8678823150064,
20475,64.34482109200303,
20476,64.25682027713083,
20477,79.19080029190746,
20478,81.35183851188367,
20479,79.82856315035195,
20480,63.57382083071775,
20481,68.28902068628355,
20482,68.8678823150064,
20483,64.34482109200303,
20484,64.25682027713083,
20485,79.19080029190746,
20486,81.35183851188367,
20487,79.82856315035195,
20488,63.57382083071775,
20489,52.04076305084452,
20490,52.619624679567366,
20491,48.096563456564,
20492,48.008562641691796,
20493,62.94254265646843,
20494,65.10358087644464,
20495,63.58030551491292,
20496,47.32556319527872,
20497,51.52944904122488,
20498,52.10831066994773,
20499,47.58524944694436,
20500,47.49724863207216,
20501,62.431228646848794,
20502,64.592266866825,
20503,63.06899150529328,
20504,46.81424918565908,
20505,56.053886924657775,
20506,56.63274855338062,
20507,52.109687330377255,
20508,52.02168651550505,
20509,66.95566653028169,
20510,69.1167047502579,
20511,67.59342938872618,
20512,51.338687069091975,
20513,56.836935485401824,
20514,57.41579711412467,
20515,52.892735891121305,
20516,52.8047350762491,
20517,67.73871509102574,
20518,69.89975331100194,
20519,68.37647794947023,
20520,52.121735629836024,
20521,57.628260454111455,
20522,58.116192822905305,
20523,53.73799890920003,
20524,53.655441894568185,
20525,69.6854044658354,
20526,72.45382333195931,
20527,71.32346573038222,
20528,53.69498184306104,
20529,58.947175694891484,
20530,59.49476969113192,
20531,55.214672160172256,
20532,55.13136767510815,
20533,69.25156437327973,
20534,71.29204709417218,
20535,69.8538224824311,
20536,54.48477782488516,
20537,58.947175694891484,
20538,59.49476969113192,
20539,55.214672160172256,
20540,55.13136767510815,
20541,69.25156437327973,
20542,71.29204709417218,
20543,69.8538224824311,
20544,54.48477782488516,
20545,68.28902068628355,
20546,68.8678823150064,
20547,64.34482109200303,
20548,64.25682027713083,
20549,79.19080029190746,
20550,81.35183851188367,
20551,79.82856315035195,
20552,63.57382083071775,
20553,58.51760601133317,
20554,59.09646764005602,
20555,54.57340641705265,
20556,54.48540560218045,
20557,69.41938561695709,
20558,71.58042383693329,
20559,70.05714847540158,
20560,53.80240615576737,
20561,57.321357774165484,
20562,57.90021940288833,
20563,53.377158179884965,
20564,53.28915736501276,
20565,68.2231373797894,
20566,70.38417559976561,
20567,68.8609002382339,
20568,52.606157918599685,
20569,60.93102770815827,
20570,61.509889336881116,
20571,56.98682811387775,
20572,56.898827299005546,
20573,71.83280731378218,
20574,73.99384553375839,
20575,72.47057017222667,
20576,56.21582785259247,
20577,61.40193925875828,
20578,61.98080088748113,
20579,57.457739664477764,
20580,57.36973884960556,
20581,72.3037188643822,
20582,74.46475708435841,
20583,72.9414817228267,
20584,56.68673940319248,
20585,61.79702842455907,
20586,62.31995463140669,
20587,57.885140312386056,
20588,57.80047552328148,
20589,73.41228211467808,
20590,75.94664892685614,
20591,74.66414492213187,
20592,57.56256204621087,
20593,63.904416544090964,
20594,64.46849439565273,
20595,60.06029551128353,
20596,59.97451458551296,
20597,74.52364848776529,
20598,76.62764416401808,
20599,75.14461258092325,
20600,59.308725023134116,
20601,61.36553079532297,
20602,61.921135737393,
20603,57.57877854751575,
20604,57.494270374660516,
20605,71.82290331463173,
20606,73.89424070521295,
20607,72.43424904016626,
20608,56.83834827950017,
20609,68.28902068628355,
20610,68.8678823150064,
20611,64.34482109200303,
20612,64.25682027713083,
20613,79.19080029190746,
20614,81.35183851188367,
20615,79.82856315035195,
20616,63.57382083071775,
20617,57.78678130256654,
20618,58.365642931289386,
20619,53.84258170828602,
20620,53.75458089341382,
20621,68.68856090819045,
20622,70.84959912816666,
20623,69.32632376663494,
20624,53.07158144700074,
20625,56.69758693018705,
20626,57.2764485589099,
20627,52.75338733590653,
20628,52.66538652103433,
20629,67.59936653581096,
20630,69.76040475578716,
20631,68.23712939425545,
20632,51.98238707462125,
20633,60.38070789734002,
20634,60.959569526062864,
20635,56.4365083030595,
20636,56.348507488187295,
20637,71.28248750296393,
20638,73.44352572294014,
20639,71.92025036140842,
20640,55.66550804177422,
20641,60.886839915832404,
20642,61.46570154455525,
20643,56.942640321551885,
20644,56.85463950667968,
20645,71.78861952145633,
20646,73.94965774143253,
20647,72.42638237990082,
20648,56.171640060266604,
20649,61.321387088086055,
20650,61.84028408720212,
20651,57.41193178749165,
20652,57.32750884797298,
20653,72.98770338507791,
20654,75.54900081883773,
20655,74.28395455226104,
20656,57.121582375010746,
20657,63.42367820824188,
20658,63.98614678419722,
20659,59.590452685864534,
20660,59.50491346909797,
20661,74.01216367127392,
20662,76.1099545810107,
20663,74.631300402026,
20664,58.84099782217402,
20665,60.86582032294314,
20666,61.41976516801168,
20667,57.09030933357849,
20668,57.006050572937454,
20669,71.2914861644557,
20670,73.35642774366852,
20671,71.90094816898124,
20672,56.35206216337593,
20673,68.28902068628355,
20674,68.8678823150064,
20675,64.34482109200303,
20676,64.25682027713083,
20677,79.19080029190746,
20678,81.35183851188367,
20679,79.82856315035195,
20680,63.57382083071775,
20681,61.9308436076134,
20682,62.509705236336245,
20683,57.98664401333288,
20684,57.898643198460675,
20685,72.83262321323731,
20686,74.99366143321352,
20687,73.4703860716818,
20688,57.2156437520476,
20689,60.09625821726733,
20690,60.675119845990174,
20691,56.15205862298681,
20692,56.064057808114605,
20693,70.99803782289123,
20694,73.15907604286744,
20695,71.63580068133572,
20696,55.38105836170153,
20697,63.501236741501806,
20698,64.08009837022465,
20699,59.55703714722129,
20700,59.469036332349084,
20701,74.40301634712571,
20702,76.56405456710192,
20703,75.0407792055702,
20704,58.78603688593601,
20705,63.80765491396784,
20706,64.38651654269069,
20707,59.86345531968732,
20708,59.775454504815116,
20709,74.70943451959175,
20710,76.87047273956796,
20711,75.34719737803624,
20712,59.09245505840204,
20713,64.03649243059772,
20714,64.57851586134672,
20715,60.11327003432706,
20716,60.02746183461085,
20717,75.40910273536048,
20718,77.8158948058857,
20719,76.45085727466898,
20720,59.63780074865463,
20721,65.87367144600796,
20722,66.44436543080877,
20723,61.98475944412809,
20724,61.89798492648464,
20725,76.61933052573858,
20726,78.74884495267901,
20727,77.24780995158494,
20728,61.22449236383119,
20729,63.17834651533258,
20730,63.73999472879393,
20731,59.35067532849507,
20732,59.26525933296358,
20733,73.75115906500338,
20734,75.84578730833096,
20735,74.36936435396422,
20736,58.602298995956346,
20737,63.497471239192066,
20738,63.3009797874422,
20739,59.48769555679479,
20740,59.39620060076999,
20741,74.27583746733325,
20742,76.64366906976159,
20743,75.3787116355607,
20744,59.96405114657085,
20745,41.90037331116997,
20746,41.70388185942011,
20747,37.890597628772696,
20748,37.79910267274789,
20749,52.67873953931115,
20750,55.04657114173949,
20751,53.78161370753861,
20752,38.36695321854876,
20753,41.65236350460724,
20754,41.45587205285737,
20755,37.64258782220996,
20756,37.55109286618516,
20757,52.43072973274842,
20758,54.79856133517676,
20759,53.533603900975876,
20760,38.118943411986024,
20761,47.2345962933923,
20762,47.038104841642436,
20763,43.224820610995025,
20764,43.13332565497022,
20765,58.01296252153348,
20766,60.38079412396182,
20767,59.11583668976094,
20768,43.70117620077109,
20769,48.27542028992349,
20770,48.078928838173624,
20771,44.26564460752621,
20772,44.17414965150141,
20773,59.05378651806467,
20774,61.42161812049301,
20775,60.15666068629213,
20776,44.742000197302275,
20777,48.954563987782535,
20778,48.83082306749634,
20779,45.01212415655931,
20780,44.928418196938196,
20781,61.377042154483036,
20782,64.38883404999694,
20783,63.647144832548406,
20784,46.51206289708273,
20785,49.34050116110177,
20786,49.16018383341077,
20787,45.659035060189524,
20788,45.574988405100214,
20789,59.218108061197256,
20790,61.38449990523844,
20791,60.22731605437133,
20792,46.096581068450746,
20793,49.34050116110177,
20794,49.16018383341077,
20795,45.659035060189524,
20796,45.574988405100214,
20797,59.218108061197256,
20798,61.38449990523844,
20799,60.22731605437133,
20800,46.096581068450746,
20801,63.497471239192066,
20802,63.3009797874422,
20803,59.48769555679479,
20804,59.39620060076999,
20805,74.27583746733325,
20806,76.64366906976159,
20807,75.3787116355607,
20808,59.96405114657085,
20809,63.497471239192066,
20810,63.3009797874422,
20811,59.48769555679479,
20812,59.39620060076999,
20813,74.27583746733325,
20814,76.64366906976159,
20815,75.3787116355607,
20816,59.96405114657085,
20817,59.67201914431272,
20818,59.475527692562856,
20819,55.662243461915445,
20820,55.57074850589064,
20821,70.4503853724539,
20822,72.81821697488223,
20823,71.55325954068135,
20824,56.13859905169151,
20825,63.497471239192066,
20826,63.3009797874422,
20827,59.48769555679479,
20828,59.39620060076999,
20829,74.27583746733325,
20830,76.64366906976159,
20831,75.3787116355607,
20832,59.96405114657085,
20833,63.497471239192066,
20834,63.3009797874422,
20835,59.48769555679479,
20836,59.39620060076999,
20837,74.27583746733325,
20838,76.64366906976159,
20839,75.3787116355607,
20840,59.96405114657085,
20841,63.497471239192066,
20842,63.3009797874422,
20843,59.48769555679479,
20844,59.39620060076999,
20845,74.27583746733325,
20846,76.64366906976159,
20847,75.3787116355607,
20848,59.96405114657085,
20849,63.497471239192066,
20850,63.3009797874422,
20851,59.48769555679479,
20852,59.39620060076999,
20853,74.27583746733325,
20854,76.64366906976159,
20855,75.3787116355607,
20856,59.96405114657085,
20857,63.497471239192066,
20858,63.3009797874422,
20859,59.48769555679479,
20860,59.39620060076999,
20861,74.27583746733325,
20862,76.64366906976159,
20863,75.3787116355607,
20864,59.96405114657085,
20865,63.497471239192066,
20866,63.3009797874422,
20867,59.48769555679479,
20868,59.39620060076999,
20869,74.27583746733325,
20870,76.64366906976159,
20871,75.3787116355607,
20872,59.96405114657085,
20873,47.249213603753034,
20874,47.05272215200317,
20875,43.23943792135576,
20876,43.147942965330955,
20877,58.027579831894215,
20878,60.395411434322554,
20879,59.130454000121674,
20880,43.71579351113182,
20881,46.737899594133395,
20882,46.54140814238353,
20883,42.72812391173612,
20884,42.636628955711316,
20885,57.516265822274576,
20886,59.884097424702915,
20887,58.619139990502035,
20888,43.20447950151218,
20889,51.26233747756629,
20890,51.06584602581643,
20891,47.252561795169015,
20892,47.16106683914421,
20893,62.04070370570747,
20894,64.40853530813581,
20895,63.14357787393493,
20896,47.72891738494508,
20897,52.04538603831034,
20898,51.848894586560476,
20899,48.035610355913064,
20900,47.94411539988826,
20901,62.82375226645152,
20902,65.19158386887986,
20903,63.92662643467898,
20904,48.51196594568913,
20905,52.43800538136588,
20906,52.29736477705313,
20907,48.47855939793749,
20908,48.39301976333786,
20909,64.48156105408952,
20910,67.34322683866486,
20911,66.47844389807005,
20912,49.74140642990335,
20913,54.412493906870395,
20914,54.226461704763096,
20915,50.61499793031004,
20916,50.528318269396436,
20917,64.60815713099169,
20918,66.84562044824247,
20919,65.65041473050258,
20920,51.06626281637341,
20921,54.412493906870395,
20922,54.226461704763096,
20923,50.61499793031004,
20924,50.528318269396436,
20925,64.60815713099169,
20926,66.84562044824247,
20927,65.65041473050258,
20928,51.06626281637341,
20929,63.497471239192066,
20930,63.3009797874422,
20931,59.48769555679479,
20932,59.39620060076999,
20933,74.27583746733325,
20934,76.64366906976159,
20935,75.3787116355607,
20936,59.96405114657085,
20937,53.72605656424169,
20938,53.529565112491824,
20939,49.71628088184441,
20940,49.62478592581961,
20941,64.50442279238287,
20942,66.87225439481121,
20943,65.60729696061033,
20944,50.192636471620474,
20945,52.529808327074,
20946,52.33331687532414,
20947,48.520032644676725,
20948,48.42853768865192,
20949,63.30817455521518,
20950,65.67600615764353,
20951,64.41104872344265,
20952,48.99638823445279,
20953,56.139478261066785,
20954,55.94298680931692,
20955,52.12970257866951,
20956,52.038207622644705,
20957,66.91784448920797,
20958,69.2856760916363,
20959,68.02071865743542,
20960,52.60605816844557,
20961,56.6103898116668,
20962,56.413898359916935,
20963,52.60061412926952,
20964,52.50911917324472,
20965,67.38875603980799,
20966,69.75658764223633,
20967,68.49163020803545,
20968,53.076969719045586,
20969,56.75825205883825,
20970,56.59619158485964,
20971,52.77848225767593,
20972,52.69064045006655,
20973,68.31879105094714,
20974,70.99063343169223,
20975,69.97120302957381,
20976,53.74019814870155,
20977,59.234297125132684,
20978,59.04274933116716,
20979,55.32484523829248,
20980,55.23562570348565,
20981,69.73714731839277,
20982,72.04331209191832,
20983,70.81134977627744,
20984,55.789344244705035,
20985,56.76502224192393,
20986,56.57630907641078,
20987,52.9131044656246,
20988,52.825190088073896,
20989,67.10997282403503,
20990,69.38081665187718,
20991,68.16775204236455,
20992,53.37080283500518,
20993,63.497471239192066,
20994,63.3009797874422,
20995,59.48769555679479,
20996,59.39620060076999,
20997,74.27583746733325,
20998,76.64366906976159,
20999,75.3787116355607,
21000,59.96405114657085,
21001,52.995231855475055,
21002,52.79874040372519,
21003,48.98545617307778,
21004,48.893961217052976,
21005,63.773598083616235,
21006,66.14142968604457,
21007,64.8764722518437,
21008,49.46181176285384,
21009,51.90603748309557,
21010,51.7095460313457,
21011,47.89626180069829,
21012,47.80476684467349,
21013,62.68440371123675,
21014,65.05223531366508,
21015,63.787277879464206,
21016,48.37261739047435,
21017,55.58915845024853,
21018,55.39266699849867,
21019,51.57938276785126,
21020,51.487887811826454,
21021,66.36752467838971,
21022,68.73535628081805,
21023,67.47039884661717,
21024,52.05573835762732,
21025,56.09529046874092,
21026,55.898799016991056,
21027,52.085514786343644,
21028,51.99401983031884,
21029,66.87365669688211,
21030,69.24148829931045,
21031,67.97653086510957,
21032,52.56187037611971,
21033,56.26504029472051,
21034,56.10545095290723,
21035,52.2875477352265,
21036,52.199970318769715,
21037,67.88145117020076,
21038,70.57516609397913,
21039,69.57350052912983,
21040,53.28403773971212,
21041,58.766779174681346,
21042,58.575769693274765,
21043,54.86825280260388,
21044,54.77928109885795,
21045,69.23963893300754,
21046,71.53909391252108,
21047,70.31072157889753,
21048,55.33146045370319,
21049,56.27895205591341,
21050,56.09079439171353,
21051,52.43831006271989,
21052,52.350651496098806,
21053,66.59296577491182,
21054,68.85689103361557,
21055,67.64752797480855,
21056,52.894675521508475,
21057,63.497471239192066,
21058,63.3009797874422,
21059,59.48769555679479,
21060,59.39620060076999,
21061,74.27583746733325,
21062,76.64366906976159,
21063,75.3787116355607,
21064,59.96405114657085,
21065,57.139294160521914,
21066,56.94280270877205,
21067,53.12951847812464,
21068,53.038023522099834,
21069,67.9176603886631,
21070,70.28549199109143,
21071,69.02053455689055,
21072,53.6058740679007,
21073,55.30470877017584,
21074,55.10821731842598,
21075,51.29493308777857,
21076,51.203438131753764,
21077,66.08307499831702,
21078,68.45090660074536,
21079,67.18594916654448,
21080,51.77128867755463,
21081,58.70968729441032,
21082,58.51319584266046,
21083,54.69991161201305,
21084,54.60841665598824,
21085,69.4880535225515,
21086,71.85588512497984,
21087,70.59092769077895,
21088,55.17626720178911,
21089,59.016105466876354,
21090,58.81961401512649,
21091,55.00632978447908,
21092,54.914834828454275,
21093,69.79447169501753,
21094,72.16230329744587,
21095,70.897345863245,
21096,55.48268537425514,
21097,59.08143830338753,
21098,58.90764865045463,
21099,55.09109098320272,
21100,55.001998369511114,
21101,70.37628192004587,
21102,72.94440340834024,
21103,71.84091796502668,
21104,55.88763810711475,
21105,61.14920432168327,
21106,60.955443752196516,
21107,57.19484495580622,
21108,57.10460681942436,
21109,71.77535397363306,
21110,74.10911037183917,
21111,72.86238528468004,
21112,57.664651563056,
21113,58.5281870233913,
21114,58.337451971551786,
21115,54.6352305336581,
21116,54.54638517785952,
21117,68.98575856698704,
21118,71.28179330606065,
21119,70.05525091513476,
21120,55.09777983443075,
21121,69.05913518749702,
21122,68.83329491718115,
21123,65.0261553873608,
21124,64.93158869433188,
21125,79.16583766180048,
21126,81.27565966356258,
21127,79.80423670774445,
21128,65.08766197100783,
21129,47.462037259474926,
21130,47.236196989159055,
21131,43.42905745933871,
21132,43.334490766309784,
21133,57.568739733778386,
21134,59.678561735540484,
21135,58.20713877972236,
21136,43.49056404298574,
21137,47.21402745291219,
21138,46.98818718259632,
21139,43.18104765277597,
21140,43.08648095974705,
21141,57.32072992721565,
21142,59.43055192897775,
21143,57.95912897315962,
21144,43.242554236423004,
21145,52.796260241697254,
21146,52.570419971381384,
21147,48.76328044156104,
21148,48.66871374853211,
21149,62.902962716000715,
21150,65.01278471776281,
21151,63.541361761944685,
21152,48.82478702520807,
21153,53.83708423822844,
21154,53.61124396791257,
21155,49.804104438092224,
21156,49.7095377450633,
21157,63.9437867125319,
21158,66.053608714294,
21159,64.58218575847587,
21160,49.865611021739255,
21161,54.04245675933595,
21162,53.89392076375401,
21163,50.075363702731806,
21164,49.98897270853803,
21165,65.90831514088859,
21166,68.69995131232139,
21167,67.77798987907579,
21168,51.22729157428023,
21169,54.440690120776765,
21170,54.2337267290622,
21171,50.74304995598328,
21172,50.65630172549453,
21173,63.690691925155875,
21174,65.61873337034268,
21175,64.27419403874728,
21176,50.79947027820583,
21177,54.440690120776765,
21178,54.2337267290622,
21179,50.74304995598328,
21180,50.65630172549453,
21181,63.690691925155875,
21182,65.61873337034268,
21183,64.27419403874728,
21184,50.79947027820583,
21185,69.05913518749702,
21186,68.83329491718115,
21187,65.0261553873608,
21188,64.93158869433188,
21189,79.16583766180048,
21190,81.27565966356258,
21191,79.80423670774445,
21192,65.08766197100783,
21193,69.05913518749702,
21194,68.83329491718115,
21195,65.0261553873608,
21196,64.93158869433188,
21197,79.16583766180048,
21198,81.27565966356258,
21199,79.80423670774445,
21200,65.08766197100783,
21201,65.23368309261767,
21202,65.0078428223018,
21203,61.20070329248146,
21204,61.10613659945253,
21205,75.34038556692113,
21206,77.45020756868323,
21207,75.9787846128651,
21208,61.26220987612849,
21209,69.05913518749702,
21210,68.83329491718115,
21211,65.0261553873608,
21212,64.93158869433188,
21213,79.16583766180048,
21214,81.27565966356258,
21215,79.80423670774445,
21216,65.08766197100783,
21217,69.05913518749702,
21218,68.83329491718115,
21219,65.0261553873608,
21220,64.93158869433188,
21221,79.16583766180048,
21222,81.27565966356258,
21223,79.80423670774445,
21224,65.08766197100783,
21225,69.05913518749702,
21226,68.83329491718115,
21227,65.0261553873608,
21228,64.93158869433188,
21229,79.16583766180048,
21230,81.27565966356258,
21231,79.80423670774445,
21232,65.08766197100783,
21233,69.05913518749702,
21234,68.83329491718115,
21235,65.0261553873608,
21236,64.93158869433188,
21237,79.16583766180048,
21238,81.27565966356258,
21239,79.80423670774445,
21240,65.08766197100783,
21241,69.05913518749702,
21242,68.83329491718115,
21243,65.0261553873608,
21244,64.93158869433188,
21245,79.16583766180048,
21246,81.27565966356258,
21247,79.80423670774445,
21248,65.08766197100783,
21249,69.05913518749702,
21250,68.83329491718115,
21251,65.0261553873608,
21252,64.93158869433188,
21253,79.16583766180048,
21254,81.27565966356258,
21255,79.80423670774445,
21256,65.08766197100783,
21257,52.81087755205799,
21258,52.58503728174212,
21259,48.77789775192177,
21260,48.68333105889285,
21261,62.91758002636145,
21262,65.02740202812355,
21263,63.55597907230542,
21264,48.8394043355688,
21265,52.29956354243835,
21266,52.07372327212248,
21267,48.26658374230213,
21268,48.17201704927321,
21269,62.40626601674181,
21270,64.51608801850391,
21271,63.04466506268578,
21272,48.32809032594916,
21273,56.824001425871245,
21274,56.598161155555374,
21275,52.79102162573503,
21276,52.696454932706104,
21277,66.9307039001747,
21278,69.0405259019368,
21279,67.56910294611868,
21280,52.85252820938206,
21281,57.607049986615294,
21282,57.38120971629942,
21283,53.57407018647908,
21284,53.47950349345015,
21285,67.71375246091876,
21286,69.82357446268085,
21287,68.35215150686273,
21288,53.63557677012611,
21289,57.63742875416955,
21290,57.470946876076255,
21291,53.653627126098286,
21292,53.56531302408507,
21293,69.09790794187717,
21294,71.73063311218954,
21295,70.67946626359611,
21296,54.55310329891347,
21297,59.67568073624062,
21298,59.46205198373576,
21299,55.859605991130934,
21300,55.77009575861797,
21301,69.22799018124334,
21302,71.22012995705626,
21303,69.83085143978792,
21304,55.91782310283611,
21305,59.67568073624062,
21306,59.46205198373576,
21307,55.859605991130934,
21308,55.77009575861797,
21309,69.22799018124334,
21310,71.22012995705626,
21311,69.83085143978792,
21312,55.91782310283611,
21313,69.05913518749702,
21314,68.83329491718115,
21315,65.0261553873608,
21316,64.93158869433188,
21317,79.16583766180048,
21318,81.27565966356258,
21319,79.80423670774445,
21320,65.08766197100783,
21321,59.28772051254664,
21322,59.06188024223077,
21323,55.254740712410424,
21324,55.1601740193815,
21325,69.3944229868501,
21326,71.5042449886122,
21327,70.03282203279407,
21328,55.316247296057455,
21329,58.091472275378955,
21330,57.865632005063084,
21331,54.05849247524274,
21332,53.96392578221381,
21333,68.19817474968242,
21334,70.30799675144452,
21335,68.83657379562639,
21336,54.11999905888977,
21337,61.70114220937174,
21338,61.47530193905587,
21339,57.66816240923552,
21340,57.5735957162066,
21341,71.8078446836752,
21342,73.9176666854373,
21343,72.44624372961917,
21344,57.72966899288255,
21345,62.17205375997175,
21346,61.94621348965588,
21347,58.139073959835535,
21348,58.04450726680661,
21349,72.27875623427522,
21350,74.38857823603732,
21351,72.91715528021919,
21352,58.200580543482566,
21353,62.0977052212379,
21354,61.90846728730844,
21355,58.093991628717276,
21356,58.003261663263004,
21357,73.04139893211874,
21358,75.47315878777147,
21359,74.25962235384333,
21360,58.672722515962505,
21361,64.65485738720542,
21362,64.43479102903899,
21363,60.72442339904404,
21364,60.63224692655973,
21365,74.49934277135964,
21366,76.55348193758488,
21367,75.12092744653262,
21368,60.78437502101832,
21369,62.10469632628315,
21370,61.88793901631868,
21371,58.23304163890043,
21372,58.14223549442596,
21373,71.79897373444709,
21374,73.82123293822087,
21375,72.4109310857175,
21376,58.29210179807188,
21377,69.05913518749702,
21378,68.83329491718115,
21379,65.0261553873608,
21380,64.93158869433188,
21381,79.16583766180048,
21382,81.27565966356258,
21383,79.80423670774445,
21384,65.08766197100783,
21385,58.55689580378001,
21386,58.33105553346414,
21387,54.52391600364379,
21388,54.42934931061487,
21389,68.66359827808347,
21390,70.77342027984557,
21391,69.30199732402744,
21392,54.58542258729082,
21393,57.46770143140052,
21394,57.24186116108465,
21395,53.4347216312643,
21396,53.34015493823538,
21397,67.57440390570397,
21398,69.68422590746607,
21399,68.21280295164794,
21400,53.49622821491133,
21401,61.15082239855349,
21402,60.924982128237616,
21403,57.11784259841727,
21404,57.023275905388346,
21405,71.25752487285695,
21406,73.36734687461905,
21407,71.89592391880092,
21408,57.1793491820643,
21409,61.656954417045874,
21410,61.43111414673,
21411,57.623974616909656,
21412,57.52940792388073,
21413,71.76365689134934,
21414,73.87347889311144,
21415,72.40205593729331,
21416,57.68548120055669,
21417,61.58841165627183,
21418,61.40179958176475,
21419,57.586925858144355,
21420,57.49647341962935,
21421,72.59188629768119,
21422,75.04680451703666,
21423,73.85192245418784,
21424,58.20270191596404,
21425,64.17197750473304,
21426,63.95253964641415,
21427,60.25270712721817,
21428,60.16079089892992,
21429,73.98792941514097,
21430,76.03601169702392,
21431,74.60768502752416,
21432,60.31248944775683,
21433,61.602776690471956,
21434,61.38666771293174,
21435,57.742639321048046,
21436,57.652101702747416,
21437,71.26763025008535,
21438,73.2836460572592,
21439,71.87770212447674,
21440,57.801524791851136,
21441,69.05913518749702,
21442,68.83329491718115,
21443,65.0261553873608,
21444,64.93158869433188,
21445,79.16583766180048,
21446,81.27565966356258,
21447,79.80423670774445,
21448,65.08766197100783,
21449,62.70095810882687,
21450,62.475117838511,
21451,58.66797830869065,
21452,58.573411615661726,
21453,72.80766058313033,
21454,74.91748258489243,
21455,73.4460596290743,
21456,58.72948489233768,
21457,60.8663727184808,
21458,60.640532448164926,
21459,56.83339291834458,
21460,56.738826225315655,
21461,70.97307519278425,
21462,73.08289719454635,
21463,71.61147423872822,
21464,56.89489950199161,
21465,64.27135124271527,
21466,64.0455109723994,
21467,60.23837144257906,
21468,60.143804749550135,
21469,74.37805371701873,
21470,76.48787571878083,
21471,75.0164527629627,
21472,60.29987802622609,
21473,64.57776941518131,
21474,64.35192914486544,
21475,60.54478961504509,
21476,60.45022292201617,
21477,74.68447188948477,
21478,76.79429389124687,
21479,75.32287093542874,
21480,60.60629619869212,
21481,64.49697341858194,
21482,64.29526985657685,
21483,60.482923744729305,
21484,60.39088055269684,
21485,75.15637093450414,
21486,77.47830528313403,
21487,76.17649628049958,
21488,60.885677245403144,
21489,66.63291674779288,
21490,66.41026644008537,
21491,62.65658859122527,
21492,62.56334231146826,
21493,76.59473092011336,
21494,78.6737805925494,
21495,77.22383791524294,
21496,62.7172361762826,
21497,63.925554113825456,
21498,63.70643664558088,
21499,60.01197470592439,
21500,59.92019114711684,
21501,73.7269612336595,
21502,75.77195622552841,
21503,74.34578453731865,
21504,60.07167071861261,
21505,65.85328390959484,
21506,65.64446396637766,
21507,61.8335072988944,
21508,61.740717499796006,
21509,76.3500230989768,
21510,78.60934472415732,
21511,77.25735056158845,
21512,62.13571661770493,
21513,44.25618598157274,
21514,44.04736603835556,
21515,40.23640937087231,
21516,40.14361957177391,
21517,54.75292517095471,
21518,57.01224679613523,
21519,55.66025263356636,
21520,40.538618689682835,
21521,44.00817617501001,
21522,43.79935623179283,
21523,39.988399564309574,
21524,39.89560976521118,
21525,54.50491536439198,
21526,56.764236989572495,
21527,55.412242827003624,
21528,40.2906088831201,
21529,49.59040896379507,
21530,49.38158902057789,
21531,45.57063235309464,
21532,45.47784255399624,
21533,60.08714815317704,
21534,62.34646977835756,
21535,60.99447561578869,
21536,45.872841671905164,
21537,50.63123296032626,
21538,50.42241301710908,
21539,46.611456349625826,
21540,46.51866655052743,
21541,61.12797214970823,
21542,63.38729377488875,
21543,62.035299612319875,
21544,46.91366566843635,
21545,51.11058271478686,
21546,50.97642110610468,
21547,47.15755205150856,
21548,47.0727135457293,
21549,63.29964510627951,
21550,66.2188293170592,
21551,65.40112310040257,
21552,48.51134877332464,
21553,51.501706885522935,
21554,51.31018832475365,
21555,47.81322584761631,
21556,47.72803970144071,
21557,61.11590492883721,
21558,63.181976908232,
21559,61.94576459883956,
21560,48.09065695515227,
21561,51.501706885522935,
21562,51.31018832475365,
21563,47.81322584761631,
21564,47.72803970144071,
21565,61.11590492883721,
21566,63.181976908232,
21567,61.94576459883956,
21568,48.09065695515227,
21569,65.85328390959484,
21570,65.64446396637766,
21571,61.8335072988944,
21572,61.740717499796006,
21573,76.3500230989768,
21574,78.60934472415732,
21575,77.25735056158845,
21576,62.13571661770493,
21577,65.85328390959484,
21578,65.64446396637766,
21579,61.8335072988944,
21580,61.740717499796006,
21581,76.3500230989768,
21582,78.60934472415732,
21583,77.25735056158845,
21584,62.13571661770493,
21585,62.02783181471549,
21586,61.81901187149831,
21587,58.00805520401506,
21588,57.91526540491666,
21589,72.52457100409745,
21590,74.78389262927797,
21591,73.4318984667091,
21592,58.310264522825584,
21593,65.85328390959484,
21594,65.64446396637766,
21595,61.8335072988944,
21596,61.740717499796006,
21597,76.3500230989768,
21598,78.60934472415732,
21599,77.25735056158845,
21600,62.13571661770493,
21601,65.85328390959484,
21602,65.64446396637766,
21603,61.8335072988944,
21604,61.740717499796006,
21605,76.3500230989768,
21606,78.60934472415732,
21607,77.25735056158845,
21608,62.13571661770493,
21609,65.85328390959484,
21610,65.64446396637766,
21611,61.8335072988944,
21612,61.740717499796006,
21613,76.3500230989768,
21614,78.60934472415732,
21615,77.25735056158845,
21616,62.13571661770493,
21617,65.85328390959484,
21618,65.64446396637766,
21619,61.8335072988944,
21620,61.740717499796006,
21621,76.3500230989768,
21622,78.60934472415732,
21623,77.25735056158845,
21624,62.13571661770493,
21625,65.85328390959484,
21626,65.64446396637766,
21627,61.8335072988944,
21628,61.740717499796006,
21629,76.3500230989768,
21630,78.60934472415732,
21631,77.25735056158845,
21632,62.13571661770493,
21633,65.85328390959484,
21634,65.64446396637766,
21635,61.8335072988944,
21636,61.740717499796006,
21637,76.3500230989768,
21638,78.60934472415732,
21639,77.25735056158845,
21640,62.13571661770493,
21641,49.605026274155804,
21642,49.396206330938625,
21643,45.58524966345537,
21644,45.492459864356974,
21645,60.101765463537774,
21646,62.36108708871829,
21647,61.00909292614942,
21648,45.8874589822659,
21649,49.093712264536165,
21650,48.884892321318986,
21651,45.07393565383573,
21652,44.981145854737335,
21653,59.590451453918135,
21654,61.849773079098654,
21655,60.49777891652978,
21656,45.37614497264626,
21657,53.61815014796906,
21658,53.40933020475188,
21659,49.59837353726863,
21660,49.50558373817023,
21661,64.11488933735103,
21662,66.37421096253155,
21663,65.02221679996268,
21664,49.900582856079154,
21665,54.40119870871311,
21666,54.19237876549593,
21667,50.38142209801268,
21668,50.28863229891428,
21669,64.89793789809508,
21670,67.1572595232756,
21671,65.80526536070673,
21672,50.683631416823204,
21673,54.64106882951404,
21674,54.489569094634305,
21675,50.67115272032186,
21676,50.58444299285679,
21677,66.44011880236332,
21678,69.20548565353204,
21679,68.26211398911778,
21680,51.78142028513258,
21681,56.64245029675118,
21682,56.444820305979476,
21683,52.8369175003258,
21684,52.74904419607941,
21685,66.56818815328262,
21686,68.70242528410472,
21687,67.42537536371844,
21688,53.12310510611917,
21689,56.64245029675118,
21690,56.444820305979476,
21691,52.8369175003258,
21692,52.74904419607941,
21693,66.56818815328262,
21694,68.70242528410472,
21695,67.42537536371844,
21696,53.12310510611917,
21697,65.85328390959484,
21698,65.64446396637766,
21699,61.8335072988944,
21700,61.740717499796006,
21701,76.3500230989768,
21702,78.60934472415732,
21703,77.25735056158845,
21704,62.13571661770493,
21705,56.08186923464446,
21706,55.87304929142728,
21707,52.062092623944025,
21708,51.96930282484563,
21709,66.57860842402643,
21710,68.83793004920695,
21711,67.48593588663807,
21712,52.36430194275455,
21713,54.88562099747677,
21714,54.67680105425959,
21715,50.86584438677634,
21716,50.77305458767794,
21717,65.38236018685875,
21718,67.64168181203927,
21719,66.2896876494704,
21720,51.168053705586864,
21721,58.495290931469555,
21722,58.286470988252375,
21723,54.47551432076912,
21724,54.382724521670724,
21725,68.99203012085152,
21726,71.25135174603204,
21727,69.89935758346317,
21728,54.77772363957965,
21729,58.96620248206957,
21730,58.75738253885239,
21731,54.94642587136914,
21732,54.85363607227074,
21733,69.46294167145155,
21734,71.72226329663206,
21735,70.3702691340632,
21736,55.24863519017966,
21737,59.02037165868069,
21738,58.84689220212289,
21739,55.030299229845525,
21740,54.94123960934121,
21741,70.32225242920362,
21742,72.89311490716466,
21743,71.79184683685332,
21744,55.831216876881626,
21745,61.53061788320866,
21746,61.32708775870418,
21747,57.61210840078087,
21748,57.52164218940038,
21749,71.75733601963549,
21750,73.95748259296869,
21751,72.64094411595426,
21752,57.90674559291608,
21753,59.02723500481386,
21754,58.826737357386776,
21755,55.16678844399661,
21756,55.07765473888287,
21757,69.09923326630991,
21758,71.26549221113652,
21759,69.96925723312836,
21760,55.45708333030427,
21761,65.85328390959484,
21762,65.64446396637766,
21763,61.8335072988944,
21764,61.740717499796006,
21765,76.3500230989768,
21766,78.60934472415732,
21767,77.25735056158845,
21768,62.13571661770493,
21769,55.351044525877825,
21770,55.142224582660646,
21771,51.33126791517739,
21772,51.238478116078994,
21773,65.8477837152598,
21774,68.10710534044031,
21775,66.75511117787144,
21776,51.63347723398792,
21777,54.26185015349834,
21778,54.05303021028116,
21779,50.242073542797904,
21780,50.149283743699506,
21781,64.7585893428803,
21782,67.01791096806082,
21783,65.66591680549195,
21784,50.54428286160843,
21785,57.9449711206513,
21786,57.736151177434124,
21787,53.92519450995087,
21788,53.83240471085247,
21789,68.44171031003327,
21790,70.70103193521379,
21791,69.34903777264492,
21792,54.227403828761396,
21793,58.45110313914369,
21794,58.24228319592651,
21795,54.43132652844326,
21796,54.33853672934486,
21797,68.94784232852567,
21798,71.20716395370619,
21799,69.85516979113731,
21800,54.73353584725378,
21801,58.52037810826573,
21802,58.3494346067439,
21803,54.532562789039446,
21804,54.443773072650515,
21805,69.87976890849507,
21806,72.47304409499935,
21807,71.38991509313854,
21808,55.369206083742654,
21809,61.05662240565084,
21810,60.85366820211311,
21811,57.1491395430437,
21812,57.058926371621,
21813,71.25395232609634,
21814,73.44766104404391,
21815,72.13497980225327,
21816,57.44295213671131,
21817,58.53448101919787,
21818,58.33457759075719,
21819,54.68541283270963,
21820,54.596540274946506,
21821,68.57616804051679,
21822,70.735789694669,
21823,69.44353132535167,
21824,54.974856711469215,
21825,65.85328390959484,
21826,65.64446396637766,
21827,61.8335072988944,
21828,61.740717499796006,
21829,76.3500230989768,
21830,78.60934472415732,
21831,77.25735056158845,
21832,62.13571661770493,
21833,59.49510683092468,
21834,59.286286887707504,
21835,55.47533022022425,
21836,55.38254042112585,
21837,69.99184602030665,
21838,72.25116764548717,
21839,70.8991734829183,
21840,55.77753953903478,
21841,57.66052144057861,
21842,57.451701497361434,
21843,53.64074482987818,
21844,53.54795503077978,
21845,68.15726062996058,
21846,70.4165822551411,
21847,69.06458809257222,
21848,53.942954148688706,
21849,61.06549996481309,
21850,60.85668002159591,
21851,57.04572335411266,
21852,56.95293355501426,
21853,71.56223915419505,
21854,73.82156077937557,
21855,72.4695666168067,
21856,57.347932672923186,
21857,61.371918137279124,
21858,61.163098194061945,
21859,57.35214152657869,
21860,57.25935172748029,
21861,71.8686573266611,
21862,74.12797895184161,
21863,72.77598478927274,
21864,57.65435084538922,
21865,61.375640167363315,
21866,61.19012302069308,
21867,57.37508859222834,
21868,57.28475197050045,
21869,72.40403108954615,
21870,74.86860829300178,
21871,73.6815109317269,
21872,58.006309166128176,
21873,63.472152530587834,
21874,63.26625486276345,
21875,59.50831663151473,
21876,59.41681033267861,
21877,73.81970266326522,
21878,76.04632429711432,
21879,74.71392308505324,
21880,59.80634324829202,
21881,60.814728076646134,
21882,60.61206746884244,
21883,56.91286651672635,
21884,56.82278234599545,
21885,70.99707708510437,
21886,73.18750424209105,
21887,71.87678913626416,
21888,57.206258727869056,
21889,66.80161118326492,
21890,67.39516601551924,
21891,62.67226163943491,
21892,62.580821344442256,
21893,76.65914119032732,
21894,79.13982413946223,
21895,77.6260080498796,
21896,61.98886220864716,
21897,45.20451325524283,
21898,45.79806808749714,
21899,41.07516371141281,
21900,40.98372341642016,
21901,55.062043262305224,
21902,57.54272621144014,
21903,56.02891012185751,
21904,40.39176428062507,
21905,44.956503448680095,
21906,45.55005828093441,
21907,40.82715390485008,
21908,40.73571360985743,
21909,54.81403345574249,
21910,57.294716404877406,
21911,55.78090031529477,
21912,40.143754474062334,
21913,50.53873623746516,
21914,51.13229106971947,
21915,46.40938669363514,
21916,46.31794639864249,
21917,60.39626624452755,
21918,62.87694919366247,
21919,61.363133104079836,
21920,45.7259872628474,
21921,51.57956023399635,
21922,52.17311506625066,
21923,47.45021069016633,
21924,47.35877039517368,
21925,61.43709024105874,
21926,63.91777319019366,
21927,62.403957100611024,
21928,46.766811259378585,
21929,52.24902598065569,
21930,52.71456227309636,
21931,48.19903121706676,
21932,48.115301863038155,
21933,63.45817060415533,
21934,66.81555387854581,
21935,65.86881455293985,
21936,48.53396448139489,
21937,52.37133662357576,
21938,52.915530150199515,
21939,48.5831589154173,
21940,48.49922929448985,
21941,61.39865155064092,
21942,63.666913376772186,
21943,62.28289239097211,
21944,47.95584578947313,
21945,52.37133662357576,
21946,52.915530150199515,
21947,48.5831589154173,
21948,48.49922929448985,
21949,61.39865155064092,
21950,63.666913376772186,
21951,62.28289239097211,
21952,47.95584578947313,
21953,66.80161118326492,
21954,67.39516601551924,
21955,62.67226163943491,
21956,62.580821344442256,
21957,76.65914119032732,
21958,79.13982413946223,
21959,77.6260080498796,
21960,61.98886220864716,
21961,66.80161118326492,
21962,67.39516601551924,
21963,62.67226163943491,
21964,62.580821344442256,
21965,76.65914119032732,
21966,79.13982413946223,
21967,77.6260080498796,
21968,61.98886220864716,
21969,62.97615908838558,
21970,63.56971392063989,
21971,58.84680954455556,
21972,58.75536924956291,
21973,72.83368909544797,
21974,75.31437204458288,
21975,73.80055595500025,
21976,58.16341011376782,
21977,66.80161118326492,
21978,67.39516601551924,
21979,62.67226163943491,
21980,62.580821344442256,
21981,76.65914119032732,
21982,79.13982413946223,
21983,77.6260080498796,
21984,61.98886220864716,
21985,66.80161118326492,
21986,67.39516601551924,
21987,62.67226163943491,
21988,62.580821344442256,
21989,76.65914119032732,
21990,79.13982413946223,
21991,77.6260080498796,
21992,61.98886220864716,
21993,66.80161118326492,
21994,67.39516601551924,
21995,62.67226163943491,
21996,62.580821344442256,
21997,76.65914119032732,
21998,79.13982413946223,
21999,77.6260080498796,
22000,61.98886220864716,
22001,66.80161118326492,
22002,67.39516601551924,
22003,62.67226163943491,
22004,62.580821344442256,
22005,76.65914119032732,
22006,79.13982413946223,
22007,77.6260080498796,
22008,61.98886220864716,
22009,66.80161118326492,
22010,67.39516601551924,
22011,62.67226163943491,
22012,62.580821344442256,
22013,76.65914119032732,
22014,79.13982413946223,
22015,77.6260080498796,
22016,61.98886220864716,
22017,66.80161118326492,
22018,67.39516601551924,
22019,62.67226163943491,
22020,62.580821344442256,
22021,76.65914119032732,
22022,79.13982413946223,
22023,77.6260080498796,
22024,61.98886220864716,
22025,50.55335354782589,
22026,51.146908380080205,
22027,46.424004003995876,
22028,46.332563709003225,
22029,60.41088355488829,
22030,62.8915665040232,
22031,61.37775041444057,
22032,45.74060457320813,
22033,50.042039538206254,
22034,50.635594370460566,
22035,45.91268999437624,
22036,45.821249699383586,
22037,59.89956954526865,
22038,62.380252494403564,
22039,60.86643640482093,
22040,45.22929056358849,
22041,54.56647742163915,
22042,55.16003225389346,
22043,50.43712787780913,
22044,50.34568758281648,
22045,64.42400742870154,
22046,66.90469037783646,
22047,65.39087428825383,
22048,49.75372844702139,
22049,55.3495259823832,
22050,55.94308081463751,
22051,51.22017643855318,
22052,51.12873614356053,
22053,65.20705598944559,
22054,67.68773893858051,
22055,66.17392284899788,
22056,50.53677700776544,
22057,55.735869799081,
22058,56.231237700861925,
22059,51.66606221485233,
22060,51.580516644943486,
22061,66.63388708378301,
22062,69.78680559811045,
22063,68.7066160073839,
22064,51.764608314182965,
22065,57.53987669738359,
22066,58.10150344051834,
22067,53.631170875528824,
22068,53.54458722611082,
22069,66.86023791311248,
22070,69.20342344803657,
22071,67.77362471155965,
22072,52.98403795746907,
22073,57.53987669738359,
22074,58.10150344051834,
22075,53.631170875528824,
22076,53.54458722611082,
22077,66.86023791311248,
22078,69.20342344803657,
22079,67.77362471155965,
22080,52.98403795746907,
22081,66.80161118326492,
22082,67.39516601551924,
22083,62.67226163943491,
22084,62.580821344442256,
22085,76.65914119032732,
22086,79.13982413946223,
22087,77.6260080498796,
22088,61.98886220864716,
22089,57.030196508314546,
22090,57.62375134056886,
22091,52.90084696448453,
22092,52.80940666949188,
22093,66.88772651537694,
22094,69.36840946451186,
22095,67.85459337492922,
22096,52.217447533696784,
22097,55.83394827114686,
22098,56.42750310340117,
22099,51.70459872731684,
22100,51.61315843232419,
22101,65.69147827820926,
22102,68.17216122734418,
22103,66.65834513776154,
22104,51.0211992965291,
22105,59.44361820513964,
22106,60.037173037393956,
22107,55.314268661309626,
22108,55.222828366316975,
22109,69.30114821220204,
22110,71.78183116133695,
22111,70.26801507175432,
22112,54.63086923052188,
22113,59.91452975573966,
22114,60.50808458799397,
22115,55.78518021190964,
22116,55.69373991691699,
22117,69.77205976280206,
22118,72.25274271193697,
22119,70.73892662235434,
22120,55.101780781121896,
22121,60.05938719424165,
22122,60.59248165730503,
22123,55.9657119911879,
22124,55.87788697311322,
22125,70.56045897467618,
22126,73.45492100739006,
22127,72.20711820073933,
22128,55.764483157577615,
22129,62.45488193879055,
22130,63.033342136107194,
22131,58.42983049083665,
22132,58.340685620319846,
22133,72.05837991264411,
22134,74.47401376934044,
22135,72.99994693212676,
22136,57.76357159010115,
22137,59.93770512998486,
22138,60.50751311659917,
22139,55.97244968493044,
22140,55.8846210713715,
22141,69.39565292611297,
22142,71.7740366765604,
22143,70.32273111315556,
22144,55.31601987574874,
22145,66.80161118326492,
22146,67.39516601551924,
22147,62.67226163943491,
22148,62.580821344442256,
22149,76.65914119032732,
22150,79.13982413946223,
22151,77.6260080498796,
22152,61.98886220864716,
22153,56.29937179954791,
22154,56.892926631802226,
22155,52.170022255717896,
22156,52.078581960725245,
22157,66.1569018066103,
22158,68.63758475574522,
22159,67.12376866616259,
22160,51.48662282493015,
22161,55.210177427168425,
22162,55.80373225942274,
22163,51.08082788333841,
22164,50.98938758834576,
22165,65.06770743423081,
22166,67.54839038336573,
22167,66.0345742937831,
22168,50.39742845255066,
22169,58.89329839432139,
22170,59.486853226575704,
22171,54.763948850491374,
22172,54.67250855549872,
22173,68.75082840138379,
22174,71.2315113505187,
22175,69.71769526093607,
22176,54.08054941970363,
22177,59.39943041281378,
22178,59.99298524506809,
22179,55.27008086898376,
22180,55.17864057399111,
22181,69.25696041987618,
22182,71.7376433690111,
22183,70.22382727942846,
22184,54.58668143819602,
22185,59.56585515918505,
22186,60.09460186277016,
22187,55.474865307515245,
22188,55.38730202557963,
22189,70.11286168637639,
22190,73.03710061779702,
22191,71.80854955320916,
22192,55.30822865220182,
22193,61.978266710071864,
22194,62.55508364108067,
22195,57.964571276608865,
22196,57.87567636589398,
22197,71.55411774580296,
22198,73.96267487661174,
22199,72.4929322511934,
22200,57.30017892520533,
22201,59.442248261729105,
22202,60.010360922657924,
22203,55.48871040646668,
22204,55.401139747205434,
22205,68.8716819552767,
22206,71.24276995404938,
22207,69.79592229654065,
22208,54.83420688209537,
22209,66.80161118326492,
22210,67.39516601551924,
22211,62.67226163943491,
22212,62.580821344442256,
22213,76.65914119032732,
22214,79.13982413946223,
22215,77.6260080498796,
22216,61.98886220864716,
22217,60.44343410459477,
22218,61.036988936849085,
22219,56.314084560764755,
22220,56.222644265772104,
22221,70.30096411165717,
22222,72.78164706079208,
22223,71.26783097120945,
22224,55.63068512997701,
22225,58.6088487142487,
22226,59.202403546503014,
22227,54.479499170418684,
22228,54.38805887542603,
22229,68.46637872131109,
22230,70.947061670446,
22231,69.43324558086337,
22232,53.79609973963094,
22233,62.01382723848318,
22234,62.60738207073749,
22235,57.884477694653164,
22236,57.79303739966051,
22237,71.87135724554557,
22238,74.35204019468048,
22239,72.83822410509785,
22240,57.20107826386542,
22241,62.32024541094921,
22242,62.913800243203525,
22243,58.190895867119195,
22244,58.099455572126544,
22245,72.1777754180116,
22246,74.65845836714652,
22247,73.14464227756389,
22248,57.50749643633145,
22249,62.38389790337288,
22250,62.937613066143626,
22251,58.27771052993535,
22252,58.18864742423716,
22253,72.66646492273009,
22254,75.41973627682307,
22255,74.08085171129017,
22256,57.912264171627896,
22257,64.40718627155798,
22258,64.99240203092648,
22259,60.33545306902761,
22260,60.24528074441275,
22261,74.12435908196255,
22262,76.56909567801762,
22263,75.07724543002342,
22264,59.661521831224206,
22265,61.735036879063614,
22266,62.311016108510444,
22267,57.727130623299104,
22268,57.63836314200148,
22269,71.29679471749745,
22270,73.70174465073086,
22271,72.23420618247206,
22272,57.063689840706104,
22273,72.36383074466977,
22274,73.00875869324517,
22275,68.20646874982162,
22276,68.1119902519215,
22277,81.66808016885255,
22278,83.79771918564171,
22279,82.06029918708396,
22280,67.11184659797999,
22281,50.766732816647675,
22282,51.411660765223075,
22283,46.60937082179953,
22284,46.5148923238994,
22285,60.07098224083046,
22286,62.200621257619616,
22287,60.46320125906186,
22288,45.514748669957896,
22289,50.51872301008494,
22290,51.16365095866034,
22291,46.361361015236795,
22292,46.26688251733667,
22293,59.822972434267726,
22294,61.95261145105688,
22295,60.21519145249913,
22296,45.26673886339516,
22297,56.100955798870004,
22298,56.745883747445404,
22299,51.94359380402186,
22300,51.84911530612173,
22301,65.40520522305279,
22302,67.53484423984195,
22303,65.79742424128419,
22304,50.848971652180225,
22305,57.14177979540119,
22306,57.78670774397659,
22307,52.98441780055305,
22308,52.88993930265292,
22309,66.44602921958398,
22310,68.57566823637313,
22311,66.83824823781538,
22312,51.88979564871141,
22313,57.34165849765145,
22314,57.85094311033458,
22315,53.2628959029243,
22316,53.176507273363086,
22317,68.09368702904612,
22318,71.15124663855096,
22319,70.00907886555348,
22320,53.2509640029254,
22321,57.467828267721075,
22322,58.05829837288593,
22323,53.65923273326638,
22324,53.57263421469037,
22325,65.97723140513284,
22326,67.9221641272951,
22327,66.3355103315767,
22328,52.65578225114797,
22329,57.467828267721075,
22330,58.05829837288593,
22331,53.65923273326638,
22332,53.57263421469037,
22333,65.97723140513284,
22334,67.9221641272951,
22335,66.3355103315767,
22336,52.65578225114797,
22337,72.36383074466977,
22338,73.00875869324517,
22339,68.20646874982162,
22340,68.1119902519215,
22341,81.66808016885255,
22342,83.79771918564171,
22343,82.06029918708396,
22344,67.11184659797999,
22345,72.36383074466977,
22346,73.00875869324517,
22347,68.20646874982162,
22348,68.1119902519215,
22349,81.66808016885255,
22350,83.79771918564171,
22351,82.06029918708396,
22352,67.11184659797999,
22353,68.53837864979042,
22354,69.18330659836582,
22355,64.38101665494227,
22356,64.28653815704214,
22357,77.8426280739732,
22358,79.97226709076236,
22359,78.2348470922046,
22360,63.286394503100645,
22361,72.36383074466977,
22362,73.00875869324517,
22363,68.20646874982162,
22364,68.1119902519215,
22365,81.66808016885255,
22366,83.79771918564171,
22367,82.06029918708396,
22368,67.11184659797999,
22369,72.36383074466977,
22370,73.00875869324517,
22371,68.20646874982162,
22372,68.1119902519215,
22373,81.66808016885255,
22374,83.79771918564171,
22375,82.06029918708396,
22376,67.11184659797999,
22377,72.36383074466977,
22378,73.00875869324517,
22379,68.20646874982162,
22380,68.1119902519215,
22381,81.66808016885255,
22382,83.79771918564171,
22383,82.06029918708396,
22384,67.11184659797999,
22385,72.36383074466977,
22386,73.00875869324517,
22387,68.20646874982162,
22388,68.1119902519215,
22389,81.66808016885255,
22390,83.79771918564171,
22391,82.06029918708396,
22392,67.11184659797999,
22393,72.36383074466977,
22394,73.00875869324517,
22395,68.20646874982162,
22396,68.1119902519215,
22397,81.66808016885255,
22398,83.79771918564171,
22399,82.06029918708396,
22400,67.11184659797999,
22401,72.36383074466977,
22402,73.00875869324517,
22403,68.20646874982162,
22404,68.1119902519215,
22405,81.66808016885255,
22406,83.79771918564171,
22407,82.06029918708396,
22408,67.11184659797999,
22409,56.11557310923074,
22410,56.76050105780614,
22411,51.95821111438259,
22412,51.863732616482466,
22413,65.41982253341352,
22414,67.54946155020268,
22415,65.81204155164492,
22416,50.86358896254096,
22417,55.6042590996111,
22418,56.2491870481865,
22419,51.446897104762954,
22420,51.35241860686283,
22421,64.90850852379388,
22422,67.03814754058304,
22423,65.30072754202529,
22424,50.35227495292132,
22425,60.128696983043994,
22426,60.773624931619395,
22427,55.97133498819585,
22428,55.87685649029572,
22429,69.43294640722678,
22430,71.56258542401594,
22431,69.82516542545818,
22432,54.876712836354216,
22433,60.911745543788044,
22434,61.556673492363444,
22435,56.7543835489399,
22436,56.65990505103977,
22437,70.21599496797083,
22438,72.34563398475998,
22439,70.60821398620223,
22440,55.659761397098265,
22441,60.93910083663587,
22442,61.479971484104965,
22443,56.840664058718005,
22444,56.75237151804345,
22445,71.35789706841177,
22446,74.19910805124812,
22447,72.91691407182026,
22448,56.57753718774006,
22449,62.80080242454744,
22450,63.410492680133814,
22451,58.86907872242159,
22452,58.77969754449845,
22453,71.59058770882802,
22454,73.60063057401885,
22455,71.96083199541602,
22456,57.83343080925766,
22457,62.80080242454744,
22458,63.410492680133814,
22459,58.86907872242159,
22460,58.77969754449845,
22461,71.59058770882802,
22462,73.60063057401885,
22463,71.96083199541602,
22464,57.83343080925766,
22465,72.36383074466977,
22466,73.00875869324517,
22467,68.20646874982162,
22468,68.1119902519215,
22469,81.66808016885255,
22470,83.79771918564171,
22471,82.06029918708396,
22472,67.11184659797999,
22473,62.59241606971939,
22474,63.23734401829479,
22475,58.435054074871246,
22476,58.34057557697112,
22477,71.89666549390218,
22478,74.02630451069133,
22479,72.28888451213358,
22480,57.34043192302961,
22481,61.396167832551704,
22482,62.041095781127105,
22483,57.23880583770356,
22484,57.14432733980343,
22485,70.7004172567345,
22486,72.83005627352365,
22487,71.0926362749659,
22488,56.144183685861925,
22489,65.00583776654449,
22490,65.65076571511989,
22491,60.84847577169634,
22492,60.753997273796216,
22493,74.31008719072727,
22494,76.43972620751643,
22495,74.70230620895867,
22496,59.75385361985471,
22497,65.47674931714451,
22498,66.12167726571991,
22499,61.31938732229636,
22500,61.22490882439623,
22501,74.7809987413273,
22502,76.91063775811645,
22503,75.1732177595587,
22504,60.224765170454724,
22505,65.40143130377737,
22506,65.98226683921553,
22507,61.27933538731634,
22508,61.188651970306864,
22509,75.39505869815838,
22510,77.96273823241626,
22511,76.50462389065626,
22512,60.69754051829602,
22513,67.8746364047177,
22514,68.50289914079679,
22515,63.82397093323249,
22516,63.73190245601751,
22517,76.93550966629437,
22518,79.00855125937903,
22519,77.3173299819353,
22520,62.757231008827546,
22521,65.27581706273878,
22522,65.89453209432679,
22523,61.28629240183312,
22524,61.195605212386226,
22525,74.19731117781043,
22526,76.23795643329396,
22527,74.57317881997602,
22528,60.23553370791399,
22529,72.36383074466977,
22530,73.00875869324517,
22531,68.20646874982162,
22532,68.1119902519215,
22533,81.66808016885255,
22534,83.79771918564171,
22535,82.06029918708396,
22536,67.11184659797999,
22537,61.86159136095276,
22538,62.50651930952816,
22539,57.70422936610461,
22540,57.609750868204486,
22541,71.16584078513554,
22542,73.2954798019247,
22543,71.55805980336694,
22544,56.60960721426298,
22545,60.77239698857327,
22546,61.41732493714867,
22547,56.615034993725125,
22548,56.520556495825,
22549,70.07664641275605,
22550,72.2062854295452,
22551,70.46886543098745,
22552,55.52041284188349,
22553,64.45551795572624,
22554,65.10044590430164,
22555,60.29815596087809,
22556,60.203677462977964,
22557,73.75976737990902,
22558,75.88940639669818,
22559,74.15198639814042,
22560,59.20353380903646,
22561,64.96164997421863,
22562,65.60657792279403,
22563,60.80428797937048,
22564,60.70980948147035,
22565,74.26589939840142,
22566,76.39553841519057,
22567,74.65811841663282,
22568,59.709665827528845,
22569,64.89195981136947,
22570,65.46818852689091,
22571,60.77252337094751,
22572,60.68211456147742,
22573,74.93478955911371,
22574,77.53398585257384,
22575,76.09608009051965,
22576,60.22750735748707,
22577,67.38251424180368,
22578,68.00896336751129,
22579,63.34346188443914,
22580,63.2516557548945,
22581,76.41690904306103,
22582,78.48379523722582,
22583,76.7975983592969,
22584,62.27975723137587,
22585,64.76436460741002,
22586,65.3812092580796,
22587,60.78681846259218,
22588,60.696401913273405,
22589,73.65855920121601,
22590,75.69286055571939,
22591,74.0332611420273,
22592,59.739191083502305,
22593,72.36383074466977,
22594,73.00875869324517,
22595,68.20646874982162,
22596,68.1119902519215,
22597,81.66808016885255,
22598,83.79771918564171,
22599,82.06029918708396,
22600,67.11184659797999,
22601,66.00565366599962,
22602,66.65058161457502,
22603,61.84829167115147,
22604,61.753813173251345,
22605,75.3099030901824,
22606,77.43954210697156,
22607,75.7021221084138,
22608,60.75366951930984,
22609,64.17106827565354,
22610,64.81599622422894,
22611,60.0137062808054,
22612,59.919227782905274,
22613,73.47531769983632,
22614,75.60495671662548,
22615,73.86753671806773,
22616,58.91908412896377,
22617,67.57604679988802,
22618,68.22097474846342,
22619,63.41868480503988,
22620,63.324206307139754,
22621,76.8802962240708,
22622,79.00993524085996,
22623,77.2725152423022,
22624,62.32406265319825,
22625,67.88246497235406,
22626,68.52739292092946,
22627,63.72510297750591,
22628,63.630624479605785,
22629,77.18671439653684,
22630,79.316353413326,
22631,77.57893341476824,
22632,62.63048082566428,
22633,67.8013414347219,
22634,68.40403024870096,
22635,63.66686251184137,
22636,63.57487985364031,
22637,77.56091375666466,
22638,79.97914184621527,
22639,78.42540941281203,
22640,62.9104461882734,
22641,69.89069564408817,
22642,70.5264155507291,
22643,65.79228318873436,
22644,65.69913614910513,
22645,79.06045749609461,
22646,81.1588167668524,
22647,79.44692958066861,
22648,64.71306486890307,
22649,67.13137949570887,
22650,67.75690413040297,
22651,63.09824707584812,
22652,63.006574684136524,
22653,76.15227740431214,
22654,78.21602616758275,
22655,76.53239024105079,
22656,62.03608973024467,
22657,69.15787156083354,
22658,69.77302403631904,
22659,65.01649884669536,
22660,64.92377765793424,
22661,78.78348247334583,
22662,81.11651564502506,
22663,79.5084284678141,
22664,64.16037896656508,
22665,47.56077363281145,
22666,48.17592610829695,
22667,43.41940091867326,
22668,43.326679729912144,
22669,57.18638454532373,
22670,59.519417717002966,
22671,57.911330539792004,
22672,42.56328103854298,
22673,47.31276382624871,
22674,47.927916301734214,
22675,43.17139111211053,
22676,43.07866992334941,
22677,56.938374738761,
22678,59.27140791044023,
22679,57.66332073322927,
22680,42.31527123198025,
22681,52.894996615033776,
22682,53.51014909051928,
22683,48.75362390089559,
22684,48.66090271213447,
22685,62.52060752754606,
22686,64.8536406992253,
22687,63.24555352201433,
22688,47.89750402076531,
22689,53.935820611564964,
22690,54.550973087050465,
22691,49.79444789742678,
22692,49.70172670866566,
22693,63.56143152407725,
22694,65.89446469575648,
22695,64.28637751854552,
22696,48.9383280172965,
22697,54.407231159609125,
22698,54.89116936546674,
22699,50.344913742266215,
22700,50.260062557926744,
22701,65.42475128926537,
22702,68.65600076977415,
22703,67.62684484561669,
22704,50.5341002158969,
22705,54.53116993971889,
22706,55.09483177121007,
22707,50.73419188021535,
22708,50.64913638822782,
22709,63.34117158093454,
22710,65.47333643159482,
22711,64.0038343594847,
22712,49.94877657250896,
22713,54.53116993971889,
22714,55.09483177121007,
22715,50.73419188021535,
22716,50.64913638822782,
22717,63.34117158093454,
22718,65.47333643159482,
22719,64.0038343594847,
22720,49.94877657250896,
22721,69.15787156083354,
22722,69.77302403631904,
22723,65.01649884669536,
22724,64.92377765793424,
22725,78.78348247334583,
22726,81.11651564502506,
22727,79.5084284678141,
22728,64.16037896656508,
22729,69.15787156083354,
22730,69.77302403631904,
22731,65.01649884669536,
22732,64.92377765793424,
22733,78.78348247334583,
22734,81.11651564502506,
22735,79.5084284678141,
22736,64.16037896656508,
22737,65.33241946595419,
22738,65.94757194143969,
22739,61.19104675181601,
22740,61.09832556305489,
22741,74.95803037846647,
22742,77.29106355014571,
22743,75.68297637293475,
22744,60.33492687168573,
22745,69.15787156083354,
22746,69.77302403631904,
22747,65.01649884669536,
22748,64.92377765793424,
22749,78.78348247334583,
22750,81.11651564502506,
22751,79.5084284678141,
22752,64.16037896656508,
22753,69.15787156083354,
22754,69.77302403631904,
22755,65.01649884669536,
22756,64.92377765793424,
22757,78.78348247334583,
22758,81.11651564502506,
22759,79.5084284678141,
22760,64.16037896656508,
22761,69.15787156083354,
22762,69.77302403631904,
22763,65.01649884669536,
22764,64.92377765793424,
22765,78.78348247334583,
22766,81.11651564502506,
22767,79.5084284678141,
22768,64.16037896656508,
22769,69.15787156083354,
22770,69.77302403631904,
22771,65.01649884669536,
22772,64.92377765793424,
22773,78.78348247334583,
22774,81.11651564502506,
22775,79.5084284678141,
22776,64.16037896656508,
22777,69.15787156083354,
22778,69.77302403631904,
22779,65.01649884669536,
22780,64.92377765793424,
22781,78.78348247334583,
22782,81.11651564502506,
22783,79.5084284678141,
22784,64.16037896656508,
22785,69.15787156083354,
22786,69.77302403631904,
22787,65.01649884669536,
22788,64.92377765793424,
22789,78.78348247334583,
22790,81.11651564502506,
22791,79.5084284678141,
22792,64.16037896656508,
22793,52.90961392539451,
22794,53.52476640088001,
22795,48.768241211256324,
22796,48.675520022495206,
22797,62.535224837906796,
22798,64.86825800958603,
22799,63.26017083237507,
22800,47.912121331126045,
22801,52.39829991577487,
22802,53.01345239126037,
22803,48.256927201636685,
22804,48.16420601287557,
22805,62.02391082828716,
22806,64.35694399996639,
22807,62.74885682275543,
22808,47.400807321506406,
22809,56.922737799207766,
22810,57.53789027469327,
22811,52.78136508506958,
22812,52.68864389630846,
22813,66.54834871172005,
22814,68.88138188339929,
22815,67.27329470618832,
22816,51.9252452049393,
22817,57.705786359951816,
22818,58.32093883543732,
22819,53.56441364581363,
22820,53.47169245705251,
22821,67.3313972724641,
22822,69.66443044414333,
22823,68.05634326693237,
22824,52.70829376568335,
22825,57.94073239409073,
22826,58.4552377570007,
22827,53.85865629692961,
22828,53.77195207287343,
22829,68.63786052557049,
22830,71.65965218509677,
22831,70.49427872435268,
22832,53.80524758334178,
22833,59.769075858667236,
22834,60.35091771319975,
22835,55.85046584580192,
22836,55.76270231596851,
22837,68.8668900666517,
22838,71.06988618133994,
22839,69.55151763172518,
22840,55.040071787600766,
22841,59.769075858667236,
22842,60.35091771319975,
22843,55.85046584580192,
22844,55.76270231596851,
22845,68.8668900666517,
22846,71.06988618133994,
22847,69.55151763172518,
22848,55.040071787600766,
22849,69.15787156083354,
22850,69.77302403631904,
22851,65.01649884669536,
22852,64.92377765793424,
22853,78.78348247334583,
22854,81.11651564502506,
22855,79.5084284678141,
22856,64.16037896656508,
22857,59.38645688588316,
22858,60.001609361368665,
22859,55.24508417174498,
22860,55.15236298298386,
22861,69.01206779839545,
22862,71.34510097007468,
22863,69.73701379286372,
22864,54.3889642916147,
22865,58.190208648715476,
22866,58.80536112420098,
22867,54.04883593457729,
22868,53.95611474581617,
22869,67.81581956122777,
22870,70.148852732907,
22871,68.54076555569604,
22872,53.19271605444701,
22873,61.79987858270826,
22874,62.41503105819376,
22875,57.658505868570074,
22876,57.56578467980896,
22877,71.42548949522055,
22878,73.75852266689978,
22879,72.15043548968882,
22880,56.802385988439795,
22881,62.270790133308275,
22882,62.885942608793776,
22883,58.12941741917009,
22884,58.03669623040897,
22885,71.89640104582057,
22886,74.2294342174998,
22887,72.62134704028884,
22888,57.27329753903981,
22889,62.322800330985615,
22890,62.87597047959565,
22891,58.21693896327321,
22892,58.12790851194336,
22893,72.61115597901875,
22894,75.36815824952623,
22895,74.03167624065179,
22896,57.855836131045464,
22897,64.75106825707815,
22898,65.35047011674504,
22899,60.71501096234408,
22900,60.62463328870098,
22901,74.1270438970434,
22902,76.39854944115154,
22903,74.83291401393103,
22904,59.88050542990027,
22905,62.19945984268611,
22906,62.789835390122164,
22907,58.22376914796217,
22908,58.13473502686969,
22909,71.43243301774464,
22910,73.6687114452842,
22911,72.12738062059879,
22912,57.40165568409736,
22913,69.15787156083354,
22914,69.77302403631904,
22915,65.01649884669536,
22916,64.92377765793424,
22917,78.78348247334583,
22918,81.11651564502506,
22919,79.5084284678141,
22920,64.16037896656508,
22921,58.65563217711653,
22922,59.27078465260203,
22923,54.514259462978345,
22924,54.42153827421723,
22925,68.28124308962882,
22926,70.61427626130805,
22927,69.00618908409709,
22928,53.658139582848065,
22929,57.56643780473704,
22930,58.181590280222544,
22931,53.425065090598856,
22932,53.33234390183774,
22933,67.19204871724932,
22934,69.52508188892855,
22935,67.91699471171759,
22936,52.56894521046858,
22937,61.24955877189001,
22938,61.86471124737551,
22939,57.10818605775182,
22940,57.015464868990705,
22941,70.8751696844023,
22942,73.20820285608153,
22943,71.60011567887057,
22944,56.25206617762154,
22945,61.755690790382396,
22946,62.3708432658679,
22947,57.61431807624421,
22948,57.52159688748309,
22949,71.38130170289469,
22950,73.71433487457392,
22951,72.10624769736296,
22952,56.75819819611393,
22953,61.82254566215897,
22954,62.371259473955774,
22955,57.71935938176517,
22956,57.63059606958558,
22957,72.15820523229087,
22958,74.94571525579732,
22959,73.62888756412741,
22960,57.39376520493033,
22961,64.26791347219194,
22962,64.8656009072248,
22963,60.2433212681791,
22964,60.153198753644006,
22965,73.61672449901624,
22966,75.88153727970837,
22967,74.32051950289281,
22968,59.411169136242336,
22969,61.69725663281753,
22970,62.28586371645042,
22971,57.733394253498375,
22972,57.644623411815246,
22973,70.90221727041626,
22974,73.13159671913621,
22975,71.59502570969221,
22976,56.9137091466248,
22977,69.15787156083354,
22978,69.77302403631904,
22979,65.01649884669536,
22980,64.92377765793424,
22981,78.78348247334583,
22982,81.11651564502506,
22983,79.5084284678141,
22984,64.16037896656508,
22985,62.79969448216339,
22986,63.41484695764889,
22987,58.6583217680252,
22988,58.565600579264085,
22989,72.42530539467568,
22990,74.75833856635491,
22991,73.15025138914395,
22992,57.802201887894924,
22993,60.96510909181732,
22994,61.58026156730282,
22995,56.82373637767913,
22996,56.731015188918015,
22997,70.5907200043296,
22998,72.92375317600883,
22999,71.31566599879787,
23000,55.96761649754885,
23001,64.37008761605179,
23002,64.98524009153729,
23003,60.22871490191361,
23004,60.135993713152494,
23005,73.99569852856408,
23006,76.32873170024331,
23007,74.72064452303235,
23008,59.37259502178333,
23009,64.67650578851783,
23010,65.29165826400333,
23011,60.535133074379644,
23012,60.442411885618526,
23013,74.30211670103012,
23014,76.63514987270935,
23015,75.02706269549839,
23016,59.679013194249364,
23017,64.67910966677209,
23018,65.25341707327982,
23019,60.560787504438736,
23020,60.470493297183395,
23021,74.74244514821055,
23022,77.35478686216396,
23023,75.92531459067322,
23024,60.0311069740672,
23025,66.73025782892171,
23026,67.33670831291755,
23027,62.647066899397146,
23028,62.55564032246133,
23029,76.21793303616113,
23030,78.51696406918973,
23031,76.93233730357349,
23032,61.80288716858962,
23033,64.02134994462142,
23034,64.61816342244782,
23035,60.00260239586402,
23036,59.91260995850115,
23037,73.35631393186657,
23038,75.61771529628106,
23039,74.05905120710884,
23040,59.17165000465798,
23041,59.550504298228816,
23042,59.07064255218984,
23043,56.00412949427232,
23044,55.90725064553351,
23045,69.92210864802888,
23046,71.99120119460275,
23047,70.88196596071151,
23048,54.53527329044056,
23049,37.95340637020672,
23050,37.473544624167744,
23051,34.407031566250225,
23052,34.310152717511414,
23053,48.32501072000679,
23054,50.39410326658066,
23055,49.28486803268942,
23056,32.93817536241846,
23057,37.70539656364399,
23058,37.22553481760501,
23059,34.15902175968749,
23060,34.06214291094868,
23061,48.07700091344405,
23062,50.14609346001792,
23063,49.03685822612668,
23064,32.69016555585573,
23065,43.28762935242905,
23066,42.80776760639007,
23067,39.741254548472554,
23068,39.64437569973374,
23069,53.659233702229116,
23070,55.728326248802986,
23071,54.619091014911746,
23072,38.27239834464079,
23073,44.32845334896024,
23074,43.84859160292126,
23075,40.78207854500374,
23076,40.68519969626493,
23077,54.700057698760304,
23078,56.769150245334174,
23079,55.65991501144293,
23080,39.31322234117198,
23081,44.410825927533494,
23082,43.961116255172044,
23083,40.7230643277062,
23084,40.63497072278602,
23085,56.25159989186062,
23086,59.127841975005765,
23087,58.529604538603564,
23088,40.27521908226811,
23089,45.716729637645756,
23090,45.275917369127,
23091,42.45769737433949,
23092,42.368627510737156,
23093,55.231424392975214,
23094,57.12662031113126,
23095,56.11073232523313,
23096,41.107007614114536,
23097,45.716729637645756,
23098,45.275917369127,
23099,42.45769737433949,
23100,42.368627510737156,
23101,55.231424392975214,
23102,57.12662031113126,
23103,56.11073232523313,
23104,41.107007614114536,
23105,59.550504298228816,
23106,59.07064255218984,
23107,56.00412949427232,
23108,55.90725064553351,
23109,69.92210864802888,
23110,71.99120119460275,
23111,70.88196596071151,
23112,54.53527329044056,
23113,59.550504298228816,
23114,59.07064255218984,
23115,56.00412949427232,
23116,55.90725064553351,
23117,69.92210864802888,
23118,71.99120119460275,
23119,70.88196596071151,
23120,54.53527329044056,
23121,55.72505220334947,
23122,55.24519045731049,
23123,52.178677399392974,
23124,52.08179855065416,
23125,66.09665655314953,
23126,68.1657490997234,
23127,67.05651386583216,
23128,50.70982119556121,
23129,59.550504298228816,
23130,59.07064255218984,
23131,56.00412949427232,
23132,55.90725064553351,
23133,69.92210864802888,
23134,71.99120119460275,
23135,70.88196596071151,
23136,54.53527329044056,
23137,59.550504298228816,
23138,59.07064255218984,
23139,56.00412949427232,
23140,55.90725064553351,
23141,69.92210864802888,
23142,71.99120119460275,
23143,70.88196596071151,
23144,54.53527329044056,
23145,59.550504298228816,
23146,59.07064255218984,
23147,56.00412949427232,
23148,55.90725064553351,
23149,69.92210864802888,
23150,71.99120119460275,
23151,70.88196596071151,
23152,54.53527329044056,
23153,59.550504298228816,
23154,59.07064255218984,
23155,56.00412949427232,
23156,55.90725064553351,
23157,69.92210864802888,
23158,71.99120119460275,
23159,70.88196596071151,
23160,54.53527329044056,
23161,59.550504298228816,
23162,59.07064255218984,
23163,56.00412949427232,
23164,55.90725064553351,
23165,69.92210864802888,
23166,71.99120119460275,
23167,70.88196596071151,
23168,54.53527329044056,
23169,59.550504298228816,
23170,59.07064255218984,
23171,56.00412949427232,
23172,55.90725064553351,
23173,69.92210864802888,
23174,71.99120119460275,
23175,70.88196596071151,
23176,54.53527329044056,
23177,43.302246662789784,
23178,42.822384916750806,
23179,39.75587185883329,
23180,39.65899301009448,
23181,53.67385101258985,
23182,55.74294355916372,
23183,54.63370832527248,
23184,38.287015655001525,
23185,42.790932653170145,
23186,42.31107090713117,
23187,39.24455784921365,
23188,39.14767900047484,
23189,53.16253700297021,
23190,55.23162954954408,
23191,54.12239431565284,
23192,37.775701645381886,
23193,47.31537053660304,
23194,46.83550879056406,
23195,43.768995732646545,
23196,43.672116883907734,
23197,57.68697488640311,
23198,59.75606743297698,
23199,58.646832199085736,
23200,42.30013952881478,
23201,48.09841909734709,
23202,47.61855735130811,
23203,44.552044293390594,
23204,44.45516544465178,
23205,58.470023447147156,
23206,60.539115993721026,
23207,59.429880759829786,
23208,43.08318808955883,
23209,48.030560070304034,
23210,47.573713446477825,
23211,44.37392285780027,
23212,44.28376828235076,
23213,59.53479316103102,
23214,62.223482658764226,
23215,61.50547042533276,
23216,43.69004486595827,
23217,50.67450036938442,
23218,50.219883725566035,
23219,47.31387080393836,
23220,47.22203926207851,
23221,60.49192073104956,
23222,62.44850396181829,
23223,61.39966534624176,
23224,45.92138753730143,
23225,50.67450036938442,
23226,50.219883725566035,
23227,47.31387080393836,
23228,47.22203926207851,
23229,60.49192073104956,
23230,62.44850396181829,
23231,61.39966534624176,
23232,45.92138753730143,
23233,59.550504298228816,
23234,59.07064255218984,
23235,56.00412949427232,
23236,55.90725064553351,
23237,69.92210864802888,
23238,71.99120119460275,
23239,70.88196596071151,
23240,54.53527329044056,
23241,49.77908962327844,
23242,49.29922787723946,
23243,46.23271481932194,
23244,46.13583597058313,
23245,60.1506939730785,
23246,62.219786519652374,
23247,61.11055128576113,
23248,44.76385861549018,
23249,48.58284138611075,
23250,48.10297964007177,
23251,45.036466582154254,
23252,44.93958773341544,
23253,58.95444573591082,
23254,61.02353828248469,
23255,59.914303048593446,
23256,43.56761037832249,
23257,52.192511320103534,
23258,51.71264957406456,
23259,48.64613651614704,
23260,48.54925766740823,
23261,62.5641156699036,
23262,64.63320821647747,
23263,63.52397298258623,
23264,47.177280312315276,
23265,52.66342287070355,
23266,52.18356112466457,
23267,49.11704806674705,
23268,49.02016921800824,
23269,63.035027220503615,
23270,65.10411976707749,
23271,63.994884533186244,
23272,47.64819186291529,
23273,52.525654110569576,
23274,52.059881549127624,
23275,48.910011126732115,
23276,48.817262665018006,
23277,63.59904729975102,
23278,66.05004507902129,
23279,65.18117279761037,
23280,47.92594902307036,
23281,55.386091610820245,
23282,54.918159094757186,
23283,51.92747967520802,
23284,51.832985355157405,
23285,65.49573332985813,
23286,67.51162187046663,
23287,66.4309481786409,
23288,50.49470321497057,
23289,52.97345468623803,
23290,52.512364728965565,
23291,49.56519005516549,
23292,49.472063900722105,
23293,62.932908723013725,
23294,64.91831133876013,
23295,63.85400272718789,
23296,48.15311625360158,
23297,59.550504298228816,
23298,59.07064255218984,
23299,56.00412949427232,
23300,55.90725064553351,
23301,69.92210864802888,
23302,71.99120119460275,
23303,70.88196596071151,
23304,54.53527329044056,
23305,49.048264914511805,
23306,48.56840316847283,
23307,45.50189011055531,
23308,45.4050112618165,
23309,59.41986926431187,
23310,61.48896181088574,
23311,60.3797265769945,
23312,44.033033906723546,
23313,47.95907054213232,
23314,47.47920879609334,
23315,44.41269573817582,
23316,44.31581688943701,
23317,58.33067489193238,
23318,60.39976743850625,
23319,59.29053220461501,
23320,42.94383953434406,
23321,51.64219150928528,
23322,51.162329763246305,
23323,48.09581670532879,
23324,47.998937856589976,
23325,62.01379585908535,
23326,64.08288840565922,
23327,62.97365317176798,
23328,46.626960501497024,
23329,52.14832352777767,
23330,51.66846178173869,
23331,48.601948723821174,
23332,48.50506987508236,
23333,62.519927877577736,
23334,64.58902042415161,
23335,63.479785190260365,
23336,47.13309251998941,
23337,52.01215537386764,
23338,51.54740600459951,
23339,48.39169800761573,
23340,48.29924779566625,
23341,63.13548737128605,
23342,65.61390392800945,
23343,64.76238273121851,
23344,47.44232369946633,
23345,54.929329008102286,
23346,54.46269579348524,
23347,51.48027689913778,
23348,51.386042350576076,
23349,65.01044817832059,
23350,67.02054610578267,
23351,65.94298089925826,
23352,50.05143114935879,
23353,52.4984846380151,
23354,52.0387358297279,
23355,49.10008872515181,
23356,49.00723076790814,
23357,62.42850800745748,
23358,64.40793807254227,
23359,63.3468355122435,
23360,47.69207330964616,
23361,59.550504298228816,
23362,59.07064255218984,
23363,56.00412949427232,
23364,55.90725064553351,
23365,69.92210864802888,
23366,71.99120119460275,
23367,70.88196596071151,
23368,54.53527329044056,
23369,53.19232721955866,
23370,52.712465473519686,
23371,49.64595241560217,
23372,49.549073566863356,
23373,63.56393156935873,
23374,65.6330241159326,
23375,64.52378888204136,
23376,48.177096211770404,
23377,51.35774182921259,
23378,50.877880083173615,
23379,47.8113670252561,
23380,47.714488176517285,
23381,61.72934617901266,
23382,63.79843872558653,
23383,62.68920349169529,
23384,46.342510821424334,
23385,54.76272035344707,
23386,54.282858607408095,
23387,51.216345549490576,
23388,51.119466700751765,
23389,65.13432470324713,
23390,67.203417249821,
23391,66.09418201592976,
23392,49.74748934565881,
23393,55.069138525913104,
23394,54.589276779874126,
23395,51.52276372195661,
23396,51.4258848732178,
23397,65.44074287571317,
23398,67.50983542228704,
23399,66.4006001883958,
23400,50.053907518124845,
23401,54.945529469148255,
23402,54.474922818794596,
23403,51.35303075580589,
23404,51.25887005675628,
23405,65.78108607339891,
23406,68.10195543550094,
23407,67.15091176317975,
23408,50.20412684945779,
23409,57.25679072745538,
23410,56.78351802114685,
23411,53.7588893511292,
23412,53.66332747106776,
23413,67.48368163582211,
23414,69.5233786174299,
23415,68.42992401524651,
23416,52.30995954585211,
23417,54.696219985545895,
23418,54.23024917487305,
23419,51.25204169359324,
23420,51.157939584703456,
23421,64.76279866076084,
23422,66.76994476552471,
23423,65.69396413323494,
23424,49.82519995643162,
23425,65.359749351608,
23426,64.86810758462258,
23427,61.87545523599533,
23428,61.77508991334935,
23429,75.12494291938901,
23430,76.86876699116027,
23431,75.5566279627273,
23432,59.991274661990644,
23433,43.76265142358591,
23434,43.271009656600484,
23435,40.27835730797324,
23436,40.17799198532725,
23437,53.52784499136692,
23438,55.27166906313818,
23439,53.95953003470521,
23440,38.39417673396855,
23441,43.51464161702317,
23442,43.02299985003775,
23443,40.0303475014105,
23444,39.92998217876452,
23445,53.279835184804185,
23446,55.02365925657544,
23447,53.711520228142476,
23448,38.146166927405815,
23449,49.09687440580824,
23450,48.60523263882281,
23451,45.61258029019557,
23452,45.51221496754958,
23453,58.86206797358925,
23454,60.605892045360505,
23455,59.29375301692754,
23456,43.72839971619088,
23457,50.137698402339424,
23458,49.646056635354,
23459,46.653404286726754,
23460,46.55303896408077,
23461,59.902891970120436,
23462,61.64671604189169,
23463,60.33457701345873,
23464,44.76922371272207,
23465,49.69919413861544,
23466,49.23904225029844,
23467,46.05747143935179,
23468,45.966358446619495,
23469,61.04516037295309,
23470,63.64623082695226,
23471,62.87248952121513,
23472,45.26307540939092,
23473,51.049047107493834,
23474,50.59806787525946,
23475,47.851735715949985,
23476,47.7595957005405,
23477,59.99512429654351,
23478,61.59038135990335,
23479,60.39009608913449,
23480,46.12158505944183,
23481,51.049047107493834,
23482,50.59806787525946,
23483,47.851735715949985,
23484,47.7595957005405,
23485,59.99512429654351,
23486,61.59038135990335,
23487,60.39009608913449,
23488,46.12158505944183,
23489,65.359749351608,
23490,64.86810758462258,
23491,61.87545523599533,
23492,61.77508991334935,
23493,75.12494291938901,
23494,76.86876699116027,
23495,75.5566279627273,
23496,59.991274661990644,
23497,65.359749351608,
23498,64.86810758462258,
23499,61.87545523599533,
23500,61.77508991334935,
23501,75.12494291938901,
23502,76.86876699116027,
23503,75.5566279627273,
23504,59.991274661990644,
23505,61.53429725672866,
23506,61.04265548974323,
23507,58.05000314111599,
23508,57.94963781847,
23509,71.29949082450966,
23510,73.04331489628092,
23511,71.73117586784795,
23512,56.1658225671113,
23513,65.359749351608,
23514,64.86810758462258,
23515,61.87545523599533,
23516,61.77508991334935,
23517,75.12494291938901,
23518,76.86876699116027,
23519,75.5566279627273,
23520,59.991274661990644,
23521,65.359749351608,
23522,64.86810758462258,
23523,61.87545523599533,
23524,61.77508991334935,
23525,75.12494291938901,
23526,76.86876699116027,
23527,75.5566279627273,
23528,59.991274661990644,
23529,65.359749351608,
23530,64.86810758462258,
23531,61.87545523599533,
23532,61.77508991334935,
23533,75.12494291938901,
23534,76.86876699116027,
23535,75.5566279627273,
23536,59.991274661990644,
23537,65.359749351608,
23538,64.86810758462258,
23539,61.87545523599533,
23540,61.77508991334935,
23541,75.12494291938901,
23542,76.86876699116027,
23543,75.5566279627273,
23544,59.991274661990644,
23545,65.359749351608,
23546,64.86810758462258,
23547,61.87545523599533,
23548,61.77508991334935,
23549,75.12494291938901,
23550,76.86876699116027,
23551,75.5566279627273,
23552,59.991274661990644,
23553,65.359749351608,
23554,64.86810758462258,
23555,61.87545523599533,
23556,61.77508991334935,
23557,75.12494291938901,
23558,76.86876699116027,
23559,75.5566279627273,
23560,59.991274661990644,
23561,49.11149171616897,
23562,48.619849949183546,
23563,45.6271976005563,
23564,45.526832277910316,
23565,58.87668528394998,
23566,60.62050935572124,
23567,59.30837032728827,
23568,43.74301702655161,
23569,48.60017770654933,
23570,48.10853593956391,
23571,45.11588359093666,
23572,45.01551826829068,
23573,58.36537127433034,
23574,60.1091953461016,
23575,58.797056317668634,
23576,43.231703016931974,
23577,53.12461558998223,
23578,52.6329738229968,
23579,49.64032147436956,
23580,49.53995615172357,
23581,62.88980915776324,
23582,64.6336332295345,
23583,63.32149420110153,
23584,47.75614090036487,
23585,53.907664150726276,
23586,53.41602238374085,
23587,50.42337003511361,
23588,50.32300471246762,
23589,63.67285771850729,
23590,65.41668179027855,
23591,64.10454276184558,
23592,48.53918946110892,
23593,53.44120193599946,
23594,52.973602801880304,
23595,49.8342269145615,
23596,49.74094544551639,
23597,64.42509538588536,
23598,66.82703733414581,
23599,65.9271541357844,
23600,48.788064439357356,
23601,56.17535192266996,
23602,55.71000820885337,
23603,52.87664238448923,
23604,52.78159552962558,
23605,65.4106100508697,
23606,67.05828074336443,
23607,65.81853510985684,
23608,51.09205136757913,
23609,56.17535192266996,
23610,55.71000820885337,
23611,52.87664238448923,
23612,52.78159552962558,
23613,65.4106100508697,
23614,67.05828074336443,
23615,65.81853510985684,
23616,51.09205136757913,
23617,65.359749351608,
23618,64.86810758462258,
23619,61.87545523599533,
23620,61.77508991334935,
23621,75.12494291938901,
23622,76.86876699116027,
23623,75.5566279627273,
23624,59.991274661990644,
23625,55.588334676657624,
23626,55.0966929096722,
23627,52.104040561044954,
23628,52.00367523839897,
23629,65.35352824443864,
23630,67.09735231620989,
23631,65.78521328777693,
23632,50.219859987040266,
23633,54.39208643948994,
23634,53.90044467250451,
23635,50.90779232387727,
23636,50.80742700123128,
23637,64.15728000727096,
23638,65.90110407904221,
23639,64.58896505060925,
23640,49.02361174987258,
23641,58.00175637348272,
23642,57.5101146064973,
23643,54.51746225787005,
23644,54.417096935224066,
23645,67.76694994126373,
23646,69.51077401303499,
23647,68.19863498460202,
23648,52.63328168386536,
23649,58.472667924082735,
23650,57.98102615709731,
23651,54.988373808470065,
23652,54.88800848582408,
23653,68.23786149186375,
23654,69.98168556363501,
23655,68.66954653520204,
23656,53.10419323446538,
23657,58.090117385280166,
23658,57.613198668735265,
23659,54.52881969424351,
23660,54.43280721873225,
23661,68.61046436512856,
23662,70.75998850610443,
23663,69.7011773787957,
23664,53.162319296776104,
23665,61.04958037199998,
23666,60.57036996584918,
23667,57.65300569494991,
23668,57.55515394278257,
23669,70.56418624365307,
23670,72.26252628295407,
23671,70.98463242055601,
23672,55.81588965859919,
23673,58.55336172566831,
23674,58.08127820859721,
23675,55.20708323029913,
23676,55.11067292877664,
23677,67.92437183512419,
23678,69.59666120421446,
23679,68.33838065095489,
23680,53.39695931570924,
23681,65.359749351608,
23682,64.86810758462258,
23683,61.87545523599533,
23684,61.77508991334935,
23685,75.12494291938901,
23686,76.86876699116027,
23687,75.5566279627273,
23688,59.991274661990644,
23689,54.85750996789099,
23690,54.36586820090557,
23691,51.37321585227832,
23692,51.272850529632336,
23693,64.622703535672,
23694,66.36652760744326,
23695,65.0543885790103,
23696,49.48903527827363,
23697,53.7683155955115,
23698,53.27667382852608,
23699,50.28402147989883,
23700,50.18365615725285,
23701,63.533509163292514,
23702,65.27733323506376,
23703,63.965194206630805,
23704,48.399840905894145,
23705,57.45143656266447,
23706,56.959794795679045,
23707,53.9671424470518,
23708,53.866777124405814,
23709,67.21663013044548,
23710,68.96045420221674,
23711,67.64831517378377,
23712,52.08296187304711,
23713,57.957568581156856,
23714,57.46592681417143,
23715,54.473274465544186,
23716,54.3729091428982,
23717,67.72276214893787,
23718,69.46658622070913,
23719,68.15444719227617,
23720,52.5890938915395,
23721,57.55893587246362,
23722,57.08308578524327,
23723,53.9922784134053,
23724,53.896580056207654,
23725,68.13301438331285,
23726,70.31165924147342,
23727,69.27112985435122,
23728,52.662802892514435,
23729,60.57694550354836,
23730,60.09908859680348,
23731,57.189922422113455,
23732,57.09234439847381,
23733,70.06427674712393,
23734,71.75766796341247,
23735,70.48350004539822,
23736,55.35793201359144,
23737,58.062011591201724,
23738,57.5913246347493,
23739,54.72558953857845,
23740,54.62946173513029,
23741,67.40488884094094,
23742,69.07207558387637,
23743,67.81763671836552,
23744,52.92075577287483,
23745,65.359749351608,
23746,64.86810758462258,
23747,61.87545523599533,
23748,61.77508991334935,
23749,75.12494291938901,
23750,76.86876699116027,
23751,75.5566279627273,
23752,59.991274661990644,
23753,59.00157227293785,
23754,58.509930505952426,
23755,55.51727815732518,
23756,55.416912834679195,
23757,68.76676584071886,
23758,70.51058991249012,
23759,69.19845088405715,
23760,53.63309758332049,
23761,57.16698688259178,
23762,56.675345115606355,
23763,53.68269276697911,
23764,53.582327444333124,
23765,66.93218045037278,
23766,68.67600452214404,
23767,67.36386549371107,
23768,51.79851219297442,
23769,60.57196540682626,
23770,60.080323639840834,
23771,57.08767129121359,
23772,56.987305968567604,
23773,70.33715897460726,
23774,72.08098304637852,
23775,70.76884401794555,
23776,55.2034907172089,
23777,60.87838357929229,
23778,60.386741812306866,
23779,57.39408946367962,
23780,57.293724141033636,
23781,70.6435771470733,
23782,72.38740121884456,
23783,71.07526219041159,
23784,55.50990888967493,
23785,60.59370853478566,
23786,60.111739967581286,
23787,57.05816177631499,
23788,56.96066156635203,
23789,70.8581482668693,
23790,72.86945504565108,
23791,71.72405550669367,
23792,55.51568418525443,
23793,62.98552174057511,
23794,62.500747369106534,
23795,59.54968421489656,
23796,59.45070733627364,
23797,72.61226637171302,
23798,74.33095701745026,
23799,73.0377411799272,
23800,57.69150052678975,
23801,60.3357447932579,
23802,59.85857788398192,
23803,56.95359106659862,
23804,56.856152590709314,
23805,69.80917243358164,
23806,71.50004105681126,
23807,70.2277723828193,
23808,55.12421374264096,
23809,62.00987638709188,
23810,61.525041753093035,
23811,58.48925313602564,
23812,58.39090610696894,
23813,72.12762305282655,
23814,74.06004541468826,
23815,72.86536041284074,
23816,56.84615979568508,
23817,40.412778459069784,
23818,39.92794382507094,
23819,36.892155208003544,
23820,36.79380817894685,
23821,50.530525124804456,
23822,52.46294748666617,
23823,51.26826248481865,
23824,35.24906186766299,
23825,40.16476865250705,
23826,39.679934018508206,
23827,36.64414540144081,
23828,36.54579837238411,
23829,50.28251531824172,
23830,52.21493768010343,
23831,51.020252678255915,
23832,35.00105206110025,
23833,45.74700144129211,
23834,45.26216680729327,
23835,42.22637819022587,
23836,42.128031161169176,
23837,55.864748107026784,
23838,57.797170468888496,
23839,56.60248546704098,
23840,40.58328484988532,
23841,46.7878254378233,
23842,46.30299080382446,
23843,43.26720218675706,
23844,43.168855157700364,
23845,56.90557210355797,
23846,58.83799446541968,
23847,57.643309463572166,
23848,41.624108846416505,
23849,46.6507077359426,
23850,46.19658708008609,
23851,42.98200737162466,
23852,42.89264136569443,
23853,58.284327779564876,
23854,61.04492061602048,
23855,60.3727480247324,
23856,42.38870512270199,
23857,47.97513693946928,
23858,47.53002985576461,
23859,44.74176855283446,
23860,44.651405001238345,
23861,57.251542222057594,
23862,59.02061056181054,
23863,57.9270168872074,
23864,43.23176438095777,
23865,47.97513693946928,
23866,47.53002985576461,
23867,44.74176855283446,
23868,44.651405001238345,
23869,57.251542222057594,
23870,59.02061056181054,
23871,57.9270168872074,
23872,43.23176438095777,
23873,62.00987638709188,
23874,61.525041753093035,
23875,58.48925313602564,
23876,58.39090610696894,
23877,72.12762305282655,
23878,74.06004541468826,
23879,72.86536041284074,
23880,56.84615979568508,
23881,62.00987638709188,
23882,61.525041753093035,
23883,58.48925313602564,
23884,58.39090610696894,
23885,72.12762305282655,
23886,74.06004541468826,
23887,72.86536041284074,
23888,56.84615979568508,
23889,58.18442429221253,
23890,57.69958965821369,
23891,54.66380104114629,
23892,54.565454012089596,
23893,68.3021709579472,
23894,70.23459331980891,
23895,69.03990831796139,
23896,53.02070770080574,
23897,62.00987638709188,
23898,61.525041753093035,
23899,58.48925313602564,
23900,58.39090610696894,
23901,72.12762305282655,
23902,74.06004541468826,
23903,72.86536041284074,
23904,56.84615979568508,
23905,62.00987638709188,
23906,61.525041753093035,
23907,58.48925313602564,
23908,58.39090610696894,
23909,72.12762305282655,
23910,74.06004541468826,
23911,72.86536041284074,
23912,56.84615979568508,
23913,62.00987638709188,
23914,61.525041753093035,
23915,58.48925313602564,
23916,58.39090610696894,
23917,72.12762305282655,
23918,74.06004541468826,
23919,72.86536041284074,
23920,56.84615979568508,
23921,62.00987638709188,
23922,61.525041753093035,
23923,58.48925313602564,
23924,58.39090610696894,
23925,72.12762305282655,
23926,74.06004541468826,
23927,72.86536041284074,
23928,56.84615979568508,
23929,62.00987638709188,
23930,61.525041753093035,
23931,58.48925313602564,
23932,58.39090610696894,
23933,72.12762305282655,
23934,74.06004541468826,
23935,72.86536041284074,
23936,56.84615979568508,
23937,62.00987638709188,
23938,61.525041753093035,
23939,58.48925313602564,
23940,58.39090610696894,
23941,72.12762305282655,
23942,74.06004541468826,
23943,72.86536041284074,
23944,56.84615979568508,
23945,45.76161875165285,
23946,45.276784117654,
23947,42.24099550058661,
23948,42.14264847152991,
23949,55.87936541738752,
23950,57.81178777924923,
23951,56.61710277740171,
23952,40.59790216024605,
23953,45.25030474203321,
23954,44.765470108034364,
23955,41.72968149096697,
23956,41.63133446191027,
23957,55.36805140776788,
23958,57.30047376962959,
23959,56.10578876778207,
23960,40.08658815062641,
23961,49.774742625466104,
23962,49.28990799146726,
23963,46.25411937439986,
23964,46.155772345343166,
23965,59.892489291200775,
23966,61.824911653062486,
23967,60.63022665121497,
23968,44.61102603405931,
23969,50.55779118621015,
23970,50.07295655221131,
23971,47.03716793514391,
23972,46.938820906087216,
23973,60.675537851944824,
23974,62.607960213806535,
23975,61.41327521195902,
23976,45.39407459480336,
23977,50.321979952980826,
23978,49.86059197081954,
23979,46.68591549416868,
23980,46.594443439793224,
23981,61.608371511731036,
23982,64.17655330204224,
23983,63.38192961084445,
23984,45.849994119026746,
23985,53.00393801617304,
23986,52.544791041040185,
23987,49.66903381534905,
23988,49.57584772737897,
23989,62.577484930558,
23990,64.40420398017858,
23991,63.27493486769862,
23992,48.11197192572854,
23993,53.00393801617304,
23994,52.544791041040185,
23995,49.66903381534905,
23996,49.57584772737897,
23997,62.577484930558,
23998,64.40420398017858,
23999,63.27493486769862,
24000,48.11197192572854,
24001,62.00987638709188,
24002,61.525041753093035,
24003,58.48925313602564,
24004,58.39090610696894,
24005,72.12762305282655,
24006,74.06004541468826,
24007,72.86536041284074,
24008,56.84615979568508,
24009,52.2384617121415,
24010,51.75362707814266,
24011,48.71783846107526,
24012,48.61949143201856,
24013,62.35620837787617,
24014,64.28863073973788,
24015,63.093945737890365,
24016,47.074745120734704,
24017,51.04221347497381,
24018,50.55737884097497,
24019,47.52159022390757,
24020,47.423243194850876,
24021,61.159960140708485,
24022,63.092382502570196,
24023,61.89769750072268,
24024,45.87849688356702,
24025,54.6518834089666,
24026,54.16704877496775,
24027,51.13126015790036,
24028,51.03291312884366,
24029,64.76963007470127,
24030,66.70205243656298,
24031,65.50736743471546,
24032,49.4881668175598,
24033,55.12279495956661,
24034,54.63796032556777,
24035,51.60217170850037,
24036,51.503824679443674,
24037,65.24054162530129,
24038,67.172963987163,
24039,65.97827898531548,
24040,49.959078368159815,
24041,54.881897392570295,
24042,54.41141811667137,
24043,51.28878044538499,
24044,51.19465702412475,
24045,65.72376077192189,
24046,68.04807124450525,
24047,67.09919681570199,
24048,50.14424018423989,
24049,57.78405921662966,
24050,57.31136482812349,
24051,54.351200221421436,
24052,54.255291790276374,
24053,67.64452479565114,
24054,69.52695484685603,
24055,68.3632089674602,
24056,52.74875563908188,
24057,55.33620554662497,
24058,54.87047322860769,
24059,51.95368354931776,
24060,51.859173996854736,
24061,65.04919811139905,
24062,66.90298799751167,
24063,65.75696629350705,
24064,50.37455834890852,
24065,62.00987638709188,
24066,61.525041753093035,
24067,58.48925313602564,
24068,58.39090610696894,
24069,72.12762305282655,
24070,74.06004541468826,
24071,72.86536041284074,
24072,56.84615979568508,
24073,51.50763700337487,
24074,51.02280236937602,
24075,47.98701375230863,
24076,47.88866672325193,
24077,61.62538366910954,
24078,63.55780603097125,
24079,62.36312102912373,
24080,46.34392041196807,
24081,50.41844263099538,
24082,49.933607996996535,
24083,46.89781937992914,
24084,46.79947235087244,
24085,60.53618929673005,
24086,62.46861165859176,
24087,61.273926656744244,
24088,45.25472603958858,
24089,54.101563598148346,
24090,53.6167289641495,
24091,50.580940347082105,
24092,50.48259331802541,
24093,64.21931026388302,
24094,66.15173262574473,
24095,64.95704762389721,
24096,48.93784700674155,
24097,54.60769561664073,
24098,54.12286098264189,
24099,51.08707236557449,
24100,50.988725336517795,
24101,64.72544228237541,
24102,66.65786464423712,
24103,65.4631796423896,
24104,49.443979025233936,
24105,54.36094745642123,
24106,53.89151045698355,
24107,50.762788671291105,
24108,50.66897015103507,
24109,65.25433681652561,
24110,67.60678020564171,
24111,66.6756479595461,
24112,49.65391421153515,
24113,57.32060921070928,
24114,56.84923690312138,
24115,53.89730871056673,
24116,53.80166589982349,
24117,67.15306606408978,
24118,69.03005578552859,
24119,67.8696767267262,
24120,52.29929194398045,
24121,54.85433337556657,
24122,54.38996549965634,
24123,51.481677120792256,
24124,51.38744175942651,
24125,64.538429874249,
24126,66.38660928479646,
24127,65.2440596145529,
24128,49.907122838732164,
24129,62.00987638709188,
24130,61.525041753093035,
24131,58.48925313602564,
24132,58.39090610696894,
24133,72.12762305282655,
24134,74.06004541468826,
24135,72.86536041284074,
24136,56.84615979568508,
24137,55.651699308421726,
24138,55.16686467442288,
24139,52.131076057355486,
24140,52.03272902829879,
24141,65.7694459741564,
24142,67.70186833601811,
24143,66.50718333417059,
24144,50.48798271701493,
24145,53.817113918075655,
24146,53.33227928407681,
24147,50.296490667009415,
24148,50.19814363795272,
24149,63.93486058381033,
24150,65.86728294567203,
24151,64.67259794382451,
24152,48.65339732666886,
24153,57.222092442310135,
24154,56.73725780831129,
24155,53.701469191243895,
24156,53.6031221621872,
24157,67.3398391080448,
24158,69.27226146990651,
24159,68.077576468059,
24160,52.05837585090334,
24161,57.52851061477617,
24162,57.04367598077732,
24163,54.007887363709926,
24164,53.90954033465323,
24165,67.64625728051084,
24166,69.57867964237255,
24167,68.38399464052503,
24168,52.36479402336937,
24169,57.33704669975941,
24170,56.861642719640145,
24171,53.768161070175154,
24172,53.6725937702185,
24173,67.9335118416032,
24174,70.12429994974485,
24175,69.09139802476813,
24176,52.4541195313019,
24177,59.68224515206913,
24178,59.20411652724687,
24179,56.21009912322944,
24180,56.1130990096986,
24181,69.65785618780757,
24182,71.5626559773122,
24183,70.38506612637502,
24184,54.58945695259007,
24185,57.084090893604866,
24186,56.61339258780629,
24187,53.665663418960264,
24188,53.57015602670248,
24189,66.90226950466263,
24190,68.77648601919935,
24191,67.61782319055015,
24192,52.06990405589528,
24193,49.91593304600735,
24194,51.32520535177218,
24195,46.97917181237875,
24196,46.87902457230814,
24197,61.93641370807711,
24198,65.48395414230458,
24199,64.76929425074911,
24200,47.033180561878794,
24201,28.318835117985262,
24202,29.728107423750092,
24203,25.38207388435666,
24204,25.28192664428605,
24205,40.33931578005502,
24206,43.88685621428249,
24207,43.17219632272702,
24208,25.436082633856703,
24209,28.07082531142252,
24210,29.48009761718735,
24211,25.13406407779392,
24212,25.033916837723307,
24213,40.09130597349228,
24214,43.638846407719754,
24215,42.92418651616428,
24216,25.18807282729396,
24217,33.65305810020759,
24218,35.06233040597242,
24219,30.716296866578986,
24220,30.616149626508374,
24221,45.673538762277346,
24222,49.22107919650482,
24223,48.50641930494935,
24224,30.77030561607903,
24225,34.693882096738776,
24226,36.103154402503606,
24227,31.757120863110174,
24228,31.656973623039562,
24229,46.714362758808534,
24230,50.261903193036005,
24231,49.547243301480535,
24232,31.811129612610216,
24233,34.04415263028045,
24234,35.47834914389199,
24235,31.22827298745085,
24236,31.137736745220423,
24237,47.569782471794326,
24238,51.835721785382816,
24239,51.647803788209046,
24240,32.834300519836745,
24241,36.85604778707517,
24242,38.15345510817241,
24243,34.150929481415346,
24244,34.05864648766129,
24245,47.90769728911897,
24246,51.16297044939438,
24247,50.50742047555616,
24248,34.20069613414353,
24249,36.85604778707517,
24250,38.15345510817241,
24251,34.150929481415346,
24252,34.05864648766129,
24253,47.90769728911897,
24254,51.16297044939438,
24255,50.50742047555616,
24256,34.20069613414353,
24257,49.91593304600735,
24258,51.32520535177218,
24259,46.97917181237875,
24260,46.87902457230814,
24261,61.93641370807711,
24262,65.48395414230458,
24263,64.76929425074911,
24264,47.033180561878794,
24265,49.91593304600735,
24266,51.32520535177218,
24267,46.97917181237875,
24268,46.87902457230814,
24269,61.93641370807711,
24270,65.48395414230458,
24271,64.76929425074911,
24272,47.033180561878794,
24273,46.09048095112801,
24274,47.49975325689284,
24275,43.153719717499406,
24276,43.053572477428794,
24277,58.110961613197766,
24278,61.65850204742524,
24279,60.94384215586977,
24280,43.20772846699945,
24281,49.91593304600735,
24282,51.32520535177218,
24283,46.97917181237875,
24284,46.87902457230814,
24285,61.93641370807711,
24286,65.48395414230458,
24287,64.76929425074911,
24288,47.033180561878794,
24289,49.91593304600735,
24290,51.32520535177218,
24291,46.97917181237875,
24292,46.87902457230814,
24293,61.93641370807711,
24294,65.48395414230458,
24295,64.76929425074911,
24296,47.033180561878794,
24297,49.91593304600735,
24298,51.32520535177218,
24299,46.97917181237875,
24300,46.87902457230814,
24301,61.93641370807711,
24302,65.48395414230458,
24303,64.76929425074911,
24304,47.033180561878794,
24305,49.91593304600735,
24306,51.32520535177218,
24307,46.97917181237875,
24308,46.87902457230814,
24309,61.93641370807711,
24310,65.48395414230458,
24311,64.76929425074911,
24312,47.033180561878794,
24313,49.91593304600735,
24314,51.32520535177218,
24315,46.97917181237875,
24316,46.87902457230814,
24317,61.93641370807711,
24318,65.48395414230458,
24319,64.76929425074911,
24320,47.033180561878794,
24321,49.91593304600735,
24322,51.32520535177218,
24323,46.97917181237875,
24324,46.87902457230814,
24325,61.93641370807711,
24326,65.48395414230458,
24327,64.76929425074911,
24328,47.033180561878794,
24329,33.66767541056832,
24330,35.07694771633315,
24331,30.730914176939724,
24332,30.63076693686911,
24333,45.68815607263808,
24334,49.23569650686555,
24335,48.52103661531008,
24336,30.784922926439766,
24337,33.15636140094868,
24338,34.56563370671351,
24339,30.21960016732008,
24340,30.11945292724947,
24341,45.17684206301844,
24342,48.72438249724591,
24343,48.00972260569044,
24344,30.273608916820123,
24345,37.68079928438158,
24346,39.09007159014641,
24347,34.74403805075298,
24348,34.643890810682365,
24349,49.701279946451336,
24350,53.24882038067881,
24351,52.53416048912334,
24352,34.79804680025302,
24353,38.46384784512563,
24354,39.87312015089046,
24355,35.527086611497026,
24356,35.426939371426414,
24357,50.484328507195386,
24358,54.03186894142286,
24359,53.31720904986739,
24360,35.58109536099707,
24361,37.827953885139664,
24362,39.25708653671461,
24363,34.98303648990151,
24364,34.8902531286526,
24365,51.011889045720295,
24366,55.11238083958335,
24367,54.80167728269362,
24368,36.23223643221172,
24369,41.54008956532476,
24370,42.87708402301837,
24371,38.752975093235705,
24372,38.657907826267376,
24373,52.93436985408408,
24374,56.29290716216241,
24375,55.616476000894295,
24376,38.80424361217143,
24377,41.54008956532476,
24378,42.87708402301837,
24379,38.752975093235705,
24380,38.657907826267376,
24381,52.93436985408408,
24382,56.29290716216241,
24383,55.616476000894295,
24384,38.80424361217143,
24385,49.91593304600735,
24386,51.32520535177218,
24387,46.97917181237875,
24388,46.87902457230814,
24389,61.93641370807711,
24390,65.48395414230458,
24391,64.76929425074911,
24392,47.033180561878794,
24393,40.144518371056975,
24394,41.553790676821805,
24395,37.20775713742837,
24396,37.10760989735776,
24397,52.16499903312673,
24398,55.712539467354205,
24399,54.997879575798734,
24400,37.261765886928416,
24401,38.94827013388929,
24402,40.35754243965412,
24403,36.01150890026069,
24404,35.911361660190074,
24405,50.968750795959046,
24406,54.51629123018652,
24407,53.80163133863105,
24408,36.06551764976073,
24409,42.55794006788207,
24410,43.9672123736469,
24411,39.62117883425347,
24412,39.52103159418286,
24413,54.57842072995183,
24414,58.1259611641793,
24415,57.41130127262383,
24416,39.67518758375351,
24417,43.028851618482086,
24418,44.438123924246916,
24419,40.092090384853485,
24420,39.99194314478287,
24421,55.049332280551845,
24422,58.596872714779316,
24423,57.882212823223846,
24424,40.14609913435353,
24425,42.536371126817926,
24426,43.958434822695494,
24427,39.65551242569194,
24428,39.5598942646792,
24429,55.28009379555738,
24430,59.1695829617222,
24431,58.70362537967014,
24432,40.44914953685969,
24433,45.98779608686169,
24434,47.36293330795843,
24435,43.12169966391809,
24436,43.02395101008091,
24437,57.712437149414086,
24438,61.17064178996259,
24439,60.4740530279189,
24440,43.17441456572192,
24441,43.71074106501641,
24442,45.06628335012806,
24443,40.88521699877862,
24444,40.78884568545584,
24445,55.26563899629048,
24446,58.672621100068966,
24447,57.986392490123364,
24448,40.93718893934772,
24449,49.91593304600735,
24450,51.32520535177218,
24451,46.97917181237875,
24452,46.87902457230814,
24453,61.93641370807711,
24454,65.48395414230458,
24455,64.76929425074911,
24456,47.033180561878794,
24457,39.41369366229034,
24458,40.82296596805517,
24459,36.47693242866174,
24460,36.37678518859113,
24461,51.4341743243601,
24462,54.98171475858757,
24463,54.2670548670321,
24464,36.53094117816178,
24465,38.324499289910854,
24466,39.733771595675684,
24467,35.38773805628225,
24468,35.28759081621164,
24469,50.34497995198061,
24470,53.89252038620808,
24471,53.17786049465261,
24472,35.441746805782294,
24473,42.00762025706382,
24474,43.41689256282865,
24475,39.07085902343522,
24476,38.97071178336461,
24477,54.02810091913358,
24478,57.57564135336105,
24479,56.86098146180558,
24480,39.12486777293526,
24481,42.51375227555621,
24482,43.92302458132104,
24483,39.576991041927606,
24484,39.476843801856994,
24485,54.534232937625966,
24486,58.08177337185344,
24487,57.36711348029797,
24488,39.63099979142765,
24489,41.997965360827095,
24490,43.42088048791038,
24491,39.121205744469876,
24492,39.025913907675886,
24493,54.79286680998911,
24494,58.70676941222945,
24495,58.258701829054246,
24496,39.96758268189302,
24497,45.55677539229373,
24498,46.92819267877741,
24499,42.69838084863824,
24500,42.60089364579409,
24501,57.249187584773665,
24502,60.69766468456504,
24503,60.00304346604349,
24504,42.75095471897794,
24505,43.26234996100328,
24506,44.61405030924993,
24507,40.444781506590175,
24508,40.348680284550596,
24509,54.78397368611951,
24510,58.18091784761339,
24511,57.49671937634895,
24512,40.49660775570203,
24513,49.91593304600735,
24514,51.32520535177218,
24515,46.97917181237875,
24516,46.87902457230814,
24517,61.93641370807711,
24518,65.48395414230458,
24519,64.76929425074911,
24520,47.033180561878794,
24521,43.5577559673372,
24522,44.96702827310203,
24523,40.6209947337086,
24524,40.52084749363799,
24525,55.57823662940696,
24526,59.12577706363443,
24527,58.41111717207896,
24528,40.67500348320864,
24529,41.72317057699113,
24530,43.13244288275596,
24531,38.78640934336253,
24532,38.68626210329192,
24533,53.74365123906089,
24534,57.29119167328836,
24535,56.57653178173289,
24536,38.84041809286257,
24537,45.12814910122561,
24538,46.53742140699044,
24539,42.19138786759701,
24540,42.091240627526396,
24541,57.14862976329537,
24542,60.69617019752284,
24543,59.98151030596737,
24544,42.24539661709705,
24545,45.43456727369164,
24546,46.84383957945647,
24547,42.49780604006304,
24548,42.39765879999243,
24549,57.4550479357614,
24550,61.00258836998887,
24551,60.2879284784334,
24552,42.55181478956308,
24553,45.07549249562311,
24554,46.493390859133285,
24555,42.17534006887945,
24556,42.07817542409464,
24557,57.57493896093308,
24558,61.34830892579737,
24559,60.79751120278445,
24560,42.718011515297064,
24561,47.75270995802782,
24562,49.14313209199241,
24563,44.85496930113948,
24564,44.756146491407605,
24565,59.60979919250593,
24566,63.10799003983112,
24567,62.40331309667857,
24568,44.90826362375793,
24569,45.336790551131855,
24570,46.706311203352925,
24571,42.48232294342341,
24572,42.38496904777293,
24573,57.01277145318596,
24574,60.45628950656078,
24575,59.762671317580555,
24576,42.534824905468156,
24577,56.038250098522724,
24578,57.43532424086487,
24579,53.05550769055566,
24580,52.95152322042787,
24581,67.42808692764442,
24582,70.68172174998665,
24583,69.75588600303468,
24584,52.47229081938559,
24585,34.44115217050063,
24586,35.83822631284278,
24587,31.458409762533567,
24588,31.354425292405782,
24589,45.83098899962232,
24590,49.084623821964556,
24591,48.15878807501258,
24592,30.8751928913635,
24593,34.193142363937895,
24594,35.59021650628004,
24595,31.210399955970825,
24596,31.10641548584304,
24597,45.582979193059586,
24598,48.83661401540182,
24599,47.910778268449846,
24600,30.62718308480076,
24601,39.77537515272296,
24602,41.17244929506511,
24603,36.79263274475589,
24604,36.68864827462811,
24605,51.16521198184465,
24606,54.418846804186884,
24607,53.49301105723491,
24608,36.209415873585826,
24609,40.816199149254146,
24610,42.213273291596295,
24611,37.83345674128708,
24612,37.729472271159295,
24613,52.20603597837584,
24614,55.45967080071807,
24615,54.5338350537661,
24616,37.250239870117014,
24617,39.574535872503986,
24618,41.00114561185785,
24619,36.716261229399606,
24620,36.62243129282422,
24621,52.59711359150765,
24622,56.619993435173114,
24623,56.25201481084741,
24624,37.797961125359905,
24625,42.48906715038157,
24626,43.773278341836374,
24627,39.74578424520371,
24628,39.65011089621959,
24629,52.945710927071616,
24630,55.92730961440509,
24631,55.07912942983296,
24632,39.20914972566953,
24633,42.48906715038157,
24634,43.773278341836374,
24635,39.74578424520371,
24636,39.65011089621959,
24637,52.945710927071616,
24638,55.92730961440509,
24639,55.07912942983296,
24640,39.20914972566953,
24641,56.038250098522724,
24642,57.43532424086487,
24643,53.05550769055566,
24644,52.95152322042787,
24645,67.42808692764442,
24646,70.68172174998665,
24647,69.75588600303468,
24648,52.47229081938559,
24649,56.038250098522724,
24650,57.43532424086487,
24651,53.05550769055566,
24652,52.95152322042787,
24653,67.42808692764442,
24654,70.68172174998665,
24655,69.75588600303468,
24656,52.47229081938559,
24657,52.21279800364338,
24658,53.60987214598553,
24659,49.23005559567631,
24660,49.12607112554853,
24661,63.60263483276507,
24662,66.8562696551073,
24663,65.93043390815532,
24664,48.646838724506246,
24665,56.038250098522724,
24666,57.43532424086487,
24667,53.05550769055566,
24668,52.95152322042787,
24669,67.42808692764442,
24670,70.68172174998665,
24671,69.75588600303468,
24672,52.47229081938559,
24673,56.038250098522724,
24674,57.43532424086487,
24675,53.05550769055566,
24676,52.95152322042787,
24677,67.42808692764442,
24678,70.68172174998665,
24679,69.75588600303468,
24680,52.47229081938559,
24681,56.038250098522724,
24682,57.43532424086487,
24683,53.05550769055566,
24684,52.95152322042787,
24685,67.42808692764442,
24686,70.68172174998665,
24687,69.75588600303468,
24688,52.47229081938559,
24689,56.038250098522724,
24690,57.43532424086487,
24691,53.05550769055566,
24692,52.95152322042787,
24693,67.42808692764442,
24694,70.68172174998665,
24695,69.75588600303468,
24696,52.47229081938559,
24697,56.038250098522724,
24698,57.43532424086487,
24699,53.05550769055566,
24700,52.95152322042787,
24701,67.42808692764442,
24702,70.68172174998665,
24703,69.75588600303468,
24704,52.47229081938559,
24705,56.038250098522724,
24706,57.43532424086487,
24707,53.05550769055566,
24708,52.95152322042787,
24709,67.42808692764442,
24710,70.68172174998665,
24711,69.75588600303468,
24712,52.47229081938559,
24713,39.78999246308369,
24714,41.18706660542584,
24715,36.807250055116626,
24716,36.70326558498884,
24717,51.17982929220538,
24718,54.43346411454762,
24719,53.50762836759564,
24720,36.22403318394656,
24721,39.27867845346405,
24722,40.6757525958062,
24723,36.29593604549699,
24724,36.1919515753692,
24725,50.668515282585744,
24726,53.92215010492798,
24727,52.996314357976004,
24728,35.71271917432692,
24729,43.80311633689695,
24730,45.2001904792391,
24731,40.82037392892988,
24732,40.7163894588021,
24733,55.19295316601864,
24734,58.446587988360875,
24735,57.5207522414089,
24736,40.237157057759816,
24737,44.586164897641,
24738,45.98323903998315,
24739,41.60342248967393,
24740,41.49943801954615,
24741,55.97600172676269,
24742,59.229636549104924,
24743,58.30380080215295,
24744,41.020205618503866,
24745,43.49667192757181,
24746,44.91718938582693,
24747,40.608509013778416,
24748,40.51230743224005,
24749,56.148574481185335,
24750,59.99433802249035,
24751,59.496384894828,
24752,41.307665722172544,
24753,47.34621341343893,
24754,48.67033524201406,
24755,44.5182302433451,
24756,44.41961657953493,
24757,58.13265192994743,
24758,61.21030434490717,
24759,60.334708484299426,
24760,43.965115304090205,
24761,47.34621341343893,
24762,48.67033524201406,
24763,44.5182302433451,
24764,44.41961657953493,
24765,58.13265192994743,
24766,61.21030434490717,
24767,60.334708484299426,
24768,43.965115304090205,
24769,56.038250098522724,
24770,57.43532424086487,
24771,53.05550769055566,
24772,52.95152322042787,
24773,67.42808692764442,
24774,70.68172174998665,
24775,69.75588600303468,
24776,52.47229081938559,
24777,46.266835423572346,
24778,47.663909565914494,
24779,43.28409301560528,
24780,43.180108545477495,
24781,57.65667225269404,
24782,60.91030707503627,
24783,59.9844713280843,
24784,42.70087614443521,
24785,45.07058718640466,
24786,46.46766132874681,
24787,42.08784477843759,
24788,41.98386030830981,
24789,56.46042401552635,
24790,59.714058837868585,
24791,58.78822309091661,
24792,41.504627907267526,
24793,48.68025712039744,
24794,50.07733126273959,
24795,45.697514712430376,
24796,45.59353024230259,
24797,60.07009394951913,
24798,63.32372877186137,
24799,62.39789302490939,
24800,45.11429784126031,
24801,49.15116867099746,
24802,50.548242813339606,
24803,46.16842626303039,
24804,46.064441792902606,
24805,60.54100550011915,
24806,63.79464032246138,
24807,62.86880457550941,
24808,45.585209391860325,
24809,48.37965785818034,
24810,49.791765334118566,
24811,45.4544912516825,
24812,45.35529553550947,
24813,60.55403850595144,
24814,64.17388416034419,
24815,63.51153113234841,
24816,45.66504531907685,
24817,51.96076028751594,
24818,53.32336743262579,
24819,49.05112516415835,
24820,48.94967758006135,
24821,63.06542508375907,
24822,66.235850420791,
24823,65.3337712682486,
24824,48.48212664397977,
24825,49.59798871002181,
24826,50.94082118345369,
24827,46.73030545240124,
24828,46.63031383513129,
24829,60.53911575831671,
24830,63.66185393589859,
24831,62.773388221523305,
24832,46.16946728694552,
24833,56.038250098522724,
24834,57.43532424086487,
24835,53.05550769055566,
24836,52.95152322042787,
24837,67.42808692764442,
24838,70.68172174998665,
24839,69.75588600303468,
24840,52.47229081938559,
24841,45.53601071480571,
24842,46.93308485714786,
24843,42.553268306838646,
24844,42.44928383671086,
24845,56.925847543927404,
24846,60.17948236626964,
24847,59.253646619317664,
24848,41.97005143566858,
24849,44.446816342426224,
24850,45.84389048476837,
24851,41.46407393445916,
24852,41.360089464331374,
24853,55.836653171547916,
24854,59.09028799389015,
24855,58.164452246938176,
24856,40.88085706328909,
24857,48.12993730957919,
24858,49.52701145192134,
24859,45.147194901612124,
24860,45.04321043148434,
24861,59.51977413870088,
24862,62.77340896104312,
24863,61.84757321409114,
24864,44.56397803044206,
24865,48.63606932807158,
24866,50.03314347041373,
24867,45.65332692010451,
24868,45.54934244997673,
24869,60.02590615719327,
24870,63.279540979535504,
24871,62.35370523258353,
24872,45.070110048934446,
24873,47.821153709521866,
24874,49.234269447200234,
24875,44.90020788748251,
24876,44.801356963552564,
24877,60.05105004174072,
24878,63.6970369199542,
24879,63.053630952603385,
24880,45.16733876522096,
24881,51.51346600277071,
24882,52.872318483847664,
24883,48.61179591863464,
24884,48.51062475509849,
24885,62.587075366139516,
24886,65.74844327679102,
24887,64.84894986226266,
24888,48.04434666144573,
24889,49.13279290364761,
24890,50.47174912910526,
24891,46.2733337916203,
24892,46.17362761596888,
24893,60.04186945374471,
24894,63.15526446210481,
24895,62.269465857200885,
24896,45.714095474928854,
24897,56.038250098522724,
24898,57.43532424086487,
24899,53.05550769055566,
24900,52.95152322042787,
24901,67.42808692764442,
24902,70.68172174998665,
24903,69.75588600303468,
24904,52.47229081938559,
24905,49.68007301985257,
24906,51.07714716219472,
24907,46.697330611885505,
24908,46.59334614175772,
24909,61.06990984897426,
24910,64.3235446713165,
24911,63.39770892436452,
24912,46.11411374071544,
24913,47.8454876295065,
24914,49.24256177184865,
24915,44.862745221539434,
24916,44.75876075141165,
24917,59.23532445862819,
24918,62.48895928097043,
24919,61.56312353401845,
24920,44.27952835036937,
24921,51.25046615374098,
24922,52.64754029608313,
24923,48.267723745773914,
24924,48.16373927564613,
24925,62.64030298286267,
24926,65.8939378052049,
24927,64.96810205825292,
24928,47.68450687460385,
24929,51.55688432620701,
24930,52.95395846854916,
24931,48.574141918239945,
24932,48.47015744811216,
24933,62.9467211553287,
24934,66.20035597767094,
24935,65.27452023071896,
24936,47.99092504706988,
24937,51.01403853992838,
24938,52.42122880751663,
24939,48.06900355278913,
24940,47.96817338692597,
24941,62.92344272191798,
24942,66.41894339434282,
24943,65.66672605209317,
24944,48.010290242398526,
24945,53.792546029357595,
24946,55.17058376730495,
24947,50.85017913939288,
24948,50.74759567993732,
24949,65.0248600035959,
24950,68.23252324113037,
24951,67.31981292482101,
24952,50.27481439110778,
24953,51.285184143255265,
24954,52.64212239255693,
24955,48.38757493995507,
24956,48.28654470820288,
24957,62.342961330403796,
24958,65.49971204582414,
24959,64.60153674608478,
24960,47.820915569326985,
24961,52.50565908412676,
24962,53.90994708928906,
24963,49.54940394434186,
24964,49.44764239310621,
24965,64.26275367544946,
24966,67.68709096386408,
24967,66.88363243039356,
24968,49.33647224533587,
24969,30.90856115610467,
24970,32.31284916126697,
24971,27.95230601631977,
24972,27.850544465084116,
24973,42.665655747427365,
24974,46.089993035841985,
24975,45.28653450237147,
24976,27.73937431731378,
24977,30.66055134954193,
24978,32.06483935470423,
24979,27.70429620975703,
24980,27.602534658521375,
24981,42.41764594086463,
24982,45.84198322927925,
24983,45.03852469580873,
24984,27.491364510751037,
24985,36.242784138326996,
24986,37.6470721434893,
24987,33.286528998542096,
24988,33.18476744730644,
24989,47.999878729649694,
24990,51.424216018064314,
24991,50.620757484593796,
24992,33.073597299536104,
24993,37.283608134858184,
24994,38.687896140020484,
24995,34.327352995073284,
24996,34.22559144383763,
24997,49.04070272618088,
24998,52.4650400145955,
24999,51.66158148112498,
25000,34.11442129606729,
25001,36.38474822784764,
25002,37.81587718382008,
25003,33.55089008806726,
25004,33.45896707427386,
25005,49.70028370285553,
25006,53.86431591058766,
25007,53.600654923332,
25008,34.93716689350492,
25009,39.23985493192805,
25010,40.53183700815816,
25011,36.518537989265326,
25012,36.4248277406781,
25013,50.04270527960364,
25014,53.18314839815679,
25015,52.44654160929713,
25016,36.32245056927377,
25017,39.23985493192805,
25018,40.53183700815816,
25019,36.518537989265326,
25020,36.4248277406781,
25021,50.04270527960364,
25022,53.18314839815679,
25023,52.44654160929713,
25024,36.32245056927377,
25025,52.50565908412676,
25026,53.90994708928906,
25027,49.54940394434186,
25028,49.44764239310621,
25029,64.26275367544946,
25030,67.68709096386408,
25031,66.88363243039356,
25032,49.33647224533587,
25033,52.50565908412676,
25034,53.90994708928906,
25035,49.54940394434186,
25036,49.44764239310621,
25037,64.26275367544946,
25038,67.68709096386408,
25039,66.88363243039356,
25040,49.33647224533587,
25041,48.68020698924742,
25042,50.08449499440972,
25043,45.723951849462516,
25044,45.62219029822686,
25045,60.437301580570114,
25046,63.861638868984734,
25047,63.058180335514216,
25048,45.511020150456524,
25049,52.50565908412676,
25050,53.90994708928906,
25051,49.54940394434186,
25052,49.44764239310621,
25053,64.26275367544946,
25054,67.68709096386408,
25055,66.88363243039356,
25056,49.33647224533587,
25057,52.50565908412676,
25058,53.90994708928906,
25059,49.54940394434186,
25060,49.44764239310621,
25061,64.26275367544946,
25062,67.68709096386408,
25063,66.88363243039356,
25064,49.33647224533587,
25065,52.50565908412676,
25066,53.90994708928906,
25067,49.54940394434186,
25068,49.44764239310621,
25069,64.26275367544946,
25070,67.68709096386408,
25071,66.88363243039356,
25072,49.33647224533587,
25073,52.50565908412676,
25074,53.90994708928906,
25075,49.54940394434186,
25076,49.44764239310621,
25077,64.26275367544946,
25078,67.68709096386408,
25079,66.88363243039356,
25080,49.33647224533587,
25081,52.50565908412676,
25082,53.90994708928906,
25083,49.54940394434186,
25084,49.44764239310621,
25085,64.26275367544946,
25086,67.68709096386408,
25087,66.88363243039356,
25088,49.33647224533587,
25089,52.50565908412676,
25090,53.90994708928906,
25091,49.54940394434186,
25092,49.44764239310621,
25093,64.26275367544946,
25094,67.68709096386408,
25095,66.88363243039356,
25096,49.33647224533587,
25097,36.25740144868773,
25098,37.66168945385003,
25099,33.30114630890283,
25100,33.199384757667175,
25101,48.01449604001043,
25102,51.43883332842505,
25103,50.63537479495453,
25104,33.08821460989684,
25105,35.74608743906809,
25106,37.15037544423039,
25107,32.78983229928319,
25108,32.68807074804754,
25109,47.50318203039079,
25110,50.92751931880541,
25111,50.12406078533489,
25112,32.5769006002772,
25113,40.27052532250099,
25114,41.67481332766329,
25115,37.314270182716086,
25116,37.21250863148043,
25117,52.027619913823685,
25118,55.451957202238304,
25119,54.648498668767786,
25120,37.101338483710094,
25121,41.053573883245036,
25122,42.457861888407336,
25123,38.097318743460136,
25124,37.99555719222448,
25125,52.810668474567734,
25126,56.235005762982354,
25127,55.431547229511835,
25128,37.884387044454144,
25129,40.22678933264115,
25130,41.65242686317208,
25131,37.36353400284588,
25132,37.269311717895505,
25133,53.18852182393391,
25134,57.18221793299057,
25135,56.79275420908607,
25136,38.38223060512598,
25137,43.99676270811722,
25138,45.328475474018376,
25139,41.192309215528496,
25140,41.09574935774333,
25141,55.13698446336031,
25142,58.37770576451658,
25143,57.61748909615625,
25144,40.990260035231415,
25145,43.99676270811722,
25146,45.328475474018376,
25147,41.192309215528496,
25148,41.09574935774333,
25149,55.13698446336031,
25150,58.37770576451658,
25151,57.61748909615625,
25152,40.990260035231415,
25153,52.50565908412676,
25154,53.90994708928906,
25155,49.54940394434186,
25156,49.44764239310621,
25157,64.26275367544946,
25158,67.68709096386408,
25159,66.88363243039356,
25160,49.33647224533587,
25161,42.734244409176384,
25162,44.138532414338684,
25163,39.77798926939148,
25164,39.67622771815583,
25165,54.49133900049908,
25166,57.9156762889137,
25167,57.11221775544318,
25168,39.56505757038549,
25169,41.5379961720087,
25170,42.942284177171,
25171,38.581741032223796,
25172,38.47997948098814,
25173,53.295090763331395,
25174,56.719428051746014,
25175,55.915969518275496,
25176,38.368809333217804,
25177,45.14766610600148,
25178,46.55195411116378,
25179,42.19141096621658,
25180,42.089649414980926,
25181,56.90476069732418,
25182,60.3290979857388,
25183,59.52563945226828,
25184,41.97847926721059,
25185,45.618577656601495,
25186,47.022865661763795,
25187,42.662322516816594,
25188,42.56056096558094,
25189,57.37567224792419,
25190,60.80000953633881,
25191,59.996551002868294,
25192,42.4493908178106,
25193,45.00868522517948,
25194,46.426696353485454,
25195,42.10903964521566,
25196,42.01191584959156,
25197,57.51462046668212,
25198,61.29106642596082,
25199,60.74251085632994,
25200,42.65836169454775,
25201,48.514682091306724,
25202,49.884688930283914,
25203,45.63012106904682,
25204,45.53081597706296,
25205,59.980298327091816,
25206,63.31783369467843,
25207,62.53481884954135,
25208,45.42232853667156,
25209,46.20155622157938,
25210,47.55188881106295,
25211,43.358149056803995,
25212,43.26025421427818,
25213,57.4999683116157,
25214,60.78774404109754,
25215,60.01644727656816,
25216,43.15330692668056,
25217,52.50565908412676,
25218,53.90994708928906,
25219,49.54940394434186,
25220,49.44764239310621,
25221,64.26275367544946,
25222,67.68709096386408,
25223,66.88363243039356,
25224,49.33647224533587,
25225,42.00341970040975,
25226,43.40770770557205,
25227,39.04716456062485,
25228,38.945403009389196,
25229,53.76051429173245,
25230,57.18485158014707,
25231,56.38139304667655,
25232,38.83423286161886,
25233,40.91422532803026,
25234,42.31851333319256,
25235,37.95797018824536,
25236,37.85620863700971,
25237,52.67131991935296,
25238,56.09565720776758,
25239,55.29219867429706,
25240,37.74503848923937,
25241,44.59734629518323,
25242,46.00163430034553,
25243,41.64109115539833,
25244,41.539329604162674,
25245,56.35444088650593,
25246,59.77877817492055,
25247,58.97531964145003,
25248,41.428159456392336,
25249,45.103478313675616,
25250,46.507766318837916,
25251,42.147223173890715,
25252,42.04546162265506,
25253,56.860572904998314,
25254,60.284910193412934,
25255,59.481451659942415,
25256,41.93429147488472,
25257,44.46182063633461,
25258,45.88074838327856,
25259,41.56632556741545,
25260,41.469535827173786,
25261,57.020746058833595,
25262,60.82232910372329,
25263,60.29210706252081,
25264,42.1699912348825,
25265,48.076813540859916,
25266,49.443085132254055,
25267,45.200065318604175,
25268,45.10102794271637,
25269,59.51068091550485,
25270,62.83876599162119,
25271,62.057976707437604,
25272,44.992832877924116,
25273,45.746092948121884,
25274,47.0925684411074,
25275,42.91075460223908,
25276,42.813136276454145,
25277,57.01173169535201,
25278,60.28975702730753,
25279,59.5207563022862,
25280,42.7064909778461,
25281,52.50565908412676,
25282,53.90994708928906,
25283,49.54940394434186,
25284,49.44764239310621,
25285,64.26275367544946,
25286,67.68709096386408,
25287,66.88363243039356,
25288,49.33647224533587,
25289,46.14748200545661,
25290,47.55177001061891,
25291,43.19122686567171,
25292,43.089465314436055,
25293,57.90457659677931,
25294,61.32891388519393,
25295,60.52545535172341,
25296,42.97829516666572,
25297,44.31289661511054,
25298,45.71718462027284,
25299,41.35664147532564,
25300,41.254879924089984,
25301,56.06999120643324,
25302,59.494328494847856,
25303,58.69086996137734,
25304,41.143709776319646,
25305,47.71787513934502,
25306,49.12216314450732,
25307,44.76161999956012,
25308,44.659858448324464,
25309,59.474969730667716,
25310,62.899307019082336,
25311,62.09584848561182,
25312,44.548688300554126,
25313,48.02429331181105,
25314,49.42858131697335,
25315,45.06803817202615,
25316,44.966276620790495,
25317,59.78138790313375,
25318,63.20572519154837,
25319,62.40226665807785,
25320,44.85510647302016,
25321,47.58789531223238,
25322,49.00142860505861,
25323,44.66871318200964,
25324,44.570006081828694,
25325,59.840909142381406,
25326,63.497790926400626,
25327,62.862287271019056,
25328,44.95942045876984,
25329,50.307733778348904,
25330,51.69308970389886,
25331,47.391070173454466,
25332,47.290665096507155,
25333,61.903835652450425,
25334,65.28022033658885,
25335,64.48805602872119,
25336,47.180976354863844,
25337,47.853337292570416,
25338,49.21770448837532,
25339,44.98057246493471,
25340,44.88167158737457,
25341,59.27101847222451,
25342,62.59428594403494,
25343,61.814631200625286,
25344,44.77362559400791,
25345,,ValueError: no thermodynamic data for neighbors 'GG/GA' available
25346,,ValueError: no thermodynamic data for neighbors 'GG/GA' available
25347,,ValueError: no thermodynamic data for neighbors 'GG/GA' available
25348,,ValueError: no thermodynamic data for neighbors 'GG/GA' available
25349,,ValueError: no thermodynamic data for neighbors 'GG/GA' available
25350,,ValueError: no thermodynamic data for neighbors 'GG/GA' available
25351,,ValueError: no thermodynamic data for neighbors 'GG/GA' available
25352,,ValueError: no thermodynamic data for neighbors 'GG/GA' available
25353,,ValueError: no thermodynamic data for neighbors 'GG/GA' available
25354,,ValueError: no thermodynamic data for neighbors 'GG/GA' available
25355,,ValueError: no thermodynamic data for neighbors 'GG/GA' available
25356,,ValueError: no thermodynamic data for neighbors 'GG/GA' available
25357,,ValueError: no thermodynamic data for neighbors 'GG/GA' available
25358,,ValueError: no thermodynamic data for neighbors 'GG/GA' available
25359,,ValueError: no thermodynamic data for neighbors 'GG/GA' available
25360,,ValueError: no thermodynamic data for neighbors 'GG/GA' available
25361,,ValueError: no thermodynamic data for neighbors 'GG/GA' available
25362,,ValueError: no thermodynamic data for neighbors 'GG/GA' available
25363,,ValueError: no thermodynamic data for neighbors 'GG/GA' available
25364,,ValueError: no thermodynamic data for neighbors 'GG/GA' available
25365,,ValueError: no thermodynamic data for neighbors 'GG/GA' available
25366,,ValueError: no thermodynamic data for neighbors 'GG/GA' available
25367,,ValueError: no thermodynamic data for neighbors 'GG/GA' available
25368,,ValueError: no thermodynamic data for neighbors 'GG/GA' available
25369,,ValueError: no thermodynamic data for neighbors 'GG/GA' available
25370,,ValueError: no thermodynamic data for neighbors 'GG/GA' available
25371,,ValueError: no thermodynamic data for neighbors 'GG/GA' available
25372,,ValueError: no thermodynamic data for neighbors 'GG/GA' available
25373,,ValueError: no thermodynamic data for neighbors 'GG/GA' available
25374,,ValueError: no thermodynamic data for neighbors 'GG/GA' available
25375,,ValueError: no thermodynamic data for neighbors 'GG/GA' available
25376,,ValueError: no thermodynamic data for neighbors 'GG/GA' available
25377,,ValueError: no thermodynamic data for neighbors 'GG/GA' available
25378,,ValueError: no thermodynamic data for neighbors 'GG/GA' available
25379,,ValueError: no thermodynamic data for neighbors 'GG/GA' available
25380,,ValueError: no thermodynamic data for neighbors 'GG/GA' available
25381,,ValueError: no thermodynamic data for neighbors 'GG/GA' available
25382,,ValueError: no thermodynamic data for neighbors 'GG/GA' available
25383,,ValueError: no thermodynamic data for neighbors 'GG/GA' available
25384,,ValueError: no thermodynamic data for neighbors 'GG/GA' available
25385,,ValueError: no thermodynamic data for neighbors 'GG/GA' available
25386,,ValueError: no thermodynamic data for neighbors 'GG/GA' available
25387,,ValueError: no thermodynamic data for neighbors 'GG/GA' available
25388,,ValueError: no thermodynamic data for neighbors 'GG/GA' available
25389,,ValueError: no thermodynamic data for neighbors 'GG/GA' available
25390,,ValueError: no thermodynamic data for neighbors 'GG/GA' available
25391,,ValueError: no thermodynamic data for neighbors 'GG/GA' available
25392,,ValueError: no thermodynamic data for neighbors 'GG/GA' available
25393,,ValueError: no thermodynamic data for neighbors 'GG/GA' available
25394,,ValueError: no thermodynamic data for neighbors 'GG/GA' available
25395,,ValueError: no thermodynamic data for neighbors 'GG/GA' available
25396,,ValueError: no thermodynamic data for neighbors 'GG/GA' available
25397,,ValueError: no thermodynamic data for neighbors 'GG/GA' available
25398,,ValueError: no thermodynamic data for neighbors 'GG/GA' available
25399,,ValueError: no thermodynamic data for neighbors 'GG/GA' available
25400,,ValueError: no thermodynamic data for neighbors 'GG/GA' available
25401,,ValueError: no thermodynamic data for neighbors 'GG/GA' available
25402,,ValueError: no thermodynamic data for neighbors 'GG/GA' available
25403,,ValueError: no thermodynamic data for neighbors 'GG/GA' available
25404,,ValueError: no thermodynamic data for neighbors 'GG/GA' available
25405,,ValueError: no thermodynamic data for neighbors 'GG/GA' available
25406,,ValueError: no thermodynamic data for neighbors 'GG/GA' available
25407,,ValueError: no thermodynamic data for neighbors 'GG/GA' available
25408,,ValueError: no thermodynamic data for neighbors 'GG/GA' available
25409,,ValueError: no thermodynamic data for neighbors 'GG/GA' available
25410,,ValueError: no thermodynamic data for neighbors 'GG/GA' available
25411,,ValueError: no thermodynamic data for neighbors 'GG/GA' available
25412,,ValueError: no thermodynamic data for neighbors 'GG/GA' available
25413,,ValueError: no thermodynamic data for neighbors 'GG/GA' available
25414,,ValueError: no thermodynamic data for neighbors 'GG/GA' available
25415,,ValueError: no thermodynamic data for neighbors 'GG/GA' available
25416,,ValueError: no thermodynamic data for neighbors 'GG/GA' available
25417,,ValueError: no thermodynamic data for neighbors 'GG/GA' available
25418,,ValueError: no thermodynamic data for neighbors 'GG/GA' available
25419,,ValueError: no thermodynamic data for neighbors 'GG/GA' available
25420,,ValueError: no thermodynamic data for neighbors 'GG/GA' available
25421,,ValueError: no thermodynamic data for neighbors 'GG/GA' available
25422,,ValueError: no thermodynamic data for neighbors 'GG/GA' available
25423,,ValueError: no thermodynamic data for neighbors 'GG/GA' available
25424,,ValueError: no thermodynamic data for neighbors 'GG/GA' available
25425,,ValueError: no thermodynamic data for neighbors 'GG/GA' available
25426,,ValueError: no thermodynamic data for neighbors 'GG/GA' available
25427,,ValueError: no thermodynamic data for neighbors 'GG/GA' available
25428,,ValueError: no thermodynamic data for neighbors 'GG/GA' available
25429,,ValueError: no thermodynamic data for neighbors 'GG/GA' available
25430,,ValueError: no thermodynamic data for neighbors 'GG/GA' available
25431,,ValueError: no thermodynamic data for neighbors 'GG/GA' available
25432,,ValueError: no thermodynamic data for neighbors 'GG/GA' available
25433,,ValueError: no thermodynamic data for neighbors 'GG/GA' available
25434,,ValueError: no thermodynamic data for neighbors 'GG/GA' available
25435,,ValueError: no thermodynamic data for neighbors 'GG/GA' available
25436,,ValueError: no thermodynamic data for neighbors 'GG/GA' available
25437,,ValueError: no thermodynamic data for neighbors 'GG/GA' available
25438,,ValueError: no thermodynamic data for neighbors 'GG/GA' available
25439,,ValueError: no thermodynamic data for neighbors 'GG/GA' available
25440,,ValueError: no thermodynamic data for neighbors 'GG/GA' available
25441,,ValueError: no thermodynamic data for neighbors 'GG/GA' available
25442,,ValueError: no thermodynamic data for neighbors 'GG/GA' available
25443,,ValueError: no thermodynamic data for neighbors 'GG/GA' available
25444,,ValueError: no thermodynamic data for neighbors 'GG/GA' available
25445,,ValueError: no thermodynamic data for neighbors 'GG/GA' available
25446,,ValueError: no thermodynamic data for neighbors 'GG/GA' available
25447,,ValueError: no thermodynamic data for neighbors 'GG/GA' available
25448,,ValueError: no thermodynamic data for neighbors 'GG/GA' available
25449,,ValueError: no thermodynamic data for neighbors 'GG/GA' available
25450,,ValueError: no thermodynamic data for neighbors 'GG/GA' available
25451,,ValueError: no thermodynamic data for neighbors 'GG/GA' available
25452,,ValueError: no thermodynamic data for neighbors 'GG/GA' available
25453,,ValueError: no thermodynamic data for neighbors 'GG/GA' available
25454,,ValueError: no thermodynamic data for neighbors 'GG/GA' available
25455,,ValueError: no thermodynamic data for neighbors 'GG/GA' available
25456,,ValueError: no thermodynamic data for neighbors 'GG/GA' available
25457,,ValueError: no thermodynamic data for neighbors 'GG/GA' available
25458,,ValueError: no thermodynamic data for neighbors 'GG/GA' available
25459,,ValueError: no thermodynamic data for neighbors 'GG/GA' available
25460,,ValueError: no thermodynamic data for neighbors 'GG/GA' available
25461,,ValueError: no thermodynamic data for neighbors 'GG/GA' available
25462,,ValueError: no thermodynamic data for neighbors 'GG/GA' available
25463,,ValueError: no thermodynamic data for neighbors 'GG/GA' available
25464,,ValueError: no thermodynamic data for neighbors 'GG/GA' available
25465,,ValueError: no thermodynamic data for neighbors 'GG/GA' available
25466,,ValueError: no thermodynamic data for neighbors 'GG/GA' available
25467,,ValueError: no thermodynamic data for neighbors 'GG/GA' available
25468,,ValueError: no thermodynamic data for neighbors 'GG/GA' available
25469,,ValueError: no thermodynamic data for neighbors 'GG/GA' available
25470,,ValueError: no thermodynamic data for neighbors 'GG/GA' available
25471,,ValueError: no thermodynamic data for neighbors 'GG/GA' available
25472,,ValueError: no thermodynamic data for neighbors 'GG/GA' available
25473,,ValueError: no thermodynamic data for neighbors 'GG/GA' available
25474,,ValueError: no thermodynamic data for neighbors 'GG/GA' available
25475,,ValueError: no thermodynamic data for neighbors 'GG/GA' available
25476,,ValueError: no thermodynamic data for neighbors 'GG/GA' available
25477,,ValueError: no thermodynamic data for neighbors 'GG/GA' available
25478,,ValueError: no thermodynamic data for neighbors 'GG/GA' available
25479,,ValueError: no thermodynamic data for neighbors 'GG/GA' available
25480,,ValueError: no thermodynamic data for neighbors 'GG/GA' available
25481,,ValueError: no thermodynamic data for neighbors 'GG/GA' available
25482,,ValueError: no thermodynamic data for neighbors 'GG/GA' available
25483,,ValueError: no thermodynamic data for neighbors 'GG/GA' available
25484,,ValueError: no thermodynamic data for neighbors 'GG/GA' available
25485,,ValueError: no thermodynamic data for neighbors 'GG/GA' available
25486,,ValueError: no thermodynamic data for neighbors 'GG/GA' available
25487,,ValueError: no thermodynamic data for neighbors 'GG/GA' available
25488,,ValueError: no thermodynamic data for neighbors 'GG/GA' available
25489,,ValueError: no thermodynamic data for neighbors 'GG/GA' available
25490,,ValueError: no thermodynamic data for neighbors 'GG/GA' available
25491,,ValueError: no thermodynamic data for neighbors 'GG/GA' available
25492,,ValueError: no thermodynamic data for neighbors 'GG/GA' available
25493,,ValueError: no thermodynamic data for neighbors 'GG/GA' available
25494,,ValueError: no thermodynamic data for neighbors 'GG/GA' available
25495,,ValueError: no thermodynamic data for neighbors 'GG/GA' available
25496,,ValueError: no thermodynamic data for neighbors 'GG/GA' available
25497,,ValueError: no thermodynamic data for neighbors 'GG/GA' available
25498,,ValueError: no thermodynamic data for neighbors 'GG/GA' available
25499,,ValueError: no thermodynamic data for neighbors 'GG/GA' available
25500,,ValueError: no thermodynamic data for neighbors 'GG/GA' available
25501,,ValueError: no thermodynamic data for neighbors 'GG/GA' available
25502,,ValueError: no thermodynamic data for neighbors 'GG/GA' available
25503,,ValueError: no thermodynamic data for neighbors 'GG/GA' available
25504,,ValueError: no thermodynamic data for neighbors 'GG/GA' available
25505,,ValueError: no thermodynamic data for neighbors 'GG/GA' available
25506,,ValueError: no thermodynamic data for neighbors 'GG/GA' available
25507,,ValueError: no thermodynamic data for neighbors 'GG/GA' available
25508,,ValueError: no thermodynamic data for neighbors 'GG/GA' available
25509,,ValueError: no thermodynamic data for neighbors 'GG/GA' available
25510,,ValueError: no thermodynamic data for neighbors 'GG/GA' available
25511,,ValueError: no thermodynamic data for neighbors 'GG/GA' available
25512,,ValueError: no thermodynamic data for neighbors 'GG/GA' available
25513,,ValueError: no thermodynamic data for neighbors 'GG/GA' available
25514,,ValueError: no thermodynamic data for neighbors 'GG/GA' available
25515,,ValueError: no thermodynamic data for neighbors 'GG/GA' available
25516,,ValueError: no thermodynamic data for neighbors 'GG/GA' available
25517,,ValueError: no thermodynamic data for neighbors 'GG/GA' available
25518,,ValueError: no thermodynamic data for neighbors 'GG/GA' available
25519,,ValueError: no thermodynamic data for neighbors 'GG/GA' available
25520,,ValueError: no thermodynamic data for neighbors 'GG/GA' available
25521,,ValueError: no thermodynamic data for neighbors 'GG/GA' available
25522,,ValueError: no thermodynamic data for neighbors 'GG/GA' available
25523,,ValueError: no thermodynamic data for neighbors 'GG/GA' available
25524,,ValueError: no thermodynamic data for neighbors 'GG/GA' available
25525,,ValueError: no thermodynamic data for neighbors 'GG/GA' available
25526,,ValueError: no thermodynamic data for neighbors 'GG/GA' available
25527,,ValueError: no thermodynamic data for neighbors 'GG/GA' available
25528,,ValueError: no thermodynamic data for neighbors 'GG/GA' available
25529,,ValueError: no thermodynamic data for neighbors 'GG/GA' available
25530,,ValueError: no thermodynamic data for neighbors 'GG/GA' available
25531,,ValueError: no thermodynamic data for neighbors 'GG/GA' available
25532,,ValueError: no thermodynamic data for neighbors 'GG/GA' available
25533,,ValueError: no thermodynamic data for neighbors 'GG/GA' available
25534,,ValueError: no thermodynamic data for neighbors 'GG/GA' available
25535,,ValueError: no thermodynamic data for neighbors 'GG/GA' available
25536,,ValueError: no thermodynamic data for neighbors 'GG/GA' available
25537,,ValueError: no thermodynamic data for neighbors 'GG/GA' available
25538,,ValueError: no thermodynamic data for neighbors 'GG/GA' available
25539,,ValueError: no thermodynamic data for neighbors 'GG/GA' available
25540,,ValueError: no thermodynamic data for neighbors 'GG/GA' available
25541,,ValueError: no thermodynamic data for neighbors 'GG/GA' available
25542,,ValueError: no thermodynamic data for neighbors 'GG/GA' available
25543,,ValueError: no thermodynamic data for neighbors 'GG/GA' available
25544,,ValueError: no thermodynamic data for neighbors 'GG/GA' available
25545,,ValueError: no thermodynamic data for neighbors 'GG/GA' available
25546,,ValueError: no thermodynamic data for neighbors 'GG/GA' available
25547,,ValueError: no thermodynamic data for neighbors 'GG/GA' available
25548,,ValueError: no thermodynamic data for neighbors 'GG/GA' available
25549,,ValueError: no thermodynamic data for neighbors 'GG/GA' available
25550,,ValueError: no thermodynamic data for neighbors 'GG/GA' available
25551,,ValueError: no thermodynamic data for neighbors 'GG/GA' available
25552,,ValueError: no thermodynamic data for neighbors 'GG/GA' available
25553,,ValueError: no thermodynamic data for neighbors 'GG/GA' available
25554,,ValueError: no thermodynamic data for neighbors 'GG/GA' available
25555,,ValueError: no thermodynamic data for neighbors 'GG/GA' available
25556,,ValueError: no thermodynamic data for neighbors 'GG/GA' available
25557,,ValueError: no thermodynamic data for neighbors 'GG/GA' available
25558,,ValueError: no thermodynamic data for neighbors 'GG/GA' available
25559,,ValueError: no thermodynamic data for neighbors 'GG/GA' available
25560,,ValueError: no thermodynamic data for neighbors 'GG/GA' available
25561,,ValueError: no thermodynamic data for neighbors 'GG/GA' available
25562,,ValueError: no thermodynamic data for neighbors 'GG/GA' available
25563,,ValueError: no thermodynamic data for neighbors 'GG/GA' available
25564,,ValueError: no thermodynamic data for neighbors 'GG/GA' available
25565,,ValueError: no thermodynamic data for neighbors 'GG/GA' available
25566,,ValueError: no thermodynamic data for neighbors 'GG/GA' available
25567,,ValueError: no thermodynamic data for neighbors 'GG/GA' available
25568,,ValueError: no thermodynamic data for neighbors 'GG/GA' available
25569,,ValueError: no thermodynamic data for neighbors 'GG/GA' available
25570,,ValueError: no thermodynamic data for neighbors 'GG/GA' available
25571,,ValueError: no thermodynamic data for neighbors 'GG/GA' available
25572,,ValueError: no thermodynamic data for neighbors 'GG/GA' available
25573,,ValueError: no thermodynamic data for neighbors 'GG/GA' available
25574,,ValueError: no thermodynamic data for neighbors 'GG/GA' available
25575,,ValueError: no thermodynamic data for neighbors 'GG/GA' available
25576,,ValueError: no thermodynamic data for neighbors 'GG/GA' available
25577,,ValueError: no thermodynamic data for neighbors 'GG/GA' available
25578,,ValueError: no thermodynamic data for neighbors 'GG/GA' available
25579,,ValueError: no thermodynamic data for neighbors 'GG/GA' available
25580,,ValueError: no thermodynamic data for neighbors 'GG/GA' available
25581,,ValueError: no thermodynamic data for neighbors 'GG/GA' available
25582,,ValueError: no thermodynamic data for neighbors 'GG/GA' available
25583,,ValueError: no thermodynamic data for neighbors 'GG/GA' available
25584,,ValueError: no thermodynamic data for neighbors 'GG/GA' available
25585,,ValueError: no thermodynamic data for neighbors 'GG/GA' available
25586,,ValueError: no thermodynamic data for neighbors 'GG/GA' available
25587,,ValueError: no thermodynamic data for neighbors 'GG/GA' available
25588,,ValueError: no thermodynamic data for neighbors 'GG/GA' available
25589,,ValueError: no thermodynamic data for neighbors 'GG/GA' available
25590,,ValueError: no thermodynamic data for neighbors 'GG/GA' available
25591,,ValueError: no thermodynamic data for neighbors 'GG/GA' available
25592,,ValueError: no thermodynamic data for neighbors 'GG/GA' available
25593,,ValueError: no thermodynamic data for neighbors 'GG/GA' available
25594,,ValueError: no thermodynamic data for neighbors 'GG/GA' available
25595,,ValueError: no thermodynamic data for neighbors 'GG/GA' available
25596,,ValueError: no thermodynamic data for neighbors 'GG/GA' available
25597,,ValueError: no thermodynamic data for neighbors 'GG/GA' available
25598,,ValueError: no thermodynamic data for neighbors 'GG/GA' available
25599,,ValueError: no thermodynamic data for neighbors 'GG/GA' available
25600,,ValueError: no thermodynamic data for neighbors 'GG/GA' available
25601,,ValueError: no thermodynamic data for neighbors 'GG/GA' available
25602,,ValueError: no thermodynamic data for neighbors 'GG/GA' available
25603,,ValueError: no thermodynamic data for neighbors 'GG/GA' available
25604,,ValueError: no thermodynamic data for neighbors 'GG/GA' available
25605,,ValueError: no thermodynamic data for neighbors 'GG/GA' available
25606,,ValueError: no thermodynamic data for neighbors 'GG/GA' available
25607,,ValueError: no thermodynamic data for neighbors 'GG/GA' available
25608,,ValueError: no thermodynamic data for neighbors 'GG/GA' available
25609,,ValueError: no thermodynamic data for neighbors 'GG/GA' available
25610,,ValueError: no thermodynamic data for neighbors 'GG/GA' available
25611,,ValueError: no thermodynamic data for neighbors 'GG/GA' available
25612,,ValueError: no thermodynamic data for neighbors 'GG/GA' available
25613,,ValueError: no thermodynamic data for neighbors 'GG/GA' available
25614,,ValueError: no thermodynamic data for neighbors 'GG/GA' available
25615,,ValueError: no thermodynamic data for neighbors 'GG/GA' available
25616,,ValueError: no thermodynamic data for neighbors 'GG/GA' available
25617,,ValueError: no thermodynamic data for neighbors 'GG/GA' available
25618,,ValueError: no thermodynamic data for neighbors 'GG/GA' available
25619,,ValueError: no thermodynamic data for neighbors 'GG/GA' available
25620,,ValueError: no thermodynamic data for neighbors 'GG/GA' available
25621,,ValueError: no thermodynamic data for neighbors 'GG/GA' available
25622,,ValueError: no thermodynamic data for neighbors 'GG/GA' available
25623,,ValueError: no thermodynamic data for neighbors 'GG/GA' available
25624,,ValueError: no thermodynamic data for neighbors 'GG/GA' available
25625,,ValueError: no thermodynamic data for neighbors 'GG/GA' available
25626,,ValueError: no thermodynamic data for neighbors 'GG/GA' available
25627,,ValueError: no thermodynamic data for neighbors 'GG/GA' available
25628,,ValueError: no thermodynamic data for neighbors 'GG/GA' available
25629,,ValueError: no thermodynamic data for neighbors 'GG/GA' available
25630,,ValueError: no thermodynamic data for neighbors 'GG/GA' available
25631,,ValueError: no thermodynamic data for neighbors 'GG/GA' available
25632,,ValueError: no thermodynamic data for neighbors 'GG/GA' available
25633,,ValueError: no thermodynamic data for neighbors 'GG/GA' available
25634,,ValueError: no thermodynamic data for neighbors 'GG/GA' available
25635,,ValueError: no thermodynamic data for neighbors 'GG/GA' available
25636,,ValueError: no thermodynamic data for neighbors 'GG/GA' available
25637,,ValueError: no thermodynamic data for neighbors 'GG/GA' available
25638,,ValueError: no thermodynamic data for neighbors 'GG/GA' available
25639,,ValueError: no thermodynamic data for neighbors 'GG/GA' available
25640,,ValueError: no thermodynamic data for neighbors 'GG/GA' available
25641,,ValueError: no thermodynamic data for neighbors 'GG/GA' available
25642,,ValueError: no thermodynamic data for neighbors 'GG/GA' available
25643,,ValueError: no thermodynamic data for neighbors 'GG/GA' available
25644,,ValueError: no thermodynamic data for neighbors 'GG/GA' available
25645,,ValueError: no thermodynamic data for neighbors 'GG/GA' available
25646,,ValueError: no thermodynamic data for neighbors 'GG/GA' available
25647,,ValueError: no thermodynamic data for neighbors 'GG/GA' available
25648,,ValueError: no thermodynamic data for neighbors 'GG/GA' available
25649,,ValueError: no thermodynamic data for neighbors 'GG/GA' available
25650,,ValueError: no thermodynamic data for neighbors 'GG/GA' available
25651,,ValueError: no thermodynamic data for neighbors 'GG/GA' available
25652,,ValueError: no thermodynamic data for neighbors 'GG/GA' available
25653,,ValueError: no thermodynamic data for neighbors 'GG/GA' available
25654,,ValueError: no thermodynamic data for neighbors 'GG/GA' available
25655,,ValueError: no thermodynamic data for neighbors 'GG/GA' available
25656,,ValueError: no thermodynamic data for neighbors 'GG/GA' available
25657,,ValueError: no thermodynamic data for neighbors 'GG/GA' available
25658,,ValueError: no thermodynamic data for neighbors 'GG/GA' available
25659,,ValueError: no thermodynamic data for neighbors 'GG/GA' available
25660,,ValueError: no thermodynamic data for neighbors 'GG/GA' available
25661,,ValueError: no thermodynamic data for neighbors 'GG/GA' available
25662,,ValueError: no thermodynamic data for neighbors 'GG/GA' available
25663,,ValueError: no thermodynamic data for neighbors 'GG/GA' available
25664,,ValueError: no thermodynamic data for neighbors 'GG/GA' available
25665,,ValueError: no thermodynamic data for neighbors 'GG/GA' available
25666,,ValueError: no thermodynamic data for neighbors 'GG/GA' available
25667,,ValueError: no thermodynamic data for neighbors 'GG/GA' available
25668,,ValueError: no thermodynamic data for neighbors 'GG/GA' available
25669,,ValueError: no thermodynamic data for neighbors 'GG/GA' available
25670,,ValueError: no thermodynamic data for neighbors 'GG/GA' available
25671,,ValueError: no thermodynamic data for neighbors 'GG/GA' available
25672,,ValueError: no thermodynamic data for neighbors 'GG/GA' available
25673,,ValueError: no thermodynamic data for neighbors 'GG/GA' available
25674,,ValueError: no thermodynamic data for neighbors 'GG/GA' available
25675,,ValueError: no thermodynamic data for neighbors 'GG/GA' available
25676,,ValueError: no thermodynamic data for neighbors 'GG/GA' available
25677,,ValueError: no thermodynamic data for neighbors 'GG/GA' available
25678,,ValueError: no thermodynamic data for neighbors 'GG/GA' available
25679,,ValueError: no thermodynamic data for neighbors 'GG/GA' available
25680,,ValueError: no thermodynamic data for neighbors 'GG/GA' available
25681,,ValueError: no thermodynamic data for neighbors 'GG/GA' available
25682,,ValueError: no thermodynamic data for neighbors 'GG/GA' available
25683,,ValueError: no thermodynamic data for neighbors 'GG/GA' available
25684,,ValueError: no thermodynamic data for neighbors 'GG/GA' available
25685,,ValueError: no thermodynamic data for neighbors 'GG/GA' available
25686,,ValueError: no thermodynamic data for neighbors 'GG/GA' available
25687,,ValueError: no thermodynamic data for neighbors 'GG/GA' available
25688,,ValueError: no thermodynamic data for neighbors 'GG/GA' available
25689,,ValueError: no thermodynamic data for neighbors 'GG/GA' available
25690,,ValueError: no thermodynamic data for neighbors 'GG/GA' available
25691,,ValueError: no thermodynamic data for neighbors 'GG/GA' available
25692,,ValueError: no thermodynamic data for neighbors 'GG/GA' available
25693,,ValueError: no thermodynamic data for neighbors 'GG/GA' available
25694,,ValueError: no thermodynamic data for neighbors 'GG/GA' available
25695,,ValueError: no thermodynamic data for neighbors 'GG/GA' available
25696,,ValueError: no thermodynamic data for neighbors 'GG/GA' available
25697,,ValueError: no thermodynamic data for neighbors 'GG/GA' available
25698,,ValueError: no thermodynamic data for neighbors 'GG/GA' available
25699,,ValueError: no thermodynamic data for neighbors 'GG/GA' available
25700,,ValueError: no thermodynamic data for neighbors 'GG/GA' available
25701,,ValueError: no thermodynamic data for neighbors 'GG/GA' available
25702,,ValueError: no thermodynamic data for neighbors 'GG/GA' available
25703,,ValueError: no thermodynamic data for neighbors 'GG/GA' available
25704,,ValueError: no thermodynamic data for neighbors 'GG/GA' available
25705,,ValueError: no thermodynamic data for neighbors 'GG/GA' available
25706,,ValueError: no thermodynamic data for neighbors 'GG/GA' available
25707,,ValueError: no thermodynamic data for neighbors 'GG/GA' available
25708,,ValueError: no thermodynamic data for neighbors 'GG/GA' available
25709,,ValueError: no thermodynamic data for neighbors 'GG/GA' available
25710,,ValueError: no thermodynamic data for neighbors 'GG/GA' available
25711,,ValueError: no thermodynamic data for neighbors 'GG/GA' available
25712,,ValueError: no thermodynamic data for neighbors 'GG/GA' available
25713,,ValueError: no thermodynamic data for neighbors 'GG/GA' available
25714,,ValueError: no thermodynamic data for neighbors 'GG/GA' available
25715,,ValueError: no thermodynamic data for neighbors 'GG/GA' available
25716,,ValueError: no thermodynamic data for neighbors 'GG/GA' available
25717,,ValueError: no thermodynamic data for neighbors 'GG/GA' available
25718,,ValueError: no thermodynamic data for neighbors 'GG/GA' available
25719,,ValueError: no thermodynamic data for neighbors 'GG/GA' available
25720,,ValueError: no thermodynamic data for neighbors 'GG/GA' available
25721,,ValueError: no thermodynamic data for neighbors 'GG/GA' available
25722,,ValueError: no thermodynamic data for neighbors 'GG/GA' available
25723,,ValueError: no thermodynamic data for neighbors 'GG/GA' available
25724,,ValueError: no thermodynamic data for neighbors 'GG/GA' available
25725,,ValueError: no thermodynamic data for neighbors 'GG/GA' available
25726,,ValueError: no thermodynamic data for neighbors 'GG/GA' available
25727,,ValueError: no thermodynamic data for neighbors 'GG/GA' available
25728,,ValueError: no thermodynamic data for neighbors 'GG/GA' available
25729,,ValueError: no thermodynamic data for neighbors 'GG/GA' available
25730,,ValueError: no thermodynamic data for neighbors 'GG/GA' available
25731,,ValueError: no thermodynamic data for neighbors 'GG/GA' available
25732,,ValueError: no thermodynamic data for neighbors 'GG/GA' available
25733,,ValueError: no thermodynamic data for neighbors 'GG/GA' available
25734,,ValueError: no thermodynamic data for neighbors 'GG/GA' available
25735,,ValueError: no thermodynamic data for neighbors 'GG/GA' available
25736,,ValueError: no thermodynamic data for neighbors 'GG/GA' available
25737,,ValueError: no thermodynamic data for neighbors 'GG/GA' available
25738,,ValueError: no thermodynamic data for neighbors 'GG/GA' available
25739,,ValueError: no thermodynamic data for neighbors 'GG/GA' available
25740,,ValueError: no thermodynamic data for neighbors 'GG/GA' available
25741,,ValueError: no thermodynamic data for neighbors 'GG/GA' available
25742,,ValueError: no thermodynamic data for neighbors 'GG/GA' available
25743,,ValueError: no thermodynamic data for neighbors 'GG/GA' available
25744,,ValueError: no thermodynamic data for neighbors 'GG/GA' available
25745,,ValueError: no thermodynamic data for neighbors 'GG/GA' available
25746,,ValueError: no thermodynamic data for neighbors 'GG/GA' available
25747,,ValueError: no thermodynamic data for neighbors 'GG/GA' available
25748,,ValueError: no thermodynamic data for neighbors 'GG/GA' available
25749,,ValueError: no thermodynamic data for neighbors 'GG/GA' available
25750,,ValueError: no thermodynamic data for neighbors 'GG/GA' available
25751,,ValueError: no thermodynamic data for neighbors 'GG/GA' available
25752,,ValueError: no thermodynamic data for neighbors 'GG/GA' available
25753,,ValueError: no thermodynamic data for neighbors 'GG/GA' available
25754,,ValueError: no thermodynamic data for neighbors 'GG/GA' available
25755,,ValueError: no thermodynamic data for neighbors 'GG/GA' available
25756,,ValueError: no thermodynamic data for neighbors 'GG/GA' available
25757,,ValueError: no thermodynamic data for neighbors 'GG/GA' available
25758,,ValueError: no thermodynamic data for neighbors 'GG/GA' available
25759,,ValueError: no thermodynamic data for neighbors 'GG/GA' available
25760,,ValueError: no thermodynamic data for neighbors 'GG/GA' available
25761,,ValueError: no thermodynamic data for neighbors 'GG/GA' available
25762,,ValueError: no thermodynamic data for neighbors 'GG/GA' available
25763,,ValueError: no thermodynamic data for neighbors 'GG/GA' available
25764,,ValueError: no thermodynamic data for neighbors 'GG/GA' available
25765,,ValueError: no thermodynamic data for neighbors 'GG/GA' available
25766,,ValueError: no thermodynamic data for neighbors 'GG/GA' available
25767,,ValueError: no thermodynamic data for neighbors 'GG/GA' available
25768,,ValueError: no thermodynamic data for neighbors 'GG/GA' available
25769,,ValueError: no thermodynamic data for neighbors 'GG/GA' available
25770,,ValueError: no thermodynamic data for neighbors 'GG/GA' available
25771,,ValueError: no thermodynamic data for neighbors 'GG/GA' available
25772,,ValueError: no thermodynamic data for neighbors 'GG/GA' available
25773,,ValueError: no thermodynamic data for neighbors 'GG/GA' available
25774,,ValueError: no thermodynamic data for neighbors 'GG/GA' available
25775,,ValueError: no thermodynamic data for neighbors 'GG/GA' available
25776,,ValueError: no thermodynamic data for neighbors 'GG/GA' available
25777,,ValueError: no thermodynamic data for neighbors 'GG/GA' available
25778,,ValueError: no thermodynamic data for neighbors 'GG/GA' available
25779,,ValueError: no thermodynamic data for neighbors 'GG/GA' available
25780,,ValueError: no thermodynamic data for neighbors 'GG/GA' available
25781,,ValueError: no thermodynamic data for neighbors 'GG/GA' available
25782,,ValueError: no thermodynamic data for neighbors 'GG/GA' available
25783,,ValueError: no thermodynamic data for neighbors 'GG/GA' available
25784,,ValueError: no thermodynamic data for neighbors 'GG/GA' available
25785,,ValueError: no thermodynamic data for neighbors 'GG/GA' available
25786,,ValueError: no thermodynamic data for neighbors 'GG/GA' available
25787,,ValueError: no thermodynamic data for neighbors 'GG/GA' available
25788,,ValueError: no thermodynamic data for neighbors 'GG/GA' available
25789,,ValueError: no thermodynamic data for neighbors 'GG/GA' available
25790,,ValueError: no thermodynamic data for neighbors 'GG/GA' available
25791,,ValueError: no thermodynamic data for neighbors 'GG/GA' available
25792,,ValueError: no thermodynamic data for neighbors 'GG/GA' available
25793,,ValueError: no thermodynamic data for neighbors 'GG/GA' available
25794,,ValueError: no thermodynamic data for neighbors 'GG/GA' available
25795,,ValueError: no thermodynamic data for neighbors 'GG/GA' available
25796,,ValueError: no thermodynamic data for neighbors 'GG/GA' available
25797,,ValueError: no thermodynamic data for neighbors 'GG/GA' available
25798,,ValueError: no thermodynamic data for neighbors 'GG/GA' available
25799,,ValueError: no thermodynamic data for neighbors 'GG/GA' available
25800,,ValueError: no thermodynamic data for neighbors 'GG/GA' available
25801,,ValueError: no thermodynamic data for neighbors 'GG/GA' available
25802,,ValueError: no thermodynamic data for neighbors 'GG/GA' available
25803,,ValueError: no thermodynamic data for neighbors 'GG/GA' available
25804,,ValueError: no thermodynamic data for neighbors 'GG/GA' available
25805,,ValueError: no thermodynamic data for neighbors 'GG/GA' available
25806,,ValueError: no thermodynamic data for neighbors 'GG/GA' available
25807,,ValueError: no thermodynamic data for neighbors 'GG/GA' available
25808,,ValueError: no thermodynamic data for neighbors 'GG/GA' available
25809,,ValueError: no thermodynamic data for neighbors 'GG/GA' available
25810,,ValueError: no thermodynamic data for neighbors 'GG/GA' available
25811,,ValueError: no thermodynamic data for neighbors 'GG/GA' available
25812,,ValueError: no thermodynamic data for neighbors 'GG/GA' available
25813,,ValueError: no thermodynamic data for neighbors 'GG/GA' available
25814,,ValueError: no thermodynamic data for neighbors 'GG/GA' available
25815,,ValueError: no thermodynamic data for neighbors 'GG/GA' available
25816,,ValueError: no thermodynamic data for neighbors 'GG/GA' available
25817,,ValueError: no thermodynamic data for neighbors 'GG/GA' available
25818,,ValueError: no thermodynamic data for neighbors 'GG/GA' available
25819,,ValueError: no thermodynamic data for neighbors 'GG/GA' available
25820,,ValueError: no thermodynamic data for neighbors 'GG/GA' available
25821,,ValueError: no thermodynamic data for neighbors 'GG/GA' available
25822,,ValueError: no thermodynamic data for neighbors 'GG/GA' available
25823,,ValueError: no thermodynamic data for neighbors 'GG/GA' available
25824,,ValueError: no thermodynamic data for neighbors 'GG/GA' available
25825,,ValueError: no thermodynamic data for neighbors 'GG/GA' available
25826,,ValueError: no thermodynamic data for neighbors 'GG/GA' available
25827,,ValueError: no thermodynamic data for neighbors 'GG/GA' available
25828,,ValueError: no thermodynamic data for neighbors 'GG/GA' available
25829,,ValueError: no thermodynamic data for neighbors 'GG/GA' available
25830,,ValueError: no thermodynamic data for neighbors 'GG/GA' available
25831,,ValueError: no thermodynamic data for neighbors 'GG/GA' available
25832,,ValueError: no thermodynamic data for neighbors 'GG/GA' available
25833,,ValueError: no thermodynamic data for neighbors 'GG/GA' available
25834,,ValueError: no thermodynamic data for neighbors 'GG/GA' available
25835,,ValueError: no thermodynamic data for neighbors 'GG/GA' available
25836,,ValueError: no thermodynamic data for neighbors 'GG/GA' available
25837,,ValueError: no thermodynamic data for neighbors 'GG/GA' available
25838,,ValueError: no thermodynamic data for neighbors 'GG/GA' available
25839,,ValueError: no thermodynamic data for neighbors 'GG/GA' available
25840,,ValueError: no thermodynamic data for neighbors 'GG/GA' available
25841,,ValueError: no thermodynamic data for neighbors 'GG/GA' available
25842,,ValueError: no thermodynamic data for neighbors 'GG/GA' available
25843,,ValueError: no thermodynamic data for neighbors 'GG/GA' available
25844,,ValueError: no thermodynamic data for neighbors 'GG/GA' available
25845,,ValueError: no thermodynamic data for neighbors 'GG/GA' available
25846,,ValueError: no thermodynamic data for neighbors 'GG/GA' available
25847,,ValueError: no thermodynamic data for neighbors 'GG/GA' available
25848,,ValueError: no thermodynamic data for neighbors 'GG/GA' available
25849,,ValueError: no thermodynamic data for neighbors 'GG/GA' available
25850,,ValueError: no thermodynamic data for neighbors 'GG/GA' available
25851,,ValueError: no thermodynamic data for neighbors 'GG/GA' available
25852,,ValueError: no thermodynamic data for neighbors 'GG/GA' available
25853,,ValueError: no thermodynamic data for neighbors 'GG/GA' available
25854,,ValueError: no thermodynamic data for neighbors 'GG/GA' available
25855,,ValueError: no thermodynamic data for neighbors 'GG/GA' available
25856,,ValueError: no thermodynamic data for neighbors 'GG/GA' available
25857,,ValueError: no thermodynamic data for neighbors 'GG/GA' available
25858,,ValueError: no thermodynamic data for neighbors 'GG/GA' available
25859,,ValueError: no thermodynamic data for neighbors 'GG/GA' available
25860,,ValueError: no thermodynamic data for neighbors 'GG/GA' available
25861,,ValueError: no thermodynamic data for neighbors 'GG/GA' available
25862,,ValueError: no thermodynamic data for neighbors 'GG/GA' available
25863,,ValueError: no thermodynamic data for neighbors 'GG/GA' available
25864,,ValueError: no thermodynamic data for neighbors 'GG/GA' available
25865,,ValueError: no thermodynamic data for neighbors 'GG/GA' available
25866,,ValueError: no thermodynamic data for neighbors 'GG/GA' available
25867,,ValueError: no thermodynamic data for neighbors 'GG/GA' available
25868,,ValueError: no thermodynamic data for neighbors 'GG/GA' available
25869,,ValueError: no thermodynamic data for neighbors 'GG/GA' available
25870,,ValueError: no thermodynamic data for neighbors 'GG/GA' available
25871,,ValueError: no thermodynamic data for neighbors 'GG/GA' available
25872,,ValueError: no thermodynamic data for neighbors 'GG/GA' available
25873,,ValueError: no thermodynamic data for neighbors 'GG/GA' available
25874,,ValueError: no thermodynamic data for neighbors 'GG/GA' available
25875,,ValueError: no thermodynamic data for neighbors 'GG/GA' available
25876,,ValueError: no thermodynamic data for neighbors 'GG/GA' available
25877,,ValueError: no thermodynamic data for neighbors 'GG/GA' available
25878,,ValueError: no thermodynamic data for neighbors 'GG/GA' available
25879,,ValueError: no thermodynamic data for neighbors 'GG/GA' available
25880,,ValueError: no thermodynamic data for neighbors 'GG/GA' available
25881,,ValueError: no thermodynamic data for neighbors 'GG/GA' available
25882,,ValueError: no thermodynamic data for neighbors 'GG/GA' available
25883,,ValueError: no thermodynamic data for neighbors 'GG/GA' available
25884,,ValueError: no thermodynamic data for neighbors 'GG/GA' available
25885,,ValueError: no thermodynamic data for neighbors 'GG/GA' available
25886,,ValueError: no thermodynamic data for neighbors 'GG/GA' available
25887,,ValueError: no thermodynamic data for neighbors 'GG/GA' available
25888,,ValueError: no thermodynamic data for neighbors 'GG/GA' available
25889,,ValueError: no thermodynamic data for neighbors 'GG/GA' available
25890,,ValueError: no thermodynamic data for neighbors 'GG/GA' available
25891,,ValueError: no thermodynamic data for neighbors 'GG/GA' available
25892,,ValueError: no thermodynamic data for neighbors 'GG/GA' available
25893,,ValueError: no thermodynamic data for neighbors 'GG/GA' available
25894,,ValueError: no thermodynamic data for neighbors 'GG/GA' available
25895,,ValueError: no thermodynamic data for neighbors 'GG/GA' available
25896,,ValueError: no thermodynamic data for neighbors 'GG/GA' available
25897,,ValueError: no thermodynamic data for neighbors 'GG/GA' available
25898,,ValueError: no thermodynamic data for neighbors 'GG/GA' available
25899,,ValueError: no thermodynamic data for neighbors 'GG/GA' available
25900,,ValueError: no thermodynamic data for neighbors 'GG/GA' available
25901,,ValueError: no thermodynamic data for neighbors 'GG/GA' available
25902,,ValueError: no thermodynamic data for neighbors 'GG/GA' available
25903,,ValueError: no thermodynamic data for neighbors 'GG/GA' available
25904,,ValueError: no thermodynamic data for neighbors 'GG/GA' available
25905,,ValueError: no thermodynamic data for neighbors 'GG/GA' available
25906,,ValueError: no thermodynamic data for neighbors 'GG/GA' available
25907,,ValueError: no thermodynamic data for neighbors 'GG/GA' available
25908,,ValueError: no thermodynamic data for neighbors 'GG/GA' available
25909,,ValueError: no thermodynamic data for neighbors 'GG/GA' available
25910,,ValueError: no thermodynamic data for neighbors 'GG/GA' available
25911,,ValueError: no thermodynamic data for neighbors 'GG/GA' available
25912,,ValueError: no thermodynamic data for neighbors 'GG/GA' available
25913,,ValueError: no thermodynamic data for neighbors 'GG/GA' available
25914,,ValueError: no thermodynamic data for neighbors 'GG/GA' available
25915,,ValueError: no thermodynamic data for neighbors 'GG/GA' available
25916,,ValueError: no thermodynamic data for neighbors 'GG/GA' available
25917,,ValueError: no thermodynamic data for neighbors 'GG/GA' available
25918,,ValueError: no thermodynamic data for neighbors 'GG/GA' available
25919,,ValueError: no thermodynamic data for neighbors 'GG/GA' available
25920,,ValueError: no thermodynamic data for neighbors 'GG/GA' available
25921,,ValueError: no thermodynamic data for neighbors 'GG/GA' available
25922,,ValueError: no thermodynamic data for neighbors 'GG/GA' available
25923,,ValueError: no thermodynamic data for neighbors 'GG/GA' available
25924,,ValueError: no thermodynamic data for neighbors 'GG/GA' available
25925,,ValueError: no thermodynamic data for neighbors 'GG/GA' available
25926,,ValueError: no thermodynamic data for neighbors 'GG/GA' available
25927,,ValueError: no thermodynamic data for neighbors 'GG/GA' available
25928,,ValueError: no thermodynamic data for neighbors 'GG/GA' available
25929,,ValueError: no thermodynamic data for neighbors 'GG/GA' available
25930,,ValueError: no thermodynamic data for neighbors 'GG/GA' available
25931,,ValueError: no thermodynamic data for neighbors 'GG/GA' available
25932,,ValueError: no thermodynamic data for neighbors 'GG/GA' available
25933,,ValueError: no thermodynamic data for neighbors 'GG/GA' available
25934,,ValueError: no thermodynamic data for neighbors 'GG/GA' available
25935,,ValueError: no thermodynamic data for neighbors 'GG/GA' available
25936,,ValueError: no thermodynamic data for neighbors 'GG/GA' available
25937,,ValueError: no thermodynamic data for neighbors 'GG/GA' available
25938,,ValueError: no thermodynamic data for neighbors 'GG/GA' available
25939,,ValueError: no thermodynamic data for neighbors 'GG/GA' available
25940,,ValueError: no thermodynamic data for neighbors 'GG/GA' available
25941,,ValueError: no thermodynamic data for neighbors 'GG/GA' available
25942,,ValueError: no thermodynamic data for neighbors 'GG/GA' available
25943,,ValueError: no thermodynamic data for neighbors 'GG/GA' available
25944,,ValueError: no thermodynamic data for neighbors 'GG/GA' available
25945,,ValueError: no thermodynamic data for neighbors 'GG/GA' available
25946,,ValueError: no thermodynamic data for neighbors 'GG/GA' available
25947,,ValueError: no thermodynamic data for neighbors 'GG/GA' available
25948,,ValueError: no thermodynamic data for neighbors 'GG/GA' available
25949,,ValueError: no thermodynamic data for neighbors 'GG/GA' available
25950,,ValueError: no thermodynamic data for neighbors 'GG/GA' available
25951,,ValueError: no thermodynamic data for neighbors 'GG/GA' available
25952,,ValueError: no thermodynamic data for neighbors 'GG/GA' available
25953,,ValueError: no thermodynamic data for neighbors 'GG/GA' available
25954,,ValueError: no thermodynamic data for neighbors 'GG/GA' available
25955,,ValueError: no thermodynamic data for neighbors 'GG/GA' available
25956,,ValueError: no thermodynamic data for neighbors 'GG/GA' available
25957,,ValueError: no thermodynamic data for neighbors 'GG/GA' available
25958,,ValueError: no thermodynamic data for neighbors 'GG/GA' available
25959,,ValueError: no thermodynamic data for neighbors 'GG/GA' available
25960,,ValueError: no thermodynamic data for neighbors 'GG/GA' available
25961,,ValueError: no thermodynamic data for neighbors 'GG/GA' available
25962,,ValueError: no thermodynamic data for neighbors 'GG/GA' available
25963,,ValueError: no thermodynamic data for neighbors 'GG/GA' available
25964,,ValueError: no thermodynamic data for neighbors 'GG/GA' available
25965,,ValueError: no thermodynamic data for neighbors 'GG/GA' available
25966,,ValueError: no thermodynamic data for neighbors 'GG/GA' available
25967,,ValueError: no thermodynamic data for neighbors 'GG/GA' available
25968,,ValueError: no thermodynamic data for neighbors 'GG/GA' available
25969,,ValueError: no thermodynamic data for neighbors 'GG/GA' available
25970,,ValueError: no thermodynamic data for neighbors 'GG/GA' available
25971,,ValueError: no thermodynamic data for neighbors 'GG/GA' available
25972,,ValueError: no thermodynamic data for neighbors 'GG/GA' available
25973,,ValueError: no thermodynamic data for neighbors 'GG/GA' available
25974,,ValueError: no thermodynamic data for neighbors 'GG/GA' available
25975,,ValueError: no thermodynamic data for neighbors 'GG/GA' available
25976,,ValueError: no thermodynamic data for neighbors 'GG/GA' available
25977,,ValueError: no thermodynamic data for neighbors 'GG/GA' available
25978,,ValueError: no thermodynamic data for neighbors 'GG/GA' available
25979,,ValueError: no thermodynamic data for neighbors 'GG/GA' available
25980,,ValueError: no thermodynamic data for neighbors 'GG/GA' available
25981,,ValueError: no thermodynamic data for neighbors 'GG/GA' available
25982,,ValueError: no thermodynamic data for neighbors 'GG/GA' available
25983,,ValueError: no thermodynamic data for neighbors 'GG/GA' available
25984,,ValueError: no thermodynamic data for neighbors 'GG/GA' available
25985,,ValueError: no thermodynamic data for neighbors 'GG/GA' available
25986,,ValueError: no thermodynamic data for neighbors 'GG/GA' available
25987,,ValueError: no thermodynamic data for neighbors 'GG/GA' available
25988,,ValueError: no thermodynamic data for neighbors 'GG/GA' available
25989,,ValueError: no thermodynamic data for neighbors 'GG/GA' available
25990,,ValueError: no thermodynamic data for neighbors 'GG/GA' available
25991,,ValueError: no thermodynamic data for neighbors 'GG/GA' available
25992,,ValueError: no thermodynamic data for neighbors 'GG/GA' available
25993,,ValueError: no thermodynamic data for neighbors 'GG/GA' available
25994,,ValueError: no thermodynamic data for neighbors 'GG/GA' available
25995,,ValueError: no thermodynamic data for neighbors 'GG/GA' available
25996,,ValueError: no thermodynamic data for neighbors 'GG/GA' available
25997,,ValueError: no thermodynamic data for neighbors 'GG/GA' available
25998,,ValueError: no thermodynamic data for neighbors 'GG/GA' available
25999,,ValueError: no thermodynamic data for neighbors 'GG/GA' available
26000,,ValueError: no thermodynamic data for neighbors 'GG/GA' available
26001,,ValueError: no thermodynamic data for neighbors 'GG/GA' available
26002,,ValueError: no thermodynamic data for neighbors 'GG/GA' available
26003,,ValueError: no thermodynamic data for neighbors 'GG/GA' available
26004,,ValueError: no thermodynamic data for neighbors 'GG/GA' available
26005,,ValueError: no thermodynamic data for neighbors 'GG/GA' available
26006,,ValueError: no thermodynamic data for neighbors 'GG/GA' available
26007,,ValueError: no thermodynamic data for neighbors 'GG/GA' available
26008,,ValueError: no thermodynamic data for neighbors 'GG/GA' available
26009,,ValueError: no thermodynamic data for neighbors 'GG/GA' available
26010,,ValueError: no thermodynamic data for neighbors 'GG/GA' available
26011,,ValueError: no thermodynamic data for neighbors 'GG/GA' available
26012,,ValueError: no thermodynamic data for neighbors 'GG/GA' available
26013,,ValueError: no thermodynamic data for neighbors 'GG/GA' available
26014,,ValueError: no thermodynamic data for neighbors 'GG/GA' available
26015,,ValueError: no thermodynamic data for neighbors 'GG/GA' available
26016,,ValueError: no thermodynamic data for neighbors 'GG/GA' available
26017,,ValueError: no thermodynamic data for neighbors 'GG/GA' available
26018,,ValueError: no thermodynamic data for neighbors 'GG/GA' available
26019,,ValueError: no thermodynamic data for neighbors 'GG/GA' available
26020,,ValueError: no thermodynamic data for neighbors 'GG/GA' available
26021,,ValueError: no thermodynamic data for neighbors 'GG/GA' available
26022,,ValueError: no thermodynamic data for neighbors 'GG/GA' available
26023,,ValueError: no thermodynamic data for neighbors 'GG/GA' available
26024,,ValueError: no thermodynamic data for neighbors 'GG/GA' available
26025,,ValueError: no thermodynamic data for neighbors 'GG/GA' available
26026,,ValueError: no thermodynamic data for neighbors 'GG/GA' available
26027,,ValueError: no thermodynamic data for neighbors 'GG/GA' available
26028,,ValueError: no thermodynamic data for neighbors 'GG/GA' available
26029,,ValueError: no thermodynamic data for neighbors 'GG/GA' available
26030,,ValueError: no thermodynamic data for neighbors 'GG/GA' available
26031,,ValueError: no thermodynamic data for neighbors 'GG/GA' available
26032,,ValueError: no thermodynamic data for neighbors 'GG/GA' available
26033,,ValueError: no thermodynamic data for neighbors 'GG/GA' available
26034,,ValueError: no thermodynamic data for neighbors 'GG/GA' available
26035,,ValueError: no thermodynamic data for neighbors 'GG/GA' available
26036,,ValueError: no thermodynamic data for neighbors 'GG/GA' available
26037,,ValueError: no thermodynamic data for neighbors 'GG/GA' available
26038,,ValueError: no thermodynamic data for neighbors 'GG/GA' available
26039,,ValueError: no thermodynamic data for neighbors 'GG/GA' available
26040,,ValueError: no thermodynamic data for neighbors 'GG/GA' available
26041,,ValueError: no thermodynamic data for neighbors 'GG/GA' available
26042,,ValueError: no thermodynamic data for neighbors 'GG/GA' available
26043,,ValueError: no thermodynamic data for neighbors 'GG/GA' available
26044,,ValueError: no thermodynamic data for neighbors 'GG/GA' available
26045,,ValueError: no thermodynamic data for neighbors 'GG/GA' available
26046,,ValueError: no thermodynamic data for neighbors 'GG/GA' available
26047,,ValueError: no thermodynamic data for neighbors 'GG/GA' available
26048,,ValueError: no thermodynamic data for neighbors 'GG/GA' available
26049,,ValueError: no thermodynamic data for neighbors 'GG/GA' available
26050,,ValueError: no thermodynamic data for neighbors 'GG/GA' available
26051,,ValueError: no thermodynamic data for neighbors 'GG/GA' available
26052,,ValueError: no thermodynamic data for neighbors 'GG/GA' available
26053,,ValueError: no thermodynamic data for neighbors 'GG/GA' available
26054,,ValueError: no thermodynamic data for neighbors 'GG/GA' available
26055,,ValueError: no thermodynamic data for neighbors 'GG/GA' available
26056,,ValueError: no thermodynamic data for neighbors 'GG/GA' available
26057,,ValueError: no thermodynamic data for neighbors 'GG/GA' available
26058,,ValueError: no thermodynamic data for neighbors 'GG/GA' available
26059,,ValueError: no thermodynamic data for neighbors 'GG/GA' available
26060,,ValueError: no thermodynamic data for neighbors 'GG/GA' available
26061,,ValueError: no thermodynamic data for neighbors 'GG/GA' available
26062,,ValueError: no thermodynamic data for neighbors 'GG/GA' available
26063,,ValueError: no thermodynamic data for neighbors 'GG/GA' available
26064,,ValueError: no thermodynamic data for neighbors 'GG/GA' available
26065,,ValueError: no thermodynamic data for neighbors 'GG/GA' available
26066,,ValueError: no thermodynamic data for neighbors 'GG/GA' available
26067,,ValueError: no thermodynamic data for neighbors 'GG/GA' available
26068,,ValueError: no thermodynamic data for neighbors 'GG/GA' available
26069,,ValueError: no thermodynamic data for neighbors 'GG/GA' available
26070,,ValueError: no thermodynamic data for neighbors 'GG/GA' available
26071,,ValueError: no thermodynamic data for neighbors 'GG/GA' available
26072,,ValueError: no thermodynamic data for neighbors 'GG/GA' available
26073,,ValueError: no thermodynamic data for neighbors 'GG/GA' available
26074,,ValueError: no thermodynamic data for neighbors 'GG/GA' available
26075,,ValueError: no thermodynamic data for neighbors 'GG/GA' available
26076,,ValueError: no thermodynamic data for neighbors 'GG/GA' available
26077,,ValueError: no thermodynamic data for neighbors 'GG/GA' available
26078,,ValueError: no thermodynamic data for neighbors 'GG/GA' available
26079,,ValueError: no thermodynamic data for neighbors 'GG/GA' available
26080,,ValueError: no thermodynamic data for neighbors 'GG/GA' available
26081,,ValueError: no thermodynamic data for neighbors 'GG/GA' available
26082,,ValueError: no thermodynamic data for neighbors 'GG/GA' available
26083,,ValueError: no thermodynamic data for neighbors 'GG/GA' available
26084,,ValueError: no thermodynamic data for neighbors 'GG/GA' available
26085,,ValueError: no thermodynamic data for neighbors 'GG/GA' available
26086,,ValueError: no thermodynamic data for neighbors 'GG/GA' available
26087,,ValueError: no thermodynamic data for neighbors 'GG/GA' available
26088,,ValueError: no thermodynamic data for neighbors 'GG/GA' available
26089,,ValueError: no thermodynamic data for neighbors 'GG/GA' available
26090,,ValueError: no thermodynamic data for neighbors 'GG/GA' available
26091,,ValueError: no thermodynamic data for neighbors 'GG/GA' available
26092,,ValueError: no thermodynamic data for neighbors 'GG/GA' available
26093,,ValueError: no thermodynamic data for neighbors 'GG/GA' available
26094,,ValueError: no thermodynamic data for neighbors 'GG/GA' available
26095,,ValueError: no thermodynamic data for neighbors 'GG/GA' available
26096,,ValueError: no thermodynamic data for neighbors 'GG/GA' available
26097,,ValueError: no thermodynamic data for neighbors 'GG/GA' available
26098,,ValueError: no thermodynamic data for neighbors 'GG/GA' available
26099,,ValueError: no thermodynamic data for neighbors 'GG/GA' available
26100,,ValueError: no thermodynamic data for neighbors 'GG/GA' available
26101,,ValueError: no thermodynamic data for neighbors 'GG/GA' available
26102,,ValueError: no thermodynamic data for neighbors 'GG/GA' available
26103,,ValueError: no thermodynamic data for neighbors 'GG/GA' available
26104,,ValueError: no thermodynamic data for neighbors 'GG/GA' available
26105,,ValueError: no thermodynamic data for neighbors 'GG/GA' available
26106,,ValueError: no thermodynamic data for neighbors 'GG/GA' available
26107,,ValueError: no thermodynamic data for neighbors 'GG/GA' available
26108,,ValueError: no thermodynamic data for neighbors 'GG/GA' available
26109,,ValueError: no thermodynamic data for neighbors 'GG/GA' available
26110,,ValueError: no thermodynamic data for neighbors 'GG/GA' available
26111,,ValueError: no thermodynamic data for neighbors 'GG/GA' available
26112,,ValueError: no thermodynamic data for neighbors 'GG/GA' available
26113,,ValueError: no thermodynamic data for neighbors 'GG/GA' available
26114,,ValueError: no thermodynamic data for neighbors 'GG/GA' available
26115,,ValueError: no thermodynamic data for neighbors 'GG/GA' available
26116,,ValueError: no thermodynamic data for neighbors 'GG/GA' available
26117,,ValueError: no thermodynamic data for neighbors 'GG/GA' available
26118,,ValueError: no thermodynamic data for neighbors 'GG/GA' available
26119,,ValueError: no thermodynamic data for neighbors 'GG/GA' available
26120,,ValueError: no thermodynamic data for neighbors 'GG/GA' available
26121,,ValueError: no thermodynamic data for neighbors 'GG/GA' available
26122,,ValueError: no thermodynamic data for neighbors 'GG/GA' available
26123,,ValueError: no thermodynamic data for neighbors 'GG/GA' available
26124,,ValueError: no thermodynamic data for neighbors 'GG/GA' available
26125,,ValueError: no thermodynamic data for neighbors 'GG/GA' available
26126,,ValueError: no thermodynamic data for neighbors 'GG/GA' available
26127,,ValueError: no thermodynamic data for neighbors 'GG/GA' available
26128,,ValueError: no thermodynamic data for neighbors 'GG/GA' available
26129,,ValueError: no thermodynamic data for neighbors 'GG/GA' available
26130,,ValueError: no thermodynamic data for neighbors 'GG/GA' available
26131,,ValueError: no thermodynamic data for neighbors 'GG/GA' available
26132,,ValueError: no thermodynamic data for neighbors 'GG/GA' available
26133,,ValueError: no thermodynamic data for neighbors 'GG/GA' available
26134,,ValueError: no thermodynamic data for neighbors 'GG/GA' available
26135,,ValueError: no thermodynamic data for neighbors 'GG/GA' available
26136,,ValueError: no thermodynamic data for neighbors 'GG/GA' available
26137,,ValueError: no thermodynamic data for neighbors 'GG/GA' available
26138,,ValueError: no thermodynamic data for neighbors 'GG/GA' available
26139,,ValueError: no thermodynamic data for neighbors 'GG/GA' available
26140,,ValueError: no thermodynamic data for neighbors 'GG/GA' available
26141,,ValueError: no thermodynamic data for neighbors 'GG/GA' available
26142,,ValueError: no thermodynamic data for neighbors 'GG/GA' available
26143,,ValueError: no thermodynamic data for neighbors 'GG/GA' available
26144,,ValueError: no thermodynamic data for neighbors 'GG/GA' available
26145,,ValueError: no thermodynamic data for neighbors 'GG/GA' available
26146,,ValueError: no thermodynamic data for neighbors 'GG/GA' available
26147,,ValueError: no thermodynamic data for neighbors 'GG/GA' available
26148,,ValueError: no thermodynamic data for neighbors 'GG/GA' available
26149,,ValueError: no thermodynamic data for neighbors 'GG/GA' available
26150,,ValueError: no thermodynamic data for neighbors 'GG/GA' available
26151,,ValueError: no thermodynamic data for neighbors 'GG/GA' available
26152,,ValueError: no thermodynamic data for neighbors 'GG/GA' available
26153,,ValueError: no thermodynamic data for neighbors 'GG/GA' available
26154,,ValueError: no thermodynamic data for neighbors 'GG/GA' available
26155,,ValueError: no thermodynamic data for neighbors 'GG/GA' available
26156,,ValueError: no thermodynamic data for neighbors 'GG/GA' available
26157,,ValueError: no thermodynamic data for neighbors 'GG/GA' available
26158,,ValueError: no thermodynamic data for neighbors 'GG/GA' available
26159,,ValueError: no thermodynamic data for neighbors 'GG/GA' available
26160,,ValueError: no thermodynamic data for neighbors 'GG/GA' available
26161,,ValueError: no thermodynamic data for neighbors 'GG/GA' available
26162,,ValueError: no thermodynamic data for neighbors 'GG/GA' available
26163,,ValueError: no thermodynamic data for neighbors 'GG/GA' available
26164,,ValueError: no thermodynamic data for neighbors 'GG/GA' available
26165,,ValueError: no thermodynamic data for neighbors 'GG/GA' available
26166,,ValueError: no thermodynamic data for neighbors 'GG/GA' available
26167,,ValueError: no thermodynamic data for neighbors 'GG/GA' available
26168,,ValueError: no thermodynamic data for neighbors 'GG/GA' available
26169,,ValueError: no thermodynamic data for neighbors 'GG/GA' available
26170,,ValueError: no thermodynamic data for neighbors 'GG/GA' available
26171,,ValueError: no thermodynamic data for neighbors 'GG/GA' available
26172,,ValueError: no thermodynamic data for neighbors 'GG/GA' available
26173,,ValueError: no thermodynamic data for neighbors 'GG/GA' available
26174,,ValueError: no thermodynamic data for neighbors 'GG/GA' available
26175,,ValueError: no thermodynamic data for neighbors 'GG/GA' available
26176,,ValueError: no thermodynamic data for neighbors 'GG/GA' available
26177,,ValueError: no thermodynamic data for neighbors 'GG/GA' available
26178,,ValueError: no thermodynamic data for neighbors 'GG/GA' available
26179,,ValueError: no thermodynamic data for neighbors 'GG/GA' available
26180,,ValueError: no thermodynamic data for neighbors 'GG/GA' available
26181,,ValueError: no thermodynamic data for neighbors 'GG/GA' available
26182,,ValueError: no thermodynamic data for neighbors 'GG/GA' available
26183,,ValueError: no thermodynamic data for neighbors 'GG/GA' available
26184,,ValueError: no thermodynamic data for neighbors 'GG/GA' available
26185,,ValueError: no thermodynamic data for neighbors 'GG/GA' available
26186,,ValueError: no thermodynamic data for neighbors 'GG/GA' available
26187,,ValueError: no thermodynamic data for neighbors 'GG/GA' available
26188,,ValueError: no thermodynamic data for neighbors 'GG/GA' available
26189,,ValueError: no thermodynamic data for neighbors 'GG/GA' available
26190,,ValueError: no thermodynamic data for neighbors 'GG/GA' available
26191,,ValueError: no thermodynamic data for neighbors 'GG/GA' available
26192,,ValueError: no thermodynamic data for neighbors 'GG/GA' available
26193,,ValueError: no thermodynamic data for neighbors 'GG/GA' available
26194,,ValueError: no thermodynamic data for neighbors 'GG/GA' available
26195,,ValueError: no thermodynamic data for neighbors 'GG/GA' available
26196,,ValueError: no thermodynamic data for neighbors 'GG/GA' available
26197,,ValueError: no thermodynamic data for neighbors 'GG/GA' available
26198,,ValueError: no thermodynamic data for neighbors 'GG/GA' available
26199,,ValueError: no thermodynamic data for neighbors 'GG/GA' available
26200,,ValueError: no thermodynamic data for neighbors 'GG/GA' available
26201,,ValueError: no thermodynamic data for neighbors 'GG/GA' available
26202,,ValueError: no thermodynamic data for neighbors 'GG/GA' available
26203,,ValueError: no thermodynamic data for neighbors 'GG/GA' available
26204,,ValueError: no thermodynamic data for neighbors 'GG/GA' available
26205,,ValueError: no thermodynamic data for neighbors 'GG/GA' available
26206,,ValueError: no thermodynamic data for neighbors 'GG/GA' available
26207,,ValueError: no thermodynamic data for neighbors 'GG/GA' available
26208,,ValueError: no thermodynamic data for neighbors 'GG/GA' available
26209,,ValueError: no thermodynamic data for neighbors 'GG/GA' available
26210,,ValueError: no thermodynamic data for neighbors 'GG/GA' available
26211,,ValueError: no thermodynamic data for neighbors 'GG/GA' available
26212,,ValueError: no thermodynamic data for neighbors 'GG/GA' available
26213,,ValueError: no thermodynamic data for neighbors 'GG/GA' available
26214,,ValueError: no thermodynamic data for neighbors 'GG/GA' available
26215,,ValueError: no thermodynamic data for neighbors 'GG/GA' available
26216,,ValueError: no thermodynamic data for neighbors 'GG/GA' available
26217,,ValueError: no thermodynamic data for neighbors 'GG/GA' available
26218,,ValueError: no thermodynamic data for neighbors 'GG/GA' available
26219,,ValueError: no thermodynamic data for neighbors 'GG/GA' available
26220,,ValueError: no thermodynamic data for neighbors 'GG/GA' available
26221,,ValueError: no thermodynamic data for neighbors 'GG/GA' available
26222,,ValueError: no thermodynamic data for neighbors 'GG/GA' available
26223,,ValueError: no thermodynamic data for neighbors 'GG/GA' available
26224,,ValueError: no thermodynamic data for neighbors 'GG/GA' available
26225,,ValueError: no thermodynamic data for neighbors 'GG/GA' available
26226,,ValueError: no thermodynamic data for neighbors 'GG/GA' available
26227,,ValueError: no thermodynamic data for neighbors 'GG/GA' available
26228,,ValueError: no thermodynamic data for neighbors 'GG/GA' available
26229,,ValueError: no thermodynamic data for neighbors 'GG/GA' available
26230,,ValueError: no thermodynamic data for neighbors 'GG/GA' available
26231,,ValueError: no thermodynamic data for neighbors 'GG/GA' available
26232,,ValueError: no thermodynamic data for neighbors 'GG/GA' available
26233,,ValueError: no thermodynamic data for neighbors 'GG/GA' available
26234,,ValueError: no thermodynamic data for neighbors 'GG/GA' available
26235,,ValueError: no thermodynamic data for neighbors 'GG/GA' available
26236,,ValueError: no thermodynamic data for neighbors 'GG/GA' available
26237,,ValueError: no thermodynamic data for neighbors 'GG/GA' available
26238,,ValueError: no thermodynamic data for neighbors 'GG/GA' available
26239,,ValueError: no thermodynamic data for neighbors 'GG/GA' available
26240,,ValueError: no thermodynamic data for neighbors 'GG/GA' available
26241,,ValueError: no thermodynamic data for neighbors 'GG/GA' available
26242,,ValueError: no thermodynamic data for neighbors 'GG/GA' available
26243,,ValueError: no thermodynamic data for neighbors 'GG/GA' available
26244,,ValueError: no thermodynamic data for neighbors 'GG/GA' available
26245,,ValueError: no thermodynamic data for neighbors 'GG/GA' available
26246,,ValueError: no thermodynamic data for neighbors 'GG/GA' available
26247,,ValueError: no thermodynamic data for neighbors 'GG/GA' available
26248,,ValueError: no thermodynamic data for neighbors 'GG/GA' available
26249,,ValueError: no thermodynamic data for neighbors 'GG/GA' available
26250,,ValueError: no thermodynamic data for neighbors 'GG/GA' available
26251,,ValueError: no thermodynamic data for neighbors 'GG/GA' available
26252,,ValueError: no thermodynamic data for neighbors 'GG/GA' available
26253,,ValueError: no thermodynamic data for neighbors 'GG/GA' available
26254,,ValueError: no thermodynamic data for neighbors 'GG/GA' available
26255,,ValueError: no thermodynamic data for neighbors 'GG/GA' available
26256,,ValueError: no thermodynamic data for neighbors 'GG/GA' available
26257,,ValueError: no thermodynamic data for neighbors 'GG/GA' available
26258,,ValueError: no thermodynamic data for neighbors 'GG/GA' available
26259,,ValueError: no thermodynamic data for neighbors 'GG/GA' available
26260,,ValueError: no thermodynamic data for neighbors 'GG/GA' available
26261,,ValueError: no thermodynamic data for neighbors 'GG/GA' available
26262,,ValueError: no thermodynamic data for neighbors 'GG/GA' available
26263,,ValueError: no thermodynamic data for neighbors 'GG/GA' available
26264,,ValueError: no thermodynamic data for neighbors 'GG/GA' available
26265,,ValueError: no thermodynamic data for neighbors 'GG/GA' available
26266,,ValueError: no thermodynamic data for neighbors 'GG/GA' available
26267,,ValueError: no thermodynamic data for neighbors 'GG/GA' available
26268,,ValueError: no thermodynamic data for neighbors 'GG/GA' available
26269,,ValueError: no thermodynamic data for neighbors 'GG/GA' available
26270,,ValueError: no thermodynamic data for neighbors 'GG/GA' available
26271,,ValueError: no thermodynamic data for neighbors 'GG/GA' available
26272,,ValueError: no thermodynamic data for neighbors 'GG/GA' available
26273,,ValueError: no thermodynamic data for neighbors 'GG/GA' available
26274,,ValueError: no thermodynamic data for neighbors 'GG/GA' available
26275,,ValueError: no thermodynamic data for neighbors 'GG/GA' available
26276,,ValueError: no thermodynamic data for neighbors 'GG/GA' available
26277,,ValueError: no thermodynamic data for neighbors 'GG/GA' available
26278,,ValueError: no thermodynamic data for neighbors 'GG/GA' available
26279,,ValueError: no thermodynamic data for neighbors 'GG/GA' available
26280,,ValueError: no thermodynamic data for neighbors 'GG/GA' available
26281,,ValueError: no thermodynamic data for neighbors 'GG/GA' available
26282,,ValueError: no thermodynamic data for neighbors 'GG/GA' available
26283,,ValueError: no thermodynamic data for neighbors 'GG/GA' available
26284,,ValueError: no thermodynamic data for neighbors 'GG/GA' available
26285,,ValueError: no thermodynamic data for neighbors 'GG/GA' available
26286,,ValueError: no thermodynamic data for neighbors 'GG/GA' available
26287,,ValueError: no thermodynamic data for neighbors 'GG/GA' available
26288,,ValueError: no thermodynamic data for neighbors 'GG/GA' available
26289,,ValueError: no thermodynamic data for neighbors 'GG/GA' available
26290,,ValueError: no thermodynamic data for neighbors 'GG/GA' available
26291,,ValueError: no thermodynamic data for neighbors 'GG/GA' available
26292,,ValueError: no thermodynamic data for neighbors 'GG/GA' available
26293,,ValueError: no thermodynamic data for neighbors 'GG/GA' available
26294,,ValueError: no thermodynamic data for neighbors 'GG/GA' available
26295,,ValueError: no thermodynamic data for neighbors 'GG/GA' available
26296,,ValueError: no thermodynamic data for neighbors 'GG/GA' available
26297,,ValueError: no thermodynamic data for neighbors 'GG/GA' available
26298,,ValueError: no thermodynamic data for neighbors 'GG/GA' available
26299,,ValueError: no thermodynamic data for neighbors 'GG/GA' available
26300,,ValueError: no thermodynamic data for neighbors 'GG/GA' available
26301,,ValueError: no thermodynamic data for neighbors 'GG/GA' available
26302,,ValueError: no thermodynamic data for neighbors 'GG/GA' available
26303,,ValueError: no thermodynamic data for neighbors 'GG/GA' available
26304,,ValueError: no thermodynamic data for neighbors 'GG/GA' available
26305,,ValueError: no thermodynamic data for neighbors 'GG/GA' available
26306,,ValueError: no thermodynamic data for neighbors 'GG/GA' available
26307,,ValueError: no thermodynamic data for neighbors 'GG/GA' available
26308,,ValueError: no thermodynamic data for neighbors 'GG/GA' available
26309,,ValueError: no thermodynamic data for neighbors 'GG/GA' available
26310,,ValueError: no thermodynamic data for neighbors 'GG/GA' available
26311,,ValueError: no thermodynamic data for neighbors 'GG/GA' available
26312,,ValueError: no thermodynamic data for neighbors 'GG/GA' available
26313,,ValueError: no thermodynamic data for neighbors 'GG/GA' available
26314,,ValueError: no thermodynamic data for neighbors 'GG/GA' available
26315,,ValueError: no thermodynamic data for neighbors 'GG/GA' available
26316,,ValueError: no thermodynamic data for neighbors 'GG/GA' available
26317,,ValueError: no thermodynamic data for neighbors 'GG/GA' available
26318,,ValueError: no thermodynamic data for neighbors 'GG/GA' available
26319,,ValueError: no thermodynamic data for neighbors 'GG/GA' available
26320,,ValueError: no thermodynamic data for neighbors 'GG/GA' available
26321,,ValueError: no thermodynamic data for neighbors 'GG/GA' available
26322,,ValueError: no thermodynamic data for neighbors 'GG/GA' available
26323,,ValueError: no thermodynamic data for neighbors 'GG/GA' available
26324,,ValueError: no thermodynamic data for neighbors 'GG/GA' available
26325,,ValueError: no thermodynamic data for neighbors 'GG/GA' available
26326,,ValueError: no thermodynamic data for neighbors 'GG/GA' available
26327,,ValueError: no thermodynamic data for neighbors 'GG/GA' available
26328,,ValueError: no thermodynamic data for neighbors 'GG/GA' available
26329,,ValueError: no thermodynamic data for neighbors 'GG/GA' available
26330,,ValueError: no thermodynamic data for neighbors 'GG/GA' available
26331,,ValueError: no thermodynamic data for neighbors 'GG/GA' available
26332,,ValueError: no thermodynamic data for neighbors 'GG/GA' available
26333,,ValueError: no thermodynamic data for neighbors 'GG/GA' available
26334,,ValueError: no thermodynamic data for neighbors 'GG/GA' available
26335,,ValueError: no thermodynamic data for neighbors 'GG/GA' available
26336,,ValueError: no thermodynamic data for neighbors 'GG/GA' available
26337,,ValueError: no thermodynamic data for neighbors 'GG/GA' available
26338,,ValueError: no thermodynamic data for neighbors 'GG/GA' available
26339,,ValueError: no thermodynamic data for neighbors 'GG/GA' available
26340,,ValueError: no thermodynamic data for neighbors 'GG/GA' available
26341,,ValueError: no thermodynamic data for neighbors 'GG/GA' available
26342,,ValueError: no thermodynamic data for neighbors 'GG/GA' available
26343,,ValueError: no thermodynamic data for neighbors 'GG/GA' available
26344,,ValueError: no thermodynamic data for neighbors 'GG/GA' available
26345,,ValueError: no thermodynamic data for neighbors 'GG/GA' available
26346,,ValueError: no thermodynamic data for neighbors 'GG/GA' available
26347,,ValueError: no thermodynamic data for neighbors 'GG/GA' available
26348,,ValueError: no thermodynamic data for neighbors 'GG/GA' available
26349,,ValueError: no thermodynamic data for neighbors 'GG/GA' available
26350,,ValueError: no thermodynamic data for neighbors 'GG/GA' available
26351,,ValueError: no thermodynamic data for neighbors 'GG/GA' available
26352,,ValueError: no thermodynamic data for neighbors 'GG/GA' available
26353,,ValueError: no thermodynamic data for neighbors 'GG/GA' available
26354,,ValueError: no thermodynamic data for neighbors 'GG/GA' available
26355,,ValueError: no thermodynamic data for neighbors 'GG/GA' available
26356,,ValueError: no thermodynamic data for neighbors 'GG/GA' available
26357,,ValueError: no thermodynamic data for neighbors 'GG/GA' available
26358,,ValueError: no thermodynamic data for neighbors 'GG/GA' available
26359,,ValueError: no thermodynamic data for neighbors 'GG/GA' available
26360,,ValueError: no thermodynamic data for neighbors 'GG/GA' available
26361,,ValueError: no thermodynamic data for neighbors 'GG/GA' available
26362,,ValueError: no thermodynamic data for neighbors 'GG/GA' available
26363,,ValueError: no thermodynamic data for neighbors 'GG/GA' available
26364,,ValueError: no thermodynamic data for neighbors 'GG/GA' available
26365,,ValueError: no thermodynamic data for neighbors 'GG/GA' available
26366,,ValueError: no thermodynamic data for neighbors 'GG/GA' available
26367,,ValueError: no thermodynamic data for neighbors 'GG/GA' available
26368,,ValueError: no thermodynamic data for neighbors 'GG/GA' available
26369,,ValueError: no thermodynamic data for neighbors 'GG/GA' available
26370,,ValueError: no thermodynamic data for neighbors 'GG/GA' available
26371,,ValueError: no thermodynamic data for neighbors 'GG/GA' available
26372,,ValueError: no thermodynamic data for neighbors 'GG/GA' available
26373,,ValueError: no thermodynamic data for neighbors 'GG/GA' available
26374,,ValueError: no thermodynamic data for neighbors 'GG/GA' available
26375,,ValueError: no thermodynamic data for neighbors 'GG/GA' available
26376,,ValueError: no thermodynamic data for neighbors 'GG/GA' available
26377,,ValueError: no thermodynamic data for neighbors 'GG/GA' available
26378,,ValueError: no thermodynamic data for neighbors 'GG/GA' available
26379,,ValueError: no thermodynamic data for neighbors 'GG/GA' available
26380,,ValueError: no thermodynamic data for neighbors 'GG/GA' available
26381,,ValueError: no thermodynamic data for neighbors 'GG/GA' available
26382,,ValueError: no thermodynamic data for neighbors 'GG/GA' available
26383,,ValueError: no thermodynamic data for neighbors 'GG/GA' available
26384,,ValueError: no thermodynamic data for neighbors 'GG/GA' available
26385,,ValueError: no thermodynamic data for neighbors 'GG/GA' available
26386,,ValueError: no thermodynamic data for neighbors 'GG/GA' available
26387,,ValueError: no thermodynamic data for neighbors 'GG/GA' available
26388,,ValueError: no thermodynamic data for neighbors 'GG/GA' available
26389,,ValueError: no thermodynamic data for neighbors 'GG/GA' available
26390,,ValueError: no thermodynamic data for neighbors 'GG/GA' available
26391,,ValueError: no thermodynamic data for neighbors 'GG/GA' available
26392,,ValueError: no thermodynamic data for neighbors 'GG/GA' available
26393,,ValueError: no thermodynamic data for neighbors 'GG/GA' available
26394,,ValueError: no thermodynamic data for neighbors 'GG/GA' available
26395,,ValueError: no thermodynamic data for neighbors 'GG/GA' available
26396,,ValueError: no thermodynamic data for neighbors 'GG/GA' available
26397,,ValueError: no thermodynamic data for neighbors 'GG/GA' available
26398,,ValueError: no thermodynamic data for neighbors 'GG/GA' available
26399,,ValueError: no thermodynamic data for neighbors 'GG/GA' available
26400,,ValueError: no thermodynamic data for neighbors 'GG/GA' available
26401,,ValueError: no thermodynamic data for neighbors 'GG/GA' available
26402,,ValueError: no thermodynamic data for neighbors 'GG/GA' available
26403,,ValueError: no thermodynamic data for neighbors 'GG/GA' available
26404,,ValueError: no thermodynamic data for neighbors 'GG/GA' available
26405,,ValueError: no thermodynamic data for neighbors 'GG/GA' available
26406,,ValueError: no thermodynamic data for neighbors 'GG/GA' available
26407,,ValueError: no thermodynamic data for neighbors 'GG/GA' available
26408,,ValueError: no thermodynamic data for neighbors 'GG/GA' available
26409,,ValueError: no thermodynamic data for neighbors 'GG/GA' available
26410,,ValueError: no thermodynamic data for neighbors 'GG/GA' available
26411,,ValueError: no thermodynamic data for neighbors 'GG/GA' available
26412,,ValueError: no thermodynamic data for neighbors 'GG/GA' available
26413,,ValueError: no thermodynamic data for neighbors 'GG/GA' available
26414,,ValueError: no thermodynamic data for neighbors 'GG/GA' available
26415,,ValueError: no thermodynamic data for neighbors 'GG/GA' available
26416,,ValueError: no thermodynamic data for neighbors 'GG/GA' available
26417,,ValueError: no thermodynamic data for neighbors 'GG/GA' available
26418,,ValueError: no thermodynamic data for neighbors 'GG/GA' available
26419,,ValueError: no thermodynamic data for neighbors 'GG/GA' available
26420,,ValueError: no thermodynamic data for neighbors 'GG/GA' available
26421,,ValueError: no thermodynamic data for neighbors 'GG/GA' available
26422,,ValueError: no thermodynamic data for neighbors 'GG/GA' available
26423,,ValueError: no thermodynamic data for neighbors 'GG/GA' available
26424,,ValueError: no thermodynamic data for neighbors 'GG/GA' available
26425,,ValueError: no thermodynamic data for neighbors 'GG/GA' available
26426,,ValueError: no thermodynamic data for neighbors 'GG/GA' available
26427,,ValueError: no thermodynamic data for neighbors 'GG/GA' available
26428,,ValueError: no thermodynamic data for neighbors 'GG/GA' available
26429,,ValueError: no thermodynamic data for neighbors 'GG/GA' available
26430,,ValueError: no thermodynamic data for neighbors 'GG/GA' available
26431,,ValueError: no thermodynamic data for neighbors 'GG/GA' available
26432,,ValueError: no thermodynamic data for neighbors 'GG/GA' available
26433,,ValueError: no thermodynamic data for neighbors 'GG/GA' available
26434,,ValueError: no thermodynamic data for neighbors 'GG/GA' available
26435,,ValueError: no thermodynamic data for neighbors 'GG/GA' available
26436,,ValueError: no thermodynamic data for neighbors 'GG/GA' available
26437,,ValueError: no thermodynamic data for neighbors 'GG/GA' available
26438,,ValueError: no thermodynamic data for neighbors 'GG/GA' available
26439,,ValueError: no thermodynamic data for neighbors 'GG/GA' available
26440,,ValueError: no thermodynamic data for neighbors 'GG/GA' available
26441,,ValueError: no thermodynamic data for neighbors 'GG/GA' available
26442,,ValueError: no thermodynamic data for neighbors 'GG/GA' available
26443,,ValueError: no thermodynamic data for neighbors 'GG/GA' available
26444,,ValueError: no thermodynamic data for neighbors 'GG/GA' available
26445,,ValueError: no thermodynamic data for neighbors 'GG/GA' available
26446,,ValueError: no thermodynamic data for neighbors 'GG/GA' available
26447,,ValueError: no thermodynamic data for neighbors 'GG/GA' available
26448,,ValueError: no thermodynamic data for neighbors 'GG/GA' available
26449,,ValueError: no thermodynamic data for neighbors 'GG/GA' available
26450,,ValueError: no thermodynamic data for neighbors 'GG/GA' available
26451,,ValueError: no thermodynamic data for neighbors 'GG/GA' available
26452,,ValueError: no thermodynamic data for neighbors 'GG/GA' available
26453,,ValueError: no thermodynamic data for neighbors 'GG/GA' available
26454,,ValueError: no thermodynamic data for neighbors 'GG/GA' available
26455,,ValueError: no thermodynamic data for neighbors 'GG/GA' available
26456,,ValueError: no thermodynamic data for neighbors 'GG/GA' available
26457,,ValueError: no thermodynamic data for neighbors 'GG/GA' available
26458,,ValueError: no thermodynamic data for neighbors 'GG/GA' available
26459,,ValueError: no thermodynamic data for neighbors 'GG/GA' available
26460,,ValueError: no thermodynamic data for neighbors 'GG/GA' available
26461,,ValueError: no thermodynamic data for neighbors 'GG/GA' available
26462,,ValueError: no thermodynamic data for neighbors 'GG/GA' available
26463,,ValueError: no thermodynamic data for neighbors 'GG/GA' available
26464,,ValueError: no thermodynamic data for neighbors 'GG/GA' available
26465,,ValueError: no thermodynamic data for neighbors 'GG/GA' available
26466,,ValueError: no thermodynamic data for neighbors 'GG/GA' available
26467,,ValueError: no thermodynamic data for neighbors 'GG/GA' available
26468,,ValueError: no thermodynamic data for neighbors 'GG/GA' available
26469,,ValueError: no thermodynamic data for neighbors 'GG/GA' available
26470,,ValueError: no thermodynamic data for neighbors 'GG/GA' available
26471,,ValueError: no thermodynamic data for neighbors 'GG/GA' available
26472,,ValueError: no thermodynamic data for neighbors 'GG/GA' available
26473,,ValueError: no thermodynamic data for neighbors 'GG/GA' available
26474,,ValueError: no thermodynamic data for neighbors 'GG/GA' available
26475,,ValueError: no thermodynamic data for neighbors 'GG/GA' available
26476,,ValueError: no thermodynamic data for neighbors 'GG/GA' available
26477,,ValueError: no thermodynamic data for neighbors 'GG/GA' available
26478,,ValueError: no thermodynamic data for neighbors 'GG/GA' available
26479,,ValueError: no thermodynamic data for neighbors 'GG/GA' available
26480,,ValueError: no thermodynamic data for neighbors 'GG/GA' available
26481,,ValueError: no thermodynamic data for neighbors 'GG/GA' available
26482,,ValueError: no thermodynamic data for neighbors 'GG/GA' available
26483,,ValueError: no thermodynamic data for neighbors 'GG/GA' available
26484,,ValueError: no thermodynamic data for neighbors 'GG/GA' available
26485,,ValueError: no thermodynamic data for neighbors 'GG/GA' available
26486,,ValueError: no thermodynamic data for neighbors 'GG/GA' available
26487,,ValueError: no thermodynamic data for neighbors 'GG/GA' available
26488,,ValueError: no thermodynamic data for neighbors 'GG/GA' available
26489,,ValueError: no thermodynamic data for neighbors 'GG/GA' available
26490,,ValueError: no thermodynamic data for neighbors 'GG/GA' available
26491,,ValueError: no thermodynamic data for neighbors 'GG/GA' available
26492,,ValueError: no thermodynamic data for neighbors 'GG/GA' available
26493,,ValueError: no thermodynamic data for neighbors 'GG/GA' available
26494,,ValueError: no thermodynamic data for neighbors 'GG/GA' available
26495,,ValueError: no thermodynamic data for neighbors 'GG/GA' available
26496,,ValueError: no thermodynamic data for neighbors 'GG/GA' available
