lag_bp,acf
0,1
200,0.617358217333569
400,0.501367842693362
600,0.465038281659165
800,0.439966006486912
1000,0.421320066298335
1200,0.404765259747897
1400,0.391796272627364
1600,0.380872557471786
1800,0.373261930815531
2000,0.36655076318126
2200,0.361340834307511
2400,0.356577500101279
2600,0.35256111123535
2800,0.349098298422114
3000,0.348593348559413
3200,0.347471189288035
3400,0.345906085920898
3600,0.343354696298072
3800,0.342387984424792
4000,0.340954252926142
4200,0.339330594314251
4400,0.337313291574525
4600,0.335917363886449
4800,0.333597887327141
5000,0.332966434033099
5200,0.33274049387577
5400,0.331937130763948
5600,0.331011975006216
5800,0.328979582092549
6000,0.327109160655776
6200,0.326202690752271
6400,0.325504317612082
6600,0.32420938505736
6800,0.323471015375723
7000,0.32349890595519
7200,0.322907600514996
7400,0.321736469857854
7600,0.320774666613873
7800,0.320582118717493
8000,0.320096823968178
8200,0.320193857947721
8400,0.3191246325349
8600,0.317967346557417
8800,0.318977594289594
9000,0.318591930017908
9200,0.318553960398383
9400,0.31767577810669
9600,0.316487068370681
9800,0.315238209975399
10000,0.315666276788135
10200,0.315456886644919
10400,0.314414827724786
10600,0.313901712651541
10800,0.3143747381608
11000,0.313760263400236
11200,0.312724576316585
11400,0.313077871819626
11600,0.312413903007647
11800,0.311153828173645
12000,0.310827850709781
12200,0.310133433241629
12400,0.309220925096572
12600,0.309255013941605
12800,0.308439235824551
13000,0.309055477526409
13200,0.308388228151477
13400,0.308281621905476
13600,0.308487616924543
13800,0.30813973332659
14000,0.306856029870865
14200,0.306152432672757
14400,0.30595785670081
14600,0.304718136833326
14800,0.305115788423595
15000,0.305598909002586
15200,0.304949189495274
15400,0.304522662129712
15600,0.303928145159269
15800,0.302726701114146
16000,0.302007513913367
16200,0.302091817201155
16400,0.302924936512623
16600,0.303012221587394
16800,0.302754253355311
17000,0.303061450667037
17200,0.301808884104825
17400,0.301352275476726
17600,0.30177957936058
17800,0.301745862549359
18000,0.300992942044278
18200,0.300423548506382
18400,0.300290438330221
18600,0.300663957855639
18800,0.300317872479774
19000,0.299826394120425
19200,0.299589489531087
19400,0.298569770325948
19600,0.29855908207542
19800,0.298614751825327
20000,0.298840063077645
20200,0.298351384656222
20400,0.297638497935626
20600,0.296554540641149
20800,0.296308838092383
21000,0.295950833372252
21200,0.295788354481239
21400,0.29525065961741
21600,0.294636142457516
21800,0.294314130383176
22000,0.29354390516218
22200,0.293320952577107
22400,0.292579540291936
22600,0.292700025455773
22800,0.292869093975389
23000,0.293187707835362
23200,0.29319268525814
23400,0.293328521625191
23600,0.292761257381753
23800,0.29296226294843
24000,0.292102053217242
24200,0.291919764074598
24400,0.292904511844777
24600,0.292774745929237
24800,0.292172320540155
25000,0.291632780461027
25200,0.290391625377173
25400,0.290314138002272
25600,0.289438289060429
25800,0.289764132038435
26000,0.289270615865633
26200,0.289170017574861
26400,0.288660796782475
26600,0.287730505683156
26800,0.288119765779299
27000,0.288516993178199
27200,0.288846102953355
27400,0.289437456003727
27600,0.288025322005034
27800,0.287730683303381
28000,0.289037944126004
28200,0.288695549683782
28400,0.288237315080073
28600,0.287231275001344
28800,0.287940347220769
29000,0.287920386835817
29200,0.288150583920816
29400,0.287203255182563
29600,0.286773114302542
29800,0.286499746266404
30000,0.28639237658922
30200,0.285385625267061
30400,0.28512540469949
30600,0.284875065260539
30800,0.285314628868512
31000,0.285173456592775
31200,0.28514564211959
31400,0.283796754904881
31600,0.284631237825306
31800,0.284275481275683
32000,0.283135212977463
32200,0.283611226273478
32400,0.283287409642268
32600,0.282676996121626
32800,0.282694459562697
33000,0.282371187890221
33200,0.281534863101878
33400,0.281383520361258
33600,0.280822085862742
33800,0.280852927712963
34000,0.28150695534848
34200,0.281514123958884
34400,0.280465954428533
34600,0.281438552356758
34800,0.281379159668026
35000,0.281710361021695
35200,0.281321725734399
35400,0.280650729505752
35600,0.280488032395262
35800,0.280010815708392
36000,0.280142683976024
36200,0.280280665910627
36400,0.279772799666158
36600,0.279221286574672
36800,0.277314355401477
37000,0.277585737351264
37200,0.278656274152038
37400,0.27825704204188
37600,0.278533509715204
37800,0.278853082111981
38000,0.27742242015167
38200,0.277348833720409
38400,0.277173614979135
38600,0.276996369490512
38800,0.276634728868565
39000,0.276743372222071
39200,0.276289332234408
39400,0.276113057569606
39600,0.275812223323094
39800,0.275631058321698
40000,0.275680636049355
40200,0.275424738708503
40400,0.275904181498588
40600,0.275693412603165
40800,0.275914416522756
41000,0.274718484849721
41200,0.274940868921475
41400,0.27489675658032
41600,0.275334494243292
41800,0.276389560780415
42000,0.276664081624317
42200,0.275741177462151
42400,0.27557805090796
42600,0.275585569857814
42800,0.274912175137065
43000,0.274221920311074
43200,0.273879658839862
43400,0.273487498247641
43600,0.272624101821525
43800,0.272436995709809
44000,0.272311610287817
44200,0.272083353371752
44400,0.272789981013541
44600,0.27330144140791
44800,0.273501014611537
45000,0.272525098078377
45200,0.272935244896443
45400,0.271642181785769
45600,0.27126111021818
45800,0.27220546934642
46000,0.27154144738004
46200,0.27161094537326
46400,0.271400871450921
46600,0.271668414090609
46800,0.271008285283171
47000,0.270613322601852
47200,0.270406266097027
47400,0.269899226249536
47600,0.270021969223931
47800,0.270167873437243
48000,0.270255633090662
48200,0.270075026716323
48400,0.269043831683899
48600,0.268465313421663
48800,0.268939672362213
49000,0.269106063443489
49200,0.268693101766802
49400,0.268835288986327
49600,0.268376972405834
49800,0.268957525445746
50000,0.268714563640141
50200,0.269073487328436
50400,0.269198680607193
50600,0.268669924671154
50800,0.266898285492635
51000,0.267192376084095
51200,0.267030312796598
51400,0.266976392426492
51600,0.267096889698247
51800,0.267134067004778
52000,0.266682846149979
52200,0.266778671847621
52400,0.266877056640637
52600,0.266918289620315
52800,0.266657324098867
53000,0.266477439779753
53200,0.265949920912741
53400,0.265780514748179
53600,0.265335661525528
53800,0.266416991687337
54000,0.266761455975549
54200,0.266793774482778
54400,0.266711231208033
54600,0.266002326137395
54800,0.266270426501427
55000,0.265683741642304
55200,0.265654634740724
55400,0.265370859489281
55600,0.265367890840261
55800,0.264482422507451
56000,0.26342592630248
56200,0.263467915272702
56400,0.263220499869804
56600,0.26325489185891
56800,0.263771219328912
57000,0.263473091777985
57200,0.263456579746726
57400,0.262539996248344
57600,0.262301363460411
57800,0.263029889863825
58000,0.263250747512772
58200,0.263231859214797
58400,0.263175027573194
58600,0.263085787573415
58800,0.263217324861496
59000,0.262578331177256
59200,0.262033656455486
59400,0.26295314459961
59600,0.262684561254042
59800,0.261333773318584
60000,0.261655072814529
60200,0.262414305976579
60400,0.261645379807853
60600,0.261175711347726
60800,0.261229164932397
61000,0.2614443824686
61200,0.261410603083541
61400,0.260226308167713
61600,0.260488679625049
61800,0.261435991296557
62000,0.260809386764557
62200,0.260314077774507
62400,0.26057359828523
62600,0.260692854301638
62800,0.26098412180422
63000,0.260376242364122
63200,0.260225197195937
63400,0.259652974870085
63600,0.259462637750081
63800,0.25928178767321
64000,0.259566177459048
64200,0.259329808766627
64400,0.260213987296013
64600,0.259528570046142
64800,0.259526325167859
65000,0.259102860218119
65200,0.258771545283975
65400,0.258337291707018
65600,0.258520906816307
65800,0.259876820842997
66000,0.258931613608459
66200,0.259186946962965
66400,0.258725365023231
66600,0.259123507662671
66800,0.257875658622383
67000,0.257773557273386
67200,0.258061405023024
67400,0.257896723919222
67600,0.258679101267533
67800,0.257164764590027
68000,0.257129252429351
68200,0.256981760501914
68400,0.256544872121402
68600,0.256510256505224
68800,0.257068736137285
69000,0.256899331214823
69200,0.257568483464761
69400,0.257021851784763
69600,0.256003647619895
69800,0.256799596200945
70000,0.257232154041873
70200,0.256595364412056
70400,0.255778733058335
70600,0.25560280487396
70800,0.255613291435345
71000,0.255812324207242
71200,0.256600633535585
71400,0.255780999166362
71600,0.255360268292412
71800,0.254715976057804
72000,0.25466489187267
72200,0.25504313586719
72400,0.25475282151167
72600,0.254183323781681
72800,0.254071902896521
73000,0.253312993049538
73200,0.253297876512533
73400,0.252866411738371
73600,0.253267124781451
73800,0.252804443156104
74000,0.25334752750945
74200,0.25295518702425
74400,0.252594934744129
74600,0.252959132255367
74800,0.253202207088247
75000,0.253561938805782
75200,0.254105829562818
75400,0.253762490414494
75600,0.252309725783689
75800,0.253195508359304
76000,0.252576749730045
76200,0.25215361283654
76400,0.252106677034763
76600,0.251195165516113
76800,0.25128576262348
77000,0.251871986719847
77200,0.252122944179955
77400,0.252487072970944
77600,0.251397020709022
77800,0.251311362948492
78000,0.251086478761408
78200,0.251812746387212
78400,0.251727878415472
78600,0.251530153957857
78800,0.250433205924119
79000,0.250434861115398
79200,0.25055371584921
79400,0.250815004557589
79600,0.251648736419264
79800,0.252182613788525
80000,0.251012333110039
80200,0.250797497876522
80400,0.250871179069501
80600,0.250572177406849
80800,0.249844678308653
81000,0.251209066137994
81200,0.25143147873205
81400,0.251095677249688
81600,0.250579425269446
81800,0.250789245921551
82000,0.25017433749326
82200,0.250369368507894
82400,0.250570230863405
82600,0.250206214548435
82800,0.250784708883145
83000,0.250596141429246
83200,0.251168287362021
83400,0.251463590034166
83600,0.250847609151797
83800,0.249939002002161
84000,0.250341871020331
84200,0.249442312497727
84400,0.248781675794091
84600,0.250217185411566
84800,0.249833751194293
85000,0.24932274468037
85200,0.248489268964434
85400,0.248804733296788
85600,0.248267676956922
85800,0.248994164110623
86000,0.249287041976866
86200,0.248972012482046
86400,0.24896386407571
86600,0.248261663942237
86800,0.248323032844731
87000,0.248848608721425
87200,0.248515764873506
87400,0.248714576926288
87600,0.248022941255223
87800,0.248947967896057
88000,0.248561461663814
88200,0.247438833010963
88400,0.247069119037754
88600,0.246534526611696
88800,0.246815937475771
89000,0.246075543945524
89200,0.247502421147745
89400,0.247457993250406
89600,0.247394872946532
89800,0.247859601910455
90000,0.247288796108421
90200,0.247362271916709
90400,0.247212385388724
90600,0.247494589165259
90800,0.2478584948524
91000,0.247937065607891
91200,0.248733841499192
91400,0.248994573039983
91600,0.248647649923038
91800,0.247953728162197
92000,0.247812031982403
92200,0.247584858754363
92400,0.247572204969493
92600,0.247208988126062
92800,0.24726582125161
93000,0.246769018068961
93200,0.246225787379708
93400,0.245775506178201
93600,0.246756097041414
93800,0.246256321473273
94000,0.24596143809177
94200,0.245991378403001
94400,0.246487883612498
94600,0.245843874866341
94800,0.245998903026942
95000,0.246364246747984
95200,0.247113860213313
95400,0.246957681312438
95600,0.246032594313844
95800,0.245954410155812
96000,0.245805600511762
96200,0.246616482444038
96400,0.245901127317782
96600,0.247040392528256
96800,0.246308336769157
97000,0.246007255424995
97200,0.245561750948044
97400,0.245430872543697
97600,0.246060901909925
97800,0.246405243500512
98000,0.245641284087385
98200,0.244925334708999
98400,0.245389784845567
98600,0.245632797109332
98800,0.24618320812262
99000,0.2463757320933
99200,0.246489135604289
99400,0.246528744388811
99600,0.24721045858862
99800,0.247058055292313
1e+05,0.246621255830854
100200,0.247043173922568
100400,0.24665001460965
100600,0.246391795070303
100800,0.246410862770766
101000,0.245433400048865
101200,0.245047725819509
101400,0.244726786647812
101600,0.244524581565829
101800,0.245037812129507
102000,0.245217887661609
102200,0.244633977485708
102400,0.244768085273748
102600,0.245185534453311
102800,0.244630133147518
103000,0.244985876310275
103200,0.245133132100567
103400,0.244203749995273
103600,0.244545366536636
103800,0.244049290821482
104000,0.2444217984416
104200,0.243837709983659
104400,0.244329443156062
104600,0.244053997058741
104800,0.24413130360871
105000,0.243004603320939
105200,0.242601282975577
105400,0.243537355240743
105600,0.242880864085455
105800,0.242902516724826
106000,0.243107734343238
106200,0.242513091955462
106400,0.242551343666618
106600,0.241627083136442
106800,0.2418799307325
107000,0.242715033961322
107200,0.242840911444729
107400,0.242508809966184
107600,0.242619752905462
107800,0.241437181155469
108000,0.240992320370513
108200,0.241305015084013
108400,0.240608978616118
108600,0.241210052403716
108800,0.240822257215061
109000,0.241193040895205
109200,0.241060362444856
109400,0.241247112925265
109600,0.240137870890423
109800,0.241302683580182
110000,0.241458157709621
110200,0.241428316798511
110400,0.242003765237207
110600,0.241750416889666
110800,0.241013125949242
111000,0.241087555135496
111200,0.241764758090776
111400,0.241405616906746
111600,0.241813976077744
111800,0.242607902631121
112000,0.242040849255732
112200,0.241097949666529
112400,0.241950764280204
112600,0.241603536747135
112800,0.239977967018226
113000,0.239884773169072
113200,0.24014012266934
113400,0.240922302576507
113600,0.24023232218706
113800,0.239761828746334
114000,0.240168649120912
114200,0.240207121990886
114400,0.24024728474327
114600,0.240893453771557
114800,0.240670945931101
115000,0.241155204547528
115200,0.241373095727523
115400,0.240349903271556
115600,0.240788722447901
115800,0.240680199213823
116000,0.240756929676648
116200,0.241039269792285
116400,0.240207444717713
116600,0.240281923113778
116800,0.239485100394919
117000,0.239646310676178
117200,0.239528035345275
117400,0.239403097153858
117600,0.239185121795431
117800,0.238740241186149
118000,0.239170480330919
118200,0.239511745170397
118400,0.238680328878118
118600,0.238835929849223
118800,0.238828107685539
119000,0.239149252720398
119200,0.238884764347928
119400,0.238296399011266
119600,0.238670560282734
119800,0.238047880601832
120000,0.23736076910454
120200,0.238741240210833
120400,0.239904193994391
120600,0.239283684550607
120800,0.238919476307818
121000,0.238791869621985
121200,0.238711377094251
121400,0.23867777527644
121600,0.237969654560567
121800,0.238384028546924
122000,0.238685105673742
122200,0.238670480326104
122400,0.239190370409256
122600,0.239823759330431
122800,0.239389252139889
123000,0.240310781350099
123200,0.239537039010058
123400,0.238908290994628
123600,0.238669631788652
123800,0.239450786033982
124000,0.239308867567336
124200,0.238758793586982
124400,0.238631388931266
124600,0.23923781878902
124800,0.239820217822768
125000,0.239791714264552
125200,0.239199433157752
125400,0.239481830376398
125600,0.238843490571094
125800,0.238370865121962
126000,0.238783029823387
126200,0.238800556410511
126400,0.239279106354994
126600,0.239930520384889
126800,0.239682783670319
127000,0.238768660239348
127200,0.238901069226775
127400,0.238971316913936
127600,0.240203852312158
127800,0.2396659965243
128000,0.23926970029965
128200,0.239137073572638
128400,0.239102710181533
128600,0.238504785920941
128800,0.23920215699947
129000,0.239075197178495
129200,0.238599424630133
129400,0.238333392401396
129600,0.239102161693314
129800,0.238546622439456
130000,0.238159254045955
130200,0.239240541175296
130400,0.238558830627443
130600,0.238193886498286
130800,0.23832191823188
131000,0.237875398112466
131200,0.23836416922497
131400,0.238624329094383
131600,0.237871179698585
131800,0.237845308484401
132000,0.238176949436638
132200,0.239310385286491
132400,0.239333480907087
132600,0.238648433446649
132800,0.238826962124499
133000,0.238154192689997
133200,0.238206518611081
133400,0.239324944091725
133600,0.239267793804417
133800,0.23918181215003
134000,0.240005359492975
134200,0.239336582992472
134400,0.239167684103398
134600,0.239856778596406
134800,0.239252233577228
135000,0.239310019263556
135200,0.238053311079188
135400,0.238078235644506
135600,0.2387461519031
135800,0.238057152728575
136000,0.237943990850179
136200,0.23789267070732
136400,0.237444290260426
136600,0.236907608483903
136800,0.236857270820982
137000,0.236870907777012
137200,0.236949083167833
137400,0.237850218299773
137600,0.238874837459698
137800,0.238712327149381
138000,0.237928654217001
138200,0.238035919667614
138400,0.238107270365724
138600,0.236949993666202
138800,0.236593001749121
139000,0.237574395076319
139200,0.2376041652573
139400,0.237076796442229
139600,0.236695903116938
139800,0.237154002285718
140000,0.237393847314194
140200,0.237665379132531
140400,0.237811157578655
140600,0.237890636948503
140800,0.238274741886314
141000,0.237642965151097
141200,0.237739002478207
141400,0.23711814398694
141600,0.237421959198164
141800,0.236922727125809
142000,0.237107152231355
142200,0.237346553852195
142400,0.236500143368506
142600,0.237368705226307
142800,0.237877121169253
143000,0.237511292185028
143200,0.237896972122038
143400,0.237023020090321
143600,0.237010540970395
143800,0.236541901135849
144000,0.236191337551989
144200,0.236143846375001
144400,0.235880046158361
144600,0.235900760618588
144800,0.235741877622427
145000,0.235458444989999
145200,0.236452708911885
145400,0.237856682938499
145600,0.237437979437167
145800,0.237561279644975
146000,0.238197221339239
146200,0.238743898324418
146400,0.238424351722582
146600,0.237827962676483
146800,0.237949360295664
147000,0.236742607713613
147200,0.235753657471428
147400,0.235741291987869
147600,0.235754096889338
147800,0.235772106752958
148000,0.236279857488075
148200,0.235743856322198
148400,0.235109879694577
148600,0.234654384810903
148800,0.235294857381367
149000,0.236006457281056
149200,0.236118980498465
149400,0.234999043736202
149600,0.235691048691106
149800,0.236165902642764
150000,0.236326535607526
150200,0.236393871744785
150400,0.235380373461901
150600,0.23543393046374
150800,0.235018731674771
151000,0.234580358550057
151200,0.23528897695756
151400,0.234861630887872
151600,0.233997758867122
151800,0.234169945282096
152000,0.234103061968541
152200,0.234220943182052
152400,0.234528951321884
152600,0.234735222141034
152800,0.235062842410854
153000,0.234684193423932
153200,0.234775486355534
153400,0.233837706200562
153600,0.235159252756268
153800,0.234630904640892
154000,0.234887611475382
154200,0.23398695751668
154400,0.233213946868946
154600,0.233698370730024
154800,0.233711547673066
155000,0.233739837002597
155200,0.233724018286128
155400,0.234230765738603
155600,0.234309581032686
155800,0.234051858633954
156000,0.233519799381921
156200,0.233118658714272
156400,0.232848306594758
156600,0.233501204430635
156800,0.233660884528721
157000,0.233722762340186
157200,0.233905106419848
157400,0.233799164667461
157600,0.233674956791408
157800,0.233398310193182
158000,0.232992310188222
158200,0.233231514819344
158400,0.233220863543043
158600,0.233218875364794
158800,0.233962939264177
159000,0.234021065353124
159200,0.234162063847395
159400,0.234430072244416
159600,0.233983272177497
159800,0.233421703273723
160000,0.232815472754443
160200,0.231429966569584
160400,0.23205581702072
160600,0.23159330010644
160800,0.232348037675738
161000,0.23213468578734
161200,0.232242590473924
161400,0.2325180272656
161600,0.232491653835038
161800,0.232571684373473
162000,0.232614422824306
162200,0.232309661082267
162400,0.232266661955892
162600,0.232196971727417
162800,0.232327911395501
163000,0.232852812809707
163200,0.232029149448941
163400,0.231665895344255
163600,0.231006475536038
163800,0.230786107289508
164000,0.230816092339762
164200,0.230561387468511
164400,0.230984002411661
164600,0.231371067625601
164800,0.230103813188105
165000,0.230096078191935
165200,0.230769966803771
165400,0.230587082068717
165600,0.231030288945367
165800,0.230659522700343
166000,0.231015916240491
166200,0.231325649726332
166400,0.231368650907686
166600,0.231591576384361
166800,0.230862683914693
167000,0.231941015028533
167200,0.232649386005967
167400,0.231342472215018
167600,0.230706210448678
167800,0.231118215688807
168000,0.231409952905823
168200,0.23113735680091
168400,0.231435561752979
168600,0.231562969090179
168800,0.230822112547916
169000,0.230726094369803
169200,0.230336156092759
169400,0.230781830729497
169600,0.231373525815749
169800,0.231616255285877
170000,0.231506819114988
170200,0.231719499827511
170400,0.23140347560117
170600,0.231571017375106
170800,0.232122647995825
171000,0.232534940016269
171200,0.232754911588506
171400,0.2323920113004
171600,0.231805880771707
171800,0.231849509317894
172000,0.232538756382015
172200,0.232429875111463
172400,0.231509888960391
172600,0.231835897236747
172800,0.230763133268483
173000,0.23154033930689
173200,0.232201671465314
173400,0.231639870315237
173600,0.231530237402962
173800,0.231243377902741
174000,0.231566944440233
174200,0.231597294036343
174400,0.231683750875071
174600,0.230924793632424
174800,0.229823180728071
175000,0.230097047620184
175200,0.231293201270583
175400,0.230824058108019
175600,0.230975591873191
175800,0.229194726574291
176000,0.23055839838728
176200,0.230755379593898
176400,0.230974581256248
176600,0.231411671759161
176800,0.231456427952557
177000,0.23093883681789
177200,0.230316640729594
177400,0.230151538132342
177600,0.229939431523148
177800,0.230707823797665
178000,0.231763839541952
178200,0.231417257551651
178400,0.231381654225959
178600,0.229899296038423
178800,0.22906792977901
179000,0.229310968068645
179200,0.229066742249413
179400,0.229242616248214
179600,0.230127590967851
179800,0.230304303781789
180000,0.229607493423562
180200,0.229499316423011
180400,0.229137228564093
180600,0.230419747628769
180800,0.229995615989871
181000,0.23019480586682
181200,0.229769256211018
181400,0.23050468236314
181600,0.229229675913015
181800,0.229826179794857
182000,0.229288185249501
182200,0.229277291502975
182400,0.229000246839629
182600,0.230485861875656
182800,0.230540661286195
183000,0.230952133339647
183200,0.230250371484727
183400,0.230375367644421
183600,0.23071636191422
183800,0.23093545241029
184000,0.231241252374431
184200,0.231359223854136
184400,0.231396547898032
184600,0.232744711981515
184800,0.231271325884863
185000,0.230933679460662
185200,0.230815825332742
185400,0.231003367707319
185600,0.229991169443184
185800,0.230379316197385
186000,0.230442851134434
186200,0.230148591735276
186400,0.231012685102833
186600,0.230931311457447
186800,0.230549320242188
187000,0.230612396741477
187200,0.229579576982812
187400,0.23067474100141
187600,0.230303925980123
187800,0.230156094490834
188000,0.229188246960287
188200,0.228879731353125
188400,0.229521668587858
188600,0.229843049567363
188800,0.228959157806464
189000,0.229652152854256
189200,0.228820933196924
189400,0.228474618765601
189600,0.228249341307664
189800,0.228471720440007
190000,0.228800014592137
190200,0.228746740541808
190400,0.228862209226128
190600,0.229439107601581
190800,0.2287904199415
191000,0.229026183880232
191200,0.228622287582192
191400,0.228068864777314
191600,0.228869358374645
191800,0.229085999220985
192000,0.229150486057649
192200,0.228804513866494
192400,0.229080121294718
192600,0.228804241544066
192800,0.228698713498998
193000,0.228670348471473
193200,0.228487792184103
193400,0.228809393813454
193600,0.229174929065292
193800,0.228909022510259
194000,0.228688251687275
194200,0.227729160825477
194400,0.228654098140262
194600,0.228447256338405
194800,0.228344226458096
195000,0.228748040321597
195200,0.228750780255206
195400,0.228874120506709
195600,0.228994404908391
195800,0.228719172618842
196000,0.228516724526829
196200,0.228185627103117
196400,0.228936680725975
196600,0.229716440350576
196800,0.229227483162325
197000,0.229988897535629
197200,0.22968843427605
197400,0.229038809671337
197600,0.229319384980499
197800,0.229127574483918
198000,0.228951933173719
198200,0.228898375415992
198400,0.228980176369203
198600,0.228831974641944
198800,0.228030886162994
199000,0.228761689943751
199200,0.229014501360113
199400,0.228054802291852
199600,0.227446187997181
199800,0.227490413608483
2e+05,0.228323374916451
200200,0.227785992783262
200400,0.227790909735957
200600,0.227467631784279
200800,0.228517698651935
201000,0.228900139744283
201200,0.229057442849258
201400,0.227930795692745
201600,0.228059207901196
201800,0.227462082850145
202000,0.227470472807443
202200,0.226907330725641
202400,0.226724054937406
202600,0.227793621099131
202800,0.228327347952961
203000,0.228686073661583
203200,0.22826605747864
203400,0.228588663767926
203600,0.228529230837223
203800,0.228497376842747
204000,0.229413777003429
204200,0.229551036313362
204400,0.229697010124373
204600,0.229392638210634
204800,0.230216642088624
205000,0.230418353993902
205200,0.229574146266563
205400,0.229338891881416
205600,0.228687192068266
205800,0.229831961545266
206000,0.229631271537339
206200,0.228330962472949
206400,0.227587453922242
206600,0.228238734560846
206800,0.22874388631656
207000,0.227574895434564
207200,0.227671650160976
207400,0.227288073620382
207600,0.227199764794368
207800,0.227327891757086
208000,0.227699410323223
208200,0.227691892128478
208400,0.227289685327486
208600,0.227292401888397
208800,0.227580879895963
209000,0.227381939064404
209200,0.227019069285695
209400,0.226851578616378
209600,0.227723274854243
209800,0.226918699600436
210000,0.227766088756145
210200,0.228665503000503
210400,0.228348092504325
210600,0.227853579505877
210800,0.228412166547886
211000,0.228197050147599
211200,0.228285219447746
211400,0.228833654057308
211600,0.227952021077898
211800,0.228540732822546
212000,0.228293370213199
212200,0.22814131036649
212400,0.227904989201949
212600,0.228432769968449
212800,0.228688033081859
213000,0.229744447554639
213200,0.229969944266561
213400,0.229719848597499
213600,0.229915488370463
213800,0.230029107976432
214000,0.230512788290733
214200,0.229625966750386
214400,0.229113344522972
214600,0.229233141994175
214800,0.228786024339831
215000,0.228619429006419
215200,0.227914663270602
215400,0.228347217928659
215600,0.227692016719657
215800,0.227596391982406
216000,0.228480871894354
216200,0.227870577857367
216400,0.227295529155338
216600,0.227038695097983
216800,0.227112565990816
217000,0.227398905848421
217200,0.227692832667881
217400,0.227168564998432
217600,0.228114107333355
217800,0.228539840350656
218000,0.228482052123742
218200,0.228771924373471
218400,0.228190837275071
218600,0.227275598154811
218800,0.228084910281453
219000,0.227967444508411
219200,0.227213858671875
219400,0.22810234397924
219600,0.22789962076985
219800,0.227370284394499
220000,0.227163003309856
220200,0.226789045405009
220400,0.226639590013236
220600,0.226469386434791
220800,0.226319051293973
221000,0.22686717449557
221200,0.227616523848736
221400,0.226427806656218
221600,0.226082239960858
221800,0.227106566084571
222000,0.226334178229021
222200,0.227050074786304
222400,0.227220249178182
222600,0.226908273834576
222800,0.226867858251988
223000,0.227040767010543
223200,0.226262118199371
223400,0.226165832989553
223600,0.227220184253471
223800,0.227205395614669
224000,0.226902304596541
224200,0.227497086316724
224400,0.227604452703402
224600,0.226672127746017
224800,0.227180490360218
225000,0.22614930486361
225200,0.226828851180851
225400,0.226769415206644
225600,0.22700802754945
225800,0.226069694135069
226000,0.226424309475999
226200,0.227212349150496
226400,0.226750528347132
226600,0.226770507910562
226800,0.22628244546022
227000,0.226803900642175
227200,0.226862812423183
227400,0.226960515338223
227600,0.227439880960366
227800,0.227715328191408
228000,0.227398481927981
228200,0.226775232881216
228400,0.226581196167325
228600,0.227084243185623
228800,0.22704327937842
229000,0.226403383043061
229200,0.227107531791655
229400,0.226948921038559
229600,0.226622254568895
229800,0.226346371074824
230000,0.22735486183013
230200,0.226985566709685
230400,0.226273620948929
230600,0.226679550035539
230800,0.226188546161105
231000,0.225865050402243
231200,0.226125423200959
231400,0.22584908656477
231600,0.226155379328596
231800,0.225945903699758
232000,0.226493315330142
232200,0.226936619328416
232400,0.226474028258846
232600,0.226232815122575
232800,0.22649481076744
233000,0.225950803669436
233200,0.226250709825121
233400,0.226278557633541
233600,0.226608167026819
233800,0.226198004914825
234000,0.226235723486508
234200,0.226298692188909
234400,0.225966572259634
234600,0.226075098358506
234800,0.225567299048397
235000,0.225153661689903
235200,0.225135177894533
235400,0.226232788649641
235600,0.226844032061506
235800,0.227001729966875
236000,0.22679678477133
236200,0.226237149285227
236400,0.226760149015675
236600,0.226796385723566
236800,0.226798442875837
237000,0.226736275620245
237200,0.225874927154863
237400,0.226161977457893
237600,0.226018225043409
237800,0.226176762415684
238000,0.22614870334976
238200,0.224376531430653
238400,0.224025627868014
238600,0.224344431981662
238800,0.22459624717372
239000,0.225241401470857
239200,0.225436137578327
239400,0.22573462356733
239600,0.225192052947214
239800,0.225010401127125
240000,0.22500009186916
240200,0.225312238574551
240400,0.225243750765418
240600,0.224723400742092
240800,0.226004599012493
241000,0.225274398896403
241200,0.225792040243324
241400,0.225978398344362
241600,0.226110735942147
241800,0.226349095826079
242000,0.226360214712835
242200,0.225562354613056
242400,0.226465093201177
242600,0.227309512967468
242800,0.227244761428937
243000,0.225866610175771
243200,0.225550501852839
243400,0.225522465228076
243600,0.22538220451758
243800,0.226106119153049
244000,0.226355226968044
244200,0.226428932862724
244400,0.226120517229181
244600,0.225555848914762
244800,0.225475501704179
245000,0.225430505682322
245200,0.224046406300378
245400,0.224451296881137
245600,0.225809715419525
245800,0.225703831170532
246000,0.225297609480779
246200,0.224670909034958
246400,0.224787141146066
246600,0.226113695469396
246800,0.2264762617303
247000,0.226423341149287
247200,0.22606706698212
247400,0.226377513080447
247600,0.22659823871499
247800,0.225732193294626
248000,0.226042131903732
248200,0.225900274256375
248400,0.224839302281255
248600,0.225807507783859
248800,0.225642136588526
249000,0.225225870759084
249200,0.225459877221519
249400,0.225675872735999
249600,0.226451041982295
249800,0.226402441166229
250000,0.225970060606452
250200,0.225903642277265
250400,0.22596839030983
250600,0.226294200050591
250800,0.226329361755078
251000,0.225936855533439
251200,0.226042462566616
251400,0.22567903399094
251600,0.225219155887666
251800,0.224983550564716
252000,0.226040731501884
252200,0.226564607053839
252400,0.225877530824866
252600,0.226731367741798
252800,0.225986984273855
253000,0.225613934404034
253200,0.2261363976211
253400,0.226142811531613
253600,0.226139192867948
253800,0.226226892670771
254000,0.226987114009301
254200,0.226471868799404
254400,0.225847933073077
254600,0.225235155181204
254800,0.226381893947914
255000,0.225295195241631
255200,0.225283911647852
255400,0.224317021590089
255600,0.224836756686736
255800,0.224872781381722
256000,0.22463750152031
256200,0.223461722699115
256400,0.223136578741226
256600,0.223159024535573
256800,0.223218094101879
257000,0.223968725425352
257200,0.224054632685931
257400,0.223515158557813
257600,0.223919864146439
257800,0.224870011104082
258000,0.225258595106536
258200,0.225436484440421
258400,0.22588855056261
258600,0.226081447406951
258800,0.225350828407599
259000,0.225527677865347
259200,0.224994084356413
259400,0.224848105302875
259600,0.225529097152493
259800,0.224730985659355
260000,0.223674536682099
260200,0.224306418829278
260400,0.224187976222203
260600,0.224685596846424
260800,0.22452658201389
261000,0.223806345479803
261200,0.224105737544874
261400,0.223668513926094
261600,0.223741928026459
261800,0.223703343971795
262000,0.223147457578594
262200,0.22346479273502
262400,0.223846666380304
262600,0.224042141021766
262800,0.223992396197348
263000,0.223807211619271
263200,0.22388083421757
263400,0.224572761114943
263600,0.224554037331819
263800,0.224652199302866
264000,0.225086558125964
264200,0.22533649441792
264400,0.224990271516702
264600,0.225349919424076
264800,0.225690694814496
265000,0.225456511142644
265200,0.225016319275061
265400,0.225300873945206
265600,0.225689621960634
265800,0.22557768328606
266000,0.226193623370893
266200,0.225158425790822
266400,0.224121431547438
266600,0.225027778203774
266800,0.225717360382395
267000,0.225495120501386
267200,0.226664737462474
267400,0.226420275461157
267600,0.226414649235021
267800,0.226418045486424
268000,0.225962710126692
268200,0.225078922452735
268400,0.224727051526191
268600,0.224727996657315
268800,0.224963693613057
269000,0.225318657193492
269200,0.225338801914822
269400,0.224865157220904
269600,0.224575401865434
269800,0.224550772158779
270000,0.225059734129409
270200,0.224684051980219
270400,0.224293701667395
270600,0.224952007842797
270800,0.224044023914708
271000,0.223371163907017
271200,0.223969731004607
271400,0.224848538274153
271600,0.224832246225792
271800,0.225342856410606
272000,0.225316905257732
272200,0.224975415336808
272400,0.224820291627652
272600,0.225183093957917
272800,0.224403619185114
273000,0.224843944535592
273200,0.22431411265025
273400,0.224095240796285
273600,0.224175329683733
273800,0.224329765424419
274000,0.22459026111671
274200,0.224383805474837
274400,0.224242023129352
274600,0.223195604354428
274800,0.223219399413872
275000,0.223531638388743
275200,0.223722559307108
275400,0.22259139395686
275600,0.223157716106922
275800,0.223447012681763
276000,0.223499098813576
276200,0.222954505620131
276400,0.222934564394339
276600,0.222644189972705
276800,0.22241443173256
277000,0.222775068461119
277200,0.223307523729296
277400,0.223637381186032
277600,0.223034165303215
277800,0.223671860820559
278000,0.223171847795624
278200,0.223494882782137
278400,0.224025725504069
278600,0.224002224558681
278800,0.223985812876375
279000,0.224075771824809
279200,0.224313539912957
279400,0.22400674810978
279600,0.223012604730154
279800,0.223380281338485
280000,0.22291725495909
280200,0.22344624948635
280400,0.223063983931035
280600,0.223498381644108
280800,0.222532422390505
281000,0.221540684475493
281200,0.221153156852561
281400,0.221783773181234
281600,0.222017976665446
281800,0.220875791622242
282000,0.221871582736631
282200,0.222262991323848
282400,0.22182191054931
282600,0.222856085654746
282800,0.223897400320084
283000,0.223504019092759
283200,0.223235817327044
283400,0.222997741393267
283600,0.222972858560695
283800,0.222692990489611
284000,0.222855382551175
284200,0.223726165393311
284400,0.224594993934778
284600,0.224164174108722
284800,0.223256839579941
285000,0.222943141962746
285200,0.222496489879404
285400,0.221986413504951
285600,0.222763103155502
285800,0.221407447810226
286000,0.220854186737984
286200,0.221255023233151
286400,0.221506280965673
286600,0.221076307869502
286800,0.221707509291677
287000,0.221884733752652
287200,0.221407341853679
287400,0.222111925646341
287600,0.222418185817698
287800,0.221529883040408
288000,0.222115221256157
288200,0.222028916880877
288400,0.222342881442918
288600,0.222330467200993
288800,0.22211089879383
289000,0.221105643078748
289200,0.221703858743231
289400,0.222153792087329
289600,0.223138316090846
289800,0.222315666166705
290000,0.222300805568441
290200,0.222768535434309
290400,0.222339590523614
290600,0.222385252099644
290800,0.221844514125474
291000,0.220745995488356
291200,0.220117005927593
291400,0.220280412183455
291600,0.220485696463874
291800,0.220689936261386
292000,0.220256007226098
292200,0.220873687851508
292400,0.220620039304948
292600,0.221033972381392
292800,0.220131716342874
293000,0.220210706919797
293200,0.221002977490088
293400,0.221411662057632
293600,0.221100824052156
293800,0.220833498884738
294000,0.220601776524444
294200,0.220673884437672
294400,0.221342104315208
294600,0.221549344502985
294800,0.22107267247995
295000,0.22060012194423
295200,0.220712270452069
295400,0.22111056373815
295600,0.221151031770982
295800,0.22154654099655
296000,0.221643471635721
296200,0.22093247801319
296400,0.221952220844781
296600,0.222365769674735
296800,0.221341915708436
297000,0.221162872986991
297200,0.221395241873627
297400,0.220202710962031
297600,0.220053640870909
297800,0.219863256864828
298000,0.220167587151795
298200,0.22004809071214
298400,0.219705531588783
298600,0.219694831351082
298800,0.22031064721638
299000,0.220407820004319
299200,0.220315202374513
299400,0.220031886616324
299600,0.220327142678198
299800,0.220674643458869
3e+05,0.220667850486243
300200,0.219872130147122
300400,0.220028785495543
300600,0.219524364246874
300800,0.219253002158358
301000,0.219256056985797
301200,0.219397521404023
301400,0.220243292468016
301600,0.219919509717027
301800,0.219459536383549
302000,0.219734057531102
302200,0.21934541399983
302400,0.219726793504866
302600,0.219889962330988
302800,0.219212106279155
303000,0.218850266258827
303200,0.218777077007297
303400,0.218621289500234
303600,0.218712942300176
303800,0.218836543735246
304000,0.218925108469684
304200,0.21863141227796
304400,0.218622399035352
304600,0.219097926896719
304800,0.219125337852276
305000,0.21863692657082
305200,0.218674713533193
305400,0.218769080733726
305600,0.218086097858445
305800,0.218058929906881
306000,0.21771461982262
306200,0.217481240669663
306400,0.217786370192185
306600,0.217917772321077
306800,0.217658089314351
307000,0.217329429202583
307200,0.217954873458293
307400,0.216717794823926
307600,0.217574360732987
307800,0.217652952556469
308000,0.216960764971983
308200,0.21706052851297
308400,0.21727040713328
308600,0.217995039290974
308800,0.218018718375634
309000,0.218151570179637
309200,0.217845158061186
309400,0.217188576195833
309600,0.216585101107752
309800,0.216610078798594
310000,0.216754571777509
310200,0.217321196212402
310400,0.21630462373225
310600,0.217178134382776
310800,0.217120555245956
311000,0.217223287982445
311200,0.217223920400326
311400,0.21696896187473
311600,0.216777504655728
311800,0.216721598444068
312000,0.215777365554497
312200,0.215825014239336
312400,0.216646419321781
312600,0.216905342393703
312800,0.21684390810436
313000,0.21708399590385
313200,0.218215580747757
313400,0.218162308386277
313600,0.218219114296523
313800,0.218115863509712
314000,0.218157925764523
314200,0.217446948195816
314400,0.21733640680645
314600,0.216350123654448
314800,0.215940523057754
315000,0.21591952460877
315200,0.217055772571222
315400,0.216663109035148
315600,0.216578797482558
315800,0.215813116590129
316000,0.214883007654957
316200,0.214528174725956
316400,0.216116702568975
316600,0.216282756022154
316800,0.216284337502255
317000,0.215939697538803
317200,0.216537227434879
317400,0.215805439357352
317600,0.215789948240422
317800,0.216485670608439
318000,0.216609859745553
318200,0.216133992087603
318400,0.216366815054192
318600,0.21616795781122
318800,0.215646390811189
319000,0.215430476659769
319200,0.216106073861604
319400,0.215022420302192
319600,0.215053389596499
319800,0.215341549779799
320000,0.21488007588189
320200,0.215101996868596
320400,0.215844811332446
320600,0.215978049519823
320800,0.214959334476794
321000,0.215786669115477
321200,0.215712307137983
321400,0.215555661326896
321600,0.215372986096602
321800,0.215716969342528
322000,0.215746759288003
322200,0.215706002519369
322400,0.215350922903738
322600,0.215619165221496
322800,0.215243426070847
323000,0.21458993825602
323200,0.214644213170203
323400,0.21498997343244
323600,0.214731095773224
323800,0.214437543079087
324000,0.21495078245395
324200,0.214816120709859
324400,0.21411837982614
324600,0.213848707060057
324800,0.214340162299091
325000,0.214322890365769
325200,0.214138016179082
325400,0.214569903465107
325600,0.214694504497289
325800,0.214278147814847
326000,0.214996522994594
326200,0.215325450553104
326400,0.216270484621127
326600,0.216166712515703
326800,0.21567296132411
327000,0.216017938912286
327200,0.215376140045169
327400,0.214505962928215
327600,0.214479656533189
327800,0.214641459853888
328000,0.214187134829733
328200,0.214461013671176
328400,0.215063620769249
328600,0.214986903312071
328800,0.215054250760755
329000,0.215188943613005
329200,0.214999024544642
329400,0.215349081644179
329600,0.215101008362019
329800,0.214821515588487
330000,0.21478702399915
330200,0.21528345778192
330400,0.215176419229353
330600,0.215256340610071
330800,0.21505021898826
331000,0.214001864043838
331200,0.21419381264326
331400,0.214144397695093
331600,0.214451971164959
331800,0.214580385941661
332000,0.214193027699298
332200,0.21369041067926
332400,0.213415556176065
332600,0.212138029213143
332800,0.212710127902371
333000,0.213163133507323
333200,0.213381784893175
333400,0.21262520558743
333600,0.212921643654113
333800,0.212755114549919
334000,0.212576760288721
334200,0.213158264275245
334400,0.213803886319503
334600,0.214555590149503
334800,0.214427260587404
335000,0.214264212912505
335200,0.213889856932877
335400,0.214745581731911
335600,0.214021039439647
335800,0.214104440842085
336000,0.214126030776333
336200,0.214042207130997
336400,0.214200232465797
336600,0.213976043071182
336800,0.214882578456683
337000,0.214273958715795
337200,0.214902933648224
337400,0.214182328485418
337600,0.214056036911888
337800,0.214389649637093
338000,0.214531492074834
338200,0.215007668294327
338400,0.215224825568303
338600,0.215653726382419
338800,0.214394603716014
339000,0.215014847497568
339200,0.215148365247766
339400,0.214752660831111
339600,0.214438135329499
339800,0.215029404022107
340000,0.21404319740807
340200,0.213163615970577
340400,0.213366339737262
340600,0.213119246542075
340800,0.213383803857983
341000,0.21366324807991
341200,0.213674482411089
341400,0.212714732962717
341600,0.213420434131435
341800,0.213589472601106
342000,0.213176569582067
342200,0.212891985947526
342400,0.212870470620233
342600,0.212935174867142
342800,0.213284238593956
343000,0.212381054269187
343200,0.212230480180557
343400,0.213131596113589
343600,0.212923117380576
343800,0.213110087120893
344000,0.214166633190731
344200,0.213293891468745
344400,0.212311371620667
344600,0.212163975683915
344800,0.212664415726682
345000,0.212950739273078
345200,0.212385170063741
345400,0.212196411791606
345600,0.213297401424911
345800,0.213721715497358
346000,0.213698115789368
346200,0.213719370926361
346400,0.21388171860689
346600,0.213215093374784
346800,0.213421973865467
347000,0.213060567575061
347200,0.213110699051227
347400,0.212586519352403
347600,0.212516377052555
347800,0.212533737173067
348000,0.211560942181302
348200,0.211628443369479
348400,0.211363123340251
348600,0.211121529477117
348800,0.212056383627062
349000,0.212013466282074
349200,0.212510212131139
349400,0.213212714959272
349600,0.212724574027836
349800,0.212306286272312
350000,0.212168892232095
350200,0.21162961143656
350400,0.21204868960775
350600,0.211254540653169
350800,0.21147664626017
351000,0.211630123039082
351200,0.211540900647203
351400,0.211628734412212
351600,0.211842260992573
351800,0.212244430357617
352000,0.211348037004606
352200,0.212016444773614
352400,0.211441432657009
352600,0.211596584852309
352800,0.212215717227773
353000,0.212533191857632
353200,0.212352596058557
353400,0.211263770122973
353600,0.211862036192351
353800,0.211931730266029
354000,0.211840528263779
354200,0.211464071551452
354400,0.212472267207542
354600,0.212307151405153
354800,0.211606159685887
355000,0.212383133444536
355200,0.212292020203325
355400,0.21211694504179
355600,0.211982759057476
355800,0.212000542965662
356000,0.212337495366272
356200,0.212273074257145
356400,0.212161952299885
356600,0.212377884192801
356800,0.212177685962282
357000,0.21245383373611
357200,0.212798381063461
357400,0.212880312881434
357600,0.212920461087813
357800,0.212265485149797
358000,0.211933429611186
358200,0.211597151224798
358400,0.211754984583869
358600,0.21084727710454
358800,0.210630929515822
359000,0.211074039997612
359200,0.210736423691426
359400,0.210675010939509
359600,0.211387910696196
359800,0.21156193364822
360000,0.211177017274661
360200,0.21132911558992
360400,0.211048292734964
360600,0.211330114977896
360800,0.211646995065669
361000,0.211357031398043
361200,0.210779446565967
361400,0.210728484737398
361600,0.210677442933406
361800,0.211623632610569
362000,0.211633291862755
362200,0.211608291835205
362400,0.211316635487142
362600,0.211594773314831
362800,0.212164015774147
363000,0.211916643108613
363200,0.211278094278053
363400,0.211825850312097
363600,0.212282115244885
363800,0.212154274955877
364000,0.212219827500952
364200,0.211687228088928
364400,0.211628317743198
364600,0.210971906774984
364800,0.21061583172191
365000,0.21127335406011
365200,0.212322266388664
365400,0.211230306186596
365600,0.210567083534854
365800,0.210176310351208
366000,0.210258595616785
366200,0.210787322296973
366400,0.21057267208832
366600,0.210445401453114
366800,0.210993453185084
367000,0.211279657881542
367200,0.210880947934727
367400,0.211060006250863
367600,0.211105344712271
367800,0.211626916768319
368000,0.211473694732957
368200,0.212231560725857
368400,0.211458805075901
368600,0.211209455782423
368800,0.210592554174491
369000,0.211037195246513
369200,0.21056094840282
369400,0.210541263009278
369600,0.210265343910418
369800,0.209331858966252
370000,0.209128394655571
370200,0.209133910625845
370400,0.209725780406985
370600,0.210676933718282
370800,0.209835298860598
371000,0.210302643183866
371200,0.210106984696684
371400,0.211452491690054
371600,0.211233838493059
371800,0.210686425639292
372000,0.209834882275599
372200,0.210247235042347
372400,0.210296014412014
372600,0.210154956771446
372800,0.210059341345086
373000,0.210420620558769
373200,0.210500378861649
373400,0.209847479625945
373600,0.210081098231892
373800,0.210074091400168
374000,0.209629112343988
374200,0.210279397020926
374400,0.210258139134238
374600,0.210194663597295
374800,0.209771600632427
375000,0.210450385923754
375200,0.210149577926654
375400,0.210918911376322
375600,0.210959449887546
375800,0.2112218862693
376000,0.211581037691774
376200,0.210879311655847
376400,0.211377326286087
376600,0.210812646727544
376800,0.211413763059124
377000,0.211023798683121
377200,0.211022699151627
377400,0.210836114601318
377600,0.211226027099617
377800,0.211006987070463
378000,0.210792092218918
378200,0.211141989994069
378400,0.210956638640757
378600,0.21041052506972
378800,0.210776957620566
379000,0.210638332423391
379200,0.211722543095142
379400,0.211843024736222
379600,0.211476215211233
379800,0.211484239834656
380000,0.211277128180526
380200,0.211527575786305
380400,0.211681932902437
380600,0.211691031192794
380800,0.211331967353307
381000,0.211582260306974
381200,0.210726770324175
381400,0.210876385665469
381600,0.211265442137469
381800,0.211632430301801
382000,0.2114473327677
382200,0.211753710323958
382400,0.212211537679285
382600,0.211450355604722
382800,0.210553286007204
383000,0.211611201928797
383200,0.210957198382419
383400,0.21173852818684
383600,0.212744009375716
383800,0.212128819882016
384000,0.213061205043428
384200,0.212847464926844
384400,0.212078434402411
384600,0.211386783364866
384800,0.21199359747952
385000,0.211214391465329
385200,0.211148362154277
385400,0.210886739964122
385600,0.211237501830181
385800,0.211919360609837
386000,0.212176679313574
386200,0.211660374354758
386400,0.211623133024538
386600,0.212016756817055
386800,0.211604877351359
387000,0.212540514865977
387200,0.212858971764988
387400,0.212187766894313
387600,0.211638508691787
387800,0.21085253213144
388000,0.210980697980715
388200,0.211109625383172
388400,0.211195727417515
388600,0.210980763519083
388800,0.210620438883498
389000,0.211161060076443
389200,0.210927154061954
389400,0.211532853211784
389600,0.211109915310519
389800,0.211159244672254
390000,0.210527202798242
390200,0.210413171081362
390400,0.21048728114317
390600,0.210958114011448
390800,0.212195336737342
391000,0.212402284428937
391200,0.211729203819449
391400,0.211460854076503
391600,0.21140207256571
391800,0.210539403205698
392000,0.210624967773219
392200,0.21088605153032
392400,0.210621850677329
392600,0.210637147112589
392800,0.210730096762789
393000,0.211485904621912
393200,0.210741137415142
393400,0.21035034520953
393600,0.209992740602607
393800,0.211774040158454
394000,0.21177572096421
394200,0.211822510189277
394400,0.211783027780003
394600,0.211675969202373
394800,0.212010698914434
395000,0.212450794807294
395200,0.212278791461471
395400,0.211377043300069
395600,0.210936842254658
395800,0.212411674100565
396000,0.21182968809424
396200,0.211805305318698
396400,0.212087332937221
396600,0.211717693793387
396800,0.211949675491608
397000,0.211481655154709
397200,0.210321420307278
397400,0.210968154445307
397600,0.210789968622413
397800,0.210497155660283
398000,0.209682481983794
398200,0.210173926116139
398400,0.210963867229712
398600,0.210294381526506
398800,0.210310182892862
399000,0.210071786552358
399200,0.210783041083311
399400,0.211298214704241
399600,0.210908135249169
399800,0.210280740995904
4e+05,0.209606671477712
400200,0.209516023443531
400400,0.209432703417858
400600,0.209689723941574
400800,0.210354777350324
401000,0.209908443558359
401200,0.209810717239876
401400,0.210618128097312
401600,0.210102788561487
401800,0.210662041310572
402000,0.211817758969149
402200,0.211908338250266
402400,0.211327478383784
402600,0.211754378845727
402800,0.211700435146626
403000,0.212012357459437
403200,0.212204549501286
403400,0.212233739854617
403600,0.211429133286998
403800,0.211341597301913
404000,0.211769701564944
404200,0.210844680941835
404400,0.210177661366913
404600,0.210915805676172
404800,0.212016969790372
405000,0.211410149702489
405200,0.211069236767832
405400,0.210746070050344
405600,0.210637905190217
405800,0.210201789330583
406000,0.210056645451852
406200,0.211260333581233
406400,0.211263725913304
406600,0.210663397917734
406800,0.209555098050323
407000,0.208779821657502
407200,0.209120189521097
407400,0.209147546801349
407600,0.209337303101854
407800,0.209369849176634
408000,0.208988934775217
408200,0.208672442918183
408400,0.209326986005125
408600,0.209662200757552
408800,0.20872763130116
409000,0.209712963450439
409200,0.20912039420372
409400,0.209225139978089
409600,0.208963041979446
409800,0.209836498397592
410000,0.208382413657168
410200,0.208391060427963
410400,0.208115977393818
410600,0.209166938384045
410800,0.209411235328778
411000,0.208924657739307
411200,0.208352118448315
411400,0.208419966101314
411600,0.20744334047559
411800,0.208058990320247
412000,0.209210785054358
412200,0.209249910477557
412400,0.208296241229817
412600,0.208628474544378
412800,0.209361097752358
413000,0.209763527014725
413200,0.208950183998426
413400,0.209714252366195
413600,0.21023106566937
413800,0.210322172133911
414000,0.209666436616591
414200,0.209495631211225
414400,0.210061905750337
414600,0.209305287029914
414800,0.209879568319288
415000,0.209987768225085
415200,0.209651960060727
415400,0.209187416063327
415600,0.209040030186766
415800,0.210005639624799
416000,0.209462342835634
416200,0.209649410311202
416400,0.208582430509267
416600,0.208547208087904
416800,0.208924959452894
417000,0.207991961289303
417200,0.208304231348335
417400,0.208402168934761
417600,0.209112702005296
417800,0.209337769047979
418000,0.209273544258284
418200,0.209255986441724
418400,0.21011529002217
418600,0.210371854504696
418800,0.209596171087245
419000,0.21009103645488
419200,0.209596079435945
419400,0.208768715695289
419600,0.209209952590433
419800,0.208940477526007
420000,0.209365125258408
420200,0.209118246091188
420400,0.209770811552772
420600,0.209766804028083
420800,0.209407570590908
421000,0.209756544582971
421200,0.210061831924221
421400,0.209407243230231
421600,0.209408063571224
421800,0.20863702528542
422000,0.20783254639684
422200,0.208234575943969
422400,0.208287984270919
422600,0.207524789411031
422800,0.207856620506319
423000,0.207637299023527
423200,0.207253085459487
423400,0.207414389379946
423600,0.207020572408905
423800,0.207432832209612
424000,0.206891563648425
424200,0.207010041661239
424400,0.207107025730061
424600,0.207882658119063
424800,0.207697121149253
425000,0.207421803837955
425200,0.207802060877926
425400,0.207616302547695
425600,0.207522382808186
425800,0.208248227900193
426000,0.207709989627535
426200,0.207194252173832
426400,0.207959184901147
426600,0.208281665959766
426800,0.207839263251115
427000,0.207130472068805
427200,0.207536769731771
427400,0.208223251069655
427600,0.207276811060079
427800,0.207252488381616
428000,0.207309677260128
428200,0.207214230276609
428400,0.207449783117638
428600,0.207540335526704
428800,0.206710360799972
429000,0.20621238980817
429200,0.207465167501826
429400,0.20710156540357
429600,0.206271733172729
429800,0.206939767716046
430000,0.206392627595836
430200,0.206367154929845
430400,0.207424805221453
430600,0.206806400841576
430800,0.207101752744455
431000,0.205925435952476
431200,0.206571257062473
431400,0.207685640616935
431600,0.206788271465976
431800,0.206155694227439
432000,0.206063070441772
432200,0.206159430303289
432400,0.206831087012034
432600,0.207067138193922
432800,0.206909709884685
433000,0.207397707531246
433200,0.207717570500615
433400,0.207442110835691
433600,0.207347416406434
433800,0.207416417647713
434000,0.207718199822425
434200,0.207164625744522
434400,0.20733751386229
434600,0.207429699453294
434800,0.205895632899348
435000,0.206403998716271
435200,0.206793565714705
435400,0.20548232602884
435600,0.204442728159425
435800,0.204284552948937
436000,0.205126125962765
436200,0.205813061007568
436400,0.204735955170866
436600,0.204396803301181
436800,0.204954296942905
437000,0.205221834949205
437200,0.204776711651227
437400,0.204845923484956
437600,0.204987950531316
437800,0.206198517543265
438000,0.206446001471976
438200,0.206148696023021
438400,0.206572455007451
438600,0.206951465679844
438800,0.206217373995785
439000,0.205517517125929
439200,0.206407049988273
439400,0.205703110282008
439600,0.205774348908377
439800,0.205062671972189
440000,0.205508024441672
440200,0.206210380393096
440400,0.206558214149101
440600,0.206076281792522
440800,0.20601909936269
441000,0.206411918555096
441200,0.206620065432769
441400,0.20667607553997
441600,0.206156146721443
441800,0.206500370767492
442000,0.206161606571172
442200,0.20590375937526
442400,0.204648071479896
442600,0.204077606258098
442800,0.20409696511846
443000,0.204238253972605
443200,0.204448773040833
443400,0.204515606964625
443600,0.204275885073681
443800,0.204163204582476
444000,0.205062450621957
444200,0.205150921066922
444400,0.204878490976814
444600,0.205279457259381
444800,0.205461152377412
445000,0.205254114880512
445200,0.205296292871682
445400,0.205195809305201
445600,0.204829160039175
445800,0.204889244104321
446000,0.205764208236825
446200,0.204971908637577
446400,0.204467428331648
446600,0.204425894508887
446800,0.204149496888729
447000,0.204199116373157
447200,0.204715347541827
447400,0.20484938699872
447600,0.204659871169869
447800,0.204559486566326
448000,0.205605173715068
448200,0.204504294998262
448400,0.205070870520033
448600,0.204873097829941
448800,0.205036391325418
449000,0.203624751603597
449200,0.204033243866056
449400,0.204726180473856
449600,0.205277840811961
449800,0.204891227865967
450000,0.205043201101115
450200,0.205262528760986
450400,0.20476614804397
450600,0.205478032826409
450800,0.204919747555609
451000,0.20522881571713
451200,0.205473258650834
451400,0.204373556994506
451600,0.204476618507448
451800,0.204090381357672
452000,0.20303851706669
452200,0.203648718929291
452400,0.203072486936547
452600,0.203980760446835
452800,0.204345826170907
453000,0.203967746825587
453200,0.204591023410006
453400,0.204149855074879
453600,0.203352811413756
453800,0.202968834756852
454000,0.203264953777435
454200,0.203233292806696
454400,0.202547887053505
454600,0.203766301730149
454800,0.203504341570659
455000,0.203671590144405
455200,0.203779054839768
455400,0.204414619762446
455600,0.205064128755751
455800,0.204035504364069
456000,0.204487020861618
456200,0.205654224472267
456400,0.205323616686098
456600,0.20469594080123
456800,0.204285397964563
457000,0.204237246022743
457200,0.203537742128479
457400,0.202760963893595
457600,0.203457625591223
457800,0.204064167539499
458000,0.204044284786331
458200,0.203606775647427
458400,0.203477849084064
458600,0.203392098019491
458800,0.203512015207293
459000,0.203243926931841
459200,0.203344314195947
459400,0.202786204162518
459600,0.203510113331247
459800,0.203649570076241
460000,0.204057717484183
460200,0.203739371227026
460400,0.20383681454524
460600,0.204739276177296
460800,0.20375031686849
461000,0.20326038199547
461200,0.203820845267163
461400,0.20282173226812
461600,0.202194077511032
461800,0.202465691004684
462000,0.203115297115041
462200,0.202320214673085
462400,0.203286908988881
462600,0.203934610599205
462800,0.20424436502069
463000,0.204493356411286
463200,0.203952802054826
463400,0.204111635009716
463600,0.203545653119335
463800,0.203877320201627
464000,0.203952498817901
464200,0.204307041369599
464400,0.203763481649978
464600,0.203987143840109
464800,0.203761288557394
465000,0.202823804850586
465200,0.203182117814129
465400,0.203113743338781
465600,0.203512531680491
465800,0.203866695142434
466000,0.204241649280635
466200,0.203803166365728
466400,0.202957885202445
466600,0.203476485690707
466800,0.204305266170612
467000,0.203841197422788
467200,0.20316007724085
467400,0.202785105775522
467600,0.203656687675591
467800,0.203465186760888
468000,0.2032006477926
468200,0.202928634760696
468400,0.203406876370431
468600,0.203083204371014
468800,0.202817837090822
469000,0.202724235687284
469200,0.202577170141665
469400,0.202284242659634
469600,0.202271493498951
469800,0.203395845817958
470000,0.201983708534185
470200,0.202016060490518
470400,0.202487503026358
470600,0.202518827867261
470800,0.202184385705486
471000,0.201668858649152
471200,0.201695380706473
471400,0.202865529946536
471600,0.202305406323597
471800,0.201694022739313
472000,0.201261499345722
472200,0.202084723036736
472400,0.20150128417997
472600,0.20158100497122
472800,0.202584991188146
473000,0.202504693789102
473200,0.201417469581882
473400,0.202446284044683
473600,0.202636875171724
473800,0.203313071141182
474000,0.20329584701447
474200,0.202875801690295
474400,0.203063004707005
474600,0.202905008957317
474800,0.202617044354596
475000,0.203185526936646
475200,0.202910969631558
475400,0.202117958385554
475600,0.202458838581304
475800,0.201972432562077
476000,0.201678254669843
476200,0.20291197202423
476400,0.202483282254016
476600,0.202211155493653
476800,0.20191817497492
477000,0.20174025573537
477200,0.201604676974955
477400,0.202159753881096
477600,0.202036716370185
477800,0.201960606518741
478000,0.202666138195597
478200,0.202073702560229
478400,0.202656976888178
478600,0.202232412023608
478800,0.202025610173894
479000,0.202252260418279
479200,0.203184138344238
479400,0.202661088380606
479600,0.202555218522451
479800,0.20254071567527
480000,0.203143460764376
480200,0.202043558693285
480400,0.202059121923467
480600,0.202524777740379
480800,0.202101541449969
481000,0.203037516430289
481200,0.203178283238985
481400,0.203061195140425
481600,0.203185381275736
481800,0.202986442833284
482000,0.202602859927305
482200,0.202746783128172
482400,0.202376323745278
482600,0.2028372074355
482800,0.201960699283846
483000,0.202888174040527
483200,0.203499563727175
483400,0.203072269334522
483600,0.203668324530087
483800,0.202949244710691
484000,0.201888148676667
484200,0.201347007613248
484400,0.201452206397193
484600,0.202237549588375
484800,0.202018508490056
485000,0.201890625377781
485200,0.202116277414633
485400,0.202047272539035
485600,0.202663939101154
485800,0.202927537263464
486000,0.202600691091026
486200,0.202699017263216
486400,0.202691569303829
486600,0.202130826285639
486800,0.202318033500561
487000,0.202363493849122
487200,0.202050948625603
487400,0.201999776816155
487600,0.202266041293419
487800,0.202731618417291
488000,0.202729808638634
488200,0.203290817756153
488400,0.203277429133533
488600,0.203751258670917
488800,0.202703095563928
489000,0.201907102222571
489200,0.202441811422798
489400,0.203269276565326
489600,0.202499547103569
489800,0.202904671220586
490000,0.203747680566097
490200,0.203526708780696
490400,0.2027633517711
490600,0.202925747851253
490800,0.202840753874756
491000,0.202320315778417
491200,0.202211083425407
491400,0.202651061269381
491600,0.203267162151198
491800,0.203459338430978
492000,0.203073293501293
492200,0.20236334742915
492400,0.203071844797453
492600,0.203036084838813
492800,0.203109261308285
493000,0.203721885399192
493200,0.203397164634886
493400,0.204267029105895
493600,0.203629991723445
493800,0.203202027965752
494000,0.202497041501292
494200,0.202772277136234
494400,0.203099566105855
494600,0.201732619849092
494800,0.201869833867095
495000,0.20119512982731
495200,0.201579574529898
495400,0.201865648628711
495600,0.202053948482855
495800,0.201905724554285
496000,0.202336073098139
496200,0.203004083964326
496400,0.202947599875992
496600,0.202724920070019
496800,0.201871778435266
497000,0.202455285837402
497200,0.202929711058713
497400,0.202929093540672
497600,0.202384368311379
497800,0.203008625900227
498000,0.202281098335854
498200,0.202604461210454
498400,0.203088348494504
498600,0.20297110941427
498800,0.202889656340413
499000,0.20224883934754
499200,0.202428802516274
499400,0.203097714132349
499600,0.202743686503418
499800,0.202406751728881
5e+05,0.202414633975383
500200,0.20258216532991
500400,0.202494554650506
500600,0.202026166774968
500800,0.201785949752432
501000,0.201457261937142
501200,0.201603224891603
501400,0.201238347597959
501600,0.200434472399307
501800,0.20086362408134
502000,0.20125091045947
502200,0.20069235405392
502400,0.200751945469601
502600,0.20118984065073
502800,0.200513277643045
503000,0.200558466687435
503200,0.200944562177863
503400,0.202137596576907
503600,0.201767085734878
503800,0.201730229430266
504000,0.202160478757147
504200,0.202137525381703
504400,0.202795394270027
504600,0.203182679789496
504800,0.202305970911568
505000,0.202702116493069
505200,0.202906517271527
505400,0.202795520410495
505600,0.202231520007982
505800,0.202389882873071
506000,0.202124696203166
506200,0.20390231869009
506400,0.203104174256989
506600,0.202649792415974
506800,0.202680622061138
507000,0.203263886926084
507200,0.203488395789575
507400,0.203048442669557
507600,0.202988007529455
507800,0.201800330437098
508000,0.201949536299423
508200,0.202108468391798
508400,0.202618425054487
508600,0.202712483152273
508800,0.202781592802852
509000,0.20325178046269
509200,0.202852076566405
509400,0.20288478399993
509600,0.203400787747738
509800,0.20261633718953
510000,0.203221109806593
510200,0.203193814374062
510400,0.203505253875309
510600,0.203298283655664
510800,0.202695960476474
511000,0.202657362879108
511200,0.202219533195791
511400,0.202446882473273
511600,0.202224399602999
511800,0.202308501907011
512000,0.201691485325733
512200,0.20250773844106
512400,0.202645190683138
512600,0.202601270456648
512800,0.202265241136922
513000,0.20232749862573
513200,0.202123592812232
513400,0.202050967021468
513600,0.202477897936924
513800,0.202441278975255
514000,0.202354434182537
514200,0.202999552356626
514400,0.20278241046045
514600,0.203241349250311
514800,0.203104747352203
515000,0.203123715910829
515200,0.202689244134508
515400,0.203317369565103
515600,0.20311347008516
515800,0.202644405423343
516000,0.202703987160556
516200,0.20294769488347
516400,0.203075107423738
516600,0.201884236534662
516800,0.202616097114093
517000,0.202090360330786
517200,0.201754473621664
517400,0.201496851262317
517600,0.201333909301722
517800,0.201293722170201
518000,0.201472071290288
518200,0.201734362968889
518400,0.201473726988072
518600,0.202817928183178
518800,0.202254776349959
519000,0.202706969773704
519200,0.203085722268686
519400,0.202011768084594
519600,0.201223762017108
519800,0.201010779863125
520000,0.202309842498592
520200,0.201505471570631
520400,0.201442162362718
520600,0.201904191790302
520800,0.201468109289413
521000,0.202003973791617
521200,0.202121861790126
521400,0.201794285201721
521600,0.202489506012046
521800,0.202998195757573
522000,0.202308875329875
522200,0.201981214486396
522400,0.203008993910673
522600,0.20307936824278
522800,0.202262783505207
523000,0.202571959136986
523200,0.202703091378989
523400,0.202836328865764
523600,0.202329643335592
523800,0.202234595932312
524000,0.203104274053553
524200,0.202467971458268
524400,0.203133026265567
524600,0.202896346110484
524800,0.203220630006349
525000,0.203897638868503
525200,0.203351339708847
525400,0.203249862191067
525600,0.202830639318634
525800,0.202787069797038
526000,0.202206843758641
526200,0.201805108230444
526400,0.201735181892407
526600,0.202249330287488
526800,0.202650474310089
527000,0.201717352508183
527200,0.202454816656146
527400,0.202833576336373
527600,0.202477995886434
527800,0.20288839393265
528000,0.203297869876752
528200,0.202847899242993
528400,0.202815605579296
528600,0.202673265014612
528800,0.202800299128387
529000,0.202654084397351
529200,0.202658337014618
529400,0.203206002995836
529600,0.202751675292209
529800,0.202763647229881
530000,0.202643703442908
530200,0.202065311555595
530400,0.202667473449813
530600,0.202361277630611
530800,0.202374009573442
531000,0.20154717217974
531200,0.202468595361057
531400,0.202618925099007
531600,0.201387226334594
531800,0.201062831808989
532000,0.201566419291323
532200,0.202976730489602
532400,0.203227076871286
532600,0.20271220447645
532800,0.202711305355308
533000,0.202218586160925
533200,0.202405084738755
533400,0.201783961481836
533600,0.201291749319119
533800,0.201470320956197
534000,0.202277672007427
534200,0.201340305006777
534400,0.201271237599168
534600,0.201733135020804
534800,0.201836101809603
535000,0.202134510386555
535200,0.202169211831594
535400,0.201853911342938
535600,0.2028843339976
535800,0.201444005461828
536000,0.200916631467047
536200,0.201028692229934
536400,0.200557576481631
536600,0.201064098357999
536800,0.201439209983627
537000,0.201358606186137
537200,0.203099416132479
537400,0.202557517581906
537600,0.202162709615121
537800,0.201006481934051
538000,0.20075386191767
538200,0.200492441980352
538400,0.200832493024545
538600,0.200736306824177
538800,0.201052101356693
539000,0.201361510471693
539200,0.201597662008758
539400,0.201260287563292
539600,0.200788718375191
539800,0.201114050189911
540000,0.201700810408722
540200,0.201419018174974
540400,0.200545901781119
540600,0.200981797334204
540800,0.201283538405267
541000,0.201136476406979
541200,0.201531670358799
541400,0.20146078575569
541600,0.201721138528847
541800,0.202538721188588
542000,0.201514706993362
542200,0.20238216061761
542400,0.202135221848718
542600,0.202881110236535
542800,0.202508447764824
543000,0.202206402105689
543200,0.201741233551399
543400,0.201071195160662
543600,0.200787049455467
543800,0.20134232490799
544000,0.201582060257283
544200,0.201024303543405
544400,0.200217117734526
544600,0.200859514940055
544800,0.201378407846994
545000,0.201055848066172
545200,0.201089035780233
545400,0.200888059631648
545600,0.200702406845617
545800,0.20182858600858
546000,0.202350650755651
546200,0.201579434577888
546400,0.201201319074004
546600,0.200680790178465
546800,0.200491612938459
547000,0.200503935400436
547200,0.200519413401353
547400,0.201540966406888
547600,0.201159070360313
547800,0.201713252336019
548000,0.201556414832642
548200,0.201514080779039
548400,0.201875184105542
548600,0.202434315439217
548800,0.201504389434628
549000,0.201571804496796
549200,0.201952494960644
549400,0.202045730933272
549600,0.20187502381131
549800,0.201328999427334
550000,0.201369682091215
550200,0.202842266350293
550400,0.202378101022765
550600,0.201610862156411
550800,0.20083776958479
551000,0.200421110104439
551200,0.199979308482386
551400,0.20071730329355
551600,0.201480851809634
551800,0.201112880788912
552000,0.201364083842531
552200,0.20209696409675
552400,0.202065498179092
552600,0.202058928607615
552800,0.201821230522784
553000,0.202618184668244
553200,0.202818869283897
553400,0.202533889874332
553600,0.201813219014061
553800,0.201381611940257
554000,0.201431082873697
554200,0.201874315989948
554400,0.201547371215054
554600,0.201322334745603
554800,0.201309169937048
555000,0.200306777597781
555200,0.200574314644199
555400,0.199562860212464
555600,0.198833645548194
555800,0.198813120513961
556000,0.19980354440182
556200,0.19894009034881
556400,0.200265701591216
556600,0.199856900627536
556800,0.199832185106903
557000,0.200387235276423
557200,0.200654186259792
557400,0.199425082354987
557600,0.200041629972775
557800,0.200043695987845
558000,0.199999922033739
558200,0.200470176975079
558400,0.200273231330658
558600,0.200477125930829
558800,0.200602878612219
559000,0.199737498119274
559200,0.200556437109889
559400,0.200068675384285
559600,0.200505825140504
559800,0.201231944479621
560000,0.200650800087496
560200,0.200806356096609
560400,0.200961786450259
560600,0.200493874425649
560800,0.200889855230589
561000,0.200818520417095
561200,0.200941783673264
561400,0.201198952982541
561600,0.200407333502153
561800,0.200747736544134
562000,0.200274679758853
562200,0.200932540725798
562400,0.200820955622791
562600,0.200995080156594
562800,0.199969245203433
563000,0.199741743826298
563200,0.200893550859254
563400,0.200821578809455
563600,0.200946614559257
563800,0.201341529822394
564000,0.200728088077015
564200,0.201011370424829
564400,0.200877258739029
564600,0.201379370038452
564800,0.202007995999389
565000,0.202484620878379
565200,0.201697231234594
565400,0.201809389543494
565600,0.201444175644385
565800,0.201226553984684
566000,0.201695685326419
566200,0.203123038678184
566400,0.202092307831731
566600,0.201687471636057
566800,0.200824527263966
567000,0.201196433586894
567200,0.20186780095354
567400,0.202016411494608
567600,0.201366596208882
567800,0.202462894955645
568000,0.202033771255684
568200,0.201899188310618
568400,0.20201847496377
568600,0.201755590403874
568800,0.202827860598368
569000,0.203240748122611
569200,0.202469090786169
569400,0.202730130020724
569600,0.202438061109357
569800,0.201894109276413
570000,0.201630661921915
570200,0.201911679369931
570400,0.202663997679661
570600,0.202828802920974
570800,0.202771674618572
571000,0.202495920004674
571200,0.201916269318402
571400,0.202803518736256
571600,0.201859151746251
571800,0.202334465152153
572000,0.20266120469443
572200,0.202389505271291
572400,0.20212429910524
572600,0.203268985663812
572800,0.203750052908985
573000,0.202823940719056
573200,0.203563270295948
573400,0.203565191750827
573600,0.202852141861093
573800,0.202563632640274
574000,0.2021976437184
574200,0.202192750182325
574400,0.202488320384165
574600,0.203194636897377
574800,0.202393098834292
575000,0.202009903707124
575200,0.201499286636767
575400,0.20178036081684
575600,0.201984890852639
575800,0.201621187157048
576000,0.202071379524656
576200,0.202336784485105
576400,0.201659237029686
576600,0.20128653732425
576800,0.201147417490727
577000,0.201434399947506
577200,0.201441413347907
577400,0.202114790749277
577600,0.20300697455523
577800,0.202974501944319
578000,0.20223115849514
578200,0.202051720361307
578400,0.201832149939244
578600,0.202497466606644
578800,0.20270903468245
579000,0.202501419424604
579200,0.202177608694403
579400,0.201732897548918
579600,0.201657318598077
579800,0.202385505494584
580000,0.202356503652221
580200,0.202384625362815
580400,0.202957121802758
580600,0.202118065832834
580800,0.201642626438863
581000,0.201510133677748
581200,0.200793289317941
581400,0.200864153620749
581600,0.200954332312227
581800,0.20141693537972
582000,0.201185433644122
582200,0.200975612868975
582400,0.201485800128286
582600,0.201169372091206
582800,0.201521732434907
583000,0.200999420607381
583200,0.200565403309801
583400,0.200622625456062
583600,0.200720979846007
583800,0.20129492990536
584000,0.200926592034331
584200,0.200340630351614
584400,0.200583119338295
584600,0.199855263351396
584800,0.199994349942897
585000,0.200378095146543
585200,0.200672668162938
585400,0.201223092034498
585600,0.201217868957568
585800,0.200632796088816
586000,0.200715601950247
586200,0.200847467445058
586400,0.200547250749233
586600,0.200473567001916
586800,0.199617213982863
587000,0.20054115311682
587200,0.201103666296217
587400,0.201371254373503
587600,0.200870221436195
587800,0.200937311266244
588000,0.201237197506597
588200,0.200488310865924
588400,0.200367099124052
588600,0.20133061027951
588800,0.201834546317471
589000,0.201967989636943
589200,0.202210324858213
589400,0.202795169497054
589600,0.202860782316292
589800,0.203199027835677
590000,0.20219274557166
590200,0.201699196033938
590400,0.201915964264463
590600,0.202411326461317
590800,0.202128496627866
591000,0.20224059227582
591200,0.202044035561607
591400,0.200784413854
591600,0.199930889654696
591800,0.199817675300469
592000,0.199898939762283
592200,0.200158758260518
592400,0.200449968111015
592600,0.200103984209137
592800,0.200709085338152
593000,0.201062592335253
593200,0.200983600430975
593400,0.201569607790462
593600,0.20223645072875
593800,0.202370660454278
594000,0.202462660352406
594200,0.202582287216234
594400,0.203174329856734
594600,0.202622331707832
594800,0.202707076364019
595000,0.202429029577086
595200,0.203479749839845
595400,0.20309316654935
595600,0.202388250944054
595800,0.202223895495844
596000,0.202004943097734
596200,0.201853537025286
596400,0.202012817488184
596600,0.202232300223573
596800,0.202170736845745
597000,0.201814199519799
597200,0.20209412976933
597400,0.202482749644147
597600,0.201793432544249
597800,0.201657421791975
598000,0.201237599061489
598200,0.200925563410041
598400,0.2019456084282
598600,0.201773751243516
598800,0.201865865918217
599000,0.202570884655483
599200,0.202346307503594
599400,0.202153150278168
599600,0.203150199845137
599800,0.202461818912279
6e+05,0.202804717050515
600200,0.202478856400382
600400,0.20155337758863
600600,0.201418184683393
600800,0.201405217474871
601000,0.202021870785483
601200,0.201933369153287
601400,0.202688756600411
601600,0.202407714849507
601800,0.201870733043308
602000,0.202133442996594
602200,0.20184366021097
602400,0.201723964142607
602600,0.201464939149493
602800,0.200994271506014
603000,0.200584979194926
603200,0.201298214037465
603400,0.201596600968201
603600,0.200859096961142
603800,0.200693251858094
604000,0.200687464022071
604200,0.201734557709382
604400,0.201201283270971
604600,0.2009321781851
604800,0.200576336240895
605000,0.201236996781097
605200,0.2009706271801
605400,0.200750499944647
605600,0.200519368456219
605800,0.200124937724881
606000,0.199823143581762
606200,0.199451845842595
606400,0.200593884400202
606600,0.201052422221874
606800,0.200744659877294
607000,0.200754891197804
607200,0.200914991699686
607400,0.200414163066639
607600,0.201145489108487
607800,0.201901595944504
608000,0.201373246055326
608200,0.202227139362544
608400,0.202557515056853
608600,0.202144997329036
608800,0.202738197288637
609000,0.202257111123815
609200,0.201235286798368
609400,0.201296772166342
609600,0.201378337952276
609800,0.201372071831303
610000,0.201015920783517
610200,0.200920651201371
610400,0.200612807063655
610600,0.200660246128161
610800,0.200570798860354
611000,0.200432557139037
611200,0.200655632885612
611400,0.200172178693394
611600,0.200243986612597
611800,0.201385321995508
612000,0.201983221262099
612200,0.20180159617025
612400,0.201737780754415
612600,0.202163238760568
612800,0.202587114407333
613000,0.202421290679739
613200,0.202574377005481
613400,0.202266630151358
613600,0.202004525792058
613800,0.201915363121044
614000,0.201429749649242
614200,0.201534574757275
614400,0.201463161101527
614600,0.201484863502847
614800,0.201338260275888
615000,0.201744946500156
615200,0.201586472731291
615400,0.20229640786355
615600,0.201956332972987
615800,0.201233446002398
616000,0.201513469325995
616200,0.201334665145375
616400,0.201431522552446
616600,0.201491932297626
616800,0.201676197275745
617000,0.201655823343334
617200,0.202208654270722
617400,0.2015031473901
617600,0.200917465576979
617800,0.200502503072165
618000,0.199293647715041
618200,0.199660923643761
618400,0.200335030572478
618600,0.200768818311887
618800,0.200422272747028
619000,0.200139166110348
619200,0.199647716847258
619400,0.199751506955884
619600,0.20098021539099
619800,0.200787127027099
620000,0.200141931336556
620200,0.200470308120669
620400,0.200356977945237
620600,0.200200515830068
620800,0.19965364294194
621000,0.200048752622009
621200,0.198620548147195
621400,0.199448278819491
621600,0.20029566043268
621800,0.200504819397527
622000,0.199954452512182
622200,0.20001741492404
622400,0.199350607225906
622600,0.199120404166397
622800,0.199677421255306
623000,0.200027366993607
623200,0.199341209606609
623400,0.19860535632033
623600,0.199094810048803
623800,0.198592762712516
624000,0.199602715946239
624200,0.199421740847608
624400,0.199273023191965
624600,0.198400904992756
624800,0.198482055227199
625000,0.1986697771267
625200,0.19939995005902
625400,0.199387919685802
625600,0.199579759112691
625800,0.198948794307226
626000,0.198685391578684
626200,0.198059571848964
626400,0.198587623950168
626600,0.199083558271387
626800,0.198960727788342
627000,0.200165569494723
627200,0.199700323773404
627400,0.199381870643217
627600,0.199148535030323
627800,0.199420625478973
628000,0.199768165327016
628200,0.200154245542824
628400,0.199778635617041
628600,0.200226886973624
628800,0.199393074105114
629000,0.200284632492508
629200,0.200513733654661
629400,0.199657652261299
629600,0.198895216786939
629800,0.199123418264512
630000,0.199094023551957
630200,0.199586622691676
630400,0.198643922495295
630600,0.198431348184215
630800,0.198022452256482
631000,0.198627791788805
631200,0.19876169581839
631400,0.199381847109221
631600,0.199075398977644
631800,0.199247624738623
632000,0.199531550091697
632200,0.199902985974819
632400,0.199789930174759
632600,0.200257966445682
632800,0.201462689138081
633000,0.201368042420011
633200,0.200744624113002
633400,0.199865439130025
633600,0.198954979710997
633800,0.199843896504894
634000,0.19979087562437
634200,0.199037256360751
634400,0.198849307813463
634600,0.198637499212868
634800,0.199261185847312
635000,0.20041906550495
635200,0.200623756186914
635400,0.200545632633653
635600,0.200421308858734
635800,0.199758649446291
636000,0.200959237371089
636200,0.201095804837021
636400,0.200938017563054
636600,0.200697691269643
636800,0.200374506961275
637000,0.200485012742821
637200,0.200229849569712
637400,0.199522553345029
637600,0.199692249492835
637800,0.200022049170413
638000,0.199877745803192
638200,0.200154149599024
638400,0.201039543616853
638600,0.200376469950243
638800,0.20051696260662
639000,0.19989836048734
639200,0.199921446489763
639400,0.198434197430124
639600,0.198473734417504
639800,0.199718657186359
640000,0.20022006117743
640200,0.198964566000141
640400,0.198688949575959
640600,0.199651901405102
640800,0.199697486365635
641000,0.199123700604999
641200,0.198951717306035
641400,0.199150346802583
641600,0.199381194033708
641800,0.198767033175008
642000,0.19818910174359
642200,0.197796841660905
642400,0.197539873679144
642600,0.197993371437274
642800,0.197518545854917
643000,0.197424796496886
643200,0.198249069714442
643400,0.198513019679923
643600,0.198433632551446
643800,0.197917206202447
644000,0.197831431788078
644200,0.198076823258341
644400,0.197767850549998
644600,0.197190257159328
644800,0.197274349336457
645000,0.197635883364891
645200,0.198272857770511
645400,0.198174200755948
645600,0.198711153011269
645800,0.198663767383288
646000,0.198417595810856
646200,0.197257920997675
646400,0.197919622980571
646600,0.198027017489316
646800,0.196936917219489
647000,0.197334243253562
647200,0.197385816289781
647400,0.197214160052008
647600,0.197624002830603
647800,0.197888505388343
648000,0.197364877631734
648200,0.197647206447669
648400,0.197550965927837
648600,0.197862951457591
648800,0.197478344785965
649000,0.19709686249813
649200,0.198045763309629
649400,0.197963523599207
649600,0.197972565120146
649800,0.198072611776434
650000,0.198042793070387
650200,0.19793408753584
650400,0.198012968527854
650600,0.197412930979717
650800,0.197349591316457
651000,0.197889132898316
651200,0.198193456773057
651400,0.197534749400227
651600,0.197461230480768
651800,0.19769007827509
652000,0.197714078666936
652200,0.197999057797182
652400,0.197892030135543
652600,0.197820505186468
652800,0.19823486795142
653000,0.197995883683875
653200,0.197926192780987
653400,0.198654130149053
653600,0.199352528161564
653800,0.199234942063891
654000,0.19863292373496
654200,0.199448517404517
654400,0.198994959763969
654600,0.19921548758921
654800,0.199788395914059
655000,0.199176185776387
655200,0.198987161440399
655400,0.198834503752554
655600,0.198712552025726
655800,0.198771628847123
656000,0.198068898591754
656200,0.197910734859793
656400,0.198425896437905
656600,0.198428022286352
656800,0.198039072474925
657000,0.197887371655379
657200,0.197370125476543
657400,0.196707358571723
657600,0.197035127255078
657800,0.197334835162235
658000,0.197821894817797
658200,0.198216833298026
658400,0.198304742908242
658600,0.198021384156136
658800,0.197372982032153
659000,0.197842350082094
659200,0.198541396824445
659400,0.199042687282285
659600,0.198612788040981
659800,0.198404669557347
660000,0.198278654187128
660200,0.198357167730332
660400,0.198325379930288
660600,0.198649983992317
660800,0.198793705202487
661000,0.200097587404191
661200,0.199053764374805
661400,0.198986337142154
661600,0.198364803736547
661800,0.198767783094655
662000,0.198883133622158
662200,0.198380383169306
662400,0.198054431507786
662600,0.198467829649429
662800,0.197535158805892
663000,0.198331381122395
663200,0.197837266375493
663400,0.198418531521605
663600,0.198934443027884
663800,0.198504132522316
664000,0.197541854607877
664200,0.198922831838924
664400,0.198980816606889
664600,0.198517261675636
664800,0.198291643400278
665000,0.197747124918012
665200,0.198176401733043
665400,0.197710539806102
665600,0.197409081782747
665800,0.196782568923071
666000,0.19737374937669
666200,0.198219504494912
666400,0.197957286390674
666600,0.198070098486966
666800,0.198196369712616
667000,0.197737128739545
667200,0.196868460996519
667400,0.197116317669966
667600,0.197378241756952
667800,0.197947196664471
668000,0.198108753479555
668200,0.197001432202495
668400,0.196569377597302
668600,0.196319555466076
668800,0.196875564708824
669000,0.19767605452232
669200,0.196855864396493
669400,0.196951980589204
669600,0.197936264050287
669800,0.197664735938309
670000,0.197401757383459
670200,0.197652246118383
670400,0.198355816309125
670600,0.197309899315119
670800,0.196923702190468
671000,0.198104151499277
671200,0.197990034066271
671400,0.197920159539277
671600,0.19766620447117
671800,0.197662501533262
672000,0.197401280340179
672200,0.197771443708935
672400,0.197878914236652
672600,0.198898064380146
672800,0.198539683521366
673000,0.198867925024106
673200,0.19824236320531
673400,0.198578629657484
673600,0.198562075375765
673800,0.198261103952468
674000,0.198623287746468
674200,0.198446533485492
674400,0.197951367020129
674600,0.198842103459461
674800,0.198100191562663
675000,0.198194007778162
675200,0.198761593625873
675400,0.198468817024437
675600,0.198180324375946
675800,0.197864163871566
676000,0.197763384866977
676200,0.197424775011421
676400,0.197468828330848
676600,0.198270191757699
676800,0.198098961833486
677000,0.1984626061048
677200,0.198117019003296
677400,0.197582156285969
677600,0.198176711195159
677800,0.197526987116345
678000,0.197414379309694
678200,0.19739505855039
678400,0.196456545369888
678600,0.196300484630889
678800,0.195890425062449
679000,0.195694027009986
679200,0.195848213186638
679400,0.19619690871815
679600,0.195879888394062
679800,0.196548769720335
680000,0.198146954462213
680200,0.197130097299305
680400,0.19699827010819
680600,0.196989444124774
680800,0.196920691142564
681000,0.197821198971991
681200,0.197536654817041
681400,0.197979675080516
681600,0.197964222159274
681800,0.19765936627221
682000,0.197668660286796
682200,0.197079900479997
682400,0.197096399838969
682600,0.196728665650388
682800,0.197113092295482
683000,0.197386090753914
683200,0.19821216021228
683400,0.197272728758961
683600,0.196959054874494
683800,0.197375452901376
684000,0.197219351930267
684200,0.19699423518587
684400,0.19829500368902
684600,0.19758565749918
684800,0.196612757773669
685000,0.196594278527803
685200,0.196965644478975
685400,0.196674141717252
685600,0.197235609676466
685800,0.197535880811529
686000,0.19696816721909
686200,0.197392008802313
686400,0.197680984075983
686600,0.197907565229418
686800,0.198121121604651
687000,0.198209461679764
687200,0.19713547008249
687400,0.197649542132569
687600,0.197121657371723
687800,0.197733945273008
688000,0.198236470119387
688200,0.196997091330038
688400,0.196880926830114
688600,0.196940403107682
688800,0.197439458620949
689000,0.19774165994992
689200,0.197484912655806
689400,0.197991514362481
689600,0.197909131221089
689800,0.196904832398901
690000,0.197647104522121
690200,0.196402397430565
690400,0.196759734393531
690600,0.196891279412124
690800,0.197280247955348
691000,0.197280267681729
691200,0.197583090490833
691400,0.197054611709759
691600,0.197447781982916
691800,0.196826687904533
692000,0.196607638231567
692200,0.195780161963612
692400,0.196621347789532
692600,0.196426056692597
692800,0.196398444629059
693000,0.195507776507197
693200,0.19600778211434
693400,0.196980505416844
693600,0.197330874974411
693800,0.197079400857021
694000,0.196739244506775
694200,0.196747050647269
694400,0.196792086427673
694600,0.197365510117874
694800,0.197789047238982
695000,0.197327681437899
695200,0.197072190159359
695400,0.196589280322239
695600,0.196202885099471
695800,0.196094899987305
696000,0.196533654913104
696200,0.196343385522796
696400,0.196548929040469
696600,0.195781709311851
696800,0.195637044778494
697000,0.195346940622418
697200,0.195611441149172
697400,0.196157547440262
697600,0.196096555477412
697800,0.195807916884124
698000,0.196128724578999
698200,0.196795769868833
698400,0.19673072532703
698600,0.196935109579865
698800,0.197145579474335
699000,0.197101954535686
699200,0.196444637079703
699400,0.196322811898027
699600,0.196762602000004
699800,0.197098321181987
7e+05,0.196798403940024
700200,0.196073668820411
700400,0.196996319446363
700600,0.196998399548832
700800,0.196617453581397
701000,0.19689770838718
701200,0.196621522771909
701400,0.196525669729993
701600,0.196956275585619
701800,0.196529234070864
702000,0.196542068351985
702200,0.196169082617108
702400,0.195577235901009
702600,0.196400870171021
702800,0.195887655504358
703000,0.195594246497469
703200,0.19614150885577
703400,0.195648562506669
703600,0.194970044224876
703800,0.196008622273981
704000,0.196509029417397
704200,0.196269495524268
704400,0.196118904507076
704600,0.196628577258948
704800,0.196546110952406
705000,0.196085243035391
705200,0.196154616321396
705400,0.196536835083024
705600,0.195290851221364
705800,0.1961726226412
706000,0.196699739584263
706200,0.195764467151478
706400,0.196233761916194
706600,0.197138187033397
706800,0.197054252054562
707000,0.196539689595329
707200,0.197102565678676
707400,0.197416771482368
707600,0.196941139995419
707800,0.196628947510629
708000,0.196395678354431
708200,0.196379121025039
708400,0.194970077460627
708600,0.195736828981954
708800,0.195718874506118
709000,0.196088145030663
709200,0.196432047838786
709400,0.19592874304687
709600,0.196734184187876
709800,0.195908993869003
710000,0.196410632354353
710200,0.196723191118411
710400,0.196317668034647
710600,0.195478211905839
710800,0.195625894571115
711000,0.19564675427552
711200,0.195155462126396
711400,0.194659538512179
711600,0.193857740183778
711800,0.194943239723406
712000,0.193720754419534
712200,0.193910551885019
712400,0.193227932125225
712600,0.193341916958422
712800,0.193672313869374
713000,0.194224054629079
713200,0.194973284235709
713400,0.194107659882025
713600,0.19441779452246
713800,0.195063770000394
714000,0.194691667940815
714200,0.194777757359451
714400,0.194973753939071
714600,0.194160079850508
714800,0.194619668752639
715000,0.194576874989235
715200,0.194782555070423
715400,0.195199002444096
715600,0.194652561562738
715800,0.195916878718734
716000,0.195736130462953
716200,0.195105813136019
716400,0.195543660082848
716600,0.196226203853974
716800,0.194853059317554
717000,0.194600147299224
717200,0.195359570049747
717400,0.196082822460645
717600,0.195751051716832
717800,0.194914160394764
718000,0.194724828230025
718200,0.195505029592711
718400,0.194679134109241
718600,0.194118434973046
718800,0.194010729928339
719000,0.194610355666608
719200,0.194831989334549
719400,0.194233472913382
719600,0.194627709856426
719800,0.194371338158145
720000,0.194000222469579
720200,0.193401794827932
720400,0.1933320027198
720600,0.19400738706863
720800,0.193861151087168
721000,0.193534013909723
721200,0.193988753543272
721400,0.193808191982629
721600,0.193383010275609
721800,0.193613693839066
722000,0.193984328432882
722200,0.193983401660106
722400,0.193831434524073
722600,0.194251379560815
722800,0.193937062477308
723000,0.194695772380708
723200,0.195211588463324
723400,0.194918162449299
723600,0.195003310973209
723800,0.194571765662287
724000,0.194599393402536
724200,0.194642951124571
724400,0.195160278609465
724600,0.195056039450975
724800,0.194700372372624
725000,0.194470553101206
725200,0.19448028135403
725400,0.194603299055006
725600,0.194991989281093
725800,0.194789500989632
726000,0.195012699520745
726200,0.195914732486847
726400,0.195373111513327
726600,0.195557515809434
726800,0.195840965895715
727000,0.19541864613665
727200,0.195004223680412
727400,0.195158037277096
727600,0.195481258136011
727800,0.19407314186519
728000,0.193173248663994
728200,0.1933259412431
728400,0.192555379848558
728600,0.192950477446479
728800,0.193043049296791
729000,0.193144997567006
729200,0.193389678145075
729400,0.193060804416295
729600,0.19330946968351
729800,0.193546797791041
730000,0.193487663945059
730200,0.194052889500632
730400,0.194384568364615
730600,0.194518397793563
730800,0.195419454163014
731000,0.195483667990799
731200,0.193685421842343
731400,0.19400004339691
731600,0.193853054494218
731800,0.193415385573834
732000,0.193326143384157
732200,0.193103575688716
732400,0.193764470408119
732600,0.193423674273988
732800,0.192722998903431
733000,0.192628149482348
733200,0.192422537442328
733400,0.192006006355221
733600,0.193422071746241
733800,0.193763599499967
734000,0.193977636045791
734200,0.193247280391512
734400,0.193639826533934
734600,0.1943114457301
734800,0.194106213298545
735000,0.192704030287795
735200,0.193088795019561
735400,0.19334748538106
735600,0.19240298570424
735800,0.191960990134213
736000,0.193289058477416
736200,0.193734934442957
736400,0.194031902494122
736600,0.193966468085987
736800,0.193829215950367
737000,0.193895867877739
737200,0.193687360422097
737400,0.193155125056336
737600,0.192831466026065
737800,0.193273942986382
738000,0.193272321354135
738200,0.192093685124007
738400,0.1925180399403
738600,0.192601380360272
738800,0.19300872856343
739000,0.19345947991712
739200,0.192696650630297
739400,0.193116382947896
739600,0.193679298984226
739800,0.193906484267485
740000,0.193648493371163
740200,0.193909947590301
740400,0.193771853740543
740600,0.193158867302863
740800,0.193992208561197
741000,0.193243870105862
741200,0.194052856413607
741400,0.193818710288016
741600,0.193629875159321
741800,0.19418923597369
742000,0.194023159387152
742200,0.194126329723825
742400,0.19428475578238
742600,0.193867316146934
742800,0.193803702869745
743000,0.193883282387731
743200,0.194994097406675
743400,0.195378598747173
743600,0.194385581243314
743800,0.194270850113038
744000,0.193173076901151
744200,0.193915143890483
744400,0.193760246524267
744600,0.193838879722703
744800,0.193196052783177
745000,0.194003834550927
745200,0.193653247798387
745400,0.193787762569061
745600,0.193531781439084
745800,0.192865332375364
746000,0.194057287133452
746200,0.194281257966629
746400,0.193646816615017
746600,0.192988660730824
746800,0.193534130109421
747000,0.193273164999528
747200,0.193114888385068
747400,0.193748823610691
747600,0.193262607594357
747800,0.193117612599878
748000,0.192450611358259
748200,0.192465202766591
748400,0.192596412917078
748600,0.193047657422428
748800,0.193809659045779
749000,0.194043800811878
749200,0.193625630274729
749400,0.193593498360477
749600,0.193012899785922
749800,0.192867926521085
750000,0.193441772376933
750200,0.194468798384634
750400,0.194235695765632
750600,0.194093751856747
750800,0.193670322966016
751000,0.193200721094861
751200,0.193493689859919
751400,0.193824767156352
751600,0.193144457632038
751800,0.193068043350195
752000,0.192448307782777
752200,0.192768502865743
752400,0.192913299825996
752600,0.193342441573642
752800,0.193283079908241
753000,0.192901582951025
753200,0.193240888211187
753400,0.193770305666757
753600,0.194397094302792
753800,0.19501785342895
754000,0.19386254433021
754200,0.193955319023529
754400,0.19374653564191
754600,0.193903407197205
754800,0.194457781547072
755000,0.194578352147158
755200,0.195097049668421
755400,0.195595698747745
755600,0.195052293033866
755800,0.194827839103205
756000,0.194519956607113
756200,0.193906168575364
756400,0.193311464126365
756600,0.193234502685031
756800,0.194585615448322
757000,0.193603094655421
757200,0.193979382895058
757400,0.193720482253617
757600,0.193221348216667
757800,0.193755112072054
758000,0.193920358404974
758200,0.19351584567524
758400,0.193138438513922
758600,0.193581713364874
758800,0.193476350957457
759000,0.194332614388061
759200,0.194003144554402
759400,0.193919017330501
759600,0.193461089801328
759800,0.192966109742387
760000,0.193212204074504
760200,0.192828100634984
760400,0.192630958809861
760600,0.192030870042186
760800,0.191991848774942
761000,0.192672303001865
761200,0.192892149304944
761400,0.193461454865562
761600,0.193419135703208
761800,0.19382294161254
762000,0.193230154951922
762200,0.193539230808442
762400,0.194575535647248
762600,0.194369181866698
762800,0.194553191819968
763000,0.195447906672049
763200,0.195151514915291
763400,0.195286949603332
763600,0.195338779392679
763800,0.194312614103161
764000,0.194091713326489
764200,0.193239092445474
764400,0.193591063067476
764600,0.19336992886792
764800,0.193157603381699
765000,0.192569153896916
765200,0.19319460959269
765400,0.192985511065756
765600,0.193402752166555
765800,0.193455375926154
766000,0.192683412834697
766200,0.193492048102814
766400,0.193543699533126
766600,0.193750820823231
766800,0.193039377773367
767000,0.193497574846977
767200,0.194041101593018
767400,0.193806615617895
767600,0.192878937975833
767800,0.192567013033396
768000,0.193503970342705
768200,0.193745138959911
768400,0.193676046474494
768600,0.194139861361983
768800,0.193577557140032
769000,0.192860331418572
769200,0.193271821318931
769400,0.193792237035518
769600,0.19327171261495
769800,0.193399396874677
770000,0.193397656568489
770200,0.194203370301849
770400,0.193580580831497
770600,0.193137755449917
770800,0.19302398253345
771000,0.193672171693614
771200,0.193578183053518
771400,0.193265818647298
771600,0.193315853389396
771800,0.193441181038478
772000,0.193884896452448
772200,0.194169185289686
772400,0.194857906596928
772600,0.195237632083722
772800,0.195019117665523
773000,0.194506741608897
773200,0.194620172781354
773400,0.194678735807697
773600,0.194668400927432
773800,0.195848866217587
774000,0.195578721302746
774200,0.194183984482256
774400,0.194104842665811
774600,0.195010155323537
774800,0.194904571467386
775000,0.195074703019314
775200,0.195409116470742
775400,0.195937539404443
775600,0.19549523746256
775800,0.195208049213934
776000,0.195698171234214
776200,0.195994329256501
776400,0.195313204361919
776600,0.195616179865934
776800,0.196563253320431
777000,0.196238659691999
777200,0.196728223758004
777400,0.197096644575943
777600,0.197287416611196
777800,0.196472113674215
778000,0.196081060588405
778200,0.195703716002584
778400,0.196456465950337
778600,0.196124367142671
778800,0.196045997221241
779000,0.197033921124586
779200,0.196543075288442
779400,0.19592150492099
779600,0.195449107639923
779800,0.194912804576526
780000,0.194886699334064
780200,0.195059153135496
780400,0.194864096232395
780600,0.19540609305446
780800,0.195877812291858
781000,0.195740272283267
781200,0.196401174765071
781400,0.195598626551422
781600,0.195793497869904
781800,0.196250860422879
782000,0.196395937927624
782200,0.196493874773941
782400,0.196779427826509
782600,0.195828144387694
782800,0.196223646058676
783000,0.196417559645788
783200,0.1966088056564
783400,0.196553166466385
783600,0.195970092105231
783800,0.195302137999941
784000,0.195679484125122
784200,0.194953015682768
784400,0.194178285921812
784600,0.194156326201886
784800,0.194457796094455
785000,0.193799740748328
785200,0.193788088113688
785400,0.193751765489781
785600,0.194290397029654
785800,0.194494416084173
786000,0.194047748459507
786200,0.193438872017178
786400,0.194035571138173
786600,0.194294423948172
786800,0.1947764040484
787000,0.194192545099803
787200,0.194205145969318
787400,0.194483583947601
787600,0.194632589576652
787800,0.194391419162945
788000,0.193716514841604
788200,0.193963460881916
788400,0.194432153806832
788600,0.194850788918143
788800,0.194753358856495
789000,0.195234308217075
789200,0.194746208816845
789400,0.195420782457096
789600,0.194778693018038
789800,0.195411803194305
790000,0.194882903562186
790200,0.194399728241808
790400,0.195185290636457
790600,0.19607993217464
790800,0.195798295169061
791000,0.195889434937795
791200,0.196550165372445
791400,0.19595361658282
791600,0.196089440691866
791800,0.196466065276954
792000,0.196789855704875
792200,0.197502483809575
792400,0.197649133879541
792600,0.196711626111159
792800,0.196551091702896
793000,0.195510396689373
793200,0.194674351288402
793400,0.194853565257548
793600,0.195211030974548
793800,0.194710368924383
794000,0.195292313902769
794200,0.194841767465029
794400,0.194339431858733
794600,0.194774948464153
794800,0.195165161701833
795000,0.195361877700911
795200,0.195677897535523
795400,0.196139024642521
795600,0.196111904961649
795800,0.196222411870365
796000,0.196561767923364
796200,0.196087031928882
796400,0.195655087115937
796600,0.196238061734536
796800,0.196175444683905
797000,0.19648662509507
797200,0.1957496704013
797400,0.19559230511264
797600,0.196249394474083
797800,0.195737015136333
798000,0.195931005479837
798200,0.196615129027228
798400,0.196499466727197
798600,0.196037302298042
798800,0.1962840917467
799000,0.196632318864283
799200,0.195514803415091
799400,0.195479984063514
799600,0.195588439904564
799800,0.196005312103143
8e+05,0.195906831575904
800200,0.195766924331836
800400,0.195906842178597
800600,0.195787304000066
800800,0.196045782233971
801000,0.196177023857472
801200,0.194689691260071
801400,0.195039570024041
801600,0.195169396857446
801800,0.196424808160747
802000,0.196876942995855
802200,0.196412845612191
802400,0.196777114297611
802600,0.196821162176193
802800,0.19595293683139
803000,0.196306057262122
803200,0.196171218544415
803400,0.195472198525246
803600,0.195993950719202
803800,0.195983168062756
804000,0.196209318395738
804200,0.195381533483889
804400,0.194303684839753
804600,0.194791282728252
804800,0.19496515856796
805000,0.193889707480906
805200,0.194210607821564
805400,0.195437899212168
805600,0.195295448191242
805800,0.194640433097014
806000,0.195090046941775
806200,0.19519221648126
806400,0.195405998890178
806600,0.195795890051236
806800,0.194834319713092
807000,0.194367827014521
807200,0.194955041580238
807400,0.194735706096287
807600,0.194416682720238
807800,0.194080875503688
808000,0.1948571095634
808200,0.194820893554905
808400,0.194256321940665
808600,0.194127465273805
808800,0.194412206784437
809000,0.194660234521221
809200,0.195263887489615
809400,0.1946958799914
809600,0.194801379686531
809800,0.19497224981203
810000,0.195270796226271
810200,0.195730735808398
810400,0.195162993006068
810600,0.194322598130255
810800,0.194696507250699
811000,0.193504880821465
811200,0.193231760725355
811400,0.192777461753062
811600,0.193367877882526
811800,0.193811628039192
812000,0.194625578744205
812200,0.195325184044613
812400,0.194608709833686
812600,0.194452211557843
812800,0.194384511882514
813000,0.19440259323377
813200,0.193650387260311
813400,0.193618700476822
813600,0.19294480200453
813800,0.193466285111558
814000,0.193183487450274
814200,0.193220193706001
814400,0.193133740770829
814600,0.192899088881742
814800,0.193945818695049
815000,0.193362765786589
815200,0.19341062598848
815400,0.193786976402012
815600,0.193068212385797
815800,0.192840448056496
816000,0.192502260617069
816200,0.192463752283722
816400,0.1923672377013
816600,0.193013463089657
816800,0.19366740849795
817000,0.193323873460559
817200,0.19313074898526
817400,0.193724057496276
817600,0.193378198760275
817800,0.193217379038004
818000,0.193087458700792
818200,0.193358276716309
818400,0.193171026859022
818600,0.193507346783761
818800,0.193947468761063
819000,0.192479980225129
819200,0.192376918581053
819400,0.192521482728158
819600,0.192635353321093
819800,0.192038932265556
820000,0.192545456457384
820200,0.193827807039313
820400,0.194480806003099
820600,0.193270901913864
820800,0.19348404787462
821000,0.192965932187935
821200,0.192934966178812
821400,0.192663226066119
821600,0.192674201667214
821800,0.19296529803288
822000,0.192832703165628
822200,0.193194101902792
822400,0.192305171190619
822600,0.193237388860009
822800,0.192353827843121
823000,0.193193154731051
823200,0.192178586432118
823400,0.191618518300972
823600,0.1922934315213
823800,0.19204145402139
824000,0.191629334024117
824200,0.192000515637785
824400,0.192010612997183
824600,0.192556898282594
824800,0.192448762532823
825000,0.192489731344281
825200,0.19154443309469
825400,0.191771576931178
825600,0.191992007530453
825800,0.191997151617266
826000,0.19201302733224
826200,0.191466437585594
826400,0.191542085911164
826600,0.191228116882625
826800,0.191593414460022
827000,0.191671052639971
827200,0.191711890423937
827400,0.191703817557776
827600,0.192570844262622
827800,0.192926123339882
828000,0.191453045320022
828200,0.190742694856975
828400,0.19080387632786
828600,0.192019049992597
828800,0.191368062496233
829000,0.191537640748104
829200,0.191932004353204
829400,0.191450236519506
829600,0.192404837436658
829800,0.191590771135715
830000,0.191360236364616
830200,0.191009454495511
830400,0.191344666298405
830600,0.192362049343475
830800,0.191678295633483
831000,0.192299209643904
831200,0.190865408181632
831400,0.191043405649409
831600,0.190956909652879
831800,0.191020105448044
832000,0.19056257358947
832200,0.19116816385845
832400,0.191135887162131
832600,0.191394154351075
832800,0.191479707952407
833000,0.191367801863599
833200,0.192265888494057
833400,0.19242379555498
833600,0.192056340110006
833800,0.19189777339653
834000,0.191835677282397
834200,0.191364381695397
834400,0.191257810277134
834600,0.191543325049568
834800,0.191862688062254
835000,0.191752934995639
835200,0.191583988111343
835400,0.190423880602409
835600,0.191315759265065
835800,0.191023031954027
836000,0.190998733257945
836200,0.190341430757941
836400,0.19110848714223
836600,0.191095457844108
836800,0.191072298573449
837000,0.191256790681629
837200,0.190626377235432
837400,0.190353157600238
837600,0.189858927128837
837800,0.190439435212034
838000,0.191459543265576
838200,0.191393761720291
838400,0.190174341069384
838600,0.189922095154991
838800,0.189903133723594
839000,0.190013408229168
839200,0.189607504814017
839400,0.189552927696072
839600,0.189127446852706
839800,0.191132782818324
840000,0.19048737437377
840200,0.191052352132034
840400,0.191406672192983
840600,0.191821866459816
840800,0.191349986638481
841000,0.191192970821106
841200,0.192042140338574
841400,0.191629175236103
841600,0.190937527601903
841800,0.190721291161803
842000,0.190534916010181
842200,0.190829486608586
842400,0.190400003168052
842600,0.191793319030486
842800,0.191454787557393
843000,0.191723838483938
843200,0.191715490359499
843400,0.191299014115983
843600,0.19126925950851
843800,0.190688349620348
844000,0.190923429580151
844200,0.190080374149842
844400,0.190153426782168
844600,0.190578116850072
844800,0.19037858609951
845000,0.191046847075406
845200,0.191168747451974
845400,0.191768402126245
845600,0.191074393187163
845800,0.191842344476134
846000,0.191397704480361
846200,0.191350310250273
846400,0.190665663533956
846600,0.190673158148886
846800,0.190169183786988
847000,0.190126006646662
847200,0.190371203174342
847400,0.189876303488131
847600,0.190282346998425
847800,0.190386365538466
848000,0.190867242680654
848200,0.190946364226177
848400,0.190214901417318
848600,0.191205312190365
848800,0.190912768771986
849000,0.19053145483188
849200,0.189847186522104
849400,0.189579210713392
849600,0.188863688742042
849800,0.188998575165013
850000,0.189420692583577
850200,0.190195790508697
850400,0.191120842686784
850600,0.192142937265392
850800,0.191636020515238
851000,0.191140213275871
851200,0.190719423910125
851400,0.190294278795403
851600,0.18917965286705
851800,0.190654352386019
852000,0.190641076930135
852200,0.191494631977784
852400,0.191085890350404
852600,0.191049590427771
852800,0.191438061609565
853000,0.190989927409126
853200,0.190000207006156
853400,0.189735395368293
853600,0.19027445353579
853800,0.189579424371457
854000,0.190073350919238
854200,0.190490871934859
854400,0.190213575662826
854600,0.189911141269535
854800,0.189878857934994
855000,0.190593208421173
855200,0.190146350032123
855400,0.190066238952632
855600,0.189512704674832
855800,0.189437359365384
856000,0.189268457123649
856200,0.189275458255162
856400,0.189385534566857
856600,0.189565367075687
856800,0.188529179720049
857000,0.188769934689719
857200,0.189400090546636
857400,0.188866754102108
857600,0.189218890680808
857800,0.189456952816204
858000,0.189903601188231
858200,0.1896004650194
858400,0.189521652731934
858600,0.19020188647468
858800,0.190505834639439
859000,0.190547950655747
859200,0.190352080754817
859400,0.190521375236133
859600,0.190987467866143
859800,0.190700756743533
860000,0.190843965835632
860200,0.191642434761845
860400,0.191187855705688
860600,0.190626848934507
860800,0.190322480428587
861000,0.190982176336529
861200,0.190526427682009
861400,0.189876965725951
861600,0.190312280346895
861800,0.190461399844416
862000,0.189629786155801
862200,0.188917915087596
862400,0.188436350874196
862600,0.188551776323599
862800,0.189518995976426
863000,0.189807083550019
863200,0.189951131151278
863400,0.190268128327155
863600,0.19033505240307
863800,0.191347155680713
864000,0.191580957483094
864200,0.191144726544069
864400,0.190803082333331
864600,0.190840519641221
864800,0.190910551929667
865000,0.191224252653459
865200,0.191677534680279
865400,0.190685081584146
865600,0.190889226180184
865800,0.191477685387699
866000,0.191894394144943
866200,0.190878106834848
866400,0.191096628508743
866600,0.190826708665722
866800,0.191376411551332
867000,0.191361882771583
867200,0.190787692888775
867400,0.190711062787128
867600,0.19047496497134
867800,0.190821305659426
868000,0.190887574427
868200,0.191430541947609
868400,0.191972783959538
868600,0.191395745001697
868800,0.190499172819005
869000,0.190773910208363
869200,0.191544709225168
869400,0.190883883442742
869600,0.190451435618317
869800,0.191212358611612
870000,0.190795846592647
870200,0.190665376725859
870400,0.190550268723555
870600,0.190426874474058
870800,0.190645845662681
871000,0.190702552140532
871200,0.190600486257637
871400,0.19055465712728
871600,0.190130461148239
871800,0.190273716088945
872000,0.190838921980268
872200,0.190940541995899
872400,0.190400227384728
872600,0.190162782055687
872800,0.191402635714272
873000,0.192229870081229
873200,0.191524737144692
873400,0.191153900724038
873600,0.190916539408784
873800,0.19201187709513
874000,0.191785341982189
874200,0.191640277770388
874400,0.191406853815849
874600,0.190756051782552
874800,0.191194807113967
875000,0.19009187595443
875200,0.190057130269764
875400,0.189995346790077
875600,0.190063552696158
875800,0.190529043962477
876000,0.191020792157135
876200,0.190478042859957
876400,0.19052682501802
876600,0.190849044588262
876800,0.190993772795755
877000,0.190428631145473
877200,0.19049900254627
877400,0.19034881668165
877600,0.190409851306458
877800,0.189763057757062
878000,0.190149016326665
878200,0.190687216291824
878400,0.19036316687829
878600,0.190283304849055
878800,0.191511906690091
879000,0.191320021406274
879200,0.190284527552257
879400,0.189881263389083
879600,0.190174399944535
879800,0.190791870541172
880000,0.191087147999623
880200,0.19101248021974
880400,0.191452305342932
880600,0.19085826189004
880800,0.19020565883035
881000,0.19025050804991
881200,0.190369725240207
881400,0.190317329627453
881600,0.190382145346016
881800,0.189995163781798
882000,0.190349550639405
882200,0.189423265316568
882400,0.190009446724702
882600,0.190224420275372
882800,0.190843294691338
883000,0.190286894446605
883200,0.190880565739596
883400,0.19109430465272
883600,0.191864204782048
883800,0.190749132095372
884000,0.191177719032595
884200,0.191123515344519
884400,0.191162321302143
884600,0.191629690041664
884800,0.190855764246274
885000,0.191011646657181
885200,0.190598529297086
885400,0.190736666758184
885600,0.190849979265683
885800,0.191148679234274
886000,0.191383368149552
886200,0.190819061723651
886400,0.191430536914097
886600,0.190979894864134
886800,0.190601339903043
887000,0.191503440282989
887200,0.190475417743183
887400,0.189977088064934
887600,0.189713492146494
887800,0.19005136715641
888000,0.18991149340557
888200,0.190748319620508
888400,0.190481420567353
888600,0.190727896383725
888800,0.190868943051751
889000,0.191300242973778
889200,0.191625860590674
889400,0.192021089197899
889600,0.190802704720127
889800,0.191254861961787
890000,0.192259453856441
890200,0.192471126156623
890400,0.191914455060044
890600,0.191396211798319
890800,0.191541743450383
891000,0.191779192446709
891200,0.191643789205773
891400,0.191788821449475
891600,0.191663543987034
891800,0.191618840980564
892000,0.191900034284742
892200,0.192166368119808
892400,0.192827261512803
892600,0.192473255177487
892800,0.192273718456861
893000,0.191911886997368
893200,0.193006563933867
893400,0.192479410339664
893600,0.19195351031152
893800,0.191779608481232
894000,0.192339584441707
894200,0.192722614813023
894400,0.191449990654274
894600,0.191872015964939
894800,0.192032828746935
895000,0.19183339087904
895200,0.191801051736586
895400,0.192666242438126
895600,0.192363225408404
895800,0.191457826558295
896000,0.191892979889104
896200,0.192726880639436
896400,0.192432965506633
896600,0.192567063128246
896800,0.19227642429853
897000,0.192191193516967
897200,0.192442544248522
897400,0.192688429209974
897600,0.192842611615079
897800,0.192478582169192
898000,0.192883140475148
898200,0.192398328724951
898400,0.192673218753656
898600,0.19185745270269
898800,0.192170093557115
899000,0.192276959693293
899200,0.191954189357382
899400,0.192151912995269
899600,0.193124445334663
899800,0.192226816321838
9e+05,0.191755526692808
900200,0.191770636652297
900400,0.19226310133237
900600,0.191888278771939
900800,0.192245972434742
901000,0.192292958568648
901200,0.192251955235571
901400,0.192890224403304
901600,0.193678332422302
901800,0.194099798590024
902000,0.193423189778889
902200,0.192795166278949
902400,0.192182761706548
902600,0.192834712198901
902800,0.193476287936076
903000,0.193278986493791
903200,0.19321851169343
903400,0.193051091040523
903600,0.192722066479671
903800,0.19275075183846
904000,0.193713463170496
904200,0.193586975881741
904400,0.192740808916526
904600,0.192725859906108
904800,0.193112387945401
905000,0.192807024103622
905200,0.192733703264733
905400,0.192560830800125
905600,0.192221394447274
905800,0.192356465941146
906000,0.192064714692445
906200,0.192277168041018
906400,0.191754759399625
906600,0.191371634106906
906800,0.191693304171087
907000,0.192018223901975
907200,0.191587664900087
907400,0.190712615825247
907600,0.190669492515773
907800,0.19152796300209
908000,0.191542352959989
908200,0.191658801171157
908400,0.191217288926189
908600,0.191646602800227
908800,0.19116980653471
909000,0.191006332949869
909200,0.191594936961478
909400,0.190892179108762
909600,0.191580692457426
909800,0.191208462698781
910000,0.192178782742906
910200,0.191318982946167
910400,0.191461536392778
910600,0.192528719247954
910800,0.193305941805915
911000,0.192837578331831
911200,0.192123911575447
911400,0.192755102862751
911600,0.191748149863347
911800,0.192075305764936
912000,0.191864562011341
912200,0.19185771310235
912400,0.191428923043026
912600,0.191250136473103
912800,0.191756486506626
913000,0.192008924720535
913200,0.191890959627198
913400,0.192042819557681
913600,0.192878051930089
913800,0.192367256393452
914000,0.191310248672492
914200,0.191731041349022
914400,0.192777538446207
914600,0.192280330121422
914800,0.19273587486864
915000,0.192045908888733
915200,0.192009785452754
915400,0.192543085772002
915600,0.192489256167913
915800,0.193168569988447
916000,0.192813287525153
916200,0.192320970809241
916400,0.192081107136036
916600,0.192128582861282
916800,0.192163528215084
917000,0.192532016917371
917200,0.193280019862601
917400,0.192865298306671
917600,0.191900678647978
917800,0.191884779234257
918000,0.191757641155315
918200,0.192209588033012
918400,0.192789884379365
918600,0.193779969969467
918800,0.193483737123219
919000,0.192926055240923
919200,0.193170976275402
919400,0.193469622949021
919600,0.193559018171698
919800,0.194001799750229
920000,0.193556892504522
920200,0.193335617490365
920400,0.193378792240073
920600,0.193918791427322
920800,0.194140319940425
921000,0.19391714130625
921200,0.193684710562218
921400,0.193127541519133
921600,0.194717725349407
921800,0.194761549067869
922000,0.195042909059584
922200,0.193554598104019
922400,0.193429529792462
922600,0.193393630597799
922800,0.193075723006388
923000,0.19297074178261
923200,0.192514537826664
923400,0.193914141072968
923600,0.193360369322323
923800,0.193015073249527
924000,0.193104420136849
924200,0.19358033479895
924400,0.193827002862128
924600,0.194389854643775
924800,0.194457559368599
925000,0.193535241454089
925200,0.1937398210917
925400,0.193988147822539
925600,0.193938885870581
925800,0.193408286890151
926000,0.192617348121296
926200,0.192903892121183
926400,0.19308619181099
926600,0.193258708841011
926800,0.192613226496011
927000,0.192651026086705
927200,0.192179966780188
927400,0.19196900297274
927600,0.191736501528092
927800,0.191717593193067
928000,0.192191118574257
928200,0.192086588064458
928400,0.192392186346075
928600,0.192481312733624
928800,0.192214558956366
929000,0.192470334612213
929200,0.19184728294416
929400,0.191552833213333
929600,0.190648292669794
929800,0.191143712595543
930000,0.190407818033265
930200,0.190712997078027
930400,0.191991704679198
930600,0.191519713107143
930800,0.191672554198173
931000,0.191585265970148
931200,0.191638529851805
931400,0.191925356594159
931600,0.191114203460116
931800,0.192356722243843
932000,0.192317941316204
932200,0.19242148649803
932400,0.190484710798847
932600,0.190753691738726
932800,0.190517093008898
933000,0.19129793816514
933200,0.191042671193562
933400,0.189985848669226
933600,0.189956870785732
933800,0.188941117313873
934000,0.189662491650397
934200,0.189893117802246
934400,0.190033519494932
934600,0.190026260278522
934800,0.190297343545588
935000,0.190495477977638
935200,0.190280900591662
935400,0.190217766052503
935600,0.190042165358523
935800,0.1905558863372
936000,0.190249910403801
936200,0.189839720322052
936400,0.190458653815846
936600,0.190288973599552
936800,0.191161119316304
937000,0.190951026082004
937200,0.191030510355083
937400,0.191417512858154
937600,0.191181456882737
937800,0.19149847833913
938000,0.191017881101039
938200,0.191061294229382
938400,0.190847366833276
938600,0.190980915044032
938800,0.190986182632889
939000,0.190454568317377
939200,0.1907500106794
939400,0.191025662538351
939600,0.191490270050345
939800,0.192014530499024
940000,0.19258803363049
940200,0.193609241132965
940400,0.19386027305988
940600,0.193617448010043
940800,0.193262009593937
941000,0.19377403912421
941200,0.193747348739834
941400,0.194807647708908
941600,0.194551138421535
941800,0.193659665308909
942000,0.192095143000037
942200,0.192917189892421
942400,0.192736410646289
942600,0.192271015366497
942800,0.191802262912262
943000,0.190738569702841
943200,0.190556598582976
943400,0.189915160230089
943600,0.190290284446037
943800,0.191265853418636
944000,0.19207575528742
944200,0.192507145775002
944400,0.192156174310102
944600,0.19267324738156
944800,0.193055086978405
945000,0.194242346206158
945200,0.193950541570499
945400,0.192924617768767
945600,0.19297108281734
945800,0.19293893206787
946000,0.193309336940486
946200,0.192784833470074
946400,0.192225288893221
946600,0.192319228619461
946800,0.192960764787736
947000,0.19246674508492
947200,0.191926863861604
947400,0.19174774776239
947600,0.192440316586609
947800,0.193331265264677
948000,0.193282899723582
948200,0.193192563947313
948400,0.193714728039258
948600,0.193847914193291
948800,0.193566961647915
949000,0.193371700510267
949200,0.192748087937533
949400,0.19275373070206
949600,0.192868611395067
949800,0.193081580296911
950000,0.192464980540644
950200,0.192746771999083
950400,0.192352036854456
950600,0.191734891878058
950800,0.192072174123982
951000,0.192666291442323
951200,0.193705180830903
951400,0.193053856669586
951600,0.19398237089975
951800,0.193435296773668
952000,0.193077502504055
952200,0.192713153695243
952400,0.193325315955912
952600,0.192780878117999
952800,0.193316405927108
953000,0.193511942101456
953200,0.193998396181147
953400,0.193223930844201
953600,0.19303284914749
953800,0.193928041516378
954000,0.193887136687812
954200,0.193991196577424
954400,0.193283867940927
954600,0.194273345588158
954800,0.194178688550786
955000,0.193717865683629
955200,0.19327804000381
955400,0.194161040871766
955600,0.193665366737449
955800,0.19301010603131
956000,0.193123367967936
956200,0.193638328715736
956400,0.193610520270792
956600,0.192851455164091
956800,0.193101826471532
957000,0.193488848793191
957200,0.19326822152351
957400,0.193601006721932
957600,0.19385100276285
957800,0.193669175938333
958000,0.193659585924139
958200,0.193710559347694
958400,0.194610315455388
958600,0.193952684488614
958800,0.194617093995245
959000,0.195248209342399
959200,0.195623801302151
959400,0.194922908569376
959600,0.195242995168152
959800,0.195979093776801
960000,0.19582441402562
960200,0.195915915078908
960400,0.195381926732884
960600,0.195023944515231
960800,0.194904583829374
961000,0.194991348155064
961200,0.194884143559624
961400,0.194952408174142
961600,0.195146544387222
961800,0.196003256690936
962000,0.195680754743513
962200,0.196231923849207
962400,0.195836053013229
962600,0.19584391889414
962800,0.196015674281832
963000,0.196944167590097
963200,0.195737035169142
963400,0.195677568396044
963600,0.195142354083712
963800,0.195780415168735
964000,0.195359351120197
964200,0.19573391757107
964400,0.194610169068843
964600,0.194500134985702
964800,0.194495150482121
965000,0.194201725078844
965200,0.194258243061108
965400,0.194150878375193
965600,0.194477099129939
965800,0.194272986584296
966000,0.194605179827027
966200,0.194795900571103
966400,0.195024769030016
966600,0.194734434350667
966800,0.195516905124991
967000,0.195363634611283
967200,0.194992814698836
967400,0.195299876726689
967600,0.195158865040212
967800,0.194482926126546
968000,0.194730757871333
968200,0.194569468956931
968400,0.195569394690736
968600,0.195383302058008
968800,0.195293084564288
969000,0.195152812971586
969200,0.195626589069606
969400,0.194734780233757
969600,0.194511991713104
969800,0.194705218702073
970000,0.19470263860746
970200,0.194546126250416
970400,0.193723114814042
970600,0.193037785900924
970800,0.192407201187279
971000,0.191860737801813
971200,0.192247697191952
971400,0.192817451948148
971600,0.193528235358841
971800,0.192662976634422
972000,0.193374374353983
972200,0.193130855865697
972400,0.19319291650854
972600,0.193290895178723
972800,0.193655723128852
973000,0.193529243329453
973200,0.193786997919456
973400,0.193737861896957
973600,0.192991050573772
973800,0.193112003906561
974000,0.193796331369669
974200,0.193741068813695
974400,0.194222439325435
974600,0.194068189714275
974800,0.19326137051346
975000,0.193663662176695
975200,0.193534824095118
975400,0.193185946056672
975600,0.193162320831054
975800,0.193315899779971
976000,0.193583294059027
976200,0.192866548194936
976400,0.192413702982058
976600,0.192302568500266
976800,0.192556378674205
977000,0.192099808876235
977200,0.191794201397599
977400,0.19274569095834
977600,0.192443583502621
977800,0.192226546414218
978000,0.19215162112481
978200,0.192335148455036
978400,0.19285863424034
978600,0.191921988357538
978800,0.191184457855782
979000,0.191919974096131
979200,0.192727366050224
979400,0.191715754902691
979600,0.192242218123732
979800,0.192790720042748
980000,0.193222541853841
980200,0.192863334017692
980400,0.192465747593858
980600,0.192183045558243
980800,0.192343042917662
981000,0.192787933837047
981200,0.193740040067797
981400,0.193954207853454
981600,0.1934148933879
981800,0.194100282310965
982000,0.19332778903744
982200,0.193018740343483
982400,0.192459997320045
982600,0.192541864910853
982800,0.192639794654026
983000,0.193765879113979
983200,0.193946896845874
983400,0.194534174687134
983600,0.194365982984678
983800,0.19430177818011
984000,0.193595834809998
984200,0.193170281437132
984400,0.19356588630074
984600,0.193623163017736
984800,0.193908928930893
985000,0.19368647141965
985200,0.194012223096657
985400,0.194331649663256
985600,0.194803051237181
985800,0.19493264091805
986000,0.194207962102154
986200,0.193678847557547
986400,0.193496118766836
986600,0.193293195087423
986800,0.193546508437215
987000,0.193883685439428
987200,0.19475591000716
987400,0.19501272178798
987600,0.19528440799208
987800,0.19526847042353
988000,0.194922895585049
988200,0.194534441056042
988400,0.194867062224262
988600,0.194108692842204
988800,0.1948202076899
989000,0.195447030714549
989200,0.19514050236435
989400,0.194529265188047
989600,0.193853254536787
989800,0.194227440080242
990000,0.195202601507292
990200,0.194352904508194
990400,0.193843784739268
990600,0.194573306594629
990800,0.194561202171008
991000,0.194389448662386
991200,0.195277674286962
991400,0.194640393923465
991600,0.194264604965241
991800,0.193899865599889
992000,0.194244699200517
992200,0.194010874004082
992400,0.193786407083978
992600,0.194274764545529
992800,0.194696690343989
993000,0.19447843523277
993200,0.193984233528253
993400,0.194201790555001
993600,0.194182534739755
993800,0.193602156398961
994000,0.193573280051941
994200,0.191811943152881
994400,0.192252225640192
994600,0.193288083881186
994800,0.193375123638947
995000,0.19394765801944
995200,0.194270714839436
995400,0.193987411798431
995600,0.194481877859349
995800,0.193885554669207
996000,0.194543078893807
996200,0.194551379999807
996400,0.194652076503778
996600,0.194571294399064
996800,0.194239583988888
997000,0.193151479255894
997200,0.193491357672039
997400,0.193459335899033
997600,0.193226514377356
997800,0.193508164538534
998000,0.193442900932858
998200,0.194649876581598
998400,0.193880528269226
998600,0.194751761595344
998800,0.194941408212872
999000,0.194058796576019
999200,0.194241736752024
999400,0.194728992913394
999600,0.1948850975629
999800,0.194217006157013
1e+06,0.194210503761407
1000200,0.194408632115804
1000400,0.193565730943999
1000600,0.193709245013874
1000800,0.193660025083992
1001000,0.194226334907852
1001200,0.193594643676071
1001400,0.193322599476971
1001600,0.192436819997853
1001800,0.19275255873556
1002000,0.193212524802261
1002200,0.192414269753266
1002400,0.192557140088673
1002600,0.193322747251773
1002800,0.193375269437446
1003000,0.193416405847675
1003200,0.193271681245545
1003400,0.194014473108443
1003600,0.193820516590162
1003800,0.193395899711886
1004000,0.193909145536734
1004200,0.194195919732104
1004400,0.19473621146011
1004600,0.194510686905173
1004800,0.194812105208912
1005000,0.194788073400428
1005200,0.194037070864725
1005400,0.193968245480693
1005600,0.193517147421177
1005800,0.193757664847137
1006000,0.193525722879386
1006200,0.192806240711792
1006400,0.193967535260049
1006600,0.194047592133597
1006800,0.193842017071546
1007000,0.193887779170207
1007200,0.194207656811366
1007400,0.19437781563946
1007600,0.193918752370024
1007800,0.193807192491332
1008000,0.192923840472328
1008200,0.192811715725505
1008400,0.192819339186961
1008600,0.192780044131307
1008800,0.192582916177315
1009000,0.19244900323122
1009200,0.192612205094004
1009400,0.193082727380544
1009600,0.193302993144486
1009800,0.193123793190411
1010000,0.193074183610742
1010200,0.193841586655941
1010400,0.193070054599197
1010600,0.193473817454327
1010800,0.193271209507606
1011000,0.193143991924739
1011200,0.193143943426825
1011400,0.1929012568935
1011600,0.193578306982194
1011800,0.193648788864836
1012000,0.19423687995773
1012200,0.194240038549692
1012400,0.193550328976642
1012600,0.193009399844483
1012800,0.192873190630441
1013000,0.192795375655219
1013200,0.193458272037288
1013400,0.192817899063029
1013600,0.192385847705763
1013800,0.192736464905703
1014000,0.192920584905958
1014200,0.193692439160136
1014400,0.193274885590042
1014600,0.192724411585934
1014800,0.192222334306455
1015000,0.192196225621897
1015200,0.192960964260112
1015400,0.193630686811645
1015600,0.193223320352381
1015800,0.192583360260944
1016000,0.192036772031003
1016200,0.192377278533409
1016400,0.192594786051723
1016600,0.19306573613104
1016800,0.193021530430576
1017000,0.192931558934488
1017200,0.193546630049985
1017400,0.19356121600852
1017600,0.19356884617071
1017800,0.193571627778924
1018000,0.193532626720264
1018200,0.193576130915906
1018400,0.192997324751361
1018600,0.19365590198649
1018800,0.193252603714896
1019000,0.192569378724866
1019200,0.192657743232658
1019400,0.191917972893907
1019600,0.191606177871459
1019800,0.191957974952519
1020000,0.192779109096923
1020200,0.193247448995424
1020400,0.191570147585127
1020600,0.192235257237119
1020800,0.191802383928602
1021000,0.192054366829578
1021200,0.192088937435807
1021400,0.191732951899381
1021600,0.190750620783271
1021800,0.190282585135964
1022000,0.190411556584448
1022200,0.190957142698825
1022400,0.190981278535524
1022600,0.19056931872459
1022800,0.19041905959328
1023000,0.191570190522615
1023200,0.1917603151357
1023400,0.192428883276624
1023600,0.191591583230475
1023800,0.192601354526204
1024000,0.193269014261782
1024200,0.193557614135159
1024400,0.192908805057534
1024600,0.192581142936384
1024800,0.193115173119271
1025000,0.192804537703895
1025200,0.192086636150875
1025400,0.192207203525186
1025600,0.192485795421152
1025800,0.192322190629349
1026000,0.191540658012676
1026200,0.191615897983154
1026400,0.191647679422821
1026600,0.191845918668279
1026800,0.191878549288784
1027000,0.192083877324556
1027200,0.192339815683665
1027400,0.192216921198646
1027600,0.192598677190351
1027800,0.192491316061162
1028000,0.192664758754532
1028200,0.19269817458771
1028400,0.192841610939935
1028600,0.19259486704187
1028800,0.191497205906139
1029000,0.190971940155659
1029200,0.190553646062538
1029400,0.190364763689774
1029600,0.189874850165254
1029800,0.189808138651138
1030000,0.190224453754339
1030200,0.189961580539759
1030400,0.190855008177815
1030600,0.191065459424418
1030800,0.190583037780139
1031000,0.191084485802774
1031200,0.190602323516382
1031400,0.190502944420398
1031600,0.190637010693803
1031800,0.190164973462484
1032000,0.189597508465166
1032200,0.190471306516389
1032400,0.190382090235639
1032600,0.190128323970802
1032800,0.189376759137789
1033000,0.19013464794842
1033200,0.189876433976129
1033400,0.18995249030315
1033600,0.189686594489818
1033800,0.189376051841973
1034000,0.189973844041275
1034200,0.19000194842822
1034400,0.189833005005334
1034600,0.190110416916846
1034800,0.189534386254434
1035000,0.189451515606867
1035200,0.188609521752873
1035400,0.189643929493654
1035600,0.189615439638863
1035800,0.188932727683336
1036000,0.18890459531341
1036200,0.189530626129609
1036400,0.190004231508507
1036600,0.189437671929755
1036800,0.189848724896705
1037000,0.189817632370656
1037200,0.189512716099043
1037400,0.188990010815609
1037600,0.189099987136999
1037800,0.188337254326308
1038000,0.188098752291111
1038200,0.187903809526133
1038400,0.188517661865513
1038600,0.188684611849048
1038800,0.189035185180294
1039000,0.188850569453093
1039200,0.189291658387171
1039400,0.188509876681087
1039600,0.188065176262602
1039800,0.186684021468032
1040000,0.186466798382411
1040200,0.187281774253014
1040400,0.187701239085582
1040600,0.18708630933387
1040800,0.186683042021719
1041000,0.188359962357969
1041200,0.18886810817879
1041400,0.188284542226818
1041600,0.188357584412881
1041800,0.188167991518993
1042000,0.188190585152201
1042200,0.187476856024977
1042400,0.187476611105473
1042600,0.186736837017685
1042800,0.187711063662069
1043000,0.187539348996696
1043200,0.188135564203998
1043400,0.18870761680588
1043600,0.188688389822594
1043800,0.18805686328009
1044000,0.18784434358034
1044200,0.188081844727678
1044400,0.187995038841901
1044600,0.188742969747139
1044800,0.18885427422161
1045000,0.188622813001872
1045200,0.18872787979564
1045400,0.189032796957985
1045600,0.188937515824579
1045800,0.189862976843659
1046000,0.18982496641566
1046200,0.189819999728193
1046400,0.189368138515485
1046600,0.189679129416608
1046800,0.191250938579953
1047000,0.191143057279922
1047200,0.190111177668952
1047400,0.189965232456742
1047600,0.189626370359721
1047800,0.188418447879555
1048000,0.1889869027246
1048200,0.189199320952788
1048400,0.188783427191164
1048600,0.187993398891884
1048800,0.187745086089377
1049000,0.188733853504508
1049200,0.188600802351049
1049400,0.189373232799487
1049600,0.189112723254503
1049800,0.189647494436986
1050000,0.189005448459362
1050200,0.189236079446524
1050400,0.188978389892382
1050600,0.188686765622306
1050800,0.188491735207753
1051000,0.188461716735132
1051200,0.188567276526596
1051400,0.189162054191607
1051600,0.189670380124405
1051800,0.188040583001163
1052000,0.188066917693025
1052200,0.188577101518037
1052400,0.188262073610787
1052600,0.188779334982835
1052800,0.188530099786411
1053000,0.188500507657409
1053200,0.188755607934331
1053400,0.188506072657149
1053600,0.189249377915289
1053800,0.189135205013404
1054000,0.189129026040791
1054200,0.188283313067272
1054400,0.188351901374711
1054600,0.188533359350421
1054800,0.189726331335216
1055000,0.18978891660016
1055200,0.188794530615294
1055400,0.188723651670138
1055600,0.189560381305295
1055800,0.188809755174028
1056000,0.189768100380847
1056200,0.189345047212064
1056400,0.189040428286356
1056600,0.188669182939919
1056800,0.188607915659208
1057000,0.188092902579246
1057200,0.187719151548779
1057400,0.187217625011896
1057600,0.186895282763828
1057800,0.186609030962116
1058000,0.186676273728205
1058200,0.18648371054215
1058400,0.187133177618838
1058600,0.186512584295672
1058800,0.187182416581438
1059000,0.186712230030546
1059200,0.186540445327024
1059400,0.188146270480332
1059600,0.186819273673247
1059800,0.186657371673968
1060000,0.186325229274815
1060200,0.1865170321442
1060400,0.18683914148634
1060600,0.187284258809642
1060800,0.18714122832209
1061000,0.187953067150735
1061200,0.187967404380523
1061400,0.186851499280512
1061600,0.186709387940283
1061800,0.18786904870579
1062000,0.187622844652601
1062200,0.188203849298762
1062400,0.188249808983491
1062600,0.187460878542003
1062800,0.187667537713443
1063000,0.18759752632869
1063200,0.187870360615711
1063400,0.186886201881662
1063600,0.186240206761081
1063800,0.18615027884421
1064000,0.186330421658705
1064200,0.186953715273147
1064400,0.186221151581648
1064600,0.185741662486599
1064800,0.186517841046854
1065000,0.186571751672487
1065200,0.186741693944799
1065400,0.186941946512069
1065600,0.187153155471664
1065800,0.187286804139773
1066000,0.187045665024697
1066200,0.186689836302987
1066400,0.186083121495945
1066600,0.186001212016565
1066800,0.186619739797943
1067000,0.186732522677265
1067200,0.186953252931959
1067400,0.187753786806707
1067600,0.186793333614252
1067800,0.185892915036055
1068000,0.186818768477594
1068200,0.187150466154489
1068400,0.187181847628893
1068600,0.187186931896557
1068800,0.187284169648232
1069000,0.18684876196383
1069200,0.187029268626764
1069400,0.186638417929896
1069600,0.187282919958776
1069800,0.18660737367377
1070000,0.185837356339811
1070200,0.186672850099316
1070400,0.186744462169585
1070600,0.186590879946392
1070800,0.186137043317393
1071000,0.185757085830303
1071200,0.185313843468535
1071400,0.185566150468542
1071600,0.185620018538022
1071800,0.185322183561178
1072000,0.185729191379618
1072200,0.18656541948485
1072400,0.186594549333031
1072600,0.186670617430562
1072800,0.186689792476529
1073000,0.186345790741642
1073200,0.187102488270561
1073400,0.187371333320852
1073600,0.187765207807578
1073800,0.186832746336984
1074000,0.187772347862934
1074200,0.188070945073026
1074400,0.187207062264988
1074600,0.187706502463165
1074800,0.187722259014401
1075000,0.187758509710658
1075200,0.187704236958149
1075400,0.187674067037567
1075600,0.187226128791619
1075800,0.187898777738461
1076000,0.188208005813452
1076200,0.187687280832078
1076400,0.187850989803942
1076600,0.188470081489383
1076800,0.188346559664256
1077000,0.188036458667897
1077200,0.187145610336869
1077400,0.187270813460541
1077600,0.188117096218949
1077800,0.189010594106482
1078000,0.187878825423767
1078200,0.188192501949819
1078400,0.187593085477319
1078600,0.187616129399212
1078800,0.187202443265799
1079000,0.187980299958883
1079200,0.18794459004124
1079400,0.18818256588179
1079600,0.188846909941786
1079800,0.188493221069723
1080000,0.188698412066709
1080200,0.18867099529517
1080400,0.188856743421263
1080600,0.188133083490162
1080800,0.18778986934388
1081000,0.188238202144182
1081200,0.188144251852316
1081400,0.187999598149917
1081600,0.188095929718852
1081800,0.188046311110304
1082000,0.188323773276755
1082200,0.188487644701673
1082400,0.188259598967438
1082600,0.188447194392979
1082800,0.187834489169071
1083000,0.188198455491135
1083200,0.188798518591996
1083400,0.187668322421142
1083600,0.18665762662291
1083800,0.187690156221595
1084000,0.187987115040769
1084200,0.187472005862737
1084400,0.187266088233297
1084600,0.187343644642541
1084800,0.187798316064137
1085000,0.186528501326315
1085200,0.186522711999994
1085400,0.187195162042064
1085600,0.186543706531159
1085800,0.186810974308558
1086000,0.186540539499073
1086200,0.186562373029669
1086400,0.185721808824607
1086600,0.185511256394502
1086800,0.185934006954079
1087000,0.186398362049807
1087200,0.186455081710711
1087400,0.187367377956736
1087600,0.186746636163825
1087800,0.187660371789262
1088000,0.187744261004389
1088200,0.187447099551385
1088400,0.187250986801127
1088600,0.187582102228231
1088800,0.18619623344521
1089000,0.185780037717263
1089200,0.185829952881828
1089400,0.186105304846895
1089600,0.185842917266588
1089800,0.184944135247225
1090000,0.185263658460371
1090200,0.18570584061911
1090400,0.186016585228253
1090600,0.186349455515151
1090800,0.186292602682652
1091000,0.186291781138128
1091200,0.186877543918052
1091400,0.187137669228138
1091600,0.186218577220786
1091800,0.187172716160957
1092000,0.18720453993124
1092200,0.187379693248637
1092400,0.187817027204375
1092600,0.187000637862063
1092800,0.186423129330394
1093000,0.187139729327137
1093200,0.186695802707796
1093400,0.186365936145288
1093600,0.187754908843868
1093800,0.187967323000421
1094000,0.188063255372849
1094200,0.188068824808999
1094400,0.188830542193516
1094600,0.18915352074722
1094800,0.18892060835263
1095000,0.189180410161499
1095200,0.189098089610168
1095400,0.187908784016102
1095600,0.187424817720733
1095800,0.18775511397518
1096000,0.188904145581051
1096200,0.188593884884947
1096400,0.187736934701076
1096600,0.187448488084223
1096800,0.187070945476805
1097000,0.18726899827296
1097200,0.187939633992142
1097400,0.187386096001068
1097600,0.187483287035942
1097800,0.186796648815557
1098000,0.185867806879358
1098200,0.185831595941004
1098400,0.187077877924391
1098600,0.187068627717035
1098800,0.18737121733922
1099000,0.187201497368851
1099200,0.186768234399993
1099400,0.186050195632675
1099600,0.186123913750522
1099800,0.186598187696913
1100000,0.186711859773026
1100200,0.18530752685767
1100400,0.185678755931443
1100600,0.185778444182734
1100800,0.185658159005391
1101000,0.187337804797141
1101200,0.186480302750083
1101400,0.186595767247003
1101600,0.187029633501398
1101800,0.18808942492331
1102000,0.187552148699764
1102200,0.187461852396837
1102400,0.187037546903659
1102600,0.187353010469931
1102800,0.186543690750962
1103000,0.186562493952893
1103200,0.187975533881194
1103400,0.186894404124515
1103600,0.187466638595448
1103800,0.187749289906387
1104000,0.188066694966383
1104200,0.187820430284703
1104400,0.187514904068095
1104600,0.187241995167392
1104800,0.187333146332434
1105000,0.18766220310793
1105200,0.18647654299493
1105400,0.186832438474889
1105600,0.186291392141579
1105800,0.186567171666279
1106000,0.186648397865261
1106200,0.187031595216142
1106400,0.185920091628442
1106600,0.186480757901256
1106800,0.186014972742445
1107000,0.186386198177138
1107200,0.186555449894816
1107400,0.186438884527172
1107600,0.186577152459146
1107800,0.185709453458396
1108000,0.186219941178702
1108200,0.185586487844217
1108400,0.185157982376569
1108600,0.18542990646345
1108800,0.185707626878417
1109000,0.186553702671326
1109200,0.185702286099204
1109400,0.185459751737504
1109600,0.185568692508982
1109800,0.185908516933548
1110000,0.185023197144418
1110200,0.185595368640278
1110400,0.185749104666475
1110600,0.186710914933985
1110800,0.187198716459926
1111000,0.186959840593133
1111200,0.187350601768981
1111400,0.187594891340616
1111600,0.18767056330186
1111800,0.18741364357363
1112000,0.187368206465149
1112200,0.186816362807391
1112400,0.188026189568657
1112600,0.187432600663348
1112800,0.18745090306299
1113000,0.186841353533774
1113200,0.18691013164298
1113400,0.186740068760154
1113600,0.18747270028678
1113800,0.186461026945544
1114000,0.186634614814361
1114200,0.186080713242805
1114400,0.186568434311486
1114600,0.186209063659765
1114800,0.186757708105735
1115000,0.186964019504759
1115200,0.186532960573272
1115400,0.186478074374491
1115600,0.18531681420056
1115800,0.185082699130896
1116000,0.185274112429343
1116200,0.184974369440076
1116400,0.185065254598738
1116600,0.185546522497445
1116800,0.185452818898881
1117000,0.184920889384867
1117200,0.184749238571208
1117400,0.185145604387835
1117600,0.184740312967063
1117800,0.185374709776369
1118000,0.185028684857084
1118200,0.1852258444302
1118400,0.185654021429308
1118600,0.185496420306623
1118800,0.185515710963545
1119000,0.185225964202092
1119200,0.185311139931507
1119400,0.185745998289051
1119600,0.186249978823135
1119800,0.185860296267979
1120000,0.186371115274108
1120200,0.186326817468082
1120400,0.185982120144249
1120600,0.186463378478638
1120800,0.186597825436259
1121000,0.186506955266816
1121200,0.186825559193136
1121400,0.187354539845799
1121600,0.187192262999594
1121800,0.187292976982625
1122000,0.187126515479057
1122200,0.186583585084745
1122400,0.186539647899216
1122600,0.186866863694692
1122800,0.186728691281064
1123000,0.187245074369463
1123200,0.186996986048634
1123400,0.187093452505693
1123600,0.187406946390078
1123800,0.186543227834887
1124000,0.18610910626232
1124200,0.18619304633427
1124400,0.18638380345167
1124600,0.186557761177669
1124800,0.186394745677755
1125000,0.18688036519151
1125200,0.186579797493255
1125400,0.185622168951815
1125600,0.185063714810014
1125800,0.184963067997386
1126000,0.184304037778434
1126200,0.185142054891509
1126400,0.185033047838916
1126600,0.185217151141993
1126800,0.185001521937555
1127000,0.185361376313953
1127200,0.185941321818896
1127400,0.185793156872893
1127600,0.187336106552044
1127800,0.186868234534507
1128000,0.186454197530095
1128200,0.18595774904059
1128400,0.186777600601556
1128600,0.186520004806251
1128800,0.186528094220725
1129000,0.186721342782692
1129200,0.187163958826453
1129400,0.187212372393518
1129600,0.187098873993711
1129800,0.186107448743155
1130000,0.185437812331402
1130200,0.185927591172215
1130400,0.186311233526277
1130600,0.186485296274192
1130800,0.18681644639123
1131000,0.18734119681003
1131200,0.185911202754042
1131400,0.185843764376277
1131600,0.185642404110083
1131800,0.185646080411611
1132000,0.186262702485612
1132200,0.185976391943321
1132400,0.186195661148366
1132600,0.185467793883857
1132800,0.186144785382363
1133000,0.186538906465855
1133200,0.186672278384237
1133400,0.186657506007018
1133600,0.186593817625669
1133800,0.187148982541273
1134000,0.186529689209151
1134200,0.186471635672524
1134400,0.18718139545934
1134600,0.186889349599589
1134800,0.187927179921648
1135000,0.188227725686521
1135200,0.188392727524572
1135400,0.187489116758889
1135600,0.18793961105674
1135800,0.187966333220421
1136000,0.188470101427368
1136200,0.18803662075626
1136400,0.187934509571525
1136600,0.188748880631555
1136800,0.187839565896252
1137000,0.18753155361777
1137200,0.186919892928156
1137400,0.187367541845098
1137600,0.187503257022418
1137800,0.186914279323836
1138000,0.187501431768165
1138200,0.188229739585538
1138400,0.188752624852198
1138600,0.18879823010678
1138800,0.188476898837963
1139000,0.187619547539428
1139200,0.187515418862804
1139400,0.187473346005691
1139600,0.187385753962822
1139800,0.187854231359758
1140000,0.188323751549531
1140200,0.188682581976925
1140400,0.18843139910847
1140600,0.187422631292224
1140800,0.187503674159522
1141000,0.187916363739345
1141200,0.187163377737144
1141400,0.187552291201782
1141600,0.188540837740427
1141800,0.18873787309047
1142000,0.188739560104477
1142200,0.188261774442582
1142400,0.188634805076343
1142600,0.187162253243963
1142800,0.186996176262667
1143000,0.187919935840008
1143200,0.188308427715474
1143400,0.188498884850728
1143600,0.188052647256748
1143800,0.188232705180772
1144000,0.188487848780539
1144200,0.188520886524795
1144400,0.188854672165384
1144600,0.187980728542241
1144800,0.18877172245576
1145000,0.188364752757053
1145200,0.188371497589175
1145400,0.188495697524169
1145600,0.189104883991663
1145800,0.189907435546895
1146000,0.188307751190632
1146200,0.187726842324735
1146400,0.188526391555031
1146600,0.188653861199247
1146800,0.18843253606311
1147000,0.188476539545998
1147200,0.188972529790311
1147400,0.189704638785603
1147600,0.189075650501349
1147800,0.187716269027519
1148000,0.186694329269762
1148200,0.18722034982627
1148400,0.187652495664896
1148600,0.186923326043325
1148800,0.187751319806532
1149000,0.187355240668541
1149200,0.187181899819639
1149400,0.187572178052562
1149600,0.186953539693597
1149800,0.187127417238546
1150000,0.18621480364175
1150200,0.186142473487083
1150400,0.186689706161632
1150600,0.187204802466914
1150800,0.187353374420064
1151000,0.187501509599683
1151200,0.187831192881687
1151400,0.187398114022965
1151600,0.186963033696753
1151800,0.186959790478149
1152000,0.187072231819779
1152200,0.186761099632352
1152400,0.187652546704595
1152600,0.188254186065055
1152800,0.187663402643898
1153000,0.188152659768461
1153200,0.187577384385845
1153400,0.187000820543556
1153600,0.186990169748092
1153800,0.187581203099728
1154000,0.187738665090091
1154200,0.188292552667904
1154400,0.187703381657982
1154600,0.186925398493092
1154800,0.186800967639616
1155000,0.186649438700926
1155200,0.186330512402763
1155400,0.18641156536034
1155600,0.187234295955929
1155800,0.186593651749883
1156000,0.186899102384199
1156200,0.186893267524985
1156400,0.186234854691346
1156600,0.187278454188419
1156800,0.18705328009317
1157000,0.187822362190643
1157200,0.187271950885508
1157400,0.187409707025044
1157600,0.18730551713835
1157800,0.187340737225236
1158000,0.187515103815514
1158200,0.188108811052455
1158400,0.187704453332461
1158600,0.186719206010167
1158800,0.18696869384216
1159000,0.187705492027698
1159200,0.188023110934236
1159400,0.186855526301291
1159600,0.187167283420255
1159800,0.186555590479453
1160000,0.186013667864333
1160200,0.186653316934376
1160400,0.18560495130147
1160600,0.185731618605799
1160800,0.18642452005593
1161000,0.186614042251865
1161200,0.187544540644012
1161400,0.187748143135025
1161600,0.187001045643443
1161800,0.186219519096896
1162000,0.1862266349865
1162200,0.186018232088753
1162400,0.186914654074342
1162600,0.187549430764613
1162800,0.188004709892697
1163000,0.187996014266442
1163200,0.186718602054644
1163400,0.186685964398541
1163600,0.187635771561936
1163800,0.187120737581258
1164000,0.186735592646213
1164200,0.187112735829961
1164400,0.186868031036259
1164600,0.186194842495837
1164800,0.185457339284762
1165000,0.185696770667353
1165200,0.185262646178394
1165400,0.186648728328744
1165600,0.186979335431365
1165800,0.186442246845175
1166000,0.186139509938163
1166200,0.185439124904164
1166400,0.186081841061114
1166600,0.18761793150922
1166800,0.186560943904095
1167000,0.186573860375586
1167200,0.186976191618034
1167400,0.187090404076451
1167600,0.187928957887844
1167800,0.188527603337436
1168000,0.18764740204524
1168200,0.187754825506708
1168400,0.188477386656064
1168600,0.188117736290399
1168800,0.18800840944077
1169000,0.187206672250499
1169200,0.187551152725925
1169400,0.18795891182936
1169600,0.188039898243128
1169800,0.188526097527449
1170000,0.188867709447364
1170200,0.187726456542404
1170400,0.188253041589712
1170600,0.188483955839341
1170800,0.18724609628609
1171000,0.187292924300229
1171200,0.186659199322764
1171400,0.186627753241437
1171600,0.187042507329241
1171800,0.188070865824995
1172000,0.188447604684232
1172200,0.188143358255199
1172400,0.188158001022749
1172600,0.188099804108996
1172800,0.187601644293601
1173000,0.187061699348444
1173200,0.186844344160254
1173400,0.186411547510946
1173600,0.187272023405007
1173800,0.187000024004319
1174000,0.187232615903284
1174200,0.186922425434679
1174400,0.186613835093527
1174600,0.18719308187769
1174800,0.187277355496774
1175000,0.186356771672237
1175200,0.187204704130289
1175400,0.186915442682486
1175600,0.187015025166518
1175800,0.187512225401594
1176000,0.186778148791187
1176200,0.187128448975931
1176400,0.187438845474338
1176600,0.187298748776755
1176800,0.187124089288307
1177000,0.187444784630353
1177200,0.186833524441204
1177400,0.186974258899888
1177600,0.187177683891786
1177800,0.188532228498774
1178000,0.18765565120968
1178200,0.188737829152886
1178400,0.188585859519099
1178600,0.188474413087037
1178800,0.188885173712611
1179000,0.188875531573107
1179200,0.188761351735817
1179400,0.188004819337617
1179600,0.188290428241045
1179800,0.188406358822649
1180000,0.187412954460596
1180200,0.187368484418947
1180400,0.187930827417696
1180600,0.187843045416605
1180800,0.188275024413563
1181000,0.188402794390739
1181200,0.187213457674165
1181400,0.186228644261265
1181600,0.187197072661047
1181800,0.188283241050824
1182000,0.187657662377057
1182200,0.188279038514221
1182400,0.188210057829861
1182600,0.188446803885051
1182800,0.188591566623135
1183000,0.188361134942362
1183200,0.187946937871604
1183400,0.187370332766109
1183600,0.187522234533776
1183800,0.187912043737602
1184000,0.189298959735612
1184200,0.188686948665581
1184400,0.188207502146581
1184600,0.187408030446058
1184800,0.187146135037731
1185000,0.187583038351223
1185200,0.188146459779268
1185400,0.188524972211918
1185600,0.188025392793702
1185800,0.187632853820113
1186000,0.187518511218015
1186200,0.187365577744955
1186400,0.187732581591741
1186600,0.187946709203343
1186800,0.187562427449234
1187000,0.187161707390829
1187200,0.187362552101425
1187400,0.18718264769625
1187600,0.187669125138965
1187800,0.187611049737262
1188000,0.186801094967101
1188200,0.187333653986175
1188400,0.187734939079422
1188600,0.186840741742302
1188800,0.187523487653221
1189000,0.188208707323989
1189200,0.189040840315912
1189400,0.188754071059696
1189600,0.188640776365064
1189800,0.189270627330609
1190000,0.18870416119639
1190200,0.188913545655528
1190400,0.188885746386317
1190600,0.189389144595566
1190800,0.18925726997785
1191000,0.189714685873034
1191200,0.190503208584032
1191400,0.190338520514051
1191600,0.189711360140642
1191800,0.18960990486819
1192000,0.188903613060798
1192200,0.187975834097414
1192400,0.188700958859367
1192600,0.188911587880626
1192800,0.188449315731549
1193000,0.187704340867796
1193200,0.188022384775948
1193400,0.18783308906647
1193600,0.188526799428651
1193800,0.188581416755417
1194000,0.187908306185051
1194200,0.187039913725839
1194400,0.187539889356025
1194600,0.187350098824075
1194800,0.187370172093652
1195000,0.187417119547014
1195200,0.187343750811446
1195400,0.187392517059159
1195600,0.186506269050019
1195800,0.186351466724998
1196000,0.187370704362903
1196200,0.187864676807632
1196400,0.187759500669902
1196600,0.187645262166391
1196800,0.187953711403099
1197000,0.187884792406124
1197200,0.187973457597656
1197400,0.188583218744547
1197600,0.18757080241462
1197800,0.187342797172876
1198000,0.187715556363761
1198200,0.188978207214842
1198400,0.189198059243181
1198600,0.189260162528571
1198800,0.188824188577822
1199000,0.187870925943857
1199200,0.187843410643947
1199400,0.187856416689863
1199600,0.188817076172173
1199800,0.188302773454493
1200000,0.187771685691302
1200200,0.187630473379714
1200400,0.187446840010406
1200600,0.187590249776666
1200800,0.187690469699547
1201000,0.187717146201484
1201200,0.187904358475547
1201400,0.189028647794705
1201600,0.187934224109997
1201800,0.188384204529312
1202000,0.187483658882164
1202200,0.188074447099858
1202400,0.187562590821805
1202600,0.186577643891392
1202800,0.186224488217345
1203000,0.186007341619252
1203200,0.185941332501671
1203400,0.185934462978018
1203600,0.185950668822888
1203800,0.186247778906841
1204000,0.185448966622076
1204200,0.186419015252501
1204400,0.187038624907792
1204600,0.18718480788553
1204800,0.187670668124605
1205000,0.186031670549883
1205200,0.186479969043754
1205400,0.186453668582605
1205600,0.186974253018103
1205800,0.186589921380717
1206000,0.186601145876033
1206200,0.186719908032481
1206400,0.186455944465505
1206600,0.186368348417173
1206800,0.186045253794943
1207000,0.186098466764052
1207200,0.186625919892237
1207400,0.186570582814677
1207600,0.187273500762566
1207800,0.187411664382376
1208000,0.187440723084393
1208200,0.188125151180685
1208400,0.187145422180832
1208600,0.186974372029554
1208800,0.186983526584114
1209000,0.187383666637521
1209200,0.187048444498581
1209400,0.187042439153234
1209600,0.186596387707926
1209800,0.187092724078218
1210000,0.187225904228507
1210200,0.186904162345345
1210400,0.186883912681533
1210600,0.187272811695438
1210800,0.186932703802297
1211000,0.186458257825378
1211200,0.187158229640397
1211400,0.186683911847762
1211600,0.186748588476052
1211800,0.186672445283394
1212000,0.187087207959281
1212200,0.18684629352028
1212400,0.18655574231212
1212600,0.185740161426308
1212800,0.186679649541745
1213000,0.186229531661627
1213200,0.186571667247972
1213400,0.185672289700306
1213600,0.185200142096541
1213800,0.185087314066447
1214000,0.184987704344847
1214200,0.185344508350987
1214400,0.184612871818026
1214600,0.184664820823138
1214800,0.184654383723018
1215000,0.185484429749599
1215200,0.185266993695347
1215400,0.185272034648092
1215600,0.185025441133251
1215800,0.185031162356602
1216000,0.184393750558555
1216200,0.185860721753592
1216400,0.185980397684181
1216600,0.185590267835285
1216800,0.18592354942768
1217000,0.186119173036139
1217200,0.185876150207527
1217400,0.185871552071902
1217600,0.186685104436869
1217800,0.18692801550603
1218000,0.187212066130191
1218200,0.187059571953442
1218400,0.187127681867348
1218600,0.186844183587615
1218800,0.18663812979317
1219000,0.187194111626316
1219200,0.18669848217707
1219400,0.187450008975005
1219600,0.187224264835892
1219800,0.187645906672685
1220000,0.188519923722012
1220200,0.187629972739545
1220400,0.187426690342244
1220600,0.187169473349128
1220800,0.186411149244738
1221000,0.185941445453711
1221200,0.186914109667135
1221400,0.187471637084622
1221600,0.187881872816181
1221800,0.187926298946396
1222000,0.188036612910788
1222200,0.186780000009333
1222400,0.18633678605934
1222600,0.186082192382371
1222800,0.185281835078095
1223000,0.186547227173124
1223200,0.186551700498148
1223400,0.186686019351232
1223600,0.186607096527615
1223800,0.185987678404582
1224000,0.18571029400775
1224200,0.18557715684057
1224400,0.185531453449092
1224600,0.185807695494535
1224800,0.185914968419116
1225000,0.18687941860295
1225200,0.187332821545846
1225400,0.187005139982845
1225600,0.186069654262329
1225800,0.185750293552973
1226000,0.186328614071697
1226200,0.186025077455016
1226400,0.18574729464576
1226600,0.186070341344166
1226800,0.186778011287575
1227000,0.186923978779514
1227200,0.186986343115418
1227400,0.187025720191749
1227600,0.187863831703797
1227800,0.188363416573479
1228000,0.187902406882905
1228200,0.188018059435499
1228400,0.188096806370972
1228600,0.186982662823674
1228800,0.187116573993012
1229000,0.187550838518727
1229200,0.187535237580269
1229400,0.187255714155717
1229600,0.186893648273863
1229800,0.187326394632967
1230000,0.188160188907059
1230200,0.188356852505262
1230400,0.187392280114202
1230600,0.187393210046948
1230800,0.188505280258061
1231000,0.188100683464192
1231200,0.188523421402463
1231400,0.188228810521852
1231600,0.18820807172383
1231800,0.187579277753689
1232000,0.187136240285652
1232200,0.187876589204472
1232400,0.187442553211421
1232600,0.187056931820631
1232800,0.187050411592027
1233000,0.187414517681146
1233200,0.188157801583312
1233400,0.187620498707256
1233600,0.188568649785495
1233800,0.188353712150964
1234000,0.188215589498168
1234200,0.187287904165134
1234400,0.18649661228468
1234600,0.187486573999528
1234800,0.186279910416266
1235000,0.186704033532323
1235200,0.185812685018266
1235400,0.186929200342832
1235600,0.186507683607933
1235800,0.186474604409635
1236000,0.186914690927617
1236200,0.186762759349961
1236400,0.186177522792148
1236600,0.186247826942433
1236800,0.186007235896174
1237000,0.185549481979003
1237200,0.185759187451841
1237400,0.186330583937112
1237600,0.186770788995876
1237800,0.186985011623903
1238000,0.18649218611352
1238200,0.1858681173018
1238400,0.186278804192774
1238600,0.186012904787014
1238800,0.186081343558324
1239000,0.186489859986694
1239200,0.185715849617724
1239400,0.186163667910251
1239600,0.186190060766886
1239800,0.185665073203303
1240000,0.186391498371369
1240200,0.186063459323692
1240400,0.186288829655354
1240600,0.185908687002418
1240800,0.186700190188086
1241000,0.186228523250386
1241200,0.185714010340982
1241400,0.186420865072647
1241600,0.185771821060395
1241800,0.185756540174576
1242000,0.186729588951479
1242200,0.187161561879303
1242400,0.186398229339718
1242600,0.185557995015598
1242800,0.186807080043571
1243000,0.186419606983498
1243200,0.185919455925403
1243400,0.185967513340026
1243600,0.184987347828687
1243800,0.185527965566302
1244000,0.185560093682944
1244200,0.185227683263886
1244400,0.185933841611479
1244600,0.1853740162704
1244800,0.186158604701888
1245000,0.185872435971503
1245200,0.185454206387282
1245400,0.185651233367171
1245600,0.185541864678557
1245800,0.184597602482983
1246000,0.184925500504364
1246200,0.185218050414792
1246400,0.185427578360287
1246600,0.185790071247654
1246800,0.185750945964174
1247000,0.185123201448731
1247200,0.185731272366659
1247400,0.185162048119568
1247600,0.18582888431739
1247800,0.185145771623665
1248000,0.184914225713582
1248200,0.185576172057614
1248400,0.185834188491493
1248600,0.186572579471499
1248800,0.186589343545469
1249000,0.18610315412339
1249200,0.186517133406141
1249400,0.186680825317246
1249600,0.186639528068817
1249800,0.187652530620127
1250000,0.187356441175682
1250200,0.187063351628759
1250400,0.186946692812679
1250600,0.187690394934505
1250800,0.186082293595831
1251000,0.185896660071524
1251200,0.185892920513651
1251400,0.185739062858673
1251600,0.185692257309626
1251800,0.186007384554199
1252000,0.186273567479343
1252200,0.185520388672078
1252400,0.186069942277247
1252600,0.186541435377802
1252800,0.185718108969765
1253000,0.185564930610861
1253200,0.186219257132242
1253400,0.187914175862702
1253600,0.187589661347497
1253800,0.187029083627044
1254000,0.186392427075588
1254200,0.187212687391804
1254400,0.186608520943516
1254600,0.185769873479653
1254800,0.186379033047018
1255000,0.18653370990664
1255200,0.185944264916728
1255400,0.186078745449634
1255600,0.186560452608074
1255800,0.186477149082494
1256000,0.186865002688222
1256200,0.186034203544495
1256400,0.186414281388983
1256600,0.186468267778858
1256800,0.185041505915509
1257000,0.185293329411945
1257200,0.185891997363246
1257400,0.185920491438702
1257600,0.185486779319865
1257800,0.186045873979542
1258000,0.186532297933502
1258200,0.186493679269993
1258400,0.186166088946123
1258600,0.1865474958404
1258800,0.185901865910003
1259000,0.186010833546125
1259200,0.186381239812641
1259400,0.186803678051728
1259600,0.186591123523686
1259800,0.187141542787309
1260000,0.186436976562001
1260200,0.186067242878111
1260400,0.186235129347845
1260600,0.18685259766436
1260800,0.186721045440784
1261000,0.186865476806758
1261200,0.18619017339017
1261400,0.185902898138432
1261600,0.185513798773127
1261800,0.185271257545242
1262000,0.185828599311859
1262200,0.185591459691601
1262400,0.185697604269547
1262600,0.185025886554318
1262800,0.185901449238341
1263000,0.185998468129919
1263200,0.185430726525894
1263400,0.185564444729579
1263600,0.185499491834456
1263800,0.186056250346442
1264000,0.185048453230312
1264200,0.185461385982287
1264400,0.184729714732289
1264600,0.184701281731972
1264800,0.185485783842496
1265000,0.186062159999241
1265200,0.187102039401994
1265400,0.186085793601318
1265600,0.186088237962652
1265800,0.186476436479081
1266000,0.186619328501287
1266200,0.186863886915526
1266400,0.186583946702411
1266600,0.186607958114458
1266800,0.187051935367064
1267000,0.187710621832611
1267200,0.186690853701483
1267400,0.185533397942243
1267600,0.186208796637357
1267800,0.186273101953082
1268000,0.185251135416789
1268200,0.185359284200484
1268400,0.18552571809402
1268600,0.185713810837638
1268800,0.18595535180355
1269000,0.185572534729592
1269200,0.185490790221384
1269400,0.185565362433093
1269600,0.185052712780794
1269800,0.185875281456731
1270000,0.186051324422465
1270200,0.185828747231008
1270400,0.186169671003475
1270600,0.186061894086087
1270800,0.184972286984589
1271000,0.185555101036941
1271200,0.185563731330219
1271400,0.185899981128761
1271600,0.186373171284078
1271800,0.185753158414409
1272000,0.186463292692501
1272200,0.186109440985468
1272400,0.186059269467333
1272600,0.186186561683663
1272800,0.186424168257139
1273000,0.185916444754937
1273200,0.185877081773261
1273400,0.185705392940052
1273600,0.185832975759383
1273800,0.186058801342622
1274000,0.185111314555265
1274200,0.184481443542602
1274400,0.18409855989719
1274600,0.184327896411407
1274800,0.18466488101471
1275000,0.184669729957005
1275200,0.184804820090663
1275400,0.184665580237315
1275600,0.184035770078121
1275800,0.184175439834747
1276000,0.183116648216854
1276200,0.184359995656308
1276400,0.184228809539724
1276600,0.183538747320162
1276800,0.183831634621747
1277000,0.184557598278501
1277200,0.184054424483336
1277400,0.185299928579945
1277600,0.185236821917029
1277800,0.185111552404358
1278000,0.185705040951252
1278200,0.186029339511551
1278400,0.186657672123841
1278600,0.187876607528468
1278800,0.187107475125687
1279000,0.18620319366165
1279200,0.186230015861227
1279400,0.185810640976588
1279600,0.185175085131359
1279800,0.184913327553895
1280000,0.184948120286779
1280200,0.184145338474901
1280400,0.183353786774025
1280600,0.184644961918375
1280800,0.18476309810657
1281000,0.184288029590706
1281200,0.183875208522684
1281400,0.184632228732934
1281600,0.185250808436759
1281800,0.184522780743585
1282000,0.185342268748773
1282200,0.185526115282551
1282400,0.185689504237026
1282600,0.184746148670205
1282800,0.184552349397393
1283000,0.184701122166847
1283200,0.185875452027788
1283400,0.185995532099266
1283600,0.184656918946594
1283800,0.1851139798948
1284000,0.185267900938226
1284200,0.185572167949649
1284400,0.185008490086311
1284600,0.18530223498063
1284800,0.18427678413525
1285000,0.183821094863884
1285200,0.18399982683486
1285400,0.184437696934201
1285600,0.184373252789513
1285800,0.185979895848965
1286000,0.185148363693375
1286200,0.185169048738178
1286400,0.184580603565323
1286600,0.184383156038082
1286800,0.184124319708376
1287000,0.184070747304292
1287200,0.184254783376808
1287400,0.184213406702227
1287600,0.184565512799481
1287800,0.184682890100799
1288000,0.184708454179008
1288200,0.184154924767826
1288400,0.18471733291998
1288600,0.184108733929937
1288800,0.183638981998412
1289000,0.183847145951676
1289200,0.184273018888055
1289400,0.184175411756243
1289600,0.183961874162988
1289800,0.185133431213097
1290000,0.18405350428712
1290200,0.184208363071653
1290400,0.183997587006496
1290600,0.183879738411405
1290800,0.18373927035994
1291000,0.184953469185591
1291200,0.184702312854407
1291400,0.184754990838165
1291600,0.184952735884221
1291800,0.184141876269953
1292000,0.184716925516877
1292200,0.184966235184631
1292400,0.185732808000724
1292600,0.185753145972099
1292800,0.185216117169885
1293000,0.185352314503102
1293200,0.185451097865258
1293400,0.184895508995406
1293600,0.185332804633902
1293800,0.186009601075587
1294000,0.186190250130699
1294200,0.185757991276396
1294400,0.186388911547483
1294600,0.185070545052604
1294800,0.185633565049551
1295000,0.186073755080507
1295200,0.186089560979978
1295400,0.186725224424805
1295600,0.187386189141383
1295800,0.187419087314927
1296000,0.1865045915384
1296200,0.185669060598687
1296400,0.185411713656574
1296600,0.185520633535219
1296800,0.185851179214164
1297000,0.185483076447883
1297200,0.185723630891101
1297400,0.185505545622645
1297600,0.185796928581515
1297800,0.185558124736913
1298000,0.18490270477603
1298200,0.185420702870249
1298400,0.185598612720036
1298600,0.18555815869486
1298800,0.185898404687782
1299000,0.186285808561278
1299200,0.185605898516221
1299400,0.185790210162454
1299600,0.185900434329796
1299800,0.186603986458087
1300000,0.186388101573921
1300200,0.186089438316284
1300400,0.185855066720701
1300600,0.185914295110788
1300800,0.186420372376079
1301000,0.186419312841271
1301200,0.186386602769256
1301400,0.18627627967807
1301600,0.185776972191567
1301800,0.184755188275155
1302000,0.184844224066953
1302200,0.184716473662369
1302400,0.184981970228809
1302600,0.185348884472869
1302800,0.184821932159081
1303000,0.183972716084372
1303200,0.184407090653164
1303400,0.184964241796945
1303600,0.184457080519299
1303800,0.184517372020762
1304000,0.183857713418181
1304200,0.18365447953666
1304400,0.18340540723389
1304600,0.182649272479408
1304800,0.182826966012822
1305000,0.183405192667218
1305200,0.182848342865725
1305400,0.183547863607636
1305600,0.184175946288305
1305800,0.184973420430927
1306000,0.18520854277543
1306200,0.185350464600663
1306400,0.185380938145108
1306600,0.185022800583036
1306800,0.184960854651406
1307000,0.184746404373812
1307200,0.184879536213438
1307400,0.184999343012406
1307600,0.185107504782303
1307800,0.185459782910505
1308000,0.185522515679384
1308200,0.185494841699594
1308400,0.184757024252861
1308600,0.185181331017409
1308800,0.185144340136138
1309000,0.184969052346033
1309200,0.18418110585623
1309400,0.183656971241815
1309600,0.18314906970426
1309800,0.183698671667153
1310000,0.183321519936127
1310200,0.182909373697987
1310400,0.184125868984434
1310600,0.184373331262012
1310800,0.184393830374955
1311000,0.18427636349249
1311200,0.184300556985676
1311400,0.183851569471719
1311600,0.183710784038601
1311800,0.184448110968002
1312000,0.184417962161707
1312200,0.183449216616218
1312400,0.18348303362134
1312600,0.182674135660607
1312800,0.182883470285295
1313000,0.182633802777817
1313200,0.18263331801418
1313400,0.182672114667986
1313600,0.182888008011733
1313800,0.183175106740217
1314000,0.182250158883687
1314200,0.181881087409791
1314400,0.181637988980675
1314600,0.1820181777463
1314800,0.181737852077366
1315000,0.181857606495277
1315200,0.181696220557696
1315400,0.182526708746434
1315600,0.182846750265616
1315800,0.182807800829545
1316000,0.183420549976899
1316200,0.183133661569337
1316400,0.182950882418592
1316600,0.183527424377299
1316800,0.182875347845711
1317000,0.182641280660552
1317200,0.182938048592139
1317400,0.182826940331009
1317600,0.183085782893167
1317800,0.183403449473556
1318000,0.183673364888611
1318200,0.183174194774603
1318400,0.183403668357249
1318600,0.183162989515627
1318800,0.183246792953094
1319000,0.183800502650573
1319200,0.183889531528899
1319400,0.184125400920229
1319600,0.183629138626315
1319800,0.183535049250716
1320000,0.18280719026277
1320200,0.182992933308186
1320400,0.182502088773748
1320600,0.183202436616708
1320800,0.18327379649615
1321000,0.184162242133336
1321200,0.184495784159679
1321400,0.184003594499421
1321600,0.184648564036174
1321800,0.183981737708372
1322000,0.184489891937486
1322200,0.184180853465593
1322400,0.184032619018103
1322600,0.184574995634687
1322800,0.184624238014296
1323000,0.183851014840706
1323200,0.183477261196068
1323400,0.183726683190142
1323600,0.183529241249141
1323800,0.183052693574738
1324000,0.182783174322607
1324200,0.183466628945099
1324400,0.183331817130565
1324600,0.184069670676301
1324800,0.183662832376881
1325000,0.18351497592514
1325200,0.183405372617283
1325400,0.183179830821062
1325600,0.184597483539478
1325800,0.183373256099161
1326000,0.184020204256766
1326200,0.18340366306687
1326400,0.182941649596966
1326600,0.183477115726223
1326800,0.183554706561576
1327000,0.183147288167227
1327200,0.183439503781583
1327400,0.183014973295202
1327600,0.182847435159199
1327800,0.183167874822672
1328000,0.182536529892589
1328200,0.182634822896637
1328400,0.182506798945981
1328600,0.183397887470055
1328800,0.183098756236895
1329000,0.182000980929135
1329200,0.181784707996721
1329400,0.182855311688495
1329600,0.182806274110483
1329800,0.182987433537169
1330000,0.18257038435104
1330200,0.18273927354986
1330400,0.181895283718075
1330600,0.182824514792129
1330800,0.182047444403861
1331000,0.18215838239109
1331200,0.182246488172542
1331400,0.181533931291844
1331600,0.181924463488592
1331800,0.181991004790478
1332000,0.182527791147775
1332200,0.182438358066989
1332400,0.181693524571478
1332600,0.182533204725328
1332800,0.182456928101196
1333000,0.182716864110928
1333200,0.182029069374885
1333400,0.182014713978578
1333600,0.181947124650032
1333800,0.18168885225511
1334000,0.181123024523874
1334200,0.181237180801497
1334400,0.180951656161595
1334600,0.180838259363876
1334800,0.180797543940267
1335000,0.180237458818861
1335200,0.1806198598905
1335400,0.180810965663228
1335600,0.180883879600238
1335800,0.180817146313276
1336000,0.18132927169267
1336200,0.181940702121289
1336400,0.182008192051457
1336600,0.181814802555935
1336800,0.182292452523891
1337000,0.181993201518543
1337200,0.182374712752395
1337400,0.18226996941788
1337600,0.182118540948782
1337800,0.181800466482996
1338000,0.18182156328666
1338200,0.181572067519097
1338400,0.18066091978017
1338600,0.180704410462212
1338800,0.182125538731138
1339000,0.181602085325953
1339200,0.181271615102836
1339400,0.180861616554737
1339600,0.180643127645075
1339800,0.181080306292457
1340000,0.181382933830762
1340200,0.181736469327262
1340400,0.181562757915599
1340600,0.181121322576022
1340800,0.182354078074924
1341000,0.181980100744242
1341200,0.181429888150055
1341400,0.181066003478789
1341600,0.180886161115179
1341800,0.181201253648955
1342000,0.181457348422904
1342200,0.181007813286334
1342400,0.181424630652588
1342600,0.181629892023904
1342800,0.181426792481706
1343000,0.181840672305553
1343200,0.182414768105265
1343400,0.181813281358351
1343600,0.18151163773579
1343800,0.181329460601522
1344000,0.181269253759872
1344200,0.182063833336386
1344400,0.182204315122381
1344600,0.181967208171709
1344800,0.181968314906625
1345000,0.182583949250704
1345200,0.182087013716356
1345400,0.182406161963611
1345600,0.18206285859553
1345800,0.18286574786721
1346000,0.182392094609515
1346200,0.18133302842204
1346400,0.181937444682036
1346600,0.182367229624683
1346800,0.18159522999047
1347000,0.181974197373818
1347200,0.180793088702281
1347400,0.180869402807433
1347600,0.181876653760976
1347800,0.181673779348828
1348000,0.181228028629118
1348200,0.182182289823344
1348400,0.181609400284208
1348600,0.181379467215408
1348800,0.18178399441361
1349000,0.182025272827602
1349200,0.181502056030907
1349400,0.181056872503832
1349600,0.18135688369969
1349800,0.18132595832785
1350000,0.181322219290111
1350200,0.181884597280463
1350400,0.182330702711914
1350600,0.182047466579274
1350800,0.181662365660294
1351000,0.181129563234692
1351200,0.180869316170209
1351400,0.181083797762052
1351600,0.181669091491017
1351800,0.181034666665864
1352000,0.181056020549561
1352200,0.182080050305209
1352400,0.181717208037381
1352600,0.18146357724664
1352800,0.180967143293464
1353000,0.180709726890513
1353200,0.180793119757519
1353400,0.181684175952757
1353600,0.180306852125508
1353800,0.181011103872254
1354000,0.181391512031226
1354200,0.181792069549353
1354400,0.181319702023191
1354600,0.181015039020574
1354800,0.180725823180337
1355000,0.180439090489901
1355200,0.180018119039938
1355400,0.180507764206609
1355600,0.18036975527217
1355800,0.180745511365931
1356000,0.18029683907297
1356200,0.181126956353717
1356400,0.180643935327102
1356600,0.180161776310897
1356800,0.179811944781838
1357000,0.179439419225292
1357200,0.179261508337389
1357400,0.179311887642124
1357600,0.179721315109823
1357800,0.180740553074617
1358000,0.18093547716667
1358200,0.180608894994192
1358400,0.180877349617642
1358600,0.181511212226448
1358800,0.181741594121712
1359000,0.181745690689799
1359200,0.182353730765662
1359400,0.182110342411512
1359600,0.18224933129493
1359800,0.181746950032302
1360000,0.18154673592812
1360200,0.181379626280343
1360400,0.18105506697219
1360600,0.181466165364706
1360800,0.181455171088287
1361000,0.18181055046725
1361200,0.182029549181756
1361400,0.182389841978483
1361600,0.182151793201181
1361800,0.181637879230214
1362000,0.18106705161812
1362200,0.182595119328283
1362400,0.182679103743104
1362600,0.182296616615384
1362800,0.181377981179146
1363000,0.18144491264208
1363200,0.181853932821066
1363400,0.182184072358507
1363600,0.181507296726538
1363800,0.181814467149106
1364000,0.181350413710447
1364200,0.180948616301211
1364400,0.181364575230482
1364600,0.181147706551276
1364800,0.181033853301411
1365000,0.181388784671563
1365200,0.181321802797781
1365400,0.181798054198079
1365600,0.18170329984382
1365800,0.180133083359109
1366000,0.180153363974448
1366200,0.181151628796921
1366400,0.181387298663606
1366600,0.180700975816081
1366800,0.180832100190009
1367000,0.180816340755412
1367200,0.180627672924958
1367400,0.180829782445928
1367600,0.180126523906793
1367800,0.179894570653485
1368000,0.179886908576871
1368200,0.180593492714965
1368400,0.180215397420802
1368600,0.181003948180017
1368800,0.180900533486207
1369000,0.180463789938293
1369200,0.180400685664815
1369400,0.180677020456928
1369600,0.180538983228931
1369800,0.181772231982278
1370000,0.181078735297787
1370200,0.180709707544359
1370400,0.180579674247332
1370600,0.180031470391035
1370800,0.180437749391367
1371000,0.180580491089215
1371200,0.180670714533597
1371400,0.180958750776221
1371600,0.181660553379017
1371800,0.181343913182378
1372000,0.181007660205567
1372200,0.180402858513558
1372400,0.180048443317986
1372600,0.181236840824532
1372800,0.181485967245476
1373000,0.181097334845465
1373200,0.181044364561695
1373400,0.181076775277818
1373600,0.180401681982156
1373800,0.180342726811942
1374000,0.18075779766911
1374200,0.181101172575703
1374400,0.179881334287331
1374600,0.179777634419061
1374800,0.180399155472473
1375000,0.181295853897677
1375200,0.181786233797662
1375400,0.181242344547663
1375600,0.180946693989933
1375800,0.180702548654371
1376000,0.180541918041867
1376200,0.180019387339744
1376400,0.181474545740259
1376600,0.180357252467024
1376800,0.179576473301746
1377000,0.180575675153754
1377200,0.179872728337176
1377400,0.180642215949064
1377600,0.180597466447502
1377800,0.180778759605255
1378000,0.179933702376387
1378200,0.18095109103921
1378400,0.180327007343848
1378600,0.180490811706085
1378800,0.181255978518413
1379000,0.181089598581545
1379200,0.1820685384257
1379400,0.182166459338315
1379600,0.181800390584682
1379800,0.181347755465916
1380000,0.18118858766703
1380200,0.181248404392003
1380400,0.181265800934985
1380600,0.181006448250614
1380800,0.180520762432992
1381000,0.181583989383866
1381200,0.181743856270636
1381400,0.181530004994246
1381600,0.181250385624697
1381800,0.181274600938867
1382000,0.181873961200503
1382200,0.181565400987617
1382400,0.181700983368552
1382600,0.181580891802765
1382800,0.181998513121974
1383000,0.18275480874228
1383200,0.182048382051316
1383400,0.180870173881926
1383600,0.181443611160273
1383800,0.181305046965773
1384000,0.180304840754202
1384200,0.180804998455472
1384400,0.179948448559185
1384600,0.179472185352135
1384800,0.179062678729508
1385000,0.178915526789452
1385200,0.179732356139295
1385400,0.180100369032697
1385600,0.180756781752593
1385800,0.180194329933339
1386000,0.180922812076514
1386200,0.17959095616958
1386400,0.179165864759084
1386600,0.179853879756264
1386800,0.179946495351309
1387000,0.180135779203805
1387200,0.179040656018571
1387400,0.179393947257539
1387600,0.179002438617386
1387800,0.178407084245059
1388000,0.17922042789047
1388200,0.179120039948771
1388400,0.179615084955949
1388600,0.179860640433816
1388800,0.180110875344265
1389000,0.179529593003683
1389200,0.179456180417487
1389400,0.179619135294943
1389600,0.179877908226575
1389800,0.179626089839862
1390000,0.180210197956831
1390200,0.181131248588532
1390400,0.180873368404465
1390600,0.181163293612713
1390800,0.181994495508724
1391000,0.181256489364405
1391200,0.180790784203291
1391400,0.181048246095949
1391600,0.181315074400157
1391800,0.180461762026903
1392000,0.180490254177499
1392200,0.180591020971243
1392400,0.180263393764994
1392600,0.179923362128053
1392800,0.179637896738065
1393000,0.180314345922645
1393200,0.181447996546731
1393400,0.180261377896669
1393600,0.17945855145834
1393800,0.179369635651143
1394000,0.179415731751311
1394200,0.179736816466858
1394400,0.180589552349128
1394600,0.180034520241483
1394800,0.178921096839169
1395000,0.178823663789831
1395200,0.179199943255601
1395400,0.178483113420668
1395600,0.178548504821733
1395800,0.178388407335513
1396000,0.178063528179532
1396200,0.177831630810753
1396400,0.177725294202217
1396600,0.178523556471371
1396800,0.17851274964564
1397000,0.178242904094416
1397200,0.177539183684859
1397400,0.178646255489282
1397600,0.178177384442687
1397800,0.177959078493129
1398000,0.177905693739151
1398200,0.177468623881894
1398400,0.177159915573173
1398600,0.177263871590029
1398800,0.177783640681323
1399000,0.177063484726388
1399200,0.177551766659163
1399400,0.177171583518657
1399600,0.17793469700905
1399800,0.177918595969999
1400000,0.178264373905469
1400200,0.177989376331537
1400400,0.17789383813565
1400600,0.178688161663352
1400800,0.17842026985321
1401000,0.178310264748776
1401200,0.178912165987283
1401400,0.178902772721794
1401600,0.177813994545379
1401800,0.177275696826932
1402000,0.176818033623192
1402200,0.176756806167325
1402400,0.176251054977558
1402600,0.176921446811046
1402800,0.1773100409094
1403000,0.177019836737414
1403200,0.177870078537636
1403400,0.178935821641343
1403600,0.178407159698603
1403800,0.177997683296501
1404000,0.177598759336459
1404200,0.178152828037707
1404400,0.178079729217159
1404600,0.177822691645459
1404800,0.177460897248071
1405000,0.17758991880573
1405200,0.178748358759978
1405400,0.177971772203691
1405600,0.177211150169938
1405800,0.177069119611666
1406000,0.17729003043845
1406200,0.176223506779379
1406400,0.17669751861111
1406600,0.177417912574602
1406800,0.177329008398994
1407000,0.177464357660117
1407200,0.177767072808955
1407400,0.177567899332233
1407600,0.177982737259451
1407800,0.178948022300232
1408000,0.178242738845012
1408200,0.178038531996535
1408400,0.177813223431475
1408600,0.178809439951666
1408800,0.178050290038277
1409000,0.178308373606283
1409200,0.177857383679805
1409400,0.177503761134275
1409600,0.178395577931333
1409800,0.17836595257147
1410000,0.178602174247781
1410200,0.17816504503376
1410400,0.178203728702762
1410600,0.178702924133074
1410800,0.17752859088868
1411000,0.177997603295912
1411200,0.177897206326183
1411400,0.17773615169921
1411600,0.177511932619931
1411800,0.177511714823515
1412000,0.178025009339061
1412200,0.178032140074309
1412400,0.177861615220994
1412600,0.177071945013566
1412800,0.177358517049089
1413000,0.176778561599996
1413200,0.176515895532976
1413400,0.176605329040371
1413600,0.1763008412604
1413800,0.175753767044142
1414000,0.176374449827251
1414200,0.176928839177612
1414400,0.176819388158803
1414600,0.176526212800765
1414800,0.176703250061359
1415000,0.176743855649314
1415200,0.177510682082609
1415400,0.17737160970473
1415600,0.177574142964202
1415800,0.177269559246807
1416000,0.177106879342607
1416200,0.176914348848666
1416400,0.177231607730582
1416600,0.177275984876257
1416800,0.17636777991119
1417000,0.176311110520494
1417200,0.17659908122905
1417400,0.17676227170552
1417600,0.177149631024091
1417800,0.177110239832739
1418000,0.176665577807028
1418200,0.176189851536538
1418400,0.175885612183931
1418600,0.17585726062319
1418800,0.175905157099522
1419000,0.176563799312625
1419200,0.17637438257819
1419400,0.175713196571067
1419600,0.176156418356004
1419800,0.176741731909212
1420000,0.1768022254311
1420200,0.177130272890095
1420400,0.176463098818763
1420600,0.17647848943656
1420800,0.177686400616416
1421000,0.176424894082933
1421200,0.175506188562904
1421400,0.174649844870169
1421600,0.174475509343658
1421800,0.17493083453431
1422000,0.174771058525688
1422200,0.175064956013136
1422400,0.175144015626294
1422600,0.176405041524836
1422800,0.176862414323047
1423000,0.176851064948816
1423200,0.177077384788703
1423400,0.176845105002902
1423600,0.177489071615892
1423800,0.177699379972938
1424000,0.177276512761321
1424200,0.177811317527466
1424400,0.177898911283292
1424600,0.1781830216382
1424800,0.178416200287298
1425000,0.178365391236888
1425200,0.178088160064125
1425400,0.177887658262742
1425600,0.17725499442311
1425800,0.177757534685645
1426000,0.178636934854777
1426200,0.177981265932391
1426400,0.177360086321805
1426600,0.178521161390634
1426800,0.178026070863429
1427000,0.177239582460871
1427200,0.177837026026919
1427400,0.178669048986858
1427600,0.177387183013652
1427800,0.177507519596393
1428000,0.177390749271387
1428200,0.176822358366976
1428400,0.176773818412282
1428600,0.175899777656992
1428800,0.175572048586822
1429000,0.175762954984248
1429200,0.175287153264294
1429400,0.175234511348875
1429600,0.175519255379319
1429800,0.175687876311024
1430000,0.176293444221308
1430200,0.175786546650837
1430400,0.175189459681801
1430600,0.175573747937621
1430800,0.174916578126888
1431000,0.175191337765279
1431200,0.17610031846329
1431400,0.175726042225204
1431600,0.175760874416691
1431800,0.175705926768012
1432000,0.175219827675573
1432200,0.175495314879014
1432400,0.176000077900156
1432600,0.176449802117394
1432800,0.175612312648842
1433000,0.17559516876255
1433200,0.175945791156559
1433400,0.176582746634653
1433600,0.176493713473161
1433800,0.176630377668055
1434000,0.176309988089159
1434200,0.176993013177754
1434400,0.176823843558456
1434600,0.177282151916362
1434800,0.17665975729121
1435000,0.176824781766361
1435200,0.177137153348951
1435400,0.177082165823831
1435600,0.176656061779501
1435800,0.17674926246869
1436000,0.176559588522519
1436200,0.176222817099731
1436400,0.17665910180859
1436600,0.17649472048825
1436800,0.176813865090693
1437000,0.176291148652779
1437200,0.176393801025592
1437400,0.177045087918864
1437600,0.177494790899766
1437800,0.176351411888255
1438000,0.176459088658901
1438200,0.176201321375936
1438400,0.176898958225325
1438600,0.1763869603604
1438800,0.176399739035754
1439000,0.175957696339223
1439200,0.176435543043785
1439400,0.176532614254235
1439600,0.175523057664135
1439800,0.175778857486107
1440000,0.175093040620146
1440200,0.176209476548284
1440400,0.17630816675332
1440600,0.176247857120271
1440800,0.176292560832962
1441000,0.177551114767527
1441200,0.177348614252377
1441400,0.17808769377378
1441600,0.177225067399455
1441800,0.176903191118827
1442000,0.17668950343864
1442200,0.176515363795379
1442400,0.176657251240164
1442600,0.177362248555214
1442800,0.176716213929285
1443000,0.177209062005835
1443200,0.176644836139431
1443400,0.176006624498895
1443600,0.177238331027927
1443800,0.177165110959089
1444000,0.176888833331763
1444200,0.176643921893512
1444400,0.175942698191174
1444600,0.176692717529063
1444800,0.176702992587182
1445000,0.176719219826649
1445200,0.17654046150669
1445400,0.176201217203784
1445600,0.176336085571766
1445800,0.17674164119462
1446000,0.176152483366159
1446200,0.174844555559009
1446400,0.174700943939629
1446600,0.175816155621613
1446800,0.176473343209854
1447000,0.176542169757066
1447200,0.176109015103878
1447400,0.175314814337003
1447600,0.176461341186724
1447800,0.175379354187983
1448000,0.175580278214421
1448200,0.175485708996046
1448400,0.174852797043764
1448600,0.175181608651226
1448800,0.174991685401315
1449000,0.173858852789253
1449200,0.17464189989473
1449400,0.175726819715289
1449600,0.175337457057909
1449800,0.17490668151873
1450000,0.175883282335937
1450200,0.175538547687086
1450400,0.175955676830487
1450600,0.176243085444691
1450800,0.175955642489744
1451000,0.175698644788529
1451200,0.175106019688451
1451400,0.175845686306578
1451600,0.175484447110864
1451800,0.17555028429234
1452000,0.17563091469566
1452200,0.176966926105065
1452400,0.177293980453447
1452600,0.177377086955071
1452800,0.177157422004974
1453000,0.176653795937588
1453200,0.17627269044361
1453400,0.175938868612533
1453600,0.175450350751262
1453800,0.176204066853312
1454000,0.175686414563461
1454200,0.175965070994628
1454400,0.174880474582314
1454600,0.174927025248158
1454800,0.17524706659603
1455000,0.175377534153735
1455200,0.175534789942978
1455400,0.175786176817084
1455600,0.176218337329131
1455800,0.176739307234242
1456000,0.177000014431114
1456200,0.17634334753538
1456400,0.175840275660385
1456600,0.175832223336776
1456800,0.175855607390296
1457000,0.176091744899004
1457200,0.175584265697077
1457400,0.175434842482724
1457600,0.175100867020271
1457800,0.175155406299626
1458000,0.174634191344238
1458200,0.175564119003135
1458400,0.176439510207245
1458600,0.1761057362676
1458800,0.176232704862349
1459000,0.176044794008046
1459200,0.17590349342799
1459400,0.175734939715197
1459600,0.176494253583772
1459800,0.176328400862974
1460000,0.176251649149273
1460200,0.175846998287712
1460400,0.175425491045278
1460600,0.175970715306547
1460800,0.17634326706238
1461000,0.176003360764341
1461200,0.174668470066611
1461400,0.175051808901166
1461600,0.175385050641491
1461800,0.174927286556239
1462000,0.174939771868812
1462200,0.17690229298936
1462400,0.176776315060927
1462600,0.176887062540073
1462800,0.176778324077426
1463000,0.177048984275658
1463200,0.178148899168551
1463400,0.17845312607452
1463600,0.178458416842106
1463800,0.17852834900884
1464000,0.178480722973263
1464200,0.177599191035609
1464400,0.178537490537043
1464600,0.178256323329604
1464800,0.178731028617915
1465000,0.17836237574937
1465200,0.177839599795142
1465400,0.178005818584929
1465600,0.178171126051814
1465800,0.178299164633773
1466000,0.177397199829441
1466200,0.176818971577544
1466400,0.175886555186954
1466600,0.176609657618017
1466800,0.176747818190686
1467000,0.176648393727347
1467200,0.176915165846807
1467400,0.176657049270932
1467600,0.176800653469829
1467800,0.176254361172957
1468000,0.17644440784126
1468200,0.176468544851045
1468400,0.176836644110937
1468600,0.177070106777757
1468800,0.177230698327429
1469000,0.177239940617233
1469200,0.176165463919934
1469400,0.176470451567092
1469600,0.176378075037076
1469800,0.176677937592739
1470000,0.176696621867272
1470200,0.176143493020083
1470400,0.175466918181996
1470600,0.175775297879037
1470800,0.174910167149117
1471000,0.174319930261275
1471200,0.17469582015618
1471400,0.174757753672104
1471600,0.175186555784984
1471800,0.175568015450382
1472000,0.17571046062108
1472200,0.175811735520401
1472400,0.176044067071558
1472600,0.175868547887507
1472800,0.176291060711442
1473000,0.176256463463374
1473200,0.17573759582144
1473400,0.175912508604928
1473600,0.176650637577047
1473800,0.177175326611565
1474000,0.176863083529019
1474200,0.17624850139246
1474400,0.176903874221856
1474600,0.177250392242698
1474800,0.176634451198292
1475000,0.176778688119749
1475200,0.176013616764853
1475400,0.175864732824635
1475600,0.176798414121515
1475800,0.176680175061945
1476000,0.176621479948985
1476200,0.176015227721492
1476400,0.176305691728465
1476600,0.176050433443881
1476800,0.176511307299489
1477000,0.17650759579927
1477200,0.176311525594868
1477400,0.176567965194352
1477600,0.176855703672458
1477800,0.176538309362975
1478000,0.176646631842529
1478200,0.176942154595251
1478400,0.177402747834905
1478600,0.177061349907596
1478800,0.176765694331429
1479000,0.176809793825226
1479200,0.176898146225684
1479400,0.176917739669688
1479600,0.177777317893304
1479800,0.177616099901065
1480000,0.177414174840591
1480200,0.177197945119459
1480400,0.177354598231546
1480600,0.176987113919388
1480800,0.176720492318935
1481000,0.176095192494959
1481200,0.176651548080343
1481400,0.177301456653545
1481600,0.177128298957861
1481800,0.176890397911107
1482000,0.176064129185293
1482200,0.175816944424487
1482400,0.175605598124789
1482600,0.174593930900022
1482800,0.175138105469303
1483000,0.176993458285259
1483200,0.175751361653737
1483400,0.175355478591957
1483600,0.175550277834781
1483800,0.175113856874561
1484000,0.174861240645806
1484200,0.175372053870126
1484400,0.175408086753192
1484600,0.175559260755596
1484800,0.174955622315127
1485000,0.175786003436441
1485200,0.176263807487002
1485400,0.175000216245682
1485600,0.174970316690924
1485800,0.174161635114814
1486000,0.175039283182515
1486200,0.174877221360295
1486400,0.174786311081809
1486600,0.175536755045046
1486800,0.175967223445466
1487000,0.176004765932437
1487200,0.175914171310873
1487400,0.175321979858857
1487600,0.176072810198475
1487800,0.175784711065929
1488000,0.175700397674056
1488200,0.176125394305277
1488400,0.176450612901768
1488600,0.175379447038577
1488800,0.174603358290593
1489000,0.175272686457754
1489200,0.175337191157363
1489400,0.176433875818332
1489600,0.176480362127184
1489800,0.175913806036837
1490000,0.17580394468659
1490200,0.176365837869763
1490400,0.175838533334284
1490600,0.175608527116524
1490800,0.174350793581867
1491000,0.174843774155801
1491200,0.174493574261126
1491400,0.175075517957504
1491600,0.174800023249323
1491800,0.175327945952047
1492000,0.17508850744132
1492200,0.175048971176694
1492400,0.175129525343909
1492600,0.175026588274438
1492800,0.175424717515175
1493000,0.174622412712253
1493200,0.174901981374598
1493400,0.174924560639725
1493600,0.174724778181761
1493800,0.175405884558537
1494000,0.176185867397387
1494200,0.175209223477636
1494400,0.175000206280956
1494600,0.175561190661107
1494800,0.176142755111915
1495000,0.175295064315803
1495200,0.175622322732368
1495400,0.176041070215603
1495600,0.176356658500862
1495800,0.17561190420731
1496000,0.176017400726949
1496200,0.176147070242445
1496400,0.176741149142123
1496600,0.176034414784803
1496800,0.17584104885404
1497000,0.175191984416088
1497200,0.175396118486027
1497400,0.175893304659077
1497600,0.175724694640542
1497800,0.175467812772371
1498000,0.175945615253609
1498200,0.175810496460352
1498400,0.175509308897905
1498600,0.174955830184385
1498800,0.175111567372311
1499000,0.175547931715618
1499200,0.17460225819566
1499400,0.175830338401511
1499600,0.176133309730836
1499800,0.175448888495046
1500000,0.175955694871425
1500200,0.17615300373199
1500400,0.176419441753207
1500600,0.175747266398307
1500800,0.176054562150618
1501000,0.174804849196639
1501200,0.175528630196778
1501400,0.176676012451203
1501600,0.17617034076868
1501800,0.175980358380795
1502000,0.175126370881243
1502200,0.174974732125023
1502400,0.176468641212222
1502600,0.176329109323047
1502800,0.175228923563892
1503000,0.175565001913265
1503200,0.176125776934364
1503400,0.176701170153934
1503600,0.175396696849187
1503800,0.175075445793318
1504000,0.175539306244358
1504200,0.175405864769883
1504400,0.175320550659457
1504600,0.1752736745057
1504800,0.174756206368443
1505000,0.174991716957779
1505200,0.174676445908072
1505400,0.174348703352535
1505600,0.175020715578726
1505800,0.174695076881108
1506000,0.175127492577566
1506200,0.175433749518251
1506400,0.175099302212356
1506600,0.174285210643116
1506800,0.174683401716187
1507000,0.175264161343281
1507200,0.176291687526948
1507400,0.17603094251023
1507600,0.176100641282038
1507800,0.175310342048794
1508000,0.175413803056693
1508200,0.175993792094856
1508400,0.175814784845741
1508600,0.176260849536374
1508800,0.175898253003326
1509000,0.175915116160897
1509200,0.175189198526782
1509400,0.175624936997996
1509600,0.174962415971416
1509800,0.175115544434896
1510000,0.174733661014466
1510200,0.175322864365206
1510400,0.17568106181933
1510600,0.176378446589709
1510800,0.176378749518125
1511000,0.176204237952582
1511200,0.175839609403605
1511400,0.175364469701242
1511600,0.17570872104748
1511800,0.17499245195986
1512000,0.175475817751693
1512200,0.175564118163692
1512400,0.175789811519849
1512600,0.175122814878116
1512800,0.175021672051145
1513000,0.175018623000837
1513200,0.174692105616918
1513400,0.175195520213733
1513600,0.174771453759866
1513800,0.174380894802945
1514000,0.174716179083728
1514200,0.174254700867357
1514400,0.174650221451963
1514600,0.175180674381155
1514800,0.174532232589238
1515000,0.174347277721173
1515200,0.175076928461314
1515400,0.175637503010396
1515600,0.17565884277116
1515800,0.174446903803418
1516000,0.173054096359276
1516200,0.17409730372326
1516400,0.174560330547727
1516600,0.174863503849345
1516800,0.174552538678952
1517000,0.174972201245247
1517200,0.175698960880676
1517400,0.175779552743166
1517600,0.175827307643882
1517800,0.174775922239822
1518000,0.174912586485443
1518200,0.175506987295528
1518400,0.175546877057889
1518600,0.175322292395585
1518800,0.175989719435376
1519000,0.176274854142734
1519200,0.175681879537439
1519400,0.176239153326821
1519600,0.175129039833161
1519800,0.174618337689805
1520000,0.174945975293855
1520200,0.17421862432634
1520400,0.174466732471211
1520600,0.174221923818082
1520800,0.175023911494909
1521000,0.175452940661111
1521200,0.174630111866534
1521400,0.174588864949843
1521600,0.175221411280092
1521800,0.175708427511585
1522000,0.175663529580518
1522200,0.175873882080937
1522400,0.175462209516989
1522600,0.174850911968101
1522800,0.175284852717666
1523000,0.175100734746455
1523200,0.175106707337501
1523400,0.175545902191332
1523600,0.175626676866101
1523800,0.17545109318325
1524000,0.175602154340751
1524200,0.175603458691
1524400,0.175427648045406
1524600,0.17560213070805
1524800,0.174974580918281
1525000,0.17523191031749
1525200,0.174484499189109
1525400,0.175010160855041
1525600,0.175378036099377
1525800,0.175248292804542
1526000,0.174398444760842
1526200,0.174660742170816
1526400,0.174961181218681
1526600,0.174136146945388
1526800,0.174430836356373
1527000,0.175840566600912
1527200,0.176338156253105
1527400,0.175339871502918
1527600,0.176200566707326
1527800,0.176306109451794
1528000,0.175701486504062
1528200,0.176025163104636
1528400,0.176734954880574
1528600,0.175873969557059
1528800,0.176347272999066
1529000,0.176579140008874
1529200,0.176539795332
1529400,0.176670191670305
1529600,0.176460953165497
1529800,0.17620846005006
1530000,0.17647802301122
1530200,0.176708268754907
1530400,0.176859254603885
1530600,0.176715855994396
1530800,0.175454575026908
1531000,0.175456935372863
1531200,0.175438042429751
1531400,0.175934156926657
1531600,0.175025818080798
1531800,0.175435914870003
1532000,0.174952822362396
1532200,0.175283435668422
1532400,0.174991539538189
1532600,0.175251022974818
1532800,0.175684975593148
1533000,0.174865430013321
1533200,0.174839170405926
1533400,0.175953503653282
1533600,0.17588315600097
1533800,0.175600272372641
1534000,0.175612757467027
1534200,0.174910967410986
1534400,0.174682322622833
1534600,0.174367050661468
1534800,0.174654074843502
1535000,0.174660813009648
1535200,0.175064261182644
1535400,0.174986977284668
1535600,0.174565628758572
1535800,0.17448990121132
1536000,0.173797643848252
1536200,0.174036224522788
1536400,0.174221230416166
1536600,0.174275453172917
1536800,0.174530403811992
1537000,0.174853450179209
1537200,0.175389052086621
1537400,0.175741012043515
1537600,0.175786003585396
1537800,0.175468351436068
1538000,0.17577889082687
1538200,0.175568493864824
1538400,0.175154759845433
1538600,0.176091937660696
1538800,0.175421372076221
1539000,0.174019846410191
1539200,0.173219332320906
1539400,0.174310041724075
1539600,0.174203412447068
1539800,0.174404502238516
1540000,0.174559754490703
1540200,0.174718416335243
1540400,0.174175367672283
1540600,0.174701251458675
1540800,0.173624017575172
1541000,0.173583484794781
1541200,0.173356062184663
1541400,0.172880545754907
1541600,0.172963320030147
1541800,0.17274678004144
1542000,0.172979604090289
1542200,0.173803051351783
1542400,0.173032985941277
1542600,0.173033127345246
1542800,0.173213987049713
1543000,0.17297684785022
1543200,0.173782537312624
1543400,0.174117826138996
1543600,0.17390198755292
1543800,0.172730615559861
1544000,0.172672221004572
1544200,0.172225756307814
1544400,0.171536657873323
1544600,0.171846466845703
1544800,0.171467222460984
1545000,0.171760578707816
1545200,0.172401296038921
1545400,0.17323768462484
1545600,0.172817238988024
1545800,0.172108565705546
1546000,0.172711052904086
1546200,0.172867651576071
1546400,0.172567325736857
1546600,0.173548399089029
1546800,0.173716090419486
1547000,0.173027953608718
1547200,0.172674201499947
1547400,0.173365933526966
1547600,0.173268822709076
1547800,0.173536701368778
1548000,0.174308129818746
1548200,0.174191945365897
1548400,0.174032113807276
1548600,0.174158954569665
1548800,0.173981674223761
1549000,0.173845828273112
1549200,0.173881912754647
1549400,0.174044804766207
1549600,0.173934907267985
1549800,0.174076591346867
1550000,0.174146945859353
1550200,0.174407432597474
1550400,0.174584712887282
1550600,0.173685904428698
1550800,0.172913465889201
1551000,0.172327900207448
1551200,0.172518031295208
1551400,0.173335374473879
1551600,0.172601185079859
1551800,0.173223030131892
1552000,0.1722391826225
1552200,0.172329590984305
1552400,0.17266187920661
1552600,0.172615039774049
1552800,0.173024813924261
1553000,0.172144729181915
1553200,0.172274168669793
1553400,0.172889994596878
1553600,0.172597544005243
1553800,0.172193480730834
1554000,0.172602964877544
1554200,0.173027268327134
1554400,0.173443142397431
1554600,0.173328412416929
1554800,0.172881972767924
1555000,0.172532098307035
1555200,0.173205773785212
1555400,0.173294407958167
1555600,0.173159407800761
1555800,0.173096418925368
1556000,0.173957447874005
1556200,0.174255522480373
1556400,0.172924589345418
1556600,0.173390773092221
1556800,0.173387065488622
1557000,0.174255107914402
1557200,0.174512933016216
1557400,0.173812815952675
1557600,0.173415712427048
1557800,0.173163459179644
1558000,0.173877647773531
1558200,0.174025574470895
1558400,0.174169277308479
1558600,0.174061509097077
1558800,0.173163969496587
1559000,0.173323881169676
1559200,0.174178746408077
1559400,0.174338407944272
1559600,0.17422352738172
1559800,0.173545421671996
1560000,0.17294278940221
1560200,0.172960121302658
1560400,0.172952492256179
1560600,0.173405722872493
1560800,0.173990538288943
1561000,0.173400535785068
1561200,0.172662365222424
1561400,0.173783110281777
1561600,0.174224646445586
1561800,0.173307644591578
1562000,0.172661961101686
1562200,0.17297140041914
1562400,0.172822393233505
1562600,0.172392399771379
1562800,0.17253975796445
1563000,0.17294603251114
1563200,0.173086606986275
1563400,0.173705669390512
1563600,0.173843547457314
1563800,0.173624525987702
1564000,0.174106023432585
1564200,0.174069272225405
1564400,0.174366520318058
1564600,0.174066188089572
1564800,0.173855889863592
1565000,0.173617002144287
1565200,0.173280362529859
1565400,0.173511432855662
1565600,0.174083893597904
1565800,0.173085403787936
1566000,0.172959725894939
1566200,0.172046099142387
1566400,0.172816622392688
1566600,0.173150160007391
1566800,0.172903600858084
1567000,0.172601365401432
1567200,0.173127056677506
1567400,0.173253237800602
1567600,0.173595257294971
1567800,0.172923457744601
1568000,0.172607607242734
1568200,0.172475403161333
1568400,0.172891517124192
1568600,0.172554070489401
1568800,0.172860606819175
1569000,0.17365526031214
1569200,0.172923530569921
1569400,0.173231660657094
1569600,0.172909977502866
1569800,0.172464812461651
1570000,0.173334289660152
1570200,0.173459629377644
1570400,0.172997810276458
1570600,0.173337302203298
1570800,0.172620305175931
1571000,0.173069313519053
1571200,0.17318487410921
1571400,0.172742969356976
1571600,0.173208559534888
1571800,0.174215343131282
1572000,0.173953694843176
1572200,0.173831186297707
1572400,0.173963639739254
1572600,0.174114551248346
1572800,0.173458454603062
1573000,0.173200298673474
1573200,0.173537317785827
1573400,0.174131589320272
1573600,0.173938624685599
1573800,0.172720184153481
1574000,0.172005960880938
1574200,0.172759774149778
1574400,0.172555958212065
1574600,0.172645507574861
1574800,0.173008285995237
1575000,0.173054789009707
1575200,0.172778204007144
1575400,0.1726494882856
1575600,0.173119478932414
1575800,0.173544816524586
1576000,0.173709647902375
1576200,0.173195538720906
1576400,0.173644284292169
1576600,0.17394837594918
1576800,0.174252387543245
1577000,0.173593444165213
1577200,0.173491346611233
1577400,0.173313154413041
1577600,0.172703953409618
1577800,0.173803353568718
1578000,0.173894321304884
1578200,0.174560857039341
1578400,0.174339979158465
1578600,0.173939919645545
1578800,0.173854578972274
1579000,0.173331581180774
1579200,0.173197427666459
1579400,0.173205244237178
1579600,0.173609956780573
1579800,0.173740985932907
1580000,0.173724888243469
1580200,0.174384600165667
1580400,0.17384642538728
1580600,0.173795453828181
1580800,0.173886299241841
1581000,0.17366542368228
1581200,0.17423655988019
1581400,0.174495413153124
1581600,0.174402640043968
1581800,0.173675124907159
1582000,0.173622114840887
1582200,0.17313578244777
1582400,0.172976093568096
1582600,0.173088310178849
1582800,0.172871293717234
1583000,0.173453685573913
1583200,0.17354196932478
1583400,0.174601924882659
1583600,0.174390669441189
1583800,0.173587874801692
1584000,0.173776524386002
1584200,0.173726301100097
1584400,0.173497252823852
1584600,0.17326633562505
1584800,0.173368827364501
1585000,0.173076798797916
1585200,0.173063053001714
1585400,0.173199447793692
1585600,0.172848570727929
1585800,0.172846666378929
1586000,0.17288120609795
1586200,0.172904912432539
1586400,0.172868029246956
1586600,0.172277130358773
1586800,0.172279487015432
1587000,0.172041665089442
1587200,0.171813434351748
1587400,0.172585388387498
1587600,0.172247482692248
1587800,0.171460950450756
1588000,0.171748323904266
1588200,0.172928880397308
1588400,0.1727937808283
1588600,0.172235128393935
1588800,0.172169460526764
1589000,0.172663407710707
1589200,0.172985560880132
1589400,0.173993338320574
1589600,0.173836628665059
1589800,0.172945819052835
1590000,0.174122472389167
1590200,0.172835364584308
1590400,0.172933018677016
1590600,0.172530525030393
1590800,0.173046164871172
1591000,0.173271220126624
1591200,0.172969421236812
1591400,0.172442465546518
1591600,0.172433891653596
1591800,0.172468006579264
1592000,0.172771970061783
1592200,0.173149635349528
1592400,0.172033611881232
1592600,0.171992618266037
1592800,0.171660149595443
1593000,0.171335688553295
1593200,0.170720078185079
1593400,0.17063366235196
1593600,0.170879802303197
1593800,0.170111323370307
1594000,0.171292137479083
1594200,0.171008277571583
1594400,0.170542574169592
1594600,0.170852958561912
1594800,0.170996763514817
1595000,0.170915213895621
1595200,0.170977180517556
1595400,0.171035254856
1595600,0.171533090864977
1595800,0.171675910601597
1596000,0.171655371336353
1596200,0.171980937509076
1596400,0.172001289787802
1596600,0.171716875118095
1596800,0.171479617405351
1597000,0.171023889576414
1597200,0.170246479575037
1597400,0.169759429865607
1597600,0.169824692276846
1597800,0.170085263786838
1598000,0.170538057512074
1598200,0.170952592528801
1598400,0.171146729355018
1598600,0.171427001825245
1598800,0.171991905697527
1599000,0.17239169680594
1599200,0.172085467330851
1599400,0.172405001278253
1599600,0.172012420390122
1599800,0.172711337952102
1600000,0.172599224811437
1600200,0.172142007467427
1600400,0.17246699241796
1600600,0.173023848211728
1600800,0.172904209142187
1601000,0.172557699596643
1601200,0.172354713999181
1601400,0.17243948790329
1601600,0.173080688083849
1601800,0.173209508676309
1602000,0.172713341956173
1602200,0.172887327765966
1602400,0.172484906504012
1602600,0.172296434263894
1602800,0.172535006996656
1603000,0.171657498202166
1603200,0.172195430416592
1603400,0.171947154041863
1603600,0.172567358621511
1603800,0.171927608472151
1604000,0.172060455186459
1604200,0.17190040445775
1604400,0.17244638949819
1604600,0.172848635850626
1604800,0.172795452643042
1605000,0.172187948088121
1605200,0.172210829214399
1605400,0.17190691256079
1605600,0.171645489126768
1605800,0.171293870729046
1606000,0.170792401586071
1606200,0.17098013040275
1606400,0.171105288312329
1606600,0.171224223421687
1606800,0.170742505812121
1607000,0.170944053688536
1607200,0.171593959309376
1607400,0.171705086659319
1607600,0.17102221519181
1607800,0.171562123250176
1608000,0.171784540158641
1608200,0.171832136127468
1608400,0.17153619485056
1608600,0.171903991699034
1608800,0.172036048585024
1609000,0.172788516773522
1609200,0.17258132417732
1609400,0.172858716176137
1609600,0.172324202321986
1609800,0.172680079596403
1610000,0.171986385804731
1610200,0.171389151260417
1610400,0.171519610720448
1610600,0.171701466744129
1610800,0.171328956269872
1611000,0.171815561896754
1611200,0.171733815884577
1611400,0.172161905445285
1611600,0.172323627223679
1611800,0.172643232443144
1612000,0.172915605502073
1612200,0.172710262427649
1612400,0.173074436640701
1612600,0.171825774611094
1612800,0.171810309402819
1613000,0.170834119843852
1613200,0.170742581325575
1613400,0.171283994965243
1613600,0.171237850619098
1613800,0.171004136597534
1614000,0.170241054080354
1614200,0.17063816441136
1614400,0.171332859347425
1614600,0.17082038122741
1614800,0.170656406227487
1615000,0.171264823082329
1615200,0.170814641368603
1615400,0.171035611473846
1615600,0.170866678877036
1615800,0.171257923949049
1616000,0.170634079692072
1616200,0.171326920417234
1616400,0.17122083262414
1616600,0.17143993918359
1616800,0.171503482490324
1617000,0.171421473125325
1617200,0.171253527072029
1617400,0.171076941255586
1617600,0.171232190744771
1617800,0.170715562385007
1618000,0.171524249001027
1618200,0.170798015032718
1618400,0.171015204853512
1618600,0.171163086071178
1618800,0.170958137842712
1619000,0.171168108022717
1619200,0.1719357427022
1619400,0.171074712386482
1619600,0.17029755744549
1619800,0.170533077468024
1620000,0.170724251255862
1620200,0.17117877476471
1620400,0.170585394303743
1620600,0.170882518581534
1620800,0.170938659321431
1621000,0.171490524617001
1621200,0.17114988156861
1621400,0.17016782480946
1621600,0.169527553203527
1621800,0.169802387876505
1622000,0.170051900305092
1622200,0.170307738507882
1622400,0.16926857482134
1622600,0.169899231131901
1622800,0.169932108377739
1623000,0.168759575529338
1623200,0.169212650377695
1623400,0.169889836774616
1623600,0.169940303883369
1623800,0.170751840879696
1624000,0.169953192421195
1624200,0.169415613556348
1624400,0.168873377478163
1624600,0.168835274582315
1624800,0.168866900749384
1625000,0.170403918658829
1625200,0.169019871261243
1625400,0.170114121896442
1625600,0.169625671722868
1625800,0.169772915735311
1626000,0.169835754209879
1626200,0.170125196719541
1626400,0.169644358841992
1626600,0.170888493833469
1626800,0.170930246733991
1627000,0.17029956531857
1627200,0.16991628376509
1627400,0.16992550302794
1627600,0.168767069269749
1627800,0.169674747514224
1628000,0.167834925109114
1628200,0.168079279886564
1628400,0.168559964575411
1628600,0.168589054756054
1628800,0.168809471927476
1629000,0.16893723579758
1629200,0.169032369624329
1629400,0.169195956327924
1629600,0.169476947975797
1629800,0.169409372555058
1630000,0.168978071197419
1630200,0.169458056379113
1630400,0.170232622328853
1630600,0.170731200031445
1630800,0.170296458087259
1631000,0.170445397132136
1631200,0.170647131545202
1631400,0.170290346551373
1631600,0.170210227887197
1631800,0.169442492261728
1632000,0.169744976376664
1632200,0.169433777238615
1632400,0.168530708814459
1632600,0.169428231498919
1632800,0.168974876537816
1633000,0.168330323750938
1633200,0.168501944899994
1633400,0.169016366251476
1633600,0.168866522578683
1633800,0.168923813271726
1634000,0.16902517859282
1634200,0.168093871487395
1634400,0.168707819872821
1634600,0.168714104220521
1634800,0.167906464219582
1635000,0.168685006018587
1635200,0.168668779013044
1635400,0.16924222813265
1635600,0.169067455532127
1635800,0.168301245539156
1636000,0.167987027445425
1636200,0.168392467216757
1636400,0.16892288202669
1636600,0.169882270421405
1636800,0.168825289225478
1637000,0.168608701469545
1637200,0.168899246177016
1637400,0.168488811938817
1637600,0.167292220564288
1637800,0.168051076606609
1638000,0.169210433783474
1638200,0.168693911780759
1638400,0.168451140107169
1638600,0.168266814279479
1638800,0.167909983034772
1639000,0.167722764676569
1639200,0.167417545313002
1639400,0.16825037247079
1639600,0.1680961286291
1639800,0.168195056641458
1640000,0.167817237007476
1640200,0.167906897990584
1640400,0.168072737192822
1640600,0.168212700513371
1640800,0.1685445721695
1641000,0.167638757259512
1641200,0.166879687145516
1641400,0.166444901954313
1641600,0.166912096759457
1641800,0.167737860658672
1642000,0.168407996306951
1642200,0.167817236032777
1642400,0.167219664868292
1642600,0.167255772706082
1642800,0.166619274044039
1643000,0.166157660888058
1643200,0.166670305622319
1643400,0.166741234549259
1643600,0.167061506594555
1643800,0.168328803680653
1644000,0.16796130047926
1644200,0.167148300597558
1644400,0.167596206868681
1644600,0.167173978873129
1644800,0.166435255117761
1645000,0.166671561587471
1645200,0.166882484871426
1645400,0.167660378528022
1645600,0.167474664805316
1645800,0.167112264178647
1646000,0.167492155047178
1646200,0.167677877978483
1646400,0.167206074359991
1646600,0.167029573504751
1646800,0.168457104056106
1647000,0.169108359453439
1647200,0.168214692698358
1647400,0.167351132415146
1647600,0.167173349516365
1647800,0.167865927682997
1648000,0.167731222982725
1648200,0.167200494717774
1648400,0.168174361278243
1648600,0.168826760153455
1648800,0.168633930565613
1649000,0.16832635389411
1649200,0.168665699876003
1649400,0.168326762506894
1649600,0.167118922621073
1649800,0.166720350711745
1650000,0.166748127959023
1650200,0.166739055770176
1650400,0.166724440437766
1650600,0.165889615116411
1650800,0.165377893340456
1651000,0.166379564479533
1651200,0.167034588926227
1651400,0.168182001159828
1651600,0.1678742278447
1651800,0.167876881560561
1652000,0.167428579048871
1652200,0.167298188569942
1652400,0.167316645305155
1652600,0.168564846280095
1652800,0.168569005784762
1653000,0.168149796900772
1653200,0.16801577692538
1653400,0.168288319229432
1653600,0.168615641595007
1653800,0.168115639947629
1654000,0.167892253238027
1654200,0.167974804436605
1654400,0.168118742619112
1654600,0.168083605627645
1654800,0.166932875314631
1655000,0.166754326633194
1655200,0.166715927469925
1655400,0.166918203236819
1655600,0.167014153797873
1655800,0.166521633906611
1656000,0.166978325685129
1656200,0.167509870955034
1656400,0.168047724249525
1656600,0.168284924116757
1656800,0.168275982901417
1657000,0.168024693454761
1657200,0.167318188916533
1657400,0.167326316523285
1657600,0.16760943498371
1657800,0.16699358033606
1658000,0.166925342888832
1658200,0.1677283602218
1658400,0.167916452747691
1658600,0.167125303085041
1658800,0.167183051839211
1659000,0.167504575520724
1659200,0.167124764680485
1659400,0.167337966756557
1659600,0.166892570082788
1659800,0.166732571113565
1660000,0.166118401708323
1660200,0.165863199815857
1660400,0.166096631237824
1660600,0.165986830486889
1660800,0.166507211790402
1661000,0.166674487921591
1661200,0.166668791448886
1661400,0.167221304497358
1661600,0.16804414311317
1661800,0.167226615053444
1662000,0.166166727882796
1662200,0.166378974993848
1662400,0.167441515067646
1662600,0.166279029875894
1662800,0.165826350644379
1663000,0.166449052688909
1663200,0.166261178007268
1663400,0.166125381881031
1663600,0.16603772799914
1663800,0.166313070604419
1664000,0.167040001132336
1664200,0.16671613826315
1664400,0.167249218328856
1664600,0.166413850800538
1664800,0.166507462414338
1665000,0.166077371827723
1665200,0.165979617371343
1665400,0.16668864923312
1665600,0.166133513568409
1665800,0.166107335361387
1666000,0.165924082521977
1666200,0.165197621148422
1666400,0.166096184723341
1666600,0.165252671665622
1666800,0.16601574393053
1667000,0.165933110155898
1667200,0.166128744489609
1667400,0.166718653673592
1667600,0.166081599549304
1667800,0.165840423977801
1668000,0.165952862430877
1668200,0.165254669559689
1668400,0.16556959655816
1668600,0.166151634469082
1668800,0.16608732850407
1669000,0.165920964782075
1669200,0.166040417931888
1669400,0.166101558221661
1669600,0.165273820203577
1669800,0.166236027395068
1670000,0.166088354176352
1670200,0.165498481583935
1670400,0.165282730758413
1670600,0.16492415008337
1670800,0.165310749508554
1671000,0.165459171787359
1671200,0.165975386790294
1671400,0.166030103330599
1671600,0.166134212014302
1671800,0.165635261635074
1672000,0.166589578629989
1672200,0.166432146056379
1672400,0.166615280480417
1672600,0.166510527558265
1672800,0.16699453600452
1673000,0.166731506408696
1673200,0.166987443092365
1673400,0.166459150938153
1673600,0.167367698843579
1673800,0.167157488462034
1674000,0.166020483100733
1674200,0.165501093006857
1674400,0.166538503967279
1674600,0.16727934696682
1674800,0.167073765413394
1675000,0.16659237318076
1675200,0.166172932774062
1675400,0.165623412260957
1675600,0.166121919039804
1675800,0.166444147154737
1676000,0.166271211795816
1676200,0.165952505444951
1676400,0.165638350956347
1676600,0.165881609699612
1676800,0.166313058722382
1677000,0.167022555446266
1677200,0.167127920117317
1677400,0.166781314392298
1677600,0.166234932121257
1677800,0.165809986269836
1678000,0.166207791693773
1678200,0.165185388277496
1678400,0.164525399664648
1678600,0.164975203108609
1678800,0.166068915648173
1679000,0.166360202589566
1679200,0.166026255344179
1679400,0.1666173700093
1679600,0.167671818768426
1679800,0.167488811629671
1680000,0.166734790271576
1680200,0.166997165986711
1680400,0.166104974541084
1680600,0.166276753187004
1680800,0.165859304687255
1681000,0.166374542024537
1681200,0.165943770763327
1681400,0.166376724673292
1681600,0.166622587448682
1681800,0.166145561558709
1682000,0.166100999294593
1682200,0.166397847194105
1682400,0.16649098500807
1682600,0.167374938121356
1682800,0.166504331423135
1683000,0.166090470022104
1683200,0.166426163074769
1683400,0.166271397265403
1683600,0.166589823663493
1683800,0.166773915705107
1684000,0.167807566136563
1684200,0.167818354176551
1684400,0.167011561966002
1684600,0.167083624377594
1684800,0.167194822184931
1685000,0.167110526436155
1685200,0.166293046691657
1685400,0.166641405892455
1685600,0.166635498104052
1685800,0.166319040890891
1686000,0.166684846593002
1686200,0.166939756555475
1686400,0.166465486633685
1686600,0.166426954070744
1686800,0.167028174194684
1687000,0.167252751628118
1687200,0.167618071865013
1687400,0.166132492764561
1687600,0.16533935402519
1687800,0.165281226415814
1688000,0.165697474540555
1688200,0.165244919716323
1688400,0.165194829439175
1688600,0.164990498426322
1688800,0.166407288510262
1689000,0.166159260163619
1689200,0.165230496272427
1689400,0.16563879776859
1689600,0.165896545427961
1689800,0.165723343163073
1690000,0.166055652405825
1690200,0.165738942138582
1690400,0.165244650099991
1690600,0.165281309955323
1690800,0.165001162689138
1691000,0.165201695120925
1691200,0.166613219459067
1691400,0.16591076642327
1691600,0.166223608117285
1691800,0.165555966039475
1692000,0.165568435113267
1692200,0.165447319158781
1692400,0.165083481436416
1692600,0.164413886555163
1692800,0.1640833341189
1693000,0.165481897585225
1693200,0.165529655002608
1693400,0.164721810627423
1693600,0.164538485830823
1693800,0.164535998418295
1694000,0.16503391186036
1694200,0.164537342886236
1694400,0.16499585790487
1694600,0.16476961653848
1694800,0.16489934716735
1695000,0.164810559491954
1695200,0.164969367497994
1695400,0.164702748064687
1695600,0.165138138392154
1695800,0.164465225958674
1696000,0.165176225513323
1696200,0.164380851128956
1696400,0.164377477943397
1696600,0.165583067499271
1696800,0.165159597654179
1697000,0.164943420162265
1697200,0.165036522858076
1697400,0.164496241389109
1697600,0.164972091449316
1697800,0.164544758061621
1698000,0.164548839052266
1698200,0.164320304471447
1698400,0.16462660779631
1698600,0.165259820955013
1698800,0.16428781976537
1699000,0.164268184620845
1699200,0.164362319110185
1699400,0.163786470833322
1699600,0.164070114071929
1699800,0.165140422402682
1700000,0.165320973521302
1700200,0.164959633502961
1700400,0.165189549326419
1700600,0.165714057602364
1700800,0.165291259012701
1701000,0.165016162179943
1701200,0.165171837630809
1701400,0.164632759050089
1701600,0.16526325055307
1701800,0.16516933937773
1702000,0.164901012612296
1702200,0.163916594254168
1702400,0.163539886970754
1702600,0.163723791283771
1702800,0.164191340884221
1703000,0.163810028534988
1703200,0.164072157104053
1703400,0.163687722760561
1703600,0.164108770695558
1703800,0.163576630359681
1704000,0.163518121557541
1704200,0.162987285007381
1704400,0.163571138809683
1704600,0.164412164888253
1704800,0.164958624022153
1705000,0.164581982286345
1705200,0.164387910929268
1705400,0.164328404552232
1705600,0.164339813490086
1705800,0.164354373079528
1706000,0.162659823966176
1706200,0.162257097897851
1706400,0.162719497342755
1706600,0.161736616603272
1706800,0.162159466895973
1707000,0.162954454079378
1707200,0.163333854303694
1707400,0.163320750373199
1707600,0.163769971687752
1707800,0.162471787475499
1708000,0.163210624844477
1708200,0.163728014282849
1708400,0.162343993523307
1708600,0.162686351037807
1708800,0.162543250107765
1709000,0.162633511764253
1709200,0.162747384054428
1709400,0.162086158918658
1709600,0.161821784056716
1709800,0.16234329616645
1710000,0.163088227724571
1710200,0.162210196133541
1710400,0.162094088193942
1710600,0.162810198435114
1710800,0.16226965850142
1711000,0.161412259912394
1711200,0.161597136571822
1711400,0.162055670088015
1711600,0.161801022628822
1711800,0.161600546763209
1712000,0.161757902149545
1712200,0.162524969886912
1712400,0.162430703948037
1712600,0.161904212946985
1712800,0.162448974682595
1713000,0.162718780838696
1713200,0.163221109075404
1713400,0.162860275775789
1713600,0.162667503972334
1713800,0.162398614966513
1714000,0.162832074925276
1714200,0.163034276908093
1714400,0.163565930295502
1714600,0.163709735743199
1714800,0.163704423579317
1715000,0.163879951996334
1715200,0.162664211873572
1715400,0.16332236069293
1715600,0.16336649967472
1715800,0.163590648260086
1716000,0.164255655370984
1716200,0.164205628100542
1716400,0.163996148584859
1716600,0.163117004920878
1716800,0.164099979287485
1717000,0.165005799214573
1717200,0.163997097204342
1717400,0.164054278878475
1717600,0.163890193802169
1717800,0.164428107045237
1718000,0.165304817107641
1718200,0.164721420034496
1718400,0.16490204643273
1718600,0.165221586829242
1718800,0.164997826946049
1719000,0.164484194980214
1719200,0.164635329342508
1719400,0.164618825671613
1719600,0.164751065159613
1719800,0.165120234995972
1720000,0.164805614132997
1720200,0.164849504235107
1720400,0.163904348744336
1720600,0.164094147727389
1720800,0.163333386062189
1721000,0.164005626732604
1721200,0.164819907471052
1721400,0.164396958963046
1721600,0.164686010789204
1721800,0.165041143114364
1722000,0.165414063475552
1722200,0.165305843363427
1722400,0.165315184131322
1722600,0.165848141088275
1722800,0.165960115661518
1723000,0.166112617250882
1723200,0.165703161830113
1723400,0.16583772758683
1723600,0.166987099419538
1723800,0.166112121854197
1724000,0.166776901104194
1724200,0.16687565347664
1724400,0.166039230593777
1724600,0.166782835349496
1724800,0.166057513046628
1725000,0.166374401824617
1725200,0.165505086819404
1725400,0.166259997701866
1725600,0.166655243454429
1725800,0.166052203526332
1726000,0.165491442930006
1726200,0.165739162361482
1726400,0.165776144100175
1726600,0.16620710682977
1726800,0.166546656679505
1727000,0.166803945878105
1727200,0.166550454255183
1727400,0.165522237815856
1727600,0.16487794144373
1727800,0.165568168628282
1728000,0.166421477429134
1728200,0.166953933049438
1728400,0.166824515885041
1728600,0.16676867337764
1728800,0.167240272481956
1729000,0.166867352530526
1729200,0.16661364399134
1729400,0.167213761338947
1729600,0.167342617301439
1729800,0.166936053796419
1730000,0.166668121609439
1730200,0.16743295399269
1730400,0.166650843218949
1730600,0.16672795148485
1730800,0.16705563125478
1731000,0.166605283515262
1731200,0.166191703199745
1731400,0.165980130598666
1731600,0.166638988675879
1731800,0.165875374494268
1732000,0.165537749398227
1732200,0.165354317732374
1732400,0.16530838742824
1732600,0.164476757707679
1732800,0.164052079817066
1733000,0.164760118354576
1733200,0.164754077074157
1733400,0.164857405513573
1733600,0.165400686426791
1733800,0.165141192433223
1734000,0.165252838389578
1734200,0.165769500227397
1734400,0.165050707724486
1734600,0.165809411442523
1734800,0.166257958665266
1735000,0.166440516297925
1735200,0.165366512966871
1735400,0.164466170934889
1735600,0.164848970908313
1735800,0.16550644888881
1736000,0.165486029448856
1736200,0.165372299571057
1736400,0.164922287361555
1736600,0.165045266090667
1736800,0.165691554354334
1737000,0.165876532343241
1737200,0.165702542167155
1737400,0.165139349307353
1737600,0.165462511911768
1737800,0.164832786137821
1738000,0.16463205881595
1738200,0.164176633636268
1738400,0.165233836788573
1738600,0.164547498731229
1738800,0.164898801690323
1739000,0.165355045417576
1739200,0.16511558144045
1739400,0.165446924849417
1739600,0.165562296907977
1739800,0.165769990753893
1740000,0.165053946527468
1740200,0.165282311527258
1740400,0.164727506266945
1740600,0.165162211941968
1740800,0.16500504768531
1741000,0.164175731402656
1741200,0.164456179252583
1741400,0.164258991864747
1741600,0.164097106763113
1741800,0.163762633737742
1742000,0.163814822463675
1742200,0.164287628458208
1742400,0.164311828185221
1742600,0.164427162182131
1742800,0.165242926942574
1743000,0.165315696960388
1743200,0.165612824628727
1743400,0.164570254884022
1743600,0.164666530734883
1743800,0.164558913863162
1744000,0.164667493718634
1744200,0.165254476197458
1744400,0.165258696158485
1744600,0.164727861589652
1744800,0.165413792742039
1745000,0.165842685699159
1745200,0.166284065579657
1745400,0.166315835325088
1745600,0.166433025131975
1745800,0.166656097967712
1746000,0.165370863805793
1746200,0.165425733992564
1746400,0.16640540992965
1746600,0.165947963505015
1746800,0.165435965835356
1747000,0.165292083483985
1747200,0.165054109415198
1747400,0.165747383223996
1747600,0.16515536348604
1747800,0.165169042297694
1748000,0.165303103298928
1748200,0.164203038207963
1748400,0.165889290010144
1748600,0.165545259725099
1748800,0.164941141394255
1749000,0.164852995314583
1749200,0.165094866591905
1749400,0.165176725898942
1749600,0.164537759615205
1749800,0.164663003867695
1750000,0.164699510734134
1750200,0.164335631766008
1750400,0.165132755928284
1750600,0.164280401847899
1750800,0.164870444733853
1751000,0.164452652352373
1751200,0.164238222570426
1751400,0.164503657682956
1751600,0.16499618326429
1751800,0.16501764485672
1752000,0.165280700188525
1752200,0.16504895186452
1752400,0.165440399286279
1752600,0.165996610943276
1752800,0.165520781726957
1753000,0.164476716849207
1753200,0.165346352054314
1753400,0.165970275287442
1753600,0.165943429951099
1753800,0.166318908540552
1754000,0.165387519173076
1754200,0.165113827879515
1754400,0.166045649346316
1754600,0.165669977182873
1754800,0.165370494537388
1755000,0.16516623783232
1755200,0.165096563958212
1755400,0.164688105190603
1755600,0.164350709282885
1755800,0.164524608017403
1756000,0.164538538040729
1756200,0.165015292216055
1756400,0.164765038269397
1756600,0.165141860857288
1756800,0.165042979375396
1757000,0.165244662274586
1757200,0.165726358474265
1757400,0.165333756780635
1757600,0.16563580579251
1757800,0.166028558646358
1758000,0.165261170585788
1758200,0.165510584315339
1758400,0.165202917602192
1758600,0.164969370849285
1758800,0.163911373366615
1759000,0.164094852273009
1759200,0.164866951507324
1759400,0.165388840996545
1759600,0.165362586491408
1759800,0.165764811949814
1760000,0.16528539578901
1760200,0.165085814183809
1760400,0.164872800189654
1760600,0.164849162827441
1760800,0.165004811774098
1761000,0.164510492858064
1761200,0.164239782371295
1761400,0.165609253937219
1761600,0.165481896555681
1761800,0.164812399507837
1762000,0.165021190706412
1762200,0.165016878265586
1762400,0.165296791078881
1762600,0.165265687494433
1762800,0.165091515146494
1763000,0.165109791841932
1763200,0.164788829520352
1763400,0.164122640893346
1763600,0.163550144106184
1763800,0.163847862224358
1764000,0.164716908256838
1764200,0.164379096254234
1764400,0.163059521736347
1764600,0.163182345051216
1764800,0.163554849370777
1765000,0.164452530481486
1765200,0.165206686189761
1765400,0.165403148160997
1765600,0.164570581529661
1765800,0.165094280559814
1766000,0.16468250895057
1766200,0.164632070975636
1766400,0.163884605025824
1766600,0.164008654797459
1766800,0.164564974851019
1767000,0.163652756571216
1767200,0.162787454148337
1767400,0.163020073614395
1767600,0.162764561104503
1767800,0.16227974405237
1768000,0.163523789175173
1768200,0.163975091574959
1768400,0.164446662357704
1768600,0.164235332930345
1768800,0.163919141431258
1769000,0.164759250405167
1769200,0.164485897157669
1769400,0.164478829298013
1769600,0.164721730692432
1769800,0.16416351941181
1770000,0.163712810653906
1770200,0.163314042237947
1770400,0.163364933874205
1770600,0.162562842729834
1770800,0.163074904608385
1771000,0.16414265955167
1771200,0.164874051660561
1771400,0.164688459977889
1771600,0.165037909985809
1771800,0.166080284287798
1772000,0.165526247271286
1772200,0.166038928008455
1772400,0.167273650343291
1772600,0.166692967642036
1772800,0.167156718927212
1773000,0.166333046671995
1773200,0.165974050135374
1773400,0.165708325612897
1773600,0.164945034728332
1773800,0.165122010109164
1774000,0.165111183679851
1774200,0.164814000404423
1774400,0.16610391701086
1774600,0.165354971946764
1774800,0.164998782604223
1775000,0.165036584511887
1775200,0.164939797232895
1775400,0.165288725389088
1775600,0.165675546494962
1775800,0.165716279843673
1776000,0.164730917411252
1776200,0.16514056559926
1776400,0.165174626835522
1776600,0.16445073478486
1776800,0.164563876939366
1777000,0.164760644746716
1777200,0.164788565701137
1777400,0.164657165547554
1777600,0.164828270555374
1777800,0.165276980008039
1778000,0.16427955638361
1778200,0.164169586764445
1778400,0.16412734548951
1778600,0.163842821300006
1778800,0.16452836976005
1779000,0.164659693030602
1779200,0.163991281818093
1779400,0.164099525696284
1779600,0.163938639622416
1779800,0.163358824649418
1780000,0.163887542660369
1780200,0.164410782759694
1780400,0.16484610296375
1780600,0.164574371226861
1780800,0.164051263387691
1781000,0.164470439575757
1781200,0.164653474183133
1781400,0.165139763375718
1781600,0.164872272761034
1781800,0.164361667459675
1782000,0.163588687157329
1782200,0.164377233076074
1782400,0.164262887101047
1782600,0.163619466468749
1782800,0.163525032903319
1783000,0.163759033988326
1783200,0.163722698126682
1783400,0.163746475462351
1783600,0.162658129749736
1783800,0.163716019327825
1784000,0.164591737314026
1784200,0.16430431137882
1784400,0.164387984746263
1784600,0.164936628557662
1784800,0.165107847446091
1785000,0.16404609531021
1785200,0.164376831772328
1785400,0.164694463747967
1785600,0.164177901554092
1785800,0.163757818364274
1786000,0.164324712177224
1786200,0.164355960003061
1786400,0.163436220694426
1786600,0.164104619925794
1786800,0.164762189110977
1787000,0.164758361351886
1787200,0.165329701672813
1787400,0.16493550151032
1787600,0.16497167693548
1787800,0.164760444728667
1788000,0.165322535150073
1788200,0.164984500016498
1788400,0.163909226580983
1788600,0.163797815827913
1788800,0.163863364215302
1789000,0.16440641919904
1789200,0.164038841017715
1789400,0.164311330368717
1789600,0.164151504013999
1789800,0.165128803514278
1790000,0.165374011093307
1790200,0.165292280312237
1790400,0.165452740740776
1790600,0.165769091316869
1790800,0.166254099543746
1791000,0.166323694451339
1791200,0.166237280647453
1791400,0.166496445863471
1791600,0.166119546117678
1791800,0.165701099786707
1792000,0.164997387251572
1792200,0.164437806411215
1792400,0.164539996227068
1792600,0.164386203851203
1792800,0.163749167842555
1793000,0.163879807544237
1793200,0.163591467311087
1793400,0.1637202880298
1793600,0.164079297544105
1793800,0.164644531971377
1794000,0.163666946243741
1794200,0.163540324850128
1794400,0.164423636919005
1794600,0.164508338567243
1794800,0.164646994291845
1795000,0.164590207208127
1795200,0.164034475469529
1795400,0.163869531649807
1795600,0.164235235204974
1795800,0.16481681758928
1796000,0.164234208158892
1796200,0.16343841982023
1796400,0.163469776571777
1796600,0.16401031806836
1796800,0.162982598138761
1797000,0.163704314641534
1797200,0.163635603364702
1797400,0.164185091668668
1797600,0.162970636543008
1797800,0.163105189533018
1798000,0.163183505244191
1798200,0.163481119483683
1798400,0.163520239166867
1798600,0.163761909815581
1798800,0.16388341880843
1799000,0.163133222796668
1799200,0.163623719627789
1799400,0.163902423760347
1799600,0.163830335292651
1799800,0.164060611379589
1800000,0.163943472780326
1800200,0.163870824627601
1800400,0.163047628109703
1800600,0.162657799368396
1800800,0.163013345177888
1801000,0.163260394229797
1801200,0.162973768777162
1801400,0.163514567097892
1801600,0.163063089061156
1801800,0.162927033558577
1802000,0.161913585506351
1802200,0.162327362429965
1802400,0.162039458026341
1802600,0.162517775415802
1802800,0.162606980983291
1803000,0.163380380755044
1803200,0.16418144808239
1803400,0.162954296525883
1803600,0.163425128454838
1803800,0.163330042361215
1804000,0.163518372788908
1804200,0.163757653677822
1804400,0.163413294506361
1804600,0.163859183877182
1804800,0.163589279673212
1805000,0.163751557555323
1805200,0.16428181806129
1805400,0.164123925898909
1805600,0.16432350764585
1805800,0.164978009381111
1806000,0.164962722926429
1806200,0.164423465514525
1806400,0.16303689409887
1806600,0.16355499129325
1806800,0.16359617219965
1807000,0.163944966152775
1807200,0.163532931204607
1807400,0.164002703816298
1807600,0.164231696561035
1807800,0.163847595781346
1808000,0.163541071085919
1808200,0.162668512930215
1808400,0.163158155505241
1808600,0.162974265752538
1808800,0.1628857032823
1809000,0.163444857472296
1809200,0.163103666507278
1809400,0.162856674996076
1809600,0.163165802154149
1809800,0.163502666407093
1810000,0.163485540562768
1810200,0.1627605709012
1810400,0.163379105731093
1810600,0.162865324798612
1810800,0.162381914877485
1811000,0.164139222648482
1811200,0.163809429832761
1811400,0.163881195836132
1811600,0.162881763174963
1811800,0.162511518037228
1812000,0.163071584603282
1812200,0.163648957935558
1812400,0.16363018175944
1812600,0.163680977887226
1812800,0.16265457766558
1813000,0.162173856381303
1813200,0.162863878611406
1813400,0.162743618765907
1813600,0.162656719467965
1813800,0.161848362013575
1814000,0.162718793250248
1814200,0.162891243945981
1814400,0.162622425931897
1814600,0.162025952114644
1814800,0.161860306194708
1815000,0.162191901852427
1815200,0.16290924294041
1815400,0.162292775895156
1815600,0.162940754034375
1815800,0.162158360250598
1816000,0.161986921697755
1816200,0.162324250751297
1816400,0.162982824265832
1816600,0.163490567937851
1816800,0.162840547531146
1817000,0.162122096155621
1817200,0.163452147196865
1817400,0.16287454305177
1817600,0.162880540403794
1817800,0.162643399031991
1818000,0.162554226711266
1818200,0.162871878531331
1818400,0.162134824312403
1818600,0.163126454553682
1818800,0.162526656541311
1819000,0.162510078923008
1819200,0.161553905628551
1819400,0.161888578443468
1819600,0.1621629053887
1819800,0.16174035039652
1820000,0.161962343434578
1820200,0.161901495935228
1820400,0.160997551778972
1820600,0.162331214751814
1820800,0.162111470610242
1821000,0.163397013846805
1821200,0.163439651190192
1821400,0.16323731371072
1821600,0.16320470263526
1821800,0.162206480912821
1822000,0.161783033554987
1822200,0.162162998383176
1822400,0.162792506806818
1822600,0.163369738333291
1822800,0.162541631325917
1823000,0.162952354910443
1823200,0.163405097907119
1823400,0.163916829993058
1823600,0.164533692656812
1823800,0.16412428776547
1824000,0.164685540086036
1824200,0.164383417094129
1824400,0.164998625622598
1824600,0.164499749940535
1824800,0.164193060308232
1825000,0.163771945247477
1825200,0.163733356520187
1825400,0.163879276444881
1825600,0.164013142825668
1825800,0.163178441898827
1826000,0.163140607023571
1826200,0.163294267800236
1826400,0.163105901085337
1826600,0.163648243845005
1826800,0.16342337483409
1827000,0.164209581951042
1827200,0.163921180428628
1827400,0.163333254198967
1827600,0.16304872529946
1827800,0.16299931497456
1828000,0.162783971227147
1828200,0.163167928885909
1828400,0.163311388053582
1828600,0.163193132715065
1828800,0.163109773357436
1829000,0.162624736011078
1829200,0.16349135188062
1829400,0.163159110775191
1829600,0.163418661440517
1829800,0.163872760896709
1830000,0.163522494393209
1830200,0.163456130536989
1830400,0.16260943609878
1830600,0.162887255997099
1830800,0.162897664165943
1831000,0.161589971922838
1831200,0.162262613931829
1831400,0.162431382051231
1831600,0.162354793071333
1831800,0.161898228909429
1832000,0.162197306699256
1832200,0.162742205056043
1832400,0.163520882517011
1832600,0.163388423422371
1832800,0.163079189917154
1833000,0.162936758960579
1833200,0.162760096874332
1833400,0.163692704326879
1833600,0.163363238928646
1833800,0.163101582129759
1834000,0.163227174692761
1834200,0.163416014591637
1834400,0.163617296572314
1834600,0.163112542672996
1834800,0.163043986018703
1835000,0.163292141686727
1835200,0.163656222755454
1835400,0.163483616895527
1835600,0.163704241577731
1835800,0.163094719319923
1836000,0.163158426466667
1836200,0.164194223481908
1836400,0.164782142216418
1836600,0.163773784034248
1836800,0.164102233098842
1837000,0.164268145349445
1837200,0.163445539796021
1837400,0.162988799489274
1837600,0.162691888661938
1837800,0.163415589530701
1838000,0.162530554204439
1838200,0.161764702803364
1838400,0.162484725347207
1838600,0.163174932757703
1838800,0.162927714403904
1839000,0.162743279832126
1839200,0.16326116238665
1839400,0.163883120400919
1839600,0.163700145051056
1839800,0.163882896258769
1840000,0.163964984976305
1840200,0.163712971291953
1840400,0.163142314475845
1840600,0.163745417500758
1840800,0.164171877700376
1841000,0.162979883064167
1841200,0.163306107271132
1841400,0.164532632443051
1841600,0.16434816351971
1841800,0.163516381666662
1842000,0.163914448527541
1842200,0.164541927866069
1842400,0.163809494434981
1842600,0.163612181377073
1842800,0.163247839168076
1843000,0.163966117388195
1843200,0.164313401743197
1843400,0.164059900446732
1843600,0.163614881914836
1843800,0.163181525194248
1844000,0.163919741098784
1844200,0.163935306799931
1844400,0.163357986074921
1844600,0.163028807203412
1844800,0.162401577869194
1845000,0.161830979237048
1845200,0.161964470460485
1845400,0.162191405781641
1845600,0.162475784516193
1845800,0.162050821138641
1846000,0.162355635759258
1846200,0.161924022385925
1846400,0.162280193758277
1846600,0.162442990282295
1846800,0.162989038257006
1847000,0.163289185807868
1847200,0.162939095053943
1847400,0.162743331608209
1847600,0.162677343581157
1847800,0.163210069314269
1848000,0.163565901210551
1848200,0.162981180422748
1848400,0.162606199209988
1848600,0.163258073662061
1848800,0.163397297072168
1849000,0.164119812383639
1849200,0.163729451863764
1849400,0.164140440929076
1849600,0.164219398448758
1849800,0.164000475818458
1850000,0.164179254279647
1850200,0.164070982301759
1850400,0.163379394629033
1850600,0.16350027416694
1850800,0.163470578080497
1851000,0.163299067989639
1851200,0.163238357025468
1851400,0.163153647103439
1851600,0.163779725649181
1851800,0.163627287485007
1852000,0.164060383012376
1852200,0.163795751354396
1852400,0.164380655225297
1852600,0.164116247407479
1852800,0.164359174227898
1853000,0.164989130954812
1853200,0.163119252260177
1853400,0.163481730978443
1853600,0.163916213325697
1853800,0.163670229076456
1854000,0.164161688807375
1854200,0.163421052656239
1854400,0.163053843339175
1854600,0.163180699939775
1854800,0.163761137956689
1855000,0.163523542811524
1855200,0.163656380703235
1855400,0.164446235333984
1855600,0.163623673792496
1855800,0.164301008566992
1856000,0.163997786855387
1856200,0.163595555076979
1856400,0.164709451670114
1856600,0.164157464390499
1856800,0.164431791504902
1857000,0.164152491511306
1857200,0.164827722485448
1857400,0.165740608932942
1857600,0.164936313056815
1857800,0.16523861461352
1858000,0.164399309254367
1858200,0.164198397862792
1858400,0.164436186728448
1858600,0.163732471696868
1858800,0.164659963592572
1859000,0.164669779584699
1859200,0.164621449460145
1859400,0.16514981986932
1859600,0.163996326641409
1859800,0.164388088373205
1860000,0.163049512022311
1860200,0.163311406702857
1860400,0.162842250262596
1860600,0.163246976303034
1860800,0.163594989097315
1861000,0.163494751984402
1861200,0.163456618320217
1861400,0.163391050694739
1861600,0.163501466948797
1861800,0.163196667455813
1862000,0.163443745616318
1862200,0.164468829877946
1862400,0.164798160023417
1862600,0.164534327493041
1862800,0.164131616933682
1863000,0.164030953848917
1863200,0.16554302746475
1863400,0.16561666372109
1863600,0.164750441827631
1863800,0.165389367710183
1864000,0.165643440235469
1864200,0.165251826765421
1864400,0.165749113236321
1864600,0.165611974972437
1864800,0.165048897411268
1865000,0.164348739761013
1865200,0.163735318285256
1865400,0.164231222312067
1865600,0.164305016617127
1865800,0.164932175508644
1866000,0.165134638970031
1866200,0.164205734918635
1866400,0.164629607970294
1866600,0.165108504021068
1866800,0.165360753609849
1867000,0.165474693339354
1867200,0.16406540604536
1867400,0.164599718060971
1867600,0.165052062543167
1867800,0.164412453343848
1868000,0.164828495951986
1868200,0.165678662616143
1868400,0.165178478438517
1868600,0.164641812248052
1868800,0.164959520183249
1869000,0.164806034657897
1869200,0.164492208364462
1869400,0.164399030385766
1869600,0.164244631326114
1869800,0.164075340993743
1870000,0.165083742124096
1870200,0.165247135588422
1870400,0.164653416049522
1870600,0.164120759315959
1870800,0.165065339746351
1871000,0.164448411834671
1871200,0.164664956714413
1871400,0.165080321697927
1871600,0.165161986671264
1871800,0.165465483285312
1872000,0.164724542251018
1872200,0.164241381765488
1872400,0.163133594961468
1872600,0.163332220986418
1872800,0.163537955068167
1873000,0.163227835569464
1873200,0.163715611535843
1873400,0.163490314091902
1873600,0.163071666337604
1873800,0.163503159884841
1874000,0.162973452342044
1874200,0.163230364991668
1874400,0.164114440660502
1874600,0.164149333250627
1874800,0.163446396573766
1875000,0.16247973766431
1875200,0.162402818265056
1875400,0.162066911798601
1875600,0.161941829092958
1875800,0.163474348254548
1876000,0.163720162308986
1876200,0.162631017048283
1876400,0.163523193829966
1876600,0.163771535600925
1876800,0.164722192882697
1877000,0.163907818163758
1877200,0.16329109848313
1877400,0.163676507493142
1877600,0.163703439844598
1877800,0.163129618802271
1878000,0.163738912459224
1878200,0.164060494596847
1878400,0.163069317553255
1878600,0.162672502205368
1878800,0.163598741602507
1879000,0.164304591441468
1879200,0.163721092706234
1879400,0.164031603948773
1879600,0.163725555668235
1879800,0.163243615610913
1880000,0.16307109245699
1880200,0.162686117198689
1880400,0.162266161208864
1880600,0.162032083296496
1880800,0.162843241225786
1881000,0.163197899925413
1881200,0.163389347520272
1881400,0.163264025660907
1881600,0.162975292575294
1881800,0.162660495670981
1882000,0.16259781362749
1882200,0.163306892466769
1882400,0.164008913763929
1882600,0.164543068594271
1882800,0.163554658424926
1883000,0.163837498261236
1883200,0.163826372427592
1883400,0.163666733278996
1883600,0.164617445520364
1883800,0.163676305151698
1884000,0.163345472961269
1884200,0.163803819372744
1884400,0.164256590179032
1884600,0.164208582905343
1884800,0.163675475643821
1885000,0.162928015983507
1885200,0.163049253783338
1885400,0.163067429706628
1885600,0.162871590350002
1885800,0.163083487272795
1886000,0.162755364778404
1886200,0.162296517559255
1886400,0.162693908482099
1886600,0.162629516700449
1886800,0.162964033301342
1887000,0.163081053984083
1887200,0.163503076987789
1887400,0.163477215977408
1887600,0.162472823178274
1887800,0.162789401349898
1888000,0.16258030933309
1888200,0.163334601651944
1888400,0.163887158896661
1888600,0.163946762302655
1888800,0.164415873099022
1889000,0.164321835202474
1889200,0.164265945197801
1889400,0.164372301414803
1889600,0.164655148726897
1889800,0.164165866901271
1890000,0.164937221965132
1890200,0.164659676114016
1890400,0.164444510762189
1890600,0.164829268168259
1890800,0.164777426302977
1891000,0.164242449174866
1891200,0.164037659417089
1891400,0.161871270587598
1891600,0.162691583395912
1891800,0.163203261508457
1892000,0.162994020537213
1892200,0.162832771936799
1892400,0.162590011197084
1892600,0.162104770395842
1892800,0.161301277998605
1893000,0.161440496191397
1893200,0.162239627802187
1893400,0.163201743639009
1893600,0.163263705543269
1893800,0.163046687049562
1894000,0.163236950216844
1894200,0.162971254475068
1894400,0.162787010488602
1894600,0.162666040476773
1894800,0.162395189593767
1895000,0.163274009808784
1895200,0.163181404520448
1895400,0.163746176264751
1895600,0.164113600448253
1895800,0.162956908847838
1896000,0.163839690297709
1896200,0.163519358046325
1896400,0.162524670577281
1896600,0.163271369939877
1896800,0.162836752943849
1897000,0.162780898727443
1897200,0.163392250258191
1897400,0.164190341809651
1897600,0.164305332512462
1897800,0.163782984314855
1898000,0.165008551708616
1898200,0.164253780601872
1898400,0.164824433472337
1898600,0.164725910214375
1898800,0.164784958393775
1899000,0.164203671357516
1899200,0.164712360274391
1899400,0.164253391157465
1899600,0.163366406457121
1899800,0.162404640888288
1900000,0.161728231599294
1900200,0.1618364051061
1900400,0.162322339326372
1900600,0.163256791468713
1900800,0.163167996959364
1901000,0.16311039284203
1901200,0.162906931046159
1901400,0.162525902984977
1901600,0.16284151152871
1901800,0.161816422181402
1902000,0.162384378607101
1902200,0.162464044404745
1902400,0.162412714720454
1902600,0.16320424641348
1902800,0.162261234239515
1903000,0.16239756616554
1903200,0.16273599375998
1903400,0.163060471897961
1903600,0.163368407320166
1903800,0.163600119240938
1904000,0.163574257481541
1904200,0.163389021488375
1904400,0.163561644573394
1904600,0.16308144388757
1904800,0.163042228781165
1905000,0.163181003792067
1905200,0.163325384945773
1905400,0.163979125963882
1905600,0.163814724766658
1905800,0.163965245957373
1906000,0.163869217637904
1906200,0.163845015190597
1906400,0.164185422149762
1906600,0.164182315819961
1906800,0.163428433594444
1907000,0.163424194353093
1907200,0.163923198380226
1907400,0.164225520491535
1907600,0.163723349400754
1907800,0.164123680823597
1908000,0.164314056204695
1908200,0.163957984437055
1908400,0.163647796839205
1908600,0.163401495697299
1908800,0.163403092549254
1909000,0.16379343539311
1909200,0.163883834410026
1909400,0.164121207600995
1909600,0.163381633999424
1909800,0.163438048449728
1910000,0.163425668824872
1910200,0.163933784698209
1910400,0.164679140174844
1910600,0.163370289277939
1910800,0.162088113566162
1911000,0.162042356841991
1911200,0.163031255769319
1911400,0.163167685911243
1911600,0.163904852924342
1911800,0.163507255989789
1912000,0.162489825653417
1912200,0.162051681988403
1912400,0.162196367848401
1912600,0.162665799699308
1912800,0.16281364814504
1913000,0.162795896710889
1913200,0.163036081616487
1913400,0.163638795423764
1913600,0.163291797908183
1913800,0.163290045032078
1914000,0.163739936533167
1914200,0.163817829973724
1914400,0.164651144667145
1914600,0.164517983191889
1914800,0.164154655678364
1915000,0.164366311012062
1915200,0.164202068876624
1915400,0.164970937643676
1915600,0.164455160454515
1915800,0.163933862799589
1916000,0.163541723425154
1916200,0.163560933027066
1916400,0.163541615400814
1916600,0.163502593575301
1916800,0.16370090269233
1917000,0.163739578998389
1917200,0.163388284782926
1917400,0.162908317902467
1917600,0.162705354346494
1917800,0.162355502856796
1918000,0.163471420920548
1918200,0.162771202839947
1918400,0.162695428896055
1918600,0.163501313541014
1918800,0.162445718047078
1919000,0.162458461125165
1919200,0.163011927795667
1919400,0.16232125707791
1919600,0.162722580394244
1919800,0.162894873185601
1920000,0.162703706890017
1920200,0.161950214689287
1920400,0.162235847675384
1920600,0.162674833879932
1920800,0.163439735279144
1921000,0.164253004941662
1921200,0.16352542440138
1921400,0.162934065732842
1921600,0.162397851010934
1921800,0.162215600420823
1922000,0.162240740161393
1922200,0.162021105632141
1922400,0.162722356808131
1922600,0.162220234006748
1922800,0.162302493647007
1923000,0.162272086677806
1923200,0.162583217056145
1923400,0.161625579204636
1923600,0.161646241955566
1923800,0.161973080448737
1924000,0.161612673081411
1924200,0.162783125810644
1924400,0.162709896425185
1924600,0.162660176322232
1924800,0.162325741122184
1925000,0.163021377498964
1925200,0.163006305218091
1925400,0.163075750205107
1925600,0.163570854480299
1925800,0.163239077845245
1926000,0.163578733749066
1926200,0.163825439527871
1926400,0.163989119909495
1926600,0.164629797209703
1926800,0.164508926536873
1927000,0.163951675834557
1927200,0.164000495818572
1927400,0.163598892996921
1927600,0.164080050172587
1927800,0.164095438971438
1928000,0.163530389405557
1928200,0.163450311477841
1928400,0.163544242516171
1928600,0.16322581810933
1928800,0.163477635027431
1929000,0.163617248721159
1929200,0.163117993490565
1929400,0.162290998161978
1929600,0.162597371259333
1929800,0.163112485524985
1930000,0.162664774238462
1930200,0.161735657882328
1930400,0.162588243002469
1930600,0.162187623575386
1930800,0.162700527543001
1931000,0.163045709277961
1931200,0.162559562822812
1931400,0.163324145252597
1931600,0.164017042425502
1931800,0.162880855109565
1932000,0.16254008001766
1932200,0.163151031534823
1932400,0.16246639505899
1932600,0.162054761058545
1932800,0.161965834268793
1933000,0.162891065166244
1933200,0.163648761643702
1933400,0.16282489812591
1933600,0.163085448030926
1933800,0.163355270913483
1934000,0.163723080986643
1934200,0.163234786659474
1934400,0.163305534101668
1934600,0.162828704185873
1934800,0.162823846018346
1935000,0.163138727045812
1935200,0.163398587885883
1935400,0.162798796258473
1935600,0.162936045800242
1935800,0.163569670745129
1936000,0.163247915891326
1936200,0.163095005413484
1936400,0.164035617316287
1936600,0.164108106825399
1936800,0.163856995884964
1937000,0.163348282949711
1937200,0.163342891283163
1937400,0.163476207959513
1937600,0.163870787583099
1937800,0.163660690391347
1938000,0.163027448016256
1938200,0.162385963746599
1938400,0.162322867525029
1938600,0.161718427488433
1938800,0.162789129993303
1939000,0.163283883121732
1939200,0.162474719815815
1939400,0.16306905444345
1939600,0.163990975260563
1939800,0.164319556079606
1940000,0.163699005482918
1940200,0.163924522177102
1940400,0.163946546023458
1940600,0.163606565111476
1940800,0.164118204490697
1941000,0.163333030091951
1941200,0.164083087107969
1941400,0.163656176690241
1941600,0.162944041848807
1941800,0.163369805811119
1942000,0.163462552419092
1942200,0.164162894477874
1942400,0.164323784506229
1942600,0.163220911622415
1942800,0.162335994783294
1943000,0.16305647065054
1943200,0.163237259318477
1943400,0.162330682746154
1943600,0.161939496151725
1943800,0.162696847298297
1944000,0.162413757340063
1944200,0.162427777524517
1944400,0.162335335323585
1944600,0.162968200240354
1944800,0.163914559325085
1945000,0.164295202209169
1945200,0.163426449197568
1945400,0.163778857680188
1945600,0.164516547773304
1945800,0.164578728107788
1946000,0.164267632974426
1946200,0.164417644107188
1946400,0.164982537073923
1946600,0.16503857260372
1946800,0.165027479683401
1947000,0.164879804543968
1947200,0.164190061766725
1947400,0.16463622204916
1947600,0.164905571489666
1947800,0.164053918993119
1948000,0.164213302364775
1948200,0.164278506353374
1948400,0.163741005580163
1948600,0.163524250471622
1948800,0.164658148250011
1949000,0.164301520561166
1949200,0.164375902683025
1949400,0.164149620781525
1949600,0.164112611094957
1949800,0.163713482086441
1950000,0.163339438414977
1950200,0.163787498816939
1950400,0.163459862646676
1950600,0.163873704961942
1950800,0.16423974387357
1951000,0.164652515208193
1951200,0.165245328964428
1951400,0.164741686466921
1951600,0.164284681983383
1951800,0.165044606835271
1952000,0.16429868264951
1952200,0.163864769154697
1952400,0.163592930883563
1952600,0.164679122918033
1952800,0.163776042013084
1953000,0.163971523082884
1953200,0.164019861214022
1953400,0.163857759669461
1953600,0.163154951856857
1953800,0.162507160306452
1954000,0.162641040548894
1954200,0.163248478289676
1954400,0.163897412786009
1954600,0.163029550405026
1954800,0.162318074076678
1955000,0.162895296382798
1955200,0.163572798360987
1955400,0.163619352856044
1955600,0.16328845980831
1955800,0.162637901011992
1956000,0.162608492846532
1956200,0.163563873101675
1956400,0.163323401744401
1956600,0.163673780578332
1956800,0.163137237916492
1957000,0.163519388811556
1957200,0.163423938526049
1957400,0.162519689404538
1957600,0.163152140011359
1957800,0.161958682077917
1958000,0.162317919370644
1958200,0.16298668475011
1958400,0.16229774785994
1958600,0.162899719006685
1958800,0.163696274783014
1959000,0.163693585311852
1959200,0.163562298884205
1959400,0.163780043994795
1959600,0.163820408136088
1959800,0.164285667019269
1960000,0.163804006432267
1960200,0.164302651805865
1960400,0.164499497785941
1960600,0.163873545804752
1960800,0.163821966877499
1961000,0.163583961803632
1961200,0.16414325492888
1961400,0.163611328038883
1961600,0.163614366839044
1961800,0.164140062312871
1962000,0.16347144572499
1962200,0.163066191028694
1962400,0.163070631935806
1962600,0.163195212882828
1962800,0.163122086159338
1963000,0.162928523936104
1963200,0.162768500502268
1963400,0.162855852469286
1963600,0.162535466851829
1963800,0.162526739878185
1964000,0.162578632302331
1964200,0.162880182504464
1964400,0.162381874309109
1964600,0.162688591102434
1964800,0.163257131770917
1965000,0.162551570202145
1965200,0.161305287671432
1965400,0.162172233139906
1965600,0.161965100716158
1965800,0.161824595902399
1966000,0.161250254945144
1966200,0.162484880270361
1966400,0.162311452016899
1966600,0.16225530906058
1966800,0.16178629794776
1967000,0.162480173022578
1967200,0.162038002304692
1967400,0.160941477078153
1967600,0.161279202359719
1967800,0.161503213142219
1968000,0.161745460555062
1968200,0.161403873717755
1968400,0.160756554606699
1968600,0.161071767333266
1968800,0.161976119254225
1969000,0.161780148213022
1969200,0.162156763012194
1969400,0.162789572652536
1969600,0.162965286696892
1969800,0.162720864503027
1970000,0.16297399217365
1970200,0.162466127285339
1970400,0.161792306045327
1970600,0.160886464171659
1970800,0.161677061145637
1971000,0.162150205891386
1971200,0.161508077410803
1971400,0.160777727935038
1971600,0.161277246653182
1971800,0.161606130964892
1972000,0.161428268265675
1972200,0.161462129846139
1972400,0.162434605563217
1972600,0.16216676207209
1972800,0.161670601932001
1973000,0.161578504879101
1973200,0.162340799666909
1973400,0.162027387172205
1973600,0.16253486945464
1973800,0.162384236515926
1974000,0.162797599716793
1974200,0.16278994919933
1974400,0.161630177297855
1974600,0.161620366487128
1974800,0.162242796773216
1975000,0.162992755940947
1975200,0.1629953263746
1975400,0.16306751554473
1975600,0.163510397885183
1975800,0.162722000937296
1976000,0.16284004572756
1976200,0.162811855139612
1976400,0.163193949148437
1976600,0.162952050936425
1976800,0.162461866302754
1977000,0.161919555442696
1977200,0.161193045466657
1977400,0.161816745327881
1977600,0.161532312057
1977800,0.161838057910352
1978000,0.162753048892353
1978200,0.162373778165314
1978400,0.163350440992157
1978600,0.162429495045809
1978800,0.16182077341326
1979000,0.16187008653852
1979200,0.16226804717741
1979400,0.161907792685373
1979600,0.160452269645742
1979800,0.16064862517121
1980000,0.160556941738244
1980200,0.161140813624847
1980400,0.159786276519216
1980600,0.160482893585452
1980800,0.160293845070078
1981000,0.159774674497888
1981200,0.160414051797989
1981400,0.160404838743512
1981600,0.161167305618766
1981800,0.160196110990045
1982000,0.160954615847294
1982200,0.160556855840359
1982400,0.160487776471915
1982600,0.160702795358333
1982800,0.161206640374427
1983000,0.161073827379084
1983200,0.161114693843307
1983400,0.160385135931278
1983600,0.161223151270551
1983800,0.162303535651698
1984000,0.161729845544947
1984200,0.161575351429275
1984400,0.161527957950028
1984600,0.161400644359851
1984800,0.162149924606042
1985000,0.162673824713985
1985200,0.162118753950369
1985400,0.16163710069376
1985600,0.161012453681477
1985800,0.161004376244493
1986000,0.161014353270157
1986200,0.16158799015772
1986400,0.161208317084974
1986600,0.161357543741925
1986800,0.161809689221733
1987000,0.160847487293735
1987200,0.161593210883297
1987400,0.161181569931705
1987600,0.161428067721019
1987800,0.161976009185905
1988000,0.161238372577954
1988200,0.160954628480051
1988400,0.161634667432499
1988600,0.161853735349972
1988800,0.16193824333012
1989000,0.162009189840091
1989200,0.161927992904478
1989400,0.16101945081891
1989600,0.161036285321682
1989800,0.161544572879641
1990000,0.160441828627461
1990200,0.160138411378263
1990400,0.16015987674172
1990600,0.160960244007056
1990800,0.160414268494286
1991000,0.159799782364024
1991200,0.159878364385964
1991400,0.159674298106823
1991600,0.16015755033152
1991800,0.160213745882732
1992000,0.159764885115164
1992200,0.159435828713401
1992400,0.160786309783469
1992600,0.160578659210562
1992800,0.160900942870674
1993000,0.161496350609404
1993200,0.161230894643766
1993400,0.161117642019598
1993600,0.161440016207363
1993800,0.16113299003492
1994000,0.160519906527801
1994200,0.160829587470087
1994400,0.160242920140458
1994600,0.159776775894605
1994800,0.160780833851763
1995000,0.161452827881972
1995200,0.160481486248868
1995400,0.160234189650391
1995600,0.160817819959053
1995800,0.16044479724668
1996000,0.159871935538806
1996200,0.160220555891702
1996400,0.159750737618785
1996600,0.158998548214371
1996800,0.159635881542631
1997000,0.159734269204867
1997200,0.159647884683354
1997400,0.159238004263835
1997600,0.158985378692539
1997800,0.160127147726851
1998000,0.159889786509117
1998200,0.159782827996767
1998400,0.160269135535612
1998600,0.160335742926986
1998800,0.159797655387246
1999000,0.1604605854484
1999200,0.160557188570871
1999400,0.160635968045282
1999600,0.160008822350064
1999800,0.16029379332345
2e+06,0.159583549043896
2000200,0.159194642281931
2000400,0.159829214161358
2000600,0.160147462714418
2000800,0.159886444485989
2001000,0.160874470212581
2001200,0.159736183258417
2001400,0.159551943554479
2001600,0.159543892994284
2001800,0.158289401100136
2002000,0.158303898121838
2002200,0.159119119788762
2002400,0.15868044779268
2002600,0.158655280374129
2002800,0.158828201695933
2003000,0.158723140541325
2003200,0.158924678500865
2003400,0.158386066415076
2003600,0.157989239096931
2003800,0.158175087010819
2004000,0.158832367782355
2004200,0.158421917253656
2004400,0.158710896926152
2004600,0.159384355889214
2004800,0.159515763905074
2005000,0.159183034367492
2005200,0.15958688500363
2005400,0.15797198225291
2005600,0.157887264293073
2005800,0.158179082991865
2006000,0.157770437706447
2006200,0.158971518815711
2006400,0.158654431979712
2006600,0.15965098806806
2006800,0.159783876381736
2007000,0.159295872637411
2007200,0.157909415089278
2007400,0.157754697415437
2007600,0.157630645441419
2007800,0.158098199847093
2008000,0.158333733670064
2008200,0.158366905838461
2008400,0.158985017437033
2008600,0.159254512098517
2008800,0.158642115308798
2009000,0.157666998805049
2009200,0.158121802706964
2009400,0.15827385248734
2009600,0.158005855962525
2009800,0.158406425393062
2010000,0.158593565568402
2010200,0.157339897573669
2010400,0.157473636856568
2010600,0.157298009030632
2010800,0.157017316571848
2011000,0.1574495127645
2011200,0.156750924335252
2011400,0.156927392475202
2011600,0.157540735620004
2011800,0.157267281930562
2012000,0.157221024559451
2012200,0.157074899054806
2012400,0.158149607623851
2012600,0.158939567941522
2012800,0.158374285214195
2013000,0.158437207832769
2013200,0.158049124470867
2013400,0.157725161343577
2013600,0.15838946401702
2013800,0.158526423604565
2014000,0.157910425735967
2014200,0.157379018348489
2014400,0.156855557088734
2014600,0.156590533061803
2014800,0.15767085277206
2015000,0.157556611637605
2015200,0.157285079160188
2015400,0.157149240845095
2015600,0.157479418714551
2015800,0.157635959740394
2016000,0.157862206596933
2016200,0.157859938828064
2016400,0.158785340278664
2016600,0.158155965280208
2016800,0.15820944851433
2017000,0.158765257058959
2017200,0.158589905417485
2017400,0.159137301546892
2017600,0.158719836087191
2017800,0.158734598997598
2018000,0.157978934867995
2018200,0.158742921452097
2018400,0.158553612987256
2018600,0.158260282080633
2018800,0.158179744947201
2019000,0.157952193126427
2019200,0.157504360769286
2019400,0.156882997819101
2019600,0.157567861437298
2019800,0.157539053756124
2020000,0.156322239851161
2020200,0.157409573103304
2020400,0.157317113371635
2020600,0.156536054914745
2020800,0.157495806668849
2021000,0.156717528694661
2021200,0.156431308101526
2021400,0.157462532901965
2021600,0.156973596897009
2021800,0.157059098779015
2022000,0.158188117732873
2022200,0.157446507637117
2022400,0.157740901545935
2022600,0.157301106859646
2022800,0.157471540060692
2023000,0.157543023832958
2023200,0.158560254620377
2023400,0.157730052082594
2023600,0.157567422019057
2023800,0.157628577906932
2024000,0.157840910347971
2024200,0.158136495585842
2024400,0.158194964150321
2024600,0.158294666310469
2024800,0.158334782732016
2025000,0.157887115370098
2025200,0.158219606787913
2025400,0.158043452461276
2025600,0.15812169497204
2025800,0.15806860945002
2026000,0.157823410239908
2026200,0.157708948370694
2026400,0.157553327042881
2026600,0.158200136950838
2026800,0.158005316845076
2027000,0.158285580352292
2027200,0.157715260201048
2027400,0.157928158139672
2027600,0.158167498195647
2027800,0.157806478002147
2028000,0.157692824114829
2028200,0.157781878734713
2028400,0.156835451673818
2028600,0.157541888183798
2028800,0.157611762712995
2029000,0.156602916779547
2029200,0.156385451636951
2029400,0.15597433695461
2029600,0.157199368991131
2029800,0.157220232394668
2030000,0.156667751139936
2030200,0.157379919729663
2030400,0.157083039917477
2030600,0.156846385909751
2030800,0.156703554377844
2031000,0.156796894173801
2031200,0.156871118019252
2031400,0.156901486437458
2031600,0.157101068373087
2031800,0.157395394146604
2032000,0.158134386521279
2032200,0.157272868530448
2032400,0.157430312696663
2032600,0.157575224395086
2032800,0.157068048346786
2033000,0.156865426046984
2033200,0.1567661118831
2033400,0.157535396965638
2033600,0.156765546119828
2033800,0.156724240965391
2034000,0.15659202399064
2034200,0.156207184709796
2034400,0.156921046463675
2034600,0.156517354972032
2034800,0.156534006341942
2035000,0.156858037044025
2035200,0.156541336653681
2035400,0.156538723596693
2035600,0.157245399527606
2035800,0.158177850771113
2036000,0.157069852214529
2036200,0.15721234744335
2036400,0.157012169827389
2036600,0.15746887530629
2036800,0.157401400911647
2037000,0.157007430239149
2037200,0.156499184075522
2037400,0.156329270339856
2037600,0.156294249925137
2037800,0.155505528616748
2038000,0.156400104374454
2038200,0.156472788636569
2038400,0.15583143411296
2038600,0.155327298231123
2038800,0.155323670060625
2039000,0.1553926237099
2039200,0.155701180765278
2039400,0.156031578183301
2039600,0.156835447442453
2039800,0.157398749732125
2040000,0.157646123901793
2040200,0.157739920843333
2040400,0.157388655982537
2040600,0.156734270233866
2040800,0.156415859612769
2041000,0.157038797512913
2041200,0.157218670028305
2041400,0.157389330847791
2041600,0.1580423636755
2041800,0.157845411965452
2042000,0.157151839991564
2042200,0.156374905502228
2042400,0.156353926455354
2042600,0.155853243940775
2042800,0.15651045847422
2043000,0.156346314493066
2043200,0.156362669322279
2043400,0.157239827178591
2043600,0.15723989350241
2043800,0.157210273020583
2044000,0.157052615291988
2044200,0.156933570692586
2044400,0.157096084869397
2044600,0.157037500050931
2044800,0.157528271051131
2045000,0.157020512281621
2045200,0.156708949983062
2045400,0.156997934396605
2045600,0.157145566974908
2045800,0.156948705113961
2046000,0.157271470715055
2046200,0.157494228935499
2046400,0.157425566702785
2046600,0.156629077221392
2046800,0.156965365875048
2047000,0.156545515707092
2047200,0.157195495180797
2047400,0.157688694225904
2047600,0.158246637520809
2047800,0.158255816557385
2048000,0.158314721242163
2048200,0.158694784250263
2048400,0.158815188848329
2048600,0.157466543517885
2048800,0.157310574926928
2049000,0.157646698574352
2049200,0.15769241101287
2049400,0.156941535015131
2049600,0.158170863007561
2049800,0.157383356427975
2050000,0.157018603338581
2050200,0.157457281118243
2050400,0.157446432086301
2050600,0.156962616613501
2050800,0.157914825374947
2051000,0.158230274138073
2051200,0.157356278984079
2051400,0.158076060015822
2051600,0.157568101723013
2051800,0.15700267196028
2052000,0.157268167818218
2052200,0.15760681805997
2052400,0.157692429092657
2052600,0.157768450197904
2052800,0.157950561873627
2053000,0.157234873601265
2053200,0.157095747766083
2053400,0.157202220457565
2053600,0.157344126943123
2053800,0.157548788290291
2054000,0.157379198731332
2054200,0.157971699336002
2054400,0.158264475985482
2054600,0.157880936053204
2054800,0.158191769734489
2055000,0.157686195589955
2055200,0.157797865379257
2055400,0.157485830084661
2055600,0.157712447625914
2055800,0.15725058403897
2056000,0.157577940928831
2056200,0.157915977205614
2056400,0.157604146667653
2056600,0.157453157762014
2056800,0.157223101826433
2057000,0.157278405475214
2057200,0.157721665403649
2057400,0.157743898017069
2057600,0.158573774426618
2057800,0.158427100170888
2058000,0.158033256773648
2058200,0.15774194400729
2058400,0.157868795813691
2058600,0.158079126087404
2058800,0.157673343815848
2059000,0.157821759924264
2059200,0.158051415859638
2059400,0.159056543403103
2059600,0.15943582372739
2059800,0.159597510566313
2060000,0.159251049132159
2060200,0.15929950983687
2060400,0.15841465136761
2060600,0.158108465460225
2060800,0.158738168708596
2061000,0.159071668206055
2061200,0.158518205869433
2061400,0.158374248801647
2061600,0.158596695817399
2061800,0.159407986840672
2062000,0.158833261026548
2062200,0.158839925088614
2062400,0.158335029090486
2062600,0.158814780553496
2062800,0.159326049351516
2063000,0.15997227307115
2063200,0.159408101103338
2063400,0.158963057544104
2063600,0.158614775103252
2063800,0.158592148398746
2064000,0.158938344371291
2064200,0.15949478665818
2064400,0.159116198025323
2064600,0.159623969174739
2064800,0.159669975087435
2065000,0.160050564404828
2065200,0.160019773766582
2065400,0.159120051162271
2065600,0.159612520671073
2065800,0.159272206708921
2066000,0.160242616156822
2066200,0.159328282574077
2066400,0.159241771585064
2066600,0.159617909483175
2066800,0.160126055572464
2067000,0.159451742208636
2067200,0.158616470502986
2067400,0.158792450498616
2067600,0.158812600965102
2067800,0.158683570474649
2068000,0.158910977908953
2068200,0.15896290371935
2068400,0.159099505698029
2068600,0.159053249079546
2068800,0.160105421983119
2069000,0.159415165611557
2069200,0.159666079401552
2069400,0.159169354715747
2069600,0.15893479299831
2069800,0.158983446390342
2070000,0.158992714950151
2070200,0.158698347657581
2070400,0.159070300897946
2070600,0.159582557396309
2070800,0.159776623694857
2071000,0.1599014182286
2071200,0.159203841576004
2071400,0.158163218409185
2071600,0.158331411297652
2071800,0.159597677570751
2072000,0.159441887606244
2072200,0.15904012606114
2072400,0.158753900947054
2072600,0.157713931162882
2072800,0.1570218513054
2073000,0.157578823063414
2073200,0.157391253898616
2073400,0.157630218820397
2073600,0.157335252668517
2073800,0.157802843548624
2074000,0.157919300205163
2074200,0.158789300294322
2074400,0.159351389270675
2074600,0.158779413431818
2074800,0.158647856841003
2075000,0.158793037035487
2075200,0.159056851178238
2075400,0.159517938660521
2075600,0.160396143870294
2075800,0.159649417822956
2076000,0.159210815925773
2076200,0.159704121172162
2076400,0.160183120661282
2076600,0.160428827161216
2076800,0.159902696655944
2077000,0.16030050157991
2077200,0.160002170693146
2077400,0.159216966227668
2077600,0.159990996603869
2077800,0.160012686711201
2078000,0.159417998929726
2078200,0.160195479353045
2078400,0.159851995442091
2078600,0.15920046654428
2078800,0.159316966980817
2079000,0.160176073324201
2079200,0.15980052428198
2079400,0.159130932642648
2079600,0.159287909697249
2079800,0.159024237249627
2080000,0.159190398239284
2080200,0.159651263766222
2080400,0.159677287325773
2080600,0.159506357767698
2080800,0.159386965617043
2081000,0.159701858316191
2081200,0.160033971143505
2081400,0.159519939184093
2081600,0.159322151070377
2081800,0.160262825088991
2082000,0.159758081211797
2082200,0.160163868741708
2082400,0.159767965275754
2082600,0.160078052372716
2082800,0.160758506986452
2083000,0.159884137760135
2083200,0.160325321297781
2083400,0.15965074442512
2083600,0.159024621793836
2083800,0.159565598537281
2084000,0.159411380522726
2084200,0.159358127726945
2084400,0.159686338818639
2084600,0.15901561619651
2084800,0.159352887634081
2085000,0.159002959561491
2085200,0.159727578622164
2085400,0.159929832104457
2085600,0.159247296624387
2085800,0.158630583898443
2086000,0.158931359687029
2086200,0.158515257965609
2086400,0.158625441542745
2086600,0.158532425461231
2086800,0.159377489143873
2087000,0.159320241874016
2087200,0.158074882874119
2087400,0.158518578220945
2087600,0.158026444634692
2087800,0.158920891108155
2088000,0.159328499335834
2088200,0.159194383542421
2088400,0.159139605568685
2088600,0.159121183683018
2088800,0.159166391529157
2089000,0.159292079918857
2089200,0.159577875625652
2089400,0.16016358279008
2089600,0.159488438114447
2089800,0.15942927818756
2090000,0.159636124646032
2090200,0.159468842052494
2090400,0.159594417896103
2090600,0.159959726280012
2090800,0.160177344239123
2091000,0.160301613466123
2091200,0.159406396022482
2091400,0.159164005186241
2091600,0.158850662043538
2091800,0.159879374495709
2092000,0.159789971082375
2092200,0.159606152032454
2092400,0.160521753418884
2092600,0.159952368752607
2092800,0.160352863132421
2093000,0.16066992957321
2093200,0.160738746666252
2093400,0.160416230319757
2093600,0.160550286689296
2093800,0.160137280872085
2094000,0.159791497334797
2094200,0.160386611541725
2094400,0.159817246505729
2094600,0.159921978885545
2094800,0.160719565752188
2095000,0.159551225392582
2095200,0.159714455137676
2095400,0.159031320798587
2095600,0.158670912433655
2095800,0.158769327040189
2096000,0.158974357880852
2096200,0.15912850329252
2096400,0.15911699732843
2096600,0.159324511864725
2096800,0.159769647876348
2097000,0.160224393193389
2097200,0.159413902255904
2097400,0.159060279786804
2097600,0.158844087448432
2097800,0.159304117217348
2098000,0.160115191233229
2098200,0.15999996077845
2098400,0.160757255300318
2098600,0.160718249782646
2098800,0.160454791639436
2099000,0.160398901601308
2099200,0.160078154767149
2099400,0.160426484417024
2099600,0.16080150024121
2099800,0.161726100261041
2100000,0.162062947467059
2100200,0.162068233439654
2100400,0.161122964689719
2100600,0.16018736912616
2100800,0.159549622053523
2101000,0.159613414441618
2101200,0.15978687248443
2101400,0.160074818322129
2101600,0.160140527644173
2101800,0.160748100537683
2102000,0.159698759981335
2102200,0.159833199868867
2102400,0.160286773949086
2102600,0.159763969276221
2102800,0.160027503387441
2103000,0.160153429022851
2103200,0.159680150518808
2103400,0.160302804551398
2103600,0.160850430872776
2103800,0.15999553332338
2104000,0.160024269692355
2104200,0.15989369919128
2104400,0.159225656698572
2104600,0.158938240340572
2104800,0.159095368828599
2105000,0.158797715837976
2105200,0.1586976925014
2105400,0.158895069240627
2105600,0.158653318124246
2105800,0.158260576112727
2106000,0.158728817094845
2106200,0.158410104967196
2106400,0.159229881776067
2106600,0.158447224584738
2106800,0.158084552159928
2107000,0.158270665927011
2107200,0.158243570380747
2107400,0.158611569898174
2107600,0.159350352198316
2107800,0.159828576232235
2108000,0.159556164739337
2108200,0.159266784447451
2108400,0.159572093443651
2108600,0.159660981119905
2108800,0.159633119431347
2109000,0.159114129353309
2109200,0.159307157591913
2109400,0.159311168377328
2109600,0.159366757578773
2109800,0.158577442461963
2110000,0.158844314116711
2110200,0.159554000215306
2110400,0.159445982865831
2110600,0.159444028803796
2110800,0.159326212266807
2111000,0.159090116107157
2111200,0.159477706620028
2111400,0.159149504784642
2111600,0.159492302728281
2111800,0.159195733486676
2112000,0.159581518790183
2112200,0.158945157695215
2112400,0.158756706829895
2112600,0.158900460154941
2112800,0.159180167024936
2113000,0.160204368844135
2113200,0.160435770337956
2113400,0.160167988102465
2113600,0.159935326911462
2113800,0.159501800727399
2114000,0.159975242726178
2114200,0.159771058454354
2114400,0.161318550737977
2114600,0.160559260215113
2114800,0.15960464774366
2115000,0.159518725990069
2115200,0.159424783509186
2115400,0.159545817299058
2115600,0.159847504817789
2115800,0.159984000014389
2116000,0.159066062118271
2116200,0.159854441103099
2116400,0.160215213420356
2116600,0.160571507551131
2116800,0.161372876130835
2117000,0.160900109997673
2117200,0.16122270396466
2117400,0.161556350093661
2117600,0.161000570195014
2117800,0.160613940864864
2118000,0.160799519813813
2118200,0.161138235095798
2118400,0.160696784625387
2118600,0.160636666219553
2118800,0.160009755506595
2119000,0.160025325342571
2119200,0.160431010895797
2119400,0.160531251758473
2119600,0.160361760385791
2119800,0.160518442274766
2120000,0.159263511501272
2120200,0.15932347974347
2120400,0.15928393489387
2120600,0.159492713688373
2120800,0.159372796428527
2121000,0.159478910247686
2121200,0.159359757377979
2121400,0.160026415352251
2121600,0.160047513853275
2121800,0.160402398618907
2122000,0.159650827388957
2122200,0.159490662413055
2122400,0.159704095737257
2122600,0.159816723689475
2122800,0.160403555051819
2123000,0.160495925908618
2123200,0.160526091131711
2123400,0.160576271533382
2123600,0.160694703997168
2123800,0.160637692785591
2124000,0.161316706352961
2124200,0.160754667456371
2124400,0.160426010774171
2124600,0.160397753865596
2124800,0.161712381813185
2125000,0.161448434643114
2125200,0.160616714683475
2125400,0.160923711722697
2125600,0.162130874543617
2125800,0.162668698096384
2126000,0.162331854189533
2126200,0.161136725120474
2126400,0.16164113045327
2126600,0.16127325810254
2126800,0.161505552352585
2127000,0.161080866390886
2127200,0.16181234820477
2127400,0.160707186198121
2127600,0.160923854264198
2127800,0.161045289472612
2128000,0.161320680407574
2128200,0.161254426842845
2128400,0.161595478310214
2128600,0.161451288893774
2128800,0.160378154505294
2129000,0.160527964398314
2129200,0.160872936403706
2129400,0.160497559023076
2129600,0.159934429514558
2129800,0.160195618942526
2130000,0.160867489114067
2130200,0.161176540016811
2130400,0.161404143776865
2130600,0.160515416155393
2130800,0.16036466990726
2131000,0.160063832402661
2131200,0.160585209926059
2131400,0.160556670899541
2131600,0.159815140461837
2131800,0.160952852259325
2132000,0.161196248845431
2132200,0.160672832650063
2132400,0.161609437573833
2132600,0.162047249423539
2132800,0.161302572167291
2133000,0.160678502121142
2133200,0.160600253246764
2133400,0.160275807229415
2133600,0.159793261546762
2133800,0.159178693295738
2134000,0.159295267151171
2134200,0.159165945137035
2134400,0.158868842063552
2134600,0.158208906189127
2134800,0.159334289224521
2135000,0.160508610014578
2135200,0.16032412214487
2135400,0.160404050071759
2135600,0.160105613128599
2135800,0.16045990795198
2136000,0.160643625498806
2136200,0.16024588008207
2136400,0.159965916282502
2136600,0.160316694287502
2136800,0.161010903824566
2137000,0.160482714184686
2137200,0.160410045651472
2137400,0.160947364532362
2137600,0.160698822847342
2137800,0.161060557717106
2138000,0.160438139808747
2138200,0.160565317419341
2138400,0.160572951423096
2138600,0.159916723834715
2138800,0.160092982454812
2139000,0.159678427689946
2139200,0.159459628748343
2139400,0.159939521844216
2139600,0.160888962927507
2139800,0.16087072197434
2140000,0.160252422917172
2140200,0.159604234415899
2140400,0.159919625735988
2140600,0.160044838007633
2140800,0.160687630022355
2141000,0.161058638379176
2141200,0.160610018750731
2141400,0.160325589647794
2141600,0.161378154831616
2141800,0.161668092541259
2142000,0.161115035317259
2142200,0.160608354831045
2142400,0.16059321003709
2142600,0.160892972684217
2142800,0.160645062570493
2143000,0.161221257374402
2143200,0.161791642575901
2143400,0.162138306604932
2143600,0.161721531009774
2143800,0.162232393132725
2144000,0.162023825725897
2144200,0.161782371674915
2144400,0.162033115478768
2144600,0.162525516870685
2144800,0.16139152732794
2145000,0.160964924822589
2145200,0.160727576096031
2145400,0.161691858282769
2145600,0.161567179679227
2145800,0.161766469686967
2146000,0.162231196503504
2146200,0.162985355418645
2146400,0.162607935345833
2146600,0.162764992913681
2146800,0.164213312701001
2147000,0.163597898847444
2147200,0.162603529944036
2147400,0.162878841177735
2147600,0.163082591890732
2147800,0.162462599883283
2148000,0.162495283950511
2148200,0.162352360434562
2148400,0.161007107457079
2148600,0.161623208473065
2148800,0.161665494028681
2149000,0.161280529488972
2149200,0.161435995144964
2149400,0.161769129448168
2149600,0.160969295399073
2149800,0.160930755307373
2150000,0.162035795314372
2150200,0.162329158499082
2150400,0.162829935660013
2150600,0.162988522558509
2150800,0.163363899632955
2151000,0.163892463658247
2151200,0.164233512767617
2151400,0.163065277764291
2151600,0.162789091214834
2151800,0.162760601712883
2152000,0.163339640781302
2152200,0.163324474265277
2152400,0.162410773795797
2152600,0.162605010160696
2152800,0.162457446447696
2153000,0.162413741791814
2153200,0.162975535664932
2153400,0.162011415689876
2153600,0.162816765532818
2153800,0.162703407695898
2154000,0.161677786417079
2154200,0.162231608157734
2154400,0.162761481058506
2154600,0.163116338383346
2154800,0.162787222684899
2155000,0.163440441278572
2155200,0.163300183967547
2155400,0.163831413342385
2155600,0.162737506815191
2155800,0.161490487958838
2156000,0.161179900544862
2156200,0.162123577572441
2156400,0.161975479335554
2156600,0.162243650250859
2156800,0.162890218037896
2157000,0.162550631940478
2157200,0.16216378495439
2157400,0.1617893391201
2157600,0.161629749336819
2157800,0.162264077184863
2158000,0.162499680183889
2158200,0.162657942646628
2158400,0.162509960603362
2158600,0.161994948292016
2158800,0.162461045569416
2159000,0.162626345613601
2159200,0.16136785474681
2159400,0.162186653367015
2159600,0.162837548618809
2159800,0.163513772655053
2160000,0.162963449699006
2160200,0.163200638695176
2160400,0.162636235114981
2160600,0.161085339191209
2160800,0.16168135929332
2161000,0.162277511228385
2161200,0.162151249259138
2161400,0.162141855356584
2161600,0.161431026984213
2161800,0.161712688425805
2162000,0.162243336594436
2162200,0.162818270560916
2162400,0.162524643423961
2162600,0.163519664170226
2162800,0.162390313694626
2163000,0.162016545111581
2163200,0.161776396382714
2163400,0.161662555777392
2163600,0.162725622226824
2163800,0.161790267706037
2164000,0.162363244336038
2164200,0.161984318435783
2164400,0.161816906354966
2164600,0.162241354772587
2164800,0.16210392697702
2165000,0.161150191571041
2165200,0.161269440800738
2165400,0.16144301308967
2165600,0.1614812246416
2165800,0.162347744442379
2166000,0.161238942638263
2166200,0.161275269874459
2166400,0.161320163777398
2166600,0.161830915196792
2166800,0.162510195070001
2167000,0.163215768668342
2167200,0.162314928260036
2167400,0.163990046368266
2167600,0.164070559913692
2167800,0.163806272695967
2168000,0.162976211106883
2168200,0.162262280250349
2168400,0.162248524890746
2168600,0.163057080291395
2168800,0.163107277330888
2169000,0.161996045172333
2169200,0.162549096353375
2169400,0.16347999244231
2169600,0.163500387791743
2169800,0.162557738865034
2170000,0.162268035631541
2170200,0.16210582182409
2170400,0.161140881931868
2170600,0.161377584768827
2170800,0.160921455759888
2171000,0.161395934916639
2171200,0.162356059966181
2171400,0.16246129450245
2171600,0.163388951575925
2171800,0.163428992445138
2172000,0.163934566712276
2172200,0.163770143449298
2172400,0.163182918621626
2172600,0.163246163835576
2172800,0.163038141164758
2173000,0.162824465654549
2173200,0.16279028778919
2173400,0.162904208447246
2173600,0.162522925648129
2173800,0.162052956394782
2174000,0.162441781481738
2174200,0.162829565084118
2174400,0.163160165452159
2174600,0.163126632042428
2174800,0.163268752133788
2175000,0.162233695326329
2175200,0.161985814863088
2175400,0.162535809827555
2175600,0.160783528654637
2175800,0.161621545471141
2176000,0.161608313427645
2176200,0.16231021495162
2176400,0.162407319945301
2176600,0.161847704799191
2176800,0.16125215697788
2177000,0.161174536324561
2177200,0.161175630391668
2177400,0.161100830430314
2177600,0.160982845192748
2177800,0.160916363451338
2178000,0.161570545428392
2178200,0.162416122674911
2178400,0.16216016244278
2178600,0.161438009773866
2178800,0.162069107767537
2179000,0.161798698996362
2179200,0.161936771216006
2179400,0.161626668795024
2179600,0.161298468329299
2179800,0.16068593325432
2180000,0.161785707456084
2180200,0.161392435025791
2180400,0.161926249807811
2180600,0.162040544024119
2180800,0.161523079823193
2181000,0.161898050671587
2181200,0.162424451427123
2181400,0.16236066519419
2181600,0.16239895257081
2181800,0.163174996726393
2182000,0.162915175272115
2182200,0.162503724465587
2182400,0.161755575489848
2182600,0.161932772382071
2182800,0.16129764198005
2183000,0.161140351248908
2183200,0.161313101058379
2183400,0.16131483424916
2183600,0.162096146521508
2183800,0.162108999915112
2184000,0.162569219905911
2184200,0.162813688286148
2184400,0.162655047362303
2184600,0.162121818715031
2184800,0.162123290923128
2185000,0.161226151070243
2185200,0.161387628570146
2185400,0.16103453693094
2185600,0.16114393099126
2185800,0.161168579541455
2186000,0.160928081219337
2186200,0.161667221774566
2186400,0.161360689645032
2186600,0.161618388572435
2186800,0.16169251921162
2187000,0.161219729639415
2187200,0.160823765781654
2187400,0.161182091741729
2187600,0.161061817170032
2187800,0.160974218830959
2188000,0.161042614181655
2188200,0.160810171028169
2188400,0.160946889945736
2188600,0.161755085014293
2188800,0.161796552291487
2189000,0.161206219041766
2189200,0.161411481489605
2189400,0.160885728107097
2189600,0.161135872713403
2189800,0.159743974885004
2190000,0.159620720936941
2190200,0.159190111341886
2190400,0.159657196828137
2190600,0.159734466774278
2190800,0.160449919406308
2191000,0.159738124814302
2191200,0.160311568757482
2191400,0.160822289386768
2191600,0.160724905528721
2191800,0.160639503600415
2192000,0.15981430283327
2192200,0.159777557426724
2192400,0.15952906743989
2192600,0.15976175947388
2192800,0.159440869892062
2193000,0.159426677757961
2193200,0.160189868470859
2193400,0.160124372006983
2193600,0.159572358001387
2193800,0.159790843340761
2194000,0.159595307174035
2194200,0.160120482211675
2194400,0.159941770198687
2194600,0.159143934291991
2194800,0.159393406832506
2195000,0.159039546062455
2195200,0.159364396356262
2195400,0.159562327540888
2195600,0.159672338086197
2195800,0.160099504616959
2196000,0.159882338199986
2196200,0.159980849312757
2196400,0.160075371210967
2196600,0.160849157331468
2196800,0.160525033123103
2197000,0.160962791815783
2197200,0.160764263144705
2197400,0.160028468198571
2197600,0.159917697201303
2197800,0.159638189530594
2198000,0.159607219395675
2198200,0.16022699721878
2198400,0.160223366720347
2198600,0.160222334710957
2198800,0.159279397130701
2199000,0.160563851360514
2199200,0.160248078835611
2199400,0.159937721939251
2199600,0.159775017176299
2199800,0.160086990850472
2200000,0.159669083682151
2200200,0.1596734942192
2200400,0.159878291863311
2200600,0.160199338487953
2200800,0.160103570655616
2201000,0.160191701621781
2201200,0.160376610514579
2201400,0.159502957994992
2201600,0.158713023328308
2201800,0.159493007428395
2202000,0.159756093309679
2202200,0.159261933312511
2202400,0.160319281979178
2202600,0.159822473345301
2202800,0.159152051793137
2203000,0.15881439255832
2203200,0.15939003397429
2203400,0.159997023358992
2203600,0.160731401495082
2203800,0.159627172355728
2204000,0.159304272513505
2204200,0.160611531073958
2204400,0.160821447255643
2204600,0.160502908273834
2204800,0.160060223294144
2205000,0.160459745154615
2205200,0.16019593991977
2205400,0.159397263328026
2205600,0.160132152651577
2205800,0.159576547316214
2206000,0.15881897890828
2206200,0.159255574664846
2206400,0.158345995335079
2206600,0.159019575742835
2206800,0.15890782291314
2207000,0.159138459938294
2207200,0.159422562674041
2207400,0.15882855381601
2207600,0.159006556598799
2207800,0.159474717047772
2208000,0.159218544494468
2208200,0.159418419783971
2208400,0.15949075609828
2208600,0.158937228223497
2208800,0.159812412093419
2209000,0.15967472835641
2209200,0.15925002433703
2209400,0.158715715912753
2209600,0.158989838704044
2209800,0.159132428465714
2210000,0.160008088186679
2210200,0.159293048611537
2210400,0.159283853903632
2210600,0.159704421164682
2210800,0.159968224945889
2211000,0.159869055914596
2211200,0.159602283355272
2211400,0.159968783010027
2211600,0.15949172316798
2211800,0.15907336991379
2212000,0.159038224005001
2212200,0.15767377685704
2212400,0.158330885235058
2212600,0.15807209381963
2212800,0.158529210437811
2213000,0.158857222769623
2213200,0.158708909623947
2213400,0.158887065260858
2213600,0.159140848771192
2213800,0.159301864661263
2214000,0.159766998727049
2214200,0.159610255467102
2214400,0.158795174706618
2214600,0.159313878445903
2214800,0.159587211901277
2215000,0.160080243357539
2215200,0.160658768802576
2215400,0.159606450898803
2215600,0.159841081521672
2215800,0.159214915710692
2216000,0.159078795695117
2216200,0.158657553683913
2216400,0.159402655491387
2216600,0.159704937193574
2216800,0.16039336821351
2217000,0.159347947243052
2217200,0.158958744835159
2217400,0.159403062843533
2217600,0.160429877213596
2217800,0.160111441074784
2218000,0.160057704340669
2218200,0.159303965154586
2218400,0.157962774933727
2218600,0.158473195800015
2218800,0.159480107989561
2219000,0.159218557572069
2219200,0.159153049242146
2219400,0.159621430509731
2219600,0.159479203641698
2219800,0.159543751668134
2220000,0.16014359211692
2220200,0.16054290176608
2220400,0.159840546426779
2220600,0.159169838491033
2220800,0.159377307486205
2221000,0.159165735761821
2221200,0.159773710982104
2221400,0.15883516029812
2221600,0.158222512563596
2221800,0.158407343625859
2222000,0.158878694253296
2222200,0.159633671305502
2222400,0.159876352193083
2222600,0.159269067796839
2222800,0.159228579484309
2223000,0.159249025557549
2223200,0.159710939324407
2223400,0.15929344513332
2223600,0.158775392878237
2223800,0.159271717168833
2224000,0.160310302539218
2224200,0.160325641912832
2224400,0.160313809530085
2224600,0.159731456483239
2224800,0.15997982627152
2225000,0.159400560992579
2225200,0.15959826060427
2225400,0.159477053025199
2225600,0.159027824485086
2225800,0.159915793872183
2226000,0.159658478617038
2226200,0.158956212219559
2226400,0.15915912299231
2226600,0.158240787695852
2226800,0.15845723381326
2227000,0.158279376443995
2227200,0.158646240432303
2227400,0.159485632216726
2227600,0.158889984688927
2227800,0.159527014383722
2228000,0.159814328443626
2228200,0.159397424603712
2228400,0.159183296217696
2228600,0.159362573349387
2228800,0.159832916562094
2229000,0.159518920874249
2229200,0.15951945448018
2229400,0.159357729827963
2229600,0.158787294132037
2229800,0.158210253321143
2230000,0.158285547578116
2230200,0.158185401984912
2230400,0.158056837460413
2230600,0.158113900104533
2230800,0.157820944294922
2231000,0.157543862854607
2231200,0.158272612617619
2231400,0.158035972049471
2231600,0.157647969975296
2231800,0.158285105228617
2232000,0.157617769780221
2232200,0.15870985894256
2232400,0.157765285729371
2232600,0.15784153532832
2232800,0.157844648894883
2233000,0.157853083580933
2233200,0.158730446225938
2233400,0.158924658097579
2233600,0.158297807013701
2233800,0.158169194014058
2234000,0.15825678893194
2234200,0.157603149259694
2234400,0.157754579674373
2234600,0.157005120751942
2234800,0.157573169052441
2235000,0.158158179634418
2235200,0.157910804718817
2235400,0.158073081359218
2235600,0.158754566765382
2235800,0.158753889512664
2236000,0.158211750586775
2236200,0.158119263910404
2236400,0.158292709431556
2236600,0.158175811415514
2236800,0.15784083185287
2237000,0.158058519692907
2237200,0.157734846140299
2237400,0.158837313205044
2237600,0.1590250908789
2237800,0.15833313249449
2238000,0.158290186557379
2238200,0.158189541201165
2238400,0.157537023256786
2238600,0.156875159439241
2238800,0.156536420533714
2239000,0.156396660270352
2239200,0.156092498326541
2239400,0.156126723324737
2239600,0.156173584998139
2239800,0.156252003842576
2240000,0.156197925749639
2240200,0.156676184698262
2240400,0.156583589202618
2240600,0.157548382110855
2240800,0.157790023392694
2241000,0.157531039299025
2241200,0.15755402443287
2241400,0.156898587761157
2241600,0.157127478911259
2241800,0.156927925686963
2242000,0.157559709552182
2242200,0.157456617808129
2242400,0.157401331142167
2242600,0.157230299481676
2242800,0.157554582329368
2243000,0.158287883572904
2243200,0.158630501180334
2243400,0.157360545597208
2243600,0.158458993301582
2243800,0.158719258388688
2244000,0.158071831484441
2244200,0.158184556054037
2244400,0.158800363352942
2244600,0.159417691451447
2244800,0.159320339852984
2245000,0.159989872744158
2245200,0.159667372499111
2245400,0.159221398513952
2245600,0.158558855618114
2245800,0.158807620092814
2246000,0.157643801519037
2246200,0.15773526352437
2246400,0.158314400960146
2246600,0.158298278957507
2246800,0.158274635981977
2247000,0.158185273517813
2247200,0.158456919718715
2247400,0.158459028569705
2247600,0.15817400655134
2247800,0.158178925647596
2248000,0.158130929530471
2248200,0.158149075162366
2248400,0.157693294468352
2248600,0.157724829842226
2248800,0.158300839765917
2249000,0.158990933473425
2249200,0.159030015589414
2249400,0.159040391719381
2249600,0.159243806390893
2249800,0.158955825845466
2250000,0.159519354821131
2250200,0.159174098556121
2250400,0.158886233373917
2250600,0.158733427221543
2250800,0.158544484738108
2251000,0.158655010557233
2251200,0.158305304430469
2251400,0.157944354044843
2251600,0.157491521096727
2251800,0.158292473321514
2252000,0.158558106523503
2252200,0.158510849481992
2252400,0.15803640788347
2252600,0.157230589900525
2252800,0.157052850278421
2253000,0.157606063065397
2253200,0.15824001849644
2253400,0.158023748767382
2253600,0.158224213133955
2253800,0.158580878112052
2254000,0.158269788506095
2254200,0.157849353560532
2254400,0.157783340431361
2254600,0.157391401780531
2254800,0.157410622276157
2255000,0.157828198206003
2255200,0.157509135120615
2255400,0.157225540233783
2255600,0.156294120676585
2255800,0.157382491906443
2256000,0.156585954884969
2256200,0.156403031062097
2256400,0.157488776291061
2256600,0.157534986307472
2256800,0.158166744924855
2257000,0.15757165587036
2257200,0.156546496639644
2257400,0.156557928968397
2257600,0.156351654295032
2257800,0.156632467388862
2258000,0.156994010296964
2258200,0.15806775443878
2258400,0.158370868448837
2258600,0.157333025389935
2258800,0.157407678900927
2259000,0.15736484911919
2259200,0.157624138813572
2259400,0.157755449763828
2259600,0.157782291268136
2259800,0.156765611117943
2260000,0.156635885481996
2260200,0.156246406352724
2260400,0.156107872372971
2260600,0.156683974550704
2260800,0.156500340951275
2261000,0.157992002180866
2261200,0.157552948101131
2261400,0.157630573735558
2261600,0.157666824458329
2261800,0.157353848506799
2262000,0.157282930610658
2262200,0.157291455878271
2262400,0.157260186961467
2262600,0.1578164204184
2262800,0.157472608690325
2263000,0.157885187418871
2263200,0.156975851057422
2263400,0.157198303852015
2263600,0.157759043247679
2263800,0.15757542127382
2264000,0.157471465250902
2264200,0.157998095820998
2264400,0.158774314009658
2264600,0.157799273021793
2264800,0.15746152941251
2265000,0.15673769878437
2265200,0.156165025590289
2265400,0.156263463507631
2265600,0.156493562701775
2265800,0.15608549608038
2266000,0.155758757524081
2266200,0.15594270576736
2266400,0.156292445215003
2266600,0.157419363548642
2266800,0.157025589917297
2267000,0.15645522590044
2267200,0.156616234980042
2267400,0.156770455628509
2267600,0.157191873855746
2267800,0.156852517365208
2268000,0.156572367254118
2268200,0.156917881674193
2268400,0.156625422461682
2268600,0.156000783392434
2268800,0.15584073103725
2269000,0.155522065605444
2269200,0.156013820491332
2269400,0.156536296076583
2269600,0.155943305174116
2269800,0.15585402733545
2270000,0.156001070885119
2270200,0.155596638778456
2270400,0.156397891085937
2270600,0.156295837637088
2270800,0.156422569057977
2271000,0.156280941051634
2271200,0.155736788232191
2271400,0.155400190855798
2271600,0.155425625870093
2271800,0.155883983103448
2272000,0.155419632721625
2272200,0.156478975445141
2272400,0.156659684308412
2272600,0.156821114351436
2272800,0.157157774407272
2273000,0.156080067827477
2273200,0.156009304137622
2273400,0.156111750852114
2273600,0.156389911790851
2273800,0.157067062621834
2274000,0.156525356098267
2274200,0.156329483896088
2274400,0.156291581555988
2274600,0.156062990577923
2274800,0.15610959168005
2275000,0.156722051134237
2275200,0.156743823100474
2275400,0.156752985120481
2275600,0.156290000290783
2275800,0.155788138130595
2276000,0.155860108733773
2276200,0.155460511551734
2276400,0.154727728232645
2276600,0.155140991566451
2276800,0.154475757439154
2277000,0.155124056296237
2277200,0.155502827024083
2277400,0.156038902226019
2277600,0.155405982830335
2277800,0.155566022087135
2278000,0.155322816175389
2278200,0.155610722327015
2278400,0.156240981096144
2278600,0.156499872564486
2278800,0.156672114167196
2279000,0.155656921413178
2279200,0.155951152656521
2279400,0.15644024849483
2279600,0.156231029029785
2279800,0.156164073545365
2280000,0.1556143083239
2280200,0.155854583818348
2280400,0.156335986706601
2280600,0.156342293229044
2280800,0.156644931409447
2281000,0.157123510165184
2281200,0.156972686778359
2281400,0.157369239921828
2281600,0.156140561802194
2281800,0.155976748931585
2282000,0.155887525524514
2282200,0.1559677557321
2282400,0.156776301058554
2282600,0.156014837172706
2282800,0.156392032038255
2283000,0.156956253456335
2283200,0.157049389773119
2283400,0.156488438348998
2283600,0.15670737034967
2283800,0.156359585382586
2284000,0.156615126135153
2284200,0.157382790971624
2284400,0.156510660965982
2284600,0.156700303582087
2284800,0.157341702383839
2285000,0.157303833372879
2285200,0.156753697641069
2285400,0.15705435902244
2285600,0.156764283739525
2285800,0.156308905937589
2286000,0.1560523127563
2286200,0.156360603241751
2286400,0.155594047855069
2286600,0.156284029286761
2286800,0.15612529170059
2287000,0.156444052632472
2287200,0.156499892076908
2287400,0.156923183762828
2287600,0.156516392441936
2287800,0.15762054712439
2288000,0.157841108643882
2288200,0.157657796939746
2288400,0.156442256039238
2288600,0.156927162108492
2288800,0.156979855503588
2289000,0.1571081989495
2289200,0.157344241759983
2289400,0.15614735505503
2289600,0.157089017939979
2289800,0.156626473105252
2290000,0.156692680453879
2290200,0.157132076467923
2290400,0.156873697300632
2290600,0.156598145177682
2290800,0.156337031411333
2291000,0.155378826978327
2291200,0.155998239609271
2291400,0.154868541924478
2291600,0.155557704145975
2291800,0.156511439485455
2292000,0.155844899028642
2292200,0.156006584443935
2292400,0.156102614100868
2292600,0.155684087707042
2292800,0.156822715798739
2293000,0.156855713627026
2293200,0.156240869129214
2293400,0.155669010637516
2293600,0.156142772225613
2293800,0.156331372438421
2294000,0.155976639374991
2294200,0.156337921148854
2294400,0.156078259737658
2294600,0.155138511669109
2294800,0.155397674251141
2295000,0.154792774426912
2295200,0.154439142705327
2295400,0.154962239249042
2295600,0.155462334522947
2295800,0.155976577075667
2296000,0.155704202481659
2296200,0.155680426746219
2296400,0.156159954217923
2296600,0.155127474707247
2296800,0.155488486427376
2297000,0.155389372340046
2297200,0.15540750189054
2297400,0.155588023864177
2297600,0.155130541673691
2297800,0.154701243271061
2298000,0.155269212181405
2298200,0.155302502911354
2298400,0.155508577684111
2298600,0.155201986876275
2298800,0.155504042879219
2299000,0.15594299061185
2299200,0.15635679595374
2299400,0.156285258153754
2299600,0.156688628017304
2299800,0.15636664820932
2300000,0.156917224573923
2300200,0.155791681432648
2300400,0.154408322863111
2300600,0.154672421365928
2300800,0.154843109088192
2301000,0.155257890957115
2301200,0.156597396589023
2301400,0.157099166305363
2301600,0.157120545460966
2301800,0.156205444329654
2302000,0.156022763881088
2302200,0.155687900422052
2302400,0.155652359953824
2302600,0.155081743569694
2302800,0.156145216500796
2303000,0.156155013033137
2303200,0.155519737291326
2303400,0.155421134829725
2303600,0.155736133513562
2303800,0.155368036594364
2304000,0.156679991161604
2304200,0.156486395019253
2304400,0.155967209498881
2304600,0.156219706369604
2304800,0.155992925517906
2305000,0.15514375485948
2305200,0.155431657668857
2305400,0.155577947421144
2305600,0.155432826973227
2305800,0.154637948635866
2306000,0.154789673090162
2306200,0.154898608981094
2306400,0.154675894918251
2306600,0.153823769857726
2306800,0.154565573159447
2307000,0.15474511852187
2307200,0.154787483448756
2307400,0.154047181714021
2307600,0.154650852587926
2307800,0.154293258029228
2308000,0.154730799456374
2308200,0.15589670679674
2308400,0.155765942886666
2308600,0.156120855630022
2308800,0.155239739813787
2309000,0.155277342943099
2309200,0.155213314871887
2309400,0.155271334356059
2309600,0.154711214515788
2309800,0.155412596597361
2310000,0.155373105121501
2310200,0.156157634789421
2310400,0.156230024817568
2310600,0.156360927550392
2310800,0.155368108539657
2311000,0.154249239197811
2311200,0.154767221877729
2311400,0.154434213835771
2311600,0.154904379316999
2311800,0.154883389297725
2312000,0.154712419409938
2312200,0.154688133013136
2312400,0.154926469327109
2312600,0.15486822691531
2312800,0.154917150433186
2313000,0.155018885434271
2313200,0.15423222354003
2313400,0.154313030278555
2313600,0.154393396622042
2313800,0.153473255131909
2314000,0.153065520599571
2314200,0.153597453379941
2314400,0.153199611572395
2314600,0.152878279446835
2314800,0.153465898808993
2315000,0.154778971710025
2315200,0.15413442202339
2315400,0.153883213815229
2315600,0.154893515414397
2315800,0.153876494193522
2316000,0.154575683269587
2316200,0.15492513280739
2316400,0.153929247263394
2316600,0.15424831896916
2316800,0.153803688671233
2317000,0.154683473800842
2317200,0.154901107748225
2317400,0.154707583951652
2317600,0.155051110035356
2317800,0.155564242523031
2318000,0.155179746311189
2318200,0.15483580928573
2318400,0.154815812128896
2318600,0.154914108783762
2318800,0.155047515863208
2319000,0.154669263864051
2319200,0.155176070819883
2319400,0.155584723702224
2319600,0.15511210335372
2319800,0.15477605253214
2320000,0.154124228401749
2320200,0.154710993070621
2320400,0.154339444467998
2320600,0.153476846538059
2320800,0.152825046752799
2321000,0.153033683068965
2321200,0.153405977337424
2321400,0.153871393435183
2321600,0.154071811069696
2321800,0.1540320727185
2322000,0.154064543722215
2322200,0.154439003799838
2322400,0.15535807643915
2322600,0.15603239692535
2322800,0.155420674524607
2323000,0.155068858174469
2323200,0.154691226224022
2323400,0.154577880037412
2323600,0.154100326140687
2323800,0.153862406055666
2324000,0.154184584612776
2324200,0.153420635677148
2324400,0.152828966821494
2324600,0.153070132780042
2324800,0.154341121606449
2325000,0.15458912660998
2325200,0.154165299483007
2325400,0.154268739312354
2325600,0.154254489997409
2325800,0.153433170247711
2326000,0.154811082493951
2326200,0.1545122764823
2326400,0.153798113584971
2326600,0.153803891623965
2326800,0.154020819612109
2327000,0.153968579290767
2327200,0.153901090920526
2327400,0.154229069818359
2327600,0.154170787974202
2327800,0.154450728966762
2328000,0.155098876793715
2328200,0.155339109695845
2328400,0.155714462007095
2328600,0.155417049330036
2328800,0.155975024012828
2329000,0.15558677136051
2329200,0.155960632767271
2329400,0.154059906451326
2329600,0.154835479427825
2329800,0.155317309278267
2330000,0.155615878254212
2330200,0.155484955506906
2330400,0.154649465368046
2330600,0.154790787348931
2330800,0.154582379596347
2331000,0.153945957937516
2331200,0.154379639171843
2331400,0.154767054529637
2331600,0.154223058964197
2331800,0.154586921517011
2332000,0.154380724682182
2332200,0.154983940329425
2332400,0.154225918451112
2332600,0.153386971587686
2332800,0.154049983870521
2333000,0.153859457400948
2333200,0.154268519441895
2333400,0.153981945861459
2333600,0.153601078911012
2333800,0.153763183484829
2334000,0.153957585297698
2334200,0.154243531524902
2334400,0.153562449307628
2334600,0.154064783497385
2334800,0.154652482043809
2335000,0.154199128296557
2335200,0.154857486685102
2335400,0.154615322118816
2335600,0.154730891099478
2335800,0.154283701500835
2336000,0.154287354371775
2336200,0.154392496900348
2336400,0.154451619176765
2336600,0.154348877611779
2336800,0.154535060096417
2337000,0.155119193402305
2337200,0.155787215267991
2337400,0.154975224256907
2337600,0.154773627663608
2337800,0.154463467676018
2338000,0.154339444299395
2338200,0.153983992687781
2338400,0.153983557167882
2338600,0.154065074667569
2338800,0.154692661565543
2339000,0.153962039256731
2339200,0.153622438409431
2339400,0.153566377855875
2339600,0.153226508734805
2339800,0.153833392348099
2340000,0.153166191518407
2340200,0.153333861724248
2340400,0.153756378486859
2340600,0.153551864562399
2340800,0.153001920580051
2341000,0.153400770664579
2341200,0.153677436024356
2341400,0.152820958338232
2341600,0.15308675640566
2341800,0.153512913449725
2342000,0.153447636881179
2342200,0.153311324165871
2342400,0.153023600179087
2342600,0.153496384236986
2342800,0.1540821253149
2343000,0.154087941669576
2343200,0.153839551891124
2343400,0.153880924622064
2343600,0.153417737724762
2343800,0.154121123402268
2344000,0.154505530073872
2344200,0.153931126030414
2344400,0.153558173957039
2344600,0.153592520707261
2344800,0.153689291602715
2345000,0.153279099885893
2345200,0.153053738334446
2345400,0.154233178108162
2345600,0.154733140177328
2345800,0.154984565116942
2346000,0.155095985368201
2346200,0.154747292452968
2346400,0.153230917976913
2346600,0.153420122825308
2346800,0.15257094399525
2347000,0.152910132323689
2347200,0.152382533137031
2347400,0.152440292126715
2347600,0.152841159734803
2347800,0.152840653296716
2348000,0.153417963264741
2348200,0.153137292926353
2348400,0.153566690804369
2348600,0.153344289943344
2348800,0.153300135240847
2349000,0.1534872351389
2349200,0.152598657656165
2349400,0.152866649198914
2349600,0.153056304439349
2349800,0.152780373973229
2350000,0.152677843853849
2350200,0.153409522255183
2350400,0.153077193939501
2350600,0.15252868587638
2350800,0.153253268573644
2351000,0.153947642650904
2351200,0.153784883632102
2351400,0.154423428813195
2351600,0.155130462674359
2351800,0.154662919109251
2352000,0.154389897927079
2352200,0.154489594535251
2352400,0.154217858841384
2352600,0.153762899589661
2352800,0.153457245306957
2353000,0.153867479418686
2353200,0.154509601045897
2353400,0.153614466768972
2353600,0.15401561222023
2353800,0.153831164663759
2354000,0.153494965250288
2354200,0.154461498835026
2354400,0.154647851468888
2354600,0.155096657925946
2354800,0.153895078615468
2355000,0.154233110125977
2355200,0.153864797821827
2355400,0.153524379749655
2355600,0.153810282866647
2355800,0.153609352454545
2356000,0.153855106608824
2356200,0.153394489356735
2356400,0.154176977905765
2356600,0.154428076748971
2356800,0.152768926750508
2357000,0.152752521349231
2357200,0.153906817495171
2357400,0.154274205645932
2357600,0.15427621230517
2357800,0.154543206438563
2358000,0.155016156460035
2358200,0.154873492830801
2358400,0.154741244944191
2358600,0.154255107056538
2358800,0.15394179146867
2359000,0.15386020828344
2359200,0.154125348788034
2359400,0.154975321668672
2359600,0.155214406145183
2359800,0.155402739351879
2360000,0.154906017011004
2360200,0.155848136601105
2360400,0.156270983480664
2360600,0.155517412168411
2360800,0.154907473715466
2361000,0.155297787749184
2361200,0.155347742328122
2361400,0.156054844324687
2361600,0.154850343144274
2361800,0.1552560750783
2362000,0.155667623845195
2362200,0.155567577255838
2362400,0.155469961530163
2362600,0.155151295701458
2362800,0.155195499078893
2363000,0.155184384695778
2363200,0.154639015766487
2363400,0.153865030749232
2363600,0.154079555133172
2363800,0.154955784595925
2364000,0.155122893732941
2364200,0.155203937808346
2364400,0.154402500872441
2364600,0.153219591554838
2364800,0.154218429460252
2365000,0.1541696618421
2365200,0.15492772168961
2365400,0.154951598752386
2365600,0.155681493655716
2365800,0.15490338296489
2366000,0.156251037217178
2366200,0.155405975394476
2366400,0.155268270275128
2366600,0.15474544682274
2366800,0.154756622105728
2367000,0.155764995279795
2367200,0.156735866127732
2367400,0.156542200600768
2367600,0.156767473864276
2367800,0.155285658870801
2368000,0.15542964991503
2368200,0.154767481528867
2368400,0.154753286065649
2368600,0.154257804242505
2368800,0.153844497526979
2369000,0.154062663109073
2369200,0.153573394766824
2369400,0.153580922417279
2369600,0.153340401670178
2369800,0.153598172126978
2370000,0.153973052220341
2370200,0.154548556970776
2370400,0.155067846770684
2370600,0.153903463713909
2370800,0.15475049410525
2371000,0.154473742360716
2371200,0.155860737847606
2371400,0.154682101096866
2371600,0.154689435366458
2371800,0.154166096969003
2372000,0.155088742567368
2372200,0.154410751737979
2372400,0.154885347671835
2372600,0.154886392545408
2372800,0.154836380813194
2373000,0.154682139948077
2373200,0.153695832120997
2373400,0.154605096788546
2373600,0.154691333687157
2373800,0.154844193121495
2374000,0.154434844420769
2374200,0.155010907241105
2374400,0.154701829128353
2374600,0.155154461929205
2374800,0.154857055204128
2375000,0.15477321512791
2375200,0.155610687634938
2375400,0.155417003221899
2375600,0.155276094598111
2375800,0.154587363415487
2376000,0.155681170322853
2376200,0.155309938031016
2376400,0.155301676564875
2376600,0.155609607505095
2376800,0.155377255247582
2377000,0.15515883649202
2377200,0.15469604205438
2377400,0.154689933335082
2377600,0.155049319476065
2377800,0.154402235375801
2378000,0.155431376846661
2378200,0.155192683605903
2378400,0.154956141964338
2378600,0.155112751403688
2378800,0.155319513584158
2379000,0.155666473432392
2379200,0.155667938825455
2379400,0.155208118375392
2379600,0.155541712628231
2379800,0.15524956671454
2380000,0.155176010533709
2380200,0.154658159123792
2380400,0.154659918854488
2380600,0.154860063026227
2380800,0.155011139478702
2381000,0.154512981698574
2381200,0.153490728205023
2381400,0.153909524516877
2381600,0.153486167658332
2381800,0.15420434801457
2382000,0.153904478891056
2382200,0.154495060093428
2382400,0.154981145000211
2382600,0.154076657829515
2382800,0.15397343780289
2383000,0.153565581262675
2383200,0.153463876641923
2383400,0.153424494217673
2383600,0.153786361019339
2383800,0.153524632019555
2384000,0.152792842798314
2384200,0.153776612264478
2384400,0.15421875004396
2384600,0.153137957025075
2384800,0.153571286454256
2385000,0.153550042527444
2385200,0.153146406452085
2385400,0.152905474480817
2385600,0.152832328744141
2385800,0.151652047224581
2386000,0.151577689886863
2386200,0.151915467643188
2386400,0.151865988921971
2386600,0.151891384941694
2386800,0.152495678060583
2387000,0.152208765258701
2387200,0.151977281434525
2387400,0.15232274509973
2387600,0.152469563777604
2387800,0.152597317156948
2388000,0.153216488146155
2388200,0.152642509102029
2388400,0.153247232049415
2388600,0.154203085541968
2388800,0.153969968813231
2389000,0.153850738745719
2389200,0.153496720151981
2389400,0.154085076292801
2389600,0.153248422360195
2389800,0.153504380257846
2390000,0.15454990988701
2390200,0.154907913748466
2390400,0.154131631895419
2390600,0.155103516330758
2390800,0.154521118474063
2391000,0.154392640836571
2391200,0.153452196338807
2391400,0.152824667854913
2391600,0.152900395828012
2391800,0.153379573242567
2392000,0.153115953454109
2392200,0.153737588303572
2392400,0.153467198009121
2392600,0.153593721839304
2392800,0.153407159107538
2393000,0.153565035290998
2393200,0.154502702056793
2393400,0.154053765830801
2393600,0.154162327537548
2393800,0.153722415555474
2394000,0.153336481095842
2394200,0.15384596192175
2394400,0.153252694910932
2394600,0.154056562620916
2394800,0.154235758528019
2395000,0.153945054194279
2395200,0.153842327356156
2395400,0.152561688237404
2395600,0.153566833474763
2395800,0.154074572270313
2396000,0.154066560364569
2396200,0.153354201592662
2396400,0.152655503711935
2396600,0.15300531650133
2396800,0.15254169149459
2397000,0.152982121772418
2397200,0.152651051436642
2397400,0.153750142450249
2397600,0.153718750278494
2397800,0.153871209276693
2398000,0.154463288397065
2398200,0.155065885839577
2398400,0.154721033589662
2398600,0.154702805432076
2398800,0.15370778584606
2399000,0.152906405955376
2399200,0.152925424203171
2399400,0.152871466408571
2399600,0.153213495725446
2399800,0.153818359204714
2400000,0.15395849322107
2400200,0.153753826444509
2400400,0.153731193280364
2400600,0.153766933824737
2400800,0.154226115756562
2401000,0.153965657922137
2401200,0.153665954330685
2401400,0.153599708887722
2401600,0.153140331011213
2401800,0.153126165085001
2402000,0.153601363409156
2402200,0.153471188366802
2402400,0.152793007202001
2402600,0.153504452456159
2402800,0.152594927916202
2403000,0.15295711120555
2403200,0.153693063963317
2403400,0.153970688244808
2403600,0.154696170519156
2403800,0.154583730585182
2404000,0.153998748363142
2404200,0.153631901795296
2404400,0.153445652786234
2404600,0.153271457240398
2404800,0.152757941602148
2405000,0.152961669066678
2405200,0.15207331573902
2405400,0.152165840265957
2405600,0.151810470862079
2405800,0.151846241127323
2406000,0.15221469928565
2406200,0.152386251095723
2406400,0.152598781423613
2406600,0.152613409260685
2406800,0.15310894488408
2407000,0.152514666524207
2407200,0.152388790964038
2407400,0.152048165294046
2407600,0.152833842594782
2407800,0.152471843972493
2408000,0.151868721098238
2408200,0.151733241819542
2408400,0.152452742908898
2408600,0.153150762706026
2408800,0.152303918124005
2409000,0.152284487578347
2409200,0.152372043932489
2409400,0.152764818793368
2409600,0.151799491358251
2409800,0.151324247295934
2410000,0.151791432153843
2410200,0.151204615377533
2410400,0.151783154455005
2410600,0.151191400923028
2410800,0.152165372868878
2411000,0.151780610015583
2411200,0.151594084500476
2411400,0.151722411003553
2411600,0.151538397210421
2411800,0.15219518486948
2412000,0.151662040321671
2412200,0.151176826800528
2412400,0.152032811450935
2412600,0.151875831463263
2412800,0.152194276835138
2413000,0.15200471895948
2413200,0.152719090582906
2413400,0.152664529136967
2413600,0.152599644903985
2413800,0.152051546562744
2414000,0.151858709946517
2414200,0.152034535277773
2414400,0.151487470000302
2414600,0.151104126262721
2414800,0.151876480434282
2415000,0.15197966782611
2415200,0.152083343326597
2415400,0.151930796778729
2415600,0.152291335089329
2415800,0.152388661908216
2416000,0.15321851537397
2416200,0.153010859013834
2416400,0.152991071816637
2416600,0.153244160097248
2416800,0.152675794681109
2417000,0.153179869248874
2417200,0.15267667678781
2417400,0.152349135745384
2417600,0.152399187554155
2417800,0.151865026402447
2418000,0.152202131058543
2418200,0.152343703546999
2418400,0.151867412510151
2418600,0.151333002718843
2418800,0.151520114679289
2419000,0.152290120778162
2419200,0.152389209012668
2419400,0.15192773639911
2419600,0.150804883431358
2419800,0.150319789190568
2420000,0.151125870815376
2420200,0.151801943014145
2420400,0.151379948324455
2420600,0.150502731931519
2420800,0.149980026069064
2421000,0.150740587450573
2421200,0.150719978272157
2421400,0.151617961766741
2421600,0.152120463873674
2421800,0.151458562166793
2422000,0.151908916177932
2422200,0.151706605922538
2422400,0.152299743444514
2422600,0.153173468448651
2422800,0.152867244757888
2423000,0.152528635851564
2423200,0.152307597020789
2423400,0.151991930524988
2423600,0.151828174493246
2423800,0.15198697294545
2424000,0.150990387371814
2424200,0.151107544855307
2424400,0.151608848680575
2424600,0.151540908147197
2424800,0.151113741981006
2425000,0.152228672107127
2425200,0.152250980271375
2425400,0.15190876853547
2425600,0.150948406100888
2425800,0.151818675171771
2426000,0.15083754101763
2426200,0.150755758455635
2426400,0.150401440332787
2426600,0.15008349572294
2426800,0.150581849143386
2427000,0.150795818340182
2427200,0.151266279696086
2427400,0.150994046980385
2427600,0.150081628817556
2427800,0.150718647517621
2428000,0.151273124605204
2428200,0.150944139204327
2428400,0.151316356544019
2428600,0.151133529162813
2428800,0.150927764584131
2429000,0.151043138677418
2429200,0.150724388419144
2429400,0.151590758243448
2429600,0.151704807985001
2429800,0.151759864626233
2430000,0.151241541243517
2430200,0.152445343293685
2430400,0.15260532889237
2430600,0.152698011681169
2430800,0.153386472930074
2431000,0.153285966760076
2431200,0.152341174574715
2431400,0.152144634874372
2431600,0.15179634416707
2431800,0.151576788615471
2432000,0.152336997759922
2432200,0.151649806669349
2432400,0.151853876491988
2432600,0.152286502244844
2432800,0.152136935829297
2433000,0.151415851775532
2433200,0.152352325722008
2433400,0.152810382706162
2433600,0.152264079445511
2433800,0.15210775457079
2434000,0.151956193045294
2434200,0.151601852171355
2434400,0.151269891220388
2434600,0.15160355141964
2434800,0.152828383056771
2435000,0.152548945047559
2435200,0.1524256524401
2435400,0.152501750123208
2435600,0.153289137555065
2435800,0.152499831079182
2436000,0.152032036779384
2436200,0.151767774067581
2436400,0.15128575009017
2436600,0.150218876570712
2436800,0.15127515554067
2437000,0.151606605913914
2437200,0.151370782333519
2437400,0.151040360168985
2437600,0.150779396581512
2437800,0.1504407803232
2438000,0.149792111057326
2438200,0.150725496287643
2438400,0.151334469121787
2438600,0.151593906037242
2438800,0.151441817741433
2439000,0.151517756330613
2439200,0.151705551897861
2439400,0.151646481999041
2439600,0.152348782551625
2439800,0.152769974275046
2440000,0.152734276064299
2440200,0.152392081848007
2440400,0.152151746883956
2440600,0.151790533322657
2440800,0.152199041060036
2441000,0.151732236774443
2441200,0.152224638970407
2441400,0.152023226973117
2441600,0.151538101442739
2441800,0.151100059140433
2442000,0.150914974377996
2442200,0.151788900198567
2442400,0.151121456424528
2442600,0.151005420266196
2442800,0.150670604044655
2443000,0.15073862963059
2443200,0.151586660997468
2443400,0.150806725416047
2443600,0.150887715968547
2443800,0.151391362541872
2444000,0.15076172402425
2444200,0.150806993403644
2444400,0.150647406973469
2444600,0.151048448697558
2444800,0.150754075141688
2445000,0.150411282041422
2445200,0.1507688333268
2445400,0.151609431235723
2445600,0.151629824513372
2445800,0.151237049879381
2446000,0.150192811387633
2446200,0.150443615379705
2446400,0.150171774214143
2446600,0.150393365645597
2446800,0.150462436318098
2447000,0.150243953488884
2447200,0.149377477775204
2447400,0.149461451265273
2447600,0.148742335402099
2447800,0.148396965104018
2448000,0.148680532189601
2448200,0.149217219471413
2448400,0.148790585767583
2448600,0.147819989722636
2448800,0.148571558185012
2449000,0.149058082138462
2449200,0.149397521079483
2449400,0.149309389489251
2449600,0.148786680095954
2449800,0.147982553432883
2450000,0.148515169423844
2450200,0.148822625110421
2450400,0.148981044023162
2450600,0.149146730224149
2450800,0.150118941325097
2451000,0.149776635444993
2451200,0.149881695388556
2451400,0.150206593213148
2451600,0.150593582317128
2451800,0.149930678920385
2452000,0.150055213754331
2452200,0.149518243967789
2452400,0.149420120946029
2452600,0.15003117444395
2452800,0.149673144317554
2453000,0.149677434372647
2453200,0.14965668979175
2453400,0.14890881286182
2453600,0.149554199379953
2453800,0.149731823708439
2454000,0.149581875218258
2454200,0.148331126185687
2454400,0.148497254089083
2454600,0.148823937053868
2454800,0.149837945239864
2455000,0.150296509347253
2455200,0.149773746432471
2455400,0.149284800015477
2455600,0.149377173668962
2455800,0.148897586808602
2456000,0.149715859917464
2456200,0.149870089563729
2456400,0.149927407091665
2456600,0.149804052848431
2456800,0.149206279705578
2457000,0.149493253427865
2457200,0.149294232164767
2457400,0.14934611887686
2457600,0.148488567246026
2457800,0.149334646221638
2458000,0.148936305406697
2458200,0.149674056240409
2458400,0.149487687680442
2458600,0.149709849468306
2458800,0.149871726379078
2459000,0.149048686176513
2459200,0.149252101563788
2459400,0.149809929641437
2459600,0.150168478596119
2459800,0.150438097880711
2460000,0.150716715149376
2460200,0.15031634455633
2460400,0.149399598211163
2460600,0.149091269472019
2460800,0.149198176256957
2461000,0.148555018485958
2461200,0.148317273505584
2461400,0.148558638901841
2461600,0.149458870466818
2461800,0.149035198819425
2462000,0.148670019925245
2462200,0.14887139122706
2462400,0.148744628097339
2462600,0.149367513700601
2462800,0.149379107631583
2463000,0.149023908751218
2463200,0.149109291742391
2463400,0.149634320918248
2463600,0.149697408767456
2463800,0.150167318459563
2464000,0.14978732775376
2464200,0.149162660960173
2464400,0.149262610085767
2464600,0.149659899862753
2464800,0.148839797932497
2465000,0.149159422148012
2465200,0.149202229191915
2465400,0.148268226878517
2465600,0.148259964915669
2465800,0.148117009822534
2466000,0.147695506114394
2466200,0.147035247505355
2466400,0.146855703125852
2466600,0.14671064525746
2466800,0.146836923849283
2467000,0.147314317173014
2467200,0.147576542604248
2467400,0.146683773236066
2467600,0.146949108980644
2467800,0.146671146901042
2468000,0.147017989078278
2468200,0.147376623244925
2468400,0.147355801223042
2468600,0.147336224763259
2468800,0.147692621122597
2469000,0.147803654605682
2469200,0.148074523179427
2469400,0.148184817584594
2469600,0.148012114024378
2469800,0.148027813666864
2470000,0.148490478050651
2470200,0.14815290839948
2470400,0.148066388108387
2470600,0.148682972555017
2470800,0.148418142816925
2471000,0.14892623041928
2471200,0.149548324504047
2471400,0.149377927530086
2471600,0.149489416754508
2471800,0.149360136172956
2472000,0.149554543014471
2472200,0.149972054452269
2472400,0.149606108290278
2472600,0.150038312375666
2472800,0.150261739140492
2473000,0.150336449298811
2473200,0.148725104140458
2473400,0.148215646682426
2473600,0.149418313475656
2473800,0.149954127535327
2474000,0.15035575442079
2474200,0.150411671835851
2474400,0.148895746178816
2474600,0.148500762758198
2474800,0.147999800594921
2475000,0.148752507941199
2475200,0.149135588349809
2475400,0.149505328006509
2475600,0.148956633091096
2475800,0.148850128445152
2476000,0.149323461891736
2476200,0.149547060841257
2476400,0.149733061056431
2476600,0.149144911532253
2476800,0.14900204285566
2477000,0.149240415029998
2477200,0.149188604377101
2477400,0.149627244777057
2477600,0.148889611761039
2477800,0.149389615201266
2478000,0.149229137288663
2478200,0.148389253705648
2478400,0.148635549210577
2478600,0.148704325756689
2478800,0.149140602000565
2479000,0.148252799969965
2479200,0.148577278074087
2479400,0.14939165087124
2479600,0.14962309095975
2479800,0.148732071033189
2480000,0.148981443506224
2480200,0.149865000605646
2480400,0.150420110285579
2480600,0.150031561313723
2480800,0.149529723026942
2481000,0.149908666010304
2481200,0.149753976751302
2481400,0.150114107089801
2481600,0.149472604915997
2481800,0.15018744563162
2482000,0.150080417041859
2482200,0.150399605868686
2482400,0.149013132250764
2482600,0.149217441582784
2482800,0.149436644928169
2483000,0.149547952949351
2483200,0.150091917255344
2483400,0.149215065065645
2483600,0.148843495948585
2483800,0.149689656778533
2484000,0.149118629721159
2484200,0.148539376529495
2484400,0.148282704023819
2484600,0.14851214071772
2484800,0.148293651111724
2485000,0.149241382713499
2485200,0.148877222693578
2485400,0.148670004172981
2485600,0.148794551767695
2485800,0.148891934924814
2486000,0.14869950221778
2486200,0.148616164518675
2486400,0.14800167116066
2486600,0.148110496061659
2486800,0.147910510777083
2487000,0.147397887201451
2487200,0.147183026909441
2487400,0.147661176517669
2487600,0.148406541962295
2487800,0.14874118539866
2488000,0.148859235156359
2488200,0.149145222454543
2488400,0.149405446917964
2488600,0.149513567679223
2488800,0.149539673098399
2489000,0.149783002186369
2489200,0.150055717483022
2489400,0.149872689590876
2489600,0.150447221526493
2489800,0.150580449611167
2490000,0.150019791285502
2490200,0.14949297118387
2490400,0.148798117958469
2490600,0.14800145904023
2490800,0.147289222937836
2491000,0.148178909456774
2491200,0.148971004778774
2491400,0.147810560556293
2491600,0.147031463282335
2491800,0.14721151723037
2492000,0.148297423757488
2492200,0.148615453798038
2492400,0.148262592895678
2492600,0.148846074443159
2492800,0.148479420857839
2493000,0.148860750532971
2493200,0.149472370897821
2493400,0.148899700984841
2493600,0.148977950329243
2493800,0.148714123947661
2494000,0.149211533426754
2494200,0.149541364931769
2494400,0.148725017731106
2494600,0.148564599902397
2494800,0.148357138454699
2495000,0.149022378035338
2495200,0.149925661838604
2495400,0.149546463410519
2495600,0.149356893668906
2495800,0.148754216206684
2496000,0.148284615552532
2496200,0.148527654937434
2496400,0.149038864212316
2496600,0.148690605408936
2496800,0.149096141801583
2497000,0.149440304412182
2497200,0.148872018018833
2497400,0.148669561083421
2497600,0.148323505528728
2497800,0.149256570396497
2498000,0.149366705761949
2498200,0.149018146341197
2498400,0.148891103939288
2498600,0.149315994014437
2498800,0.149103173656898
2499000,0.148256668668073
2499200,0.147435438611262
2499400,0.148327648735896
2499600,0.148158030193399
2499800,0.148648939512609
2500000,0.149492792316175
2500200,0.149108545421786
2500400,0.149017826797526
2500600,0.148616801679499
2500800,0.149393366507737
2501000,0.148864598764108
2501200,0.149093769322281
2501400,0.148748239855649
2501600,0.148856572271951
2501800,0.148777898971065
2502000,0.149226736261206
2502200,0.148373373063501
2502400,0.148715201380315
2502600,0.149095264403991
2502800,0.149184311403975
2503000,0.149676023055044
2503200,0.148916936453007
2503400,0.149289741473927
2503600,0.149654415376528
2503800,0.149530258393859
2504000,0.149213907247595
2504200,0.14888236193391
2504400,0.149372025232687
2504600,0.1488493297962
2504800,0.149865370317635
2505000,0.149927490117203
2505200,0.148928870295475
2505400,0.148102312554207
2505600,0.148428425578968
2505800,0.14858566416732
2506000,0.148526321850266
2506200,0.14839427131968
2506400,0.14806977519528
2506600,0.149117492898751
2506800,0.149563651120167
2507000,0.149547300121948
2507200,0.148530330350935
2507400,0.148619064007647
2507600,0.148617611755617
2507800,0.148979901973622
2508000,0.148713011389043
2508200,0.148006695459483
2508400,0.148052978153164
2508600,0.147764017742569
2508800,0.147958582441194
2509000,0.147409766084395
2509200,0.147777847525071
2509400,0.148372996457551
2509600,0.148666367936853
2509800,0.148639981301773
2510000,0.148528807198281
2510200,0.149146991877122
2510400,0.148743150824544
2510600,0.14917204242934
2510800,0.149122748788127
2511000,0.149623151779106
2511200,0.148589061056872
2511400,0.148528333316613
2511600,0.148594711147116
2511800,0.148539735963898
2512000,0.148549175717619
2512200,0.147932092382694
2512400,0.147937752776596
2512600,0.149136858381741
2512800,0.148515442803732
2513000,0.148208847149083
2513200,0.148656280782987
2513400,0.148405178370784
2513600,0.148394242371917
2513800,0.147668631716914
2514000,0.148586487960744
2514200,0.148404034140074
2514400,0.148297887162231
2514600,0.147956491863052
2514800,0.148608088650558
2515000,0.148998419236873
2515200,0.149925326886896
2515400,0.149016312897027
2515600,0.148560573244174
2515800,0.148491207553038
2516000,0.1479336568608
2516200,0.147163606414922
2516400,0.148117907625692
2516600,0.147779337732453
2516800,0.147614449647192
2517000,0.147553351547245
2517200,0.147401326090629
2517400,0.148374109243084
2517600,0.148872170638495
2517800,0.149071487700366
2518000,0.148730779723989
2518200,0.148172225097265
2518400,0.147785523665565
2518600,0.147804384722779
2518800,0.147842904516883
2519000,0.148218949482744
2519200,0.147751253624615
2519400,0.148106974544822
2519600,0.147736001026984
2519800,0.147878177090479
2520000,0.147722879292001
2520200,0.147053340088559
2520400,0.147063742087685
2520600,0.147421017570075
2520800,0.14786122695776
2521000,0.147707464572389
2521200,0.146593528930082
2521400,0.147586109212353
2521600,0.14730793580798
2521800,0.147928394603447
2522000,0.148123728201115
2522200,0.147931805500573
2522400,0.148475466379519
2522600,0.148272390312092
2522800,0.149111716682937
2523000,0.148581415996417
2523200,0.148924849711179
2523400,0.148886744692437
2523600,0.149194150148415
2523800,0.148377983176497
2524000,0.148806920616621
2524200,0.148013617861003
2524400,0.14784817509537
2524600,0.14850173336272
2524800,0.148747314934412
2525000,0.147844537294036
2525200,0.148843931498537
2525400,0.148847948491128
2525600,0.14856669450039
2525800,0.148728900970574
2526000,0.148852881411348
2526200,0.148275399623112
2526400,0.148232126497924
2526600,0.148512827053422
2526800,0.148168697459155
2527000,0.148605325394565
2527200,0.148650903944616
2527400,0.148579369829689
2527600,0.148546531758868
2527800,0.148750491049615
2528000,0.149114516649618
2528200,0.148993154982405
2528400,0.149387160241737
2528600,0.150026639756615
2528800,0.150434768651355
2529000,0.149397971612426
2529200,0.149135946872032
2529400,0.149007450895982
2529600,0.149192819593714
2529800,0.148790798851881
2530000,0.148140267634421
2530200,0.147724412925198
2530400,0.147736200046024
2530600,0.148413971575562
2530800,0.147937900515407
2531000,0.147447729607368
2531200,0.14836012812161
2531400,0.148024277327062
2531600,0.147618331481612
2531800,0.147911500943841
2532000,0.147821709839005
2532200,0.147477001187087
2532400,0.147389125821366
2532600,0.147792908148844
2532800,0.147679185314969
2533000,0.147905292167848
2533200,0.148699579176804
2533400,0.14867111357895
2533600,0.148882964913941
2533800,0.148170353878029
2534000,0.148310501947091
2534200,0.147539547051431
2534400,0.147891587377422
2534600,0.148004208101228
2534800,0.147656542964458
2535000,0.146617798071944
2535200,0.147263898649961
2535400,0.14817483300166
2535600,0.147426702616565
2535800,0.147621736181349
2536000,0.147476030771327
2536200,0.146856283934246
2536400,0.147191714187729
2536600,0.146509493075645
2536800,0.146712580658685
2537000,0.146861212746742
2537200,0.146951990373141
2537400,0.147172824594027
2537600,0.146744030198357
2537800,0.146892074751325
2538000,0.145983131118066
2538200,0.146165497835569
2538400,0.146821414450735
2538600,0.146757561020931
2538800,0.146664458872409
2539000,0.14696756023265
2539200,0.147094655494533
2539400,0.147750847435704
2539600,0.147430158061255
2539800,0.147470275536011
2540000,0.147366953255393
2540200,0.147046678468425
2540400,0.14775937036746
2540600,0.147881210143482
2540800,0.147856400797736
2541000,0.147701575896772
2541200,0.14676797832398
2541400,0.146546160587617
2541600,0.1476884539901
2541800,0.147787414723688
2542000,0.147751987129465
2542200,0.147581123111034
2542400,0.147824252416087
2542600,0.148231021973837
2542800,0.148354405866013
2543000,0.147954565061462
2543200,0.148326073974723
2543400,0.147476771157808
2543600,0.147746224094425
2543800,0.147576656099587
2544000,0.147595606562318
2544200,0.147211879027289
2544400,0.146473438485516
2544600,0.147040636745859
2544800,0.147860927985241
2545000,0.14793507083019
2545200,0.148156962234283
2545400,0.148006937180735
2545600,0.147444342034836
2545800,0.147697668397669
2546000,0.148222290848012
2546200,0.147399536384833
2546400,0.147512513816057
2546600,0.14665835648282
2546800,0.147095979893171
2547000,0.147183326083813
2547200,0.147942309078304
2547400,0.147793289133061
2547600,0.148616776723068
2547800,0.148274771247867
2548000,0.147731487326399
2548200,0.148055046528451
2548400,0.148064409724877
2548600,0.148129264646194
2548800,0.147998096775516
2549000,0.148980352649124
2549200,0.148697029348695
2549400,0.148208258615316
2549600,0.149589688962126
2549800,0.149244901377422
2550000,0.147949194320233
2550200,0.148569112673192
2550400,0.149420255549624
2550600,0.148785497103303
2550800,0.14912890057361
2551000,0.149097876906208
2551200,0.148626523961336
2551400,0.147994990044951
2551600,0.147643922368047
2551800,0.148368562622287
2552000,0.148024135280784
2552200,0.148714165744593
2552400,0.148396281340216
2552600,0.148581125172756
2552800,0.149179487675015
2553000,0.149601976148597
2553200,0.1497376167734
2553400,0.149899068901684
2553600,0.150006704147269
2553800,0.149667711118275
2554000,0.14960976993363
2554200,0.148964749621259
2554400,0.149408648717353
2554600,0.149255808077734
2554800,0.149030940781377
2555000,0.14938658453719
2555200,0.149856890078615
2555400,0.148807638667104
2555600,0.148916664646462
2555800,0.14819292216597
2556000,0.147793694374548
2556200,0.148434218484518
2556400,0.14783420401118
2556600,0.147666735461229
2556800,0.148119070569419
2557000,0.147271098304181
2557200,0.147465891013673
2557400,0.148799346014648
2557600,0.148488524364968
2557800,0.147893977572422
2558000,0.147529168017324
2558200,0.148227805862596
2558400,0.147111078072468
2558600,0.147777607787581
2558800,0.147657444144651
2559000,0.147303919141471
2559200,0.148061092049678
2559400,0.147951653974043
2559600,0.14816569727317
2559800,0.147557833284152
2560000,0.147281824812141
2560200,0.146957715344
2560400,0.14755758964501
2560600,0.147751026547327
2560800,0.147570313170325
2561000,0.148134412308547
2561200,0.14775227629489
2561400,0.147981631418845
2561600,0.148044459740419
2561800,0.147369630003778
2562000,0.147879607368812
2562200,0.148771030789853
2562400,0.148552034836164
2562600,0.148796515957147
2562800,0.148395995929918
2563000,0.148882252549127
2563200,0.148580819739776
2563400,0.148042244895336
2563600,0.147571898815792
2563800,0.147562631909902
2564000,0.14712686275271
2564200,0.147075916702339
2564400,0.1471869526695
2564600,0.146377263557744
2564800,0.14568594305299
2565000,0.14572102199504
2565200,0.145960156102666
2565400,0.14612248127485
2565600,0.147000356566371
2565800,0.147046246883845
2566000,0.147618012423277
2566200,0.148050709241849
2566400,0.148274809634941
2566600,0.148378769915269
2566800,0.147854233182938
2567000,0.148377369913014
2567200,0.148416050086815
2567400,0.148191476043583
2567600,0.148224934202414
2567800,0.148150884661098
2568000,0.147728502046764
2568200,0.147931787151559
2568400,0.147683664668275
2568600,0.147263480142362
2568800,0.147263766856201
2569000,0.147807868705666
2569200,0.14877461702086
2569400,0.147925174137347
2569600,0.1485833485986
2569800,0.148215834381434
2570000,0.147693358836009
2570200,0.147857720656262
2570400,0.147660884902163
2570600,0.147568943849346
2570800,0.148035233162274
2571000,0.148007094467833
2571200,0.147577794141219
2571400,0.147563620233863
2571600,0.147436543758045
2571800,0.147289859856018
2572000,0.148170378281684
2572200,0.147972917011783
2572400,0.146602863957999
2572600,0.147057445781728
2572800,0.146991859822481
2573000,0.147722120445732
2573200,0.146913711919369
2573400,0.146165796729798
2573600,0.145916742913805
2573800,0.146743063387592
2574000,0.146440574902587
2574200,0.146607486198112
2574400,0.146302516376617
2574600,0.146371965538392
2574800,0.146387920954559
2575000,0.146480816146873
2575200,0.146011402729826
2575400,0.146098978424239
2575600,0.146958401781452
2575800,0.146568187073945
2576000,0.146466000335375
2576200,0.147024190327255
2576400,0.146800156496511
2576600,0.147030188853345
2576800,0.147735894458233
2577000,0.147827911262312
2577200,0.148131237994481
2577400,0.148140824734999
2577600,0.148787269011076
2577800,0.148066320040393
2578000,0.14809794608259
2578200,0.148126824066511
2578400,0.147795706589563
2578600,0.148225242664428
2578800,0.147304302930022
2579000,0.147359740323667
2579200,0.148275004201187
2579400,0.147926327343434
2579600,0.14892929380374
2579800,0.149137722303426
2580000,0.149628817574857
2580200,0.150111695050383
2580400,0.14950707281939
2580600,0.148926529477271
2580800,0.148825627732784
2581000,0.148014849683689
2581200,0.148577687205727
2581400,0.147991356328108
2581600,0.147866168201001
2581800,0.148851447099503
2582000,0.148227761893342
2582200,0.14724265766784
2582400,0.14725486400098
2582600,0.146957663003134
2582800,0.148051333847311
2583000,0.14829424699398
2583200,0.147413659500393
2583400,0.147789168258113
2583600,0.147246029725244
2583800,0.147508032485129
2584000,0.148185363181379
2584200,0.148119776518974
2584400,0.148518675965369
2584600,0.148307123280334
2584800,0.147510399367629
2585000,0.147909871795278
2585200,0.146957357336309
2585400,0.146521882546499
2585600,0.14787238705551
2585800,0.14749707572986
2586000,0.147097971127463
2586200,0.147364803297957
2586400,0.147470554662411
2586600,0.147378953211851
2586800,0.147543390235628
2587000,0.148024397916618
2587200,0.147754486339821
2587400,0.147907723702148
2587600,0.147842230351187
2587800,0.148307539633924
2588000,0.1477816885341
2588200,0.147922595360773
2588400,0.148363067445414
2588600,0.147910819563849
2588800,0.148345384823366
2589000,0.148165729624637
2589200,0.147748523878742
2589400,0.148145039911709
2589600,0.147988484126865
2589800,0.147917058735717
2590000,0.148294726393407
2590200,0.148323965102284
2590400,0.148679633844957
2590600,0.148441894220729
2590800,0.148843812629514
2591000,0.147926581381043
2591200,0.147757484744292
2591400,0.148826702727827
2591600,0.148548001781994
2591800,0.148396522972615
2592000,0.148333044810084
2592200,0.147093577315302
2592400,0.146199817749688
2592600,0.146202771815617
2592800,0.146132580484041
2593000,0.146055826846976
2593200,0.145807049558145
2593400,0.144784760363863
2593600,0.145431668449719
2593800,0.145958014581683
2594000,0.146070065052718
2594200,0.146525601637447
2594400,0.146713929020531
2594600,0.147155339018258
2594800,0.147290152749276
2595000,0.147583695282079
2595200,0.147566251053717
2595400,0.147762648403939
2595600,0.147199557247243
2595800,0.147095388533604
2596000,0.147202060047007
2596200,0.1466340001309
2596400,0.146630031396263
2596600,0.146335414946124
2596800,0.145516218091698
2597000,0.146366278212099
2597200,0.146413275363625
2597400,0.146057473812606
2597600,0.146634385033242
2597800,0.147134826939145
2598000,0.146746190738768
2598200,0.146600338028756
2598400,0.146584741795477
2598600,0.146509881313559
2598800,0.145467836669743
2599000,0.146209973514753
2599200,0.14678623514664
2599400,0.14691443267429
2599600,0.146314894744773
2599800,0.146246955242502
2600000,0.145692461810791
2600200,0.146287821696591
2600400,0.146047517106093
2600600,0.146459706330687
2600800,0.146722109260044
2601000,0.146789953034703
2601200,0.146084413318432
2601400,0.145826967202278
2601600,0.14583230283009
2601800,0.146308125164831
2602000,0.146401054871647
2602200,0.146653361186023
2602400,0.148182471971165
2602600,0.147396027274418
2602800,0.146943887906013
2603000,0.14715013738335
2603200,0.14761708180838
2603400,0.146786876151328
2603600,0.146851715573054
2603800,0.146149931448508
2604000,0.146846379749206
2604200,0.14688983479207
2604400,0.146269881075014
2604600,0.146396291956623
2604800,0.145504949619645
2605000,0.146121397942546
2605200,0.146269322581007
2605400,0.146280551032462
2605600,0.145928790732411
2605800,0.145003110014715
2606000,0.145791396101337
2606200,0.146231001991143
2606400,0.146559591519159
2606600,0.146040810075968
2606800,0.14639649610251
2607000,0.145920172298423
2607200,0.146515424707313
2607400,0.146248423984252
2607600,0.147596861222367
2607800,0.146497247558729
2608000,0.146662895522439
2608200,0.14616506822427
2608400,0.146218782263786
2608600,0.146808600414943
2608800,0.147288345932335
2609000,0.146647517196208
2609200,0.147549512172629
2609400,0.147721855421417
2609600,0.147221083587117
2609800,0.146450416615922
2610000,0.146291062193535
2610200,0.146512893742236
2610400,0.146079473247257
2610600,0.145821923241663
2610800,0.145029700064108
2611000,0.145166982906486
2611200,0.145637932650605
2611400,0.145608041645514
2611600,0.145672892445576
2611800,0.146101364884162
2612000,0.146324027278701
2612200,0.146674217852099
2612400,0.146310674321042
2612600,0.146182520148853
2612800,0.145963559824114
2613000,0.146258476746991
2613200,0.145925613588193
2613400,0.146070583675334
2613600,0.145955534504486
2613800,0.146065738308741
2614000,0.14607872247368
2614200,0.146106969114492
2614400,0.14578081677883
2614600,0.145283808657525
2614800,0.145253060891843
2615000,0.146147883352831
2615200,0.145954718185511
2615400,0.146267788879721
2615600,0.146257519485852
2615800,0.146769287519709
2616000,0.147569291762315
2616200,0.146799627648294
2616400,0.147333604123602
2616600,0.147045462656603
2616800,0.146847789230112
2617000,0.146503842665495
2617200,0.147400709719277
2617400,0.146881482199725
2617600,0.146882633565247
2617800,0.145479216369784
2618000,0.145916113856105
2618200,0.146330043707199
2618400,0.14523021648758
2618600,0.1453478946767
2618800,0.145359635510168
2619000,0.14555777796025
2619200,0.146104754383401
2619400,0.146699630542948
2619600,0.146345391038322
2619800,0.145850778755444
2620000,0.146780234678113
2620200,0.146574830127662
2620400,0.145942640245253
2620600,0.1457644602309
2620800,0.146164778273021
2621000,0.145416576399282
2621200,0.146683196382993
2621400,0.147081719187912
2621600,0.14635491553056
2621800,0.146426511003048
2622000,0.146508445603649
2622200,0.145532248097867
2622400,0.145314106525835
2622600,0.146266578074882
2622800,0.146133954511518
2623000,0.145455371426914
2623200,0.146146147535357
2623400,0.145866709061618
2623600,0.145560541946656
2623800,0.145962458739507
2624000,0.145432822101083
2624200,0.145229470975816
2624400,0.146011186935543
2624600,0.14603070232857
2624800,0.146021487191109
2625000,0.14670288052055
2625200,0.146065872547847
2625400,0.145964005155572
2625600,0.145359375597605
2625800,0.145714857114998
2626000,0.145476706041662
2626200,0.145459328936694
2626400,0.14613724764024
2626600,0.145599207917226
2626800,0.145636051773974
2627000,0.146150988883329
2627200,0.146039732249695
2627400,0.145482222867012
2627600,0.145891831620124
2627800,0.145623181684338
2628000,0.146001977094933
2628200,0.146199000081722
2628400,0.145116720550114
2628600,0.145870703306525
2628800,0.14548605366145
2629000,0.145933597839965
2629200,0.146845471496937
2629400,0.146551276688674
2629600,0.146097003818355
2629800,0.146150492414503
2630000,0.146450855856117
2630200,0.145980364325616
2630400,0.146310582702026
2630600,0.146476769181608
2630800,0.146594902332031
2631000,0.146407294070071
2631200,0.146306148185168
2631400,0.145663123920033
2631600,0.145972859309829
2631800,0.14603952422173
2632000,0.146891956415527
2632200,0.146435720583652
2632400,0.146049782557043
2632600,0.146061700321521
2632800,0.1451899151259
2633000,0.145681790084937
2633200,0.145122345508774
2633400,0.145636547280162
2633600,0.146671939115714
2633800,0.146122990276501
2634000,0.145706056470727
2634200,0.145535888767808
2634400,0.14540524286427
2634600,0.145909642019256
2634800,0.146225335203354
2635000,0.146871382476513
2635200,0.146377525398265
2635400,0.145761698319137
2635600,0.145998565804409
2635800,0.146001696350252
2636000,0.145953807325543
2636200,0.146542188450674
2636400,0.145848132248789
2636600,0.146430763025617
2636800,0.147222590055929
2637000,0.147223305576462
2637200,0.147221469232576
2637400,0.146816020130671
2637600,0.146630507549071
2637800,0.14642560748123
2638000,0.146430805037399
2638200,0.146631405434151
2638400,0.146917868351331
2638600,0.147121184490666
2638800,0.146285664674623
2639000,0.145989815396805
2639200,0.146050640349012
2639400,0.145513028915489
2639600,0.145580778517046
2639800,0.146310229284028
2640000,0.145578602567249
2640200,0.146256643245724
2640400,0.146021383211874
2640600,0.145937799156
2640800,0.145879413994622
2641000,0.146094051934058
2641200,0.146829655948775
2641400,0.1465859985611
2641600,0.14693115521277
2641800,0.146917057159648
2642000,0.146537126121717
2642200,0.145910587057771
2642400,0.146352463786602
2642600,0.147705400022896
2642800,0.147389813932009
2643000,0.147056301439743
2643200,0.14580966983926
2643400,0.145724378507715
2643600,0.145910790410015
2643800,0.145792620356513
2644000,0.14686171766611
2644200,0.147137871757662
2644400,0.146327420614497
2644600,0.146569732401057
2644800,0.146704663589765
2645000,0.146817211507915
2645200,0.146397070733601
2645400,0.147577673788891
2645600,0.147040201423211
2645800,0.147457307860216
2646000,0.147977597962654
2646200,0.147326603116688
2646400,0.147572767639369
2646600,0.146928926378309
2646800,0.146883202857126
2647000,0.146745826997546
2647200,0.147164503498881
2647400,0.147651290080678
2647600,0.14703581020284
2647800,0.147551842199783
2648000,0.147274918782103
2648200,0.147557104740494
2648400,0.147353019352917
2648600,0.146304210019452
2648800,0.145917641538497
2649000,0.145982049218217
2649200,0.145782826796282
2649400,0.145728695273611
2649600,0.146583842513167
2649800,0.145988544698668
2650000,0.145362408993035
2650200,0.145179434215752
2650400,0.145183950204591
2650600,0.145693791614711
2650800,0.145184113172419
2651000,0.144429590114047
2651200,0.144392629678273
2651400,0.144942471728489
2651600,0.144773067480997
2651800,0.145093831417347
2652000,0.146121629622753
2652200,0.146606842487263
2652400,0.146156033631434
2652600,0.146491274611268
2652800,0.146843186246898
2653000,0.146499553005576
2653200,0.146887591137669
2653400,0.147311729081552
2653600,0.147153564704958
2653800,0.147148313721861
2654000,0.14683165754253
2654200,0.147063995538209
2654400,0.146499708342596
2654600,0.145813763272933
2654800,0.145877495550987
2655000,0.146672194642958
2655200,0.145863409070884
2655400,0.14566549573861
2655600,0.145899597632494
2655800,0.145730964239986
2656000,0.144763181002518
2656200,0.144862426522592
2656400,0.143810427542675
2656600,0.143915221261046
2656800,0.143292581518456
2657000,0.143528272642033
2657200,0.144280633396687
2657400,0.145002769127969
2657600,0.144335443829398
2657800,0.144406249388192
2658000,0.144806903193109
2658200,0.145030130154261
2658400,0.144623246192866
2658600,0.144161768957496
2658800,0.144624021856013
2659000,0.14446844632873
2659200,0.145507609408654
2659400,0.145383043719744
2659600,0.145481198650184
2659800,0.145092677700268
2660000,0.144841148798032
2660200,0.143905836493884
2660400,0.143620618387114
2660600,0.143787392836962
2660800,0.144589057502873
2661000,0.143447052926369
2661200,0.143460361302491
2661400,0.143773302167962
2661600,0.144603965609001
2661800,0.145115602108691
2662000,0.144527981647319
2662200,0.144754945053914
2662400,0.14399824204835
2662600,0.143933193533373
2662800,0.143200994109103
2663000,0.143025560683888
2663200,0.144283839964433
2663400,0.144685004818881
2663600,0.144401660399691
2663800,0.145145919604742
2664000,0.14507518337201
2664200,0.145364585678033
2664400,0.144826270739028
2664600,0.144715464753066
2664800,0.144015533604762
2665000,0.143566059698769
2665200,0.144212737975369
2665400,0.144250720444463
2665600,0.144774593010719
2665800,0.143862932694106
2666000,0.144425957629252
2666200,0.143614943829109
2666400,0.143951101233994
2666600,0.144883102547322
2666800,0.144548397601398
2667000,0.144107830470392
2667200,0.14465577938267
2667400,0.144583520634538
2667600,0.144225080650775
2667800,0.144240389002644
2668000,0.144125385939679
2668200,0.143384429462703
2668400,0.14346726010133
2668600,0.143821854042556
2668800,0.144465210184778
2669000,0.144006377579998
2669200,0.145233716901371
2669400,0.145075779990758
2669600,0.144056337296898
2669800,0.143903301998905
2670000,0.144008582680704
2670200,0.144222423845602
2670400,0.144841588656584
2670600,0.144058633101567
2670800,0.143780240234441
2671000,0.144205292683504
2671200,0.14463852623782
2671400,0.145586094023895
2671600,0.144205724466979
2671800,0.144495269612048
2672000,0.145570236432949
2672200,0.146332281279169
2672400,0.145362143713831
2672600,0.144866589984677
2672800,0.145012105189073
2673000,0.145163825518747
2673200,0.144867118318016
2673400,0.145700160352471
2673600,0.144726740562422
2673800,0.14448143002453
2674000,0.144696105251972
2674200,0.145079858208637
2674400,0.145010054298558
2674600,0.145308635576456
2674800,0.14528904486886
2675000,0.144897000731303
2675200,0.143665755504324
2675400,0.14425060951434
2675600,0.143482301923063
2675800,0.144025300188017
2676000,0.144465473978618
2676200,0.144360471076313
2676400,0.144766437736642
2676600,0.143925212441902
2676800,0.143875331574699
2677000,0.14448479467167
2677200,0.144340694820373
2677400,0.143982724904268
2677600,0.143789676698563
2677800,0.14348267793178
2678000,0.143018161545451
2678200,0.143223191609493
2678400,0.143616483459467
2678600,0.144919045118722
2678800,0.144136374677512
2679000,0.143617554343092
2679200,0.142998573053335
2679400,0.143446462388941
2679600,0.142950892267549
2679800,0.143437160111706
2680000,0.143531052676851
2680200,0.143275852299368
2680400,0.142590653292178
2680600,0.143156211819958
2680800,0.14279959624577
2681000,0.143702277628382
2681200,0.143446120165982
2681400,0.14293285567931
2681600,0.143335953460616
2681800,0.144417000581244
2682000,0.143902581130359
2682200,0.143494347085526
2682400,0.143513150727157
2682600,0.143738999809329
2682800,0.144746876047431
2683000,0.14442634272912
2683200,0.144073238686264
2683400,0.144112536648594
2683600,0.143912092779795
2683800,0.144546778003657
2684000,0.145281707726468
2684200,0.145472905817199
2684400,0.144880085847209
2684600,0.144752935922152
2684800,0.144301927697266
2685000,0.144637078500039
2685200,0.145135970502027
2685400,0.145000563273863
2685600,0.145641556122249
2685800,0.145475656931409
2686000,0.143978467508172
2686200,0.144043792445302
2686400,0.144388504884255
2686600,0.145761559683743
2686800,0.145164354294176
2687000,0.144921210798915
2687200,0.144145220703818
2687400,0.143889180183633
2687600,0.143420915961386
2687800,0.14413785152518
2688000,0.144022495116176
2688200,0.144045165963421
2688400,0.14419097169623
2688600,0.14457770306241
2688800,0.144171854085249
2689000,0.145115858831869
2689200,0.145102803425888
2689400,0.145030834869437
2689600,0.145766556812453
2689800,0.145129534572089
2690000,0.146037175835459
2690200,0.147468345996919
2690400,0.146687027386548
2690600,0.146049985668471
2690800,0.146848220507456
2691000,0.146360082766701
2691200,0.146739906759653
2691400,0.146216981353851
2691600,0.145200007183468
2691800,0.145209021491322
2692000,0.146074534005493
2692200,0.145809397614284
2692400,0.145338809430826
2692600,0.145423883014508
2692800,0.145771550751719
2693000,0.146176563111139
2693200,0.146259578693317
2693400,0.145988079426043
2693600,0.14597167341534
2693800,0.145754670839648
2694000,0.145202540020091
2694200,0.145527100568116
2694400,0.146086303339013
2694600,0.146019553314342
2694800,0.146264040263552
2695000,0.145754905808716
2695200,0.146510958541359
2695400,0.146327698418367
2695600,0.146258935785889
2695800,0.146327389912706
2696000,0.146306560954208
2696200,0.145975376249903
2696400,0.14622300246288
2696600,0.146165649525248
2696800,0.145724754913689
2697000,0.145375070339971
2697200,0.145291856798785
2697400,0.145650481254403
2697600,0.146069706610672
2697800,0.146059282438279
2698000,0.145808997087859
2698200,0.146019747593989
2698400,0.145433583800867
2698600,0.145881939602114
2698800,0.145905874989664
2699000,0.146234278105627
2699200,0.146943494500208
2699400,0.146069559797318
2699600,0.145658512576774
2699800,0.145121517697877
2700000,0.144329627729642
2700200,0.144581611134498
2700400,0.144749051469597
2700600,0.14364156347003
2700800,0.143884224521683
2701000,0.145279705851576
2701200,0.145454396899814
2701400,0.145103553109833
2701600,0.144979735972083
2701800,0.145616963162316
2702000,0.145510818912804
2702200,0.145108952511669
2702400,0.145603864853867
2702600,0.14558411527012
2702800,0.145707112211083
2703000,0.145579928573336
2703200,0.145810987525745
2703400,0.145259883500931
2703600,0.14502074948373
2703800,0.144510036701501
2704000,0.144214804896563
2704200,0.144657040729879
2704400,0.144757716559063
2704600,0.144000065716658
2704800,0.143624599679824
2705000,0.14438152615243
2705200,0.144062497269783
2705400,0.145135790266203
2705600,0.144425238497355
2705800,0.143903493042131
2706000,0.143879751784547
2706200,0.143623564724446
2706400,0.143559070199394
2706600,0.143817172297781
2706800,0.143633676545494
2707000,0.14292595075572
2707200,0.142885826922035
2707400,0.143182691873148
2707600,0.142864892974875
2707800,0.143233749032909
2708000,0.143903638661876
2708200,0.143579054438617
2708400,0.143956707589798
2708600,0.143934959104467
2708800,0.144333563606524
2709000,0.143080158865645
2709200,0.142979459490046
2709400,0.143410247515605
2709600,0.143584313130195
2709800,0.143579666811899
2710000,0.143493375326485
2710200,0.143441511569044
2710400,0.143317589774603
2710600,0.143490921917823
2710800,0.142846152449794
2711000,0.143178864224794
2711200,0.143098729489685
2711400,0.143883391337185
2711600,0.144071199239215
2711800,0.143966435563671
2712000,0.144719617299907
2712200,0.143536238544045
2712400,0.143775156781257
2712600,0.142937673206733
2712800,0.14309312489363
2713000,0.14314747378795
2713200,0.143008819623744
2713400,0.142773698284738
2713600,0.142571277959047
2713800,0.142588857913359
2714000,0.142032175796117
2714200,0.141246014491032
2714400,0.142263699652784
2714600,0.142190180175647
2714800,0.14290726609425
2715000,0.143117405672094
2715200,0.142966930969805
2715400,0.142772486740719
2715600,0.142828437854182
2715800,0.143259285523825
2716000,0.143906869953021
2716200,0.14308621891766
2716400,0.143745036696642
2716600,0.143733426521958
2716800,0.142866928275699
2717000,0.142251244916491
2717200,0.14236442831513
2717400,0.141890280212649
2717600,0.141915830211164
2717800,0.142105331835797
2718000,0.143143366143298
2718200,0.142191703835161
2718400,0.141761846213045
2718600,0.141391486990107
2718800,0.141658363796306
2719000,0.142406729279851
2719200,0.142960958326947
2719400,0.142738778291555
2719600,0.142683241993119
2719800,0.142262078463371
2720000,0.141943394202462
2720200,0.141959713620536
2720400,0.141462378163997
2720600,0.142192999297026
2720800,0.14284594402919
2721000,0.142323246955527
2721200,0.142411541776639
2721400,0.142379391035613
2721600,0.142399916005801
2721800,0.142775619162712
2722000,0.141712325847293
2722200,0.141119570510684
2722400,0.14133169888773
2722600,0.141446878758149
2722800,0.141217288315179
2723000,0.140986364946399
2723200,0.141511892574159
2723400,0.14254604113385
2723600,0.142149891134315
2723800,0.142176333691712
2724000,0.142046370674096
2724200,0.141804610796364
2724400,0.141349299446541
2724600,0.140621759806745
2724800,0.140864260209781
2725000,0.140580869374263
2725200,0.141163888186835
2725400,0.140864604676228
2725600,0.141227213851223
2725800,0.140836597696894
2726000,0.141586722101802
2726200,0.141059111676314
2726400,0.140754702806666
2726600,0.140180718116167
2726800,0.140357331374467
2727000,0.141783725998348
2727200,0.142343644988686
2727400,0.141824367142955
2727600,0.141397766596711
2727800,0.141661132682581
2728000,0.141434552190699
2728200,0.141887020770826
2728400,0.141123611073056
2728600,0.141477086943149
2728800,0.141559338369384
2729000,0.141750483182205
2729200,0.141975778037246
2729400,0.141847816276518
2729600,0.141857172440474
2729800,0.1412895444314
2730000,0.140460222643106
2730200,0.140606712575978
2730400,0.140707321096015
2730600,0.14074814161827
2730800,0.141342257695247
2731000,0.141811542094201
2731200,0.141477558030859
2731400,0.141425196214098
2731600,0.142636775619497
2731800,0.142200546846996
2732000,0.141636976904095
2732200,0.140773758719353
2732400,0.141476650526283
2732600,0.141089025448087
2732800,0.141019793547851
2733000,0.141472369868172
2733200,0.141585365004188
2733400,0.141476461343347
2733600,0.141995817150964
2733800,0.140993524258311
2734000,0.141842434679145
2734200,0.142248918510659
2734400,0.142237114308171
2734600,0.142709045473692
2734800,0.142259288999981
2735000,0.142398483917438
2735200,0.142447217299914
2735400,0.142591921550132
2735600,0.142812878152158
2735800,0.143132021495866
2736000,0.143538295879634
2736200,0.143558605846238
2736400,0.144365667476049
2736600,0.143248968547801
2736800,0.14292632353742
2737000,0.143545989270331
2737200,0.143413232556676
2737400,0.143165484323091
2737600,0.143009174741335
2737800,0.142104341113576
2738000,0.142797005851579
2738200,0.141560727768078
2738400,0.142796141214522
2738600,0.143182719159401
2738800,0.14290966162346
2739000,0.143731966949632
2739200,0.14323201197209
2739400,0.141847607625474
2739600,0.141160978488677
2739800,0.14087830935906
2740000,0.140852377536807
2740200,0.14149428591681
2740400,0.141170839009065
2740600,0.142161932425864
2740800,0.141940635998473
2741000,0.141909954029886
2741200,0.142118912730955
2741400,0.141992677124789
2741600,0.142023081561818
2741800,0.140959681796249
2742000,0.140348863275427
2742200,0.140962196107367
2742400,0.140756191332416
2742600,0.141629185922213
2742800,0.141077363774362
2743000,0.141183077365375
2743200,0.141832697691596
2743400,0.141669781571981
2743600,0.141669273886074
2743800,0.141398582554775
2744000,0.141083008118195
2744200,0.14138409448834
2744400,0.141433783747104
2744600,0.141231667337878
2744800,0.141407316870675
2745000,0.14181311411735
2745200,0.141911718499817
2745400,0.142282581814817
2745600,0.142625798390631
2745800,0.14288863972301
2746000,0.142650749633278
2746200,0.142481196262243
2746400,0.142316761572542
2746600,0.142072672261571
2746800,0.141979798582729
2747000,0.142940326357483
2747200,0.143305373518
2747400,0.143225017018347
2747600,0.142848870887018
2747800,0.143051707070887
2748000,0.143046524734
2748200,0.142581582416191
2748400,0.142505595708343
2748600,0.143507671350998
2748800,0.142510593516909
2749000,0.142104434071967
2749200,0.142875753871057
2749400,0.143116842670303
2749600,0.14351790136196
2749800,0.143704521099048
2750000,0.143938070378608
2750200,0.143679513415029
2750400,0.14296909859747
2750600,0.143043256781983
2750800,0.143321030858443
2751000,0.142914934580325
2751200,0.143177296166466
2751400,0.143687277408297
2751600,0.143913461057662
2751800,0.14334506677181
2752000,0.143102535687131
2752200,0.143873445266209
2752400,0.144057771635501
2752600,0.143183297338974
2752800,0.143083718188844
2753000,0.142964071242276
2753200,0.142979202173884
2753400,0.142700862791268
2753600,0.143044710597171
2753800,0.142733847027139
2754000,0.143599105861277
2754200,0.142962020068104
2754400,0.142654787758518
2754600,0.142445791427626
2754800,0.142775648829738
2755000,0.142678573213092
2755200,0.142676306161679
2755400,0.142679502088453
2755600,0.142481187417351
2755800,0.14244126632063
2756000,0.142588487071737
2756200,0.14220714643277
2756400,0.142329231373961
2756600,0.142795781402121
2756800,0.143379722420822
2757000,0.143646218213793
2757200,0.143732638598923
2757400,0.143508514064452
2757600,0.143678138864781
2757800,0.143510261100517
2758000,0.142409595714199
2758200,0.143536706869589
2758400,0.142098845471021
2758600,0.142418152791576
2758800,0.143191987948577
2759000,0.143045699330973
2759200,0.143520927517086
2759400,0.142494285833871
2759600,0.143386312101619
2759800,0.143653451959517
2760000,0.143254825226659
2760200,0.143533814298987
2760400,0.143514915578839
2760600,0.144218973873161
2760800,0.144585210402579
2761000,0.144521851572868
2761200,0.144512803725129
2761400,0.144039592109062
2761600,0.14332062636411
2761800,0.142860383185883
2762000,0.142573799599574
2762200,0.143387765359235
2762400,0.144030243968417
2762600,0.143684346660159
2762800,0.142841438895282
2763000,0.142780743673577
2763200,0.143008832823883
2763400,0.143355090486041
2763600,0.14288396809579
2763800,0.143063680704337
2764000,0.143353967976173
2764200,0.142771722755783
2764400,0.142836106704591
2764600,0.142868788569753
2764800,0.143187920162521
2765000,0.143650423258391
2765200,0.143240792057068
2765400,0.14239079040534
2765600,0.14240967667036
2765800,0.142574720754917
2766000,0.142640863056422
2766200,0.142375549693681
2766400,0.142060630223876
2766600,0.14226283835646
2766800,0.141772781644477
2767000,0.141248479432282
2767200,0.141739475639906
2767400,0.14239024251404
2767600,0.142361744558348
2767800,0.142513098114566
2768000,0.142259074107164
2768200,0.14206748152515
2768400,0.141825691158177
2768600,0.141911959285123
2768800,0.141800809505646
2769000,0.141840073821707
2769200,0.140924667220402
2769400,0.142273745541974
2769600,0.141644633073327
2769800,0.14239706474414
2770000,0.142595955021292
2770200,0.143100546366507
2770400,0.143200967416763
2770600,0.143313619421139
2770800,0.143664897172182
2771000,0.142575080333891
2771200,0.143271615304326
2771400,0.1444701938242
2771600,0.143130739430019
2771800,0.143416795318335
2772000,0.142337804134559
2772200,0.142874547459063
2772400,0.142958860397133
2772600,0.142808581799991
2772800,0.142384509803602
2773000,0.14303521431051
2773200,0.143546363146138
2773400,0.142593453125232
2773600,0.142749203266612
2773800,0.14271789271139
2774000,0.142520371154106
2774200,0.142734202311938
2774400,0.143466426888242
2774600,0.143633521013653
2774800,0.143761996505448
2775000,0.142235793026888
2775200,0.142699816804444
2775400,0.143201629467701
2775600,0.142798174493965
2775800,0.142338423626648
2776000,0.14271220767471
2776200,0.143094995081542
2776400,0.143171301752731
2776600,0.143249505341935
2776800,0.142993093338254
2777000,0.142801354979878
2777200,0.143141825922854
2777400,0.142610035623286
2777600,0.142589931318599
2777800,0.142605757152289
2778000,0.14233884854016
2778200,0.142393851562097
2778400,0.142746330734956
2778600,0.143049301142704
2778800,0.142605104779425
2779000,0.143349215595521
2779200,0.143120842216104
2779400,0.142359028762184
2779600,0.142198624150757
2779800,0.141480378460693
2780000,0.141798875134663
2780200,0.141469697177525
2780400,0.142104555542088
2780600,0.141968179309313
2780800,0.14191459912411
2781000,0.142627665090286
2781200,0.142578294756564
2781400,0.142403004183349
2781600,0.14260065850163
2781800,0.143126074178028
2782000,0.143347249295566
2782200,0.1432824116248
2782400,0.143165288473086
2782600,0.143789070340471
2782800,0.143219776576533
2783000,0.142981316666897
2783200,0.142287641719739
2783400,0.142062894682623
2783600,0.142314770434859
2783800,0.142893839513941
2784000,0.142820796745395
2784200,0.142383943188021
2784400,0.142684837380973
2784600,0.142883195203009
2784800,0.142920856416468
2785000,0.143114312133387
2785200,0.142212787419686
2785400,0.142383474649336
2785600,0.142415670614342
2785800,0.143389435953641
2786000,0.143766029622847
2786200,0.143328850818684
2786400,0.14355906878115
2786600,0.142688797108643
2786800,0.14205009100831
2787000,0.142302000981754
2787200,0.142677667161829
2787400,0.143066350606439
2787600,0.142596343860693
2787800,0.142899777442542
2788000,0.143141248219853
2788200,0.143856314365818
2788400,0.143382671387914
2788600,0.143026797019157
2788800,0.142838178582889
2789000,0.142970673190377
2789200,0.142453012497868
2789400,0.142718396670768
2789600,0.142867785635725
2789800,0.14151804668286
2790000,0.141861085620486
2790200,0.142323248481795
2790400,0.142309128763175
2790600,0.14140210880296
2790800,0.14153924940411
2791000,0.142001614517116
2791200,0.142179727561512
2791400,0.141760147409128
2791600,0.14294624396547
2791800,0.142824908174351
2792000,0.142323839210955
2792200,0.142107216678834
2792400,0.142580548677035
2792600,0.142785886393469
2792800,0.143021531140854
2793000,0.143012662328844
2793200,0.142364627732361
2793400,0.142477147330049
2793600,0.142628176509769
2793800,0.14213020057311
2794000,0.142670923803075
2794200,0.142417048853093
2794400,0.142142970281893
2794600,0.142105313209769
2794800,0.142099197191761
2795000,0.141191324570729
2795200,0.140568258878905
2795400,0.141088462475451
2795600,0.142268839347859
2795800,0.141376517684429
2796000,0.140725488655307
2796200,0.141264553431264
2796400,0.141016639851948
2796600,0.140839332852365
2796800,0.140991972651561
2797000,0.14124399267225
2797200,0.141634491039767
2797400,0.142012069532827
2797600,0.142586312673043
2797800,0.141548398256996
2798000,0.141574511331096
2798200,0.141095668729776
2798400,0.140655567854658
2798600,0.141413987184035
2798800,0.141378084587129
2799000,0.141747468869715
2799200,0.141871363041031
2799400,0.141294938157572
2799600,0.14175503694894
2799800,0.141917702668539
2800000,0.1421184101751
2800200,0.141209976490426
2800400,0.140999949790587
2800600,0.141426464337777
2800800,0.141710153191577
2801000,0.141888991086956
2801200,0.141894372789818
2801400,0.142274327505932
2801600,0.141776866246414
2801800,0.141897879907766
2802000,0.141819581307897
2802200,0.14242162284388
2802400,0.142474296516756
2802600,0.142722221845618
2802800,0.142438228076093
2803000,0.142623264542912
2803200,0.143986668544452
2803400,0.143385910344348
2803600,0.142119651898574
2803800,0.143016105210165
2804000,0.14313091904335
2804200,0.14224344226832
2804400,0.142368861433916
2804600,0.142439027315438
2804800,0.14210247892396
2805000,0.142124364922554
2805200,0.141383281657704
2805400,0.140783870489471
2805600,0.141340795036917
2805800,0.140954132884215
2806000,0.140555066236239
2806200,0.140285234156236
2806400,0.140885169532087
2806600,0.140863186312345
2806800,0.140762729952322
2807000,0.141247152294449
2807200,0.141305519880146
2807400,0.141503099571483
2807600,0.141155772917269
2807800,0.141932706056982
2808000,0.141784987150231
2808200,0.141431617681208
2808400,0.14147326032796
2808600,0.14130996447942
2808800,0.141552607587505
2809000,0.14220092078324
2809200,0.142281993226989
2809400,0.141820885186089
2809600,0.141264888038503
2809800,0.141556835276489
2810000,0.141742661137018
2810200,0.140892080577236
2810400,0.140888624912117
2810600,0.141364518230759
2810800,0.141415182989091
2811000,0.141227556485922
2811200,0.141765801794011
2811400,0.141602436625072
2811600,0.141472514283245
2811800,0.141190638905159
2812000,0.141506155986809
2812200,0.142141628539779
2812400,0.14077397554428
2812600,0.141373406389342
2812800,0.140702713593226
2813000,0.140769128405399
2813200,0.140696705578351
2813400,0.140980850720162
2813600,0.140949608789753
2813800,0.140890574410832
2814000,0.140571960790617
2814200,0.14073045592232
2814400,0.140466828215762
2814600,0.140715314904803
2814800,0.141285494865636
2815000,0.141571563172037
2815200,0.140659995795072
2815400,0.140254053520101
2815600,0.140199284556573
2815800,0.139413853769135
2816000,0.140747033703139
2816200,0.140604957970807
2816400,0.14104964209739
2816600,0.14153096169632
2816800,0.14087636020277
2817000,0.141053423872174
2817200,0.140845451023324
2817400,0.14130935845211
2817600,0.141131792200017
2817800,0.141152853996277
2818000,0.141233505619374
2818200,0.140476945556597
2818400,0.140669111478905
2818600,0.140436646398435
2818800,0.140574692135693
2819000,0.140898535651675
2819200,0.140376960812041
2819400,0.140470109829597
2819600,0.14114163771772
2819800,0.142018426580349
2820000,0.141966521993232
2820200,0.141965847752905
2820400,0.142490241060831
2820600,0.142737007936462
2820800,0.142107182461719
2821000,0.1416709750935
2821200,0.141992563125183
2821400,0.142426520702691
2821600,0.142371792000406
2821800,0.14168787526163
2822000,0.142226786845261
2822200,0.142443684621873
2822400,0.143200392069735
2822600,0.142411619115873
2822800,0.142300425919937
2823000,0.142326149510941
2823200,0.142265869817379
2823400,0.14251455662601
2823600,0.14255911740393
2823800,0.141857612791062
2824000,0.141891564535673
2824200,0.140719283153802
2824400,0.141362575318713
2824600,0.14161430533539
2824800,0.141795260874972
2825000,0.141086339891256
2825200,0.141419420966682
2825400,0.142302925358604
2825600,0.142308616985066
2825800,0.142363410016526
2826000,0.142300124916841
2826200,0.14160088012854
2826400,0.14109737176889
2826600,0.140363602503342
2826800,0.140906572863424
2827000,0.141279589072671
2827200,0.141444928001949
2827400,0.140439875597828
2827600,0.141126584283157
2827800,0.141296831361766
2828000,0.141372839791573
2828200,0.140788095738463
2828400,0.140456372849388
2828600,0.140524821053063
2828800,0.141294637758005
2829000,0.140513445459557
2829200,0.140783298142227
2829400,0.142119436019056
2829600,0.142135039463622
2829800,0.142523935938001
2830000,0.142615216020428
2830200,0.142820511214336
2830400,0.143151058924959
2830600,0.14281054260167
2830800,0.143056559100239
2831000,0.142342550094071
2831200,0.142294570410673
2831400,0.142084912143292
2831600,0.141867021665978
2831800,0.142108117920584
2832000,0.14230424160997
2832200,0.142815085201242
2832400,0.142476202032209
2832600,0.141976413147233
2832800,0.142880578853574
2833000,0.142557339720768
2833200,0.142074711093649
2833400,0.142482880362906
2833600,0.141962415657629
2833800,0.141854902833363
2834000,0.141374949481597
2834200,0.141763404766584
2834400,0.141297918771756
2834600,0.141866335725566
2834800,0.142044334039675
2835000,0.142127939535954
2835200,0.142483951524116
2835400,0.142566365719985
2835600,0.143092981469518
2835800,0.14229548989293
2836000,0.141633119923183
2836200,0.141724599523671
2836400,0.143009008967906
2836600,0.141842836227833
2836800,0.142005479649267
2837000,0.142319854977522
2837200,0.142537036431622
2837400,0.141923183543881
2837600,0.142088063151968
2837800,0.14189716140738
2838000,0.142264081736526
2838200,0.141795079138052
2838400,0.14196556832334
2838600,0.142320240168692
2838800,0.141773870468566
2839000,0.142091603479493
2839200,0.141320051937977
2839400,0.141929137193993
2839600,0.141687928154597
2839800,0.141546840287116
2840000,0.14198980553383
2840200,0.141610879985089
2840400,0.141260959881737
2840600,0.141662979563151
2840800,0.141021626938473
2841000,0.140546740059446
2841200,0.140648813893146
2841400,0.140279383981432
2841600,0.140654672879484
2841800,0.140415138663558
2842000,0.140945184312472
2842200,0.140525374942033
2842400,0.140547092922986
2842600,0.140109463338161
2842800,0.140261892431827
2843000,0.139909496442239
2843200,0.140473431248586
2843400,0.140514220856203
2843600,0.139884370163874
2843800,0.140671217048474
2844000,0.141231936174011
2844200,0.141352918942857
2844400,0.141632468506258
2844600,0.141700215937463
2844800,0.142792400319283
2845000,0.141978555724726
2845200,0.141589271807539
2845400,0.140947553382201
2845600,0.141257769916456
2845800,0.141604770578187
2846000,0.141566327548242
2846200,0.141778451687587
2846400,0.1418715713527
2846600,0.141640179740036
2846800,0.14278083705294
2847000,0.142585762479478
2847200,0.141898695628577
2847400,0.141766653814185
2847600,0.141917289278509
2847800,0.142313861609874
2848000,0.142016094555557
2848200,0.1416451794379
2848400,0.141468603019427
2848600,0.14099831994898
2848800,0.141635292226353
2849000,0.141898932799157
2849200,0.141352481668172
2849400,0.140953602403431
2849600,0.141239160987675
2849800,0.141044900661647
2850000,0.140451482679372
2850200,0.140986618469848
2850400,0.140943353954766
2850600,0.141346664280442
2850800,0.142146161537484
2851000,0.142200329397062
2851200,0.141878831303435
2851400,0.142420693638863
2851600,0.142672902959771
2851800,0.142347163366025
2852000,0.142465435136903
2852200,0.142626107591618
2852400,0.141676962648763
2852600,0.142269510901262
2852800,0.14270614938591
2853000,0.142455750177212
2853200,0.142237284155767
2853400,0.142901837697723
2853600,0.142667340674011
2853800,0.142274080257251
2854000,0.141709242556663
2854200,0.140781169045553
2854400,0.141121517271354
2854600,0.140973813154619
2854800,0.14200155915549
2855000,0.141375925103983
2855200,0.14115394260925
2855400,0.141303943294261
2855600,0.142343768744638
2855800,0.14247865293198
2856000,0.142877083901679
2856200,0.142508312518878
2856400,0.142749324428057
2856600,0.143443869358258
2856800,0.142469134015811
2857000,0.142499341411466
2857200,0.142840232115257
2857400,0.142481872020196
2857600,0.142355941401249
2857800,0.141975482145723
2858000,0.141935018749847
2858200,0.142410051295273
2858400,0.142010424933608
2858600,0.142631379871352
2858800,0.143162254025911
2859000,0.142894905218372
2859200,0.142076329580112
2859400,0.141733185038493
2859600,0.142685569016734
2859800,0.142453338297981
2860000,0.142764150363157
2860200,0.142111723857471
2860400,0.141743756499885
2860600,0.141522934591883
2860800,0.141381953420266
2861000,0.142052735387992
2861200,0.142541268293264
2861400,0.142532747573738
2861600,0.141300704091155
2861800,0.140124543579465
2862000,0.140417244753413
2862200,0.140156702759387
2862400,0.14029757781496
2862600,0.14082816041098
2862800,0.140920187619347
2863000,0.140565768715394
2863200,0.140880424866063
2863400,0.140468271787759
2863600,0.140528378524876
2863800,0.141317305189873
2864000,0.140365473611872
2864200,0.13985957190353
2864400,0.139465373113769
2864600,0.139929261856158
2864800,0.140518350616503
2865000,0.140890683313633
2865200,0.14071591635736
2865400,0.140645713175615
2865600,0.139868883613051
2865800,0.140736820295423
2866000,0.140726158620991
2866200,0.140608729549292
2866400,0.140562629485966
2866600,0.140601599216338
2866800,0.141072067661179
2867000,0.141356340453504
2867200,0.141569447163268
2867400,0.142040142389117
2867600,0.142073380194212
2867800,0.143092662578809
2868000,0.142795932511137
2868200,0.142694466970304
2868400,0.141807202066946
2868600,0.141225122852786
2868800,0.141618932466341
2869000,0.140596732630104
2869200,0.140754672312379
2869400,0.140666346153367
2869600,0.141792197433731
2869800,0.141158497160624
2870000,0.140650570179097
2870200,0.141403917551556
2870400,0.141794530498871
2870600,0.141476922971683
2870800,0.141582807248003
2871000,0.140833649967096
2871200,0.141554078526712
2871400,0.141995703054466
2871600,0.141814767183359
2871800,0.140912092604198
2872000,0.14162529170947
2872200,0.142324172671526
2872400,0.141797375267868
2872600,0.142290532735929
2872800,0.140579789574704
2873000,0.141338838095222
2873200,0.141036731141018
2873400,0.140982023110189
2873600,0.140587147740055
2873800,0.141084676131418
2874000,0.14194647580625
2874200,0.141321237526632
2874400,0.140522493448957
2874600,0.140435816274074
2874800,0.140631169459512
2875000,0.140668500082563
2875200,0.142030664390238
2875400,0.141842258087587
2875600,0.141389150102296
2875800,0.140355040491907
2876000,0.140511238054936
2876200,0.141255511374705
2876400,0.14113127806786
2876600,0.141183953364479
2876800,0.141242119322939
2877000,0.140968258479245
2877200,0.141429734292274
2877400,0.140883911795334
2877600,0.141861253273692
2877800,0.142020613076568
2878000,0.141804230197337
2878200,0.143145128872952
2878400,0.143598878187713
2878600,0.142552322446289
2878800,0.142799028557067
2879000,0.142361781145678
2879200,0.142907485076521
2879400,0.142593084831163
2879600,0.142134203213776
2879800,0.14271753796666
2880000,0.1421207212631
2880200,0.14249741166781
2880400,0.142080138255365
2880600,0.142659781668317
2880800,0.142811194395811
2881000,0.142445993840773
2881200,0.142131379695801
2881400,0.142535102047378
2881600,0.142326889870488
2881800,0.142399443575303
2882000,0.142174765285263
2882200,0.141948090484248
2882400,0.142406648059142
2882600,0.141671814007464
2882800,0.142343378203617
2883000,0.142772904810744
2883200,0.142422940199146
2883400,0.14249872673179
2883600,0.142143726812296
2883800,0.142169933588768
2884000,0.143219102631812
2884200,0.142848333747909
2884400,0.140974457561453
2884600,0.140329761327707
2884800,0.140761211553946
2885000,0.14057815403374
2885200,0.140730201715419
2885400,0.140653786086908
2885600,0.140647812491695
2885800,0.141414876738925
2886000,0.141624264182122
2886200,0.142443996348231
2886400,0.143008186606498
2886600,0.143622768824061
2886800,0.142922478976696
2887000,0.142065970965614
2887200,0.14275458026243
2887400,0.142741025096994
2887600,0.141486212403142
2887800,0.141385183880737
2888000,0.141703795625433
2888200,0.140794111781914
2888400,0.141517518690125
2888600,0.142645131593984
2888800,0.142252601505796
2889000,0.142147175819638
2889200,0.142143462477546
2889400,0.141708366768226
2889600,0.141922167784214
2889800,0.141833649086811
2890000,0.141508801558846
2890200,0.14197299012562
2890400,0.141547554380031
2890600,0.141411968478464
2890800,0.141894951301939
2891000,0.141666241995415
2891200,0.141827587065147
2891400,0.141118271078745
2891600,0.141711551536029
2891800,0.141239342977001
2892000,0.141494666101785
2892200,0.141628629416345
2892400,0.141548880959878
2892600,0.142161466321858
2892800,0.142237010548417
2893000,0.142094762940368
2893200,0.141500609600959
2893400,0.141605080839072
2893600,0.141433594525074
2893800,0.141884254559842
2894000,0.141793975413832
2894200,0.141818991583794
2894400,0.142410081800945
2894600,0.142180078395251
2894800,0.142172508951582
2895000,0.142022872999206
2895200,0.141647247817651
2895400,0.140870421911954
2895600,0.140417274354199
2895800,0.140783010185691
2896000,0.140474710526491
2896200,0.141398722625564
2896400,0.141789029615705
2896600,0.141821963342342
2896800,0.141988839609577
2897000,0.141485295878438
2897200,0.141382087573222
2897400,0.141489131507061
2897600,0.141974504537947
2897800,0.141765105461285
2898000,0.140843128636308
2898200,0.140275161961193
2898400,0.140819211543072
2898600,0.141571759033755
2898800,0.141219568834784
2899000,0.141670296463892
2899200,0.141318462955018
2899400,0.142110427359492
2899600,0.141838381473453
2899800,0.141315137849499
2900000,0.141259954295304
2900200,0.141391348351918
2900400,0.141862289351539
2900600,0.142700773958911
2900800,0.142267635224381
2901000,0.141747250152774
2901200,0.142188073719607
2901400,0.143305371509618
2901600,0.142131831635455
2901800,0.142695417688913
2902000,0.142410739820572
2902200,0.143293316452925
2902400,0.143026198414757
2902600,0.142393018680392
2902800,0.143403614189582
2903000,0.142730848185167
2903200,0.142815195617339
2903400,0.142719373189208
2903600,0.142451060396324
2903800,0.141411809724135
2904000,0.141695095941406
2904200,0.142566465401259
2904400,0.142534758714914
2904600,0.143473864205456
2904800,0.143734100291569
2905000,0.143395600105863
2905200,0.142736263409986
2905400,0.142518684233765
2905600,0.141887492486656
2905800,0.141878501775457
2906000,0.141756031175814
2906200,0.141712378748416
2906400,0.141888563290586
2906600,0.142368213395433
2906800,0.142465528751576
2907000,0.142235055205857
2907200,0.14251844918257
2907400,0.142612944187262
2907600,0.141406381064844
2907800,0.142658793919406
2908000,0.142238619813625
2908200,0.142080809925353
2908400,0.142790676419865
2908600,0.142354153635536
2908800,0.142104643597762
2909000,0.141757030814732
2909200,0.14188410314121
2909400,0.141537630941718
2909600,0.141341722988862
2909800,0.14125423881681
2910000,0.142299751091767
2910200,0.141853236810013
2910400,0.141342977117197
2910600,0.141216739522721
2910800,0.141639703737071
2911000,0.141256173245709
2911200,0.140826712343264
2911400,0.141301754196229
2911600,0.141482642415167
2911800,0.141456811366386
2912000,0.141737276589221
2912200,0.141082907655247
2912400,0.141850377242308
2912600,0.141582936199468
2912800,0.140685967413259
2913000,0.140096656801468
2913200,0.141504385684498
2913400,0.141421575285828
2913600,0.14218720144035
2913800,0.141591998287449
2914000,0.141613902166025
2914200,0.141934838465603
2914400,0.142104479216501
2914600,0.141267789830832
2914800,0.142104812421899
2915000,0.142188921211635
2915200,0.140729859481798
2915400,0.140255475735288
2915600,0.140677397769203
2915800,0.140241250332978
2916000,0.140097468289781
2916200,0.139741679740785
2916400,0.139198305399009
2916600,0.140727634439858
2916800,0.140253617615982
2917000,0.1410635629731
2917200,0.141011005065526
2917400,0.140715734322553
2917600,0.140453434697932
2917800,0.140946014549783
2918000,0.140085248170853
2918200,0.141018295749933
2918400,0.140417969782393
2918600,0.139867209883889
2918800,0.139504895431284
2919000,0.14076552225362
2919200,0.141140412712332
2919400,0.140225384875949
2919600,0.140574679433496
2919800,0.140458149125918
2920000,0.140551256020283
2920200,0.140188431895054
2920400,0.139706945390583
2920600,0.140296817633047
2920800,0.140378315223182
2921000,0.140782832738718
2921200,0.139980983735511
2921400,0.139573021607463
2921600,0.140596966756223
2921800,0.140708604288847
2922000,0.140031267157504
2922200,0.140496721608841
2922400,0.141167898112925
2922600,0.14173845750575
2922800,0.141828332054367
2923000,0.142176673385862
2923200,0.142045806106255
2923400,0.142150194419287
2923600,0.14143750028397
2923800,0.141186571018175
2924000,0.140904127289559
2924200,0.141542175373481
2924400,0.140821637466041
2924600,0.141105340021339
2924800,0.140075105991695
2925000,0.14029456566921
2925200,0.140102514225897
2925400,0.140978326287983
2925600,0.141246025703621
2925800,0.141725966603756
2926000,0.141503310242069
2926200,0.141163699043371
2926400,0.141894728283609
2926600,0.142302279395947
2926800,0.143430880223074
2927000,0.143782944213569
2927200,0.144332179657414
2927400,0.144175181406843
2927600,0.14412703432753
2927800,0.143573502883749
2928000,0.144391023414506
2928200,0.144118851008895
2928400,0.145001785555098
2928600,0.143757095285292
2928800,0.142231636115685
2929000,0.142755826816921
2929200,0.143456940413809
2929400,0.143390767054859
2929600,0.143165892239942
2929800,0.142633658285986
2930000,0.143152880071816
2930200,0.14331926028626
2930400,0.143494189707582
2930600,0.143282750962725
2930800,0.142944650403214
2931000,0.143350137671045
2931200,0.142243919596677
2931400,0.142541623573571
2931600,0.14272381886746
2931800,0.142900732513802
2932000,0.143034873903405
2932200,0.142091564194166
2932400,0.142416913966301
2932600,0.143250556587595
2932800,0.142775314452429
2933000,0.142174885136424
2933200,0.141640667176871
2933400,0.142159078560132
2933600,0.142216896554222
2933800,0.141993685291265
2934000,0.142189718128615
2934200,0.142528909791655
2934400,0.142249860597873
2934600,0.142383598272316
2934800,0.142134164946001
2935000,0.143059908402776
2935200,0.142488826588904
2935400,0.14280322199246
2935600,0.142504072632895
2935800,0.142287052410692
2936000,0.142179372048793
2936200,0.141242397293537
2936400,0.14129380228491
2936600,0.141576182366108
2936800,0.141641139221826
2937000,0.140618872637678
2937200,0.141004740783444
2937400,0.141849052871252
2937600,0.141730918231354
2937800,0.142196634642345
2938000,0.1420145180325
2938200,0.142894976189068
2938400,0.143692408031458
2938600,0.143049712654726
2938800,0.142534840360443
2939000,0.143390976218731
2939200,0.143767528011353
2939400,0.14355184286941
2939600,0.144432947696924
2939800,0.143217714979251
2940000,0.143383463000241
2940200,0.142493632061021
2940400,0.141705618743383
2940600,0.141710954127611
2940800,0.14129547583933
2941000,0.142082172020815
2941200,0.142039872180605
2941400,0.142623035003278
2941600,0.142717052951089
2941800,0.14215858203268
2942000,0.142198586205454
2942200,0.142489726973976
2942400,0.141813934402897
2942600,0.141375838092187
2942800,0.142003842058133
2943000,0.143073897365047
2943200,0.141610518386015
2943400,0.140663239795339
2943600,0.141107909565189
2943800,0.140858394358906
2944000,0.140664709817064
2944200,0.140568651899787
2944400,0.141844052888411
2944600,0.141188037549516
2944800,0.140135232233263
2945000,0.141160315413469
2945200,0.141166566349109
2945400,0.141331822247161
2945600,0.14174860352449
2945800,0.141849791516395
2946000,0.142229472950403
2946200,0.141524199151149
2946400,0.141857955552986
2946600,0.141674148907252
2946800,0.141981584628234
2947000,0.142183314283326
2947200,0.14232503168033
2947400,0.141596501466705
2947600,0.141522989363654
2947800,0.142772636685488
2948000,0.142108821608292
2948200,0.142836517313134
2948400,0.143019438595983
2948600,0.142882559258785
2948800,0.142027696298402
2949000,0.141898100112081
2949200,0.142210723651703
2949400,0.142391756836564
2949600,0.142325845023014
2949800,0.142176430447772
2950000,0.142188484357393
2950200,0.141599154290871
2950400,0.142022643423502
2950600,0.142430868948825
2950800,0.142530772017398
2951000,0.142305667156248
2951200,0.141740148514593
2951400,0.143419917964287
2951600,0.143414098576112
2951800,0.142854666011438
2952000,0.142305361115488
2952200,0.142687279886198
2952400,0.141918642838665
2952600,0.142628850562297
2952800,0.142722500413814
2953000,0.141882883097152
2953200,0.141852566105037
2953400,0.141454555810143
2953600,0.140922700168853
2953800,0.141249108142473
2954000,0.142011308339969
2954200,0.141893388800227
2954400,0.142467752439242
2954600,0.141252028881461
2954800,0.140232953946001
2955000,0.141268120330937
2955200,0.141154884202615
2955400,0.141429387687667
2955600,0.141774249405273
2955800,0.141635455254457
2956000,0.142178142974057
2956200,0.141915387034214
2956400,0.141590717842666
2956600,0.142378569669806
2956800,0.143374815976394
2957000,0.142349370782846
2957200,0.141306202898859
2957400,0.141095637380783
2957600,0.141805610098561
2957800,0.141992840448227
2958000,0.142187801306069
2958200,0.142361824191844
2958400,0.14216464121344
2958600,0.141818398388173
2958800,0.141935073459123
2959000,0.142409283787853
2959200,0.141686447174865
2959400,0.141807837583564
2959600,0.141723901451435
2959800,0.141291788448473
2960000,0.142092488269389
2960200,0.141702777859693
2960400,0.141425130648592
2960600,0.141219983445763
2960800,0.141449423043867
2961000,0.141533754250936
2961200,0.141552862916802
2961400,0.141026689055711
2961600,0.141020258996679
2961800,0.140569086315898
2962000,0.140473572078274
2962200,0.140499038234421
2962400,0.141162667313773
2962600,0.141721549881587
2962800,0.141363047927122
2963000,0.141161248298513
2963200,0.141232112818764
2963400,0.141191972351039
2963600,0.141595016854407
2963800,0.141370572362229
2964000,0.140987451892244
2964200,0.141326031842559
2964400,0.14160078634182
2964600,0.142051326097909
2964800,0.142058140729813
2965000,0.141916471299597
2965200,0.140961754168696
2965400,0.142161708536094
2965600,0.141942250529752
2965800,0.141522260614415
2966000,0.141258677280064
2966200,0.142178095510466
2966400,0.142832533011373
2966600,0.142988209828096
2966800,0.143287623968146
2967000,0.143425133513453
2967200,0.142620946707385
2967400,0.142375166141757
2967600,0.143164350811971
2967800,0.142762118260058
2968000,0.142763963415132
2968200,0.143629498942759
2968400,0.143240007614519
2968600,0.141925691345406
2968800,0.142500827426895
2969000,0.141739736724525
2969200,0.141680594760635
2969400,0.142593581637411
2969600,0.142463702079301
2969800,0.143132450656175
2970000,0.142304582191981
2970200,0.142935271738582
2970400,0.143913805752813
2970600,0.143837719039629
2970800,0.143239799577995
2971000,0.142973478125604
2971200,0.142979863290635
2971400,0.14347828017272
2971600,0.142449991653292
2971800,0.142271187939088
2972000,0.142604057957484
2972200,0.142666500903481
2972400,0.141968576693712
2972600,0.142587014174134
2972800,0.14316038615156
2973000,0.142356754786397
2973200,0.141593287335802
2973400,0.141272606812846
2973600,0.141963783171256
2973800,0.142498078613346
2974000,0.143523799132109
2974200,0.144386023027542
2974400,0.143442924367049
2974600,0.143092431670844
2974800,0.142814324804067
2975000,0.14234558558103
2975200,0.142933555429268
2975400,0.143155482218027
2975600,0.143575113252042
2975800,0.143944407628733
2976000,0.143322272976608
2976200,0.142984772769348
2976400,0.143448964885851
2976600,0.143995543816323
2976800,0.143762668673815
2977000,0.142304850558107
2977200,0.142475692584019
2977400,0.142654112297205
2977600,0.142025231454556
2977800,0.141708104529666
2978000,0.141349216821023
2978200,0.141200539826711
2978400,0.141082852123287
2978600,0.141374978488655
2978800,0.141780353316452
2979000,0.140588647486695
2979200,0.139766216755576
2979400,0.13983941923652
2979600,0.14040999213356
2979800,0.141264428313354
2980000,0.140582676684271
2980200,0.140931102910643
2980400,0.140743115468215
2980600,0.140469450333721
2980800,0.141212147249232
2981000,0.141654186946682
2981200,0.141661413858792
2981400,0.14220195810968
2981600,0.141416697251308
2981800,0.140781903458329
2982000,0.140351444355177
2982200,0.141090674977895
2982400,0.140998800494731
2982600,0.141040623549166
2982800,0.141590362723003
2983000,0.141514215125943
2983200,0.141525458363726
2983400,0.142046703263311
2983600,0.141791331970504
2983800,0.141850055077814
2984000,0.141974373610507
2984200,0.142065629872884
2984400,0.14187403519419
2984600,0.142142472008896
2984800,0.141363257731959
2985000,0.141721741450466
2985200,0.141784783412369
2985400,0.141632277709641
2985600,0.141528600237641
2985800,0.142473581140047
2986000,0.142043662247595
2986200,0.141226653019044
2986400,0.141411674117791
2986600,0.141391959269139
2986800,0.141922919097893
2987000,0.141117518656408
2987200,0.141944190220825
2987400,0.141772995930327
2987600,0.142478268682362
2987800,0.143174941444486
2988000,0.143154863605797
2988200,0.14259786968932
2988400,0.142082120755032
2988600,0.142295992092947
2988800,0.143021197861254
2989000,0.143558062038496
2989200,0.14349329407728
2989400,0.142520744344096
2989600,0.142237492063495
2989800,0.14196776691374
2990000,0.142130671147377
2990200,0.142049755952584
2990400,0.142328879445001
2990600,0.142114747247143
2990800,0.141559674733919
2991000,0.142000644077988
2991200,0.142022235552097
2991400,0.142051467490766
2991600,0.141845033571081
2991800,0.142397640576963
2992000,0.141711889742514
2992200,0.142027840162812
2992400,0.142048024892118
2992600,0.140906077809737
2992800,0.141998623741904
2993000,0.142000014050253
2993200,0.142798078266395
2993400,0.142215125053818
2993600,0.1422432190897
2993800,0.141978861609315
2994000,0.142488838376714
2994200,0.142326926513456
2994400,0.142260044970024
2994600,0.14165130795268
2994800,0.142144605462137
2995000,0.142590702416332
2995200,0.142079221377378
2995400,0.142033870544016
2995600,0.142678683565765
2995800,0.141866256054739
2996000,0.140950877655176
2996200,0.141013733089857
2996400,0.140401535727413
2996600,0.14013432942403
2996800,0.140444857532176
2997000,0.140186182044356
2997200,0.140270781564575
2997400,0.139442768690725
2997600,0.139510800871147
2997800,0.139435977599119
2998000,0.139400912876811
2998200,0.139778777521584
2998400,0.140553609476266
2998600,0.139930438329356
2998800,0.140472357240027
2999000,0.140813484874053
2999200,0.141322940554254
2999400,0.141164117298576
2999600,0.14104733995524
2999800,0.141628821176622
3e+06,0.141276763727824
3000200,0.140415131611493
3000400,0.140763633436631
3000600,0.140450376941005
3000800,0.140706181804265
3001000,0.141375971348266
3001200,0.141695751445526
3001400,0.142100721037638
3001600,0.142679842549745
3001800,0.14187263659063
3002000,0.141305333253146
3002200,0.141951963264201
3002400,0.141592256248028
3002600,0.141585692590271
3002800,0.140991490804339
3003000,0.140223062843532
3003200,0.140241371750169
3003400,0.140608132253709
3003600,0.141331486980618
3003800,0.141506947401535
3004000,0.142178092848875
3004200,0.142394869696678
3004400,0.141815167485081
3004600,0.141312226135988
3004800,0.141867472041963
3005000,0.142090629795382
3005200,0.141958890805296
3005400,0.141018555738717
3005600,0.140544002134603
3005800,0.140786776651823
3006000,0.140206887607243
3006200,0.139901042020655
3006400,0.140307312141967
3006600,0.140677184177544
3006800,0.140523835559183
3007000,0.140725258846528
3007200,0.140722492267707
3007400,0.140412469801506
3007600,0.14123184339092
3007800,0.141025585311654
3008000,0.141741451418337
3008200,0.141261133005766
3008400,0.142005096021407
3008600,0.141417685250248
3008800,0.142092171161721
3009000,0.142443480195964
3009200,0.14232864499179
3009400,0.141773929247451
3009600,0.142245802341493
3009800,0.141740648612497
3010000,0.142181732712151
3010200,0.142601356987662
3010400,0.142837333443056
3010600,0.141912130108281
3010800,0.14216222471288
3011000,0.141908437700684
3011200,0.142421833075226
3011400,0.142621176962477
3011600,0.141982730148255
3011800,0.14339405781268
3012000,0.142550805803067
3012200,0.143379753709687
3012400,0.144121351563484
3012600,0.143799521958188
3012800,0.14301519736222
3013000,0.142993062146659
3013200,0.142907478188245
3013400,0.142921327862137
3013600,0.142630904132378
3013800,0.142409353274124
3014000,0.143655633668214
3014200,0.143383452876874
3014400,0.142510086127519
3014600,0.142969394756503
3014800,0.143540727056752
3015000,0.143069428075049
3015200,0.14242240406531
3015400,0.142429060444017
3015600,0.142080267396789
3015800,0.141640251532543
3016000,0.140577905656565
3016200,0.140704794373279
3016400,0.140783549593124
3016600,0.141339936186577
3016800,0.140239828390589
3017000,0.14149072169451
3017200,0.141121816560705
3017400,0.141445689203013
3017600,0.141254991641155
3017800,0.140816846946683
3018000,0.14086558880323
3018200,0.140487655702991
3018400,0.139873311374985
3018600,0.139834064949607
3018800,0.140685676977616
3019000,0.141184860298131
3019200,0.141927242929472
3019400,0.141812138303216
3019600,0.141573971128708
3019800,0.141284822095821
3020000,0.140260956309183
3020200,0.140547538494575
3020400,0.140479749829064
3020600,0.141093276599518
3020800,0.141418471817094
3021000,0.140460966744113
3021200,0.14031247843603
3021400,0.14006569636755
3021600,0.140599971376946
3021800,0.14004917766872
3022000,0.139803963710318
3022200,0.141076381192139
3022400,0.141248171434263
3022600,0.141678751977308
3022800,0.141934272566145
3023000,0.140429076629658
3023200,0.140440113516536
3023400,0.140013931915931
3023600,0.140211344591508
3023800,0.140027662076002
3024000,0.13972716160223
3024200,0.140115732428172
3024400,0.14079198945333
3024600,0.14040564923564
3024800,0.140904202689093
3025000,0.141440764981761
3025200,0.141076851572961
3025400,0.140071319382844
3025600,0.140181103705882
3025800,0.140479205298838
3026000,0.140533997834841
3026200,0.139289890484416
3026400,0.138903622251986
3026600,0.139156916763076
3026800,0.139295740735261
3027000,0.139305928785758
3027200,0.139548136466494
3027400,0.139866176556147
3027600,0.139622366902533
3027800,0.139027847499545
3028000,0.139420847200551
3028200,0.140769646406845
3028400,0.140063113555721
3028600,0.139778694338
3028800,0.140110000986643
3029000,0.140763114955986
3029200,0.140744637973675
3029400,0.141370929046027
3029600,0.14052840175877
3029800,0.14087378837566
3030000,0.141209171720813
3030200,0.141052589483574
3030400,0.140439819294003
3030600,0.139870664474296
3030800,0.139320005456378
3031000,0.139536561414251
3031200,0.139960749611757
3031400,0.139372059519376
3031600,0.139566553398705
3031800,0.138266645160525
3032000,0.138737972656305
3032200,0.139783494658272
3032400,0.139016180839909
3032600,0.138532372779527
3032800,0.139594783356435
3033000,0.139689889954235
3033200,0.14004310306985
3033400,0.139949039932235
3033600,0.139122505867967
3033800,0.139648560045947
3034000,0.139666364983276
3034200,0.139972224986473
3034400,0.140657479018905
3034600,0.140638326316785
3034800,0.139878522509372
3035000,0.140161342112825
3035200,0.140140005940939
3035400,0.139352137521617
3035600,0.139431597013046
3035800,0.139569935092266
3036000,0.140060926571757
3036200,0.140208135974521
3036400,0.140906088834974
3036600,0.141573307938697
3036800,0.141025748359469
3037000,0.140731195144304
3037200,0.14078661747079
3037400,0.141332537978861
3037600,0.140370382730853
3037800,0.140470960682334
3038000,0.140422878451522
3038200,0.141082601576874
3038400,0.140182580024161
3038600,0.140007971702942
3038800,0.140330728586015
3039000,0.139971854620982
3039200,0.140128892052654
3039400,0.139706132838737
3039600,0.138943136054792
3039800,0.139631569702333
3040000,0.139623296644705
3040200,0.13984722678966
3040400,0.14046844292418
3040600,0.139690912638362
3040800,0.139025393438344
3041000,0.139052446093448
3041200,0.138223032751044
3041400,0.138812093326313
3041600,0.139918665334341
3041800,0.139145557331208
3042000,0.139786490506489
3042200,0.140270275962409
3042400,0.139876855224515
3042600,0.139877427258947
3042800,0.13997242727025
3043000,0.139717503880085
3043200,0.139907610634698
3043400,0.139733637221707
3043600,0.140427389968129
3043800,0.139965077469627
3044000,0.140496440982871
3044200,0.139767429101892
3044400,0.139896248135827
3044600,0.139244783372376
3044800,0.139075386439951
3045000,0.138905861315125
3045200,0.138668878543388
3045400,0.137947287703792
3045600,0.138721340279864
3045800,0.139763287927867
3046000,0.139855008787281
3046200,0.139908879837491
3046400,0.140198461825511
3046600,0.140533596956044
3046800,0.139607928652475
3047000,0.139848408431257
3047200,0.140543223305795
3047400,0.140459829148814
3047600,0.140728988983682
3047800,0.14046523320286
3048000,0.140974210465157
3048200,0.139892260198415
3048400,0.139023661189254
3048600,0.140100416405867
3048800,0.140213585334529
3049000,0.139810728556447
3049200,0.139647725177702
3049400,0.140511100328239
3049600,0.139601685372388
3049800,0.139087049107737
3050000,0.140197706267383
3050200,0.140684539863372
3050400,0.140808430961054
3050600,0.139637018598335
3050800,0.139813099615264
3051000,0.139404688011519
3051200,0.138806735216196
3051400,0.13968599768192
3051600,0.139780898571687
3051800,0.139850304019423
3052000,0.139445420376242
3052200,0.139947006028194
3052400,0.140337435769464
3052600,0.13973470469707
3052800,0.139455086652692
3053000,0.139575430302092
3053200,0.139341539532802
3053400,0.13942873396381
3053600,0.139919716796176
3053800,0.139479992026344
3054000,0.139986786980973
3054200,0.139581287160629
3054400,0.140376501021393
3054600,0.139971315128444
3054800,0.140216926134565
3055000,0.139652784508963
3055200,0.138634805708409
3055400,0.138631178959638
3055600,0.13866641249299
3055800,0.139358711470934
3056000,0.139459268490887
3056200,0.139592322936494
3056400,0.139497472293741
3056600,0.139177085223816
3056800,0.139575524511683
3057000,0.140120423472432
3057200,0.139646410916047
3057400,0.139656549944261
3057600,0.1401175925038
3057800,0.140028084356894
3058000,0.139413564745522
3058200,0.139484559831844
3058400,0.139362391133365
3058600,0.140017345914638
3058800,0.139175086703489
3059000,0.139316699971469
3059200,0.139364231241374
3059400,0.138551167962451
3059600,0.139062713410895
3059800,0.140338003331697
3060000,0.140279197404981
3060200,0.139866808470644
3060400,0.139362329862055
3060600,0.139325743922919
3060800,0.138582564927271
3061000,0.138655690466483
3061200,0.13873690939523
3061400,0.138821953115076
3061600,0.138940549408637
3061800,0.139462815111059
3062000,0.138862049854236
3062200,0.139454991685313
3062400,0.139386890595141
3062600,0.138421257123681
3062800,0.139954159545521
3063000,0.139549929904432
3063200,0.140015620057286
3063400,0.140622754216881
3063600,0.140813956876319
3063800,0.140009728870112
3064000,0.139471247517943
3064200,0.139446782527542
3064400,0.139731131478822
3064600,0.139603617393663
3064800,0.139647799183272
3065000,0.140067039787405
3065200,0.140258881965639
3065400,0.1406562461836
3065600,0.140187794633664
3065800,0.140628512854764
3066000,0.140589547546354
3066200,0.140478728679714
3066400,0.140550409037453
3066600,0.140572976972428
3066800,0.140404060887388
3067000,0.140357120033797
3067200,0.141036044037461
3067400,0.140202870979902
3067600,0.139361807092338
3067800,0.139444129667522
3068000,0.140188959239362
3068200,0.140763473499752
3068400,0.140523314472746
3068600,0.140916517938093
3068800,0.140716875281829
3069000,0.140172836573382
3069200,0.140650135242841
3069400,0.141359715182463
3069600,0.141987360979557
3069800,0.141828172309851
3070000,0.140993173162032
3070200,0.141162648369993
3070400,0.141239241245831
3070600,0.14129722676451
3070800,0.141243850892371
3071000,0.14106403009957
3071200,0.141819635356699
3071400,0.141588540393652
3071600,0.14090380399812
3071800,0.14094340279718
3072000,0.141231054543148
3072200,0.141025293804737
3072400,0.140419992787806
3072600,0.140108248790146
3072800,0.140730676022069
3073000,0.141124672635474
3073200,0.141616867829133
3073400,0.141123400671711
3073600,0.140944761531636
3073800,0.140340101452248
3074000,0.140334192740102
3074200,0.140482076026344
3074400,0.14072716079175
3074600,0.140817943644226
3074800,0.14080139358349
3075000,0.140729507839881
3075200,0.14041385907676
3075400,0.140706045545399
3075600,0.141197116574831
3075800,0.140204125765833
3076000,0.141058343842268
3076200,0.141066701047318
3076400,0.141712166293748
3076600,0.142045805365811
3076800,0.141420690326526
3077000,0.141361013154102
3077200,0.141350833349897
3077400,0.140181494854295
3077600,0.140679670935825
3077800,0.141434736555675
3078000,0.141037717809476
3078200,0.140971072003699
3078400,0.141173520136752
3078600,0.142020229620753
3078800,0.142007416004615
3079000,0.142289154521805
3079200,0.141328289350198
3079400,0.141334468320952
3079600,0.140014482217536
3079800,0.140837940753081
3080000,0.140784290881369
3080200,0.140372199434125
3080400,0.140078287946916
3080600,0.139980012021663
3080800,0.140397522977615
3081000,0.140630207961161
3081200,0.139853823467675
3081400,0.139965093044478
3081600,0.140332044410506
3081800,0.140504648178727
3082000,0.14049106004634
3082200,0.140703869272287
3082400,0.141095194823866
3082600,0.14083574786698
3082800,0.139421885198134
3083000,0.139864945877183
3083200,0.139596720907656
3083400,0.138902569433393
3083600,0.14009150484576
3083800,0.140475034753879
3084000,0.140254593333657
3084200,0.140454007757415
3084400,0.14026418837252
3084600,0.139061531366534
3084800,0.139350638968901
3085000,0.13923909775653
3085200,0.139462742891676
3085400,0.139019956273088
3085600,0.139726691881427
3085800,0.139783226766644
3086000,0.140713923807784
3086200,0.139877989523475
3086400,0.139570389627328
3086600,0.140405280530322
3086800,0.139978705427585
3087000,0.140274084466045
3087200,0.140982707327844
3087400,0.140534796859058
3087600,0.140831698834207
3087800,0.141689137670267
3088000,0.140809384094068
3088200,0.140527319092186
3088400,0.140741948497524
3088600,0.140393205482571
3088800,0.139910629150575
3089000,0.140157735035216
3089200,0.139847528486839
3089400,0.139910813877547
3089600,0.139879962382585
3089800,0.140682311667485
3090000,0.141873297926685
3090200,0.141049247912274
3090400,0.141138208415501
3090600,0.140625183418778
3090800,0.141352001284931
3091000,0.14159534105178
3091200,0.141353464051455
3091400,0.140888165498856
3091600,0.140310457246364
3091800,0.140330385679351
3092000,0.140368960754048
3092200,0.140647927992518
3092400,0.140804237068939
3092600,0.140522826018819
3092800,0.140713168808283
3093000,0.140362139384049
3093200,0.139759951502123
3093400,0.139635593562069
3093600,0.140752788307348
3093800,0.140385875710445
3094000,0.13981658627794
3094200,0.140335508574416
3094400,0.140079842247529
3094600,0.140544688218314
3094800,0.139863634680241
3095000,0.139833025639169
3095200,0.140629474073483
3095400,0.140853676019858
3095600,0.14063733991416
3095800,0.141436749246145
3096000,0.141720917881701
3096200,0.140908553842961
3096400,0.140425690046249
3096600,0.140960349250118
3096800,0.140650380099364
3097000,0.140380500277838
3097200,0.140543004127784
3097400,0.1415091993036
3097600,0.141876275789055
3097800,0.140628455536931
3098000,0.14037375160852
3098200,0.140166806221313
3098400,0.140128745887863
3098600,0.139758996086414
3098800,0.139774446967871
3099000,0.14034597585527
3099200,0.14033802912801
3099400,0.139696600138953
3099600,0.140078712021966
3099800,0.140623791744516
3100000,0.140277202233769
3100200,0.139837958039506
3100400,0.140026765842451
3100600,0.141109224522089
3100800,0.140994740590483
3101000,0.140622888426878
3101200,0.140511752105327
3101400,0.139712537728183
3101600,0.13979709576148
3101800,0.139946898610874
3102000,0.139538967760171
3102200,0.13954255938901
3102400,0.139863468294254
3102600,0.139758925957912
3102800,0.139925186241468
3103000,0.140553567549928
3103200,0.139945328901608
3103400,0.139741836737773
3103600,0.139259059875687
3103800,0.140009173175324
3104000,0.140762383781903
3104200,0.140557000425375
3104400,0.139933505209498
3104600,0.140605192242518
3104800,0.141926728595301
3105000,0.141360281006853
3105200,0.141521736917018
3105400,0.141481565340938
3105600,0.1414125440108
3105800,0.140663941360181
3106000,0.140224386296987
3106200,0.140266093041964
3106400,0.139254259066135
3106600,0.139400973913027
3106800,0.139994556735125
3107000,0.140519096050844
3107200,0.139938297384879
3107400,0.14079864700399
3107600,0.14017512124511
3107800,0.140513867951734
3108000,0.140830704857259
3108200,0.141525614114852
3108400,0.141301171630683
3108600,0.141661808998286
3108800,0.141123261997338
3109000,0.141942720067986
3109200,0.141895035549454
3109400,0.141538114277352
3109600,0.141404224974578
3109800,0.141036132886964
3110000,0.140791551131255
3110200,0.141290292491832
3110400,0.140370286392879
3110600,0.140620734761447
3110800,0.140577360917539
3111000,0.140530826573581
3111200,0.140153189379609
3111400,0.140726089578711
3111600,0.140734176083257
3111800,0.141675135097441
3112000,0.141832298071842
3112200,0.142122770005736
3112400,0.141885067872562
3112600,0.141655894318814
3112800,0.141810666873753
3113000,0.141955305025084
3113200,0.141348673924112
3113400,0.141357138842111
3113600,0.141109850501974
3113800,0.140265181055795
3114000,0.140522522369057
3114200,0.140482950714711
3114400,0.140047322427262
3114600,0.139730959140076
3114800,0.139556768929231
3115000,0.140655816376844
3115200,0.140276281798408
3115400,0.140570585006026
3115600,0.14008772819635
3115800,0.140651562194909
3116000,0.139734590486632
3116200,0.139292344485393
3116400,0.139528182853426
3116600,0.139097498678275
3116800,0.140183927142286
3117000,0.139322722314705
3117200,0.138476560979466
3117400,0.139521759473564
3117600,0.139150166895148
3117800,0.139389677395984
3118000,0.139322477629123
3118200,0.140020912269288
3118400,0.13998603775213
3118600,0.139684491832907
3118800,0.139844442305055
3119000,0.1396371584104
3119200,0.140334930509735
3119400,0.141043674806961
3119600,0.139960274728538
3119800,0.140040593485731
3120000,0.140657552048858
3120200,0.140656254731848
3120400,0.140684800878752
3120600,0.140571453152218
3120800,0.140390735317551
3121000,0.140631326143993
3121200,0.140387249132338
3121400,0.140587676940452
3121600,0.139817442144998
3121800,0.139690040603645
3122000,0.139960660099868
3122200,0.139444826497273
3122400,0.13998810401917
3122600,0.139012041161484
3122800,0.139599952025658
3123000,0.13940839789459
3123200,0.13893404381216
3123400,0.139474303886121
3123600,0.139899022836377
3123800,0.139870489280684
3124000,0.139331376217858
3124200,0.138923133511256
3124400,0.139488116711657
3124600,0.140013220111657
3124800,0.139780599441004
3125000,0.139898715173325
3125200,0.140614146590847
3125400,0.140218875454968
3125600,0.140118511618048
3125800,0.139471483141106
3126000,0.140124937088096
3126200,0.139509106283342
3126400,0.140379879903746
3126600,0.140814780656166
3126800,0.141224140592725
3127000,0.141867414373733
3127200,0.142080813697515
3127400,0.141475507756746
3127600,0.141165305843648
3127800,0.141863108518385
3128000,0.14198409604631
3128200,0.142223273544159
3128400,0.142212795470087
3128600,0.141925964384092
3128800,0.142148099622913
3129000,0.141383994321151
3129200,0.141411144679279
3129400,0.14120899573024
3129600,0.141282323000076
3129800,0.141042423299492
3130000,0.141505283000127
3130200,0.141914493765574
3130400,0.141734461147483
3130600,0.140739138461609
3130800,0.14001175350697
3131000,0.140160281839954
3131200,0.140697144870915
3131400,0.140796749600827
3131600,0.140466368606094
3131800,0.140729232245218
3132000,0.140444997456516
3132200,0.140442295227194
3132400,0.139867327353194
3132600,0.139816262176641
3132800,0.139761386702229
3133000,0.140378321748959
3133200,0.140278692636713
3133400,0.140155330672886
3133600,0.140912082481595
3133800,0.140491601756885
3134000,0.140277655539504
3134200,0.140545708338916
3134400,0.14055122054978
3134600,0.14080471110881
3134800,0.140793768094455
3135000,0.141715369748828
3135200,0.140667194606053
3135400,0.141216026103021
3135600,0.141652853205308
3135800,0.140450626172584
3136000,0.141037616077705
3136200,0.14147689589201
3136400,0.141504293999055
3136600,0.141755239540129
3136800,0.141843403690251
3137000,0.142192243401907
3137200,0.14184486229029
3137400,0.141052309203582
3137600,0.141197933957617
3137800,0.14088829951663
3138000,0.140327361593104
3138200,0.140414797138142
3138400,0.140730799401202
3138600,0.140801579797239
3138800,0.14007804416399
3139000,0.140294778835
3139200,0.140457630777168
3139400,0.139681079582442
3139600,0.140226413038621
3139800,0.140046268863881
3140000,0.139861300690537
3140200,0.140178632481896
3140400,0.140528475787515
3140600,0.140688241730373
3140800,0.141068107972571
3141000,0.141006639566031
3141200,0.140701387952896
3141400,0.141373563766407
3141600,0.140663030208694
3141800,0.140064316542455
3142000,0.140221093437609
3142200,0.140210978334747
3142400,0.139858761798445
3142600,0.140259960416996
3142800,0.139003220398369
3143000,0.139309533255065
3143200,0.140123387885315
3143400,0.139296777068979
3143600,0.139207511843652
3143800,0.13871899573217
3144000,0.138874949780845
3144200,0.139657416394213
3144400,0.140424298235324
3144600,0.139930008091345
3144800,0.139821196228793
3145000,0.139695821851531
3145200,0.139459596187297
3145400,0.140353100014954
3145600,0.140926485978602
3145800,0.141085180625782
3146000,0.141410398294273
3146200,0.141864067981727
3146400,0.140764011509633
3146600,0.141486731469186
3146800,0.141370879225499
3147000,0.141380655841994
3147200,0.140627793781674
3147400,0.139671331168773
3147600,0.139886784206158
3147800,0.140677556894725
3148000,0.140350875076937
3148200,0.140385426739769
3148400,0.141009977427979
3148600,0.140900965737157
3148800,0.140987598988357
3149000,0.14025359621682
3149200,0.139989053009638
3149400,0.140536338051879
3149600,0.139969447890142
3149800,0.141138612039836
3150000,0.140785268785934
3150200,0.141843231071181
3150400,0.14171852047815
3150600,0.140948093493465
3150800,0.140441599228863
3151000,0.140238051287206
3151200,0.140216038083069
3151400,0.140193759776573
3151600,0.141288532863842
3151800,0.141054000343072
3152000,0.140640289314362
3152200,0.141240712414135
3152400,0.141377534746977
3152600,0.141648708945909
3152800,0.14122527636764
3153000,0.141154633165971
3153200,0.140740532651023
3153400,0.140290037699545
3153600,0.139690697254346
3153800,0.140064184367935
3154000,0.140345123013097
3154200,0.139876201294292
3154400,0.140388783699207
3154600,0.140343530265624
3154800,0.140393171711225
3155000,0.139592843715429
3155200,0.139635313468112
3155400,0.141544289827164
3155600,0.140506783447816
3155800,0.140009764985923
3156000,0.140235001442509
3156200,0.140672219804571
3156400,0.140982103352164
3156600,0.14136173532038
3156800,0.140359645544727
3157000,0.139503721278025
3157200,0.140592543917435
3157400,0.14070081318949
3157600,0.14156572695904
3157800,0.142131267865089
3158000,0.142277274779557
3158200,0.142245905780445
3158400,0.141561416774959
3158600,0.141880426463211
3158800,0.141451678719023
3159000,0.141539768277108
3159200,0.141544417442945
3159400,0.141596094707539
3159600,0.141917925876798
3159800,0.142004785252635
3160000,0.142244845313382
3160200,0.141389665978559
3160400,0.141073393705246
3160600,0.141408691809624
3160800,0.14082564211714
3161000,0.141257087872018
3161200,0.141969482554004
3161400,0.142017503251748
3161600,0.142223787403092
3161800,0.141387879262769
3162000,0.140891303420167
3162200,0.140999423228496
3162400,0.1417149459156
3162600,0.141501792471916
3162800,0.141217413700731
3163000,0.140752749704007
3163200,0.140102766425758
3163400,0.14065845703784
3163600,0.14148131482553
3163800,0.141176963562717
3164000,0.140972642742207
3164200,0.141002786089642
3164400,0.141334750343955
3164600,0.141292973472431
3164800,0.141393202785888
3165000,0.140959538884649
3165200,0.14052783864434
3165400,0.140676128630423
3165600,0.140969348992869
3165800,0.141332780797999
3166000,0.141904261455184
3166200,0.140824566061044
3166400,0.140810960522379
3166600,0.141228340683205
3166800,0.140769686562852
3167000,0.14034040367991
3167200,0.140210331417954
3167400,0.141002035924925
3167600,0.140794483472025
3167800,0.141639537971906
3168000,0.141702133544198
3168200,0.141603223713841
3168400,0.141735605432228
3168600,0.140655578321941
3168800,0.141500827948001
3169000,0.141108089534846
3169200,0.141743968992903
3169400,0.142063756420959
3169600,0.141166876537835
3169800,0.140662258411157
3170000,0.141099563297134
3170200,0.141131423703698
3170400,0.141906298928077
3170600,0.141936119232518
3170800,0.14206461966185
3171000,0.141794331124727
3171200,0.142298961953712
3171400,0.141778442163743
3171600,0.140596321482838
3171800,0.140861452373016
3172000,0.141105379855733
3172200,0.140587274740779
3172400,0.141238655534284
3172600,0.141862600856755
3172800,0.141454598638607
3173000,0.140836093550936
3173200,0.141046367173471
3173400,0.14109505082576
3173600,0.141231047150801
3173800,0.140913493745082
3174000,0.140570328743127
3174200,0.139286246387702
3174400,0.138861086298592
3174600,0.139343269509631
3174800,0.139580698365096
3175000,0.140117523423842
3175200,0.140541038979255
3175400,0.139571207298784
3175600,0.139254182453366
3175800,0.13980048865383
3176000,0.13917516337955
3176200,0.139166838958276
3176400,0.139005209823493
3176600,0.139536750744493
3176800,0.139861043511172
3177000,0.139869126121842
3177200,0.139440413324415
3177400,0.139219478125012
3177600,0.139323066870127
3177800,0.140076278791273
3178000,0.140157911049509
3178200,0.140817026215998
3178400,0.140325872828544
3178600,0.140159051083143
3178800,0.141040359584415
3179000,0.141304114487386
3179200,0.140914842610821
3179400,0.140168952637403
3179600,0.140838916739616
3179800,0.140885134110304
3180000,0.141217467999041
3180200,0.141249807132565
3180400,0.141497795214574
3180600,0.141465641199752
3180800,0.141533245341729
3181000,0.140733493268752
3181200,0.140866766618176
3181400,0.140961776702918
3181600,0.140764280985723
3181800,0.140876367926814
3182000,0.141634535247687
3182200,0.141992831460852
3182400,0.141908447921721
3182600,0.141631195513287
3182800,0.141420281080302
3183000,0.141471218633354
3183200,0.141401279378327
3183400,0.141132272887078
3183600,0.140866417358612
3183800,0.140918761760383
3184000,0.140487103867308
3184200,0.140701252118233
3184400,0.141420410940145
3184600,0.140176010812103
3184800,0.140401874175856
3185000,0.140329085499443
3185200,0.140912632588612
3185400,0.139779674102267
3185600,0.140124571694812
3185800,0.140139771532134
3186000,0.140761623464299
3186200,0.140909821689598
3186400,0.14099187518827
3186600,0.141456854398977
3186800,0.141771613039829
3187000,0.141752164369259
3187200,0.141263122538425
3187400,0.141933006057851
3187600,0.141141546303914
3187800,0.140133040050204
3188000,0.139735193981461
3188200,0.140603317006286
3188400,0.140193176684856
3188600,0.139996933184093
3188800,0.140696256696683
3189000,0.141016301509799
3189200,0.140583068898989
3189400,0.140809910719547
3189600,0.139495166259458
3189800,0.140537127976497
3190000,0.140867227289844
3190200,0.141168831044332
3190400,0.141385117168916
3190600,0.142623050759385
3190800,0.141430722809725
3191000,0.141239154286254
3191200,0.141441689107707
3191400,0.141697306952506
3191600,0.141643274357658
3191800,0.140758560472885
3192000,0.141091207826685
3192200,0.141152871066775
3192400,0.140900996285861
3192600,0.141385045545252
3192800,0.140394044197596
3193000,0.140908693270674
3193200,0.141080767174585
3193400,0.141169438528259
3193600,0.140533412110241
3193800,0.140996988422203
3194000,0.140941128939657
3194200,0.140640148330971
3194400,0.141748231309409
3194600,0.141671943691619
3194800,0.142064500407719
3195000,0.141990647799621
3195200,0.143152008135474
3195400,0.143427520563715
3195600,0.143561960859575
3195800,0.143325413553495
3196000,0.14239547154114
3196200,0.141815288614979
3196400,0.141892095312835
3196600,0.141792612177303
3196800,0.142082448655579
3197000,0.142669662525423
3197200,0.140856815874479
3197400,0.140592094723751
3197600,0.141180921393392
3197800,0.141522963791511
3198000,0.141160230078008
3198200,0.141908153687857
3198400,0.142570943674211
3198600,0.142360148440397
3198800,0.14170181197471
3199000,0.14108998512926
3199200,0.141688393702606
3199400,0.14098774899619
3199600,0.140444846950254
3199800,0.140358820525908
3200000,0.141409461798374
3200200,0.140930779978264
3200400,0.140786061104449
3200600,0.140805113738846
3200800,0.141162476117896
3201000,0.140577207482259
3201200,0.140867513120754
3201400,0.140192888785438
3201600,0.140831323845123
3201800,0.140850351198936
3202000,0.140852821947181
3202200,0.140728522267933
3202400,0.141225858539753
3202600,0.141567490731484
3202800,0.141251768075862
3203000,0.140825927405269
3203200,0.140088473570665
3203400,0.140500766761974
3203600,0.140345260463722
3203800,0.141191572366347
3204000,0.141174668292327
3204200,0.14161754325396
3204400,0.141308998707344
3204600,0.141976940408835
3204800,0.142527836312994
3205000,0.142637884461587
3205200,0.142997739394096
3205400,0.142230497251645
3205600,0.142161008819204
3205800,0.141574816214589
3206000,0.141999886391219
3206200,0.141906918316046
3206400,0.141840066898034
3206600,0.141316046949787
3206800,0.141967953388304
3207000,0.141974953232579
3207200,0.142499088508825
3207400,0.142442297314586
3207600,0.142540874396148
3207800,0.142277762173347
3208000,0.140855085848389
3208200,0.141295866666896
3208400,0.142363575303674
3208600,0.141977813752314
3208800,0.14168636014378
3209000,0.141184711449116
3209200,0.141639738507497
3209400,0.141984339032941
3209600,0.14194254395309
3209800,0.141981424164844
3210000,0.141401596191992
3210200,0.142031896629983
3210400,0.141889012541335
3210600,0.142735004475501
3210800,0.142372942236725
3211000,0.142450166432921
3211200,0.141988992178295
3211400,0.143123084548828
3211600,0.14295328429944
3211800,0.142757735827713
3212000,0.142220218073505
3212200,0.142811263580806
3212400,0.14290681322674
3212600,0.142604544768067
3212800,0.141810613146077
3213000,0.141825566521639
3213200,0.142086148416526
3213400,0.141600214611578
3213600,0.140810998592911
3213800,0.141379716366676
3214000,0.140814237680915
3214200,0.141231043173274
3214400,0.141839657627219
3214600,0.142380115481536
3214800,0.141822713494645
3215000,0.140808622510289
3215200,0.14051839603421
3215400,0.140974081189444
3215600,0.14141861323285
3215800,0.140594330820992
3216000,0.139926094299752
3216200,0.139565626225503
3216400,0.139150120598079
3216600,0.139100371542815
3216800,0.139642605229625
3217000,0.140247386385499
3217200,0.140947668549423
3217400,0.141493108697213
3217600,0.141652382126825
3217800,0.14161013801279
3218000,0.141337935704738
3218200,0.141440201795568
3218400,0.141340974106946
3218600,0.141269705886762
3218800,0.140899945868321
3219000,0.140586735589627
3219200,0.140144326611889
3219400,0.140306217428197
3219600,0.141291215529311
3219800,0.140466311059403
3220000,0.140776219475097
3220200,0.140493404529214
3220400,0.140560047586067
3220600,0.140805323171798
3220800,0.140218089659445
3221000,0.140521243313598
3221200,0.14017726734007
3221400,0.139775925941443
3221600,0.140121279358008
3221800,0.139827650774337
3222000,0.140390195565548
3222200,0.139852641097301
3222400,0.140932851546959
3222600,0.140315983184389
3222800,0.139439346506043
3223000,0.139652554096547
3223200,0.13975231193199
3223400,0.140074607740656
3223600,0.139570955907453
3223800,0.138922082605105
3224000,0.139423580177085
3224200,0.139554121372794
3224400,0.139943004671025
3224600,0.140078259894713
3224800,0.140179959507787
3225000,0.140274870965928
3225200,0.141246887808463
3225400,0.141832773149951
3225600,0.141416461979649
3225800,0.140886446004923
3226000,0.140569367029945
3226200,0.140275955380631
3226400,0.140863694002624
3226600,0.140027111540851
3226800,0.139862615671721
3227000,0.140151389343739
3227200,0.140825900197283
3227400,0.140128296569214
3227600,0.13920324711286
3227800,0.139952463690053
3228000,0.139867206978216
3228200,0.139925579326657
3228400,0.14099494020141
3228600,0.140984999118148
3228800,0.140835510477442
3229000,0.14123624290898
3229200,0.141086660734308
3229400,0.140879973099566
3229600,0.140902744048936
3229800,0.140854030503242
3230000,0.140040584805782
3230200,0.140265296679834
3230400,0.139831728447526
3230600,0.139841345529671
3230800,0.140760925227648
3231000,0.140851967997233
3231200,0.140802711775513
3231400,0.14104540224891
3231600,0.140713762453488
3231800,0.140228100053997
3232000,0.139634685634346
3232200,0.13938783819947
3232400,0.139383167503265
3232600,0.139860102844285
3232800,0.139849606894181
3233000,0.140845648585788
3233200,0.141853153047053
3233400,0.141721717942663
3233600,0.141517203456739
3233800,0.14170258623192
3234000,0.142430481824417
3234200,0.14273765108506
3234400,0.142820950895952
3234600,0.142098795985663
3234800,0.142645021874452
3235000,0.142204658540662
3235200,0.141351037106494
3235400,0.142039515316601
3235600,0.141540712588606
3235800,0.141817809402813
3236000,0.142511927116801
3236200,0.141870047495598
3236400,0.14187072750731
3236600,0.143262198599896
3236800,0.14135777799167
3237000,0.141982791984112
3237200,0.14245693513301
3237400,0.142619738623015
3237600,0.142439436142353
3237800,0.1420516879411
3238000,0.141914556428317
3238200,0.142519958432021
3238400,0.142278942810829
3238600,0.142270488686508
3238800,0.142459650713841
3239000,0.142364668809435
3239200,0.141983565883521
3239400,0.141775048851305
3239600,0.141344878923021
3239800,0.141179163389301
3240000,0.141969692224327
3240200,0.142682061158562
3240400,0.142196386257208
3240600,0.141284887019423
3240800,0.141235880283293
3241000,0.14196837033376
3241200,0.141857831278728
3241400,0.141717503972592
3241600,0.141338700686504
3241800,0.142357171140963
3242000,0.141458235717816
3242200,0.141623784585491
3242400,0.140482211617857
3242600,0.140653646228358
3242800,0.140711006249664
3243000,0.141068963284736
3243200,0.141636085068974
3243400,0.142201202447296
3243600,0.142313243683393
3243800,0.142305210434271
3244000,0.142142094813842
3244200,0.141976121160303
3244400,0.141583615803717
3244600,0.141612031319589
3244800,0.14167867003526
3245000,0.141600475733984
3245200,0.140922810494301
3245400,0.141274773977808
3245600,0.141725474629967
3245800,0.14151026409301
3246000,0.141320118247939
3246200,0.14222554379291
3246400,0.141976547902833
3246600,0.1417422927604
3246800,0.141912238642129
3247000,0.141348768266651
3247200,0.141880778143589
3247400,0.14201832941772
3247600,0.142123846223752
3247800,0.142923994161622
3248000,0.142743124542848
3248200,0.142365351348977
3248400,0.142274012218199
3248600,0.141635039451855
3248800,0.141776505235163
3249000,0.141445242866499
3249200,0.142050010391259
3249400,0.141309177556239
3249600,0.141315876258058
3249800,0.141738011096394
3250000,0.14147836551222
3250200,0.141105642756978
3250400,0.141562208226955
3250600,0.141312932916114
3250800,0.141883309719976
3251000,0.14180349969721
3251200,0.142105047566435
3251400,0.142027537013023
3251600,0.141355548985962
3251800,0.141889180656464
3252000,0.141444029679654
3252200,0.141299258683525
3252400,0.141705198187343
3252600,0.142406480677098
3252800,0.142517420732917
3253000,0.142926803691106
3253200,0.14256840736109
3253400,0.142176153724559
3253600,0.141860958099073
3253800,0.141269452703882
3254000,0.141026385443259
3254200,0.141771682580264
3254400,0.14146455153146
3254600,0.141705298936282
3254800,0.141285444999424
3255000,0.142009265851318
3255200,0.142312116874156
3255400,0.14225944536379
3255600,0.142369325520564
3255800,0.142288240124865
3256000,0.141525650931299
3256200,0.141392516319708
3256400,0.141129338008952
3256600,0.141899007258754
3256800,0.141168446693793
3257000,0.142110811709606
3257200,0.141902388129962
3257400,0.14201861749576
3257600,0.141484717171192
3257800,0.140853181297776
3258000,0.140277521140756
3258200,0.140392072639774
3258400,0.140196040421044
3258600,0.140765857895886
3258800,0.141524155752589
3259000,0.140590345583364
3259200,0.141020324758762
3259400,0.141125793717484
3259600,0.140299443188339
3259800,0.141349985840112
3260000,0.141654265636241
3260200,0.140497039766153
3260400,0.139985319275907
3260600,0.140456761488224
3260800,0.140833842563474
3261000,0.140589621054056
3261200,0.140960356245954
3261400,0.141151264084446
3261600,0.140586113767664
3261800,0.140268910767874
3262000,0.14012462444749
3262200,0.140306264993467
3262400,0.140094253438673
3262600,0.140028577915647
3262800,0.139297139386597
3263000,0.138760028124264
3263200,0.138895305552502
3263400,0.139829782930193
3263600,0.139250660349963
3263800,0.13944805242176
3264000,0.139604655688101
3264200,0.140037385323
3264400,0.139994666687093
3264600,0.139534966410761
3264800,0.139842821327266
3265000,0.139506502646435
3265200,0.139563005484492
3265400,0.138873229082327
3265600,0.13898845403197
3265800,0.139766342285184
3266000,0.139514081952144
3266200,0.139062929740297
3266400,0.139623370201794
3266600,0.140003572026119
3266800,0.139393185137611
3267000,0.140009213157284
3267200,0.140469992829271
3267400,0.140129430920137
3267600,0.139699572263055
3267800,0.139305324976747
3268000,0.139418362746219
3268200,0.139310088095909
3268400,0.139750946976142
3268600,0.140391604457484
3268800,0.140175859062724
3269000,0.140136042242975
3269200,0.140637625374536
3269400,0.140765750102309
3269600,0.139899077606313
3269800,0.140469028388525
3270000,0.140362630294457
3270200,0.140424853811205
3270400,0.140518428776949
3270600,0.140240637724421
3270800,0.139748241826569
3271000,0.139675225572291
3271200,0.139355565970999
3271400,0.139591521143196
3271600,0.139680660877294
3271800,0.139689165438099
3272000,0.138996321070997
3272200,0.139802239612952
3272400,0.139988494155956
3272600,0.141430968825837
3272800,0.140615894007725
3273000,0.140862610213127
3273200,0.14102563152911
3273400,0.140199446833551
3273600,0.140383006497825
3273800,0.140255476629305
3274000,0.139993810898576
3274200,0.139218506270788
3274400,0.138928831976252
3274600,0.138872458704109
3274800,0.139126843565864
3275000,0.139024604326407
3275200,0.139689594247775
3275400,0.13877413194098
3275600,0.138679610155746
3275800,0.138958233820211
3276000,0.139813221836083
3276200,0.139419581583078
3276400,0.139129932514359
3276600,0.140387058077341
3276800,0.140325050904458
3277000,0.140105539206852
3277200,0.139855869747245
3277400,0.140094347533146
3277600,0.140735714409266
3277800,0.139905713392895
3278000,0.140315445405398
3278200,0.140423915841188
3278400,0.139766095895854
3278600,0.138867422662726
3278800,0.138901802661823
3279000,0.138281364940008
3279200,0.138026467754953
3279400,0.13809969401802
3279600,0.13893033413076
3279800,0.138785300262921
3280000,0.138951611113435
3280200,0.139293983268387
3280400,0.137901945641556
3280600,0.138392350065083
3280800,0.138542384000131
3281000,0.138245673453328
3281200,0.137114901207997
3281400,0.137402333937042
3281600,0.138119708666217
3281800,0.138401302262789
3282000,0.13837798369587
3282200,0.138478661525597
3282400,0.137513540189606
3282600,0.138075864082985
3282800,0.138386586089735
3283000,0.138952075594374
3283200,0.138671864828347
3283400,0.139250166988206
3283600,0.138806230489189
3283800,0.138638700856138
3284000,0.138175303685943
3284200,0.138545840148922
3284400,0.138203610468039
3284600,0.138574851217261
3284800,0.138391922793156
3285000,0.13915674154172
3285200,0.139331055539046
3285400,0.139945442945145
3285600,0.139087436077607
3285800,0.138039661600708
3286000,0.138120845240915
3286200,0.137786038188297
3286400,0.137950938662759
3286600,0.137899128217331
3286800,0.137938024423128
3287000,0.137436874511345
3287200,0.137887524864608
3287400,0.138065787559975
3287600,0.137886732445725
3287800,0.13760597627922
3288000,0.137681215711605
3288200,0.13759287469061
3288400,0.137547467791066
3288600,0.137983223808286
3288800,0.137985457414594
3289000,0.138732297274477
3289200,0.138597005029835
3289400,0.13833741414376
3289600,0.137973174172549
3289800,0.137287533737762
3290000,0.13747625138001
3290200,0.137628482220921
3290400,0.13789447077584
3290600,0.137993375583743
3290800,0.137706177002573
3291000,0.138020370875922
3291200,0.138367381882912
3291400,0.137855427128444
3291600,0.136729735783989
3291800,0.136477808895865
3292000,0.136948658734117
3292200,0.138029441083296
3292400,0.13789794989598
3292600,0.13848085675331
3292800,0.137849900616392
3293000,0.137664420916773
3293200,0.137915175108091
3293400,0.138546174832018
3293600,0.139459264946821
3293800,0.139154144137273
3294000,0.138866891651217
3294200,0.138840619680749
3294400,0.138837543519585
3294600,0.139305837537132
3294800,0.139778359328773
3295000,0.138893668863049
3295200,0.138833258557901
3295400,0.139804570476348
3295600,0.139415566169016
3295800,0.139030888120276
3296000,0.140340490822982
3296200,0.140820036713717
3296400,0.140273252812495
3296600,0.140933180076023
3296800,0.141544495277857
3297000,0.141292210258467
3297200,0.139800018909242
3297400,0.139637179763591
3297600,0.140059537467516
3297800,0.140679958313128
3298000,0.140671515324078
3298200,0.140309204776099
3298400,0.139341491966792
3298600,0.139122191888537
3298800,0.138762869911492
3299000,0.138605841087975
3299200,0.138594843482365
3299400,0.138362375898516
3299600,0.138075363972819
3299800,0.139087797644262
3300000,0.138703146380659
3300200,0.138019678147352
3300400,0.138873281386435
3300600,0.139680195119892
3300800,0.139366577562611
3301000,0.138890312476788
3301200,0.138306107226509
3301400,0.138366019077752
3301600,0.138303622220152
3301800,0.139294232189881
3302000,0.139103435967614
3302200,0.139010162987497
3302400,0.139082088909059
3302600,0.139751190318955
3302800,0.139660057261674
3303000,0.13976227401744
3303200,0.138987169414941
3303400,0.139147249986216
3303600,0.139316315415816
3303800,0.139410244967389
3304000,0.138520968707642
3304200,0.139056317031309
3304400,0.138818521125386
3304600,0.137921527682963
3304800,0.137315893065447
3305000,0.137492921507081
3305200,0.137950221727454
3305400,0.138571771053486
3305600,0.139252370544757
3305800,0.138760490950788
3306000,0.13899696471781
3306200,0.139315981431688
3306400,0.139279750455968
3306600,0.139332985025087
3306800,0.13955011428671
3307000,0.138549383113636
3307200,0.137792688512081
3307400,0.137725524198807
3307600,0.137555193265215
3307800,0.138088818490737
3308000,0.138412950660782
3308200,0.138169973967033
3308400,0.137907164320109
3308600,0.136996685346808
3308800,0.137064024026564
3309000,0.137480822746334
3309200,0.137391302294152
3309400,0.137726508769925
3309600,0.138164494040825
3309800,0.138884430156781
3310000,0.138436143116678
3310200,0.138112446142407
3310400,0.137711754231475
3310600,0.137375837089645
3310800,0.137721826682613
3311000,0.138544283983063
3311200,0.13907836561195
3311400,0.138609213737767
3311600,0.138424719323753
3311800,0.138237853573827
3312000,0.138378323000526
3312200,0.138197721023576
3312400,0.137947154466004
3312600,0.137178552710415
3312800,0.136920226617086
3313000,0.137666137367015
3313200,0.137520029284631
3313400,0.136476525231624
3313600,0.137730473874159
3313800,0.137754114778778
3314000,0.137238887682301
3314200,0.137560470596119
3314400,0.137830777285556
3314600,0.137395058204677
3314800,0.137801938888779
3315000,0.137833113167149
3315200,0.137188644406688
3315400,0.137270493732382
3315600,0.13740250297594
3315800,0.137475308532362
3316000,0.137084048281029
3316200,0.137837252588688
3316400,0.136805312787473
3316600,0.137598209987462
3316800,0.137843663839804
3317000,0.138061450865933
3317200,0.138775374746567
3317400,0.138501184683554
3317600,0.1388175294759
3317800,0.138360301327185
3318000,0.138143548376312
3318200,0.138805153834064
3318400,0.13897606602197
3318600,0.139556088284222
3318800,0.138905603149895
3319000,0.138780101048939
3319200,0.13869707401233
3319400,0.138123323018582
3319600,0.137805992803628
3319800,0.137804580672306
3320000,0.137504919183095
3320200,0.136139886251544
3320400,0.136544593100622
3320600,0.136838032201839
3320800,0.136962873816872
3321000,0.13659973534825
3321200,0.136753855689637
3321400,0.137095125783933
3321600,0.136358566892161
3321800,0.136979914594131
3322000,0.137638779503083
3322200,0.137152468348496
3322400,0.137710172857598
3322600,0.137763341699628
3322800,0.137869483412806
3323000,0.137909275253279
3323200,0.138016666297021
3323400,0.138450572880856
3323600,0.13822166319291
3323800,0.137559684597957
3324000,0.138083182771345
3324200,0.13822218714956
3324400,0.138632097933804
3324600,0.138392349635357
3324800,0.138520175839025
3325000,0.138715215268715
3325200,0.139341268743769
3325400,0.139562463981999
3325600,0.139170213413961
3325800,0.139153219653522
3326000,0.138449377532709
3326200,0.137411001906704
3326400,0.13826971726351
3326600,0.138603268784714
3326800,0.138325791790368
3327000,0.138263533313207
3327200,0.138545621296058
3327400,0.137627081653301
3327600,0.13794443939361
3327800,0.138665371151456
3328000,0.137683590779265
3328200,0.138215648427745
3328400,0.138200874867544
3328600,0.137763449653816
3328800,0.137504389532181
3329000,0.137175616695713
3329200,0.137169446489781
3329400,0.135922703826251
3329600,0.136662099020259
3329800,0.137860106820417
3330000,0.137844283582202
3330200,0.13812032102463
3330400,0.138538777231239
3330600,0.137809219834273
3330800,0.13773327056899
3331000,0.138067912282204
3331200,0.137209372783485
3331400,0.137446479921613
3331600,0.137508753864142
3331800,0.13695973088829
3332000,0.137306688488504
3332200,0.138160629721973
3332400,0.137634386906139
3332600,0.137081184491121
3332800,0.136748814258936
3333000,0.136665026029999
3333200,0.137183314823497
3333400,0.137782311690383
3333600,0.138313666018464
3333800,0.13868009507321
3334000,0.139074847539885
3334200,0.138804592430551
3334400,0.139068079047013
3334600,0.138872341157173
3334800,0.138476483694701
3335000,0.138786677807633
3335200,0.138550328156938
3335400,0.138095393840562
3335600,0.138794350875003
3335800,0.138432984068793
3336000,0.138352805271218
3336200,0.138531579680661
3336400,0.137649498289789
3336600,0.138167660680694
3336800,0.137435972170852
3337000,0.137538536236049
3337200,0.137716339786637
3337400,0.137984670746401
3337600,0.137690755064704
3337800,0.138203889505162
3338000,0.138818035620171
3338200,0.138838928291973
3338400,0.137646323464107
3338600,0.138317991375936
3338800,0.138698210271146
3339000,0.138185291323724
3339200,0.137425681155653
3339400,0.137764410800121
3339600,0.138583327704051
3339800,0.138593550153191
3340000,0.138426863903675
3340200,0.138907442174158
3340400,0.138936719502494
3340600,0.139269116346151
3340800,0.138590218068986
3341000,0.138354203850383
3341200,0.139406247496238
3341400,0.139702825376723
3341600,0.139721336979766
3341800,0.140143320747212
3342000,0.139509656739357
3342200,0.139001718551592
3342400,0.138556888557203
3342600,0.138990034574205
3342800,0.13887612303867
3343000,0.138600280707831
3343200,0.137938197713909
3343400,0.13851245215681
3343600,0.138521322548198
3343800,0.138609557429847
3344000,0.138463226535053
3344200,0.138872331267785
3344400,0.139177349971237
3344600,0.13918564023843
3344800,0.139449115416129
3345000,0.138605758352881
3345200,0.139255762889967
3345400,0.140122184615454
3345600,0.141060690324162
3345800,0.140352818975845
3346000,0.139901489656672
3346200,0.140575318974472
3346400,0.138921859039001
3346600,0.139555321580962
3346800,0.138600564519187
3347000,0.139656494522933
3347200,0.139262987348647
3347400,0.138830448810001
3347600,0.139058405613959
3347800,0.139150214418955
3348000,0.139153661008433
3348200,0.139310096757067
3348400,0.13867213455227
3348600,0.138655668448716
3348800,0.138860646033654
3349000,0.138208362917577
3349200,0.137675970477884
3349400,0.137765511708958
3349600,0.137992446810324
3349800,0.138013032247348
3350000,0.137790175424186
3350200,0.138236056430949
3350400,0.138343059604398
3350600,0.138588214636533
3350800,0.139232702936861
3351000,0.139438676714385
3351200,0.139546274789461
3351400,0.139680779751838
3351600,0.1399377428073
3351800,0.139738506883961
3352000,0.13918863905971
3352200,0.139293123985725
3352400,0.138458465780411
3352600,0.138427189342459
3352800,0.139416299758708
3353000,0.138950823562632
3353200,0.139248704029718
3353400,0.138633306534801
3353600,0.138501637839829
3353800,0.138857412025825
3354000,0.138743764555585
3354200,0.139082580094524
3354400,0.139654985538351
3354600,0.139557469153164
3354800,0.14039772806956
3355000,0.139408520625386
3355200,0.139009307884854
3355400,0.13890248360163
3355600,0.139159816943822
3355800,0.139871399986316
3356000,0.140399677841579
3356200,0.139056442281395
3356400,0.138663470464758
3356600,0.139398224126717
3356800,0.138799724531683
3357000,0.139650523840889
3357200,0.140564588922269
3357400,0.140843045298718
3357600,0.140010734525472
3357800,0.14030525001395
3358000,0.140367933394018
3358200,0.140525292928298
3358400,0.139257989377048
3358600,0.139885060133699
3358800,0.140523629699637
3359000,0.140965266677752
3359200,0.139411968388508
3359400,0.138616712425322
3359600,0.13867447932053
3359800,0.138506182139206
3360000,0.13837219476936
3360200,0.138305010024999
3360400,0.138246261315553
3360600,0.138616770904468
3360800,0.139273945711539
3361000,0.140025207712359
3361200,0.139260776715029
3361400,0.139677408730016
3361600,0.138975354659272
3361800,0.139711345786725
3362000,0.139099990881703
3362200,0.139280790220123
3362400,0.138504150409593
3362600,0.139140976294453
3362800,0.139778780345478
3363000,0.140581057385128
3363200,0.141253186407978
3363400,0.140693575928604
3363600,0.140065679224937
3363800,0.139895067501634
3364000,0.140421536481854
3364200,0.140402278488312
3364400,0.140065616741021
3364600,0.138978619479534
3364800,0.138614645881047
3365000,0.138767297644908
3365200,0.13953790278891
3365400,0.139866052768513
3365600,0.138891699608942
3365800,0.138863813739272
3366000,0.138052198214776
3366200,0.13846490927366
3366400,0.138363730324183
3366600,0.139260401656658
3366800,0.138774018478134
3367000,0.138681749236916
3367200,0.138147874847601
3367400,0.137814742754184
3367600,0.137611406577272
3367800,0.13783507105041
3368000,0.138132701321509
3368200,0.137503865550426
3368400,0.137795357066524
3368600,0.138877863293967
3368800,0.139207817262029
3369000,0.138450850477604
3369200,0.137922551972273
3369400,0.138744974384611
3369600,0.13771908577647
3369800,0.137716150427359
3370000,0.137793218409656
3370200,0.137943728016881
3370400,0.137168660322527
3370600,0.137209215866644
3370800,0.136842373274052
3371000,0.137038558558022
3371200,0.136630845622957
3371400,0.136855133030225
3371600,0.136445586624768
3371800,0.136351141804453
3372000,0.136069471750753
3372200,0.137029577516266
3372400,0.13722120688072
3372600,0.137903953565989
3372800,0.13802666220284
3373000,0.137800118686172
3373200,0.138315673716941
3373400,0.138319536399496
3373600,0.138166137148795
3373800,0.137255667431109
3374000,0.137133447135152
3374200,0.137705194983311
3374400,0.137955483384698
3374600,0.137586597824544
3374800,0.13737207164501
3375000,0.138044748574177
3375200,0.137628769956147
3375400,0.138250957376095
3375600,0.138374695118627
3375800,0.137414110290874
3376000,0.138084331195227
3376200,0.13782664309366
3376400,0.137433518112443
3376600,0.137306826862652
3376800,0.137439022033906
3377000,0.137781287586626
3377200,0.137783005451404
3377400,0.1377839222477
3377600,0.137947240027485
3377800,0.137884537532041
3378000,0.137758294061746
3378200,0.138383435543833
3378400,0.138261201154691
3378600,0.137851302167071
3378800,0.13780213596706
3379000,0.138095091166259
3379200,0.138180268252788
3379400,0.138837212399231
3379600,0.139464831428037
3379800,0.138898190608673
3380000,0.139115818014982
3380200,0.138043941216295
3380400,0.137849811930922
3380600,0.13736949378562
3380800,0.138055190443287
3381000,0.13842128983953
3381200,0.137944097666534
3381400,0.13777901731397
3381600,0.137789165722924
3381800,0.13710640682701
3382000,0.137183843189255
3382200,0.138041977550332
3382400,0.138838345096661
3382600,0.139126502672488
3382800,0.13814889996862
3383000,0.137429848436215
3383200,0.138164395805387
3383400,0.138940556514426
3383600,0.138947931105303
3383800,0.138324677150425
3384000,0.138405510379876
3384200,0.13916059758198
3384400,0.139910827265863
3384600,0.13996519008777
3384800,0.139098580617519
3385000,0.138579071055395
3385200,0.138725630722764
3385400,0.138969483915992
3385600,0.138614251150291
3385800,0.137568464559845
3386000,0.138258942202647
3386200,0.138161422902139
3386400,0.138516183297392
3386600,0.137945184652842
3386800,0.138019647696429
3387000,0.138346818219885
3387200,0.137716246596259
3387400,0.136703055465995
3387600,0.137021395312687
3387800,0.138004121713347
3388000,0.137691961104038
3388200,0.138236338601883
3388400,0.136343038080674
3388600,0.13693274730025
3388800,0.137670753594961
3389000,0.138264410866377
3389200,0.136750593264504
3389400,0.136860089609671
3389600,0.137133778174419
3389800,0.136897445368537
3390000,0.136896554792173
3390200,0.137300360688173
3390400,0.136766991024829
3390600,0.137307252548843
3390800,0.137553636295247
3391000,0.137617668507246
3391200,0.137737380797856
3391400,0.13767419570676
3391600,0.137869227052841
3391800,0.137884610859934
3392000,0.137672185357754
3392200,0.138002410262339
3392400,0.137779411739412
3392600,0.137634656373423
3392800,0.137418100369841
3393000,0.13709193667875
3393200,0.137402696096127
3393400,0.137043070282303
3393600,0.137216908042656
3393800,0.137107808943112
3394000,0.137702435283129
3394200,0.137178914606348
3394400,0.136713037107312
3394600,0.137285194324879
3394800,0.137731862118675
3395000,0.137049445596132
3395200,0.137645307560298
3395400,0.137128556211016
3395600,0.137501320466504
3395800,0.137123103520595
3396000,0.136825248419884
3396200,0.136302044927709
3396400,0.136367324729915
3396600,0.13696733673218
3396800,0.136739339984517
3397000,0.137405355393714
3397200,0.136574410861917
3397400,0.136196373981394
3397600,0.136754992782314
3397800,0.136617580254709
3398000,0.137005633938681
3398200,0.137184387497695
3398400,0.136988349228868
3398600,0.136281629517436
3398800,0.136925054269857
3399000,0.13736121099326
3399200,0.138051328634101
3399400,0.138166825106222
3399600,0.137725255537833
3399800,0.138320441962822
3400000,0.138173942133644
3400200,0.137316853608348
3400400,0.137204592350256
3400600,0.137080399440138
3400800,0.13804165905012
3401000,0.138353520787702
3401200,0.138126708374514
3401400,0.137373652300811
3401600,0.137556777580487
3401800,0.137595647129996
3402000,0.137131599158347
3402200,0.137474204092865
3402400,0.136974088005445
3402600,0.137864502210602
3402800,0.137332989951161
3403000,0.137247661111697
3403200,0.13778382312222
3403400,0.1375915665538
3403600,0.137728915074362
3403800,0.137237839223637
3404000,0.136694516149579
3404200,0.136570812104937
3404400,0.136721702495864
3404600,0.136553520540845
3404800,0.137044153901787
3405000,0.137445207129063
3405200,0.137586115568938
3405400,0.137007023910697
3405600,0.136662902085433
3405800,0.137067189746693
3406000,0.136934786416902
3406200,0.136620236244973
3406400,0.137020037975289
3406600,0.136974957649051
3406800,0.137451735776975
3407000,0.138152654308628
3407200,0.137989976690543
3407400,0.137796421809621
3407600,0.137811392263588
3407800,0.13713866833123
3408000,0.137650745613904
3408200,0.138307385418836
3408400,0.137805775301182
3408600,0.136827656214735
3408800,0.137646582248194
3409000,0.137280872178091
3409200,0.136628783933478
3409400,0.137927313142406
3409600,0.1380124179178
3409800,0.137809408985293
3410000,0.136886368164147
3410200,0.137225153739825
3410400,0.137268274109031
3410600,0.137401608093059
3410800,0.137716658357695
3411000,0.137409599765974
3411200,0.137115415888078
3411400,0.137191367066223
3411600,0.137470382772549
3411800,0.138016451547961
3412000,0.137793259998374
3412200,0.137072242937873
3412400,0.136117024029224
3412600,0.135536441060723
3412800,0.136501402638668
3413000,0.136926215662523
3413200,0.136006660291677
3413400,0.136887332782403
3413600,0.136843343902397
3413800,0.136480072535677
3414000,0.13634407830185
3414200,0.136333573873385
3414400,0.136132117763411
3414600,0.13658747275541
3414800,0.136266086881179
3415000,0.136095008939762
3415200,0.136289285848427
3415400,0.135770211254986
3415600,0.136490155722687
3415800,0.137145170678191
3416000,0.13709311581309
3416200,0.137883022926648
3416400,0.13816260219573
3416600,0.137061839204111
3416800,0.137169665812687
3417000,0.1373847703024
3417200,0.136716244572783
3417400,0.135797868857248
3417600,0.135993227866121
3417800,0.13612811646552
3418000,0.136699867810354
3418200,0.135948648882728
3418400,0.13624624954019
3418600,0.136405738920247
3418800,0.136683497470724
3419000,0.136579547133909
3419200,0.137247948029243
3419400,0.13792318513281
3419600,0.137382156109714
3419800,0.137155414775139
3420000,0.136887473056901
3420200,0.137609886884
3420400,0.137295621159517
3420600,0.13715502104685
3420800,0.137580732071105
3421000,0.137035204268134
3421200,0.136714031034076
3421400,0.136443123791305
3421600,0.136858332879765
3421800,0.136324678695411
3422000,0.136660448011667
3422200,0.137455449937196
3422400,0.137788568467537
3422600,0.137444566218706
3422800,0.137149362321072
3423000,0.136894403141613
3423200,0.137383963782926
3423400,0.136973868457281
3423600,0.136949352602759
3423800,0.136527442659569
3424000,0.13610713132741
3424200,0.136008339886998
3424400,0.135966289975883
3424600,0.136314577631884
3424800,0.136429051422921
3425000,0.135681202934705
3425200,0.136584637222781
3425400,0.136630737466401
3425600,0.136676714465637
3425800,0.136494461103919
3426000,0.136352340816639
3426200,0.136120708450623
3426400,0.135876495496662
3426600,0.135975437495179
3426800,0.135811088364202
3427000,0.136499660436158
3427200,0.136395970162029
3427400,0.137528100830025
3427600,0.136523642541449
3427800,0.136219902916366
3428000,0.135335598663428
3428200,0.136450677132939
3428400,0.135946982916494
3428600,0.136537576357249
3428800,0.136244168643236
3429000,0.136582048127747
3429200,0.135451243247415
3429400,0.13594617593205
3429600,0.135872008484002
3429800,0.135607571356243
3430000,0.135521692337742
3430200,0.135031767177543
3430400,0.135736417356721
3430600,0.136705019266093
3430800,0.13673004584754
3431000,0.137098031943653
3431200,0.136963796178024
3431400,0.136671697125507
3431600,0.136531225926692
3431800,0.136769245623276
3432000,0.135756497151664
3432200,0.135860056082317
3432400,0.136522727194913
3432600,0.136948436897751
3432800,0.13684129199942
3433000,0.136841635432665
3433200,0.136242948229413
3433400,0.136521955470191
3433600,0.13606533723624
3433800,0.135464989142547
3434000,0.135842462231107
3434200,0.135888212719108
3434400,0.137070313800543
3434600,0.138398032480346
3434800,0.138407711061525
3435000,0.137881604737953
3435200,0.137389657107883
3435400,0.136957114339614
3435600,0.138232285831404
3435800,0.138420581214611
3436000,0.13829160020478
3436200,0.13738368754079
3436400,0.138173220307106
3436600,0.138513675845398
3436800,0.138163492807694
3437000,0.13873152251358
3437200,0.138057582766875
3437400,0.137450175982298
3437600,0.136593321495606
3437800,0.136708658819619
3438000,0.136510061760903
3438200,0.136265989274898
3438400,0.136522423127055
3438600,0.135943897969598
3438800,0.136281249539296
3439000,0.136709222883272
3439200,0.137076308817505
3439400,0.136769628894261
3439600,0.137201910708021
3439800,0.137833130312644
3440000,0.137919505494752
3440200,0.138075264930187
3440400,0.137606688985223
3440600,0.137016776846492
3440800,0.13729864774227
3441000,0.13704900185032
3441200,0.136989890097083
3441400,0.137111309287165
3441600,0.137607016319008
3441800,0.13788966813702
3442000,0.138088082654889
3442200,0.138686501947324
3442400,0.138046293448688
3442600,0.138451630287971
3442800,0.138831899297069
3443000,0.13750056517904
3443200,0.138125102134781
3443400,0.137427046478279
3443600,0.137326209855701
3443800,0.13763160793544
3444000,0.138462596475189
3444200,0.138615660149328
3444400,0.137921481379314
3444600,0.137284487525519
3444800,0.137971988226102
3445000,0.137552409841705
3445200,0.136942618641612
3445400,0.136766191771995
3445600,0.137422599126034
3445800,0.137380307941592
3446000,0.137570524206983
3446200,0.138368606595377
3446400,0.138986500705335
3446600,0.139098999867024
3446800,0.138947149500282
3447000,0.13928078876565
3447200,0.138721876097665
3447400,0.138528992370419
3447600,0.138474942885923
3447800,0.138022281457614
3448000,0.138363742274903
3448200,0.138597670743485
3448400,0.138257705966695
3448600,0.13844841324835
3448800,0.138479417983215
3449000,0.138982179230994
3449200,0.13820296241506
3449400,0.137989755387811
3449600,0.138148622118424
3449800,0.138561616977396
3450000,0.138159675970684
3450200,0.138167198503774
3450400,0.138258151496554
3450600,0.138112146736611
3450800,0.137656371828991
3451000,0.138003703279684
3451200,0.138303936253482
3451400,0.138162328695022
3451600,0.137632364789214
3451800,0.138597070213673
3452000,0.13787930829681
3452200,0.13679628882925
3452400,0.13700809081065
3452600,0.137692515137973
3452800,0.137929179925449
3453000,0.137093557746491
3453200,0.137457635018672
3453400,0.137683836711256
3453600,0.137805403188046
3453800,0.13754413459626
3454000,0.13676955521362
3454200,0.136444312459427
3454400,0.137064802910235
3454600,0.137230455004806
3454800,0.137160863351835
3455000,0.137142992547894
3455200,0.137099172992744
3455400,0.137171741462887
3455600,0.137010393902982
3455800,0.137723900278521
3456000,0.136545257822679
3456200,0.137125904319691
3456400,0.13744354308228
3456600,0.138795804995291
3456800,0.139168947574331
3457000,0.138485165485301
3457200,0.138665343834831
3457400,0.13794667473357
3457600,0.136984247981096
3457800,0.138043253180946
3458000,0.13894280984268
3458200,0.138125070584221
3458400,0.137480468096624
3458600,0.137410753122001
3458800,0.136881848365173
3459000,0.137645529323297
3459200,0.137223141569442
3459400,0.136290034645679
3459600,0.135951885846565
3459800,0.136244764343737
3460000,0.137095522022436
3460200,0.136689787581926
3460400,0.136860473861538
3460600,0.136320647133296
3460800,0.136559783421561
3461000,0.137568785962896
3461200,0.137496956443711
3461400,0.137081561079248
3461600,0.137302058133984
3461800,0.137566103904929
3462000,0.137377047329441
3462200,0.136938374258782
3462400,0.136498864219166
3462600,0.137297984290596
3462800,0.138165150101931
3463000,0.137507593668414
3463200,0.136647148164814
3463400,0.137518996333683
3463600,0.137465416084161
3463800,0.136826978625189
3464000,0.136404428601697
3464200,0.136322945584545
3464400,0.136454769587506
3464600,0.136571957615719
3464800,0.135947239383667
3465000,0.136813437756205
3465200,0.136876133922954
3465400,0.136095316576724
3465600,0.135968302229129
3465800,0.13650160730246
3466000,0.135792883010837
3466200,0.135709229573355
3466400,0.135533048341334
3466600,0.13592699302768
3466800,0.136907620977264
3467000,0.136923699883353
3467200,0.136060977348369
3467400,0.135900067945771
3467600,0.136207500967484
3467800,0.136554017602534
3468000,0.135840463180349
3468200,0.136257698816902
3468400,0.136829876731277
3468600,0.136327442298591
3468800,0.135579673405318
3469000,0.135739933206482
3469200,0.136234945944988
3469400,0.13632078855003
3469600,0.136414713457947
3469800,0.135593772929529
3470000,0.136379140776373
3470200,0.136965164794956
3470400,0.13724549670526
3470600,0.136937434130105
3470800,0.135943285948546
3471000,0.135775258094973
3471200,0.136096434339148
3471400,0.135443051037082
3471600,0.135199596758017
3471800,0.135833404446326
3472000,0.135597653668028
3472200,0.13557885818136
3472400,0.135748368861026
3472600,0.135638203390706
3472800,0.135932479640157
3473000,0.13605626796191
3473200,0.136494868484669
3473400,0.137012817621755
3473600,0.137008041064682
3473800,0.137365767462484
3474000,0.137904242556859
3474200,0.136857436249589
3474400,0.136216017512173
3474600,0.136251715482157
3474800,0.136878153808233
3475000,0.136950157779474
3475200,0.137047202689742
3475400,0.137550464495802
3475600,0.136575171045267
3475800,0.136661813429591
3476000,0.136372569472366
3476200,0.136206364366471
3476400,0.135958039293708
3476600,0.135295166443031
3476800,0.135802337872629
3477000,0.136650251085538
3477200,0.135692003275508
3477400,0.135961817933453
3477600,0.136170166792206
3477800,0.135814531499972
3478000,0.135869200621695
3478200,0.136486430488132
3478400,0.136985987983192
3478600,0.136835875978884
3478800,0.135156342433018
3479000,0.134237475111962
3479200,0.134540132719707
3479400,0.135617807859993
3479600,0.135437501126514
3479800,0.135227479046901
3480000,0.135608426169969
3480200,0.135123918347251
3480400,0.13511639506564
3480600,0.134976211023171
3480800,0.135301437865169
3481000,0.13509991330955
3481200,0.135369230222127
3481400,0.134803440675563
3481600,0.13613330890563
3481800,0.135436593283193
3482000,0.134895639792227
3482200,0.135880194310656
3482400,0.134855257362579
3482600,0.134953768584702
3482800,0.134391131710775
3483000,0.134507123077766
3483200,0.134187287035193
3483400,0.134255525610567
3483600,0.134303136506992
3483800,0.134948594796114
3484000,0.13519181416975
3484200,0.135991731211707
3484400,0.135750867527783
3484600,0.134760781258888
3484800,0.134052184555878
3485000,0.134925467719124
3485200,0.135324451804628
3485400,0.1359577063621
3485600,0.135980979970071
3485800,0.135904083901623
3486000,0.135497654834988
3486200,0.135213490687392
3486400,0.134904056766892
3486600,0.135079393752125
3486800,0.134543020045252
3487000,0.135164860871948
3487200,0.134446971617338
3487400,0.133921337191414
3487600,0.135447610446988
3487800,0.135928654098624
3488000,0.135685580859037
3488200,0.135354242362092
3488400,0.135649403317252
3488600,0.135878860744769
3488800,0.135401128820361
3489000,0.135883863732941
3489200,0.136492544839618
3489400,0.135493680876053
3489600,0.135726026346119
3489800,0.135759955744099
3490000,0.13478818176466
3490200,0.134452926706087
3490400,0.13478748182223
3490600,0.135256472512003
3490800,0.136020296761762
3491000,0.136313022124371
3491200,0.136069684414574
3491400,0.136828205577616
3491600,0.136869067040649
3491800,0.136142367677251
3492000,0.136171402377766
3492200,0.136613295467957
3492400,0.136250007476583
3492600,0.136397161323725
3492800,0.135886478989976
3493000,0.136138276210746
3493200,0.13710882702505
3493400,0.136565787727397
3493600,0.136410442767227
3493800,0.135853609127284
3494000,0.135764141369615
3494200,0.136713245045605
3494400,0.137046592545715
3494600,0.136279823589953
3494800,0.136148537390764
3495000,0.136821011762492
3495200,0.135725882664023
3495400,0.135221841893675
3495600,0.136144647014193
3495800,0.136038754281463
3496000,0.135909329977265
3496200,0.135774826946618
3496400,0.135838656158045
3496600,0.135611671461368
3496800,0.13535787305666
3497000,0.135612285005126
3497200,0.134891599291991
3497400,0.134872631427592
3497600,0.135203081360516
3497800,0.134984812784535
3498000,0.135802375089105
3498200,0.136003186623972
3498400,0.135472358285156
3498600,0.135902050346795
3498800,0.136362797414577
3499000,0.135977086842092
3499200,0.135547095591942
3499400,0.134720374723756
3499600,0.134482726244346
3499800,0.134978624622684
3500000,0.134311873030716
3500200,0.135672446343076
3500400,0.136154633095457
3500600,0.136249055992097
3500800,0.136005679134665
3501000,0.136301732660091
3501200,0.136687845172968
3501400,0.135968478202404
3501600,0.135291848014574
3501800,0.135993670267841
3502000,0.136053854542829
3502200,0.136688686577346
3502400,0.135722275888879
3502600,0.136609970046662
3502800,0.136470462082485
3503000,0.136229559089683
3503200,0.136728793742788
3503400,0.136858938668077
3503600,0.137192569954868
3503800,0.13661629827272
3504000,0.137327943229862
3504200,0.135782404851477
3504400,0.135661987339937
3504600,0.135402990634977
3504800,0.135777569201567
3505000,0.135379110837948
3505200,0.134996515892854
3505400,0.134598518450594
3505600,0.134001298609464
3505800,0.135327313973714
3506000,0.135545524625158
3506200,0.135530986236445
3506400,0.135282229296336
3506600,0.135038723106113
3506800,0.134594888204908
3507000,0.134310006586317
3507200,0.134962709974925
3507400,0.135084326374266
3507600,0.135786144339421
3507800,0.13595348163777
3508000,0.136099947043978
3508200,0.136018266584082
3508400,0.137063601392047
3508600,0.136352444304805
3508800,0.135982686226824
3509000,0.135444177236693
3509200,0.135246523191543
3509400,0.134866828896502
3509600,0.134727333399884
3509800,0.134891585262673
3510000,0.135033368623922
3510200,0.135176847058494
3510400,0.135236003194687
3510600,0.135950549254736
3510800,0.134291182874907
3511000,0.134576208645694
3511200,0.135090890572886
3511400,0.135341069265972
3511600,0.135186090244142
3511800,0.134717888583606
3512000,0.135061556887371
3512200,0.135015614349892
3512400,0.134976959738556
3512600,0.134763451796617
3512800,0.134895635823969
3513000,0.134832332511089
3513200,0.134276626542599
3513400,0.133947168736701
3513600,0.134527103651342
3513800,0.13497055113777
3514000,0.135098480493592
3514200,0.135142355194282
3514400,0.134815393759783
3514600,0.13500114631259
3514800,0.13526424117164
3515000,0.134969171788937
3515200,0.13532088954914
3515400,0.135954826002905
3515600,0.135096898543557
3515800,0.134221722802605
3516000,0.135614395795602
3516200,0.13520017487823
3516400,0.135180733540091
3516600,0.135483429299862
3516800,0.135238103091128
3517000,0.134697718654878
3517200,0.135351372698177
3517400,0.135499711245897
3517600,0.135854877758135
3517800,0.13516084805594
3518000,0.135745727952847
3518200,0.136559952082381
3518400,0.136288564610772
3518600,0.136536557730129
3518800,0.136527062657208
3519000,0.136083169237934
3519200,0.136869698320825
3519400,0.135959491854185
3519600,0.136430794292809
3519800,0.136111783131679
3520000,0.136508944469246
3520200,0.135602653285982
3520400,0.135863950855737
3520600,0.136269648372882
3520800,0.136002495776504
3521000,0.135998465859231
3521200,0.136544813606876
3521400,0.136246668531367
3521600,0.136602709723483
3521800,0.136615452154456
3522000,0.135649600478457
3522200,0.136247643916106
3522400,0.135760437570737
3522600,0.135614612083102
3522800,0.134718919818628
3523000,0.135379850145444
3523200,0.135215203997216
3523400,0.135098821733409
3523600,0.134704533015657
3523800,0.134966638345198
3524000,0.13578224801055
3524200,0.136641112203793
3524400,0.135876186175408
3524600,0.136153186143796
3524800,0.136083264777389
3525000,0.136001780234632
3525200,0.13477350132365
3525400,0.134246874338361
3525600,0.135335739525813
3525800,0.1358408068138
3526000,0.135693980971686
3526200,0.135892489839234
3526400,0.13540807741078
3526600,0.135397670807543
3526800,0.135201992628396
3527000,0.135884902070196
3527200,0.136844570072019
3527400,0.136055935727117
3527600,0.135705028646387
3527800,0.135953326317189
3528000,0.135887473780291
3528200,0.135466722143933
3528400,0.13515460985255
3528600,0.134827857279193
3528800,0.135151055855474
3529000,0.136018880094341
3529200,0.135975993443955
3529400,0.13539153025596
3529600,0.136190538368892
3529800,0.135694919311546
3530000,0.134733236813252
3530200,0.135109386328962
3530400,0.135466504681257
3530600,0.135367801218231
3530800,0.135437170314182
3531000,0.135095014841359
3531200,0.134410704834979
3531400,0.134954058984628
3531600,0.135509572499449
3531800,0.136409162776434
3532000,0.136138200100275
3532200,0.135604868122366
3532400,0.135207683520635
3532600,0.134690278266876
3532800,0.134501318208613
3533000,0.13475592997787
3533200,0.134753513118865
3533400,0.133991689465296
3533600,0.133733405321975
3533800,0.134034570752039
3534000,0.134067093017826
3534200,0.134249579589562
3534400,0.134958144434607
3534600,0.134832140912953
3534800,0.134893413891448
3535000,0.134523056064137
3535200,0.134610359193333
3535400,0.133823134834193
3535600,0.133017945429871
3535800,0.133505579772271
3536000,0.133754619359193
3536200,0.13427166216864
3536400,0.134392552493982
3536600,0.134556276980364
3536800,0.134676434746275
3537000,0.133956735516018
3537200,0.134187979972434
3537400,0.134795371561919
3537600,0.134824588260014
3537800,0.135363659624346
3538000,0.136096250098715
3538200,0.135768418021971
3538400,0.135373181216603
3538600,0.135294013975743
3538800,0.135757690166448
3539000,0.135311287868697
3539200,0.135840605183527
3539400,0.135525021017006
3539600,0.134679120462038
3539800,0.134045731902927
3540000,0.133454871248365
3540200,0.133402427910923
3540400,0.13311089767304
3540600,0.134169590122538
3540800,0.134569385741867
3541000,0.134516118192056
3541200,0.134602575141447
3541400,0.134364912948904
3541600,0.134183573841619
3541800,0.134691407928134
3542000,0.134850871228841
3542200,0.134251669289376
3542400,0.135362004485848
3542600,0.134441325977428
3542800,0.134347616945543
3543000,0.134533999434279
3543200,0.135069813657492
3543400,0.1344491846693
3543600,0.134871883923591
3543800,0.134729479292777
3544000,0.134907821468715
3544200,0.134551239852753
3544400,0.135112409681372
3544600,0.134595528331832
3544800,0.134923475098141
3545000,0.134848761435526
3545200,0.135009272582504
3545400,0.134826234123456
3545600,0.134890987968178
3545800,0.134765666092928
3546000,0.136096517367386
3546200,0.135495168344514
3546400,0.134709547647548
3546600,0.134070434686875
3546800,0.134493576575465
3547000,0.135322932132036
3547200,0.134193840396364
3547400,0.133817476907813
3547600,0.134011298831928
3547800,0.13344912609866
3548000,0.133457893973033
3548200,0.13343538042726
3548400,0.133627968310777
3548600,0.13396285699541
3548800,0.133960747749877
3549000,0.133874139589394
3549200,0.133175880219029
3549400,0.133270146139068
3549600,0.134156221494783
3549800,0.134518936861344
3550000,0.134084775672098
3550200,0.134385430311961
3550400,0.135053626589642
3550600,0.134597773178949
3550800,0.134866869390222
3551000,0.133964727401437
3551200,0.134244892666817
3551400,0.135060883791115
3551600,0.134838284117153
3551800,0.134334672803897
3552000,0.133665801844035
3552200,0.134105510996561
3552400,0.134178320260075
3552600,0.134039506122217
3552800,0.133651168489861
3553000,0.134012558235922
3553200,0.134692056953999
3553400,0.133987412014515
3553600,0.132554166161848
3553800,0.132572050314892
3554000,0.132756452173813
3554200,0.133673348171221
3554400,0.133578233349578
3554600,0.13383755116829
3554800,0.134269212482908
3555000,0.135465440848076
3555200,0.13513017200563
3555400,0.13447616314696
3555600,0.135233171946738
3555800,0.135267317369472
3556000,0.135598848639158
3556200,0.135610123900723
3556400,0.135419447544429
3556600,0.135549363424735
3556800,0.13478360863867
3557000,0.134879635244547
3557200,0.134644161152845
3557400,0.13516425580427
3557600,0.134454204804981
3557800,0.134973541231562
3558000,0.134581296880411
3558200,0.134964525620799
3558400,0.134461165932136
3558600,0.135441819310317
3558800,0.135518730197528
3559000,0.134759871654716
3559200,0.134846135282454
3559400,0.135181643443722
3559600,0.134143704768573
3559800,0.133382155077129
3560000,0.134078722212896
3560200,0.134381407412365
3560400,0.135188422748028
3560600,0.136069584449447
3560800,0.135403257743923
3561000,0.134436932119962
3561200,0.133494893783131
3561400,0.134037167919175
3561600,0.133885280164437
3561800,0.134672404556107
3562000,0.134958736195548
3562200,0.135255951285322
3562400,0.13539777834853
3562600,0.13478896454273
3562800,0.134083151694143
3563000,0.133790117401137
3563200,0.135312766662735
3563400,0.13522906181306
3563600,0.135039045606234
3563800,0.135163070125096
3564000,0.134148573701774
3564200,0.134613854224008
3564400,0.134276205861763
3564600,0.133987361864171
3564800,0.133704013469024
3565000,0.133297725208214
3565200,0.132855413835008
3565400,0.133444294832428
3565600,0.133858125493313
3565800,0.134068097335826
3566000,0.134088191292306
3566200,0.134168906774749
3566400,0.134270395527494
3566600,0.134406211532358
3566800,0.135652130335281
3567000,0.135090636755151
3567200,0.134642326262372
3567400,0.135304318797163
3567600,0.13530262899918
3567800,0.134994003171122
3568000,0.135144691125368
3568200,0.136171673975185
3568400,0.134962639445414
3568600,0.135063599156928
3568800,0.136075034119048
3569000,0.136598679748115
3569200,0.136241612686801
3569400,0.136026739417692
3569600,0.135382597245778
3569800,0.135638673735402
3570000,0.135671899460967
3570200,0.135661852401117
3570400,0.134782124164203
3570600,0.134624963283733
3570800,0.134455192801426
3571000,0.134851669160596
3571200,0.134085175187198
3571400,0.134396902675614
3571600,0.135048096750382
3571800,0.134835359208145
3572000,0.135041287564813
3572200,0.134409942669651
3572400,0.135153911101725
3572600,0.133751740662976
3572800,0.134211699252155
3573000,0.134802773659914
3573200,0.133705416284368
3573400,0.134311113447925
3573600,0.134953275837588
3573800,0.134197508392093
3574000,0.134104711091877
3574200,0.13412584456055
3574400,0.13405953061907
3574600,0.133768807185569
3574800,0.133950938190941
3575000,0.133875693505058
3575200,0.133964815353332
3575400,0.134849824506723
3575600,0.134472338308147
3575800,0.134732651341445
3576000,0.134759452292339
3576200,0.133958167054455
3576400,0.135062336175817
3576600,0.134261418671479
3576800,0.134594070983509
3577000,0.134290408126532
3577200,0.133139230104507
3577400,0.133078047239296
3577600,0.133170233273334
3577800,0.133948979260401
3578000,0.133282576420353
3578200,0.132888029004602
3578400,0.132905100740825
3578600,0.132900459061775
3578800,0.133508301508741
3579000,0.133251071325983
3579200,0.133911160104207
3579400,0.13432092413193
3579600,0.134978987420053
3579800,0.135416980713793
3580000,0.134090975791485
3580200,0.134355443968113
3580400,0.134593528541526
3580600,0.134072949644442
3580800,0.133747351961609
3581000,0.133455447265961
3581200,0.133886017959748
3581400,0.134046423426954
3581600,0.133975034188906
3581800,0.134335798850871
3582000,0.13364253106914
3582200,0.132829375391763
3582400,0.133548862437421
3582600,0.133267477972015
3582800,0.133075059283818
3583000,0.1314570259682
3583200,0.131985038219874
3583400,0.13251136469947
3583600,0.13234336334239
3583800,0.132417118776933
3584000,0.133437964324594
3584200,0.133073113761063
3584400,0.133326261097198
3584600,0.133380007292881
3584800,0.133377074274629
3585000,0.133656305737881
3585200,0.133788024136157
3585400,0.133754089400415
3585600,0.134159230006725
3585800,0.134069276564011
3586000,0.134541828298076
3586200,0.134756900576054
3586400,0.134024159855066
3586600,0.134272228704236
3586800,0.134339049056069
3587000,0.134242335711848
3587200,0.132901975193967
3587400,0.132834969462652
3587600,0.13227727669455
3587800,0.132369995594327
3588000,0.132504244455501
3588200,0.132949778960051
3588400,0.132639847396746
3588600,0.132508603347685
3588800,0.133879649871927
3589000,0.133785265683498
3589200,0.133373775500259
3589400,0.13367512234458
3589600,0.133170610431775
3589800,0.133710110002361
3590000,0.133381260190442
3590200,0.133588029958079
3590400,0.133743546504402
3590600,0.134107321868223
3590800,0.134494516592743
3591000,0.134461178731295
3591200,0.134406028691637
3591400,0.134797527051235
3591600,0.13439918911032
3591800,0.13355054307284
3592000,0.133133707535282
3592200,0.133680176621338
3592400,0.133607193457737
3592600,0.133318942110499
3592800,0.132333134416424
3593000,0.132108268063858
3593200,0.132360303011362
3593400,0.132189446427466
3593600,0.132326728761963
3593800,0.131778264780291
3594000,0.13209151047838
3594200,0.131490991889248
3594400,0.132701566718324
3594600,0.132520268883739
3594800,0.132488368378631
3595000,0.13263408453797
3595200,0.13276912842109
3595400,0.133968718291121
3595600,0.132811229993001
3595800,0.132681805675944
3596000,0.132161025558279
3596200,0.132026011783309
3596400,0.133274211731784
3596600,0.133792474259026
3596800,0.133356355289289
3597000,0.132953017903906
3597200,0.132862456223607
3597400,0.132918156280665
3597600,0.132321814207637
3597800,0.133231829621504
3598000,0.132494802818854
3598200,0.132222655196686
3598400,0.131833381814053
3598600,0.131523642453681
3598800,0.132698304342665
3599000,0.13246085345068
3599200,0.13167029849385
3599400,0.131843299699633
3599600,0.132731288158539
3599800,0.132053980020211
3600000,0.132300297303752
3600200,0.132304017206349
3600400,0.132257869924113
3600600,0.131801766867297
3600800,0.131855564443533
3601000,0.131826442954099
3601200,0.132487013020978
3601400,0.132335780934276
3601600,0.132270326364851
3601800,0.132594661521746
3602000,0.132749924877488
3602200,0.132262437350422
3602400,0.131884201223261
3602600,0.131964982597047
3602800,0.132098158774754
3603000,0.131653976270155
3603200,0.131524919660822
3603400,0.131548457394648
3603600,0.131928762497956
3603800,0.131590682878869
3604000,0.132033292770837
3604200,0.132379461731717
3604400,0.133267052843028
3604600,0.133188856293759
3604800,0.132442164462829
3605000,0.132579116900506
3605200,0.132025316043844
3605400,0.132574740637319
3605600,0.133362864889194
3605800,0.132031157307682
3606000,0.132000441273375
3606200,0.131856506098919
3606400,0.132528946083341
3606600,0.132001236278917
3606800,0.132765450969282
3607000,0.132887635833339
3607200,0.132342869654999
3607400,0.131518168054007
3607600,0.131935195891225
3607800,0.131911355937614
3608000,0.132725207264623
3608200,0.132171782262712
3608400,0.132191100659088
3608600,0.131804269881029
3608800,0.132168429674192
3609000,0.132863309063352
3609200,0.132593060392133
3609400,0.132592023551863
3609600,0.133582724108178
3609800,0.133494702566614
3610000,0.13293788896261
3610200,0.132466102004853
3610400,0.132367299519993
3610600,0.131983959707464
3610800,0.132012118869834
3611000,0.132136158896121
3611200,0.131653980601811
3611400,0.132055942681552
3611600,0.131681743855954
3611800,0.131510820881075
3612000,0.13197741894654
3612200,0.131892210137682
3612400,0.132180294885913
3612600,0.132727241077583
3612800,0.13281035414948
3613000,0.132991530237832
3613200,0.133001844378304
3613400,0.132283859904222
3613600,0.132681849727747
3613800,0.132263902042145
3614000,0.132003990864221
3614200,0.133094211786427
3614400,0.133157117473135
3614600,0.133693550982204
3614800,0.132510512349724
3615000,0.132045232439666
3615200,0.13244807674432
3615400,0.132764916363143
3615600,0.132163116772469
3615800,0.132363479727069
3616000,0.132590031298667
3616200,0.132948039564323
3616400,0.133175368370456
3616600,0.133553817758391
3616800,0.133774721192487
3617000,0.133539802139934
3617200,0.133238586565049
3617400,0.132450592553873
3617600,0.131897505767051
3617800,0.132268094225199
3618000,0.132755468725613
3618200,0.132744629036371
3618400,0.132001435194349
3618600,0.132491936187735
3618800,0.133045159974495
3619000,0.132895354179936
3619200,0.132214636438751
3619400,0.133127803434413
3619600,0.132598463375543
3619800,0.133884358878292
3620000,0.133323968408628
3620200,0.13306525926926
3620400,0.132736839496875
3620600,0.132760592593183
3620800,0.133269822691927
3621000,0.132635728012373
3621200,0.132864049517275
3621400,0.132137462105498
3621600,0.132323172880086
3621800,0.132781911909522
3622000,0.132470473007162
3622200,0.131627743444383
3622400,0.132196688452252
3622600,0.132068585824351
3622800,0.13262067525048
3623000,0.13200501766906
3623200,0.132498458797545
3623400,0.131525054622071
3623600,0.131900058140525
3623800,0.131630642437352
3624000,0.130799317225132
3624200,0.131281778632172
3624400,0.131380668171776
3624600,0.131311643602237
3624800,0.131303839209348
3625000,0.131757577165329
3625200,0.130827533567762
3625400,0.13149105897343
3625600,0.132048363551409
3625800,0.132207021810354
3626000,0.131678730318951
3626200,0.131835185393758
3626400,0.131487896902575
3626600,0.131035989483955
3626800,0.130387237662592
3627000,0.130044707575866
3627200,0.131084851434096
3627400,0.13104374758157
3627600,0.130519355731571
3627800,0.13105416630974
3628000,0.131547789327352
3628200,0.131748757520424
3628400,0.132022753298662
3628600,0.13150551555974
3628800,0.131485607114222
3629000,0.131155288265037
3629200,0.131656066092419
3629400,0.131919407624551
3629600,0.132256036062094
3629800,0.132038917234863
3630000,0.131729976530746
3630200,0.13053841622986
3630400,0.130485045947262
3630600,0.130846684644355
3630800,0.131242078618223
3631000,0.130396304398664
3631200,0.129605549183395
3631400,0.130174867268659
3631600,0.13010047187224
3631800,0.130353480049415
3632000,0.129594171475519
3632200,0.129488308608814
3632400,0.13020519564968
3632600,0.130674821926772
3632800,0.130269952474142
3633000,0.129805740802645
3633200,0.130765229437293
3633400,0.130373318153225
3633600,0.130352102955582
3633800,0.12969222628966
3634000,0.129283323879336
3634200,0.1299688534497
3634400,0.130127362820389
3634600,0.1303653305063
3634800,0.130717285211559
3635000,0.129804908582282
3635200,0.129966946566349
3635400,0.12983209675775
3635600,0.130379457643083
3635800,0.130471785057771
3636000,0.130567207731709
3636200,0.130479383010656
3636400,0.130643481579947
3636600,0.130586822738559
3636800,0.13092488512518
3637000,0.13114868667913
3637200,0.130875175465486
3637400,0.131014321238949
3637600,0.130851546411574
3637800,0.130637853383888
3638000,0.13100887933852
3638200,0.131726436056796
3638400,0.131199996922966
3638600,0.131214031473913
3638800,0.13128533277045
3639000,0.13102883691169
3639200,0.131187291237424
3639400,0.131312523175299
3639600,0.131381452659821
3639800,0.130575167835116
3640000,0.131056350637865
3640200,0.130556783551981
3640400,0.130755942968617
3640600,0.130125373756062
3640800,0.129919170350394
3641000,0.131094874171765
3641200,0.13110228092894
3641400,0.131951110506552
3641600,0.132190223873499
3641800,0.132232593305583
3642000,0.131641598604103
3642200,0.131674766281204
3642400,0.131743334120943
3642600,0.131579063962036
3642800,0.13165398027421
3643000,0.131180756159223
3643200,0.131625649991107
3643400,0.131306946980088
3643600,0.131321550273593
3643800,0.130774052148551
3644000,0.131199704971947
3644200,0.130743555796609
3644400,0.130165783753918
3644600,0.129977357469133
3644800,0.131130006543321
3645000,0.132092804222262
3645200,0.13203336749296
3645400,0.132144699767129
3645600,0.131730698091999
3645800,0.131760641988061
3646000,0.132031201666157
3646200,0.13229309617348
3646400,0.132471465112644
3646600,0.132657376854163
3646800,0.132064563447791
3647000,0.131959694349189
3647200,0.132919317303488
3647400,0.133357975898911
3647600,0.132650335566877
3647800,0.133417666262704
3648000,0.13261447146005
3648200,0.132420022756436
3648400,0.132161444663738
3648600,0.132060708898964
3648800,0.131502453480651
3649000,0.131814260654444
3649200,0.132160367907339
3649400,0.132308866885118
3649600,0.132656312233426
3649800,0.133281241672884
3650000,0.133486018175289
3650200,0.133245235729494
3650400,0.133414253899358
3650600,0.133812254472212
3650800,0.134030983397446
3651000,0.134396322338743
3651200,0.134530169795841
3651400,0.133299876393943
3651600,0.133049042989739
3651800,0.133496488423076
3652000,0.133869463696451
3652200,0.133210900517577
3652400,0.132398985210584
3652600,0.132273638134632
3652800,0.131794143245954
3653000,0.132003853174548
3653200,0.131818194931946
3653400,0.132270584637687
3653600,0.132713886177877
3653800,0.132808541816054
3654000,0.133045475179087
3654200,0.13286086642416
3654400,0.131835198309169
3654600,0.131228261725806
3654800,0.131865267802229
3655000,0.131343653878117
3655200,0.131354195220339
3655400,0.131617647766739
3655600,0.131990071129361
3655800,0.132063648780459
3656000,0.130724838217504
3656200,0.131370372265568
3656400,0.130336154703524
3656600,0.13100965465725
3656800,0.130763033986589
3657000,0.131320267150859
3657200,0.130833386582266
3657400,0.130664399829089
3657600,0.130570555298842
3657800,0.130740422930285
3658000,0.130745911224046
3658200,0.131476286499581
3658400,0.131037333520434
3658600,0.130593327935387
3658800,0.131220876221105
3659000,0.131241031066846
3659200,0.130640694388964
3659400,0.131356419211209
3659600,0.131177624718665
3659800,0.131616477492751
3660000,0.130869933648357
3660200,0.131785484778926
3660400,0.132854185201341
3660600,0.132636767699375
3660800,0.132243070566856
3661000,0.13269566570182
3661200,0.133182214044732
3661400,0.133005142939914
3661600,0.133019842206589
3661800,0.132952635812653
3662000,0.133133487935985
3662200,0.133080056878084
3662400,0.132433211282773
3662600,0.132771816826881
3662800,0.133273475382679
3663000,0.132909440133484
3663200,0.133011133347946
3663400,0.133870819236713
3663600,0.133702841171184
3663800,0.132933788747206
3664000,0.133235981410012
3664200,0.132347636957044
3664400,0.132988114046087
3664600,0.131914394862472
3664800,0.131500972329759
3665000,0.132778819914394
3665200,0.132584119228581
3665400,0.132110766435898
3665600,0.132657026487288
3665800,0.132314891021762
3666000,0.131853384875915
3666200,0.131683188399265
3666400,0.131866206937818
3666600,0.131567382410603
3666800,0.132100978150515
3667000,0.132636076796414
3667200,0.132805907610303
3667400,0.132589385570297
3667600,0.133050515800441
3667800,0.133092607860765
3668000,0.131762919856453
3668200,0.131917164181654
3668400,0.132591582534654
3668600,0.132173540469698
3668800,0.132113647233757
3669000,0.132723605294342
3669200,0.132324682535676
3669400,0.133549200724558
3669600,0.133320502081781
3669800,0.132751473432468
3670000,0.132897152084345
3670200,0.133326624755806
3670400,0.1341278225299
3670600,0.133408357266233
3670800,0.133408440815292
3671000,0.133722429984331
3671200,0.134172429256365
3671400,0.133724827654427
3671600,0.133528086183905
3671800,0.133582424758839
3672000,0.134452041771549
3672200,0.134132224758217
3672400,0.133335694746297
3672600,0.132909677573198
3672800,0.132922550456206
3673000,0.132883949228445
3673200,0.1322011125314
3673400,0.132220004591496
3673600,0.132405427995062
3673800,0.132837837994005
3674000,0.132832525410941
3674200,0.132535004725569
3674400,0.132265657836023
3674600,0.132982413423743
3674800,0.132782963823809
3675000,0.132528093391848
3675200,0.13246699030768
3675400,0.132909075056061
3675600,0.132558614029342
3675800,0.132655135266973
3676000,0.134119578090876
3676200,0.13383047633325
3676400,0.13403553482807
3676600,0.133850263036859
3676800,0.133955672141233
3677000,0.133448194975699
3677200,0.133624813006394
3677400,0.133064797729102
3677600,0.132963261251054
3677800,0.132972966183273
3678000,0.134224123197107
3678200,0.133794184506662
3678400,0.134225084674156
3678600,0.133903086155818
3678800,0.133344797033609
3679000,0.132965246022142
3679200,0.132852636949161
3679400,0.133077052278261
3679600,0.134130516263803
3679800,0.133194745221007
3680000,0.133578231602571
3680200,0.13361297204896
3680400,0.134448449761227
3680600,0.134317012762732
3680800,0.135074602942479
3681000,0.135161693302811
3681200,0.13492951825042
3681400,0.135392514279016
3681600,0.135157722674577
3681800,0.134091624521991
3682000,0.133822359399658
3682200,0.134168746171407
3682400,0.134088181583044
3682600,0.134150223822993
3682800,0.134242789090381
3683000,0.133967975013738
3683200,0.134321780787389
3683400,0.134719348258006
3683600,0.134971413845651
3683800,0.134453940219522
3684000,0.134391362565154
3684200,0.134634922328283
3684400,0.13442179069397
3684600,0.134793216089798
3684800,0.134346740800735
3685000,0.134243369702859
3685200,0.134864024573802
3685400,0.135414194765013
3685600,0.134678170019905
3685800,0.134670538175674
3686000,0.134972117516885
3686200,0.134694853458761
3686400,0.134539786043664
3686600,0.134746367770805
3686800,0.133951200939069
3687000,0.133312902757578
3687200,0.133138399800656
3687400,0.133853245393788
3687600,0.134804017843238
3687800,0.135128518522087
3688000,0.134731198954871
3688200,0.13374657701228
3688400,0.133305727522957
3688600,0.133137032492391
3688800,0.133603772008623
3689000,0.134066412983039
3689200,0.133728218487615
3689400,0.133996572551569
3689600,0.134119889395704
3689800,0.134594809831893
3690000,0.134294793252175
3690200,0.133795876518901
3690400,0.13398909766032
3690600,0.134027137671946
3690800,0.133945608412696
3691000,0.133096401404225
3691200,0.13287173831115
3691400,0.133237555036259
3691600,0.133709279225034
3691800,0.133119594165693
3692000,0.133450633422539
3692200,0.133442027586658
3692400,0.133645929913586
3692600,0.133085002720941
3692800,0.133053475187649
3693000,0.133736670632445
3693200,0.133559402373491
3693400,0.134468884651954
3693600,0.134000436787921
3693800,0.134171610658007
3694000,0.133456573629692
3694200,0.132756367436792
3694400,0.132968383589917
3694600,0.132621178396724
3694800,0.132481650536249
3695000,0.132480701864683
3695200,0.132913552595388
3695400,0.133545748866699
3695600,0.132958143948933
3695800,0.132951784269479
3696000,0.133891285753263
3696200,0.133582700151386
3696400,0.133947873312376
3696600,0.133000956732363
3696800,0.133015872420997
3697000,0.133703898658915
3697200,0.13319564639426
3697400,0.132529877378994
3697600,0.132821342968069
3697800,0.132527257030988
3698000,0.132521321695959
3698200,0.132832479889029
3698400,0.132785467773787
3698600,0.132785581695623
3698800,0.133093010153897
3699000,0.133876185338105
3699200,0.134629043846784
3699400,0.134468750641338
3699600,0.135021020095189
3699800,0.135315790929017
3700000,0.134656433075171
3700200,0.134940464457419
3700400,0.134047094758392
3700600,0.134363194548191
3700800,0.13406651706076
3701000,0.134158324371895
3701200,0.13483225777631
3701400,0.135116683182009
3701600,0.134282854116894
3701800,0.134126341535411
3702000,0.13386729622688
3702200,0.133452089687739
3702400,0.133431193700139
3702600,0.133058042976738
3702800,0.132991334302791
3703000,0.132533717821955
3703200,0.132391999640316
3703400,0.131546753030418
3703600,0.132091696028896
3703800,0.132166483720334
3704000,0.131817231670848
3704200,0.131954868759946
3704400,0.132091217948487
3704600,0.132078088495305
3704800,0.13204331410917
3705000,0.131234667034399
3705200,0.131173224919657
3705400,0.131135450065138
3705600,0.131747775391874
3705800,0.132409807843163
3706000,0.131690980808268
3706200,0.132538482929685
3706400,0.132629887405355
3706600,0.132267894686981
3706800,0.13166547363199
3707000,0.132283061455498
3707200,0.132335624532833
3707400,0.132865450115805
3707600,0.133083400014067
3707800,0.133492748680739
3708000,0.132929135542819
3708200,0.133183476698609
3708400,0.132898477112925
3708600,0.133282903174542
3708800,0.133162753914674
3709000,0.132919665934165
3709200,0.13283202134943
3709400,0.132201709745517
3709600,0.132153448912933
3709800,0.131524617570715
3710000,0.131906203115209
3710200,0.132175000500579
3710400,0.132902081404077
3710600,0.131820249623879
3710800,0.132155448999714
3711000,0.131983814684602
3711200,0.132496773446048
3711400,0.132514462481283
3711600,0.132887544437981
3711800,0.132492856817889
3712000,0.132979264347111
3712200,0.132805043509448
3712400,0.132399058645155
3712600,0.133126702921565
3712800,0.132970337297164
3713000,0.133517518189548
3713200,0.13376929216712
3713400,0.133209776161554
3713600,0.133265087392534
3713800,0.133176225441646
3714000,0.133661846297201
3714200,0.133759025428204
3714400,0.133997439893472
3714600,0.1332616062176
3714800,0.132960650321748
3715000,0.132987848116474
3715200,0.132569526322069
3715400,0.132963290270801
3715600,0.13240862760456
3715800,0.133012741038221
3716000,0.132999775662568
3716200,0.132975832153759
3716400,0.132307153698411
3716600,0.131768054725353
3716800,0.132018238905083
3717000,0.132588199456549
3717200,0.131825733255427
3717400,0.132506384191093
3717600,0.132685541210879
3717800,0.132913694759093
3718000,0.132802965402952
3718200,0.132966460405927
3718400,0.13317501195696
3718600,0.133142014579543
3718800,0.133419696965928
3719000,0.132618015961469
3719200,0.132714119741069
3719400,0.132791729487154
3719600,0.132400259534594
3719800,0.13272468142958
3720000,0.133152293831288
3720200,0.132903677007902
3720400,0.132898033116103
3720600,0.132349202697216
3720800,0.131753952749258
3721000,0.131506782270722
3721200,0.132354339896928
3721400,0.132584103581341
3721600,0.132592674497754
3721800,0.132121242128542
3722000,0.132517750300463
3722200,0.132206462773376
3722400,0.132439034852388
3722600,0.133252108005246
3722800,0.133080578963306
3723000,0.132683674247714
3723200,0.133213168055612
3723400,0.132963208032976
3723600,0.132546574299738
3723800,0.133404370709582
3724000,0.132909146458933
3724200,0.133666958570418
3724400,0.133307369398603
3724600,0.132252127428857
3724800,0.132632340310189
3725000,0.131937756250202
3725200,0.131465669585803
3725400,0.132239448580358
3725600,0.133305918858756
3725800,0.133297301538087
3726000,0.132458892187762
3726200,0.132197346844584
3726400,0.132626330859308
3726600,0.132251377440509
3726800,0.132301366072044
3727000,0.132703091436817
3727200,0.13297221662142
3727400,0.132943092267682
3727600,0.132688462978849
3727800,0.132846062511929
3728000,0.132763685719694
3728200,0.133136495351333
3728400,0.133583842977338
3728600,0.134193042214683
3728800,0.134337471004948
3729000,0.13275024446187
3729200,0.132328051034222
3729400,0.13214659519271
3729600,0.132605700640318
3729800,0.132319157977182
3730000,0.132161790167384
3730200,0.131800642286181
3730400,0.1323863645422
3730600,0.132383798658199
3730800,0.132543197170679
3731000,0.132790990104314
3731200,0.132781002212274
3731400,0.13308921138072
3731600,0.132458468806222
3731800,0.133586940646143
3732000,0.132954661949121
3732200,0.132899037569777
3732400,0.132574777460023
3732600,0.131703330431629
3732800,0.132193894897459
3733000,0.132373118907532
3733200,0.131897618317434
3733400,0.131925505237023
3733600,0.132187400285226
3733800,0.132189104925792
3734000,0.132122419680909
3734200,0.131337807577266
3734400,0.130679597110426
3734600,0.131217236395284
3734800,0.131937840293341
3735000,0.132519155443849
3735200,0.132274953555513
3735400,0.131305615400305
3735600,0.131200499862194
3735800,0.131409389679783
3736000,0.132246364167895
3736200,0.132745966496224
3736400,0.132651430146893
3736600,0.132288356877083
3736800,0.132603245478006
3737000,0.132840871022776
3737200,0.132694901213858
3737400,0.132352364488536
3737600,0.132196354991563
3737800,0.132611127242477
3738000,0.133591822371676
3738200,0.133929358026086
3738400,0.133017805675699
3738600,0.132672214031837
3738800,0.132744791370507
3739000,0.133048825623321
3739200,0.131817684182206
3739400,0.131715466354336
3739600,0.13178978344021
3739800,0.132679557628577
3740000,0.13236058995844
3740200,0.132369460577282
3740400,0.132176280901003
3740600,0.132635344325955
3740800,0.131646503444023
3741000,0.131284040866059
3741200,0.131580480290518
3741400,0.132451243283438
3741600,0.132205556288531
3741800,0.131908599998305
3742000,0.133431834046855
3742200,0.132965923788833
3742400,0.132689590164159
3742600,0.133926962418888
3742800,0.133248540836249
3743000,0.132404373578397
3743200,0.132479465954732
3743400,0.133215575581645
3743600,0.133313628091718
3743800,0.133178053761794
3744000,0.133894612047543
3744200,0.133268294840849
3744400,0.132588248431904
3744600,0.132643202424346
3744800,0.132876355442913
3745000,0.13303104445543
3745200,0.133562468727534
3745400,0.133368724438834
3745600,0.133119686621332
3745800,0.133729670490452
3746000,0.133962919466575
3746200,0.133912394143686
3746400,0.134168976857653
3746600,0.133705289805887
3746800,0.133080820368353
3747000,0.133953236393325
3747200,0.133619146182693
3747400,0.132479406522749
3747600,0.133237022461368
3747800,0.133282080162853
3748000,0.133317533910005
3748200,0.132881007966602
3748400,0.132087332190507
3748600,0.131436878182929
3748800,0.131536290729072
3749000,0.131499608291473
3749200,0.131875193244105
3749400,0.132211242540867
3749600,0.13141798629099
3749800,0.132167028187675
3750000,0.13232870912472
3750200,0.132045674520645
3750400,0.132367181293247
3750600,0.132454056974117
3750800,0.131995930693708
3751000,0.132815369724932
3751200,0.133187596539254
3751400,0.133174583870611
3751600,0.132846316303764
3751800,0.134112777294312
3752000,0.133045778491198
3752200,0.133734169367895
3752400,0.134200693198372
3752600,0.133692460891115
3752800,0.133263258034752
3753000,0.132409989381328
3753200,0.132641828163841
3753400,0.132291257670692
3753600,0.131451332687467
3753800,0.132340828290863
3754000,0.132296930898387
3754200,0.132343275632468
3754400,0.132880592067915
3754600,0.132265625292551
3754800,0.133104562862411
3755000,0.133509304033724
3755200,0.133228262353189
3755400,0.133389158572074
3755600,0.133537155602427
3755800,0.132829564270699
3756000,0.133834873386745
3756200,0.13369495236051
3756400,0.132138378336819
3756600,0.132607889551364
3756800,0.132565329827278
3757000,0.13183941301853
3757200,0.132450144735306
3757400,0.133364635190013
3757600,0.133491494430866
3757800,0.133844603682961
3758000,0.13316614322786
3758200,0.132547199830175
3758400,0.132338514140106
3758600,0.1325590859535
3758800,0.132179394629042
3759000,0.131748253195602
3759200,0.132307069003895
3759400,0.131897190781756
3759600,0.131400014484897
3759800,0.13201201254642
3760000,0.132138787192245
3760200,0.132584190384603
3760400,0.131842344356867
3760600,0.131829909448422
3760800,0.131987571903072
3761000,0.13258004975813
3761200,0.133341647838352
3761400,0.13306727369084
3761600,0.133044317961212
3761800,0.133804615081656
3762000,0.133164630158396
3762200,0.13247403535743
3762400,0.132704504636332
3762600,0.132786237349835
3762800,0.133058136545183
3763000,0.133101690717801
3763200,0.133153231233777
3763400,0.133274098875531
3763600,0.133774574100017
3763800,0.133799385894599
3764000,0.133639328704654
3764200,0.133259160653738
3764400,0.133264362385762
3764600,0.134020901825844
3764800,0.1334748878298
3765000,0.133110458219541
3765200,0.133076895137965
3765400,0.133728921110697
3765600,0.132486245083807
3765800,0.132762958650883
3766000,0.133833131831066
3766200,0.133001564270737
3766400,0.13301007579471
3766600,0.133100722059163
3766800,0.133399267255263
3767000,0.133486243479234
3767200,0.13285577707422
3767400,0.132470696912844
3767600,0.132479878374796
3767800,0.132901929944345
3768000,0.132943592205312
3768200,0.133140934125271
3768400,0.13304673975262
3768600,0.133066332982801
3768800,0.133113991447183
3769000,0.13290443372646
3769200,0.132785282183946
3769400,0.13256573902125
3769600,0.132945992730309
3769800,0.133234641961171
3770000,0.133674589578942
3770200,0.133330999396626
3770400,0.133670019051291
3770600,0.132994820056164
3770800,0.132912963203774
3771000,0.132727306836932
3771200,0.132194682310252
3771400,0.13163045538781
3771600,0.131770449114951
3771800,0.131537251668907
3772000,0.132085833709612
3772200,0.132572024410654
3772400,0.132273534536796
3772600,0.131842706842851
3772800,0.132211756305983
3773000,0.132578323029068
3773200,0.13230638762823
3773400,0.13277920105934
3773600,0.131811965428088
3773800,0.131964368971828
3774000,0.132169373217895
3774200,0.131756162822749
3774400,0.131980583850549
3774600,0.132516945711282
3774800,0.133155201965582
3775000,0.132812508806169
3775200,0.133202675015196
3775400,0.132905378207491
3775600,0.133477844409561
3775800,0.13267709367854
3776000,0.132588396000787
3776200,0.133004827009417
3776400,0.133174232616899
3776600,0.132511089078888
3776800,0.132401415250399
3777000,0.131978788487576
3777200,0.132469248889469
3777400,0.132660752846823
3777600,0.133488733793221
3777800,0.132943562127532
3778000,0.133435700704615
3778200,0.133572664207468
3778400,0.133573681091059
3778600,0.13313680474852
3778800,0.133228618872096
3779000,0.132719894060916
3779200,0.13223477206688
3779400,0.132410701298949
3779600,0.132517632416092
3779800,0.132920939218196
3780000,0.132600779198176
3780200,0.132020325942354
3780400,0.132317656337053
3780600,0.131576874277095
3780800,0.131454100856168
3781000,0.131581739793381
3781200,0.131537738848238
3781400,0.132276743315621
3781600,0.132625937615928
3781800,0.132915752710215
3782000,0.133649215584583
3782200,0.132955534767003
3782400,0.133150493804555
3782600,0.133320831677169
3782800,0.132940400887593
3783000,0.132742219371473
3783200,0.132681194835386
3783400,0.133186241725346
3783600,0.132768064347972
3783800,0.133039019126322
3784000,0.133279644711705
3784200,0.13307271718463
3784400,0.133015606876805
3784600,0.133760077287513
3784800,0.133433392313954
3785000,0.133530059419475
3785200,0.133103889446913
3785400,0.13387633693059
3785600,0.133062530005939
3785800,0.132797020774074
3786000,0.132585562425916
3786200,0.13211468597688
3786400,0.131935729683735
3786600,0.131812923499773
3786800,0.131714013552772
3787000,0.131257588124935
3787200,0.131347977650034
3787400,0.131280224257414
3787600,0.130742468927658
3787800,0.130983130513864
3788000,0.13022124418204
3788200,0.131141470872311
3788400,0.132339666909327
3788600,0.13218654974336
3788800,0.132545214016347
3789000,0.132956028606609
3789200,0.13331973171874
3789400,0.132163714295516
3789600,0.132056220783574
3789800,0.13240388852513
3790000,0.132439994884619
3790200,0.132558381196893
3790400,0.132542544409254
3790600,0.132440032759114
3790800,0.132811158059826
3791000,0.132256513961361
3791200,0.132317202155509
3791400,0.132915527479696
3791600,0.132692147600136
3791800,0.132410389422111
3792000,0.131703430491071
3792200,0.132524861586022
3792400,0.133203057504503
3792600,0.13268139954108
3792800,0.132724623844142
3793000,0.133357317131627
3793200,0.132802144756883
3793400,0.131943913173019
3793600,0.132722854751442
3793800,0.133796986299184
3794000,0.133293303201775
3794200,0.133282158190626
3794400,0.132481003608395
3794600,0.131931634014586
3794800,0.131841065064192
3795000,0.131640110105657
3795200,0.131826506762636
3795400,0.132515810393294
3795600,0.131839222668643
3795800,0.132921047281705
3796000,0.132741375048526
3796200,0.132815629523761
3796400,0.13295913393971
3796600,0.133521121940986
3796800,0.133193487719123
3797000,0.132580604024729
3797200,0.132243089854343
3797400,0.132051323607186
3797600,0.132461774723813
3797800,0.131692215347989
3798000,0.132299445457547
3798200,0.132570833670692
3798400,0.132348090633523
3798600,0.131800265436052
3798800,0.131477079716707
3799000,0.131819074732628
3799200,0.131624447896871
3799400,0.132610325849673
3799600,0.132512918598831
3799800,0.131847691692754
3800000,0.131063964070173
3800200,0.131358828706632
3800400,0.131245596336543
3800600,0.131526255246987
3800800,0.131338818462214
3801000,0.131467130602342
3801200,0.130887889414004
3801400,0.130891243234652
3801600,0.130876414866691
3801800,0.130333257952715
3802000,0.131315572028837
3802200,0.132146231550421
3802400,0.131916213303489
3802600,0.131690243399261
3802800,0.131290330192296
3803000,0.130881968285968
3803200,0.13096802603416
3803400,0.131372379914148
3803600,0.13128255207083
3803800,0.131693634121206
3804000,0.131136520273947
3804200,0.131881326557525
3804400,0.130950063963259
3804600,0.1319485542195
3804800,0.132051344814008
3805000,0.132208628660241
3805200,0.132256639063838
3805400,0.13293337721356
3805600,0.132307708461262
3805800,0.132833759136192
3806000,0.132067765523479
3806200,0.132018757015581
3806400,0.131474111916271
3806600,0.131839821906667
3806800,0.131571252896308
3807000,0.131196147721946
3807200,0.131116220195298
3807400,0.131363508410099
3807600,0.131213299660317
3807800,0.131014700739932
3808000,0.132178098823646
3808200,0.132741047267101
3808400,0.132020087831084
3808600,0.132130738546919
3808800,0.132017450236783
3809000,0.131798953084658
3809200,0.132844129627062
3809400,0.133160786899877
3809600,0.133154816541752
3809800,0.132447084038211
3810000,0.132335421716343
3810200,0.133145804041948
3810400,0.132560343966863
3810600,0.131489679840965
3810800,0.130745562195029
3811000,0.130557977686697
3811200,0.131227030573888
3811400,0.131778851449795
3811600,0.131745166589232
3811800,0.131781419825025
3812000,0.1320759171431
3812200,0.131472059655001
3812400,0.131821293362066
3812600,0.131752781867009
3812800,0.131822344725233
3813000,0.131822126645151
3813200,0.131782124014222
3813400,0.131699070598382
3813600,0.132085915446807
3813800,0.131149265835863
3814000,0.132123127248981
3814200,0.131870124767309
3814400,0.131373112536424
3814600,0.131227921478355
3814800,0.131818083830605
3815000,0.132405689158031
3815200,0.131860459291339
3815400,0.132040586454139
3815600,0.13215896659285
3815800,0.131864802499684
3816000,0.131669070110736
3816200,0.131975149007052
3816400,0.13279701276681
3816600,0.133158363029701
3816800,0.132522958145918
3817000,0.131464927597638
3817200,0.131433070827563
3817400,0.131754122653141
3817600,0.132115459441066
3817800,0.132597274050202
3818000,0.132773575844018
3818200,0.13327071056297
3818400,0.133206486946192
3818600,0.132439366762559
3818800,0.133364046930035
3819000,0.133999381340994
3819200,0.134415393152516
3819400,0.134573789395566
3819600,0.134504938925955
3819800,0.133821938037002
3820000,0.132885507468002
3820200,0.132753224379017
3820400,0.132074111106668
3820600,0.13217447219689
3820800,0.131412801351744
3821000,0.130795746943913
3821200,0.131446833581262
3821400,0.131857023193038
3821600,0.131420693957665
3821800,0.132279005545212
3822000,0.131962437595295
3822200,0.132320086484064
3822400,0.131647776429045
3822600,0.132234048575668
3822800,0.131878809010138
3823000,0.131702349375882
3823200,0.131984068308442
3823400,0.132110846339894
3823600,0.131530677263389
3823800,0.132454583479427
3824000,0.132780680333881
3824200,0.133055777183386
3824400,0.133779519155778
3824600,0.133413448474202
3824800,0.133055199860582
3825000,0.133754793517089
3825200,0.133716543704472
3825400,0.133656078038821
3825600,0.133895068550623
3825800,0.133796082975043
3826000,0.132419052250253
3826200,0.133118789450016
3826400,0.132727465939688
3826600,0.131963597574928
3826800,0.132727871662492
3827000,0.132616730126305
3827200,0.132154901667036
3827400,0.132439745445763
3827600,0.131338203749868
3827800,0.130555683340637
3828000,0.130686017915594
3828200,0.131683348596405
3828400,0.131441156459499
3828600,0.130776645109366
3828800,0.131153065740479
3829000,0.131667930777821
3829200,0.131536984885347
3829400,0.131682414356121
3829600,0.131389539663053
3829800,0.131615411928199
3830000,0.132594138482275
3830200,0.133162419271338
3830400,0.133971536807796
3830600,0.133568822914577
3830800,0.13332821591413
3831000,0.132821740615481
3831200,0.13374645053163
3831400,0.134398306962306
3831600,0.13403525146994
3831800,0.133920304740142
3832000,0.132998528794395
3832200,0.133450487144439
3832400,0.132807108851392
3832600,0.133003300489512
3832800,0.133257193271268
3833000,0.132776371496175
3833200,0.133048056578544
3833400,0.133344443284257
3833600,0.134185361282139
3833800,0.133722915820353
3834000,0.133056586196511
3834200,0.13319882715235
3834400,0.133492204534618
3834600,0.134060789497193
3834800,0.133617555816715
3835000,0.133362321170031
3835200,0.132786545844544
3835400,0.133441428601896
3835600,0.133988592208727
3835800,0.133729489478363
3836000,0.133642956587362
3836200,0.133077069472516
3836400,0.133256991864148
3836600,0.132822092219955
3836800,0.132741607227771
3837000,0.132706157634427
3837200,0.132318353847766
3837400,0.132926869368382
3837600,0.132879787698816
3837800,0.132113264896031
3838000,0.131698044879024
3838200,0.131245225892255
3838400,0.131055098372423
3838600,0.130467004615764
3838800,0.130609135397656
3839000,0.131490203641932
3839200,0.132247984370968
3839400,0.132257074486368
3839600,0.13234575733812
3839800,0.132948125625255
3840000,0.133431624391708
3840200,0.132470344013431
3840400,0.131999692230562
3840600,0.132177049393054
3840800,0.13189894883847
3841000,0.132225090106976
3841200,0.132567694079661
3841400,0.132782080821919
3841600,0.132893712098829
3841800,0.13265522643133
3842000,0.132721451658366
3842200,0.133232605270065
3842400,0.133507944339535
3842600,0.133342560448812
3842800,0.134262140565088
3843000,0.134385386386145
3843200,0.134280546793845
3843400,0.132953146664471
3843600,0.132778989179693
3843800,0.132696191902191
3844000,0.132807714714525
3844200,0.132883175235945
3844400,0.132804917430124
3844600,0.132271953381524
3844800,0.132419765186237
3845000,0.133568659454991
3845200,0.133423014227764
3845400,0.133976722500906
3845600,0.134808220858732
3845800,0.134850490368493
3846000,0.133472355048881
3846200,0.133819427745842
3846400,0.133933814262033
3846600,0.133818746731597
3846800,0.134005370146134
3847000,0.133964649799442
3847200,0.133143481083824
3847400,0.133450663216835
3847600,0.134501901075143
3847800,0.135197251492343
3848000,0.135083379120298
3848200,0.135115940182058
3848400,0.133986513482567
3848600,0.133786734237077
3848800,0.133449912341707
3849000,0.133555033171323
3849200,0.133750150093744
3849400,0.133790765347299
3849600,0.133936011351662
3849800,0.132527280652644
3850000,0.132644433384173
3850200,0.132372042090961
3850400,0.132694094235713
3850600,0.132416776118212
3850800,0.133132127593679
3851000,0.133686724453661
3851200,0.133813453698843
3851400,0.133339641095418
3851600,0.132708699993934
3851800,0.133085455800582
3852000,0.132984152567247
3852200,0.132747494598851
3852400,0.133952632327451
3852600,0.133490265404217
3852800,0.133619568517906
3853000,0.133040237532768
3853200,0.132618303530498
3853400,0.13270205978384
3853600,0.132403465261273
3853800,0.133547495079948
3854000,0.133041991964369
3854200,0.133424785033047
3854400,0.133139859548865
3854600,0.134281175593108
3854800,0.134296572758488
3855000,0.134839519889135
3855200,0.134645585274589
3855400,0.13422969554457
3855600,0.134063306709244
3855800,0.13379414953726
3856000,0.133766619202251
3856200,0.134089923272648
3856400,0.134009149001885
3856600,0.133591272071338
3856800,0.132863553990742
3857000,0.133025404348684
3857200,0.133293909343929
3857400,0.133431616514163
3857600,0.133082162349555
3857800,0.132434820694627
3858000,0.132097909426395
3858200,0.132492680592106
3858400,0.13258443812644
3858600,0.13323355824859
3858800,0.134459365764048
3859000,0.133664242718148
3859200,0.133145203513299
3859400,0.133453377925455
3859600,0.13358645278135
3859800,0.134378229518773
3860000,0.134352192952048
3860200,0.135336749306499
3860400,0.134435015399827
3860600,0.134000450565999
3860800,0.134279273709482
3861000,0.135067045654368
3861200,0.134617526084033
3861400,0.133551615059474
3861600,0.134664199530286
3861800,0.133915986811006
3862000,0.134242903461631
3862200,0.133936468896506
3862400,0.134293055164274
3862600,0.134385323936756
3862800,0.134219473766481
3863000,0.133246096517358
3863200,0.134113173282373
3863400,0.134535485607394
3863600,0.134581253912408
3863800,0.134909666216983
3864000,0.13519329071026
3864200,0.135002479646572
3864400,0.134785465301944
3864600,0.134955943698916
3864800,0.134219781981684
3865000,0.133609487814085
3865200,0.133400279858395
3865400,0.133471703791921
3865600,0.134292597541781
3865800,0.134807189892164
3866000,0.134380138104186
3866200,0.134141608647737
3866400,0.133574106248934
3866600,0.134626028790484
3866800,0.134484730769357
3867000,0.134144536791973
3867200,0.134323715992657
3867400,0.134445515026091
3867600,0.133748597236532
3867800,0.134225025755591
3868000,0.133896498848124
3868200,0.134478681099811
3868400,0.135231371039549
3868600,0.135511686261467
3868800,0.135818595294069
3869000,0.13539853667603
3869200,0.135863800760039
3869400,0.135869819569524
3869600,0.136336427133007
3869800,0.136545589893946
3870000,0.13575131769824
3870200,0.136468188129909
3870400,0.135908466367832
3870600,0.13543318321197
3870800,0.134450173253908
3871000,0.133745326019296
3871200,0.134639195669611
3871400,0.13455392161498
3871600,0.135064112058322
3871800,0.135528382434142
3872000,0.135238216732653
3872200,0.134734948863564
3872400,0.134652912176865
3872600,0.134944237804121
3872800,0.13537436583487
3873000,0.135003085706804
3873200,0.135196499575355
3873400,0.13607679119524
3873600,0.13587293782652
3873800,0.135652143959613
3874000,0.135539255333419
3874200,0.135541329854972
3874400,0.135193528624605
3874600,0.134804057845286
3874800,0.135631619239611
3875000,0.134809606895841
3875200,0.134775435302952
3875400,0.13517680364412
3875600,0.134677378961717
3875800,0.134854823231531
3876000,0.134782468488942
3876200,0.135244206145905
3876400,0.134983569857744
3876600,0.134819134873339
3876800,0.134450003700918
3877000,0.134998485756977
3877200,0.133898247804572
3877400,0.134239315217928
3877600,0.134838119585785
3877800,0.134122257332488
3878000,0.134513132868091
3878200,0.133654605688007
3878400,0.133604988349564
3878600,0.133886845013297
3878800,0.13423106041137
3879000,0.134686652345058
3879200,0.13489849743803
3879400,0.13506337538823
3879600,0.135273594384974
3879800,0.135033850302877
3880000,0.135159754559265
3880200,0.135719227267964
3880400,0.136234909780682
3880600,0.135490833373931
3880800,0.135446446474865
3881000,0.135450001556404
3881200,0.134880584371756
3881400,0.134016615753241
3881600,0.134512169798298
3881800,0.134974419937955
3882000,0.134907665919591
3882200,0.136041793584751
3882400,0.135545103680194
3882600,0.134503963176665
3882800,0.133771990236902
3883000,0.133900042257578
3883200,0.133692693523526
3883400,0.134313743102237
3883600,0.133871261797253
3883800,0.134267705676816
3884000,0.134230906506785
3884200,0.134731715390156
3884400,0.134502457789337
3884600,0.134566391840549
3884800,0.133826070232153
3885000,0.133822577574695
3885200,0.134581738334026
3885400,0.134598562580597
3885600,0.134369819913058
3885800,0.134890377600139
3886000,0.133358167875417
3886200,0.133571158431405
3886400,0.134731978064122
3886600,0.13439520135313
3886800,0.135128762402182
3887000,0.135449185378274
3887200,0.135976502258721
3887400,0.136288510729896
3887600,0.135931115496462
3887800,0.135276771708029
3888000,0.134692052539064
3888200,0.133676060761794
3888400,0.133808472723826
3888600,0.134215416935762
3888800,0.134143125745429
3889000,0.133705828476382
3889200,0.134700033206805
3889400,0.134274486265195
3889600,0.134154836930563
3889800,0.134455226618986
3890000,0.134482518190782
3890200,0.134700149479474
3890400,0.134558693073472
3890600,0.134743262101471
3890800,0.13331431761862
3891000,0.13365382618983
3891200,0.134360056400218
3891400,0.133935567267306
3891600,0.133474125873167
3891800,0.133799776227372
3892000,0.133635360458719
3892200,0.133127754794664
3892400,0.133048604941356
3892600,0.134042359389153
3892800,0.133944687695729
3893000,0.134010657717287
3893200,0.133734356582243
3893400,0.133043299146892
3893600,0.133253078702751
3893800,0.133102850224494
3894000,0.133864876387107
3894200,0.133398167848342
3894400,0.134307324623773
3894600,0.1338083387208
3894800,0.133546233227897
3895000,0.134720494952297
3895200,0.134401290934696
3895400,0.133946017014193
3895600,0.133669124615759
3895800,0.134876659174865
3896000,0.134819011787318
3896200,0.135088287770363
3896400,0.134615207675833
3896600,0.134152423543112
3896800,0.13397102823474
3897000,0.134071101045043
3897200,0.134405508464178
3897400,0.133847308258966
3897600,0.133721807961179
3897800,0.133407826941996
3898000,0.133768593245627
3898200,0.133550640949493
3898400,0.13486639978475
3898600,0.135243782863143
3898800,0.134494308795287
3899000,0.134661271404998
3899200,0.134335560299469
3899400,0.134616752773692
3899600,0.134123337546488
3899800,0.134099039357606
3900000,0.134409304080185
3900200,0.134157189900016
3900400,0.133453933942436
3900600,0.134242622632193
3900800,0.13407646256761
3901000,0.1351077650413
3901200,0.135101591257212
3901400,0.134848731177985
3901600,0.135025924878988
3901800,0.134256273861343
3902000,0.134257466027068
3902200,0.134878847013249
3902400,0.134616157409916
3902600,0.13396428791934
3902800,0.133294950212177
3903000,0.133619668666782
3903200,0.133572912916644
3903400,0.134130776913375
3903600,0.133276665493162
3903800,0.132788426179006
3904000,0.133094158416506
3904200,0.132653381555224
3904400,0.133101928930883
3904600,0.133423149909645
3904800,0.133565423508758
3905000,0.133683846649481
3905200,0.13343809514864
3905400,0.133282459538674
3905600,0.133584507884004
3905800,0.134021022570918
3906000,0.133872337848003
3906200,0.133409166869708
3906400,0.134047541614873
3906600,0.133567301903887
3906800,0.133793312043921
3907000,0.133111316159395
3907200,0.133311168673155
3907400,0.132707588353663
3907600,0.133256159872698
3907800,0.133596571819974
3908000,0.133429133468257
3908200,0.132694258248673
3908400,0.132929313640913
3908600,0.13266714927048
3908800,0.133178446311369
3909000,0.132990435764649
3909200,0.132702825927364
3909400,0.132532557112591
3909600,0.132256342561215
3909800,0.132956903334449
3910000,0.133458447471686
3910200,0.133533111957049
3910400,0.13238952202499
3910600,0.131984839547675
3910800,0.13159404939699
3911000,0.132531658378895
3911200,0.133302255161162
3911400,0.133396401814551
3911600,0.132964693667374
3911800,0.132446945650997
3912000,0.132625715455313
3912200,0.132470827133902
3912400,0.132245102573386
3912600,0.13301979811249
3912800,0.132660381874966
3913000,0.132341655938202
3913200,0.13246050427454
3913400,0.132155393164798
3913600,0.132878082371148
3913800,0.132554594038005
3914000,0.132945875934866
3914200,0.13309062736841
3914400,0.134439790999022
3914600,0.134071446855367
3914800,0.133923266929564
3915000,0.134786155287704
3915200,0.135228997502239
3915400,0.135211241232099
3915600,0.135143804262234
3915800,0.134645017332127
3916000,0.133743764693919
3916200,0.133792382319366
3916400,0.132992132475936
3916600,0.133434297429079
3916800,0.133250591672791
3917000,0.133352403303275
3917200,0.132668610734916
3917400,0.132602078670807
3917600,0.133407406676408
3917800,0.133486534986773
3918000,0.134048738385473
3918200,0.133628946826734
3918400,0.133748319585967
3918600,0.13344382229981
3918800,0.132634533064523
3919000,0.133848660885176
3919200,0.133583995759948
3919400,0.133512333629375
3919600,0.133377710472909
3919800,0.133611586465917
3920000,0.132286159226441
3920200,0.132973488122739
3920400,0.133315355254354
3920600,0.133664308371271
3920800,0.134625725856537
3921000,0.13378991847659
3921200,0.132754365320342
3921400,0.131240722190933
3921600,0.13221231952824
3921800,0.133088783441515
3922000,0.133293264505613
3922200,0.133073747452175
3922400,0.132506573352059
3922600,0.131904888729108
3922800,0.132005774675585
3923000,0.132177723085104
3923200,0.132559210237841
3923400,0.131790487238639
3923600,0.131633869063409
3923800,0.131839440210112
3924000,0.132123838191639
3924200,0.132010479768345
3924400,0.131391661834143
3924600,0.131151787602214
3924800,0.132169861183782
3925000,0.132183015309041
3925200,0.133068652096575
3925400,0.133232915728562
3925600,0.133036697170056
3925800,0.133462370924829
3926000,0.13336499940325
3926200,0.132945105016006
3926400,0.133062747864802
3926600,0.132365402857159
3926800,0.132545014977489
3927000,0.133105255629853
3927200,0.133194479586432
3927400,0.133239666563367
3927600,0.132866906084681
3927800,0.133059054681619
3928000,0.132438441670822
3928200,0.132813638214726
3928400,0.132871320886543
3928600,0.132903241014722
3928800,0.132835028964991
3929000,0.132531178595763
3929200,0.132609434391633
3929400,0.132525534558911
3929600,0.131903364031702
3929800,0.132485332132527
3930000,0.133258123380804
3930200,0.133218415712766
3930400,0.133489746747075
3930600,0.134323174381412
3930800,0.133966884708415
3931000,0.133612632512416
3931200,0.133329848347002
3931400,0.133181806778105
3931600,0.133516241202758
3931800,0.133219454535633
3932000,0.132978643738182
3932200,0.132592373354386
3932400,0.132846615181114
3932600,0.132930196426601
3932800,0.132375960768173
3933000,0.131048785562958
3933200,0.131550367923213
3933400,0.132646754628625
3933600,0.132183260237605
3933800,0.132637303799234
3934000,0.132530870512841
3934200,0.132418468741392
3934400,0.133017217960452
3934600,0.13279908775004
3934800,0.132721476126561
3935000,0.131938179454486
3935200,0.132229752765815
3935400,0.133206835638382
3935600,0.1326909837371
3935800,0.134007177167872
3936000,0.133844742118009
3936200,0.133309263802382
3936400,0.132836135819976
3936600,0.132187853006343
3936800,0.13266690723964
3937000,0.133728396940298
3937200,0.13308935361234
3937400,0.133011338088668
3937600,0.133175897873808
3937800,0.133265590221964
3938000,0.13296598428319
3938200,0.133791414256158
3938400,0.132764668946609
3938600,0.13340800094177
3938800,0.133746170719571
3939000,0.134008447372021
3939200,0.133827786989738
3939400,0.133115777881653
3939600,0.134257216403112
3939800,0.133707460787432
3940000,0.133826898474124
3940200,0.133462019187427
3940400,0.133128779515346
3940600,0.134114630499817
3940800,0.133933547770518
3941000,0.133873444866151
3941200,0.134003158370629
3941400,0.133773650779205
3941600,0.134460455133973
3941800,0.134122419979946
3942000,0.13378252692788
3942200,0.132081807640798
3942400,0.132476930920935
3942600,0.133197714025416
3942800,0.132789020693382
3943000,0.132689936988116
3943200,0.132986405465775
3943400,0.132145832766661
3943600,0.132482936284798
3943800,0.133153996187227
3944000,0.132920733390919
3944200,0.132232316764937
3944400,0.131333716020308
3944600,0.130849180689777
3944800,0.129861533081746
3945000,0.130929029638019
3945200,0.131305650802966
3945400,0.132033566606618
3945600,0.132608812400779
3945800,0.132377528148049
3946000,0.13183256597188
3946200,0.131567050474133
3946400,0.132623298295369
3946600,0.131710425422891
3946800,0.13152821984414
3947000,0.132682783549181
3947200,0.132027364542372
3947400,0.131641579597106
3947600,0.132477651461448
3947800,0.132926869542256
3948000,0.132752062264842
3948200,0.133164765503763
3948400,0.13362694069532
3948600,0.133423723790809
3948800,0.132416408101606
3949000,0.132251419419841
3949200,0.133124639134753
3949400,0.132939447842061
3949600,0.132843932946247
3949800,0.133432987427632
3950000,0.133355000279546
3950200,0.13237732705087
3950400,0.131752498152697
3950600,0.132562962034302
3950800,0.132152995681541
3951000,0.132524517167177
3951200,0.132269727576341
3951400,0.132583963397428
3951600,0.132528584718552
3951800,0.132977845335073
3952000,0.132347702493546
3952200,0.132670074651761
3952400,0.132323974240293
3952600,0.132146497216599
3952800,0.132677889648129
3953000,0.131798249470784
3953200,0.132635057281992
3953400,0.132504349805111
3953600,0.132109988241607
3953800,0.132295975113916
3954000,0.131314128210764
3954200,0.131175746945066
3954400,0.130985902177825
3954600,0.129995076051207
3954800,0.130734831177853
3955000,0.131143018319109
3955200,0.131173968696897
3955400,0.130866953095379
3955600,0.131041502258836
3955800,0.131648310482541
3956000,0.131250989073041
3956200,0.132528532732578
3956400,0.132413038811784
3956600,0.132525103432196
3956800,0.132349264745664
3957000,0.132612420749175
3957200,0.132214407704605
3957400,0.131895356499295
3957600,0.131937919474981
3957800,0.131424678643335
3958000,0.130867554552635
3958200,0.131133381337093
3958400,0.13097219174284
3958600,0.130421174557612
3958800,0.130210962627935
3959000,0.131022092364087
3959200,0.131386480986223
3959400,0.132810262748642
3959600,0.132617255599159
3959800,0.131863946946803
3960000,0.131456615163391
3960200,0.132154750593513
3960400,0.13142283740631
3960600,0.131464162059774
3960800,0.131548305405968
3961000,0.132132363993721
3961200,0.132672836168008
3961400,0.132902609539139
3961600,0.132107713090916
3961800,0.131808630192654
3962000,0.131504331035434
3962200,0.132470351663145
3962400,0.13146475747747
3962600,0.131266222629661
3962800,0.131881004962879
3963000,0.131835821452102
3963200,0.131127841799125
3963400,0.131563479753428
3963600,0.131115384157009
3963800,0.131197213131863
3964000,0.131724671176849
3964200,0.131400816130807
3964400,0.130971718374587
3964600,0.13142235046809
3964800,0.130867412549326
3965000,0.131216539050026
3965200,0.130497458368665
3965400,0.130610328472813
3965600,0.130756237563708
3965800,0.130584008369216
3966000,0.129853310719972
3966200,0.130352549222186
3966400,0.131537003105258
3966600,0.131818891786305
3966800,0.132060844211437
3967000,0.132139056380605
3967200,0.132438216696579
3967400,0.133022295831814
3967600,0.132550620889411
3967800,0.132662641755948
3968000,0.1331779281018
3968200,0.133006711576995
3968400,0.132276143899525
3968600,0.131909992139145
3968800,0.132068299824212
3969000,0.131825193866686
3969200,0.131757520472134
3969400,0.131493903442661
3969600,0.130881311918287
3969800,0.131552768417215
3970000,0.131817755063019
3970200,0.131964886826698
3970400,0.131238900250277
3970600,0.132282889384264
3970800,0.131858976936054
3971000,0.131610392665218
3971200,0.132092880775363
3971400,0.132221431072697
3971600,0.131615950737184
3971800,0.13197748819458
3972000,0.13226916941936
3972200,0.132993909466164
3972400,0.132059402924854
3972600,0.131929868290372
3972800,0.131564505408464
3973000,0.131344968544774
3973200,0.132009096202019
3973400,0.132218511202528
3973600,0.132245742064588
3973800,0.13137975472894
3974000,0.131406366241357
3974200,0.132270265587612
3974400,0.132914434148229
3974600,0.132269060409882
3974800,0.132805047669645
3975000,0.132338996104878
3975200,0.131659825606571
3975400,0.132675249251063
3975600,0.132541239135066
3975800,0.132475484952967
3976000,0.133011031125759
3976200,0.133095169517596
3976400,0.13301183708543
3976600,0.13298869335769
3976800,0.132698885877333
3977000,0.131708895026089
3977200,0.132353333715812
3977400,0.13163327053776
3977600,0.131685177397484
3977800,0.131085153681434
3978000,0.130671501480345
3978200,0.13042261849488
3978400,0.129965426580651
3978600,0.129941700711185
3978800,0.13024699321535
3979000,0.130482258791368
3979200,0.130788789569144
3979400,0.131049503185342
3979600,0.130964898756263
3979800,0.131366257799212
3980000,0.131690890937423
3980200,0.13129642318864
3980400,0.131942435822574
3980600,0.132046942216872
3980800,0.132202188068109
3981000,0.13205313604955
3981200,0.131128136522896
3981400,0.13156673797326
3981600,0.131494093941213
3981800,0.131722716038107
3982000,0.131086630068997
3982200,0.131379243897433
3982400,0.131538661274039
3982600,0.131866191488455
3982800,0.132504705877898
3983000,0.132178896293817
3983200,0.132253721755605
3983400,0.131896819241789
3983600,0.132458491013339
3983800,0.132634960310085
3984000,0.132468284939867
3984200,0.132137965188857
3984400,0.131247850536103
3984600,0.131861952269462
3984800,0.131153139999345
3985000,0.131587479261291
3985200,0.131273439645313
3985400,0.132242559140376
3985600,0.131232124563426
3985800,0.131607224600647
3986000,0.130577133838522
3986200,0.130138319237029
3986400,0.129491128566582
3986600,0.1298272086895
3986800,0.130720888529787
3987000,0.130884586079501
3987200,0.131126445625356
3987400,0.13166522638042
3987600,0.131129269815388
3987800,0.130736217552549
3988000,0.13039926858472
3988200,0.129970757316969
3988400,0.130552889452039
3988600,0.130540178252945
3988800,0.130917298578747
3989000,0.130424373172361
3989200,0.130342601995113
3989400,0.130992315135655
3989600,0.12972509832107
3989800,0.129376135022687
3990000,0.129026974706954
3990200,0.129069510548434
3990400,0.129638062035679
3990600,0.129506037482682
3990800,0.129838475209172
3991000,0.129999579699891
3991200,0.129650832015099
3991400,0.128940538515996
3991600,0.128573153110709
3991800,0.12890365273314
3992000,0.129091828868073
3992200,0.130408052145545
3992400,0.130658190542198
3992600,0.131295983311307
3992800,0.131652877323155
3993000,0.131837607498308
3993200,0.131326573247543
3993400,0.131168033396502
3993600,0.131500799438543
3993800,0.131244634137903
3994000,0.132145637264684
3994200,0.132171843519502
3994400,0.131112146427422
3994600,0.131409818711503
3994800,0.131592275967506
3995000,0.131363441201764
3995200,0.130650868442572
3995400,0.13090399106659
3995600,0.130081060552711
3995800,0.130269492275284
3996000,0.130963492729056
3996200,0.129997683800793
3996400,0.130220560739585
3996600,0.130580135484542
3996800,0.130746806038498
3997000,0.130551077339767
3997200,0.131269753294607
3997400,0.130974729721925
3997600,0.130917944592269
3997800,0.131418669418081
3998000,0.131144823965159
3998200,0.130767346629448
3998400,0.130827854016917
3998600,0.131094693816974
3998800,0.130998793111341
3999000,0.130915828514307
3999200,0.131138986738816
3999400,0.130516803403824
3999600,0.130232938320296
3999800,0.129264653719283
4e+06,0.129132820891446
4000200,0.129516611478978
4000400,0.129619000720292
4000600,0.129411221855444
4000800,0.129693885305332
4001000,0.12985155809762
4001200,0.130088289242555
4001400,0.130826732141446
4001600,0.129800031523198
4001800,0.130418217320181
4002000,0.130177056601605
4002200,0.130744539260697
4002400,0.131217209790495
4002600,0.130720393659703
4002800,0.130360820539457
4003000,0.130190540207854
4003200,0.130423813737947
4003400,0.130904402702588
4003600,0.130063260420678
4003800,0.130841613361765
4004000,0.129544562011903
4004200,0.130296116206771
4004400,0.13103209430862
4004600,0.13090787195001
4004800,0.130179142643531
4005000,0.129356129144601
4005200,0.130194845302445
4005400,0.130269241398351
4005600,0.129560313108559
4005800,0.129508068979208
4006000,0.129484408908822
4006200,0.129098037667595
4006400,0.129508551195048
4006600,0.129492359020019
4006800,0.129841330747919
4007000,0.129227815673445
4007200,0.12921857107043
4007400,0.12963103387345
4007600,0.129597706859782
4007800,0.130005553356896
4008000,0.1290804318574
4008200,0.130172590283193
4008400,0.13017364283268
4008600,0.129466835805718
4008800,0.129829951760715
4009000,0.129642123269423
4009200,0.129648293528675
4009400,0.12917730634613
4009600,0.129029152770665
4009800,0.130352183616954
4010000,0.129233660290142
4010200,0.129332459094664
4010400,0.129707046700943
4010600,0.129728310013681
4010800,0.12945695968862
4011000,0.129498104994338
4011200,0.12973644033893
4011400,0.129465324222586
4011600,0.12968034765367
4011800,0.130014701827608
4012000,0.130405750147687
4012200,0.129658527607497
4012400,0.13004272065362
4012600,0.130204226858727
4012800,0.130660343355908
4013000,0.129874405085198
4013200,0.129977415051918
4013400,0.130192937403827
4013600,0.130240241578022
4013800,0.130565568390018
4014000,0.12962293264099
4014200,0.129124265863811
4014400,0.128278721372463
4014600,0.128548689502141
4014800,0.129150679993927
4015000,0.130311380666985
4015200,0.130746527177745
4015400,0.130752008730767
4015600,0.130297550160373
4015800,0.130032939581493
4016000,0.130351984436115
4016200,0.130544278925234
4016400,0.131203340906824
4016600,0.131401544707698
4016800,0.130754429317166
4017000,0.130142560767552
4017200,0.129400642282417
4017400,0.130238853032414
4017600,0.130395012860291
4017800,0.130090476567516
4018000,0.12978912132037
4018200,0.129955496093018
4018400,0.129701325319973
4018600,0.130053359762102
4018800,0.129417744883691
4019000,0.12915763917057
4019200,0.129921121588349
4019400,0.130283555967207
4019600,0.130123812557853
4019800,0.129511402398161
4020000,0.130129746561259
4020200,0.130490377447746
4020400,0.129549053033816
4020600,0.128924399614694
4020800,0.129308781731586
4021000,0.129022376951156
4021200,0.129177769599631
4021400,0.13052775113766
4021600,0.130465737818365
4021800,0.129820025979886
4022000,0.129794812140688
4022200,0.129664842443608
4022400,0.130370526965529
4022600,0.130227531764101
4022800,0.129925573160037
4023000,0.13014600851413
4023200,0.129962601119526
4023400,0.13129866486344
4023600,0.130522420143472
4023800,0.130783619890061
4024000,0.130040084623123
4024200,0.130559100145623
4024400,0.130115414541401
4024600,0.129698278548748
4024800,0.130171444022059
4025000,0.129786418723958
4025200,0.129907180458894
4025400,0.130135129382528
4025600,0.130331609923241
4025800,0.130387603946263
4026000,0.130881648946748
4026200,0.131168389643712
4026400,0.130711745583816
4026600,0.130966537239608
4026800,0.130761031511135
4027000,0.131512868519103
4027200,0.131718456504458
4027400,0.131571824524771
4027600,0.130878820411033
4027800,0.13100039548178
4028000,0.131178683493776
4028200,0.132569236437866
4028400,0.132073780891981
4028600,0.131821458245228
4028800,0.13160706089263
4029000,0.131968134706474
4029200,0.132793557339404
4029400,0.132915976891072
4029600,0.131819483545236
4029800,0.130676959603475
4030000,0.130380251791454
4030200,0.130876946944819
4030400,0.131356263955769
4030600,0.130916293487749
4030800,0.130442975503414
4031000,0.13048564075079
4031200,0.129943587163253
4031400,0.130707823104664
4031600,0.131405586092504
4031800,0.131228009360249
4032000,0.131725645603968
4032200,0.131686356002592
4032400,0.131297841591257
4032600,0.130653041054946
4032800,0.130448928731771
4033000,0.130443810399874
4033200,0.130400827870454
4033400,0.130685385960079
4033600,0.130807999161442
4033800,0.129946713204546
4034000,0.130080710881837
4034200,0.129940614586097
4034400,0.129954778009271
4034600,0.129882318617393
4034800,0.130397303693893
4035000,0.130683781161679
4035200,0.130729667890668
4035400,0.129609664915105
4035600,0.129387862568823
4035800,0.129074032060261
4036000,0.130539552392523
4036200,0.129861868862383
4036400,0.129384934404218
4036600,0.129715038159102
4036800,0.129996234389043
4037000,0.129885959612381
4037200,0.130171045378878
4037400,0.130105415124646
4037600,0.1299811229674
4037800,0.130009788202492
4038000,0.130219853458353
4038200,0.129776302923677
4038400,0.129630059373029
4038600,0.130780429441224
4038800,0.130577028228476
4039000,0.130582822630963
4039200,0.130448112816977
4039400,0.131376257773263
4039600,0.131195433258353
4039800,0.131237926790327
4040000,0.131118696333449
4040200,0.13188730993083
4040400,0.13206188013304
4040600,0.130580917364565
4040800,0.130196987511133
4041000,0.130161105154002
4041200,0.130646738348585
4041400,0.130857624738952
4041600,0.130748135336979
4041800,0.130092137683657
4042000,0.130666453168262
4042200,0.131045150411808
4042400,0.13132631837619
4042600,0.130135090402527
4042800,0.1304830658695
4043000,0.130782393359942
4043200,0.129314490307588
4043400,0.129992590266532
4043600,0.130071201027675
4043800,0.129669111026257
4044000,0.130644946287336
4044200,0.129138241525322
4044400,0.129211831889143
4044600,0.128513279796763
4044800,0.127761423460906
4045000,0.127495959355679
4045200,0.127939421715142
4045400,0.128992642389358
4045600,0.12846766490722
4045800,0.129341105803117
4046000,0.129183672771532
4046200,0.129466675964573
4046400,0.129320480196503
4046600,0.129436588385127
4046800,0.129008886556935
4047000,0.128769239674089
4047200,0.128374314795807
4047400,0.12894559686536
4047600,0.129271749848687
4047800,0.128500414552338
4048000,0.129055545445431
4048200,0.128373146160787
4048400,0.128154696019214
4048600,0.128416080441164
4048800,0.129384841545593
4049000,0.129245236285653
4049200,0.128957740473782
4049400,0.129049780751134
4049600,0.128539414370793
4049800,0.129616739212631
4050000,0.129369817934681
4050200,0.129599483080457
4050400,0.130064482830288
4050600,0.130564984929852
4050800,0.130434166322865
4051000,0.13090096056022
4051200,0.129960228112607
4051400,0.130269571297183
4051600,0.130618386781555
4051800,0.129848360807263
4052000,0.129515963011234
4052200,0.130242198517754
4052400,0.130708910972271
4052600,0.130152572608055
4052800,0.130450426873446
4053000,0.13038930328982
4053200,0.129604827366658
4053400,0.130246888830609
4053600,0.130427403928944
4053800,0.130303061331833
4054000,0.130185495086986
4054200,0.130257221003758
4054400,0.129425862519375
4054600,0.129032745515477
4054800,0.128574041266537
4055000,0.12869330033564
4055200,0.128483428334032
4055400,0.128424287028378
4055600,0.128593112706376
4055800,0.129122998325549
4056000,0.129298395849036
4056200,0.128745377292645
4056400,0.128904529531483
4056600,0.128814661884267
4056800,0.128980958358225
4057000,0.129623865061798
4057200,0.129469840716578
4057400,0.129551712579761
4057600,0.128880572061346
4057800,0.129852057401691
4058000,0.129330289815742
4058200,0.130017540011126
4058400,0.130393178699502
4058600,0.130442727068213
4058800,0.130092790113181
4059000,0.129404255331217
4059200,0.12938563618948
4059400,0.129591425903178
4059600,0.129146751773027
4059800,0.128425295713351
4060000,0.128627136782912
4060200,0.129371870983913
4060400,0.128324552518222
4060600,0.129231411065648
4060800,0.12874626386151
4061000,0.12880091104439
4061200,0.129255530686167
4061400,0.128659215487785
4061600,0.129396011296511
4061800,0.129488221369836
4062000,0.1291929499744
4062200,0.129088347085943
4062400,0.128855999332779
4062600,0.129214093748845
4062800,0.128726703434921
4063000,0.129091315017813
4063200,0.129209023781454
4063400,0.129553885173758
4063600,0.129318733690347
4063800,0.128766208259301
4064000,0.128699964944561
4064200,0.129775415936951
4064400,0.128939944982764
4064600,0.129304727054037
4064800,0.128204925303121
4065000,0.129092021186243
4065200,0.128829194781974
4065400,0.128727037743732
4065600,0.128550988197589
4065800,0.128563910423309
4066000,0.128865826687902
4066200,0.129316350282856
4066400,0.128218378350952
4066600,0.128226149848691
4066800,0.127550517770897
4067000,0.127992177288817
4067200,0.12834249893174
4067400,0.128466544153168
4067600,0.128454947480982
4067800,0.128337830500293
4068000,0.128345742408021
4068200,0.128973005539364
4068400,0.12887147805274
4068600,0.129290780320913
4068800,0.129504225301458
4069000,0.129296447640004
4069200,0.129543140864709
4069400,0.129948215900388
4069600,0.129873620797028
4069800,0.12959102368564
4070000,0.129616376576032
4070200,0.12978192796146
4070400,0.129274589976822
4070600,0.129372065709754
4070800,0.129771381303908
4071000,0.129191964181579
4071200,0.129336785391127
4071400,0.129186902911702
4071600,0.129510309106591
4071800,0.129124453056501
4072000,0.128957919947123
4072200,0.128858901561951
4072400,0.128730945386092
4072600,0.129191296381116
4072800,0.128396514071139
4073000,0.128494915068879
4073200,0.128576704255309
4073400,0.129771759752556
4073600,0.129520001597998
4073800,0.129905188070124
4074000,0.130041113206257
4074200,0.129160531819044
4074400,0.129602226322492
4074600,0.129426190888275
4074800,0.129420661838142
4075000,0.12889497577734
4075200,0.129556120358856
4075400,0.129495493267882
4075600,0.129499784897599
4075800,0.130365512993942
4076000,0.130040351642859
4076200,0.129498931549625
4076400,0.129721889903126
4076600,0.129623404679621
4076800,0.130412273525134
4077000,0.130086409838445
4077200,0.129637658867611
4077400,0.130076612373667
4077600,0.129858056280621
4077800,0.129106986946323
4078000,0.128633728334648
4078200,0.128440599726876
4078400,0.129005848586269
4078600,0.128871210463651
4078800,0.128840490691177
4079000,0.128646420667552
4079200,0.128456513399439
4079400,0.128841365961883
4079600,0.128916111842118
4079800,0.129442940715576
4080000,0.129450269601956
4080200,0.129590221698956
4080400,0.129670160943205
4080600,0.130156984893894
4080800,0.130540446424053
4081000,0.131285131086228
4081200,0.130986805126245
4081400,0.130648986398569
4081600,0.130602822452564
4081800,0.131133717533463
4082000,0.132102723908288
4082200,0.131315259190986
4082400,0.131450313036793
4082600,0.131759965303989
4082800,0.130994332445445
4083000,0.13079526060522
4083200,0.130910835848522
4083400,0.130530951462179
4083600,0.131362539956262
4083800,0.130532318858172
4084000,0.130142792029829
4084200,0.130506996033503
4084400,0.131069816646532
4084600,0.131048768947792
4084800,0.130223224092279
4085000,0.130343631506593
4085200,0.130654036662979
4085400,0.129950109120888
4085600,0.130289801874415
4085800,0.129856089259348
4086000,0.130074968117768
4086200,0.129866423990611
4086400,0.1303227346842
4086600,0.130337768463567
4086800,0.130030073359515
4087000,0.130583163034935
4087200,0.130084332999984
4087400,0.129882558748887
4087600,0.130851773390196
4087800,0.130584451335679
4088000,0.130283389279099
4088200,0.12996935626857
4088400,0.131310882656338
4088600,0.129950477397468
4088800,0.129257475889635
4089000,0.12971619423728
4089200,0.130305211169919
4089400,0.130733779465965
4089600,0.130457286455091
4089800,0.130347546794455
4090000,0.13049937486662
4090200,0.131048075179946
4090400,0.131108658026288
4090600,0.131475191175096
4090800,0.131484791447818
4091000,0.131146741760135
4091200,0.131437676937588
4091400,0.131090533632294
4091600,0.130993576704955
4091800,0.130925244463365
4092000,0.130470374500731
4092200,0.1305435328359
4092400,0.131427835541454
4092600,0.130502887923498
4092800,0.130439685571102
4093000,0.130863451659407
4093200,0.130749237142462
4093400,0.130526901085257
4093600,0.129628114463989
4093800,0.129377616292237
4094000,0.129416682413885
4094200,0.129922457421171
4094400,0.1305636768181
4094600,0.130628908003185
4094800,0.130960511141101
4095000,0.131210957100411
4095200,0.130710331006675
4095400,0.131082005700272
4095600,0.131442582182184
4095800,0.131548215873492
4096000,0.131625413019525
4096200,0.131160083526803
4096400,0.131050838739903
4096600,0.131749727324069
4096800,0.13170854765877
4097000,0.131846822923614
4097200,0.132211833981386
4097400,0.132564574684795
4097600,0.132084012331973
4097800,0.131300385688605
4098000,0.131174880405384
4098200,0.131508397065634
4098400,0.131054739104217
4098600,0.131731873699382
4098800,0.130974747342119
4099000,0.131698571518796
4099200,0.13146500477216
4099400,0.1309486617107
4099600,0.130439069096213
4099800,0.131213932070974
4100000,0.132182134984938
4100200,0.131413744703381
4100400,0.129831695184887
4100600,0.129994497075057
4100800,0.130017287316766
4101000,0.130323615401362
4101200,0.129494438519961
4101400,0.129523170203397
4101600,0.129285190306254
4101800,0.129364814387148
4102000,0.129758873738768
4102200,0.129852465741479
4102400,0.130124482801128
4102600,0.129432107105556
4102800,0.129399567681848
4103000,0.128804466108178
4103200,0.129971669412969
4103400,0.129466006250798
4103600,0.129431723664231
4103800,0.129570324879285
4104000,0.129721651799444
4104200,0.128831422621785
4104400,0.129333008666217
4104600,0.128622560576155
4104800,0.12918756459028
4105000,0.129230291981696
4105200,0.129285442439279
4105400,0.128959980571934
4105600,0.129310411020357
4105800,0.130292353758414
4106000,0.130450236063935
4106200,0.130483883560657
4106400,0.129665179998592
4106600,0.129245607453015
4106800,0.130302552286745
4107000,0.130635146648947
4107200,0.130799664844028
4107400,0.13094463129941
4107600,0.130169950057536
4107800,0.129515030162738
4108000,0.12961435832829
4108200,0.129298112407605
4108400,0.130191057352614
4108600,0.130528187784505
4108800,0.129973613842338
4109000,0.129345628867348
4109200,0.129339507384281
4109400,0.130206130444484
4109600,0.129944694306985
4109800,0.130775047411191
4110000,0.130690379732974
4110200,0.129721592444897
4110400,0.129760850742915
4110600,0.129824491337539
4110800,0.129702700882496
4111000,0.130339155025318
4111200,0.130629358858272
4111400,0.130875486701764
4111600,0.130411208695802
4111800,0.130613390861019
4112000,0.129911653985086
4112200,0.13073821145732
4112400,0.1309515852141
4112600,0.130491747699174
4112800,0.129800196564653
4113000,0.129213526750858
4113200,0.130196651904045
4113400,0.130159793627853
4113600,0.129712319233965
4113800,0.129789865052247
4114000,0.12993318725572
4114200,0.130137324874574
4114400,0.129674659763324
4114600,0.128795514158468
4114800,0.12896166830063
4115000,0.130125622850826
4115200,0.130155101860058
4115400,0.130219132383512
4115600,0.131134042566688
4115800,0.130017904507713
4116000,0.129855096901835
4116200,0.129233530521734
4116400,0.128900888147966
4116600,0.129572112669026
4116800,0.129187999225252
4117000,0.130515284966868
4117200,0.130822553873061
4117400,0.130432197095399
4117600,0.131144573671332
4117800,0.131219105756664
4118000,0.131045896158736
4118200,0.130774755313784
4118400,0.129962451350239
4118600,0.129745202221751
4118800,0.130407863349054
4119000,0.130208754954124
4119200,0.129942806072461
4119400,0.130013641719903
4119600,0.130472900277331
4119800,0.13039360460867
4120000,0.130316067730082
4120200,0.130211085976466
4120400,0.129854888816101
4120600,0.129445893997651
4120800,0.129718647386849
4121000,0.129909908574553
4121200,0.129460129169109
4121400,0.129353807320489
4121600,0.12868203733725
4121800,0.129875913756566
4122000,0.129571686130897
4122200,0.130082475920735
4122400,0.130271635864716
4122600,0.129511738717224
4122800,0.129210522954164
4123000,0.12976484714699
4123200,0.129599746184895
4123400,0.130126074895763
4123600,0.130281124948483
4123800,0.129458226644768
4124000,0.129978059537315
4124200,0.130925817097637
4124400,0.131317364463508
4124600,0.130443035872435
4124800,0.130474498775124
4125000,0.13060885546828
4125200,0.129284270228598
4125400,0.130174681894774
4125600,0.129967947807861
4125800,0.129870965792206
4126000,0.130244736586236
4126200,0.129893336606354
4126400,0.129565856143491
4126600,0.129632585539793
4126800,0.130408792451737
4127000,0.130506811368708
4127200,0.129823317323922
4127400,0.129827597082092
4127600,0.130002165604623
4127800,0.129138367338856
4128000,0.12932637019007
4128200,0.130475006557676
4128400,0.130335058229015
4128600,0.1305277023426
4128800,0.130692825059016
4129000,0.130499996710734
4129200,0.130793516842943
4129400,0.131342831274564
4129600,0.131447242534765
4129800,0.130616946030118
4130000,0.131054429005822
4130200,0.130566977315242
4130400,0.130773747664102
4130600,0.13062924248838
4130800,0.130579726933046
4131000,0.130980184562413
4131200,0.131555809904689
4131400,0.13054123531554
4131600,0.130538405131742
4131800,0.130382890478911
4132000,0.12983858829708
4132200,0.130223661686646
4132400,0.130618588497418
4132600,0.13023852529709
4132800,0.130676307582519
4133000,0.13137354849312
4133200,0.131402874871756
4133400,0.131202436197827
4133600,0.131206556132668
4133800,0.131471593589609
4134000,0.130967064765033
4134200,0.131215609436332
4134400,0.131788962167165
4134600,0.132344543951754
4134800,0.131860574669875
4135000,0.131146990757246
4135200,0.131560061574327
4135400,0.131429668984014
4135600,0.1314376895123
4135800,0.130286342935858
4136000,0.130466723394694
4136200,0.129477541833166
4136400,0.1298172581093
4136600,0.129810530613868
4136800,0.130053807995957
4137000,0.13021804846841
4137200,0.130260163394853
4137400,0.130315551727457
4137600,0.130259879805791
4137800,0.130802408625905
4138000,0.131323514601252
4138200,0.13065517041192
4138400,0.130771416429495
4138600,0.13002210884651
4138800,0.130863075620997
4139000,0.130043130572308
4139200,0.130342712188549
4139400,0.13054206930899
4139600,0.130689166885746
4139800,0.130955707093269
4140000,0.131073401001536
4140200,0.131051379539018
4140400,0.131018334653773
4140600,0.130928256368644
4140800,0.131088670240812
4141000,0.130839536859318
4141200,0.131517513345803
4141400,0.131676528769982
4141600,0.130998755723866
4141800,0.130622005167152
4142000,0.13043234746987
4142200,0.130697503133543
4142400,0.131121135730876
4142600,0.131173637960352
4142800,0.132150624123201
4143000,0.131533147630331
4143200,0.131607529127522
4143400,0.132234113215894
4143600,0.132309393875404
4143800,0.132719060765242
4144000,0.131096697194129
4144200,0.130993321898059
4144400,0.13151692859928
4144600,0.130920094345324
4144800,0.130752208625124
4145000,0.1304394946727
4145200,0.131356757130806
4145400,0.131248089672084
4145600,0.130644359519238
4145800,0.131101474343963
4146000,0.131444232169341
4146200,0.131974428128099
4146400,0.131474566991218
4146600,0.13034309433604
4146800,0.129972112554849
4147000,0.130125554491384
4147200,0.130629752814013
4147400,0.131014015849867
4147600,0.131538696504491
4147800,0.130967884848631
4148000,0.130237741114593
4148200,0.131138614402326
4148400,0.130704176194194
4148600,0.130218924674695
4148800,0.130091333244021
4149000,0.130149721962744
4149200,0.130732750067348
4149400,0.129597392257429
4149600,0.129625961898911
4149800,0.13057189872203
4150000,0.129879350276752
4150200,0.129771449168685
4150400,0.130500531280478
4150600,0.1303488443608
4150800,0.131254782931362
4151000,0.13136615645664
4151200,0.131835777920066
4151400,0.131190383688826
4151600,0.130169708386228
4151800,0.130058821410795
4152000,0.13015645042249
4152200,0.129961157696953
4152400,0.129983120872966
4152600,0.129946458714911
4152800,0.129537921443196
4153000,0.130273139208326
4153200,0.130650619694289
4153400,0.131247645423652
4153600,0.129940539730383
4153800,0.130436208676209
4154000,0.13047108363979
4154200,0.129891944186329
4154400,0.130762469052374
4154600,0.131419659111935
4154800,0.130033093688808
4155000,0.129858816962035
4155200,0.129946045143855
4155400,0.130489914970307
4155600,0.130024218041694
4155800,0.129450449455184
4156000,0.1297352135618
4156200,0.129227603258493
4156400,0.129721679380144
4156600,0.13015614752747
4156800,0.131260226988377
4157000,0.130224566155514
4157200,0.130470298569533
4157400,0.131021118700667
4157600,0.129826698454406
4157800,0.129147994644166
4158000,0.129508358572619
4158200,0.129467612165895
4158400,0.129872782271061
4158600,0.130333182727396
4158800,0.130899133727098
4159000,0.131309138371071
4159200,0.130844919028389
4159400,0.129945055656082
4159600,0.129912245622069
4159800,0.130317399340866
4160000,0.131051330977561
4160200,0.130490181420018
4160400,0.130574739910275
4160600,0.130092583275012
4160800,0.130078932762291
4161000,0.130389419129846
4161200,0.131054944481347
4161400,0.130630881579866
4161600,0.130563890889492
4161800,0.130723039748264
4162000,0.130730211891657
4162200,0.130502998472087
4162400,0.130009208056445
4162600,0.129417162351909
4162800,0.12876204500126
4163000,0.127962315484882
4163200,0.12884572928425
4163400,0.129367804560281
4163600,0.129277496365326
4163800,0.129513755033698
4164000,0.129377206273331
4164200,0.128430341635287
4164400,0.128118961380899
4164600,0.128221621126675
4164800,0.127946221961352
4165000,0.128727614921969
4165200,0.128659513802264
4165400,0.12777816048669
4165600,0.128056343138011
4165800,0.128890780782897
4166000,0.1286080759701
4166200,0.128262320733311
4166400,0.12800629688473
4166600,0.128584569036916
4166800,0.129598278570686
4167000,0.129484651657669
4167200,0.128935080493745
4167400,0.128765730594683
4167600,0.128604213568505
4167800,0.128858873160802
4168000,0.129356156072314
4168200,0.129548402902099
4168400,0.12944762885951
4168600,0.128908684207816
4168800,0.127852502767368
4169000,0.127763858140464
4169200,0.127262056989985
4169400,0.128230999178958
4169600,0.12827572708899
4169800,0.128129630414339
4170000,0.127699942896501
4170200,0.128906359375485
4170400,0.128401176976662
4170600,0.128025029440265
4170800,0.128044906447486
4171000,0.127919977202927
4171200,0.127595457475338
4171400,0.127186583047102
4171600,0.127849153384198
4171800,0.128543124176717
4172000,0.129091753273175
4172200,0.128601453608994
4172400,0.128512658323228
4172600,0.128772623691266
4172800,0.129098830357603
4173000,0.129282639437779
4173200,0.128719834581449
4173400,0.128898353984829
4173600,0.128561966015786
4173800,0.128782629943249
4174000,0.129188187300469
4174200,0.127553517029647
4174400,0.128091571471213
4174600,0.128791507562036
4174800,0.12849607169026
4175000,0.129796798572597
4175200,0.129917526293086
4175400,0.129930929358279
4175600,0.130271843610183
4175800,0.13037082002836
4176000,0.128983101374469
4176200,0.128978763186157
4176400,0.129121037241224
4176600,0.129998154878909
4176800,0.130277652581355
4177000,0.129034185025522
4177200,0.129068238736676
4177400,0.129514360115232
4177600,0.130093581419131
4177800,0.129869935666784
4178000,0.129924778673755
4178200,0.129159182670378
4178400,0.129581191825577
4178600,0.130191138025653
4178800,0.130891409720265
4179000,0.130246012338892
4179200,0.129465914953096
4179400,0.129676348727548
4179600,0.129824850702151
4179800,0.130400267120019
4180000,0.131246680986655
4180200,0.131033679901532
4180400,0.130823608720969
4180600,0.131340760819904
4180800,0.131559447746086
4181000,0.13065141473858
4181200,0.130183793627193
4181400,0.129414191038245
4181600,0.129756940587849
4181800,0.129863141195423
4182000,0.129735889024329
4182200,0.129474103565586
4182400,0.130617325666617
4182600,0.130825972601812
4182800,0.129831736592063
4183000,0.129968005412714
4183200,0.129971816804991
4183400,0.130405817142775
4183600,0.129931965588424
4183800,0.129750010810917
4184000,0.130259764595956
4184200,0.130474023958922
4184400,0.130875628656596
4184600,0.130572179670513
4184800,0.130206693844204
4185000,0.130593089297737
4185200,0.130545198702611
4185400,0.129755605071785
4185600,0.13094587464225
4185800,0.131040309635008
4186000,0.130572471852467
4186200,0.130395004933677
4186400,0.129881031688653
4186600,0.129495162425375
4186800,0.130224562097554
4187000,0.129305918426871
4187200,0.129641192180801
4187400,0.130630390826602
4187600,0.130527971711889
4187800,0.130982378864539
4188000,0.130956916062846
4188200,0.131612078805259
4188400,0.131186304211545
4188600,0.131666052247079
4188800,0.13279862355475
4189000,0.131915854086473
4189200,0.131920696237062
4189400,0.131365153362899
4189600,0.131760610662394
4189800,0.131330202539193
4190000,0.131802142995737
4190200,0.130781855419387
4190400,0.130646153640504
4190600,0.130495753687933
4190800,0.130083093238237
4191000,0.130131216822015
4191200,0.130042613292038
4191400,0.130223966721449
4191600,0.130656874645259
4191800,0.129752254219436
4192000,0.129778781356574
4192200,0.130567735502708
4192400,0.130698027550508
4192600,0.130595008638495
4192800,0.130982164138229
4193000,0.130614562069354
4193200,0.130383398507765
4193400,0.130014687549363
4193600,0.129457091894999
4193800,0.129687862054837
4194000,0.129689202746309
4194200,0.129317263020665
4194400,0.129723549371371
4194600,0.130360147714008
4194800,0.130946371020802
4195000,0.13079047808981
4195200,0.130137329135909
4195400,0.130254648297063
4195600,0.130330372240864
4195800,0.129957687325317
4196000,0.12985825511257
4196200,0.129624806887987
4196400,0.130283474332498
4196600,0.129986205825972
4196800,0.129258954260998
4197000,0.128778182534367
4197200,0.128539316613908
4197400,0.129052231101146
4197600,0.129873746272589
4197800,0.129811600227848
4198000,0.130164374700246
4198200,0.130681714426931
4198400,0.130185406575582
4198600,0.13099192378419
4198800,0.130285252999195
4199000,0.129596419219246
4199200,0.129468889420526
4199400,0.129021039870016
4199600,0.129529942137384
4199800,0.129910161798329
4200000,0.129936652234804
4200200,0.129326270339631
4200400,0.129373657358909
4200600,0.129297968726727
4200800,0.128758692136109
4201000,0.128480662738239
4201200,0.129427746229382
4201400,0.12949221462502
4201600,0.129318360925139
4201800,0.128787099443826
4202000,0.129377649628251
4202200,0.129536031748294
4202400,0.129410668784982
4202600,0.12949996696363
4202800,0.129628550540905
4203000,0.12913549143265
4203200,0.129193811981044
4203400,0.129560551125583
4203600,0.130135238007378
4203800,0.129996676932321
4204000,0.130515289106991
4204200,0.130088642858377
4204400,0.129012727296582
4204600,0.12967021022488
4204800,0.13022783351423
4205000,0.130616235634687
4205200,0.129107821598442
4205400,0.128170788853668
4205600,0.128677637064489
4205800,0.128757037378105
4206000,0.128480468741407
4206200,0.128884789299219
4206400,0.128588437000927
4206600,0.128912019316037
4206800,0.129228884047328
4207000,0.129215137049756
4207200,0.129638058494427
4207400,0.129429315953707
4207600,0.129444168196511
4207800,0.129590156835064
4208000,0.130622059611071
4208200,0.130668790484832
4208400,0.129918911884037
4208600,0.129758983140414
4208800,0.130176989126682
4209000,0.129389207718302
4209200,0.129997064902624
4209400,0.129531260223336
4209600,0.129322912745353
4209800,0.129758503399426
4210000,0.129426657951562
4210200,0.129416290133031
4210400,0.129680288087673
4210600,0.129951228577053
4210800,0.129543787730472
4211000,0.129086363963686
4211200,0.129465211496235
4211400,0.13021371479335
4211600,0.129471211176156
4211800,0.128441141584745
4212000,0.128433371323491
4212200,0.12846644841587
4212400,0.128466110930606
4212600,0.128466951501347
4212800,0.127917039018121
4213000,0.128485303417981
4213200,0.128839152471156
4213400,0.128885211280892
4213600,0.128832794856106
4213800,0.128151564870159
4214000,0.128376098164887
4214200,0.129725139769355
4214400,0.12856520331906
4214600,0.128780748805088
4214800,0.12918082583427
4215000,0.128792585489783
4215200,0.128929273056257
4215400,0.129722601317841
4215600,0.130486716687961
4215800,0.130515656252078
4216000,0.131180438417967
4216200,0.131162275986472
4216400,0.130575525644983
4216600,0.130955913463326
4216800,0.130922474929408
4217000,0.131477888160802
4217200,0.131239983325944
4217400,0.130949841792486
4217600,0.130902415773278
4217800,0.131031479086023
4218000,0.130870012820754
4218200,0.130536960038066
4218400,0.130549681307847
4218600,0.130335059831384
4218800,0.130490469207293
4219000,0.130018636619616
4219200,0.129403227110413
4219400,0.129796416553351
4219600,0.130137811607672
4219800,0.130646659423266
4220000,0.130750553029736
4220200,0.130457776969041
4220400,0.1301000420242
4220600,0.129914387083976
4220800,0.129903461318532
4221000,0.129969404412909
4221200,0.130003611109614
4221400,0.130563211521091
4221600,0.129929363023756
4221800,0.12964743925386
4222000,0.129177532565618
4222200,0.129019209796441
4222400,0.129625206350001
4222600,0.130607494230724
4222800,0.129780985033864
4223000,0.130484115049559
4223200,0.130703611543148
4223400,0.13051431831045
4223600,0.130047530012076
4223800,0.130767305347103
4224000,0.131016809716724
4224200,0.131014611419737
4224400,0.130326694518237
4224600,0.130623866365283
4224800,0.130431224045152
4225000,0.130212797266001
4225200,0.130127265717277
4225400,0.130666650061092
4225600,0.131053733550382
4225800,0.130761678529326
4226000,0.130152200749045
4226200,0.130017063138756
4226400,0.130234200230218
4226600,0.129845093837361
4226800,0.130043580168914
4227000,0.129968897646771
4227200,0.130424095586391
4227400,0.130452875952972
4227600,0.130400753744162
4227800,0.130386419454211
4228000,0.130270952434153
4228200,0.129080552797276
4228400,0.128476478889654
4228600,0.129161959403305
4228800,0.12952496628224
4229000,0.129980586545837
4229200,0.129468818496742
4229400,0.130246962835184
4229600,0.13098659538167
4229800,0.130317714907674
4230000,0.129507809184748
4230200,0.12927838373154
4230400,0.129514649496525
4230600,0.130090924426423
4230800,0.130753400755882
4231000,0.130827292772879
4231200,0.130028731411808
4231400,0.129356087579225
4231600,0.129472498902737
4231800,0.130110167408021
4232000,0.13062813462226
4232200,0.130679596717565
4232400,0.129220930125587
4232600,0.129647278956921
4232800,0.129417909395284
4233000,0.129489609367703
4233200,0.129647657069372
4233400,0.129496997728583
4233600,0.128847312070194
4233800,0.128460945649075
4234000,0.128768963198018
4234200,0.129613389213812
4234400,0.129890390329072
4234600,0.129277013495543
4234800,0.129716121052814
4235000,0.128835254286005
4235200,0.129179163111115
4235400,0.129365848844111
4235600,0.129991370510472
4235800,0.129617219920757
4236000,0.129798837343465
4236200,0.130083806180402
4236400,0.130066752595724
4236600,0.129410702820421
4236800,0.129665734682454
4237000,0.129492276176395
4237200,0.129189782503148
4237400,0.12874822179244
4237600,0.128872257857303
4237800,0.129364652349205
4238000,0.128816451356894
4238200,0.129604885317193
4238400,0.129955868902188
4238600,0.12946035273081
4238800,0.130265204502237
4239000,0.130024303606611
4239200,0.129203972746484
4239400,0.129197914917469
4239600,0.129565969504179
4239800,0.12929404584185
4240000,0.129727414078389
4240200,0.129683198341109
4240400,0.129327441752187
4240600,0.129562630743635
4240800,0.129287707044056
4241000,0.128891514329945
4241200,0.128594614351347
4241400,0.128212349101815
4241600,0.128147103150856
4241800,0.128167576234916
4242000,0.128311776594715
4242200,0.129008012145553
4242400,0.127759755130034
4242600,0.128498762113922
4242800,0.128920028549747
4243000,0.129218799994097
4243200,0.128986693354127
4243400,0.129225778593256
4243600,0.129323912690056
4243800,0.12943466737006
4244000,0.129263415349678
4244200,0.129514217264276
4244400,0.129448578203319
4244600,0.129873051635775
4244800,0.129239850024555
4245000,0.128960920535542
4245200,0.128549654670611
4245400,0.128989981754969
4245600,0.129248059872294
4245800,0.12977373934651
4246000,0.12948760574343
4246200,0.129771981307069
4246400,0.12966346404527
4246600,0.129384817952457
4246800,0.129483723373085
4247000,0.129356556464672
4247200,0.129053317545003
4247400,0.129364827923023
4247600,0.130293266760321
4247800,0.129574491604404
4248000,0.12888163046588
4248200,0.128481487982266
4248400,0.128176254434034
4248600,0.12842404685433
4248800,0.127516859550388
4249000,0.127816183190549
4249200,0.12860930241289
4249400,0.12857499705043
4249600,0.129995013898894
4249800,0.12942867532217
4250000,0.129171282024674
4250200,0.128897854812995
4250400,0.129262446834764
4250600,0.128357663481826
4250800,0.128575713538528
4251000,0.12867029461997
4251200,0.128375275651243
4251400,0.127578579679582
4251600,0.127447188004173
4251800,0.127624558131444
4252000,0.127477822480113
4252200,0.12735089403091
4252400,0.127895952217238
4252600,0.128677032283049
4252800,0.128276996534449
4253000,0.128391310310135
4253200,0.127111581011649
4253400,0.128059742865114
4253600,0.128513418027795
4253800,0.127405443840224
4254000,0.128355130324874
4254200,0.128403467304873
4254400,0.127813340861449
4254600,0.127130316004239
4254800,0.127456429121352
4255000,0.127996360329692
4255200,0.127874188682135
4255400,0.127913447992461
4255600,0.127012407133468
4255800,0.127670762399977
4256000,0.128088658458424
4256200,0.127598199414409
4256400,0.127447475739482
4256600,0.127887317856157
4256800,0.127903425997741
4257000,0.127900042331993
4257200,0.127586498402229
4257400,0.127823304482687
4257600,0.128027590459461
4257800,0.128031634971254
4258000,0.128100946031715
4258200,0.128134471354229
4258400,0.127994612807257
4258600,0.12841696725597
4258800,0.128357731893892
4259000,0.128675753512375
4259200,0.127919758402984
4259400,0.128013836330172
4259600,0.128558361354075
4259800,0.128461591307244
4260000,0.128662436111618
4260200,0.128791065342375
4260400,0.12843814969133
4260600,0.129151980264364
4260800,0.129202283420149
4261000,0.127792617209377
4261200,0.128204816555876
4261400,0.128358111432268
4261600,0.128218980618883
4261800,0.127563150830373
4262000,0.127427898654439
4262200,0.127702186042304
4262400,0.12867049915884
4262600,0.128706412476909
4262800,0.12933590261192
4263000,0.129200995775798
4263200,0.128739227214912
4263400,0.129644921917134
4263600,0.129389740712032
4263800,0.128990959019471
4264000,0.128975137571239
4264200,0.128438611076732
4264400,0.129170122526801
4264600,0.129746226378639
4264800,0.129060238207633
4265000,0.129218548466205
4265200,0.12836118424085
4265400,0.12824544171379
4265600,0.128571214697511
4265800,0.129205165307963
4266000,0.129282951146503
4266200,0.129679258789721
4266400,0.130106026805364
4266600,0.129305863038359
4266800,0.129020863891705
4267000,0.128575795931235
4267200,0.129080876045541
4267400,0.128760869994227
4267600,0.129238838839882
4267800,0.129088898577988
4268000,0.128976380851215
4268200,0.128829281406802
4268400,0.128689207819391
4268600,0.128879146989411
4268800,0.128793136601635
4269000,0.128682547477323
4269200,0.12821600437531
4269400,0.128729436478355
4269600,0.128398706444855
4269800,0.12826897225432
4270000,0.128263712446511
4270200,0.127876633295056
4270400,0.128397614365133
4270600,0.128723352104827
4270800,0.128392881460922
4271000,0.128981401781578
4271200,0.128938174680508
4271400,0.127379535394699
4271600,0.128346192770768
4271800,0.128463078772284
4272000,0.128634414110426
4272200,0.127757686428917
4272400,0.128014717924299
4272600,0.128238170575142
4272800,0.128413500300105
4273000,0.128480962045698
4273200,0.127860597504957
4273400,0.127991069811248
4273600,0.129156242630497
4273800,0.129769822797521
4274000,0.129195576371189
4274200,0.129248955532757
4274400,0.129779970166904
4274600,0.130586192648419
4274800,0.130115342145177
4275000,0.130383973959477
4275200,0.130133897829845
4275400,0.129787524333794
4275600,0.129851219662784
4275800,0.13006125313071
4276000,0.130201095094899
4276200,0.129441581326705
4276400,0.128883264394054
4276600,0.129139152280596
4276800,0.129612980317141
4277000,0.128828241630311
4277200,0.128854878811091
4277400,0.128373240845045
4277600,0.128565781820945
4277800,0.12904802170954
4278000,0.128932672273446
4278200,0.128157481132514
4278400,0.128524916746026
4278600,0.128681038995675
4278800,0.128010762669239
4279000,0.127873264589352
4279200,0.127829073853215
4279400,0.128426597371784
4279600,0.128994602905917
4279800,0.128720757275008
4280000,0.127967573825096
4280200,0.127665183057172
4280400,0.127029844287151
4280600,0.128173661628662
4280800,0.128289427247799
4281000,0.127527674003975
4281200,0.127875657444604
4281400,0.127210579930931
4281600,0.126997782237331
4281800,0.128559015197759
4282000,0.128007629823701
4282200,0.12775309610037
4282400,0.128083356921902
4282600,0.128953432440197
4282800,0.128356286033402
4283000,0.12689230181991
4283200,0.126978012962868
4283400,0.127181912744287
4283600,0.126429131692739
4283800,0.127263697464889
4284000,0.128100586277587
4284200,0.127688766927297
4284400,0.127862610093154
4284600,0.128922552011473
4284800,0.128882477363067
4285000,0.128471370288612
4285200,0.128395424834533
4285400,0.128863429476471
4285600,0.129748504860981
4285800,0.128482488869465
4286000,0.128444870230377
4286200,0.127814821410225
4286400,0.128874737637963
4286600,0.128908839693585
4286800,0.128264315422174
4287000,0.127488212917547
4287200,0.12806791959541
4287400,0.127974288366696
4287600,0.128164401934706
4287800,0.128626638025757
4288000,0.128276900578331
4288200,0.128255345532212
4288400,0.128077839037266
4288600,0.127625558791718
4288800,0.127974629284098
4289000,0.127794678586692
4289200,0.127335972342754
4289400,0.12753980969174
4289600,0.128610537020347
4289800,0.127805692030327
4290000,0.127842536897579
4290200,0.128670748318535
4290400,0.128600486942771
4290600,0.127982449325515
4290800,0.128235595350383
4291000,0.127908190921528
4291200,0.127973897408298
4291400,0.12780530135455
4291600,0.128732218497726
4291800,0.127604951513092
4292000,0.127034728045164
4292200,0.127577787713749
4292400,0.127764405304473
4292600,0.128288000657284
4292800,0.128265761927565
4293000,0.128784296454234
4293200,0.128549822904948
4293400,0.128494001321128
4293600,0.127837596740523
4293800,0.127814288613309
4294000,0.127294804473385
4294200,0.127196376594823
4294400,0.12794175531399
4294600,0.127203498381535
4294800,0.127684232193659
4295000,0.127232861703424
4295200,0.127012173722745
4295400,0.127035166102496
4295600,0.127258978299784
4295800,0.127714160067927
4296000,0.127507543042568
4296200,0.127922809759073
4296400,0.128179148982588
4296600,0.128336218759058
4296800,0.127849811861096
4297000,0.12757533432316
4297200,0.128493266724962
4297400,0.128425165589377
4297600,0.128695307747706
4297800,0.128139692811189
4298000,0.129077368151209
4298200,0.128743752430526
4298400,0.128734748441892
4298600,0.128538662527164
4298800,0.128389172419995
4299000,0.129075999761945
4299200,0.129250595986092
4299400,0.129035893901319
4299600,0.12840891467677
4299800,0.128808586265317
4300000,0.129860522829009
4300200,0.128971875621733
4300400,0.129201254255417
4300600,0.128765511489603
4300800,0.129265803523232
4301000,0.129571578866816
4301200,0.128159808229314
4301400,0.128475943627565
4301600,0.128552221241436
4301800,0.128552685237097
4302000,0.128662571824207
4302200,0.129027868604604
4302400,0.129343027256646
4302600,0.128899251239376
4302800,0.128525533921922
4303000,0.127846635960872
4303200,0.128161489291799
4303400,0.128420499341901
4303600,0.127904411327955
4303800,0.128110113345141
4304000,0.127907943870157
4304200,0.127542316296117
4304400,0.12746548862611
4304600,0.126949700354533
4304800,0.12701551771859
4305000,0.126214772581072
4305200,0.126540077178657
4305400,0.127106545066707
4305600,0.127808562583559
4305800,0.128561689111252
4306000,0.128448239491935
4306200,0.128376152150136
4306400,0.128640500186032
4306600,0.128386287478856
4306800,0.12894808735304
4307000,0.128265463967771
4307200,0.127901913687267
4307400,0.128568067779891
4307600,0.128420117440779
4307800,0.129322984395039
4308000,0.129143043558546
4308200,0.12910848737675
4308400,0.129425446337318
4308600,0.128449466278503
4308800,0.127985613008659
4309000,0.128283542924935
4309200,0.129003115336273
4309400,0.128975720980917
4309600,0.128726346773763
4309800,0.128815313118212
4310000,0.129575616403176
4310200,0.129652736772508
4310400,0.128986794808859
4310600,0.129411563761465
4310800,0.129833681320861
4311000,0.129092787480128
4311200,0.128699718447676
4311400,0.127638028115916
4311600,0.127968255528997
4311800,0.128077550496982
4312000,0.128650425924222
4312200,0.12835779000461
4312400,0.128630046185605
4312600,0.128423948722052
4312800,0.129373979737332
4313000,0.129639814897023
4313200,0.129713608293312
4313400,0.130147967426918
4313600,0.129161119976852
4313800,0.129586350484322
4314000,0.129257294250782
4314200,0.130126623830569
4314400,0.130028221673776
4314600,0.129406608786273
4314800,0.129018731997462
4315000,0.129281917691462
4315200,0.12966426153
4315400,0.129467159215598
4315600,0.128791747377757
4315800,0.12772255400446
4316000,0.127785924464926
4316200,0.128245072361963
4316400,0.129209199532364
4316600,0.129367738996927
4316800,0.129679450184635
4317000,0.129970217357708
4317200,0.129523201506743
4317400,0.129234294916833
4317600,0.128833371338786
4317800,0.129552565543245
4318000,0.129044595135956
4318200,0.128808806745376
4318400,0.129851934324542
4318600,0.130285312093201
4318800,0.130066022928302
4319000,0.12968047098755
4319200,0.129954398131581
4319400,0.130016280033533
4319600,0.13033198622517
4319800,0.130369806400527
4320000,0.129894606880212
4320200,0.12955320130168
4320400,0.12939031137359
4320600,0.129668716007175
4320800,0.129424383883157
4321000,0.130128369316279
4321200,0.130900873370403
4321400,0.13113134872389
4321600,0.131369408991965
4321800,0.131308258100662
4322000,0.131022758566542
4322200,0.13085379932326
4322400,0.131185552664424
4322600,0.131695125982071
4322800,0.13087473399866
4323000,0.130877588662345
4323200,0.131117842369365
4323400,0.131990706388506
4323600,0.131573730062672
4323800,0.13074372648455
4324000,0.13000230682892
4324200,0.129951788499509
4324400,0.130676367993513
4324600,0.129715752130625
4324800,0.129542815895735
4325000,0.129651227880996
4325200,0.130386236993184
4325400,0.129720793397325
4325600,0.130249795090052
4325800,0.130345932931245
4326000,0.129967581363483
4326200,0.129403226208088
4326400,0.129827046884271
4326600,0.130032974953174
4326800,0.130800444473998
4327000,0.130550009174881
4327200,0.129808029888984
4327400,0.129938023445275
4327600,0.129648064837804
4327800,0.129839345449905
4328000,0.130594553253387
4328200,0.130597410868343
4328400,0.129419437299203
4328600,0.129844151350371
4328800,0.130106627156233
4329000,0.129703295307444
4329200,0.129508381554026
4329400,0.129145719188482
4329600,0.129559484880574
4329800,0.130753858870789
4330000,0.130290422426358
4330200,0.130226366686459
4330400,0.130356233752169
4330600,0.130184054983117
4330800,0.129597161528878
4331000,0.1301854616107
4331200,0.129382687349685
4331400,0.128719237641579
4331600,0.128626467830403
4331800,0.129118591223024
4332000,0.129736090337281
4332200,0.130094925700406
4332400,0.130350509018039
4332600,0.13028668472093
4332800,0.129935770257704
4333000,0.130169459440524
4333200,0.130061906543596
4333400,0.130385915727914
4333600,0.130131756248419
4333800,0.12975865063299
4334000,0.130682123642056
4334200,0.130283143179992
4334400,0.129851975264434
4334600,0.130155063650095
4334800,0.130260735068232
4335000,0.130033636146909
4335200,0.130101812214012
4335400,0.130642799999757
4335600,0.130714557615976
4335800,0.129395981503917
4336000,0.129408148984752
4336200,0.129416771157865
4336400,0.129957219798688
4336600,0.130020780163936
4336800,0.130183753190003
4337000,0.130338800644034
4337200,0.130445673870342
4337400,0.130231724261534
4337600,0.13046809080731
4337800,0.129808170182909
4338000,0.129325017277405
4338200,0.129475497834155
4338400,0.129936363280227
4338600,0.129675008610635
4338800,0.130123664358949
4339000,0.129166943228565
4339200,0.128940788008235
4339400,0.129219919420449
4339600,0.129500126318592
4339800,0.12900833839145
4340000,0.129027961874483
4340200,0.129129881436028
4340400,0.129337565602684
4340600,0.129211576435513
4340800,0.129988942309907
4341000,0.130337326484829
4341200,0.13014169534051
4341400,0.130351072032801
4341600,0.129892734118783
4341800,0.130398663505938
4342000,0.131237680791575
4342200,0.131327529095904
4342400,0.130924253205768
4342600,0.130502370461687
4342800,0.130786389752341
4343000,0.131745136695101
4343200,0.131405339226186
4343400,0.131014592159504
4343600,0.130796811801328
4343800,0.130515026981944
4344000,0.130296186501375
4344200,0.130662868334321
4344400,0.131437539839323
4344600,0.130777118961858
4344800,0.131325560270723
4345000,0.131068815500167
4345200,0.130083309532877
4345400,0.130164372379612
4345600,0.130194426535366
4345800,0.130429603353631
4346000,0.130602552398539
4346200,0.130265652267279
4346400,0.129413986831646
4346600,0.130122808639877
4346800,0.130010295111468
4347000,0.130184619163347
4347200,0.130887408033873
4347400,0.130350085504004
4347600,0.129287924398525
4347800,0.129242869465322
4348000,0.129014475665865
4348200,0.12989377744531
4348400,0.129634173628739
4348600,0.130183651507387
4348800,0.130275800057315
4349000,0.129509645042981
4349200,0.129917065266603
4349400,0.129753261686107
4349600,0.130017735955964
4349800,0.129176427579089
4350000,0.129505695318284
4350200,0.130034337783615
4350400,0.130447077052605
4350600,0.130259219334883
4350800,0.13051313946751
4351000,0.130563158788304
4351200,0.13024932971962
4351400,0.130448979569215
4351600,0.130564566039382
4351800,0.130932080207822
4352000,0.130464646232411
4352200,0.130087156741208
4352400,0.129395910233222
4352600,0.129594228956187
4352800,0.129786491938802
4353000,0.130114174658257
4353200,0.1302945261477
4353400,0.130704683022313
4353600,0.130977925161377
4353800,0.131126872416198
4354000,0.131040695689887
4354200,0.131432838023403
4354400,0.131771058646887
4354600,0.131949790802038
4354800,0.132613259440388
4355000,0.132031225526128
4355200,0.132752519792129
4355400,0.131951180765068
4355600,0.131313628770047
4355800,0.13225975491178
4356000,0.133054834745031
4356200,0.132912548550504
4356400,0.132034385202264
4356600,0.132203495292251
4356800,0.13308716128944
4357000,0.132399623758602
4357200,0.131562551630271
4357400,0.131890591530145
4357600,0.132086500172125
4357800,0.132242405541441
4358000,0.13129200950307
4358200,0.131017774145938
4358400,0.13150394256081
4358600,0.132288912764537
4358800,0.132402129030307
4359000,0.131738763088411
4359200,0.130881377048436
4359400,0.130396646417378
4359600,0.130848558319069
4359800,0.131649233502249
4360000,0.132091532454238
4360200,0.132119790492405
4360400,0.131781797665244
4360600,0.131612867303816
4360800,0.131521593332612
4361000,0.131806399527919
4361200,0.132315978776689
4361400,0.131810634517163
4361600,0.132125592860043
4361800,0.132128474849948
4362000,0.132993746444424
4362200,0.132684664281776
4362400,0.131964543845304
4362600,0.132396359871736
4362800,0.132464717390751
4363000,0.131986043782285
4363200,0.131148312834251
4363400,0.131503548613968
4363600,0.131355427732701
4363800,0.131123831233869
4364000,0.132104529575918
4364200,0.132030102854634
4364400,0.131684128207864
4364600,0.131181223373935
4364800,0.131436985412832
4365000,0.13156546003657
4365200,0.131132582699548
4365400,0.130907992572818
4365600,0.131433841133013
4365800,0.131305881464364
4366000,0.131327800684427
4366200,0.131234589440377
4366400,0.130799210337502
4366600,0.131416114234217
4366800,0.132371477601761
4367000,0.132527267006871
4367200,0.131696434368015
4367400,0.131923491380139
4367600,0.131215197262166
4367800,0.130777944068775
4368000,0.130989026979842
4368200,0.131120793742194
4368400,0.130741213327382
4368600,0.131311118285443
4368800,0.131288410217166
4369000,0.131697437275293
4369200,0.131975519519445
4369400,0.132252727323953
4369600,0.132002185066801
4369800,0.131832081541741
4370000,0.132066638513905
4370200,0.132227507787153
4370400,0.132035455554216
4370600,0.132065093609916
4370800,0.132150421145248
4371000,0.132383694785332
4371200,0.13201766119317
4371400,0.131442142120256
4371600,0.131738880550256
4371800,0.13159123185307
4372000,0.131755711421961
4372200,0.131138174948083
4372400,0.130646161217119
4372600,0.13065295018833
4372800,0.130325181819615
4373000,0.130561827019692
4373200,0.130777327569673
4373400,0.131443758019247
4373600,0.130489504925108
4373800,0.130403845055921
4374000,0.130570160152585
4374200,0.131459847987724
4374400,0.131631503542951
4374600,0.131917981121325
4374800,0.131957775822148
4375000,0.132480230059751
4375200,0.132634180789843
4375400,0.133224466409823
4375600,0.133129371185049
4375800,0.132800588077968
4376000,0.132775877820538
4376200,0.132407762648534
4376400,0.1332863090271
4376600,0.133307980702753
4376800,0.133952925318005
4377000,0.133335054207441
4377200,0.132793768952842
4377400,0.133031810264406
4377600,0.133252346063815
4377800,0.13287111832554
4378000,0.13191217921171
4378200,0.132257656497933
4378400,0.132379557929046
4378600,0.131865612504147
4378800,0.13170076309054
4379000,0.131900663681482
4379200,0.131802855854812
4379400,0.131867317668336
4379600,0.132236936649904
4379800,0.132961080580358
4380000,0.132562188609615
4380200,0.132630755312474
4380400,0.132412048667078
4380600,0.132325366024845
4380800,0.131908692892775
4381000,0.132184810729332
4381200,0.132699368426332
4381400,0.131959919405453
4381600,0.131709942954059
4381800,0.132202060412054
4382000,0.132368064145801
4382200,0.132443321295151
4382400,0.131958986969878
4382600,0.132022803306537
4382800,0.130957520580586
4383000,0.131615978114444
4383200,0.131783943296998
4383400,0.132402924334257
4383600,0.131986496898965
4383800,0.132472016917383
4384000,0.131714819064443
4384200,0.13271308607644
4384400,0.132949144667246
4384600,0.133023492460543
4384800,0.131597398524145
4385000,0.131869652126887
4385200,0.131847559206929
4385400,0.130734206830004
4385600,0.130795795518146
4385800,0.130522690570853
4386000,0.131219387023096
4386200,0.131237413795419
4386400,0.131374733962993
4386600,0.131000796370766
4386800,0.131299465334669
4387000,0.131093345642626
4387200,0.131715512476028
4387400,0.130901699521165
4387600,0.13110622418615
4387800,0.131697867874058
4388000,0.13045569165239
4388200,0.129637091405926
4388400,0.130397826473445
4388600,0.130701996085264
4388800,0.130806351624286
4389000,0.131148274618251
4389200,0.131303595623328
4389400,0.131091111320856
4389600,0.13048591350391
4389800,0.131810163569574
4390000,0.130410462909277
4390200,0.13024162689211
4390400,0.129789124693163
4390600,0.129337578016344
4390800,0.129760607358148
4391000,0.129750914299839
4391200,0.129843624435312
4391400,0.130461918015163
4391600,0.131675533567132
4391800,0.131127180164427
4392000,0.131960310753955
4392200,0.131061472340805
4392400,0.131072264210295
4392600,0.131127523693052
4392800,0.13094882869996
4393000,0.13131417953595
4393200,0.131258497581024
4393400,0.130352440793868
4393600,0.130547854592447
4393800,0.129833511255543
4394000,0.129510744389091
4394200,0.129023449002484
4394400,0.129217233006191
4394600,0.129400101685677
4394800,0.128975246487708
4395000,0.129001008050755
4395200,0.128619399086149
4395400,0.129480520278997
4395600,0.12959216191743
4395800,0.129544253782048
4396000,0.129807685239842
4396200,0.130469339817738
4396400,0.130794614310365
4396600,0.130600651018923
4396800,0.130603912134874
4397000,0.130905664658742
4397200,0.131281307643724
4397400,0.131055106136743
4397600,0.130625288514798
4397800,0.12990113647621
4398000,0.13023031875059
4398200,0.130081006727544
4398400,0.129432219876899
4398600,0.129874605058886
4398800,0.129576410098466
4399000,0.130064185448158
4399200,0.129827012524905
4399400,0.129169039764447
4399600,0.128110885324676
4399800,0.128152245000916
4400000,0.128747142551558
4400200,0.128849254011944
4400400,0.127839491392651
4400600,0.128678367566341
4400800,0.128248276773428
4401000,0.129290563844979
4401200,0.130070399949956
4401400,0.129971279451391
4401600,0.130295875493778
4401800,0.130643104924207
4402000,0.130140535395874
4402200,0.130099967070998
4402400,0.129641250652097
4402600,0.129576718115096
4402800,0.129324541426262
4403000,0.129722460381573
4403200,0.128864595422009
4403400,0.129098559387853
4403600,0.129307656178789
4403800,0.129232931107144
4404000,0.129811707892746
4404200,0.129065408942053
4404400,0.129378711169533
4404600,0.129049958918961
4404800,0.129841544432015
4405000,0.130598561777729
4405200,0.130553100255783
4405400,0.129608582104986
4405600,0.129372438483219
4405800,0.128827992782761
4406000,0.128951916013932
4406200,0.129112670420638
4406400,0.129448736791809
4406600,0.129313828294426
4406800,0.130146936625865
4407000,0.129881298245884
4407200,0.129285961876719
4407400,0.129680302196935
4407600,0.129918345069285
4407800,0.129234854613234
4408000,0.129315673568498
4408200,0.129409323920152
4408400,0.129040713171015
4408600,0.12956032872406
4408800,0.129650304710114
4409000,0.128830054373498
4409200,0.128344337242962
4409400,0.129017051741956
4409600,0.129479448920012
4409800,0.128789144088301
4410000,0.128906338802933
4410200,0.128666333868082
4410400,0.128586317992776
4410600,0.128766479060843
4410800,0.129391942504763
4411000,0.129321961283969
4411200,0.128999553551461
4411400,0.128648649951071
4411600,0.128859113557398
4411800,0.129426712759609
4412000,0.128660958434616
4412200,0.128598027904166
4412400,0.129129303870308
4412600,0.128821690269936
4412800,0.129102417081915
4413000,0.13004777323782
4413200,0.129875797694307
4413400,0.128704627203416
4413600,0.128777343528558
4413800,0.128517671834688
4414000,0.129485832159009
4414200,0.129161597200649
4414400,0.12856574812252
4414600,0.128454924964894
4414800,0.128098622525398
4415000,0.127997681858078
4415200,0.128440380314312
4415400,0.129070166376668
4415600,0.129690847037027
4415800,0.129138297350947
4416000,0.129074625640513
4416200,0.129265641293628
4416400,0.128808347672548
4416600,0.129121723385423
4416800,0.129226682478803
4417000,0.128939076034031
4417200,0.129101617923275
4417400,0.12886918073324
4417600,0.12930570870938
4417800,0.129239466046639
4418000,0.130321196083524
4418200,0.129429159433181
4418400,0.130255536525376
4418600,0.129984380902895
4418800,0.129242505600141
4419000,0.129329187866848
4419200,0.12944868703346
4419400,0.128957735690033
4419600,0.12918050698957
4419800,0.128797198821437
4420000,0.129277553409444
4420200,0.129067157668582
4420400,0.129036919011499
4420600,0.129429122239796
4420800,0.129900876683626
4421000,0.129136413880293
4421200,0.129919478650095
4421400,0.130191007736253
4421600,0.128939521484602
4421800,0.128782509397209
4422000,0.128636028042176
4422200,0.128359199455204
4422400,0.128192092450866
4422600,0.127494606970073
4422800,0.126816039574754
4423000,0.127578266926394
4423200,0.127311353626921
4423400,0.12749739874502
4423600,0.127000664282845
4423800,0.127490385267638
4424000,0.127235362171011
4424200,0.126695891486253
4424400,0.127196723185086
4424600,0.127491789336908
4424800,0.127038874992765
4425000,0.126971179550074
4425200,0.127319931580445
4425400,0.127833258116818
4425600,0.127264896712621
4425800,0.127500292602029
4426000,0.127383111691539
4426200,0.126460620150779
4426400,0.12691206467516
4426600,0.126648770966798
4426800,0.127889835041014
4427000,0.128324006820799
4427200,0.128274286132792
4427400,0.128062267022773
4427600,0.127950977123046
4427800,0.127447964044137
4428000,0.126995178864046
4428200,0.126715704866771
4428400,0.127456398767211
4428600,0.126359538554185
4428800,0.125573535511136
4429000,0.125770194514636
4429200,0.125550780590855
4429400,0.126698017858871
4429600,0.126766645030085
4429800,0.126697581395965
4430000,0.126769329494527
4430200,0.126458027859049
4430400,0.126517352226943
4430600,0.126295372915635
4430800,0.126243666107628
4431000,0.126247947715054
4431200,0.126387675413296
4431400,0.126338062182731
4431600,0.126221581900227
4431800,0.126430320009062
4432000,0.127075668984959
4432200,0.127296825684057
4432400,0.127267982621157
4432600,0.127124796134409
4432800,0.126151236521438
4433000,0.127136578387578
4433200,0.127103699991161
4433400,0.126809491801419
4433600,0.127185750561436
4433800,0.128515962248728
4434000,0.129012592378225
4434200,0.128965652966306
4434400,0.128409436253668
4434600,0.128496643791137
4434800,0.129195333036341
4435000,0.128957144366286
4435200,0.128310714031768
4435400,0.127817586428665
4435600,0.128125429314012
4435800,0.127743367177601
4436000,0.127580264739027
4436200,0.127408927466031
4436400,0.127602794886782
4436600,0.128029152963851
4436800,0.12721426116858
4437000,0.127839059856821
4437200,0.12834160556104
4437400,0.128621971560508
4437600,0.127803253204388
4437800,0.128250338224939
4438000,0.128228306776462
4438200,0.128501180730477
4438400,0.129029520590882
4438600,0.128766476371041
4438800,0.128543188933578
4439000,0.128881758337306
4439200,0.128289802571946
4439400,0.128744267687864
4439600,0.127974635147988
4439800,0.127578691995559
4440000,0.128086936225982
4440200,0.128941979689087
4440400,0.128425933503267
4440600,0.127938208125965
4440800,0.127983759728409
4441000,0.128398647659256
4441200,0.127818151057104
4441400,0.128187628059837
4441600,0.12877636799392
4441800,0.128271053497752
4442000,0.128498650311493
4442200,0.127800857817676
4442400,0.128120903861913
4442600,0.128145176070945
4442800,0.127915485124875
4443000,0.127812150856473
4443200,0.127691992759134
4443400,0.127619010170185
4443600,0.127876193084719
4443800,0.127886672372248
4444000,0.127879863947248
4444200,0.127892026212425
4444400,0.127534041635808
4444600,0.128522358858773
4444800,0.128308229464966
4445000,0.128374905836632
4445200,0.127895346674378
4445400,0.128392913543673
4445600,0.128169639599075
4445800,0.127510661962008
4446000,0.127026480716054
4446200,0.126729598276238
4446400,0.126851414519204
4446600,0.126920426021539
4446800,0.126614994705012
4447000,0.126987571171175
4447200,0.127361845365697
4447400,0.126947721060624
4447600,0.126701462713965
4447800,0.126751405411693
4448000,0.127032718922416
4448200,0.127509029689982
4448400,0.127476829825574
4448600,0.126326693939113
4448800,0.126479303829613
4449000,0.126722481793333
4449200,0.127519446258493
4449400,0.127927179097907
4449600,0.127988061002447
4449800,0.127685546203012
4450000,0.127964104059312
4450200,0.128408074538121
4450400,0.128311123977828
4450600,0.127592760190032
4450800,0.127425527419015
4451000,0.127752549117697
4451200,0.127950651531236
4451400,0.128045438435802
4451600,0.128702939811314
4451800,0.128820626645348
4452000,0.127928010014647
4452200,0.128769894995493
4452400,0.128107057185064
4452600,0.127990674860272
4452800,0.127795033946622
4453000,0.128204288864243
4453200,0.127798779492337
4453400,0.12767298559299
4453600,0.127246178361421
4453800,0.12836647819939
4454000,0.128113441578505
4454200,0.127334175736216
4454400,0.127119818956495
4454600,0.127261966256499
4454800,0.127451441927413
4455000,0.128300549427989
4455200,0.128252094118164
4455400,0.128458906378673
4455600,0.127859415990882
4455800,0.126902474164741
4456000,0.127205100132706
4456200,0.126832791718066
4456400,0.125957435718786
4456600,0.125492225871092
4456800,0.126806896304493
4457000,0.126622387017566
4457200,0.126112440037784
4457400,0.126284474333936
4457600,0.127149123654095
4457800,0.127938522051372
4458000,0.128534731773635
4458200,0.128310090732464
4458400,0.128160529153815
4458600,0.127883864443933
4458800,0.127884184502605
4459000,0.128846101794017
4459200,0.127739979141466
4459400,0.12858784076651
4459600,0.128878884162638
4459800,0.128763038181744
4460000,0.129235786942207
4460200,0.129290330701648
4460400,0.129871923512771
4460600,0.129880222349408
4460800,0.128646386825172
4461000,0.128639626932321
4461200,0.128030277766199
4461400,0.128045418239932
4461600,0.128113707627398
4461800,0.127272374559253
4462000,0.126855250708912
4462200,0.126586615851656
4462400,0.127130126903096
4462600,0.127575380349918
4462800,0.128061876319349
4463000,0.128376728751212
4463200,0.128822604175647
4463400,0.128615981072032
4463600,0.128485106641989
4463800,0.128848928962222
4464000,0.128579393246603
4464200,0.127646543827339
4464400,0.128279610017648
4464600,0.127976507166526
4464800,0.127894023734384
4465000,0.126618075488239
4465200,0.127233207275376
4465400,0.127473565539391
4465600,0.126921983841261
4465800,0.127312651843053
4466000,0.127768145630961
4466200,0.126690880734268
4466400,0.127045500329302
4466600,0.127228313534277
4466800,0.126576525000029
4467000,0.127350353090699
4467200,0.127974231790362
4467400,0.12749937688051
4467600,0.126726700628835
4467800,0.128047031129474
4468000,0.127876689852478
4468200,0.128432793177755
4468400,0.129565892081733
4468600,0.129079657395409
4468800,0.128810814389275
4469000,0.129354513012976
4469200,0.129949098493372
4469400,0.129238114300952
4469600,0.128871903658467
4469800,0.128258575554433
4470000,0.127759073832263
4470200,0.127245786725157
4470400,0.127198459135763
4470600,0.127130083835133
4470800,0.12776273221543
4471000,0.127730937752973
4471200,0.127327294629228
4471400,0.127998465870824
4471600,0.127274339179042
4471800,0.127641163108486
4472000,0.127535536375288
4472200,0.128406825046064
4472400,0.127189724540119
4472600,0.126883911712838
4472800,0.125585006410041
4473000,0.125566617156833
4473200,0.126424299799885
4473400,0.126629761175581
4473600,0.126945359308453
4473800,0.12652629287226
4474000,0.126405472512943
4474200,0.126324803886968
4474400,0.126360719338568
4474600,0.126784585207538
4474800,0.126633168902718
4475000,0.126086970042001
4475200,0.126102992933385
4475400,0.125795611414423
4475600,0.126293814371759
4475800,0.126051737452325
4476000,0.127069715618802
4476200,0.12703103243088
4476400,0.127832346220963
4476600,0.127735144321168
4476800,0.129012280050048
4477000,0.128586951186611
4477200,0.128743204246687
4477400,0.128667511966045
4477600,0.127677214724307
4477800,0.128009471228173
4478000,0.128160216565291
4478200,0.128448790357208
4478400,0.12818099617262
4478600,0.127952215956237
4478800,0.128786478161853
4479000,0.129336014062254
4479200,0.128388335764999
4479400,0.128142670903539
4479600,0.127979770405794
4479800,0.12828617064487
4480000,0.128247888759698
4480200,0.128482141735884
4480400,0.128662056435771
4480600,0.128270542304154
4480800,0.128234407190443
4481000,0.128626465446517
4481200,0.128490180664793
4481400,0.128692091317764
4481600,0.128108637090762
4481800,0.128063919082948
4482000,0.128552179123496
4482200,0.128644876062194
4482400,0.128834497102234
4482600,0.128476629000652
4482800,0.129120341711535
4483000,0.128013009115127
4483200,0.128088130066151
4483400,0.12808002756847
4483600,0.128031000599917
4483800,0.127329299029615
4484000,0.127858728597639
4484200,0.127755344984245
4484400,0.127694878546554
4484600,0.127995277055166
4484800,0.128425291271771
4485000,0.128277807422142
4485200,0.127594771224044
4485400,0.127221520439278
4485600,0.127238923791974
4485800,0.12703307992248
4486000,0.127202531476721
4486200,0.126132073504116
4486400,0.126778184974872
4486600,0.127011312489888
4486800,0.127238181734639
4487000,0.127116043880982
4487200,0.127618704859305
4487400,0.127345666688062
4487600,0.127693297388267
4487800,0.127854467946063
4488000,0.127692001706138
4488200,0.127154004182888
4488400,0.126593016217205
4488600,0.127189869490002
4488800,0.127389541829395
4489000,0.127411107541612
4489200,0.12717760621671
4489400,0.127808865879528
4489600,0.127855624243145
4489800,0.127460499345727
4490000,0.127324050974225
4490200,0.127299001319402
4490400,0.127272650254895
4490600,0.126903144318893
4490800,0.126544669908227
4491000,0.127851339428396
4491200,0.128125825575812
4491400,0.128131041933751
4491600,0.12746458282244
4491800,0.128226095256959
4492000,0.128549346055575
4492200,0.127443133641959
4492400,0.1275655966493
4492600,0.127580358315602
4492800,0.127264811973293
4493000,0.12758644333944
4493200,0.12897911076003
4493400,0.128923439513172
4493600,0.129072405342863
4493800,0.129051264569176
4494000,0.128834247564452
4494200,0.129265747212246
4494400,0.128999427544986
4494600,0.128738032852675
4494800,0.12804825654481
4495000,0.128141640922347
4495200,0.129008692794888
4495400,0.12799149404823
4495600,0.127414948214887
4495800,0.127947379080639
4496000,0.127519853058597
4496200,0.128122911956208
4496400,0.128432565069605
4496600,0.128289522004651
4496800,0.128076745348122
4497000,0.127506901601433
4497200,0.12735489974499
4497400,0.12734744969698
4497600,0.12815952945249
4497800,0.128136421953714
4498000,0.128870672466138
4498200,0.128371108566098
4498400,0.127965346626899
4498600,0.127840316638672
4498800,0.127690345347823
4499000,0.127675971723899
4499200,0.127089333714121
4499400,0.128160700723706
4499600,0.128788167223271
4499800,0.127945579446264
4500000,0.12820964774451
4500200,0.128008844406784
4500400,0.128482116443166
4500600,0.127803432441683
4500800,0.127767097090453
4501000,0.127333535247969
4501200,0.127674180361537
4501400,0.128064482103941
4501600,0.127489533190172
4501800,0.127221666797032
4502000,0.12660166159543
4502200,0.127645524472272
4502400,0.127821001529988
4502600,0.126964500567973
4502800,0.127034354463292
4503000,0.127065264269562
4503200,0.12716068096725
4503400,0.127715412366506
4503600,0.128076771050134
4503800,0.128453159152448
4504000,0.127737547260903
4504200,0.127061215012325
4504400,0.127113866511758
4504600,0.126494435517773
4504800,0.12662590423176
4505000,0.126183299209858
4505200,0.126514323642193
4505400,0.127286490890421
4505600,0.127332193315909
4505800,0.127243524226872
4506000,0.126682442128087
4506200,0.127012841598244
4506400,0.126956485283718
4506600,0.126463022234901
4506800,0.12718827025756
4507000,0.126357629443908
4507200,0.126666304105107
4507400,0.12761739344383
4507600,0.128013112440434
4507800,0.128514559805047
4508000,0.128451445392796
4508200,0.128068173945604
4508400,0.127841416800967
4508600,0.128941165370116
4508800,0.129287497752797
4509000,0.129220089986793
4509200,0.128441597711034
4509400,0.127832134886027
4509600,0.128336338663956
4509800,0.127846928808453
4510000,0.127879676155832
4510200,0.127528851220232
4510400,0.127055110141651
4510600,0.126467700797666
4510800,0.127468026351035
4511000,0.127661536052954
4511200,0.126881586779412
4511400,0.126679907765742
4511600,0.127939993746351
4511800,0.127907856257101
4512000,0.1276788864187
4512200,0.127960001375571
4512400,0.127921070069393
4512600,0.128269618190218
4512800,0.128639654000462
4513000,0.128646263424698
4513200,0.128091177669785
4513400,0.127620811945521
4513600,0.127792309595709
4513800,0.127494889716412
4514000,0.128575413339752
4514200,0.128106961938644
4514400,0.128374198384124
4514600,0.128260860219944
4514800,0.127412248473453
4515000,0.127702221939329
4515200,0.127353197547052
4515400,0.127607567760271
4515600,0.128612474178393
4515800,0.128190180116272
4516000,0.127566740741204
4516200,0.127431361322563
4516400,0.127445634213897
4516600,0.127031379119165
4516800,0.126628670432307
4517000,0.127071451950282
4517200,0.128353141480998
4517400,0.12803533478839
4517600,0.12778137010832
4517800,0.126861496590984
4518000,0.126322536490216
4518200,0.126301459074632
4518400,0.126013985493821
4518600,0.125909619501523
4518800,0.126090462489313
4519000,0.127215723766071
4519200,0.1279280572263
4519400,0.128507944285284
4519600,0.128260898254269
4519800,0.127782549629151
4520000,0.128016626624389
4520200,0.128375630752097
4520400,0.128118481452814
4520600,0.128249994256972
4520800,0.128551420155342
4521000,0.127528061805725
4521200,0.127698848676403
4521400,0.128696844674524
4521600,0.128283328209791
4521800,0.12866152610053
4522000,0.128122442889715
4522200,0.127580339126399
4522400,0.128543329592243
4522600,0.128932241265818
4522800,0.128786765839571
4523000,0.127575259629863
4523200,0.127844669122055
4523400,0.127965664053735
4523600,0.127570195326084
4523800,0.127299829647573
4524000,0.127244981827799
4524200,0.127736699783475
4524400,0.127805920950706
4524600,0.127526979611694
4524800,0.126549130174884
4525000,0.126105809434508
4525200,0.127048695145953
4525400,0.127331772901317
4525600,0.126734411125979
4525800,0.127219981713563
4526000,0.127916544984793
4526200,0.128857640053822
4526400,0.129052297836012
4526600,0.128376173750075
4526800,0.128691036920886
4527000,0.127694394395196
4527200,0.12723912182217
4527400,0.127538387147711
4527600,0.127219858741074
4527800,0.127681935588667
4528000,0.128030775711611
4528200,0.127748146387365
4528400,0.127944751985305
4528600,0.127712945591916
4528800,0.128001228872484
4529000,0.127889542440891
4529200,0.127651384039298
4529400,0.127505879784274
4529600,0.127767856721797
4529800,0.127919929687386
4530000,0.127270878438805
4530200,0.127840710434207
4530400,0.128095591995243
4530600,0.128115548376928
4530800,0.127221293599772
4531000,0.127521013529877
4531200,0.127164707885417
4531400,0.126950574682214
4531600,0.127237701345278
4531800,0.126902863907161
4532000,0.126401508285739
4532200,0.12662561512928
4532400,0.127359457017871
4532600,0.127604062162234
4532800,0.128143633780088
4533000,0.127968657326965
4533200,0.12864069178639
4533400,0.128119688183204
4533600,0.12785307097809
4533800,0.127293552259504
4534000,0.127462523749623
4534200,0.127235879022005
4534400,0.127479341306725
4534600,0.127290808917888
4534800,0.126819491000688
4535000,0.126809383519328
4535200,0.126025209954765
4535400,0.126614165705113
4535600,0.127623617769674
4535800,0.128692310410894
4536000,0.127473355734262
4536200,0.127433207757572
4536400,0.127404386545121
4536600,0.127785081013762
4536800,0.127074362517772
4537000,0.12679611423991
4537200,0.127616236734414
4537400,0.127259963863796
4537600,0.1264466590726
4537800,0.126650084296944
4538000,0.126658002830991
4538200,0.127463376777067
4538400,0.128202782477651
4538600,0.127926377196898
4538800,0.127128037719582
4539000,0.126943573664491
4539200,0.12751794653732
4539400,0.127954562837371
4539600,0.128097504990082
4539800,0.128015712943683
4540000,0.127607526675468
4540200,0.127680198157937
4540400,0.12799533739477
4540600,0.1288814648709
4540800,0.12762765458096
4541000,0.127319422079865
4541200,0.127248416559187
4541400,0.126829164726757
4541600,0.12677396042173
4541800,0.126802414928828
4542000,0.126530933969418
4542200,0.127303802844443
4542400,0.127230103679401
4542600,0.127766446474597
4542800,0.127652501920211
4543000,0.127845130958058
4543200,0.127561755427168
4543400,0.127382995042572
4543600,0.127327980418711
4543800,0.126693794601491
4544000,0.125810311142084
4544200,0.126336632130681
4544400,0.126943604178581
4544600,0.12724662537606
4544800,0.127436373218125
4545000,0.126397893922315
4545200,0.126689129144142
4545400,0.126345201328978
4545600,0.127197032464494
4545800,0.12675903221404
4546000,0.126968998111253
4546200,0.12709302206395
4546400,0.127551732587951
4546600,0.127605981767141
4546800,0.127466039831458
4547000,0.127331259617424
4547200,0.127754707744021
4547400,0.127328145252862
4547600,0.127230698790646
4547800,0.127160627363072
4548000,0.127762529297909
4548200,0.128050452626382
4548400,0.128132692397985
4548600,0.127865056959398
4548800,0.127146990616067
4549000,0.126811768901945
4549200,0.127298742897451
4549400,0.127955204590765
4549600,0.127494414925737
4549800,0.128242382429165
4550000,0.128772860295654
4550200,0.12869785535487
4550400,0.12858134864176
4550600,0.128878274119721
4550800,0.129530269826742
4551000,0.12838162489278
4551200,0.128408547931576
4551400,0.128847221229952
4551600,0.127893479817246
4551800,0.127886403570486
4552000,0.127257297294949
4552200,0.127463724014117
4552400,0.12775594328534
4552600,0.127460628751377
4552800,0.126907398016378
4553000,0.126947832543265
4553200,0.126861728006066
4553400,0.127120563849523
4553600,0.128111747450857
4553800,0.127130021064416
4554000,0.126230535737809
4554200,0.127456187327053
4554400,0.127343083788245
4554600,0.126911233730834
4554800,0.126539346355462
4555000,0.126730207991915
4555200,0.126022852540386
4555400,0.125810168674549
4555600,0.126174257495241
4555800,0.126641039848721
4556000,0.126060857207638
4556200,0.126867461530468
4556400,0.126643962492069
4556600,0.126280697341531
4556800,0.126372553106091
4557000,0.127121648470193
4557200,0.126366286825188
4557400,0.126089385710452
4557600,0.126486209152886
4557800,0.126783045027262
4558000,0.12810507593577
4558200,0.127183696904621
4558400,0.125903435890216
4558600,0.126072020182848
4558800,0.125290474565639
4559000,0.125406195844664
4559200,0.125479154824516
4559400,0.125966281296554
4559600,0.125736940609246
4559800,0.125967679690565
4560000,0.12598302358481
4560200,0.126112717213441
4560400,0.125950436208162
4560600,0.126647574393086
4560800,0.126633444917736
4561000,0.126892814829515
4561200,0.127043335346585
4561400,0.127443256145936
4561600,0.127259144104869
4561800,0.12726857582263
4562000,0.127726537644764
4562200,0.127759074293724
4562400,0.127506980674799
4562600,0.126931983939127
4562800,0.126979360855659
4563000,0.127294720207994
4563200,0.127127153149871
4563400,0.126705197833389
4563600,0.12708048451611
4563800,0.127298900239589
4564000,0.126966352164737
4564200,0.126442145860736
4564400,0.126097827115037
4564600,0.126192220916597
4564800,0.126811060822984
4565000,0.1260191767878
4565200,0.126692340589043
4565400,0.126271218102144
4565600,0.126530358638828
4565800,0.126112458420074
4566000,0.126614960947797
4566200,0.126035750548696
4566400,0.126780356708134
4566600,0.127406409187644
4566800,0.126545018393528
4567000,0.126149667467393
4567200,0.126415675187864
4567400,0.126536560131285
4567600,0.126804618421766
4567800,0.127796712460001
4568000,0.127794151810958
4568200,0.127368846214657
4568400,0.127137594611993
4568600,0.12691544900452
4568800,0.12788549963532
4569000,0.127496369536037
4569200,0.127004676659378
4569400,0.126551374764607
4569600,0.126977382204376
4569800,0.128052590574755
4570000,0.126807116009568
4570200,0.126717682721992
4570400,0.126561690646654
4570600,0.126545208290168
4570800,0.126903496008334
4571000,0.127007933157539
4571200,0.126776198752166
4571400,0.12700676370457
4571600,0.126305012445768
4571800,0.126770994133831
4572000,0.126170030271942
4572200,0.127011047328582
4572400,0.126616916103988
4572600,0.12685804388838
4572800,0.12687489998381
4573000,0.126346904371755
4573200,0.127315225316769
4573400,0.127656090370135
4573600,0.128168495002921
4573800,0.127690700311812
4574000,0.127729731908001
4574200,0.128036398590751
4574400,0.12811447786044
4574600,0.128231708865861
4574800,0.12768898636431
4575000,0.127118234342308
4575200,0.12721736476486
4575400,0.12771715945024
4575600,0.127315796469327
4575800,0.127210825182361
4576000,0.126955701851755
4576200,0.127087521497346
4576400,0.127593481413037
4576600,0.12735551999468
4576800,0.127068102711944
4577000,0.127166514429495
4577200,0.126824155726653
4577400,0.126894460333725
4577600,0.126758862981109
4577800,0.127004501248324
4578000,0.127269866585381
4578200,0.126900693633388
4578400,0.126584178904998
4578600,0.126941874274307
4578800,0.126951044875241
4579000,0.12662916475614
4579200,0.127292518747982
4579400,0.127013076219755
4579600,0.126755478616518
4579800,0.127033260388025
4580000,0.127727457305454
4580200,0.127896155058235
4580400,0.128859110735531
4580600,0.128412014763095
4580800,0.127917436310944
4581000,0.128327207400732
4581200,0.128094068157637
4581400,0.127511196524436
4581600,0.127314908243692
4581800,0.128158491030418
4582000,0.127813829090872
4582200,0.128095943718895
4582400,0.128255404382747
4582600,0.127737223425009
4582800,0.126354513278049
4583000,0.126222599322048
4583200,0.125988068968612
4583400,0.125411022869634
4583600,0.125914913147336
4583800,0.126353991457038
4584000,0.126256731032328
4584200,0.126116160701186
4584400,0.125891435854283
4584600,0.126268244036037
4584800,0.126459289442487
4585000,0.126720712315758
4585200,0.127015717292296
4585400,0.127028336444682
4585600,0.127805797244121
4585800,0.126664738655454
4586000,0.126338688811368
4586200,0.127122961103668
4586400,0.12823830150724
4586600,0.127673326133271
4586800,0.127549835056127
4587000,0.126877517492387
4587200,0.126583330214235
4587400,0.127480090095929
4587600,0.127489140173938
4587800,0.127681362533646
4588000,0.128102387487333
4588200,0.128090358632541
4588400,0.12818362350686
4588600,0.127819586361827
4588800,0.12752150331799
4589000,0.127193270896577
4589200,0.126685966774461
4589400,0.126978924458133
4589600,0.126395657389018
4589800,0.126618026504089
4590000,0.12738864362171
4590200,0.127133502031116
4590400,0.127163532592188
4590600,0.126789488635623
4590800,0.127051432028212
4591000,0.127714625052399
4591200,0.127642825103233
4591400,0.127625439953446
4591600,0.127771921586934
4591800,0.127602262274594
4592000,0.1279782523552
4592200,0.12783077770981
4592400,0.128029176108782
4592600,0.128367566079947
4592800,0.129161842993009
4593000,0.128816133060936
4593200,0.128727583429298
4593400,0.128400067461454
4593600,0.127489167011666
4593800,0.12739051086343
4594000,0.127757837563038
4594200,0.127965446915289
4594400,0.12763072558151
4594600,0.127849479765226
4594800,0.128179637347168
4595000,0.127776937024334
4595200,0.128318171785191
4595400,0.128281751031531
4595600,0.12895151487307
4595800,0.128954713643393
4596000,0.129516355021699
4596200,0.128917709004095
4596400,0.128698373706988
4596600,0.128359274995357
4596800,0.127882931834426
4597000,0.128496987297855
4597200,0.128783064004704
4597400,0.128867312414907
4597600,0.128737529845991
4597800,0.129383288419476
4598000,0.129380245948464
4598200,0.129138429519124
4598400,0.129622095070777
4598600,0.129728032520386
4598800,0.129098943159106
4599000,0.129570115953662
4599200,0.130193304756293
4599400,0.129576632900936
4599600,0.129076442692439
4599800,0.129246602333494
4600000,0.129556421707276
4600200,0.129730043879924
4600400,0.128502020226257
4600600,0.129605364752216
4600800,0.12942493152843
4601000,0.130265235593424
4601200,0.130494582826633
4601400,0.130286249662946
4601600,0.129476558920271
4601800,0.129120178546906
4602000,0.129368065670621
4602200,0.129701852557668
4602400,0.129256735285618
4602600,0.128775373020179
4602800,0.128100769366115
4603000,0.128894801057321
4603200,0.129183846959382
4603400,0.129211992423304
4603600,0.128548807190999
4603800,0.128539706227703
4604000,0.12870366147771
4604200,0.128582720456051
4604400,0.12886929599476
4604600,0.129466552018812
4604800,0.130362672396728
4605000,0.129839682266957
4605200,0.129574569794479
4605400,0.129939427776781
4605600,0.129425647886873
4605800,0.129063931180592
4606000,0.12858546726294
4606200,0.128537853317169
4606400,0.128441275403532
4606600,0.128494741670261
4606800,0.12857589279554
4607000,0.129581008667568
4607200,0.12925834669494
4607400,0.128514048220558
4607600,0.129480588395047
4607800,0.129076368207
4608000,0.1284346258029
4608200,0.128605778930131
4608400,0.128628476710534
4608600,0.12880240067982
4608800,0.129247099909965
4609000,0.129160225484771
4609200,0.129708237290309
4609400,0.130346276482716
4609600,0.129407582252228
4609800,0.129022709844336
4610000,0.128919742327229
4610200,0.128424555103183
4610400,0.127800807181987
4610600,0.127664991157779
4610800,0.127669379141613
4611000,0.127265690607709
4611200,0.127525813505154
4611400,0.128588780916164
4611600,0.128753151792524
4611800,0.129076079104601
4612000,0.129072403036956
4612200,0.128687356450246
4612400,0.128885110935819
4612600,0.128442571902336
4612800,0.128908807008931
4613000,0.1293608025328
4613200,0.129135444016971
4613400,0.128905158786293
4613600,0.129588800608392
4613800,0.130208773644114
4614000,0.129540512009447
4614200,0.129980909234957
4614400,0.12980528093799
4614600,0.129782349015955
4614800,0.130047088569142
4615000,0.129949405688698
4615200,0.129954337261286
4615400,0.130061903924634
4615600,0.130151764166183
4615800,0.129710939965205
4616000,0.129918055303824
4616200,0.129976802940944
4616400,0.129375281272849
4616600,0.129077564188993
4616800,0.129081097116114
4617000,0.130212117751898
4617200,0.130050742299606
4617400,0.129243495893782
4617600,0.129482398367071
4617800,0.129220645199936
4618000,0.129475333315415
4618200,0.129506493470873
4618400,0.129168558078932
4618600,0.128576595727382
4618800,0.128487811591974
4619000,0.129226524811813
4619200,0.129481636466364
4619400,0.129503804537483
4619600,0.129444535725254
4619800,0.129218889518502
4620000,0.129801011110647
4620200,0.128933907310259
4620400,0.128852407851241
4620600,0.129728492182118
4620800,0.130391116146011
4621000,0.129749815242425
4621200,0.129056601329743
4621400,0.129424955997927
4621600,0.128991130365384
4621800,0.129326506445659
4622000,0.128778414429785
4622200,0.128627290997558
4622400,0.129147016852545
4622600,0.129426672577362
4622800,0.12908011248284
4623000,0.129334786635351
4623200,0.129937628897691
4623400,0.129637515938657
4623600,0.129751364975572
4623800,0.129094277226495
4624000,0.128218070085353
4624200,0.12773665088376
4624400,0.127342609770342
4624600,0.127613100972175
4624800,0.127341384864157
4625000,0.126989647649113
4625200,0.127182378728749
4625400,0.127500201587813
4625600,0.127576405143324
4625800,0.128409552509323
4626000,0.129367130531445
4626200,0.129225165237851
4626400,0.129955022654303
4626600,0.128991323201039
4626800,0.128891257191512
4627000,0.128454960542642
4627200,0.129145054230382
4627400,0.129082334984909
4627600,0.128654985706945
4627800,0.127606309116812
4628000,0.127853100726087
4628200,0.128220451825116
4628400,0.127306918664615
4628600,0.126769220395274
4628800,0.127301268188672
4629000,0.127252621192839
4629200,0.128222312918875
4629400,0.128223342797716
4629600,0.127573114991007
4629800,0.127003003844323
4630000,0.127672290248706
4630200,0.127632980046014
4630400,0.127330480568701
4630600,0.126773658855319
4630800,0.127159285639114
4631000,0.126290166263302
4631200,0.127291166296716
4631400,0.128449499272706
4631600,0.128816649593058
4631800,0.12882276554095
4632000,0.128728042606222
4632200,0.129479591058144
4632400,0.129262488780179
4632600,0.129149478027876
4632800,0.128735097711972
4633000,0.128915600584175
4633200,0.127995015192489
4633400,0.127347533641732
4633600,0.126993534585272
4633800,0.127801301671906
4634000,0.128349172143062
4634200,0.128405186948613
4634400,0.127353904571121
4634600,0.126548467158371
4634800,0.127813196195904
4635000,0.127787948842112
4635200,0.128015082333844
4635400,0.128332305791352
4635600,0.128856647830665
4635800,0.128036782516857
4636000,0.128290113375141
4636200,0.128517502778334
4636400,0.128832142910544
4636600,0.128280181897592
4636800,0.128749980323368
4637000,0.128568922885348
4637200,0.128605221535996
4637400,0.128769134297109
4637600,0.128481844457947
4637800,0.128596492978381
4638000,0.128301034790558
4638200,0.127778130817668
4638400,0.127484583455151
4638600,0.128496044594897
4638800,0.128713402913133
4639000,0.128816794149502
4639200,0.129082577297328
4639400,0.128917683864773
4639600,0.12913116803235
4639800,0.128639837725247
4640000,0.128587934969109
4640200,0.128550423398056
4640400,0.128537422855131
4640600,0.128322500865239
4640800,0.129981244926045
4641000,0.129762611939583
4641200,0.129022482113128
4641400,0.129215358819989
4641600,0.128811508568722
4641800,0.128996888466292
4642000,0.129746933637388
4642200,0.129221333809547
4642400,0.129121802920357
4642600,0.128761606048324
4642800,0.128385787795479
4643000,0.128579775708337
4643200,0.127394462537111
4643400,0.127343072474271
4643600,0.127272662469895
4643800,0.127565538385787
4644000,0.127315341283067
4644200,0.127642661028835
4644400,0.127475872544089
4644600,0.127540873958259
4644800,0.127454081314509
4645000,0.127838704793091
4645200,0.127567901232386
4645400,0.127800512257316
4645600,0.128578413131019
4645800,0.128956833460098
4646000,0.128146935852013
4646200,0.128373996833329
4646400,0.128884770490643
4646600,0.129676635062113
4646800,0.129541403389984
4647000,0.128931142038417
4647200,0.128523081425481
4647400,0.12954831969608
4647600,0.1295654732995
4647800,0.12930096137594
4648000,0.130187440067904
4648200,0.129636547771869
4648400,0.130334966337599
4648600,0.130141506579178
4648800,0.128881803897823
4649000,0.129300112119722
4649200,0.130247967473214
4649400,0.129978490836689
4649600,0.129350208656043
4649800,0.129277466063003
4650000,0.129588402934798
4650200,0.130699267573059
4650400,0.130714527852241
4650600,0.130412682750394
4650800,0.13044185345331
4651000,0.131280458830959
4651200,0.130613762901402
4651400,0.130914363968573
4651600,0.130697645295481
4651800,0.13078416088963
4652000,0.130043045475464
4652200,0.129757486378866
4652400,0.129196939111184
4652600,0.129558587303147
4652800,0.129591383963436
4653000,0.129743089706592
4653200,0.12975509135114
4653400,0.130514395523251
4653600,0.130286894607108
4653800,0.129810154205879
4654000,0.128871536245704
4654200,0.12935655232064
4654400,0.128813676152804
4654600,0.127898636377012
4654800,0.129119286168458
4655000,0.129391206448943
4655200,0.129262979081642
4655400,0.1289551848339
4655600,0.129142294279234
4655800,0.130601221567587
4656000,0.130213804372605
4656200,0.129694757515913
4656400,0.129972242167931
4656600,0.130272750166869
4656800,0.129528313125204
4657000,0.129193367915318
4657200,0.129656827465876
4657400,0.129549498984092
4657600,0.129071346233247
4657800,0.128588896940406
4658000,0.12810544512793
4658200,0.127906474995844
4658400,0.128343466710124
4658600,0.128199184274363
4658800,0.128844946679991
4659000,0.129476662632834
4659200,0.129506380539157
4659400,0.129168707845818
4659600,0.130151949761872
4659800,0.129495531252758
4660000,0.129898095192509
4660200,0.130682300895699
4660400,0.129449922144555
4660600,0.12923090094008
4660800,0.12984228455864
4661000,0.130575558015213
4661200,0.130585958835585
4661400,0.129901101130359
4661600,0.129792484151189
4661800,0.130337078817467
4662000,0.130625319851747
4662200,0.130721221746652
4662400,0.131099992887854
4662600,0.130988376730849
4662800,0.131000033608885
4663000,0.130843309372008
4663200,0.12952211215911
4663400,0.129060096624083
4663600,0.128992699682639
4663800,0.129649762180881
4664000,0.130165266961733
4664200,0.129812321664967
4664400,0.130121813295174
4664600,0.130671322606338
4664800,0.130002051455618
4665000,0.130030931085927
4665200,0.131189929872344
4665400,0.131150973086856
4665600,0.131637449330517
4665800,0.131168978973369
4666000,0.130847004318918
4666200,0.130388206668325
4666400,0.130355417682561
4666600,0.130681435711937
4666800,0.131134130894335
4667000,0.130196556647124
4667200,0.129401784865998
4667400,0.129651118846775
4667600,0.130059082309479
4667800,0.130062389594627
4668000,0.129813836118068
4668200,0.131113516007252
4668400,0.130515299508629
4668600,0.130558953418343
4668800,0.130191202005363
4669000,0.130421468588074
4669200,0.12951047959804
4669400,0.129911676462041
4669600,0.130301011837224
4669800,0.130410708679565
4670000,0.129609750201848
4670200,0.129976936959221
4670400,0.129643311073811
4670600,0.13058899396271
4670800,0.129951111795996
4671000,0.130174272305093
4671200,0.130601125687739
4671400,0.130302574746448
4671600,0.130430656246286
4671800,0.13025092534912
4672000,0.129691182556
4672200,0.129391061819718
4672400,0.129770081871126
4672600,0.130161243638435
4672800,0.130479150407231
4673000,0.129755180507682
4673200,0.128433426571969
4673400,0.128962885371215
4673600,0.12852417909199
4673800,0.128565930206192
4674000,0.12924863771064
4674200,0.128914083597154
4674400,0.128845016053421
4674600,0.128358795183128
4674800,0.128533526819286
4675000,0.129324196633846
4675200,0.129466030819991
4675400,0.129313244791512
4675600,0.129293629898852
4675800,0.129998448239598
4676000,0.129049741195444
4676200,0.129166275906988
4676400,0.129989683667383
4676600,0.129717360451124
4676800,0.130637191176435
4677000,0.131002535790883
4677200,0.131235497782754
4677400,0.131090675561027
4677600,0.130097806631834
4677800,0.130900022603335
4678000,0.130226253695125
4678200,0.130546359397022
4678400,0.13118710061728
4678600,0.130953374140838
4678800,0.130310406316323
4679000,0.130301489379833
4679200,0.130169261325556
4679400,0.129956847294573
4679600,0.130391446777788
4679800,0.12998460936811
4680000,0.130252190658284
4680200,0.130293349588004
4680400,0.13052306051064
4680600,0.131050544410151
4680800,0.131652983165757
4681000,0.131543582293391
4681200,0.131440562611127
4681400,0.130611733541647
4681600,0.130426565379676
4681800,0.13100658515944
4682000,0.131180758668134
4682200,0.13098748087182
4682400,0.130234720851203
4682600,0.130650489718435
4682800,0.130728355809096
4683000,0.130318630064172
4683200,0.130972289622668
4683400,0.13050489397656
4683600,0.130091363352109
4683800,0.130863217423135
4684000,0.131031615611898
4684200,0.13048984385864
4684400,0.130436371308628
4684600,0.130161319950363
4684800,0.129683374331237
4685000,0.129715629944298
4685200,0.12906982947185
4685400,0.129114890697612
4685600,0.129425029958161
4685800,0.130372859634428
4686000,0.130131040602887
4686200,0.129930852683114
4686400,0.130225553237137
4686600,0.130206582815181
4686800,0.130241371791393
4687000,0.130054264261099
4687200,0.13109334022498
4687400,0.131029711638881
4687600,0.130629547533625
4687800,0.130670142623416
4688000,0.129876155570227
4688200,0.130363123590635
4688400,0.130314396617208
4688600,0.130018058085994
4688800,0.131543295471779
4689000,0.131170926049958
4689200,0.131129246826287
4689400,0.130783034134628
4689600,0.130775923753334
4689800,0.129942489824001
4690000,0.129780811454738
4690200,0.129818095191469
4690400,0.130499098868887
4690600,0.130108425942966
4690800,0.130608210635941
4691000,0.130680670016883
4691200,0.131695811301676
4691400,0.131119730646382
4691600,0.130638453145834
4691800,0.130713819539306
4692000,0.130976252959832
4692200,0.131245138070973
4692400,0.131613213498726
4692600,0.130880920375197
4692800,0.130519979501228
4693000,0.130909030103983
4693200,0.130535875336936
4693400,0.130666343204752
4693600,0.131151084263229
4693800,0.130692816857073
4694000,0.130713501669539
4694200,0.13022728230268
4694400,0.130089412479014
4694600,0.129168599286781
4694800,0.128936153799286
4695000,0.127857553318778
4695200,0.128020474016686
4695400,0.128798271791279
4695600,0.129678897520956
4695800,0.129053836183498
4696000,0.128988228410547
4696200,0.130459238146619
4696400,0.129643126135172
4696600,0.13010428103828
4696800,0.130091520313608
4697000,0.129502866236583
4697200,0.129340597117195
4697400,0.130101164654237
4697600,0.129982094636181
4697800,0.130244686807895
4698000,0.12978418373822
4698200,0.129370805427384
4698400,0.129392632754988
4698600,0.130730003168428
4698800,0.130009423016657
4699000,0.12909288844478
4699200,0.128942348419864
4699400,0.129075662665473
4699600,0.128436743137286
4699800,0.128358661257256
4700000,0.129115172610581
4700200,0.128610998358011
4700400,0.128588199629143
4700600,0.128156827617789
4700800,0.129045775549866
4701000,0.129366665556952
4701200,0.12886955164198
4701400,0.128732532117404
4701600,0.128817920312535
4701800,0.129765547716301
4702000,0.130305537378448
4702200,0.130005786337965
4702400,0.129745152041462
4702600,0.13075868129242
4702800,0.129443778299283
4703000,0.129586608467981
4703200,0.129978480467411
4703400,0.129822821183006
4703600,0.129644034918684
4703800,0.129746851173507
4704000,0.130354936313075
4704200,0.129953789366751
4704400,0.130204977444682
4704600,0.130229369639185
4704800,0.130795534648977
4705000,0.130657191411936
4705200,0.13050614616802
4705400,0.130057066058934
4705600,0.13008557024649
4705800,0.129526531345808
4706000,0.128953620145665
4706200,0.128949956545431
4706400,0.129254557808921
4706600,0.129775272953509
4706800,0.130269558412535
4707000,0.129848173585572
4707200,0.129314361776555
4707400,0.128952515548096
4707600,0.129973831425893
4707800,0.129121587116831
4708000,0.128931168775232
4708200,0.129269315441705
4708400,0.129648622348066
4708600,0.129091754240552
4708800,0.129891724589189
4709000,0.130416975211866
4709200,0.130386599651752
4709400,0.130977814017836
4709600,0.130754132285907
4709800,0.130751283756003
4710000,0.130346337691587
4710200,0.130143893176857
4710400,0.130304803300858
4710600,0.129467492748609
4710800,0.129313079382525
4711000,0.129410427512762
4711200,0.129507602353203
4711400,0.128930920467937
4711600,0.129030865470488
4711800,0.128714100437353
4712000,0.127958890674308
4712200,0.12879429981458
4712400,0.127534192695317
4712600,0.12745638505797
4712800,0.128665819318978
4713000,0.128524140205577
4713200,0.12845019657597
4713400,0.128876183236577
4713600,0.129571568713026
4713800,0.129029107521684
4714000,0.128564807592261
4714200,0.128278546995691
4714400,0.128631042980753
4714600,0.128058723799411
4714800,0.128273510182737
4715000,0.128192780340001
4715200,0.127993668699468
4715400,0.128261953588721
4715600,0.128806786978635
4715800,0.127939517075931
4716000,0.128436370924016
4716200,0.128975267217652
4716400,0.1288570747103
4716600,0.128972181609459
4716800,0.12850103195392
4717000,0.128336642473554
4717200,0.128329769241241
4717400,0.128683573736548
4717600,0.129653025831679
4717800,0.129650388792431
4718000,0.130079973929881
4718200,0.129962247652203
4718400,0.130274044819067
4718600,0.129976725798847
4718800,0.130153259439606
4719000,0.130483903928351
4719200,0.131091224520662
4719400,0.130936589487915
4719600,0.130691165085826
4719800,0.131327061628177
4720000,0.130680581554845
4720200,0.129843179040724
4720400,0.130763716779162
4720600,0.131516023473015
4720800,0.131571176015066
4721000,0.130868250487746
4721200,0.131014064127941
4721400,0.130584813188331
4721600,0.130686297565929
4721800,0.129736577600222
4722000,0.130656770472198
4722200,0.130082665359849
4722400,0.130099110118068
4722600,0.129978293102952
4722800,0.129483669333766
4723000,0.13007979384467
4723200,0.130820601099698
4723400,0.130206555664199
4723600,0.129748368359064
4723800,0.130102709322544
4724000,0.130238824991903
4724200,0.130493211198097
4724400,0.130417014106053
4724600,0.130159297683714
4724800,0.130268518816405
4725000,0.129812026936675
4725200,0.12992010956959
4725400,0.12992615395799
4725600,0.129139627652923
4725800,0.129463526837673
4726000,0.129446376322876
4726200,0.129456046991843
4726400,0.129165505877313
4726600,0.12954226672825
4726800,0.130618102889491
4727000,0.129529116947454
4727200,0.130617367833262
4727400,0.131209058417798
4727600,0.131310898412932
4727800,0.13075099621124
4728000,0.130678761058662
4728200,0.130037676456414
4728400,0.129641226522273
4728600,0.129923112756892
4728800,0.129300447615496
4729000,0.129683966547441
4729200,0.130024214657175
4729400,0.130700476348036
4729600,0.129915702576366
4729800,0.129643096085862
4730000,0.129992726256574
4730200,0.129376759568485
4730400,0.129888270972706
4730600,0.1292896972609
4730800,0.130208690407916
4731000,0.130298177964457
4731200,0.13084540487194
4731400,0.130694234035365
4731600,0.129618453286042
4731800,0.12937537010891
4732000,0.129965226422186
4732200,0.129811679902992
4732400,0.129806775339482
4732600,0.129847479758956
4732800,0.129330342478606
4733000,0.129891937631261
4733200,0.129944773392881
4733400,0.129634446512981
4733600,0.129209349398938
4733800,0.129897968872706
4734000,0.129874065216524
4734200,0.130222629831557
4734400,0.130734025350555
4734600,0.130487323653859
4734800,0.130214778467782
4735000,0.130370045445643
4735200,0.130442536643537
4735400,0.130455070120532
4735600,0.130889762295949
4735800,0.130650881853165
4736000,0.131214172849831
4736200,0.130179917813771
4736400,0.129777968984866
4736600,0.130220222861781
4736800,0.129795503619896
4737000,0.129917761839383
4737200,0.129839237513722
4737400,0.129487982164633
4737600,0.13006551064872
4737800,0.13009987209968
4738000,0.130637608858155
4738200,0.131025890174241
4738400,0.129821344301603
4738600,0.12983475778129
4738800,0.130341107544663
4739000,0.130670010622676
4739200,0.130639761465533
4739400,0.130374940383734
4739600,0.130257178033809
4739800,0.129780820780363
4740000,0.130089504654661
4740200,0.129989978649459
4740400,0.131437964025718
4740600,0.132056733403437
4740800,0.131527474813646
4741000,0.131514780703752
4741200,0.131767815150394
4741400,0.130859553881612
4741600,0.130808337979653
4741800,0.130401834089642
4742000,0.130552217905129
4742200,0.13003206729984
4742400,0.13024093384177
4742600,0.129577914861211
4742800,0.129780386570541
4743000,0.129769105576823
4743200,0.129350839685868
4743400,0.129461598897034
4743600,0.130705828675811
4743800,0.129993806647264
4744000,0.129893268097704
4744200,0.130135622884685
4744400,0.12991382277161
4744600,0.129827017074219
4744800,0.129418348809525
4745000,0.129833119723624
4745200,0.129882236807374
4745400,0.129767844142928
4745600,0.129406728429732
4745800,0.128196426047703
4746000,0.127995898976773
4746200,0.128311477963223
4746400,0.128855402319107
4746600,0.129671482674756
4746800,0.130042880042981
4747000,0.129413825441271
4747200,0.129469848043904
4747400,0.129670168726334
4747600,0.129959091968158
4747800,0.130273173381218
4748000,0.130150185782394
4748200,0.130117377561329
4748400,0.12947241640086
4748600,0.12953209948862
4748800,0.128435742134085
4749000,0.128070930125601
4749200,0.128595798449627
4749400,0.127945490827447
4749600,0.128435507784278
4749800,0.128296747642063
4750000,0.127600371524156
4750200,0.127532892810649
4750400,0.127756429183997
4750600,0.128502901779979
4750800,0.128535874130399
4751000,0.128262374878115
4751200,0.128342732762983
4751400,0.128653452866956
4751600,0.127841938915453
4751800,0.12755012413227
4752000,0.127705655992816
4752200,0.128702975839787
4752400,0.128103288677
4752600,0.12803543663259
4752800,0.128648674927725
4753000,0.128874680605113
4753200,0.127944312229342
4753400,0.127861373859766
4753600,0.127282494366406
4753800,0.128185805616208
4754000,0.128311078833627
4754200,0.128492862006561
4754400,0.128415801519076
4754600,0.129285180899243
4754800,0.129068326096444
4755000,0.129603161293693
4755200,0.129451223928479
4755400,0.128405065089572
4755600,0.128331431985613
4755800,0.12868943027201
4756000,0.128960906791703
4756200,0.129290516739171
4756400,0.128542051688405
4756600,0.12924596691154
4756800,0.128115357867492
4757000,0.128247337245482
4757200,0.12833556488303
4757400,0.128748177128307
4757600,0.128030286771913
4757800,0.128843919816511
4758000,0.128980524861269
4758200,0.12831016751527
4758400,0.127889809501113
4758600,0.128023239409447
4758800,0.12781317223352
4759000,0.127802707027518
4759200,0.127762798728271
4759400,0.128357168204112
4759600,0.128187754687659
4759800,0.127857994000826
4760000,0.128127494123847
4760200,0.12837316199008
4760400,0.12878631421356
4760600,0.12886538782277
4760800,0.128662641921379
4761000,0.129502384785887
4761200,0.129878068771377
4761400,0.129959545911649
4761600,0.129439892331694
4761800,0.128782058906462
4762000,0.128457338078739
4762200,0.129365535726264
4762400,0.128865989879919
4762600,0.127971881186104
4762800,0.128159045614845
4763000,0.128503550313715
4763200,0.129580916480157
4763400,0.129601157473874
4763600,0.129135665104388
4763800,0.128771690926194
4764000,0.129337018151256
4764200,0.129321757298686
4764400,0.129210588306691
4764600,0.12897370498673
4764800,0.128880703368988
4765000,0.129032069673234
4765200,0.129427433235763
4765400,0.130104765084159
4765600,0.131232928828848
4765800,0.130688194494795
4766000,0.130440878459917
4766200,0.130671660070731
4766400,0.130405656600526
4766600,0.130738984922805
4766800,0.130014943265161
4767000,0.130355094447337
4767200,0.129739926787134
4767400,0.129207020564217
4767600,0.12838879562079
4767800,0.128389350113029
4768000,0.129104106367757
4768200,0.129021006924477
4768400,0.129000904299731
4768600,0.129216362372905
4768800,0.128953402205409
4769000,0.128965201283338
4769200,0.128596421846252
4769400,0.128137267048132
4769600,0.128575824543076
4769800,0.128472967906504
4770000,0.12861349830509
4770200,0.12909096232365
4770400,0.12895950227272
4770600,0.129086502889419
4770800,0.129465501746347
4771000,0.128632985960697
4771200,0.128195313937702
4771400,0.128357108098115
4771600,0.128965740716018
4771800,0.129139585922304
4772000,0.129324324311931
4772200,0.129517247689712
4772400,0.129803736640149
4772600,0.129825908013459
4772800,0.130277797965034
4773000,0.129457171766302
4773200,0.129429831745366
4773400,0.128743427817064
4773600,0.127948248020115
4773800,0.128865617908202
4774000,0.128906389308426
4774200,0.128544365948134
4774400,0.128647629677332
4774600,0.129125091635288
4774800,0.129080443840522
4775000,0.12886382476898
4775200,0.128468886846027
4775400,0.129295414283588
4775600,0.129354710918019
4775800,0.129002079052438
4776000,0.129192083160792
4776200,0.129273894495501
4776400,0.128772210273802
4776600,0.128515435512431
4776800,0.128548286632626
4777000,0.128653051601898
4777200,0.128625555162722
4777400,0.129192677511449
4777600,0.128652322852146
4777800,0.128573109889951
4778000,0.128463619880211
4778200,0.128676069767322
4778400,0.128917032262321
4778600,0.128102890764187
4778800,0.127507730324128
4779000,0.128111335530962
4779200,0.12806515196508
4779400,0.127808863044612
4779600,0.128137840940548
4779800,0.12907251789833
4780000,0.128449956681974
4780200,0.127506048974312
4780400,0.127283150207041
4780600,0.126566306231914
4780800,0.127820118481478
4781000,0.127640786004287
4781200,0.12786404433463
4781400,0.128958348952901
4781600,0.129680638452745
4781800,0.128762316852371
4782000,0.127957185384489
4782200,0.128463182854558
4782400,0.128643079815497
4782600,0.128544280587242
4782800,0.128516475855796
4783000,0.128945667887775
4783200,0.128718917781649
4783400,0.128659367473643
4783600,0.129359687702889
4783800,0.129745830275978
4784000,0.130442916324594
4784200,0.129329027861764
4784400,0.128830764314192
4784600,0.128667387370709
4784800,0.129541386353832
4785000,0.129217096691518
4785200,0.129778925609551
4785400,0.129950069125287
4785600,0.130027673641102
4785800,0.129003984077043
4786000,0.129476259737719
4786200,0.1283998322726
4786400,0.128632313704489
4786600,0.129525154152583
4786800,0.129569334264083
4787000,0.12800737218908
4787200,0.128972045247223
4787400,0.128959390765594
4787600,0.128328601193624
4787800,0.127874803603436
4788000,0.127206991929083
4788200,0.127312199541141
4788400,0.127058291126982
4788600,0.127939006651351
4788800,0.128031189589931
4789000,0.128110724629213
4789200,0.128235573306313
4789400,0.128357115072997
4789600,0.128059066689615
4789800,0.127917294889824
4790000,0.12832756243231
4790200,0.12867140219522
4790400,0.12861987312592
4790600,0.128379923881199
4790800,0.128892773928771
4791000,0.128841854678619
4791200,0.129329351552955
4791400,0.129783718682623
4791600,0.12908411199291
4791800,0.129262457423151
4792000,0.12907810324316
4792200,0.129342739664722
4792400,0.129192899849566
4792600,0.128964633930025
4792800,0.128555679397663
4793000,0.128360407806062
4793200,0.129233050740007
4793400,0.128601790629478
4793600,0.1290118223845
4793800,0.12821765908314
4794000,0.128630754577869
4794200,0.129751916196296
4794400,0.129428610695694
4794600,0.129118131113839
4794800,0.128994822854923
4795000,0.130125993851645
4795200,0.130760083267793
4795400,0.130263014633207
4795600,0.129865324974437
4795800,0.130199839305668
4796000,0.129732756088253
4796200,0.129027621008203
4796400,0.129291578232607
4796600,0.129071444920267
4796800,0.12897921408057
4797000,0.129202251416978
4797200,0.128899889331183
4797400,0.128780526760368
4797600,0.128144244150233
4797800,0.12853251027859
4798000,0.128791827582798
4798200,0.128565941745586
4798400,0.128400538148645
4798600,0.128988504779625
4798800,0.129231879787709
4799000,0.129037847435431
4799200,0.129897599760255
4799400,0.130581299079615
4799600,0.129703568574872
4799800,0.129276631219798
4800000,0.129080159892006
4800200,0.1298859366176
4800400,0.130060578941325
4800600,0.129986379220883
4800800,0.129448672251892
4801000,0.129024349134495
4801200,0.129297378239063
4801400,0.129645441875685
4801600,0.128336212352398
4801800,0.127652522783088
4802000,0.128324375339337
4802200,0.127895481454307
4802400,0.127756567513703
4802600,0.127916653380824
4802800,0.127166716109086
4803000,0.126903974348175
4803200,0.126785648728884
4803400,0.127546873734986
4803600,0.127550949394727
4803800,0.127299284396413
4804000,0.127360463893356
4804200,0.127962766116681
4804400,0.127203125716172
4804600,0.127595835854785
4804800,0.127494963690908
4805000,0.126735163635266
4805200,0.126849014024166
4805400,0.126708948852105
4805600,0.127200639957798
4805800,0.127974160997312
4806000,0.127403350976637
4806200,0.126939727875255
4806400,0.126523295448606
4806600,0.12675498435699
4806800,0.127824104320073
4807000,0.128703497067902
4807200,0.128066782419936
4807400,0.127779228228622
4807600,0.127457855144327
4807800,0.12686157091255
4808000,0.128023592564155
4808200,0.128109353082857
4808400,0.127255707325134
4808600,0.127865332771136
4808800,0.128347421812796
4809000,0.127367075994756
4809200,0.126844833615825
4809400,0.127169983543894
4809600,0.126912523545168
4809800,0.127064564726407
4810000,0.127009395622495
4810200,0.126360434502981
4810400,0.126627288579337
4810600,0.12624573517199
4810800,0.126194433947346
4811000,0.126701609561305
4811200,0.127201953897171
4811400,0.127519276095842
4811600,0.127068163131685
4811800,0.126343405270023
4812000,0.127125227435579
4812200,0.126928796852523
4812400,0.126916720828591
4812600,0.12632286868102
4812800,0.126370697404088
4813000,0.12548911639049
4813200,0.125130330106187
4813400,0.125858881377843
4813600,0.125043676877381
4813800,0.125040293782353
4814000,0.125283441003554
4814200,0.125174941391349
4814400,0.125223075361873
4814600,0.125307817450749
4814800,0.125278879358127
4815000,0.125475331039175
4815200,0.125963597113783
4815400,0.12561457172731
4815600,0.12602158300982
4815800,0.126025570782356
4816000,0.12634744872548
4816200,0.126221914802204
4816400,0.125328081486022
4816600,0.125561955523482
4816800,0.125281161222759
4817000,0.125407502782662
4817200,0.125870346562988
4817400,0.125707790724215
4817600,0.126270299406154
4817800,0.125946055638228
4818000,0.126023336808586
4818200,0.126073941632086
4818400,0.126582679198197
4818600,0.126450141573601
4818800,0.126551884445833
4819000,0.127155810115372
4819200,0.127510855538236
4819400,0.127777230968461
4819600,0.128169192496647
4819800,0.127644187316339
4820000,0.128467015090582
4820200,0.128728426344196
4820400,0.128497989917108
4820600,0.12801906862819
4820800,0.128079960077588
4821000,0.127920950436501
4821200,0.126648783937739
4821400,0.127122235441796
4821600,0.1260350509331
4821800,0.126299301488111
4822000,0.126497370877327
4822200,0.126892163624369
4822400,0.127476640340908
4822600,0.126843452637958
4822800,0.1278243146914
4823000,0.128459680091329
4823200,0.128978625097452
4823400,0.127949193317345
4823600,0.128127029589024
4823800,0.128581335960001
4824000,0.129293595089597
4824200,0.12839624009328
4824400,0.128193233834119
4824600,0.127783563647933
4824800,0.127137299674718
4825000,0.126948031613456
4825200,0.126900318230858
4825400,0.126777999555315
4825600,0.126842304135093
4825800,0.127861626750709
4826000,0.127754591717313
4826200,0.12627706201137
4826400,0.126740392029183
4826600,0.126519267624165
4826800,0.127180107552007
4827000,0.126813868971033
4827200,0.126383937780748
4827400,0.1265034404494
4827600,0.127162663719788
4827800,0.126939593923249
4828000,0.127754748656687
4828200,0.126967694233881
4828400,0.126806511909086
4828600,0.126606007928251
4828800,0.126716480106499
4829000,0.12745151150362
4829200,0.127263460697518
4829400,0.126280320491706
4829600,0.127279825194923
4829800,0.12662584080143
4830000,0.12705167194224
4830200,0.127574102551291
4830400,0.127604578486374
4830600,0.127312787826809
4830800,0.128228858207864
4831000,0.128035046796516
4831200,0.128857836800247
4831400,0.127579483112988
4831600,0.127932512756245
4831800,0.12822157407043
4832000,0.127535967891199
4832200,0.127319094186495
4832400,0.127461222165396
4832600,0.127666768834577
4832800,0.127821563437017
4833000,0.127752016103901
4833200,0.128245255069613
4833400,0.128014498608663
4833600,0.127390434185663
4833800,0.126802530722941
4834000,0.127196908237205
4834200,0.126845691968705
4834400,0.126255052108604
4834600,0.127004128534445
4834800,0.126911811042064
4835000,0.127282058583123
4835200,0.127539580078494
4835400,0.127496179201996
4835600,0.127413132207061
4835800,0.127717437405004
4836000,0.127708084488962
4836200,0.128450185002153
4836400,0.128864132615469
4836600,0.128399637363664
4836800,0.12823289533379
4837000,0.128349322499693
4837200,0.128580287074433
4837400,0.128352265860105
4837600,0.128035696940303
4837800,0.128007221048531
4838000,0.128020125513626
4838200,0.128630167977576
4838400,0.128613898165354
4838600,0.128349034073784
4838800,0.128070949574588
4839000,0.128385816266925
4839200,0.128650630986086
4839400,0.128131397302337
4839600,0.128000574568157
4839800,0.126778921355138
4840000,0.126652484478819
4840200,0.126876691786112
4840400,0.127006351523474
4840600,0.125977148094065
4840800,0.127270981085535
4841000,0.127331446271045
4841200,0.128039031126088
4841400,0.127037922767642
4841600,0.126969730660313
4841800,0.126189985308247
4842000,0.126303541127682
4842200,0.126672289492293
4842400,0.127686177537452
4842600,0.127447604043748
4842800,0.127601135470256
4843000,0.127331066041854
4843200,0.126820317381421
4843400,0.126714306577029
4843600,0.126820356490755
4843800,0.126778141449522
4844000,0.127670764631715
4844200,0.12681283892826
4844400,0.126305951148892
4844600,0.12591250710061
4844800,0.126871068007925
4845000,0.126822543538923
4845200,0.126041295672428
4845400,0.126075645635702
4845600,0.126566338367245
4845800,0.126940528985644
4846000,0.126313884151484
4846200,0.126451266638154
4846400,0.125864803796709
4846600,0.125259166136789
4846800,0.12551581353729
4847000,0.126312428032632
4847200,0.126004088330941
4847400,0.12633929936954
4847600,0.126908907891524
4847800,0.127313587713767
4848000,0.127880601863034
4848200,0.126974250395097
4848400,0.127139070752438
4848600,0.127221992486658
4848800,0.127235468034531
4849000,0.127745012121172
4849200,0.12777207905638
4849400,0.127351333162971
4849600,0.127775510789179
4849800,0.127847885977945
4850000,0.128454737634442
4850200,0.128106300123545
4850400,0.128295857918208
4850600,0.128778721794934
4850800,0.127853198324295
4851000,0.127467123022522
4851200,0.127281724378065
4851400,0.126925061652549
4851600,0.126618340302057
4851800,0.125698948982581
4852000,0.124965422494718
4852200,0.126029990085932
4852400,0.126417776545381
4852600,0.126534249685501
4852800,0.126165918249608
4853000,0.126183473534766
4853200,0.126801429918287
4853400,0.127082648398718
4853600,0.126303780872407
4853800,0.126967937367787
4854000,0.126273440319068
4854200,0.127072269162493
4854400,0.126388017917364
4854600,0.127393673300394
4854800,0.127175204584349
4855000,0.126176654013415
4855200,0.1258216970612
4855400,0.126172130182623
4855600,0.126503726252621
4855800,0.126124488628348
4856000,0.126420369351826
4856200,0.126945919545207
4856400,0.126777146028393
4856600,0.126998272768436
4856800,0.126704987562882
4857000,0.126674843352757
4857200,0.126632228704645
4857400,0.127207202690398
4857600,0.126824592487273
4857800,0.126722148747768
4858000,0.1266529473822
4858200,0.127308914689702
4858400,0.126733488761715
4858600,0.126024287890779
4858800,0.125370712698337
4859000,0.125381045910077
4859200,0.125516051742462
4859400,0.125283051468361
4859600,0.126512307192268
4859800,0.126678030441958
4860000,0.127556468525137
4860200,0.126619573639776
4860400,0.127279632072778
4860600,0.126949162153474
4860800,0.12659108589893
4861000,0.126110902425573
4861200,0.12632663708685
4861400,0.126914649526449
4861600,0.127118807988144
4861800,0.126638275375771
4862000,0.126000030296592
4862200,0.126860577210334
4862400,0.127117826781445
4862600,0.126901670864136
4862800,0.127683705877715
4863000,0.127435219135883
4863200,0.127679444788033
4863400,0.127571389672636
4863600,0.12762142180012
4863800,0.12775988436499
4864000,0.127230145190169
4864200,0.127489760439957
4864400,0.126817154494057
4864600,0.126605054539774
4864800,0.126719114516025
4865000,0.125583571689619
4865200,0.126099968466105
4865400,0.126508959727216
4865600,0.126048921833503
4865800,0.126708209129661
4866000,0.126534531631517
4866200,0.126476230061631
4866400,0.126917638879307
4866600,0.125432556724149
4866800,0.125425530390862
4867000,0.125201853825514
4867200,0.125697125543702
4867400,0.12501380853323
4867600,0.125160301378138
4867800,0.125771937076356
4868000,0.125936138479539
4868200,0.126050206558111
4868400,0.126021180255718
4868600,0.126077037115028
4868800,0.126299505933406
4869000,0.126309306655278
4869200,0.12700019511064
4869400,0.127699473567118
4869600,0.12774582342372
4869800,0.127084166856357
4870000,0.127968785105381
4870200,0.127629016568188
4870400,0.127208967639592
4870600,0.127860384928644
4870800,0.127446379113758
4871000,0.127133279457905
4871200,0.127401544253226
4871400,0.126428043391118
4871600,0.12703744868415
4871800,0.126556082580253
4872000,0.127081932010673
4872200,0.127903360916667
4872400,0.128486820145983
4872600,0.129071420397144
4872800,0.128678600824849
4873000,0.128506636112729
4873200,0.128333581404183
4873400,0.128007566264974
4873600,0.128823790820165
4873800,0.128298893210408
4874000,0.128170831122436
4874200,0.128161226306809
4874400,0.12880130911292
4874600,0.128103936923051
4874800,0.12810800503786
4875000,0.127441531641255
4875200,0.127079634951349
4875400,0.126884990881135
4875600,0.127376882619986
4875800,0.12699501405981
4876000,0.127129393969828
4876200,0.127261663335797
4876400,0.127023676799226
4876600,0.126767386557015
4876800,0.127205530516969
4877000,0.12746897848967
4877200,0.1269022885258
4877400,0.127361302707632
4877600,0.126508375490746
4877800,0.126247058662275
4878000,0.125577462188057
4878200,0.126012472524354
4878400,0.126655743800461
4878600,0.126942233980046
4878800,0.126752534024695
4879000,0.128308370647588
4879200,0.127769022057434
4879400,0.128730857359448
4879600,0.128390882665697
4879800,0.129170259163368
4880000,0.128671775377315
4880200,0.127987831918362
4880400,0.127701423117433
4880600,0.127367655921272
4880800,0.127207843034038
4881000,0.127511380734292
4881200,0.127797215923575
4881400,0.128116487545369
4881600,0.127709963079352
4881800,0.128302910183404
4882000,0.12776648291558
4882200,0.12736519909359
4882400,0.127040181090199
4882600,0.126117349996776
4882800,0.125483338318792
4883000,0.126524436987624
4883200,0.127556429158366
4883400,0.127912767601927
4883600,0.127314149173625
4883800,0.127832659692136
4884000,0.127635297106341
4884200,0.126978823652728
4884400,0.127310728096742
4884600,0.127768563313214
4884800,0.127925551446316
4885000,0.128001836662799
4885200,0.127577428918312
4885400,0.126593770796369
4885600,0.126806496831634
4885800,0.127117726145527
4886000,0.126800105757082
4886200,0.126484287022528
4886400,0.127503680963941
4886600,0.127498923242467
4886800,0.127730295657873
4887000,0.127467450017894
4887200,0.127990023174596
4887400,0.127616920932907
4887600,0.127326031132936
4887800,0.127228763467362
4888000,0.127601684468915
4888200,0.128054245423862
4888400,0.127947448268692
4888600,0.127935558027469
4888800,0.128344758385961
4889000,0.127697089973626
4889200,0.127496586646142
4889400,0.127588161000765
4889600,0.127317925554208
4889800,0.127075601921735
4890000,0.12710733953074
4890200,0.127418924770343
4890400,0.127641788033829
4890600,0.126893894980474
4890800,0.127479098162502
4891000,0.127487695580617
4891200,0.128017125868151
4891400,0.126949628097593
4891600,0.126851437837094
4891800,0.126981023369135
4892000,0.126482697690193
4892200,0.127169510386691
4892400,0.127266416100724
4892600,0.127699112561925
4892800,0.128210087261281
4893000,0.128031362125149
4893200,0.127972003154836
4893400,0.127625607457585
4893600,0.127524605658692
4893800,0.126868820683683
4894000,0.127676240115094
4894200,0.128492683898394
4894400,0.127758301709557
4894600,0.127812840314366
4894800,0.128234808280688
4895000,0.127942648500514
4895200,0.127061601167725
4895400,0.126612637945926
4895600,0.125472439536233
4895800,0.126161816528724
4896000,0.125718559896502
4896200,0.126084340127012
4896400,0.126299785957429
4896600,0.126398970152548
4896800,0.126904973571751
4897000,0.126181745330188
4897200,0.126211761323491
4897400,0.125712221487762
4897600,0.126298035194823
4897800,0.126259894471105
4898000,0.125975782682435
4898200,0.125312562893546
4898400,0.125909495335878
4898600,0.12590279945554
4898800,0.126971652110167
4899000,0.128147425351697
4899200,0.127525935775335
4899400,0.12799421444345
4899600,0.127632448068233
4899800,0.127482272614292
4900000,0.126683956812757
4900200,0.126689150899835
4900400,0.127147072721991
4900600,0.127694576575863
4900800,0.1272941015947
4901000,0.127102750032013
4901200,0.12739433126046
4901400,0.126914060294897
4901600,0.127496681487896
4901800,0.125686406555907
4902000,0.125635238812933
4902200,0.126141135304795
4902400,0.12654232476037
4902600,0.126087379947359
4902800,0.126012173602451
4903000,0.125713146228697
4903200,0.12675694267737
4903400,0.127166570489739
4903600,0.12609172374645
4903800,0.126307872319866
4904000,0.126332079409067
4904200,0.126936313155626
4904400,0.127199340933824
4904600,0.127349153073037
4904800,0.127564299430893
4905000,0.127500609645442
4905200,0.126701195098923
4905400,0.125857568543513
4905600,0.126466277013264
4905800,0.12643119686846
4906000,0.126516787760703
4906200,0.126772027288534
4906400,0.127802445047781
4906600,0.12795187885632
4906800,0.128171782357743
4907000,0.12838768116904
4907200,0.127685353464625
4907400,0.12818973187591
4907600,0.127943248377256
4907800,0.127981530526706
4908000,0.127811497770552
4908200,0.126841436339254
4908400,0.126577271724179
4908600,0.127068638192097
4908800,0.127107677990199
4909000,0.126849625260504
4909200,0.126649004391605
4909400,0.127434028162546
4909600,0.126668910193384
4909800,0.125657681783929
4910000,0.126093566743703
4910200,0.125918571401613
4910400,0.126491793690985
4910600,0.126469761201764
4910800,0.125524705669595
4911000,0.125876247931945
4911200,0.126454577950207
4911400,0.126378469776302
4911600,0.127693220371237
4911800,0.126913447382106
4912000,0.126239078503036
4912200,0.126096421346643
4912400,0.125000199708053
4912600,0.125718039768036
4912800,0.126417939372292
4913000,0.125289965111854
4913200,0.124743277074152
4913400,0.125033833518701
4913600,0.125528490312348
4913800,0.126551307566139
4914000,0.126792125487405
4914200,0.125553298238174
4914400,0.126093845180541
4914600,0.126209536570442
4914800,0.125826960829411
4915000,0.126329576836392
4915200,0.126366940330183
4915400,0.126447462673788
4915600,0.12667212572144
4915800,0.126914604044557
4916000,0.126480406248491
4916200,0.125739819571391
4916400,0.125165565856327
4916600,0.125921308272824
4916800,0.12659212391943
4917000,0.127162926941032
4917200,0.126900148106873
4917400,0.126021183826991
4917600,0.126290226466366
4917800,0.12617481739443
4918000,0.125802441278174
4918200,0.125218081202974
4918400,0.126418722611944
4918600,0.126449134782695
4918800,0.127271667136086
4919000,0.127142042533277
4919200,0.126838176541325
4919400,0.127836004917713
4919600,0.127851105990623
4919800,0.128558996783771
4920000,0.127684600204612
4920200,0.128073951758893
4920400,0.12796568790714
4920600,0.127247747374092
4920800,0.127500598078505
4921000,0.127362768926279
4921200,0.127661507122645
4921400,0.127411290076193
4921600,0.126929729921704
4921800,0.126224300474278
4922000,0.126347705811256
4922200,0.125658437226601
4922400,0.127422516533029
4922600,0.127015619623468
4922800,0.127797967902629
4923000,0.127528680263465
4923200,0.127296919672156
4923400,0.126745264384817
4923600,0.127455207491551
4923800,0.128253135409533
4924000,0.127471394501339
4924200,0.126824797490444
4924400,0.12600293289207
4924600,0.126542864545354
4924800,0.126856103411089
4925000,0.126333259257364
4925200,0.126200494070583
4925400,0.126000376031808
4925600,0.126491680546747
4925800,0.126767767448274
4926000,0.126096482471088
4926200,0.127171111570683
4926400,0.127377837676877
4926600,0.127171372545598
4926800,0.126895752450787
4927000,0.125998562746054
4927200,0.12690479329811
4927400,0.127105831045793
4927600,0.127153094085874
4927800,0.126988435828101
4928000,0.127343981194935
4928200,0.127782608159369
4928400,0.127869387978351
4928600,0.126807512250138
4928800,0.127112817653982
4929000,0.127800475309653
4929200,0.127648189785835
4929400,0.126907672978109
4929600,0.126609136028508
4929800,0.126854560698976
4930000,0.127414927082113
4930200,0.127530834867383
4930400,0.127247445853717
4930600,0.127462655858269
4930800,0.127690687563001
4931000,0.127164839204685
4931200,0.126350891660559
4931400,0.126041256030107
4931600,0.126548522417179
4931800,0.126801989825781
4932000,0.126796455664955
4932200,0.127157836221099
4932400,0.126938347162402
4932600,0.126918751480684
4932800,0.126372161108836
4933000,0.125775091932124
4933200,0.125457434609476
4933400,0.126339340386317
4933600,0.12545113880861
4933800,0.125408731007088
4934000,0.126176017441479
4934200,0.126407581446758
4934400,0.126616641764799
4934600,0.126598097668693
4934800,0.12616916999681
4935000,0.125475719767802
4935200,0.125125627585083
4935400,0.125551831925641
4935600,0.125185081926302
4935800,0.124674121190695
4936000,0.124555899758619
4936200,0.124495258471393
4936400,0.124771742319814
4936600,0.124561396362746
4936800,0.124846681422423
4937000,0.125026814346348
4937200,0.123391151041144
4937400,0.123850048744159
4937600,0.125199588910702
4937800,0.124992839200188
4938000,0.124699922013771
4938200,0.124738892112332
4938400,0.12445716763279
4938600,0.124750065351752
4938800,0.124925918552014
4939000,0.124562630397779
4939200,0.125744804559064
4939400,0.125252070983798
4939600,0.124310063388256
4939800,0.12470636669438
4940000,0.12523610998389
4940200,0.125598951142262
4940400,0.125847481662547
4940600,0.125935768291048
4940800,0.125499269432312
4941000,0.125143474037633
4941200,0.124847489721756
4941400,0.125944354278026
4941600,0.126282674720893
4941800,0.125843916519113
4942000,0.12511031768899
4942200,0.124996754164852
4942400,0.125397852688067
4942600,0.125466070634011
4942800,0.124690205371674
4943000,0.12457187092066
4943200,0.125124666248074
4943400,0.124945785286265
4943600,0.12458657961415
4943800,0.124204238046049
4944000,0.124477936658406
4944200,0.124835481994531
4944400,0.125278509868804
4944600,0.125087293755781
4944800,0.125147782192415
4945000,0.124872456846327
4945200,0.125252169321933
4945400,0.125857240932273
4945600,0.125990591997173
4945800,0.125929597175364
4946000,0.125746656230676
4946200,0.124926457560384
4946400,0.126049327422728
4946600,0.125995819315769
4946800,0.126495435017964
4947000,0.126296115433517
4947200,0.125540517388618
4947400,0.125483310678496
4947600,0.125315042332059
4947800,0.124833390185474
4948000,0.125011232453622
4948200,0.125356211714401
4948400,0.124962040750188
4948600,0.12569886149448
4948800,0.126299458160033
4949000,0.125946097786122
4949200,0.126367561470567
4949400,0.126423204170693
4949600,0.125993868771628
4949800,0.125964286634157
4950000,0.126062373964436
4950200,0.125700509823049
4950400,0.12510158281491
4950600,0.125121371142339
4950800,0.124957762996042
4951000,0.124951085516791
4951200,0.124825615659102
4951400,0.124294623615494
4951600,0.125119709869842
4951800,0.125269820779538
4952000,0.12431210417347
4952200,0.125039093218209
4952400,0.124660739694967
4952600,0.124678241973799
4952800,0.124966342717223
4953000,0.124781368875538
4953200,0.124787539527371
4953400,0.124571987450384
4953600,0.125091498113327
4953800,0.124945124018122
4954000,0.124728609604188
4954200,0.124078531401444
4954400,0.125013514425327
4954600,0.125012533508994
4954800,0.124427514645365
4955000,0.124706914284888
4955200,0.124891078449836
4955400,0.125739608214626
4955600,0.125234666691131
4955800,0.12524566352849
4956000,0.125195854357855
4956200,0.125659244627229
4956400,0.12452760459123
4956600,0.124108631118557
4956800,0.124808826287203
4957000,0.12460014301744
4957200,0.124387054626033
4957400,0.124557240749046
4957600,0.124896632071614
4957800,0.123860923262801
4958000,0.123735370047068
4958200,0.124315328815437
4958400,0.124990353018091
4958600,0.124397493620723
4958800,0.125021097303818
4959000,0.125345313131991
4959200,0.125774644578581
4959400,0.126042956576148
4959600,0.125514436259935
4959800,0.124806519466907
4960000,0.124475864559776
4960200,0.12408673031455
4960400,0.124623926308979
4960600,0.125183156495405
4960800,0.125240198423295
4961000,0.124670952052784
4961200,0.125471054618587
4961400,0.125200945239263
4961600,0.125107578387183
4961800,0.125065399944413
4962000,0.124498044053405
4962200,0.124621660434705
4962400,0.124177965758686
4962600,0.123205540275492
4962800,0.12419820479391
4963000,0.124159897282062
4963200,0.124687303643097
4963400,0.124440630875065
4963600,0.124450013010237
4963800,0.124147188221556
4964000,0.124524295580031
4964200,0.124987146649857
4964400,0.125419493231168
4964600,0.124278006422956
4964800,0.124404582004043
4965000,0.124073089989128
4965200,0.12427785286341
4965400,0.124513244648967
4965600,0.124177221754504
4965800,0.123820862936663
4966000,0.123945374205912
4966200,0.123708403252046
4966400,0.123766743560476
4966600,0.124646068779207
4966800,0.124682844188102
4967000,0.123750261018519
4967200,0.123087210630499
4967400,0.122922235581757
4967600,0.123436070551777
4967800,0.12303581647706
4968000,0.123207735396281
4968200,0.123063693236793
4968400,0.123442164900581
4968600,0.122536642791415
4968800,0.122571026636299
4969000,0.12223792258944
4969200,0.123549475344946
4969400,0.123453422273804
4969600,0.123463569178418
4969800,0.123536774074674
4970000,0.123378748853711
4970200,0.124535980918161
4970400,0.125004382993671
4970600,0.12465527379297
4970800,0.125190133771503
4971000,0.125870665452287
4971200,0.125684752850872
4971400,0.124474877622658
4971600,0.124106350689795
4971800,0.1237725796401
4972000,0.12348482890615
4972200,0.12390317962606
4972400,0.124120440608174
4972600,0.123717694517445
4972800,0.123605307673596
4973000,0.123447547983797
4973200,0.122844571570813
4973400,0.123180682993881
4973600,0.123039261943193
4973800,0.123354499710282
4974000,0.123660513457798
4974200,0.123094304828026
4974400,0.124269120404023
4974600,0.123265858500605
4974800,0.123881857381954
4975000,0.124464438221607
4975200,0.124893375486624
4975400,0.124034811129755
4975600,0.123335738586705
4975800,0.124731182025003
4976000,0.124794388203708
4976200,0.124571670782491
4976400,0.124420914510995
4976600,0.124272781394048
4976800,0.124697964407607
4977000,0.12442442162511
4977200,0.124240738167307
4977400,0.123372491905047
4977600,0.123951636071077
4977800,0.124113027820112
4978000,0.12346394749699
4978200,0.124048534937691
4978400,0.123028195771411
4978600,0.123300383928265
4978800,0.123538394375293
4979000,0.123907089137146
4979200,0.124123158591725
4979400,0.123857853172205
4979600,0.124466650535141
4979800,0.124361539067635
4980000,0.124586363725764
4980200,0.124861564870857
4980400,0.124869419684722
4980600,0.124507646672463
4980800,0.124116062541922
4981000,0.124122794143485
4981200,0.123580966351654
4981400,0.124029489713884
4981600,0.1239100975312
4981800,0.123977541627361
4982000,0.124121855327754
4982200,0.124277618110874
4982400,0.123549404199729
4982600,0.122665612687207
4982800,0.123142457834472
4983000,0.122640054259485
4983200,0.123531987269219
4983400,0.123778531860148
4983600,0.125043625828144
4983800,0.125199040347883
4984000,0.125576550551765
4984200,0.125438857415775
4984400,0.125491155667484
4984600,0.126169126531171
4984800,0.126592783595884
4985000,0.125702864866118
4985200,0.12507193447859
4985400,0.124969321564759
4985600,0.12449146076261
4985800,0.123465311727907
4986000,0.123358024944883
4986200,0.123012912402668
4986400,0.123922979961355
4986600,0.124182287796754
4986800,0.124969081623761
4987000,0.124839488214309
4987200,0.125022151324018
4987400,0.125273296451045
4987600,0.123893181930043
4987800,0.123343856510607
4988000,0.123932650646409
4988200,0.124614209567521
4988400,0.123592161988043
4988600,0.123288371419583
4988800,0.124086753885603
4989000,0.123725715200698
4989200,0.123493185505918
4989400,0.124490490333961
4989600,0.123772502023314
4989800,0.123538413653463
4990000,0.124767341274225
4990200,0.124326275747073
4990400,0.124319291806033
4990600,0.124056017962247
4990800,0.123771440210764
4991000,0.123503309942466
4991200,0.123230758933032
4991400,0.122800797581436
4991600,0.123740835515548
4991800,0.123977941523931
4992000,0.124016428175985
4992200,0.123494955120459
4992400,0.123265630113757
4992600,0.124826190413137
4992800,0.125198353916786
4993000,0.124557403843893
4993200,0.123398486821998
4993400,0.124068233789735
4993600,0.124519722169852
4993800,0.124610494832969
4994000,0.125066429348783
4994200,0.124764592276982
4994400,0.125158074953218
4994600,0.124814559389432
4994800,0.12490516614596
4995000,0.12424894555298
4995200,0.124032172906765
4995400,0.124446765229426
4995600,0.123656451258293
4995800,0.123510525911529
4996000,0.123402888593019
4996200,0.123062274153152
4996400,0.123083016470536
4996600,0.123447439570732
4996800,0.123231101961193
4997000,0.124228075671829
4997200,0.124610184909379
4997400,0.124236458437216
4997600,0.123987330425239
4997800,0.124562595841042
4998000,0.124473666351902
4998200,0.124866855158632
4998400,0.12562275239326
4998600,0.125433825708012
4998800,0.124748835898121
4999000,0.124985076986865
4999200,0.124818052751817
4999400,0.124009388613833
4999600,0.123531155375911
4999800,0.124534348587314
5e+06,0.124659749606567
