i,Tm
1,70.35280124801216
2,77.438171834407
3,80.70891542513834
4,76.33130170001323
5,80.19213145760511
6,78.391074406256
7,78.66191028111768
8,78.92154820328642
9,77.24013274794083
10,75.94855791991131
11,77.2584395864896
12,76.24264805531851
13,77.60152113408753
14,77.10166251494445
15,77.8986400804364
16,79.70602845520665
17,78.43965878544611
18,82.23706600055891
19,77.72063932890529
20,79.18999064717559
21,77.39972238089024
22,76.49126540983633
23,80.08735168966791
24,79.04503599802337
25,77.37745839477873
26,70.84580415049066
27,75.94701471714984
28,79.57574684608494
29,74.09251890426492
30,74.04252803962686
31,76.59056683842158
32,79.97082911056788
33,74.29322390312296
34,78.2294721972865
35,76.09276999163706
36,78.79260662040826
37,79.3152800517858
38,79.91042057223382
39,79.84877095357888
40,75.075244029501
41,74.45223765152372
42,75.39184068394883
43,77.25348941496304
44,77.20018322624998
45,77.3091466950101
46,75.85122957493053
47,75.04356396714644
48,81.33989637499991
49,77.3358196029144
50,77.37144477638958
51,79.32638933822341
52,77.06217761531451
53,75.47906083026419
54,81.17325447445887
55,76.81672646618324
56,76.03429469103463
57,72.61855225043485
58,74.30182939004618
59,77.42253850926943
60,70.49110926238342
61,73.38839150333627
62,78.19498766170761
63,75.06052445401781
64,77.05552477770226
65,77.26811096904868
66,76.59660144839597
67,77.19200328912319
68,77.2537639586605
69,76.37234768045465
70,78.28131559337413
71,73.0325541267772
72,76.31832318455486
73,79.62663917172057
74,79.15289412830776
75,80.571632866448
76,79.39830352459734
77,79.201617360461
78,77.27219883521514
79,78.57151761004343
80,78.69497368495098
81,76.40136012683018
82,75.55830209529671
83,74.94331981406367
84,77.54734091489735
85,76.1201557342086
86,70.78756139987075
87,71.64943720891819
88,72.40183830783093
89,76.36903217389835
90,76.6675067753385
91,77.69462505881017
92,79.15084611857816
93,75.98854714044631
94,75.28086330861703
95,74.31777866480701
96,76.60778197524957
97,76.15361786360177
98,74.53342567751332
99,73.64975516102987
100,75.97477483753653
101,80.04788341298467
102,77.89692908163767
103,75.53437781248533
104,74.41535600718424
105,74.75702534135132
106,75.03274022333005
107,75.61086120376848
108,78.16086180542237
109,78.32524949220993
110,78.97429479050686
111,79.43675328781922
112,74.93010124736031
113,77.5372795921482
114,79.34776072907886
115,80.02829052362523
116,78.26068940157882
117,79.49986025392013
118,80.07067228325508
119,80.64130934255553
120,77.19966621199205
121,78.71622978518809
122,77.84740873479501
123,76.76782673319212
124,80.34000758820429
125,79.15759411885847
126,79.23249559027357
127,77.84069032547944
128,78.65259931699035
129,77.62928325482977
130,78.39542398145437
131,77.81287218974069
132,78.57056252863788
133,77.99375502766145
134,78.67439795125586
135,80.22583834744324
136,78.41940486145995
137,75.85207826341036
138,81.26223875013255
139,78.94035013363128
140,76.49314275926702
141,80.44032831319595
142,73.25093154097306
143,82.19856410319841
144,77.08336914096827
145,77.3990533571556
146,75.92470316568739
147,66.16680769775189
148,73.01026633470849
149,73.81487654921006
150,75.20560385850285
151,80.47662670284132
152,79.25011103663093
153,77.94338575324974
154,77.67973782423883
155,77.61381131707878
156,79.18627014780719
157,79.6923289584546
158,76.28997304346757
159,79.45159830665398
160,77.4639072145452
161,80.43670064827734
162,80.02768917528448
163,78.75939948361179
164,79.12883166419232
165,79.66994542977562
166,79.91804830851214
167,79.29978200570406
168,80.60602582764699
169,81.42760095776748
170,78.3727369339802
171,70.79903440602055
172,70.06363162000048
173,74.45624049768185
174,76.74315232777047
175,77.89817955929124
176,78.29396218139567
177,79.69197582790002
178,80.37554653107429
179,81.72067033682691
180,78.49755261024421
181,72.81471230808
182,71.47551030498136
183,74.76248778004049
184,78.85379929281703
185,77.98604533214825
186,79.2125798498451
187,78.0450399263986
188,77.78555576786874
189,75.49024956332664
190,76.50319071154081
191,77.343128707174
192,77.06230486963489
193,79.13850255912035
194,76.67070605280878
195,77.42587325154864
196,78.70839798029454
197,81.47929788120172
198,76.68685351349706
199,77.21629488751284
200,75.98058251600992
201,80.810054597055
202,76.74748972590925
203,75.96633642729427
204,78.72737111014811
205,77.68623697169448
206,77.41449739591383
207,77.3760593969742
208,78.67585576833159
209,76.0362856621233
210,70.08766032581678
211,68.08638980537341
212,68.403765696822
213,74.98072433535555
214,80.09667459823714
215,77.44369053404517
216,77.8701655141225
217,76.89630994603948
218,79.99544091293052
219,83.62107926802753
220,79.32045313392547
221,78.17558644334088
222,81.64310429604319
223,77.44435082274498
224,77.3755992964459
225,80.73549315654043
226,79.00298765582022
227,79.15681357819756
228,76.62754870848084
229,79.59390539387482
230,79.33726409363783
231,76.02648270432485
232,79.79809147276632
233,76.64627085519726
234,79.34412433984
235,76.74742991494912
236,74.8605104084312
237,74.73572375773426
238,80.24800920525149
239,79.92644623909382
240,78.64985665669332
241,81.28419773267598
242,81.96535491557972
243,79.26577853045717
244,77.53440217287732
245,80.6320516104359
246,76.78802608676193
247,79.20800484294267
248,76.60093011827354
249,73.71660651040935
250,76.58313996189906
251,78.03042505683766
252,77.34625669961133
253,78.69241951840706
254,77.2434318163343
255,81.5913943472263
256,78.22219026703436
257,76.96822735781882
258,76.92820799230816
259,77.99378840953784
260,77.94794626774251
261,75.27852104191123
262,79.83978120049682
263,78.0202717215061
264,80.29824966369961
265,78.33240537892328
266,78.71760754455119
267,82.43047846288528
268,75.7338194865348
269,78.05668083071208
270,77.753674416764
271,82.43415776252994
272,77.04232278996079
273,77.38640905812741
274,74.5144133343129
275,76.14321625331024
276,76.19307460397152
277,75.8181551249503
278,77.43536986661485
279,75.96514192559812
280,76.17070233647445
281,75.41800298845232
282,76.06934841197454
283,77.8511409549464
284,77.02429131135301
285,78.83976604554277
286,76.24880308847236
287,74.76630817653643
288,77.1068327045067
289,77.47086482645051
290,80.3905017252415
291,76.54127786272892
292,74.70487920428167
293,71.49520971606307
294,71.05372454286021
295,74.19530658935093
296,75.52378409106052
297,73.82339064166587
298,74.15999130388292
299,75.331374211818
300,77.64316519371317
301,81.14069178764333
302,77.22694166363164
303,78.36476822692458
304,79.63807958001013
305,76.61810277341203
306,78.01140312520147
307,77.0328596490263
308,77.83622263767825
309,80.41939562899694
310,76.64781159498074
311,80.57137342402683
312,80.35646208541613
313,78.27737076041598
314,79.7516951621293
315,79.23449036097941
316,76.82261696085118
317,75.11566805858956
318,75.72968711613413
319,78.61892647515401
320,79.62328752631919
321,78.70723866954364
322,79.4210223565837
323,80.16358685773179
324,78.2064393233664
325,75.73503556054999
326,79.49547741988346
327,78.97337784788931
328,79.5174144375847
329,80.14671593029465
330,75.90951916133594
331,78.48002506841163
332,80.71791122282912
333,78.5644900353168
334,80.05534946579911
335,78.02639892493238
336,80.12550020820709
337,77.96022832481765
338,79.770901290626
339,78.56859437877102
340,78.05955331101421
341,80.62920437208737
342,77.879189049319
343,80.51696875707142
344,80.65536190502479
345,81.01423715550692
346,77.94439320676986
347,81.64140072069432
348,81.51805048553712
349,80.71922714544775
350,79.27071554529402
351,74.03705081087406
352,73.93704874224875
353,76.55501866530261
354,78.54082203304807
355,78.42567495131101
356,77.6669119486902
357,74.45893201531527
358,80.60838037923509
359,76.67019888031763
360,80.3319667635048
361,77.923417096957
362,80.13197949273422
363,79.71802826298449
364,79.40283934718667
365,78.01156563681008
366,80.23961335030077
367,77.83444710889609
368,81.56445193900953
369,82.77428424970651
370,79.9253135527398
371,79.29515605385643
372,81.38226464504038
373,81.7638005977405
374,79.98005374728785
375,77.3737120936284
376,76.56551882999679
377,78.51500185988357
378,77.74238678670866
379,77.98895320343246
380,76.3774103728204
381,79.10687526541079
382,78.55014243425404
383,78.32898215041695
384,76.92388616724645
385,80.05562153875525
386,81.38909771078858
387,75.38993545232614
388,74.7444449657803
389,76.92105227100456
390,75.4505165286671
391,77.35302968933075
392,76.46439604556701
393,74.591510210335
394,74.09120983429722
395,77.66350338349707
396,77.7497065772979
397,77.36194396377255
398,81.17320580320524
399,81.42409250156715
400,78.73464043269661
401,78.24686000633926
402,78.76200279929418
403,80.11084076537264
404,79.14835196483904
405,77.1238175857477
406,80.20329169149261
407,76.14647393098477
408,78.6594612411011
409,81.27355897309172
410,78.56521505269819
411,78.47471662807988
412,78.23162729581492
413,73.62242337716663
414,76.7338594485002
415,80.23686002352053
416,79.37206104345296
417,78.68821060688026
418,77.47871210139908
419,74.28042549932172
420,70.43024976966973
421,64.6381891642884
422,69.46114341405524
423,75.8677279011028
424,73.52306377326136
425,70.98620847982488
426,76.8140270765499
427,72.7066166976652
428,68.94710993039808
429,75.59997032427782
430,80.52728853322816
431,75.55206714386634
432,79.88646518168787
433,75.4482359915466
434,77.6284648620803
435,78.70901438761302
436,76.80762292664008
437,76.64972344081497
438,77.73448027251231
439,75.67426794501466
440,74.13672354386404
441,77.8619145417826
442,76.94875231367871
443,79.61270981934302
444,78.68244044677539
445,79.03316467832877
446,73.34660864256608
447,74.44806887771779
448,72.12092751488262
449,78.31590609012397
450,77.96961795968195
451,74.95568684652909
452,79.63916015522284
453,78.62638226817444
454,80.62813421550499
455,78.60798751800746
456,76.24550293495679
457,76.97588985276525
458,77.25036925721611
459,80.0732085682717
460,76.66950941595206
461,78.27666468688062
462,79.28905650785458
463,75.67776324815856
464,77.03792100907975
465,80.03235276063799
466,78.61110757221752
467,80.03386304799653
468,80.13340362392199
469,80.37983567604175
470,77.02426874723108
471,79.4939649938226
472,81.0471689938471
473,77.8132971928652
474,78.21135457511343
475,81.2785915517295
476,78.60985559712594
477,79.91727396972288
478,80.08900697663233
479,80.7291266036732
480,75.19270056797808
481,75.93767576597708
482,77.84535714526186
483,79.60418247446643
484,79.10450011865987
485,77.3452131020756
486,78.20918644393123
487,79.09733135690499
488,78.7414124081327
489,75.82464987957155
490,79.60409984542002
491,78.30551152809824
492,80.71151648189976
493,79.51132653692287
494,76.78312874507407
495,78.252852106739
496,78.3274310968784
497,77.17235585704663
498,76.07299726139405
499,79.45835282519886
500,78.19293006157591
501,78.90173961258756
502,78.45118372335781
503,80.45878725560857
504,76.89965943849074
505,77.3706843826921
506,79.72375973844214
507,78.28012567491123
508,78.15474257014654
509,80.65132150840503
510,79.438390916721
511,78.82245102712045
512,78.56971163533984
513,79.25426842432176
514,74.47806792446323
515,74.79003993841064
516,77.85345079097124
517,79.40025081627448
518,76.34016895952948
519,79.3799076175672
520,77.26741434677245
521,78.43410227719818
522,75.53862762220166
523,76.0111970275758
524,77.95040331081054
525,79.90438949840564
526,76.38022425847856
527,76.48655696407462
528,78.70689026597898
529,77.48338261731942
530,78.73500241281141
531,78.43821999193483
532,78.42813991178531
533,73.74063887782108
534,78.0115656368107
535,76.85088527564079
536,77.2416416669688
537,74.8921171468765
538,73.91318058184788
539,74.75987003324803
540,78.9452367029989
541,78.83426488550765
542,73.70948699826937
543,77.37637071407903
544,79.95092232367921
545,77.04235123506453
546,77.32088543965858
547,79.14220055371567
548,74.70612325229297
549,77.94860571191958
550,78.13846305905997
551,77.64499904267046
552,76.24546832694381
553,76.70854347705193
554,76.0758785594789
555,78.72697146712875
556,75.365823221666
557,77.07066186532927
558,75.7301869257127
559,78.302328847279
560,75.93011093177722
561,78.33168397228548
562,79.14360376773584
563,75.2590454746944
564,79.40043149885969
565,76.49937236708041
566,78.68737188478332
567,70.78484041038729
568,75.51606482207734
569,73.3061009078308
570,76.14584674467147
571,82.14298437354245
572,78.42171621246968
573,77.40554299601456
574,77.66972205386304
575,76.10283181038119
576,78.6110638042079
577,76.27903697092324
578,78.69218866022396
579,78.57470274010291
580,78.19617391860186
581,78.96564039608131
582,77.51291474352718
583,78.48165291635064
584,78.60404507559088
585,77.45065613653821
586,78.07765584405485
587,80.04359094713772
588,76.0530069911373
589,75.0284523246533
590,76.83383850497836
591,79.68223065975877
592,77.56953323411216
593,77.84583870791278
594,77.37974185367551
595,77.77759592706104
596,77.18846122296736
597,76.68686621544924
598,76.11816903026192
599,78.43454354672957
600,78.34169785561454
601,77.54317101959413
602,77.16132241776006
603,76.463033284054
604,78.12414224820196
605,76.79386637958459
606,77.70445002927022
607,76.46954000931186
608,78.69654502028584
609,70.76840875606592
610,66.2159600565119
611,75.33083830431826
612,79.47247018620664
613,79.62843756610027
614,78.13203854039193
615,73.16745502241315
616,77.06823834670848
617,77.85042585846458
618,79.59941647135236
619,75.18440902897765
620,77.9485277138071
621,75.5372600087502
622,77.455364934616
623,77.84506141992858
624,78.37419579683723
625,78.92025413565995
626,73.27853996086407
627,78.94945988993192
628,78.87296524498947
629,74.41165167061206
630,78.65877093450518
631,76.77504058401269
632,80.72966715773543
633,79.32069778994804
634,78.81522133411636
635,78.4947117655413
636,77.06043495804357
637,79.12351002067328
638,78.07063597235435
639,73.01215635114687
640,77.82145749357136
641,75.45166582046983
642,78.51023820738266
643,76.74743762811016
644,78.77061951789301
645,76.8367702107646
646,78.45343997156846
647,77.8075776868942
648,76.5482707771165
649,80.46083608782118
650,79.1789249240523
651,78.35036845207532
652,75.61428185414684
653,78.00099044341198
654,77.94529669333963
655,77.52144713762584
656,80.28136709241647
657,74.7924768867208
658,73.71688264860552
659,79.34546222636163
660,78.33460843155694
661,78.08413962373675
662,78.42715847398233
663,78.4553846213085
664,80.36456768045349
665,80.84040670547404
666,80.72015420360083
667,77.34888680647316
668,78.08918544795341
669,78.21801423066569
670,81.02402406219761
671,78.00568974527727
672,76.38621438835384
673,78.07602140699845
674,78.0663333957965
675,74.30720383999977
676,74.36999263725949
677,76.36044377739245
678,71.48977272950106
679,76.92070981173879
680,77.39526572022157
681,76.02853396512035
682,76.29443826282704
683,74.10939978331544
684,77.35882096595441
685,75.21429886778282
686,76.90757438781463
687,79.0187681589893
688,80.96780006951911
689,79.08898901390398
690,80.18078386380415
691,77.26217532591482
692,78.51601569708686
693,77.057289781647
694,75.40751406094199
695,77.08761519733127
696,78.51361325693568
697,79.4042182795132
698,79.46783592667686
699,77.70122873085069
700,80.78239935689237
701,78.7160109423047
702,77.05608223576405
703,77.87644744076817
704,78.37222299737601
705,80.96533446470556
706,81.37285299512075
707,71.20337770843383
708,74.39235576337899
709,75.94737295130182
710,76.45387928272368
711,78.751980979091
712,76.83124591406511
713,76.0661545936727
714,71.25344812295418
715,77.01742541224968
716,76.706700613941
717,76.15662055172692
718,76.87525195092451
719,75.24010202231807
720,75.55559715226462
721,78.57896457010918
722,77.2019631276628
723,74.65589386650726
724,78.42546293923698
725,75.41140198365895
726,74.53600134521508
727,75.97360739294578
728,77.1506861223981
729,77.16904177767418
730,74.85422439110857
731,76.06197829314675
732,75.82360756778758
733,77.50689128815003
734,75.79198023949766
735,77.88109015676014
736,75.06930323026222
737,77.16038480654379
738,75.81753805969277
739,75.41473204227526
740,74.79306439914842
741,75.17867056496857
742,77.74515679035454
743,77.07201902963641
744,80.16208814551237
745,78.69932131472586
746,78.18269441090911
747,80.15948761144818
748,77.213647201286
749,74.11372262429063
750,72.66385566174023
751,72.32331369470211
752,68.40905488205203
753,71.50803944633628
754,73.38398859868681
755,70.06757841160965
756,71.78242176839336
757,71.6447933934009
758,73.31908718642637
759,72.67578626828481
760,76.12898157635834
761,71.35736978586056
762,73.26579400385282
763,73.81877292702598
764,70.23073219545466
765,71.88497445295297
766,72.42772226684974
767,75.09247631341157
768,74.41715111077684
769,72.56420356821769
770,71.51939490331557
771,71.62437736340769
772,72.66233033028954
773,76.47563439117852
774,75.43364497268539
775,71.87438105299026
776,71.4288131021172
777,74.76897864138209
778,71.60138856171284
779,75.24911303203862
780,75.70794241745654
781,71.37656526681309
782,67.89498122260625
783,72.70267610121255
784,76.26668293426121
785,69.7786612218996
786,66.37970142611414
787,70.83135610267811
788,77.56562947764331
789,78.84961113587269
790,79.21710977513408
791,80.50662156903513
792,76.23425056897236
793,79.7219834020479
794,78.36308598236349
795,78.96235015463668
796,77.08121401159582
797,78.87462070008183
798,76.28265023743569
799,78.14184165537796
800,79.9727375647708
801,77.3238298433833
802,78.32581779430996
803,76.78314469064276
804,73.00136367474033
805,76.49073971440004
806,74.89427174368336
807,76.39570150863744
808,78.15160271950657
809,80.35349584034168
810,78.27829279365557
811,77.81674098845599
812,82.19733462947892
813,78.93787085951647
814,78.4802799535658
815,79.47678123611036
816,80.67141215849301
817,79.98273026501113
818,80.405499948667
819,80.17078269192069
820,78.75113991557339
821,77.04864387637951
822,80.16688912458852
823,79.02400662967887
824,76.42274194934839
825,76.0315557156838
826,78.16601307193343
827,78.03794358467286
828,78.12449484573659
829,77.97733707185637
830,79.55128870183444
831,77.80231094378075
832,79.20611760086939
833,80.70094794630842
834,81.07756345281604
835,78.4815445329508
836,79.97253798890534
837,73.39298006291443
838,72.76365400701155
839,78.69544206102711
840,78.1750587540306
841,77.25665064091419
842,77.52129487796367
843,76.2193980008912
844,76.05596556888202
845,76.449837006638
846,73.15312066012797
847,76.3180507953453
848,77.66381057708719
849,76.50994729601615
850,78.42355081857494
851,81.5469978719969
852,81.04067512185821
853,78.13279122798366
854,80.2535827810384
855,78.25980945839251
856,76.47759585369187
857,79.0627515423871
858,80.34458136588881
859,82.11657703753144
860,78.71474961676728
861,82.60070538176149
862,80.65737027777413
863,83.2256225427347
864,82.41007349917953
865,80.91220582858546
866,82.4854938801123
867,78.43925455864655
868,77.93931345189725
869,77.43974040493231
870,79.88375689739365
871,79.37164757229277
872,78.68876925585704
873,79.56885109103837
874,78.56814290719126
875,73.99007478076277
876,73.81966631066689
877,78.26868681539025
878,81.72091822089237
879,76.90506709664135
880,75.2468685577345
881,80.54755632874213
882,77.93504750673418
883,76.21072507797294
884,75.5252271311868
885,76.72956652962574
886,75.63171653605218
887,79.88349393593381
888,79.42099482383009
889,74.74991868764573
890,76.68366289709121
891,78.48348705401094
892,81.0427545846174
893,78.53136917996437
894,77.74695479615906
895,78.7611185504282
896,75.29387228729291
897,76.50873899103556
898,77.62240101510031
899,79.13454413736935
900,75.22489370655637
901,74.9573178450608
902,71.65297542787545
903,74.10975192781547
904,73.56974177256336
905,74.1895031596797
906,78.98238420893529
907,76.51529522764076
908,78.93434235718883
909,78.32570202996817
910,79.74215688030375
911,77.9934826240567
912,75.33637085690549
913,76.41828587542273
914,77.53958087858234
915,78.80486444821457
916,77.26063089315824
917,78.31819342407931
918,76.68555391063603
919,76.38246735368307
920,74.21137561828874
921,73.74344818956303
922,74.9444345837133
923,80.33782011579763
924,77.024227666873
925,74.40063171407581
926,77.64719677156711
927,77.72555914720152
928,78.86524781793224
929,77.89164911203659
930,75.72920845498265
931,77.95248880677991
932,78.60440159933546
933,77.91826871407727
934,78.51807592541786
935,78.86257078575886
936,80.83511847132286
937,78.95708118370152
938,77.90602531484893
939,77.88187329217322
940,78.80594630385241
941,75.50753008709688
942,78.87074090661622
943,77.36621500557209
944,76.04794443669249
945,77.08374711578188
946,76.85855207655084
947,75.1347903498853
948,74.90502865182464
949,74.18358434111946
950,76.02276145987872
951,76.35438081074159
952,76.63350736397274
953,77.49165027209108
954,77.27846501992099
955,75.51981016163882
956,76.74681880810721
957,77.84965855366926
958,75.59328838649253
959,76.6559293514344
960,73.50247059577032
961,80.86254371660965
962,78.79322111853463
963,75.04898615324453
964,76.59606574367967
965,74.51072196363322
966,79.10030954003514
967,75.4878564679255
968,77.03539855469944
969,77.82423528421816
970,76.90697328566722
971,77.8570880430492
972,79.65018794378113
973,77.19804965932923
974,75.20863474113821
975,75.26770461910252
976,77.40018415248107
977,76.52642362933864
978,73.75453608162263
979,79.63125854302382
980,76.98259822877219
981,76.81944977232087
982,77.18889831945074
983,74.44348314501138
984,79.07728208866001
985,76.1422497977511
986,77.2100480349896
987,77.68065746522325
988,75.78684223366076
989,77.68490405520663
990,74.8558129978756
991,76.48366521035769
992,76.95787473477742
993,76.52922978812387
994,76.91117647003881
995,75.17394572126159
996,78.2502858709255
997,75.57715488933974
998,75.88021802737865
999,74.16565257126894
1000,77.19131322707875
1001,76.26359360579426
1002,74.73641189294761
1003,76.53052784533571
1004,77.826811301911
1005,74.75044470373376
1006,77.34104798348937
1007,79.38073853427653
1008,77.24728029731932
1009,78.43192128901353
1010,76.61297068152356
1011,72.87945306500933
1012,76.71531832127255
1013,78.0034389069869
1014,75.39177785229026
1015,79.18705822980814
1016,81.13378959361677
1017,75.83733661393171
1018,79.4490552766261
1019,74.38647012884621
1020,78.2640271845799
1021,80.62398653347111
1022,77.9834466611
1023,80.31437547637057
1024,80.5306280018932
1025,78.34156121175323
1026,78.62130141870227
1027,78.90970339565257
1028,78.5357479764948
1029,80.99591118436268
1030,78.07749084325178
1031,76.39742361004886
1032,78.88077393626156
1033,80.12891708787964
1034,79.32978020801607
1035,79.7137417077011
1036,76.65646025376054
1037,75.82844704041992
1038,77.63405317598449
1039,78.34770541287236
1040,79.9591936830596
1041,78.8114909086986
1042,76.50023378068295
1043,78.43925455864672
1044,73.11421635727476
1045,77.40406356755
1046,78.79539896470283
1047,78.8263697051367
1048,76.72837146721798
1049,76.27221612643172
1050,73.93045562673484
1051,76.19145997587907
1052,77.93921318667122
1053,78.25912303294155
1054,77.41877073528605
1055,77.51815464215753
1056,78.92313262732802
1057,74.71517437709252
1058,75.4928809711925
1059,76.96489197509987
1060,75.54960342468678
1061,77.71682127105629
1062,78.09404900232516
1063,79.9475147437011
1064,82.16495513287447
1065,80.00198410503214
1066,82.61529706120797
1067,79.55442874930287
1068,79.46942323630037
1069,77.51521125684997
1070,73.41432348293029
1071,76.47743641265043
1072,76.01992286871831
1073,80.03304120377095
1074,75.40057191395584
1075,77.43555463680377
1076,78.81972197374432
1077,77.24245801796417
1078,77.26871002884616
1079,77.28200750514543
1080,77.44426199375931
1081,76.12059973859374
1082,76.90719046452574
1083,76.69133532693661
1084,75.2075760465429
1085,75.58721237441375
1086,72.78779509229895
1087,78.162174912831
1088,78.90812770113206
1089,78.23852039585927
1090,78.60098508694972
1091,80.5827480082097
1092,77.25827014199166
1093,77.97307211819913
1094,79.59700866204469
1095,75.61587462786281
1096,79.58684522102277
1097,79.95719640805731
1098,78.21360847038932
1099,76.96076747009732
1100,78.30651963054021
1101,72.42433995287257
1102,76.54680259566351
1103,76.34642320637437
1104,76.25159947637809
1105,75.91056740952592
1106,76.95019456584942
1107,78.2763114608112
1108,76.04991459656935
1109,76.83604234817534
1110,78.02122525892969
1111,78.53462744354579
1112,76.70606464641077
1113,79.50879987253518
1114,72.59034106173192
1115,74.82647248862503
1116,77.90253051843644
1117,76.58652238178661
1118,74.35245764306569
1119,71.08735182800189
1120,78.20518160998364
1121,79.50800262764699
1122,77.90079079033944
1123,78.1917534570386
1124,78.61327042083616
1125,78.62495927970338
1126,77.96448703292356
1127,75.13196219576855
1128,76.43535523731691
1129,73.7334186060184
1130,74.73512061450634
1131,78.82859612996293
1132,76.33016395721336
1133,77.08155070092107
1134,78.38058997386162
1135,77.94737044704448
1136,77.82099370270367
1137,77.82011082882968
1138,76.67980400009708
1139,77.14639703042064
1140,76.5681564061016
1141,78.26527867915138
1142,78.85970604719728
1143,77.59849046365463
1144,77.24324098582667
1145,78.45511680359391
1146,70.95511913370018
1147,73.54814874773047
1148,75.75243529564551
1149,75.07712384136136
1150,75.5039344752314
1151,76.13331760731711
1152,74.68823478216314
1153,75.09970922343837
1154,77.52517019585662
1155,72.89376255715831
1156,74.40357881301458
1157,75.65344501408634
1158,78.54366276913845
1159,78.1612007594855
1160,77.83775330412391
1161,77.16431887270733
1162,73.80927358858014
1163,73.84486736745725
1164,76.89737966430965
1165,78.05584621894832
1166,79.8630174382418
1167,77.1822554946869
1168,77.55032923453138
1169,74.01004905265575
1170,77.15199746687733
1171,68.90106597602272
1172,69.97913962619242
1173,72.86018331529885
1174,75.79786102382087
1175,77.67703473494106
1176,76.43167172817539
1177,76.18736741197512
1178,76.15602660188671
1179,76.63045693899124
1180,77.170191894411
1181,75.00103951799514
1182,75.48339105678133
1183,76.13755118420102
1184,76.52837044134452
1185,77.64974768951572
1186,69.49567806305924
1187,67.2494989407408
1188,71.48289410807843
1189,74.29831928354048
1190,74.13304979638133
1191,70.87822673393555
1192,68.41269380451433
1193,66.26593099632254
1194,68.89274541996934
1195,70.9919191784648
1196,74.57791333216261
1197,74.40719734271102
1198,78.34114954799588
1199,81.42760693386623
1200,77.16887114248715
1201,77.48882191023745
1202,71.76487978554803
1203,77.26780793980964
1204,76.95989433703295
1205,74.10936645427728
1206,80.62099167769895
1207,78.53034745144674
1208,80.439886068502
1209,77.97412698596054
1210,78.48807455719077
1211,79.76564740597752
1212,81.17479688251984
1213,81.7455121041416
1214,79.85522503469042
1215,80.04329045282003
1216,80.72651383865116
1217,72.00174795472418
1218,74.14072883895568
1219,78.89254232569044
1220,77.14311687737978
1221,76.58893971326654
1222,77.87926142083973
1223,77.22032678736105
1224,78.65642962199308
1225,79.40405071439528
1226,77.84055733462793
1227,76.08575845139757
1228,74.35119263190057
1229,75.21667746844525
1230,75.47415480252408
1231,70.84383635995056
1232,71.45161857018473
1233,74.81123732839251
1234,70.06322471213804
1235,77.496977264061
1236,78.26493028732159
1237,78.8770974782891
1238,78.42404173352116
1239,74.21092693471576
1240,72.26391220795551
1241,77.64373785139139
1242,78.85175195346949
1243,80.48503737993872
1244,79.34906865612453
1245,76.75918307292528
1246,80.47188095601598
1247,80.144243268526
1248,82.25667301920845
1249,81.4436720472703
1250,81.09245798239442
1251,78.2665574285216
1252,77.09509203472544
1253,77.32710674485196
1254,77.58986558949289
1255,75.88587856748507
1256,78.68960648175897
1257,78.8315609282709
1258,78.13735969548787
1259,76.63105817685329
1260,77.44230423962512
1261,73.61078735545328
1262,72.39120932377944
1263,74.70770677038155
1264,71.57789925988408
1265,74.9999006333615
1266,73.65004618407272
1267,71.56562061441565
1268,73.65836737306876
1269,79.7025619476916
1270,78.90921649395773
1271,77.8943882939667
1272,75.52763763196913
1273,78.47338432297386
1274,75.94852666399669
1275,76.25820918096929
1276,77.9136765185691
1277,80.78691946411436
1278,74.55201647633919
1279,73.74208337859977
1280,73.93284921697028
1281,77.36031372452788
1282,77.002829076274
1283,76.86840723463769
1284,77.88849456435003
1285,79.80715669995539
1286,80.28694070291192
1287,78.96695058274537
1288,77.36611698248623
1289,72.57440624085285
1290,73.18989227078032
1291,79.2291940542462
1292,78.98566692594886
1293,78.59121301208285
1294,75.5050299744778
1295,76.28076645594729
1296,70.08210125763645
1297,72.64638381654623
1298,77.6706178754772
1299,77.3180102308155
1300,73.26287628391276
1301,70.70434434691981
1302,72.1284340367074
1303,81.71940552806245
1304,77.70727085354116
1305,78.23304176605109
1306,80.45446635628088
1307,80.30349598875586
1308,77.41833190036328
1309,80.7393733766151
1310,80.83832637319739
1311,77.41137926604847
1312,77.63540869871139
1313,75.96714558361907
1314,78.46352341354867
1315,73.21790381630132
1316,70.18343455059977
1317,76.59974668805313
1318,74.72164272096762
1319,78.26098025105915
1320,80.26208654741686
1321,79.14457135313859
1322,77.21596354078736
1323,79.65072624258414
1324,80.15537941164973
1325,78.66757588115428
1326,79.67864500923258
1327,79.18686493463201
1328,79.24659272028589
1329,77.7585806412099
1330,75.99106620838444
1331,74.73812945288262
1332,77.13329881056984
1333,75.18675201656777
1334,80.96410300141076
1335,79.42862299169667
1336,76.9977074652013
1337,80.6532165258634
1338,81.35702586152166
1339,78.54800911914037
1340,78.11306039888035
1341,80.00424510307028
1342,80.85104966165397
1343,77.66113730590587
1344,80.93496646530417
1345,73.46928849503263
1346,72.91074617665521
1347,72.51806805838248
1348,75.31031833761529
1349,75.38624705688852
1350,75.66364385417467
1351,76.89836418498834
1352,75.72897210912578
1353,73.1744427734327
1354,74.92957166016708
1355,75.243325621172
1356,75.00992751351191
1357,73.62734086883381
1358,73.60648623916859
1359,72.96641987701054
1360,78.75633514670238
1361,79.29018414835446
1362,78.9011456593692
1363,77.40048659751625
1364,80.47657758578282
1365,78.4605117863502
1366,79.21980247587089
1367,78.3488358899267
1368,76.75941065382762
1369,78.79769581452194
1370,76.6392290698684
1371,74.29208272292777
1372,79.60235146805019
1373,80.33304358252047
1374,80.27885454597106
1375,78.20720652524432
1376,74.94702371358767
1377,75.53450016885137
1378,80.35125546313998
1379,78.84258523716898
1380,78.29332838471049
1381,77.61509840213665
1382,80.58927770602708
1383,78.5599310567718
1384,77.4238475963142
1385,81.23437265381642
1386,82.11574107510182
1387,81.53920578044745
1388,81.21856239453552
1389,78.93353910048359
1390,80.71509803681636
1391,79.23282753979021
1392,80.90172317900272
1393,78.35360973916625
1394,77.71792536377626
1395,77.41392317759284
1396,78.95114082355673
1397,78.11114270244633
1398,80.63033171102006
1399,77.87995488481539
1400,74.74352030769245
1401,74.04876918954847
1402,74.04619200842012
1403,76.90750635106076
1404,74.8659063692914
1405,78.45726906351024
1406,81.3960213807323
1407,83.93910020069109
1408,83.02575842234256
1409,83.7881145411049
1410,79.66663736137446
1411,78.86483501960038
1412,76.58383360558639
1413,83.71396832827156
1414,80.04456163109256
1415,82.20099544310858
1416,80.53783427540361
1417,82.00892289234912
1418,84.80137451715689
1419,85.55494513745577
1420,87.83953137102509
1421,83.30782558901006
1422,84.78268376303743
1423,83.58812260099592
1424,81.90959829198022
1425,84.40830073154416
1426,77.85720224288684
1427,69.27574686157158
1428,80.93883883052979
1429,82.23105366841389
1430,84.2696109957659
1431,80.76921975018303
1432,80.45676040786844
1433,82.8705047308527
1434,81.77045263039611
1435,82.63352166289314
1436,82.36532293829026
1437,82.87673582330922
1438,82.81259328946646
1439,86.65039501291864
1440,82.85346346752851
1441,80.64788562648027
1442,81.34051824519236
1443,85.65255674841177
1444,83.90746742434152
1445,81.06678507897169
1446,76.88802296774332
1447,80.1463900043994
1448,81.36364207329564
1449,83.2527873521687
1450,82.78908873130291
1451,77.86033640068007
1452,71.47344244561395
1453,73.43457590006415
1454,75.78031041347987
1455,79.45379536195509
1456,79.61924692727234
1457,76.41391862897382
1458,78.03211532075932
1459,76.12223129251248
1460,74.71137963311344
1461,74.40985399880924
1462,71.43203242807846
1463,75.69282866262836
1464,74.44285017171194
1465,68.72783764377084
1466,70.48919173753063
1467,70.9620469009904
1468,71.9649048578002
1469,70.05794208692305
1470,68.168325177562
1471,72.40449181075667
1472,68.3060802514957
1473,69.24517206395069
1474,68.99081419602743
1475,68.16015193443712
1476,72.41619636375219
1477,73.12872199218634
1478,74.53408825995689
1479,68.23966337016083
1480,74.7256486497082
1481,73.49233022373829
1482,72.77696847614561
1483,76.4604481524542
1484,73.2569127423742
1485,74.61122238223305
1486,68.45187944148029
1487,73.77539624348225
1488,75.52420572352315
1489,79.43454805569468
1490,79.73179066725464
1491,79.45610246396814
1492,82.3194659600382
1493,83.33757962188366
1494,77.40188704365028
1495,79.5025641606361
1496,81.72225175493605
1497,79.48047733475431
1498,80.75259500821625
1499,82.0737574698997
1500,83.25423841467739
1501,81.5243965427697
1502,78.89076044705826
1503,81.1282048816127
1504,81.85161615814445
1505,79.16669236850112
1506,83.42722724863688
1507,79.40558095003053
1508,82.05349552521625
1509,81.82726714711623
1510,77.93172822937925
1511,79.05087112427253
1512,78.17211652895332
1513,79.92384889998738
1514,73.29444607468866
1515,67.92478035566995
1516,77.95103624806274
1517,74.46826886838812
1518,71.93995376984566
1519,70.69622846376893
1520,76.20809251997315
1521,76.67200631768702
1522,73.48683498230594
1523,74.47067766002084
1524,76.33854460536281
1525,80.02442627753845
1526,76.95812859342146
1527,76.97645984309003
1528,78.11800896500756
1529,74.62983279103241
1530,75.69090886942683
1531,76.7279957132111
1532,79.68182268494525
1533,75.45852577477399
1534,78.68950026841821
1535,78.30475342487699
1536,77.43545563395844
1537,79.35971981120417
1538,78.9594522248218
1539,76.11088439482313
1540,78.61329172332069
1541,79.06436605346852
1542,79.55856117307741
1543,79.97970323830543
1544,76.73696113961995
1545,79.81413228676536
1546,78.57091604923335
1547,76.85937263259024
1548,78.77026565904686
1549,80.54745077366601
1550,76.77353296533403
1551,77.38101313300189
1552,78.17890545480805
1553,76.71204356926319
1554,74.26900033377507
1555,72.32791093836073
1556,69.18034210017208
1557,70.14841906654436
1558,65.90225954361301
1559,68.27228482051726
1560,75.09645823219284
1561,75.99967967528926
1562,69.48855380050935
1563,74.04058188913933
1564,72.09350248940899
1565,73.74359905665153
1566,68.18292073554693
1567,68.35403828169257
1568,74.37686688189035
1569,71.11170721409923
1570,70.58208123133363
1571,68.71246377673572
1572,71.27048833569381
1573,78.22861974672452
1574,73.53124880707264
1575,74.53817054391777
1576,77.37209164633396
1577,76.6579327796515
1578,75.99180370377002
1579,80.69495813278888
1580,80.67618807414038
1581,80.06615790195008
1582,75.64175013965138
1583,75.27470792803234
1584,68.93851934353353
1585,75.9737901322514
1586,73.39902722757256
1587,71.37596867237733
1588,69.72649388212659
1589,72.96048604285198
1590,76.41330182064746
1591,74.40920932224412
1592,70.8994803486861
1593,68.80313469041442
1594,69.56624622992479
1595,75.69654292268092
1596,74.07438794220775
1597,76.60492015697781
1598,74.6218631625793
1599,72.08664928862231
1600,75.38772051071095
1601,67.26219495909197
1602,76.6759102798323
1603,75.50903010836004
1604,76.26341338787176
1605,79.02673752238792
1606,74.65256532019629
1607,67.58690431801517
1608,71.92538162578478
1609,75.20418205972737
1610,76.16201962598103
1611,78.35003463094648
1612,73.73701325065002
1613,77.98586438833547
1614,75.11473118374835
1615,77.24328617217958
1616,79.01293530069216
1617,76.26976411607319
1618,75.4238539722403
1619,76.04766984653787
1620,78.73508981329223
1621,77.1177152192418
1622,77.79093374163648
1623,72.73234505053102
1624,72.14004319662462
1625,71.32576529554888
1626,71.53052826991103
1627,66.60282694502155
1628,72.40978483521019
1629,78.39836422980193
1630,80.39738891784094
1631,78.3008762001495
1632,78.54229873106988
1633,80.68841970260115
1634,82.024268420836
1635,79.86411519113176
1636,80.18901111246964
1637,77.72118051028463
1638,79.42515266002562
1639,80.81221228012475
1640,78.37237992574273
1641,80.82188509185403
1642,81.90153534953754
1643,79.12602116350985
1644,79.93471345655684
1645,81.27779358952188
1646,78.53493426059691
1647,77.17831865053938
1648,74.03796015286463
1649,77.28132674108753
1650,80.05172341244344
1651,76.93479725932923
1652,77.10788235708543
1653,78.55993105677163
1654,81.47769362354438
1655,79.30525208046583
1656,80.35951533285595
1657,77.81074033966178
1658,74.09287866154602
1659,67.44120435820616
1660,68.0768204385027
1661,67.331715095503
1662,70.77186915308164
1663,72.94166606343771
1664,74.73082949682055
1665,76.51484097825528
1666,73.77295725714578
1667,74.63225983854505
1668,74.48575702402337
1669,77.69752482277909
1670,78.24637488009728
1671,74.32939082207076
1672,77.35567232805954
1673,69.62364648798376
1674,79.21299703879959
1675,77.36565514799838
1676,72.20486037852044
1677,72.13489723774626
1678,71.62501978103126
1679,76.58431035799083
1680,79.36164990389511
1681,75.64415265833532
1682,73.12106551596895
1683,75.2854411090002
1684,73.35132657552799
1685,76.4840751079642
1686,78.93542084818574
1687,80.27852766241449
1688,81.86855723847515
1689,80.73333068899063
1690,78.40070283322939
1691,78.99259939557402
1692,76.54450907627665
1693,80.90289027192557
1694,82.21913724694087
1695,76.34947319898606
1696,80.4340427115286
1697,83.45525078716929
1698,80.69839694209827
1699,80.91727041657492
1700,79.86564299154617
1701,78.40474829764321
1702,81.41991951354191
1703,78.94684870510275
1704,80.46209400727014
1705,78.32570202996794
1706,77.98931460100164
1707,79.99221948254296
1708,80.87250902811684
1709,79.46507686442447
1710,79.01392625689829
1711,78.46785327127321
1712,78.11949664923395
1713,79.46058871653548
1714,72.73748853521062
1715,74.57428618995965
1716,79.29273802587414
1717,80.02600894898421
1718,80.02512795043947
1719,76.7060839558315
1720,71.3609591702978
1721,68.66891634911536
1722,69.42494927590548
1723,72.26005191044743
1724,73.79782975792659
1725,68.4464865407881
1726,73.12320647927197
1727,72.75825970624447
1728,74.71013728993756
1729,76.76260101420235
1730,74.35860016097013
1731,80.07263228873728
1732,71.8864351729253
1733,70.98485525479032
1734,71.21362207268174
1735,77.78180851015827
1736,78.65183432074542
1737,78.3810237071736
1738,81.48737904261867
1739,80.17229857258496
1740,80.08764470836604
1741,76.19472746629509
1742,77.89754111997496
1743,71.51233470005928
1744,74.46972609791004
1745,78.8212416164393
1746,79.84304100918291
1747,80.97787991170668
1748,77.92907707208309
1749,79.24403324818263
1750,77.64695823643012
1751,76.92923902350071
1752,81.28037192707029
1753,79.37054781055326
1754,80.7366233480173
1755,77.83717155212565
1756,77.42879957566407
1757,76.26610071441536
1758,82.8585810231811
1759,80.40382160313368
1760,83.64132320890565
1761,78.2219416879031
1762,78.27239719052756
1763,78.79767310354191
1764,76.24330752834379
1765,79.98092824976118
1766,80.74858382653633
1767,81.70154005311349
1768,80.90121093946442
1769,78.55967316012186
1770,80.63414116493749
1771,80.31533615823213
1772,80.95351983186896
1773,79.29126512762144
1774,79.74766921975919
1775,74.2120888261648
1776,75.6326262633084
1777,79.18215194150753
1778,80.7001476247417
1779,79.41399590118544
1780,76.427653122008
1781,76.73584661479902
1782,79.00197367151219
1783,78.20634455630119
1784,78.49898016630556
1785,79.56236941522684
1786,77.27244530609966
1787,79.18752084191897
1788,77.72997580969195
1789,80.02487490319555
1790,78.73629834076604
1791,78.3519604899356
1792,78.14575466916995
1793,80.28413654941562
1794,74.80383802542127
1795,77.90188031612456
1796,80.06110384411312
1797,80.80664476076231
1798,75.93340988379583
1799,78.85440545257018
1800,76.0667988106506
1801,81.72775968221612
1802,81.88495058878647
1803,81.77008850856123
1804,79.05772825430233
1805,80.81155428135054
1806,78.29996199691163
1807,72.58019371077876
1808,73.81195485814686
1809,72.48440762610971
1810,77.0291232890122
1811,75.71730755536055
1812,74.72866141308913
1813,75.84929190934429
1814,77.31811782131712
1815,74.21720129235189
1816,69.77753834018063
1817,78.99081287714745
1818,79.56477328971755
1819,78.59330081477196
1820,80.53381562863456
1821,80.8785490285834
1822,79.395514747405
1823,78.82626212357593
1824,79.55817292244558
1825,79.9631362113692
1826,78.30166427720047
1827,79.61862093554424
1828,78.86662121574426
1829,77.07525858762068
1830,77.35459603948505
1831,81.24583648898863
1832,76.04823818797377
1833,80.28732654350023
1834,80.21734581310875
1835,78.50198416028752
1836,77.11815673486632
1837,81.51479220577534
1838,77.26174818808317
1839,78.84483200418862
1840,80.7378409717715
1841,79.53518891817725
1842,78.7781437191519
1843,72.23521112238694
1844,78.69104036017558
1845,80.82538977075637
1846,78.60377897065206
1847,77.16579606081581
1848,80.01480212300118
1849,79.52326889243466
1850,80.04929606747072
1851,81.59189007612036
1852,80.04133597816377
1853,80.47441673962311
1854,81.09593427840105
1855,80.444142916376
1856,78.68478507787472
1857,78.13392583794814
1858,78.3964833356726
1859,77.7650695735897
1860,79.51464762528235
1861,80.1758566815679
1862,76.67149107363576
1863,78.87708860522298
1864,80.54011710222693
1865,76.30722893732468
1866,79.12481138988062
1867,79.85253745436466
1868,77.3922768390729
1869,79.2028529696517
1870,78.2762692670479
1871,80.16737896970761
1872,77.5456888019462
1873,81.95031607848756
1874,80.30070278218699
1875,79.1257135355687
1876,81.30926457068063
1877,78.78000867523002
1878,79.55342658872127
1879,79.31590515338434
1880,82.2956955779452
1881,79.07979938720388
1882,79.76917375060043
1883,81.09261718492542
1884,76.00924788437726
1885,76.86227582377524
1886,74.12215324967929
1887,77.49377042857719
1888,78.62669277093613
1889,73.36459943229136
1890,78.92193967691998
1891,77.06722587085551
1892,75.33780356523397
1893,76.33384654042112
1894,80.52635983012948
1895,77.2953257286444
1896,76.6243173150853
1897,80.5326118211911
1898,76.1316519238801
1899,78.11564118662056
1900,72.98442586168784
1901,79.34978996128581
1902,77.42508937150706
1903,75.45846316443522
1904,76.46746835312655
1905,74.92193459045814
1906,74.58915079528595
1907,71.89327707562325
1908,77.80630811546786
1909,79.25050781613152
1910,77.04520359016215
1911,79.16262373729387
1912,79.00410318806166
1913,75.7333308849528
1914,73.37172913559891
1915,75.60415934530039
1916,75.78997236291787
1917,77.81506072492027
1918,78.74550030276498
1919,77.87908491556306
1920,71.45226663181359
1921,73.82912638083747
1922,72.06631261751323
1923,75.97259390923335
1924,69.96197808668427
1925,63.564912673135495
1926,66.31829269426288
1927,78.64529742625439
1928,79.52132460273884
1929,80.55481924394417
1930,79.25075053556776
1931,78.88200353256184
1932,79.20049293086822
1933,78.66671016134211
1934,79.78662181779254
1935,78.82560580826771
1936,80.48967434196902
1937,79.02334273686142
1938,81.1596729089215
1939,80.18406052422523
1940,79.63828922455457
1941,77.82395146689572
1942,80.6700950013539
1943,76.31066643926556
1944,77.91004493567175
1945,77.74917185953518
1946,78.35754933437607
1947,79.31249190015944
1948,79.34122675001834
1949,75.58165171070328
1950,66.94769008365967
1951,68.2415237842435
1952,71.4380570588275
1953,70.95169795045234
1954,70.47336243917317
1955,70.50459633119874
1956,73.63056788942635
1957,73.62834512892175
1958,69.80126213735747
1959,76.00569440141834
1960,74.44719598907523
1961,80.03038368397898
1962,80.91874674912737
1963,80.08429346293678
1964,77.0451990999511
1965,74.1833526853618
1966,74.35823490562598
1967,73.50231320052046
1968,77.6267833566036
1969,77.33582934662968
1970,76.61870732135748
1971,75.47606496212723
1972,75.94291403783524
1973,70.28794041026396
1974,68.84458487418982
1975,72.02942381293508
1976,75.79717956010768
1977,77.57374627102945
1978,78.51026549505656
1979,79.29893264684279
1980,81.45056598350658
1981,77.25671559650726
1982,74.79035855463206
1983,75.38682483374407
1984,78.10957341538045
1985,74.48052676288899
1986,76.98850242936032
1987,79.22072329035774
1988,77.27101894053806
1989,75.59267039699046
1990,75.59255883531677
1991,80.84752703237405
1992,77.07390751128787
1993,76.7720118033111
1994,78.55518435632894
1995,76.99690444777167
1996,78.98603129033609
1997,76.30663596843686
1998,70.33065491854512
1999,76.7384725594656
2000,74.54609785630606
2001,77.56123000094004
2002,75.75356065979719
2003,77.78339815352012
2004,78.90136172738744
2005,74.38221049805941
2006,69.62448028328555
2007,66.44956520210837
2008,75.88132575116128
2009,70.41634115415144
2010,77.71770607173613
2011,77.34990865142879
2012,79.60173836110692
2013,80.55929707670612
2014,75.87391494583119
2015,79.63653447353636
2016,78.74169445386968
2017,74.93590363082342
2018,76.05727901307546
2019,73.04939781680974
2020,83.26579379266406
2021,78.54854381328198
2022,77.06980408362722
2023,76.54858412096416
2024,77.03916042316393
2025,78.08582704654958
2026,79.87900502722994
2027,79.5948907696366
2028,79.50082443517329
2029,74.65030144688467
2030,77.87703766465052
2031,81.32398145664706
2032,69.73464812377921
2033,79.03139380458566
2034,76.42587631088912
2035,75.4944523529781
2036,75.43388381009805
2037,70.7964579267616
2038,75.83876046844773
2039,73.99718225876734
2040,74.2855046732189
2041,74.52994721220472
2042,79.1832176940228
2043,70.91240261952993
2044,75.66162914681775
2045,74.61380579664723
2046,74.78738534288345
2047,77.35244715818453
2048,79.1553908233268
2049,77.18555924655521
2050,78.05109722060905
2051,74.23390876226165
2052,80.096786582773
2053,81.77707317499596
2054,76.28591982431868
2055,77.90218661872444
2056,80.51056649649797
2057,79.25043177688332
2058,76.9685921556453
2059,74.48435465783126
2060,76.49921034165357
2061,78.32491576943085
2062,77.45890381353388
2063,75.4333636516879
2064,76.37995811623739
2065,79.42765754627612
2066,75.59561006841562
2067,78.26123520961619
2068,79.05549734299382
2069,77.62007161034404
2070,76.26714206745038
2071,77.64997580831721
2072,79.18578776554824
2073,79.12039875491104
2074,80.46939920161896
2075,79.53794155562355
2076,78.49671556921083
2077,78.86726215608428
2078,78.6941539135874
2079,78.31408291482614
2080,77.60932292475229
2081,76.06534844111656
2082,78.45482792704229
2083,79.16960751183353
2084,79.07794461602879
2085,76.98544182560278
2086,72.72472492619835
2087,77.31265462857016
2088,79.71089869003515
2089,79.79873891927951
2090,77.14540182377164
2091,78.35122581053412
2092,78.07328483079925
2093,78.76647254249843
2094,77.35609510257046
2095,78.95507892222776
2096,74.44219325493509
2097,70.47117407185044
2098,73.38836158786438
2099,78.37498641570147
2100,79.34906865612396
2101,78.93058549983601
2102,79.90161294531197
2103,79.01870482642897
2104,76.32553063093468
2105,77.16581903199568
2106,78.7592713635097
2107,78.2050796739124
2108,77.56372868663675
2109,76.50391604981974
2110,78.00716981226077
2111,78.68810170747753
2112,76.27314640593863
2113,75.59542200782352
2114,80.08816953641343
2115,77.45772287198122
2116,78.02117252556599
2117,80.81321554060708
2118,80.30129514564396
2119,76.33942103340945
2120,77.60106406496442
2121,78.67266080268257
2122,78.667575881154
2123,77.3968024079515
2124,78.2096182782696
2125,75.82717165330638
2126,77.73718227150852
2127,80.53183438116423
2128,78.70476305464354
2129,80.4355331734879
2130,76.11401306477921
2131,76.1268728075882
2132,79.57676907807655
2133,75.84075920409276
2134,76.25126165095179
2135,77.52126039624693
2136,74.63057352657671
2137,73.01689532074766
2138,76.66380486868445
2139,76.95588027337533
2140,78.59268312798429
2141,77.68236574773414
2142,79.31253213189348
2143,79.7268865647062
2144,75.80328395208471
2145,77.94504620868986
2146,77.12736439045102
2147,74.26391413410562
2148,76.85607137674708
2149,75.98335410448476
2150,79.66765527287521
2151,76.47284662937903
2152,75.93490450449582
2153,75.32064700109521
2154,74.8987001998695
2155,74.25787896588594
2156,75.13703276167809
2157,75.6734430324999
2158,77.56657749807636
2159,74.79066442585525
2160,77.0846908378727
2161,70.66322148838555
2162,72.77890816695088
2163,75.96526104748898
2164,76.69458842176402
2165,74.95307200205599
2166,77.07871371269573
2167,77.39502904442458
2168,78.46295313026246
2169,80.98579122086022
2170,79.11132128888698
2171,78.68825702581421
2172,78.29606877671847
2173,76.80969304852181
2174,76.59370313923944
2175,80.87337812086935
2176,78.03425151522197
2177,77.7320436830152
2178,75.957906729336
2179,76.70493937064833
2180,77.11307102566133
2181,79.68611089681212
2182,79.2525290719027
2183,77.33581960291417
2184,77.79259481910839
2185,77.54714659246349
2186,77.09948536274555
2187,78.6920113883196
2188,76.96245191502754
2189,78.66703346166884
2190,77.93428453440487
2191,77.61881983006162
2192,75.73681367896825
2193,78.85355846865207
2194,79.50365843472014
2195,78.64932321475692
2196,78.80576767433502
2197,76.89965500808131
2198,77.37870733305601
2199,77.89899870393651
2200,78.69264591413832
2201,78.07758083150844
2202,77.68935096346189
2203,78.57334130700139
2204,77.92990285146948
2205,77.59130576217564
2206,78.37961706589101
2207,79.23574838966778
2208,75.45662672060564
2209,76.01725226789966
2210,77.06146047419617
2211,78.97726579881913
2212,78.56778577044491
2213,79.6873251353345
2214,75.41577387714045
2215,76.7501818131501
2216,76.51548185599768
2217,79.65919814228624
2218,81.13738205770261
2219,77.79660917817318
2220,76.44834078342905
2221,78.55975372243131
2222,77.16887114248726
2223,76.02687153026517
2224,74.75946620291677
2225,77.25654352212752
2226,75.73832898543634
2227,74.34010044317972
2228,78.98967893097131
2229,78.30440273555877
2230,77.38601075598473
2231,77.10034461703776
2232,80.55052927524565
2233,78.16864366833028
2234,73.0166118777708
2235,77.81811808689014
2236,76.89800904130368
2237,80.82902269748439
2238,76.95783652524608
2239,75.35008202712783
2240,76.47576180095314
2241,78.7669235700613
2242,77.69502185663941
2243,77.18193573022677
2244,77.19229934875301
2245,75.33917361105881
2246,80.0322527407518
2247,78.60584931281244
2248,79.1976480426597
2249,78.24096114951897
2250,76.44763917424092
2251,76.32257945850978
2252,79.89792071511533
2253,76.28118652701784
2254,75.72695806234685
2255,79.24247107805962
2256,77.53648373936727
2257,75.92784488111283
2258,74.48050817120048
2259,72.45303891437254
2260,68.51333475695259
2261,74.18336005121989
2262,77.62665341952226
2263,78.22934619774225
2264,77.72726538925201
2265,76.98141210021362
2266,80.16084673667234
2267,80.20870013397689
2268,78.34757114225397
2269,76.60432677182735
2270,78.66814329021139
2271,75.99446476833526
2272,72.81766366510163
2273,74.00268640319001
2274,75.18905575827898
2275,75.31106907765269
2276,75.3137108355495
2277,76.38047377531757
2278,75.60260502742295
2279,78.01702499493359
2280,76.13355974354153
2281,79.27440393083009
2282,75.0085889683399
2283,75.20414669532556
2284,74.71494125122842
2285,75.72428373070971
2286,78.3314007855173
2287,79.15952421156061
2288,74.2616181298443
2289,78.49108641234204
2290,76.87057390154928
2291,76.95258002189263
2292,77.57940623792638
2293,78.64932321475709
2294,73.71475277912572
2295,74.54346831997424
2296,77.93688686954812
2297,78.1122937325523
2298,74.33960551688637
2299,77.6658373990071
2300,77.4622524018892
2301,78.87072358369375
2302,76.7646616699887
2303,75.25790393796035
2304,78.5118678658502
2305,79.89792071511545
2306,76.03631693952707
2307,76.35908980718852
2308,71.95125663003518
2309,77.44482537431873
2310,75.70300199532068
2311,77.7343263985938
2312,78.73495822475485
2313,78.61505519271276
2314,76.69199056816177
2315,74.64389660645458
2316,78.74309453560164
2317,79.1610928388734
2318,79.52774962155894
2319,75.86818424341237
2320,74.03203638681521
2321,80.86611394419549
2322,73.59718533204165
2323,74.72983247602792
2324,74.36668233954401
2325,77.79309891659966
2326,76.53826064654186
2327,78.39771645772908
2328,75.83274494309308
2329,78.15589480681814
2330,76.64781159498057
2331,76.50248409874752
2332,76.73992579797266
2333,78.30430201025365
2334,74.42915912851538
2335,79.33862257868128
2336,81.44907425071597
2337,74.01731571850138
2338,77.07466471944309
2339,76.97340576446584
2340,77.63288139350351
2341,77.53374641561163
2342,71.38611752108471
2343,79.15001061975585
2344,78.54150745853894
2345,74.9481365106991
2346,76.93101151875914
2347,78.44160993806179
2348,78.52052617288024
2349,77.82397680071722
2350,80.04696750885819
2351,77.31291105827245
2352,78.70197571618064
2353,78.24029979759405
2354,79.7658468232716
2355,79.68334767847455
2356,79.10317401179555
2357,79.16610767792974
2358,76.96828047950129
2359,77.23076317437096
2360,80.66262939943357
2361,81.0511309681421
2362,80.39875715883147
2363,73.32510303082591
2364,76.77622759122221
2365,76.11768756581705
2366,78.1601808383495
2367,77.21596354078719
2368,79.94740594051234
2369,79.95393883474213
2370,82.9374510064178
2371,79.77202768985319
2372,77.78213594694353
2373,77.61376805840149
2374,80.58784892378526
2375,75.96692072508313
2376,75.40266182389735
2377,74.33775690753333
2378,78.2605688343221
2379,76.79131924951855
2380,79.35565262066274
2381,81.81087504840752
2382,76.31095883047169
2383,80.36944025799136
2384,76.46610070890341
2385,76.43098522100007
2386,77.62213391634953
2387,71.80181330680819
2388,76.61890447526685
2389,77.04172575429885
2390,75.00616338379899
2391,74.93542869575049
2392,74.1400229613368
2393,77.15534933915421
2394,73.33226060420338
2395,75.090900399688
2396,74.62593164592238
2397,72.35477372925158
2398,77.60587832193227
2399,74.17067252858618
2400,74.92437428849445
2401,70.87081348579096
2402,70.2390084977514
2403,70.85142094396736
2404,74.2632828868318
2405,71.31127271603867
2406,66.22600575954516
2407,76.09419696481831
2408,77.69088620391744
2409,79.8336788852398
2410,79.228762042183
2411,77.31244851230298
2412,77.55602934306921
2413,77.1783466457868
2414,77.94412715815008
2415,77.26926196687918
2416,78.02282834600862
2417,77.49787704306215
2418,79.5091495226365
2419,79.21727040057556
2420,77.62342463198343
2421,77.32843440118205
2422,78.61637533625532
2423,76.22157068684783
2424,79.79404129472886
2425,77.4939972539849
2426,79.57854050184028
2427,74.94554297127468
2428,79.07828645695821
2429,71.28732589996281
2430,75.44444089169951
2431,71.7675666180445
2432,75.67185141448249
2433,71.89875648365097
2434,75.0311325740791
2435,78.64158041087916
2436,79.07938058634846
2437,78.63486011614282
2438,75.28004851558848
2439,76.7332471577318
2440,74.45061730390358
2441,78.84577257934092
2442,78.65807795131235
2443,78.78718512060249
2444,78.53524096809628
2445,78.57928733051108
2446,79.13154750466754
2447,75.20326939135555
2448,76.09060893639696
2449,77.45275997372164
2450,79.03323125539316
2451,75.86511722542764
2452,77.42770515920614
2453,82.34812312874845
2454,79.71416119940949
2455,75.23336295246213
2456,78.94103870150434
2457,74.35014046646046
2458,75.911865689418
2459,79.94298696628397
2460,79.12611618752231
2461,79.16298164622077
2462,79.45175830161298
2463,78.12904131906794
2464,80.75694697141114
2465,80.30892031740876
2466,80.86028515531575
2467,84.09181784476112
2468,81.90551396628734
2469,80.22020122463397
2470,76.45087598939443
2471,76.13936730415662
2472,78.21904391868594
2473,82.94572932170388
2474,78.01912182969488
2475,79.47070412604762
2476,72.62632633316252
2477,77.94349556115498
2478,78.12516925351389
2479,76.6101986030717
2480,77.08571861513036
2481,78.6680244440945
2482,76.8260452173347
2483,76.39359344596267
2484,79.50960421178468
2485,76.91670488718358
2486,74.98604756521166
2487,77.65479690363009
2488,77.6381115525025
2489,75.75987258613839
2490,76.7475351983428
2491,75.67031214915261
2492,81.9535412885042
2493,76.23200304491064
2494,78.41351960540533
2495,76.73521203334758
2496,79.45790719798441
2497,76.4774731324635
2498,78.11569042908644
2499,76.3391925319807
2500,75.7975413482531
2501,76.45793879549603
2502,75.00657039729191
2503,77.13590459383931
2504,78.72753690666815
2505,78.48034291942514
2506,79.2464561357803
2507,75.86802345719735
2508,77.76052011869575
2509,77.30868926337837
2510,79.36144044440164
2511,77.96271520386819
2512,77.90649946841648
2513,80.72416447951338
2514,78.70149945030374
2515,79.51361989886846
2516,78.47294140789131
2517,71.85964738699079
2518,75.3887659871541
2519,77.18304305450852
2520,73.86961443220736
2521,78.80970889906172
2522,82.82868007364209
2523,75.76006079867517
2524,75.34704287682223
2525,73.69999676267503
2526,76.91503953772616
2527,76.77478342410643
2528,75.23513330736154
2529,80.65334552039224
2530,75.6686253439974
2531,76.74145303888656
2532,77.45055737413492
2533,76.75851787809898
2534,79.11254026286764
2535,77.14177294707758
2536,73.39760378473147
2537,76.1339359467978
2538,77.76846980805936
2539,77.8569089265954
2540,79.00259537829731
2541,75.65597111314008
2542,72.42208714313415
2543,76.48251614582063
2544,80.11994912929305
2545,78.58374302646519
2546,80.72942640016447
2547,79.95393883474242
2548,79.96086138807482
2549,81.05382085570153
2550,81.22870168387726
2551,78.66191028111774
2552,80.81381523948619
2553,79.64953609399197
2554,80.68255798605196
2555,81.55232919143799
2556,81.29179536251081
2557,77.07224092384399
2558,72.79329150371302
2559,74.4993947670485
2560,78.54243532435413
2561,76.90537389478322
2562,79.29383328311462
2563,77.76396351388388
2564,80.4677169147156
2565,79.11748806625798
2566,78.03706022785872
2567,77.9970561736626
2568,77.61338261800711
2569,77.48534176425306
2570,73.95769703725512
2571,79.40664200600287
2572,82.02458262111935
2573,78.84547438964381
2574,82.48020587804768
2575,77.36731981190889
2576,78.67959377725629
2577,77.97916498984415
2578,76.28449651886893
2579,77.13692979682179
2580,70.35143986468165
2581,75.88305959651524
2582,74.70036808807771
2583,73.16579409765677
2584,72.97877430713845
2585,76.88304147074831
2586,75.63255811403673
2587,75.60259248949842
2588,78.69423673253402
2589,80.51842932944186
2590,80.95843594343944
2591,78.35065348437007
2592,76.23753399027714
2593,79.2020064799525
2594,79.93939771033189
2595,77.55970889020426
2596,76.01819007367817
2597,76.73279303558672
2598,80.18388856462167
2599,78.79400762843852
2600,80.53181490222079
2601,78.36705826460582
2602,80.82017390636491
2603,81.34765180041563
2604,80.89237065922879
2605,80.36345435181494
2606,79.8035080445427
2607,79.40299016118229
2608,80.281453402777
2609,81.1405298423868
2610,79.08396763607772
2611,76.96673837428222
2612,77.88517184358636
2613,80.41891125997483
2614,81.97817994103724
2615,69.66121251329531
2616,65.2158469387266
2617,77.756624929596
2618,82.78122815359421
2619,84.38312293572011
2620,86.36108461796329
2621,83.6474320536098
2622,82.43323677784139
2623,82.96755913496492
2624,80.92486913059537
2625,82.06924187797159
2626,82.24991712480869
2627,78.50021468361808
2628,81.03703025007206
2629,83.69039852637161
2630,82.60265432572237
2631,82.74982856933514
2632,82.43377004909235
2633,82.70921488350541
2634,82.57963765311763
2635,76.20051709289902
2636,71.42675186678946
2637,68.46672828794141
2638,67.85135596573139
2639,67.90300560048524
2640,70.78677612805109
2641,79.84415906970736
2642,69.42553154400122
2643,70.8043386553403
2644,65.03554450463088
2645,70.23656236285507
2646,70.2781040415631
2647,69.51791638977926
2648,75.6124508761066
2649,75.0409697336462
2650,76.45015317120766
2651,74.61920534119645
2652,78.30883854966947
2653,79.18773406968717
2654,78.85117065075838
2655,80.55736402073313
2656,78.88786056304417
2657,75.41427322580262
2658,78.27422013956851
2659,79.58123582850288
2660,77.94053518334533
2661,76.24355613107315
2662,68.8109335771677
2663,74.66988191428942
2664,78.90237254903133
2665,75.57345535248061
2666,78.15877387061107
2667,77.11216535020674
2668,78.81107462624209
2669,75.75363995772773
2670,74.48784342542797
2671,79.09376568357516
2672,78.91300965356015
2673,77.38431384738914
2674,79.08920836877633
2675,78.35890989673561
2676,78.26052258907231
2677,77.38743703721042
2678,74.4098539988093
2679,73.30455201177324
2680,76.89640599125778
2681,72.6310892186043
2682,72.05147478865211
2683,73.8058614107731
2684,76.35863958837842
2685,77.38225467877663
2686,77.45517977271516
2687,77.28412036550901
2688,70.26692761223859
2689,72.6847224538082
2690,76.27672235034652
2691,74.25984627034768
2692,78.40502614755343
2693,77.05645071698137
2694,73.80734621068103
2695,71.9494097216122
2696,70.27423812006526
2697,77.82215308138046
2698,78.49737096990827
2699,79.22820886890179
2700,77.66613999515488
2701,77.94521039554286
2702,75.87391494583181
2703,76.75059637399147
2704,77.02441496330948
2705,79.17273255947043
2706,78.2343548594668
2707,78.97116468159766
2708,76.14331592050985
2709,74.74398838780274
2710,71.83775332952467
2711,81.72434643980017
2712,80.86546198972627
2713,79.25610264834222
2714,80.8743857223563
2715,79.25587148961955
2716,72.20256823002347
2717,72.57965591941877
2718,74.32104935358296
2719,75.85370489532914
2720,75.72235190001442
2721,75.34191414683795
2722,76.11892756349141
2723,77.55525654521023
2724,76.96386404091675
2725,78.43537697672355
2726,77.42313113339975
2727,72.70202809373603
2728,74.56011972931975
2729,78.2240119177726
2730,79.98718712982634
2731,80.73068876105958
2732,76.7818023528431
2733,66.15792712129212
2734,72.25270474322292
2735,78.95093672223146
2736,79.61559962916908
2737,81.68594143625938
2738,78.26922032782255
2739,81.54125310269546
2740,80.35335309905145
2741,80.20921781998015
2742,76.92944616132058
2743,80.8576555889776
2744,79.12621261782283
2745,79.08521672227522
2746,80.29795187089377
2747,79.72994888677448
2748,81.57230691142342
2749,79.87853619695238
2750,79.9451364951135
2751,81.34862297788578
2752,78.32762309394059
2753,79.70177430589115
2754,80.79248000451116
2755,78.40973876726372
2756,78.67918726218937
2757,79.14962463947182
2758,79.2519860078142
2759,77.20811282679591
2760,80.39567522392088
2761,79.00578129991209
2762,79.0049941812166
2763,81.86503049596143
2764,79.90392785045242
2765,82.22077070229079
2766,78.00326543643513
2767,77.70168532582068
2768,80.62581767019242
2769,78.60728958079972
2770,77.32806273391202
2771,77.75659154342225
2772,74.26860739531497
2773,73.6881457085002
2774,74.50266541047625
2775,76.193226597033
2776,80.57909403327255
2777,79.30923055832119
2778,78.81268355334583
2779,78.19903192679209
2780,80.7472730614756
2781,77.69951440536937
2782,78.62528280906486
2783,77.52402246630567
2784,79.74708893025581
2785,78.08569143806318
2786,76.4031577202611
2787,81.03636717927941
2788,77.22002874115077
2789,77.51242223441665
2790,73.18493209205394
2791,67.15367152111367
2792,74.12586366544775
2793,73.24964861752039
2794,72.00202884154339
2795,69.04883008783855
2796,73.24820605867916
2797,74.00014178819907
2798,74.13796732053805
2799,70.65642946601002
2800,73.03620908517661
2801,73.15435096354355
2802,72.20956500914389
2803,76.24564233737294
2804,74.58743271135427
2805,78.11454003981675
2806,74.41396887257918
2807,72.26165492222799
2808,76.90876002567086
2809,79.33038778968245
2810,75.91150232658543
2811,77.91962818129923
2812,73.63702823856363
2813,71.26196794316519
2814,71.35388128438382
2815,75.36643172057956
2816,75.90372492983374
2817,77.67034107721486
2818,74.97881773480196
2819,78.91132756349987
2820,67.41972717575015
2821,70.60085302417434
2822,71.4136033909648
2823,72.30162912822715
2824,77.03225578460803
2825,73.00425091477848
2826,76.48026878126723
2827,76.40126575514387
2828,75.73189124186013
2829,72.15313459527277
2830,74.77863708467322
2831,77.88114466812965
2832,78.14613411671553
2833,76.64519760461212
2834,76.11028063904058
2835,75.57586292401498
2836,75.92301533511602
2837,81.27768062905699
2838,79.8778160757908
2839,80.34251362795754
2840,75.57580520995612
2841,76.94163076620794
2842,70.08795959294116
2843,73.1850230436358
2844,66.53424021716069
2845,68.92405305266709
2846,68.91354280957978
2847,69.06985972709163
2848,72.67560800181172
2849,70.36886885757315
2850,69.18229863922727
2851,67.88036735125507
2852,67.9980796035718
2853,68.50118557344774
2854,68.62805170804785
2855,69.4584090716528
2856,74.43400455826492
2857,73.0374820366203
2858,71.48420058471044
2859,66.71164508947561
2860,70.91400589019759
2861,71.26347631646433
2862,72.0106349859542
2863,77.5970453211014
2864,74.87255506039224
2865,76.16808919828088
2866,76.98082364583865
2867,77.71727715896651
2868,79.02873402865004
2869,76.50791240854636
2870,72.87605932352938
2871,72.66697287943975
2872,70.72120401757928
2873,73.10716614115915
2874,74.32112804425242
2875,77.96174839743338
2876,81.69119720770385
2877,79.04981460668864
2878,79.4367532878195
2879,74.57522642310892
2880,72.29773664415677
2881,72.3383476442608
2882,74.03167333676208
2883,77.0998152363033
2884,72.61728450464597
2885,67.689430048556
2886,65.97096254952544
2887,72.90776601603022
2888,75.53377509692359
2889,74.45957230367759
2890,73.46292466613806
2891,76.93223062648667
2892,76.77732502117544
2893,77.1790528238028
2894,73.13271974687183
2895,69.86253496799753
2896,75.49491247312648
2897,67.60286187597205
2898,67.51963723790448
2899,71.97475291363259
2900,70.13847378416551
2901,73.60897191695148
2902,73.1078265705977
2903,71.84991620702709
2904,74.1630462460804
2905,76.85548418825982
2906,78.9567765796807
2907,76.76998524498072
2908,79.77508007030775
2909,74.88348677321517
2910,76.41060293410209
2911,74.43820180527268
2912,72.82171653991566
2913,71.87952306716892
2914,73.3320481347456
2915,71.57558301335439
2916,71.7096256845764
2917,66.05638864622296
2918,64.1520422575777
2919,66.5708958041098
2920,69.58175491701962
2921,65.33367287149701
2922,68.46789945994533
2923,65.7015683789337
2924,69.54704644910879
2925,72.85527886718728
2926,73.87315301425429
2927,76.47720876187304
2928,72.31908806758071
2929,66.48820853088256
2930,70.90608445256964
2931,76.9733066962063
2932,71.66596459801758
2933,76.67408395932767
2934,74.72069739302526
2935,75.31728975012948
2936,74.94773290893517
2937,78.41171695927318
2938,79.18465005601138
2939,78.47847825770702
2940,74.78452985978794
2941,78.85227774656704
2942,78.416403458135
2943,79.6773489403115
2944,78.67984222088069
2945,79.53166780804452
2946,79.64751033191283
2947,80.12986866611521
2948,80.13344635956997
2949,79.47691950940595
2950,79.23829044628275
2951,74.5057962643678
2952,79.07327419603695
2953,80.37806036457812
2954,76.38807004221405
2955,75.49405620911784
2956,75.00423014122754
2957,79.98246915798018
2958,80.28980836504752
2959,78.75516315189134
2960,77.93417234477118
2961,77.37316258060338
2962,75.83049866279953
2963,80.09579891872971
2964,76.94331727003339
2965,77.67693417937102
2966,74.46116206055098
2967,72.91506244902115
2968,78.6926459141385
2969,79.13402787720906
2970,76.45914385807106
2971,76.76023277877795
2972,75.15375386830942
2973,77.30343600608717
2974,76.96052894513048
2975,77.32647405060004
2976,81.08083394992508
2977,77.4221864352856
2978,73.4493015412059
2979,78.22546518770832
2980,80.92638519788744
2981,74.90559759147624
2982,78.50999677462914
2983,77.10800644416508
2984,76.05151718209623
2985,74.38296673787659
2986,74.1840102769774
2987,75.98026528442085
2988,74.95279135036799
2989,76.97081638648979
2990,78.076636721152
2991,79.0650314944217
2992,82.03709284369734
2993,80.77236180245603
2994,77.81954675671977
2995,76.42506865635801
2996,80.34637966286721
2997,79.00304411415516
2998,80.51529621568733
2999,78.76265935714315
3000,77.98993312579375
3001,79.11512747677858
3002,78.17692469271822
3003,78.33690632451334
3004,79.29482280246714
3005,80.0084999505093
3006,79.46970200116169
3007,77.5834579757302
3008,80.2368370963726
3009,81.72304094315177
3010,76.38202444569629
3011,79.07663182104193
3012,77.79074293805286
3013,78.20599249328427
3014,76.91142146977887
3015,76.75699079845833
3016,78.36614328679411
3017,75.73584842645033
3018,73.86062294271028
3019,73.90993936484546
3020,74.02042665053426
3021,78.29606877671904
3022,76.3312132423448
3023,74.28345085589086
3024,74.16410446179594
3025,77.60277293257366
3026,78.29270420888196
3027,77.1784528362453
3028,73.49058678971289
3029,73.31696055849898
3030,77.20744795607641
3031,77.34202377959696
3032,77.47060620836112
3033,75.97807336629523
3034,76.95370476270392
3035,78.90921649395744
3036,77.8053778791525
3037,73.9109595816642
3038,74.35837945591413
3039,74.2343483787148
3040,75.52912886500155
3041,75.53327164250851
3042,80.19477546164768
3043,78.66970319779898
3044,76.5048014972977
3045,75.34826583912786
3046,75.16403482227707
3047,77.35523205464017
3048,73.47236359920379
3049,75.00141822200703
3050,78.0574858548751
3051,74.60763230013447
3052,78.89451301475447
3053,78.42420781600839
3054,75.7436619869078
3055,77.37355031512226
3056,78.15059027673578
3057,77.25151455981626
3058,77.95083904749572
3059,79.73561914302678
3060,78.53958847891892
3061,81.14557438647239
3062,78.3308799395495
3063,76.46216929046426
3064,73.59647599786393
3065,77.07052676627984
3066,79.5771640653441
3067,77.64496068545941
3068,79.83003097652107
3069,80.19194620038354
3070,76.55288100594572
3071,80.89296638109863
3072,79.0233430833768
3073,76.47069233348793
3074,80.2619311610622
3075,80.60264173136756
3076,80.206522288744
3077,74.92356158247787
3078,81.23263540649026
3079,81.61669558862064
3080,78.60014726459019
3081,78.91468753083262
3082,79.44488757588977
3083,80.27318266069369
3084,81.29208798372201
3085,79.87820059769962
3086,81.24095435474192
3087,79.54804639350834
3088,79.7815144830991
3089,79.78469467568988
3090,77.44425645839607
3091,67.17322941069699
3092,73.6161926703669
3093,75.37418835742147
3094,74.29807311488543
3095,73.01458925870992
3096,73.42924537544229
3097,76.06971098332002
3098,78.78426571369681
3099,78.83976604554283
3100,79.61992615301563
3101,77.06861589997243
3102,80.45992625041441
3103,79.70031773812605
3104,79.68273865945912
3105,81.97691229192327
3106,80.39211032509485
3107,80.86070542511266
3108,81.28000904451835
3109,80.36560841810217
3110,84.3555577852407
3111,81.18769265249068
3112,71.52246323589384
3113,81.99746110504816
3114,79.32721806590905
3115,82.1336371572882
3116,80.75288672579552
3117,80.33686955303239
3118,79.14134918064354
3119,77.1254561750506
3120,79.3079860878616
3121,78.89762251653076
3122,80.80570160963907
3123,77.44235800255547
3124,77.68796828706809
3125,73.77730249752983
3126,79.52315905036681
3127,80.19520976721367
3128,79.9620032469225
3129,78.42295337780013
3130,81.55089408945969
3131,78.07749084325195
3132,78.59944428903896
3133,77.29093084461675
3134,78.8063920148544
3135,81.63677442420072
3136,78.81598681971894
3137,79.00502674137778
3138,79.51496517695568
3139,77.01732102728926
3140,79.05650628310394
3141,78.34101481896334
3142,80.00515740213694
3143,78.65979033847987
3144,79.70100171148124
3145,81.42029338960884
3146,81.1152177508456
3147,77.81377520080025
3148,80.56220696399043
3149,75.80350381304737
3150,72.08653545695336
3151,79.10083210467951
3152,82.89212809492977
3153,77.63235477465474
3154,80.22268514433381
3155,80.44115916286262
3156,80.32374506741291
3157,80.8030858885985
3158,81.8065181718253
3159,78.51843701731588
3160,77.60777959569975
3161,80.26779275908672
3162,77.23292504994112
3163,77.181307676178
3164,79.31395962119257
3165,78.26127744646419
3166,81.24022022525361
3167,79.35769180671787
3168,72.75927029395996
3169,80.04340323924418
3170,78.3644320176503
3171,78.51342404242212
3172,78.65021845220639
3173,75.38052627526594
3174,79.28719492214049
3175,77.43997202049258
3176,72.23704114839234
3177,74.99913457087024
3178,74.13758545452964
3179,75.77988517095662
3180,76.5959151912279
3181,76.02244362264838
3182,76.13524992744067
3183,75.23687411387789
3184,66.19791828854818
3185,68.92832346676084
3186,72.40513622563537
3187,71.18970878726668
3188,72.32515731001075
3189,68.72343470797006
3190,72.26635949483438
3191,77.74573495118102
3192,75.52170313984834
3193,73.30877423626765
3194,74.15072814551769
3195,71.66510138025791
3196,76.20997100235627
3197,78.09233417299504
3198,77.82941253665405
3199,76.40509870594775
3200,77.39957184896815
3201,79.10568437985756
3202,77.54859596778243
3203,77.89100801663216
3204,79.48375452976546
3205,78.8074218666606
3206,77.47509965971341
3207,77.38132646485906
3208,78.18750464125662
3209,77.42938760355491
3210,69.28893949945308
3211,75.51679246499447
3212,74.03557732492902
3213,76.24064588581206
3214,78.60133013819564
3215,79.25408998769223
3216,75.20095043962397
3217,77.0825371468598
3218,74.69773661117648
3219,79.97737949964312
3220,77.63755295436442
3221,71.91392685692898
3222,75.89447264489883
3223,76.32243551407095
3224,79.15174934693715
3225,77.52092333842529
3226,74.94097552067075
3227,77.47334301616524
3228,76.24819715807047
3229,77.59922726167036
3230,77.25358938310649
3231,77.61724514239421
3232,75.51170289051657
3233,75.8095792919496
3234,75.36903286597317
3235,80.18919428123024
3236,78.59651925628634
3237,78.76304401521747
3238,78.23770164638307
3239,82.03301156569455
3240,79.75444758124621
3241,79.62899228096603
3242,79.6057498958723
3243,79.31537208237978
3244,79.32630854371666
3245,77.59392429812846
3246,80.47678649692904
3247,79.32955614477129
3248,77.90298600201908
3249,81.32852536389856
3250,79.01795357512754
3251,79.47089923121484
3252,79.16572146930281
3253,80.46756836957974
3254,77.83043324099475
3255,80.7493881785204
3256,75.89691408452302
3257,76.86581987794085
3258,77.70305243699852
3259,74.89056951077652
3260,70.07795648740114
3261,64.34504212691854
3262,74.15059153335909
3263,74.50807706650727
3264,77.85727885423364
3265,78.16958149167698
3266,76.59472156343583
3267,77.12485556728086
3268,79.71892893829511
3269,77.3838358806529
3270,74.06017509889489
3271,75.41062568347303
3272,76.81825801571074
3273,77.6167096747426
3274,79.15698587612746
3275,76.84597209500612
3276,75.50207472220865
3277,75.33740367882609
3278,79.74281898766287
3279,75.77670904279535
3280,74.8810359719389
3281,67.9033352583682
3282,68.53429352889549
3283,67.29404681584253
3284,74.09697069299591
3285,77.47056936911957
3286,71.24626082432496
3287,71.50195111963751
3288,75.26742122316239
3289,74.77695067526781
3290,74.70970929725678
3291,78.10597966708445
3292,76.95146980929815
3293,78.7903207411344
3294,79.5888607195995
3295,73.76016850028293
3296,76.25312565380136
3297,75.58088655246581
3298,77.86942639199975
3299,77.33058724246558
3300,79.38727702856465
3301,78.6007877513133
3302,71.79298032299613
3303,73.08481845004997
3304,75.13327261787464
3305,74.95781039619789
3306,74.8633942484588
3307,69.79235334018006
3308,69.3551677594179
3309,70.91775970115742
3310,76.35786837817346
3311,77.70642040843939
3312,76.04625368547727
3313,75.6814927551132
3314,70.7489640713701
3315,76.57675340104743
3316,76.08613443021233
3317,75.2321214711082
3318,78.0574733401553
3319,77.17695203413484
3320,74.81421258391674
3321,75.9151677342993
3322,81.28346681277515
3323,81.32056704199084
3324,77.81543615220818
3325,79.31041728435792
3326,79.7107590795934
3327,75.05612111298683
3328,79.02129054502785
3329,77.66986397948028
3330,78.79791037682867
3331,77.03064555167055
3332,75.92534659697657
3333,78.70488346908297
3334,78.1657617214666
3335,76.5385786783757
3336,78.47934766046569
3337,78.00929476488324
3338,76.43766138214329
3339,75.04171746227252
3340,76.60688040190325
3341,78.79998483447434
3342,79.67332188953884
3343,80.83684213473668
3344,76.22555621865337
3345,77.93708914415657
3346,74.80131964967808
3347,77.74919868096629
3348,75.839433830791
3349,76.7318763961776
3350,77.098737756655
3351,76.52447466401821
3352,76.79848693887664
3353,76.80425529901373
3354,77.83804107541141
3355,76.39594546607253
3356,80.11395395506321
3357,76.7689497450366
3358,77.34156559159868
3359,77.56416112739771
3360,75.13472851543196
3361,78.65921995148528
3362,76.50454364745605
3363,79.73920902165594
3364,77.48114953055284
3365,76.6625476973528
3366,76.84649087090531
3367,77.08075922547152
3368,81.13422411583912
3369,79.1789583411578
3370,77.38751720878605
3371,77.07778805974323
3372,75.74447529449753
3373,80.82046840808374
3374,75.49013645795088
3375,72.66495025273025
3376,78.5113748920769
3377,76.519721123061
3378,74.45607866617195
3379,74.94991457125172
3380,77.34625861713528
3381,74.67736363391276
3382,76.0308593730141
3383,69.67908469284419
3384,70.09050734799155
3385,74.96623677902755
3386,75.87279052840114
3387,73.00472842860637
3388,75.6774658559246
3389,74.7490309837977
3390,73.94760485439429
3391,75.83917126642706
3392,76.6642862757252
3393,74.97379389909526
3394,74.49340659116928
3395,71.61134683068593
3396,75.0775382635432
3397,73.40417750183661
3398,69.88423392655284
3399,71.5998772807942
3400,76.96513733576637
3401,77.3180910015185
3402,76.11565783291866
3403,73.39094980735388
3404,75.23707477385568
3405,75.86029885237656
3406,77.31076777950466
3407,75.70492736174197
3408,74.6140419940221
3409,77.97936653479138
3410,78.2418337461109
3411,73.77652814590834
3412,77.65870119053426
3413,79.37734244874753
3414,76.49627812915998
3415,78.70894918798012
3416,74.45810834034961
3417,71.9041133432317
3418,71.48398017776157
3419,77.20015392723508
3420,77.29050293573016
3421,78.97579601574688
3422,76.88040771630506
3423,77.23519020240053
3424,76.72549155127297
3425,79.82664343069735
3426,78.50118330974652
3427,74.09842772981835
3428,77.04404919461876
3429,75.89027728036746
3430,77.72429273444737
3431,77.25349270550464
3432,80.59095839926812
3433,75.86793162516511
3434,75.15906986799564
3435,74.61162710607687
3436,78.34668412404034
3437,74.89056951077629
3438,73.67982638532618
3439,78.4724259524586
3440,73.1658734898549
3441,77.61559165981731
3442,81.33344130277061
3443,79.92355839586713
3444,79.19330528775714
3445,76.89027186337097
3446,71.9397172069971
3447,74.35274938256896
3448,82.89051264911825
3449,77.09339002414742
3450,77.38456749535601
3451,76.02116497063355
3452,80.06389062334364
3453,81.2012596990445
3454,79.18934569413966
3455,77.03159286117744
3456,77.10812986135085
3457,76.08107056820438
3458,77.56867180880056
3459,76.6446368987344
3460,74.84465791375976
3461,79.70047791062098
3462,76.47460135468776
3463,76.86786372877145
3464,76.87644689239715
3465,78.88624218468016
3466,78.78908139612855
3467,78.5376286147058
3468,76.58443621079431
3469,76.340408548678
3470,77.25456777261809
3471,79.15874443854779
3472,79.3618422155534
3473,78.5666930407188
3474,78.03080935852898
3475,77.14065312050838
3476,77.17852047977891
3477,80.16430452786346
3478,80.02011728937833
3479,80.10646915980215
3480,82.33277945867394
3481,76.69453696716056
3482,77.50156551894872
3483,77.6970618038871
3484,74.70969708150295
3485,79.76594493801582
3486,76.51438157798452
3487,71.19110324844615
3488,75.74810526711184
3489,79.22937739706117
3490,77.73199105498071
3491,76.0769598700337
3492,77.89895293967282
3493,76.02998907971221
3494,77.21613344530931
3495,77.65062905519403
3496,76.63887985584716
3497,71.19335540701479
3498,76.67981052586788
3499,78.79060289108071
3500,77.82776541509025
3501,78.05748585487532
3502,75.12987714166792
3503,76.9899822839534
3504,77.05986205596514
3505,80.6056469444527
3506,76.09055350556537
3507,80.22002562834297
3508,77.25815556593153
3509,76.08994471422176
3510,75.12550858139929
3511,79.20106762675039
3512,77.17606798131709
3513,77.82413394361208
3514,77.48264692105857
3515,74.69483729040775
3516,74.71348166856086
3517,75.03933526461628
3518,78.35526098325113
3519,71.34429639317295
3520,71.81314076773083
3521,79.85056814683287
3522,78.25147367385483
3523,79.61099274143282
3524,80.3874098628886
3525,79.66946869778502
3526,76.25792773268796
3527,78.81291374192284
3528,78.479568406753
3529,78.75198097909089
3530,74.08877365175846
3531,75.04226787681512
3532,74.4686564799805
3533,78.70654044839972
3534,77.29098386907475
3535,78.35569560077283
3536,77.87008789441364
3537,76.2898767177187
3538,77.48411493088389
3539,77.78211335218833
3540,75.8272078301548
3541,68.92393916444558
3542,73.4246863248934
3543,76.73179712601672
3544,76.25815686599896
3545,76.25658680950875
3546,75.02265100660156
3547,79.29171863545531
3548,77.5513337095233
3549,76.96831372754991
3550,77.13361528839187
3551,74.91187956104977
3552,76.78893109925207
3553,74.41954652572798
3554,71.66214006063836
3555,71.79446494138443
3556,78.57124202403787
3557,75.79995718259823
3558,74.37215781672904
3559,77.42030788437216
3560,79.57285688609585
3561,77.81061993117112
3562,76.6057529926797
3563,76.54114618561607
3564,75.80982792537475
3565,73.99841922524945
3566,76.89812838022101
3567,76.30673610172727
3568,76.9821163377519
3569,78.80793624285258
3570,77.74865132874879
3571,79.62910528456274
3572,77.25564206934291
3573,78.95639550541296
3574,79.2668381120501
3575,81.5130580549137
3576,76.90504003948746
3577,74.1228758323013
3578,74.36753606074075
3579,74.75744923528282
3580,72.42614913461796
3581,71.52893246748783
3582,77.01391927533837
3583,73.48725711535508
3584,70.34888027393902
3585,72.45410528095675
3586,75.20301298842617
3587,74.85538132126464
3588,78.83064083044263
3589,76.97645984308969
3590,78.77928321748993
3591,77.54831818418654
3592,75.09487948356588
3593,79.27221958555765
3594,76.28387240550103
3595,76.08707164044893
3596,75.48878095224148
3597,75.0243242722093
3598,75.04615000874662
3599,78.61529649664243
3600,76.62857937933256
3601,77.90824007037992
3602,72.48542886953368
3603,71.55883590923821
3604,73.81044431148365
3605,66.45087597460792
3606,72.8612395936484
3607,80.63007751031199
3608,80.15875391230412
3609,78.54234981916801
3610,78.78642556912246
3611,78.5041832836987
3612,77.90673816859277
3613,82.03768545972383
3614,79.99424623982128
3615,79.63181319084907
3616,79.01421143911921
3617,81.0423788361191
3618,80.37884072989692
3619,81.03765263572893
3620,80.49060394635165
3621,80.86647516083525
3622,82.15697206819362
3623,77.2490194714585
3624,80.66270237999407
3625,76.47397589053321
3626,75.8378429111072
3627,77.68905793046616
3628,82.73133020141228
3629,78.35172665931253
3630,79.17787279358328
3631,80.35637002303889
3632,80.44861548336473
3633,80.3513433697434
3634,78.91403973482215
3635,79.26894877286793
3636,79.76034319954653
3637,79.21753483966296
3638,78.86975570667653
3639,80.15049843676206
3640,79.32514011235884
3641,76.55715516679044
3642,78.32475711799185
3643,78.17420547893528
3644,78.01937056239575
3645,71.0932679164635
3646,71.67436036215838
3647,76.81909042975411
3648,68.7551565753605
3649,84.99563179275282
3650,80.48346783177044
3651,84.78456582316431
3652,84.70031532706139
3653,81.90458833567851
3654,80.38796415424883
3655,81.41913564635252
3656,79.23885170605422
3657,79.30063750378031
3658,80.93897998731893
3659,81.16244933033295
3660,80.30679872827159
3661,82.38198088973695
3662,81.86092234698248
3663,80.65106509693516
3664,81.89329541444636
3665,83.08036456911287
3666,79.53037389917995
3667,73.7221921768662
3668,73.97807070012482
3669,67.84633381818935
3670,68.75090217291677
3671,70.54184248462303
3672,80.66713640469504
3673,81.3316124296262
3674,83.18543538612533
3675,81.77676558944631
3676,77.25899667920572
3677,73.67144394033721
3678,73.54304006337549
3679,67.86726027508428
3680,73.30010631953826
3681,68.85729601417125
3682,66.69576193971938
3683,69.54457141426394
3684,67.98479918181351
3685,69.2962469177412
3686,72.98044982353093
3687,71.68924846232608
3688,72.14543170349367
3689,73.69411379773084
3690,72.54396073340888
3691,66.89564848577288
3692,71.11006024661265
3693,72.3395062846244
3694,72.85407435949475
3695,72.67362290052495
3696,75.95884131482546
3697,78.40601633338156
3698,77.59606513002097
3699,75.95256217109562
3700,76.77401277757679
3701,77.28982204848688
3702,80.58153552240395
3703,77.57238189977619
3704,78.63622633337349
3705,79.14804763422211
3706,75.82378426483626
3707,78.72615485345699
3708,79.36859105114041
3709,75.79802699596047
3710,76.73076354322728
3711,80.13329665090475
3712,78.39407391558103
3713,73.2734999598116
3714,70.00755128038003
3715,77.62268801882209
3716,77.73454647037568
3717,82.04281222049008
3718,74.59583524441854
3719,79.02583682765703
3720,79.59248764362559
3721,80.77554200835431
3722,80.26197478610919
3723,80.16192671856732
3724,80.07329211202017
3725,79.62285271577684
3726,76.4367825802371
3727,78.9678172347563
3728,80.8128719495403
3729,80.80988354557309
3730,79.71341385246853
3731,76.00609805632308
3732,76.98609468387559
3733,77.26857440441051
3734,79.19056468059642
3735,80.37162973476364
3736,79.58385892687596
3737,78.44290162536282
3738,80.13826040098462
3739,76.46216929046403
3740,74.41003683118191
3741,71.99424615279975
3742,72.54164662178141
3743,75.03902738964115
3744,74.3066726656769
3745,76.35190574625608
3746,75.77025492262669
3747,75.2563599041448
3748,76.43058302564083
3749,73.62128626118323
3750,78.44827450561792
3751,77.52592539467815
3752,78.93752320993775
3753,75.14674544331126
3754,76.04721799734261
3755,76.88301309642515
3756,77.30244411965413
3757,77.32319455337677
3758,74.85729024546515
3759,79.05768352370359
3760,71.80027215486416
3761,71.79058148330859
3762,74.92630904208573
3763,77.11712766723173
3764,72.60984915991423
3765,65.97330820896656
3766,67.06563068328552
3767,75.5967661096144
3768,77.61316791260896
3769,79.16688657040123
3770,76.90609040883345
3771,76.60741730337014
3772,74.17014472857568
3773,75.5366261198522
3774,70.11008340676932
3775,71.3153467154815
3776,75.11908247858605
3777,77.55579064007799
3778,76.19330498593104
3779,76.46098450260956
3780,78.51155629635014
3781,77.10853652190445
3782,79.40781689377803
3783,80.88082048275646
3784,80.32317710656264
3785,78.39441936419234
3786,80.40898993823538
3787,77.33897897222397
3788,78.79322111853486
3789,76.85546385852439
3790,79.18134067624811
3791,73.98392393985353
3792,77.9393134518973
3793,77.1098020273667
3794,75.4956158299346
3795,76.88781626964777
3796,78.84469097357277
3797,77.85292444059684
3798,79.01801457657712
3799,80.82220779552028
3800,76.89181746309589
3801,78.66816069985731
3802,79.61797126481719
3803,80.55720119083907
3804,79.13717960876238
3805,80.33193844430855
3806,80.28128130231403
3807,77.65839932117672
3808,77.1754525169111
3809,77.38420315975048
3810,80.60426463485123
3811,79.50942605060845
3812,79.54200629508023
3813,77.82736011596853
3814,77.01377643612784
3815,76.96231631766972
3816,77.78068779359052
3817,76.81570048435754
3818,78.94736098865883
3819,79.9233749955423
3820,78.29179919904715
3821,77.10156821648792
3822,80.19995191890229
3823,77.85801575693398
3824,76.14616386506697
3825,80.01344047546536
3826,74.59474442287188
3827,71.88523326550501
3828,77.67633014184503
3829,76.99548946273671
3830,69.54352830687503
3831,76.66444795239204
3832,81.065119448941
3833,80.11734321137692
3834,77.49665697425888
3835,78.36017171398618
3836,80.06595708190576
3837,77.12410887063976
3838,79.00591840761018
3839,78.24319267758335
3840,77.52028119442946
3841,74.87061846471914
3842,76.127667358667
3843,78.40628914921177
3844,73.94634132020934
3845,74.87883059897479
3846,78.13280274369816
3847,74.22716324369412
3848,74.76589157820848
3849,76.77688232958275
3850,77.1451041545584
3851,77.12609723865205
3852,75.96809926122813
3853,75.19687146188102
3854,74.64497862435343
3855,68.4387323874808
3856,67.23114896158597
3857,70.25327683652921
3858,76.05682224985497
3859,75.92633053933355
3860,77.76342754850293
3861,76.45795972100956
3862,77.80231183772224
3863,77.18602203158764
3864,79.95463322702733
3865,78.26475678528061
3866,76.5508284299953
3867,80.48301368365611
3868,77.91307153554197
3869,78.28076826145804
3870,79.6152555411328
3871,74.60065915475963
3872,77.60749723677685
3873,76.54544182517867
3874,73.42280751932742
3875,76.83045548221816
3876,75.15524691201045
3877,74.23439093888311
3878,78.54952759111052
3879,77.6659846858704
3880,79.46340518597844
3881,77.6891474717865
3882,73.85983260270103
3883,77.28253693970436
3884,79.30132595112377
3885,79.93590515867334
3886,78.90951770158404
3887,76.15631627815827
3888,77.1101288031146
3889,74.34749303139375
3890,78.74279608025978
3891,77.15032542903623
3892,77.07561501924272
3893,79.37966355874755
3894,77.06607503807965
3895,77.5267350851654
3896,75.53603567737974
3897,76.75233761365206
3898,75.51908288314979
3899,75.84222140472036
3900,79.47123166893687
3901,74.74137550859717
3902,74.52981151363872
3903,73.14494748682642
3904,76.97622748457144
3905,78.0122872526673
3906,78.03156805640282
3907,76.59342593998815
3908,76.29199082619135
3909,78.2858044571646
3910,73.6678565633378
3911,72.23708391549178
3912,75.54851901295143
3913,76.2241018495672
3914,76.68172870204882
3915,78.93787734000477
3916,75.51263051034255
3917,75.12159393437315
3918,76.81916622261667
3919,74.40784930923314
3920,77.54048299523299
3921,77.26427228133076
3922,78.15557609020345
3923,78.6522320732742
3924,77.50064162616081
3925,72.60841380877736
3926,76.43826800521703
3927,76.34465469461475
3928,70.39950525138687
3929,73.55654783513944
3930,76.83247507905293
3931,78.72557050964065
3932,78.29473050864789
3933,78.396455339986
3934,77.81583957656255
3935,75.34440290528352
3936,77.30327674828607
3937,77.97385535240488
3938,75.06828885448033
3939,71.2322204555253
3940,80.34632922484741
3941,77.61933824192903
3942,76.15381362348865
3943,79.69654615432438
3944,80.55037602037078
3945,78.0524973428382
3946,78.14031509167569
3947,78.52806110624738
3948,77.74086031648432
3949,78.57869032503578
3950,76.88749321429452
3951,79.13956604341854
3952,79.72826550782821
3953,78.21308607144573
3954,79.9611216878962
3955,80.69412915454808
3956,79.99161503601493
3957,78.46912542150022
3958,80.25079182289988
3959,77.37068438269205
3960,75.6242233073861
3961,70.8423637822375
3962,77.12968597198278
3963,77.6567332752856
3964,75.04802836400484
3965,76.86434398627875
3966,80.29525856383339
3967,77.98955137030583
3968,78.0446797716694
3969,78.29852075205957
3970,76.36526837706128
3971,77.54618057766515
3972,77.88511341177536
3973,78.18657380220503
3974,73.09819918243733
3975,73.65816381590969
3976,75.865356985017
3977,74.89263549547258
3978,78.69068810291196
3979,77.48148495342411
3980,75.36412468354405
3981,78.67279747168726
3982,77.9865109488685
3983,78.48004709072256
3984,77.9377655991712
3985,79.27903525311888
3986,77.43158286621832
3987,78.77123487570515
3988,78.11152651666191
3989,76.98587858932154
3990,78.19866492329777
3991,78.06388625442764
3992,76.05992996941603
3993,73.00714721969882
3994,79.70779179001391
3995,79.83659947614308
3996,77.74856745480042
3997,77.51734449969626
3998,79.535755061575
3999,74.19868965619361
4000,78.58250729037906
4001,75.3469180301392
4002,71.64622337546848
4003,70.99046832969378
4004,69.51312477272012
4005,76.04490096861531
4006,77.19535645862021
4007,75.39767175243497
4008,75.89646154595738
4009,74.52506892282906
4010,70.6387930841363
4011,78.01115351189134
4012,78.07921618851549
4013,78.13774527741191
4014,75.82649412122629
4015,71.83411163337655
4016,78.45353931942492
4017,75.11690926916015
4018,71.80229307540901
4019,73.40925635105901
4020,78.45975746528444
4021,78.62521725894976
4022,76.79582320373493
4023,77.90745749112654
4024,80.03101760302548
4025,78.9941656635167
4026,75.92267916271629
4027,77.69284126137052
4028,78.37763130466271
4029,74.26046297885824
4030,76.34380662771451
4031,76.03078350042472
4032,77.77958258826175
4033,77.87814778778585
4034,77.33795165627203
4035,77.53999178832294
4036,79.04595741333765
4037,74.60917102948724
4038,77.22850866660951
4039,78.94722173799119
4040,75.16554906621354
4041,78.8721584735282
4042,81.01219871074363
4043,77.62799470750753
4044,81.39231917467532
4045,80.76936978931474
4046,79.88461226622798
4047,73.56049448402501
4048,79.78845038471479
4049,80.95435236341359
4050,79.32581287995447
4051,77.73814476569964
4052,78.27011138749435
4053,80.94709192656813
4054,80.08886054885215
4055,79.77159647604793
4056,81.47519628807976
4057,78.75271329705151
4058,80.07327237197637
4059,81.28057226250155
4060,81.21787738612181
4061,77.68048086394822
4062,77.84787980455019
4063,78.77035651289026
4064,77.43649782107332
4065,77.17799476260461
4066,74.41473270729512
4067,72.22382770170907
4068,72.0397052595963
4069,78.95883110462887
4070,75.75316561278288
4071,77.41081669453501
4072,78.42519242780196
4073,79.71142733111645
4074,78.54404031007289
4075,76.97058319721202
4076,78.06570105438516
4077,77.94241912735242
4078,76.69380189164605
4079,75.65175129764503
4080,76.37123753073394
4081,77.11475663027886
4082,74.89498608242792
4083,79.58899780560012
4084,73.54170437618569
4085,73.87306467242797
4086,75.34376255362452
4087,81.28000904451852
4088,76.45838584929862
4089,79.05258409804912
4090,79.32323218249547
4091,74.88411438294202
4092,77.07197654546701
4093,78.48265700402357
4094,80.79088590248335
4095,78.08446273353798
4096,79.88777494949039
4097,79.06557500745441
4098,78.95970967456788
4099,80.15897188383269
4100,74.80632874439988
4101,74.60973322239437
4102,76.4019250883913
4103,75.53534675462566
4104,68.47496709436467
4105,72.3551447416749
4106,72.5810712953658
4107,74.41292705667416
4108,73.33549364949783
4109,77.08571861513008
4110,76.26746760627589
4111,77.03535503131502
4112,79.38732725775179
4113,78.7162297851882
4114,78.14192206685146
4115,78.47089476383297
4116,78.4912411503841
4117,78.59296888066194
4118,79.95266527136937
4119,76.16823578285869
4120,80.10885142116956
4121,80.01293706541128
4122,80.04633021061221
4123,73.04878534263861
4124,76.062601725158
4125,80.67674139537638
4126,75.65182072129039
4127,75.92098974785881
4128,78.43009962532938
4129,77.27890766154451
4130,80.16711943629088
4131,76.82385342395281
4132,78.71849076639313
4133,76.80225059093522
4134,79.95148277606711
4135,78.89512684030547
4136,79.07646025476657
4137,78.99193424428512
4138,78.4219062577809
4139,77.86440592853592
4140,79.02001036478794
4141,78.25090266110965
4142,79.05229341200709
4143,81.24043231072858
4144,78.74283364628138
4145,80.88228024939667
4146,79.31553860419348
4147,80.4063408281574
4148,78.85475645778126
4149,81.23293492502683
4150,77.4252424983211
4151,77.63426555271411
4152,79.59588159600185
4153,79.4610585472218
4154,73.27466576065922
4155,78.57312206726681
4156,81.43205225532301
4157,77.73047078212778
4158,77.65149167877934
4159,79.18703054116583
4160,77.14428209057371
4161,83.2805899948147
4162,77.98969560968209
4163,75.55031769662384
4164,77.580137846512
4165,75.62087479818564
4166,77.6977835507384
4167,77.04170445071543
4168,77.5095390989593
4169,77.04778340105463
4170,80.77157905117139
4171,77.82266163428233
4172,80.47296010510871
4173,78.5375899763689
4174,77.56685811289117
4175,79.6604615567415
4176,75.03849535120042
4177,77.49882046340753
4178,79.30733418130916
4179,80.39481487002115
4180,79.04834273999711
4181,79.4131712825839
4182,74.0698942615096
4183,77.53580809503597
4184,79.73627923579932
4185,80.65622018874876
4186,78.23030786015374
4187,80.74621801622214
4188,76.50926703161252
4189,78.43635109477833
4190,73.21985213100714
4191,70.31154798882613
4192,78.36551727658548
4193,74.52964700956181
4194,77.66321941395535
4195,77.9954027257146
4196,79.36651733271037
4197,75.56878168320452
4198,79.22683168790985
4199,76.36059475366778
4200,79.00811688875802
4201,79.63697672440856
4202,77.67923576463608
4203,76.17530127089475
4204,77.81155718148136
4205,80.74867157027342
4206,78.39598744255181
4207,78.02937361953252
4208,76.6483014131291
4209,70.37294901689796
4210,78.49312452069199
4211,71.7574070722452
4212,76.27911872684905
4213,79.58349069967488
4214,77.66799726182938
4215,78.8930277936816
4216,76.66167230119959
4217,82.13164997596056
4218,75.25163107488271
4219,76.76412578715781
4220,79.40723179188996
4221,78.41303339661908
4222,78.55746080316959
4223,77.03140305325019
4224,77.06999389572763
4225,77.30449535547683
4226,77.44198492680317
4227,79.60069186166714
4228,76.728207663776
4229,76.51706431039213
4230,77.11600122512516
4231,81.07052456329706
4232,78.15839593381241
4233,76.23331679102239
4234,78.26284508821823
4235,77.86141908062007
4236,78.05544493278688
4237,76.4626954333429
4238,76.32834150638905
4239,75.99100689530809
4240,74.89914195649283
4241,74.26132157538137
4242,71.88124191673597
4243,75.68292427759735
4244,77.26965176479735
4245,72.1165011366835
4246,68.11742672919883
4247,75.90498998823699
4248,79.4640083448042
4249,80.96128640231223
4250,77.02213350799514
4251,73.41218643702433
4252,70.9582388596026
4253,74.08501002748955
4254,76.47057598316206
4255,76.9415749593893
4256,73.53332132208624
4257,75.16737791511588
4258,75.98893526295399
4259,76.61875672622335
4260,78.44518144637658
4261,74.69729524161323
4262,75.86600217160367
4263,74.2278755521341
4264,77.33529573201088
4265,74.54377390989578
4266,72.61161436581091
4267,78.29008828661387
4268,78.9869589623317
4269,76.14415705456469
4270,78.0450738632195
4271,78.1259005033935
4272,81.09261455481243
4273,75.30528260463228
4274,76.18732080460916
4275,75.02319688084407
4276,77.40610352545008
4277,81.02764772303766
4278,76.90433828220029
4279,75.73189124186013
4280,73.22644135480635
4281,77.70982230687946
4282,77.45650209593549
4283,79.49139785536096
4284,78.21910011746377
4285,76.87724318878304
4286,77.93205417008835
4287,76.6423295385083
4288,76.99764879688911
4289,73.20391192988257
4290,79.88566342976844
4291,78.35856947048
4292,78.64906553533251
4293,79.4922555141448
4294,79.88845874589555
4295,79.19809872366636
4296,71.71698955027682
4297,76.46185022098803
4298,74.94447484146178
4299,75.31254494501025
4300,74.27905302560924
4301,73.94082861660576
4302,76.69000359254164
4303,81.58773056167877
4304,77.94002006335097
4305,79.81546445722472
4306,76.63949397514733
4307,78.20780083801083
4308,78.56494833801133
4309,76.36706217894334
4310,79.92378413189448
4311,79.28205222614463
4312,78.92404979020267
4313,78.76365783891714
4314,77.77361036018226
4315,76.83200192736706
4316,79.19233684323422
4317,79.99048387157495
4318,74.6920283380444
4319,75.6969189123829
4320,78.68236216641549
4321,78.20580356909909
4322,78.65803340582755
4323,77.27344117040133
4324,77.0906559703119
4325,80.88232512014167
4326,80.022101206868
4327,81.38814503930502
4328,78.2640271845799
4329,79.3643699663591
4330,78.2157974547174
4331,81.17908614795084
4332,77.85511495494904
4333,72.36119619566358
4334,79.12261423621993
4335,80.21428522683084
4336,79.71225172548208
4337,80.22851575517637
4338,77.48570435326536
4339,78.36907406069463
4340,77.89817955929169
4341,77.60273320955099
4342,77.82611000234573
4343,79.57822424938126
4344,77.82599959931207
4345,81.00616410331315
4346,76.42425361486261
4347,78.73080047473474
4348,77.28536189146143
4349,75.84988440162914
4350,75.51177115415845
4351,78.29912720400836
4352,77.414168748321
4353,79.25799917716341
4354,78.70464873431928
4355,76.806475751895
4356,78.82619334809391
4357,79.43492320802545
4358,79.55604958752826
4359,77.26063533741615
4360,75.95221467836575
4361,75.23678364101647
4362,79.64169114658227
4363,77.8529021874578
4364,79.05049595858128
4365,70.76117486120592
4366,70.38531049499414
4367,71.95263919742763
4368,72.70430610898416
4369,67.92282382283383
4370,72.70460636513002
4371,71.44297897183407
4372,73.55061756632392
4373,73.53337461053201
4374,75.57816973391886
4375,72.74247915702716
4376,74.77449853034733
4377,71.95489483112857
4378,76.19538696397069
4379,69.51674250612587
4380,73.9461949746227
4381,73.61649163222143
4382,73.58916971078281
4383,73.04617696197346
4384,76.25360032168248
4385,79.07164113773456
4386,77.90739881502992
4387,78.36997743134776
4388,76.72721727974306
4389,77.70677172369261
4390,75.90083357942461
4391,72.43798865635972
4392,74.75340184923664
4393,74.92803219751642
4394,74.73229648157093
4395,80.00466960213339
4396,77.95335359745087
4397,76.84021570386614
4398,76.92737739327669
4399,76.02697188781434
4400,76.86828074259785
4401,78.67268982855933
4402,78.569166096044
4403,74.44831685198358
4404,71.61801219823758
4405,77.89523575822471
4406,77.43769200512901
4407,77.93262003840903
4408,76.12990905054016
4409,78.05786938043127
4410,75.10763080638037
4411,77.13921147750068
4412,75.69583137625426
4413,79.12722310562066
4414,75.51481624879477
4415,78.73602606970968
4416,77.29338499711218
4417,75.15730294198971
4418,72.14089048151118
4419,73.56804215564694
4420,78.72839718513217
4421,80.20316717800733
4422,80.60962449593757
4423,77.2277421646391
4424,76.41662626764685
4425,72.7547800829231
4426,79.74771877032191
4427,75.26447538658226
4428,78.42918321866398
4429,71.93135757165118
4430,74.50212007770591
4431,74.35341524387275
4432,81.30923339069466
4433,79.16767601688377
4434,77.34206912948736
4435,79.4836000780316
4436,77.37603029539235
4437,74.36223022039701
4438,76.36342655408356
4439,75.7720511334461
4440,76.82424477453634
4441,75.90758781801884
4442,78.81892902956912
4443,79.2315443863896
4444,77.03629587843159
4445,75.97648052053432
4446,77.54976924648543
4447,78.23326280802121
4448,77.61776343941824
4449,72.37684881432995
4450,69.65038810442337
4451,77.31440004411064
4452,77.44362896727955
4453,74.9773041046958
4454,71.38834510960959
4455,73.30939917290465
4456,76.67721146838886
4457,77.36540964835717
4458,78.72315311077364
4459,78.60772805332965
4460,76.90882523992178
4461,77.35875886852881
4462,80.72303087346046
4463,80.13467253334562
4464,79.98242126893973
4465,75.32802656761623
4466,76.2529233467165
4467,75.26089324804644
4468,71.20067260642332
4469,71.61753532122083
4470,75.11566887672018
4471,79.28478925763682
4472,74.92903083348511
4473,77.39874704508867
4474,77.62301658921763
4475,79.81872127951442
4476,79.42018970808397
4477,77.45631940173348
4478,79.8032682002904
4479,77.61961404823052
4480,79.75764731870339
4481,78.99239867808842
4482,75.47415480252448
4483,77.22317217400547
4484,74.33697686322171
4485,79.62839812807016
4486,74.98306762844555
4487,80.82478020880194
4488,78.2959155492818
4489,78.51679917933961
4490,78.00813774827685
4491,76.87661223745266
4492,78.19670730261936
4493,77.29768928889331
4494,78.11256250163024
4495,79.12022929447102
4496,77.96270362099364
4497,78.86893197208923
4498,78.68428886245556
4499,76.9681947799877
4500,76.3668881747272
4501,73.09522894160864
4502,74.32582690012742
4503,73.24344198032009
4504,72.97672678799319
4505,78.46602500485267
4506,76.64947253485389
4507,78.228122713414
4508,77.18390675349178
4509,77.88218052403687
4510,79.52761953649366
4511,79.50506163705023
4512,76.1025020097382
4513,77.72336844189158
4514,77.17255991563707
4515,75.04473998146659
4516,74.96880859942706
4517,78.89942964376553
4518,77.95508251198015
4519,76.10254049209613
4520,75.12337599516991
4521,77.24012192924124
4522,77.95607357982084
4523,72.544509822478
4524,77.33317372997175
4525,78.91358950822428
4526,79.32581287995487
4527,78.85088307506362
4528,81.97449620357105
4529,78.89079362399804
4530,77.3812580792765
4531,78.81036341812865
4532,76.77544219314257
4533,79.19715812076998
4534,77.86033640068013
4535,75.52878408366144
4536,78.4006826823337
4537,77.44508660509581
4538,80.79090158456461
4539,78.68260209033406
4540,79.33384289222249
4541,79.2792688378949
4542,80.77882858676645
4543,79.29062522511839
4544,77.5552565452104
4545,78.84194933568142
4546,79.81183691685351
4547,78.34968862046503
4548,77.93011678891929
4549,77.93077858049247
4550,78.2833520765679
4551,77.48995364918272
4552,75.66923009679306
4553,80.50657642480866
4554,79.35436168928379
4555,80.70046741002585
4556,74.2649559351782
4557,80.5741001604951
4558,78.0662434891409
4559,79.25712385816257
4560,78.28800929961756
4561,77.09339002414754
4562,79.06328514143922
4563,78.03781672102457
4564,78.97860659794293
4565,79.50813507391484
4566,77.16481680432054
4567,77.61976756356978
4568,79.90304020620937
4569,78.59179134792839
4570,72.41121839624026
4571,78.22717066064337
4572,74.72496981142461
4573,76.78078844460907
4574,72.915109075065
4575,71.81812970157972
4576,81.91665349954553
4577,77.07148788731348
4578,79.18479449530696
4579,77.54549615556812
4580,78.71262806761126
4581,70.61548612726733
4582,69.94586971775021
4583,75.26860778397366
4584,78.7495356504125
4585,77.47200901919012
4586,78.58313684270956
4587,76.53579263248815
4588,79.03735895893487
4589,78.32679534597457
4590,75.19154146145968
4591,79.66151090320977
4592,75.8105163095127
4593,76.96647483158029
4594,76.17424781692648
4595,78.0004078323189
4596,70.86850189638307
4597,75.9332458707616
4598,78.56880719235824
4599,78.82237755924467
4600,79.49595286165135
4601,77.01281046440238
4602,76.17523818829983
4603,80.6206525911274
4604,78.3719989303757
4605,80.59099400905063
4606,78.18317929024619
4607,77.0443277152936
4608,76.7100337240044
4609,77.91446374309896
4610,75.94776698041176
4611,78.68642012789411
4612,76.673363572823
4613,75.61325791386076
4614,73.51398461991175
4615,73.86496311371769
4616,73.73934528080002
4617,77.20375220695507
4618,78.59149387497564
4619,76.88983848529705
4620,79.79223482028755
4621,76.18131413063668
4622,75.00460346987882
4623,77.60433430983073
4624,77.65351913724339
4625,77.55875263928539
4626,76.59172717806763
4627,77.67592856873995
4628,76.38389080579805
4629,72.78328954826281
4630,76.89531248784908
4631,69.85776207735898
4632,76.6817262960862
4633,73.52395662982059
4634,75.6258975502758
4635,77.18280460089318
4636,78.21110992885701
4637,81.14102908161385
4638,75.49616437793577
4639,78.53789823912132
4640,78.19196007301554
4641,77.78692108238522
4642,78.94610679130722
4643,78.06434941667709
4644,77.52638497519092
4645,80.32272925305335
4646,77.4336984158171
4647,78.34647587618673
4648,81.47428554207198
4649,75.53321685748898
4650,79.91559393861644
4651,77.65168834974071
4652,76.51477436941593
4653,79.23210722643194
4654,80.03716954236876
4655,73.95944520328902
4656,75.69349939358989
4657,77.08935387822112
4658,77.9903128723368
4659,77.84492559458039
4660,78.64260381177212
4661,74.31623649255562
4662,70.2290454945728
4663,75.8658542311058
4664,76.4396433734426
4665,74.33525750965799
4666,74.64568954110769
4667,77.42720266816514
4668,76.26733684527989
4669,79.20784683854862
4670,75.63992563441388
4671,77.96947963679179
4672,80.81865944302945
4673,78.95538746273547
4674,78.07382529151164
4675,80.95046365259674
4676,78.65117962040642
4677,77.3234343552275
4678,80.78827049256671
4679,81.33366727503716
4680,79.31014692482148
4681,76.6920403923109
4682,75.90399482831941
4683,77.09403601259055
4684,75.07644567786093
4685,80.03241088544411
4686,77.95057221838482
4687,73.26110091371726
4688,78.14572420799021
4689,76.842549396425
4690,77.47108986447614
4691,78.62077543112099
4692,78.1339293269196
4693,75.64852581054527
4694,77.9540909485217
4695,81.22866298230747
4696,78.17262936878046
4697,76.59220140752728
4698,76.30473407135582
4699,78.00263077563613
4700,78.59299150781135
4701,76.58395586912701
4702,78.75716260848344
4703,78.07570550676417
4704,73.42043400231222
4705,69.77130223154273
4706,78.09200411897632
4707,79.21319969234867
4708,79.79906546718195
4709,78.31732676281933
4710,76.1788242927073
4711,78.14189171350665
4712,78.03783130021367
4713,76.47211345272945
4714,75.99617530161203
4715,78.43745060775365
4716,75.06979239192947
4717,76.76495196737267
4718,75.95422307321621
4719,76.53037685164429
4720,79.35130260132661
4721,78.99149706635416
4722,78.20232144861546
4723,78.0706908865464
4724,80.6010704191188
4725,74.2796723232014
4726,78.68759169124246
4727,73.6020597143733
4728,73.33601950932126
4729,70.52199832871867
4730,76.5347962035516
4731,78.50422112705058
4732,76.96090205000615
4733,76.83491975089635
4734,79.86661409182165
4735,74.82353661107305
4736,70.9130917846498
4737,73.47291733585826
4738,78.37276980975116
4739,74.96832529952769
4740,75.69231724983445
4741,73.95284740463114
4742,73.62960794465073
4743,75.68628233002005
4744,75.60750686935262
4745,74.08376957913367
4746,76.00129505867199
4747,72.54148263307457
4748,73.62253435905393
4749,74.6192283521932
4750,73.23495762488915
4751,71.53907588525703
4752,72.73944533338846
4753,77.14657085663003
4754,75.13392762085647
4755,78.9948659683098
4756,75.98113742495667
4757,73.03997774569098
4758,75.5967016297912
4759,77.62490132265594
4760,76.20710034230905
4761,75.78011954423579
4762,76.8732967939763
4763,77.53980306998682
4764,76.6797921237262
4765,77.0385999558423
4766,76.9609866097104
4767,76.9475276949745
4768,74.11312934405964
4769,75.61501211920523
4770,75.70490220502461
4771,76.68043672757801
4772,76.2965914616168
4773,71.94810008123306
4774,64.7480862682549
4775,76.09266466960412
4776,77.20675714691907
4777,77.70030640108229
4778,74.51040270919759
4779,76.04187019452371
4780,79.15499712013792
4781,75.16858430035921
4782,77.81419982827788
4783,77.1069838355993
4784,74.00325120494944
4785,75.42049148158054
4786,75.54206869259366
4787,73.94575496627402
4788,73.67503467637181
4789,77.13340998993988
4790,76.1556110841758
4791,76.6862060087812
4792,76.27089681869808
4793,75.27587757865149
4794,77.21693172930873
4795,75.9135044694359
4796,78.88763444847928
4797,78.6694163450158
4798,73.36410041017763
4799,76.05931716163701
4800,76.85397811658027
4801,74.57891207447994
4802,70.46562068003215
4803,76.8449743758436
4804,77.88284815028061
4805,77.40101775067978
4806,74.5416371247843
4807,79.13433869205937
4808,78.31585774579969
4809,78.67238594624916
4810,75.31799706390643
4811,76.20372661918185
4812,76.87691820314973
4813,75.86831972883448
4814,79.17598756923309
4815,75.62172659502721
4816,78.1396362076137
4817,75.82550106348765
4818,77.69374654006242
4819,75.01190389341895
4820,77.00065833582721
4821,73.55103591005161
4822,74.0520131126118
4823,76.17143785826653
4824,75.64512447356248
4825,76.08444346088896
4826,79.20588331586839
4827,77.51718814464368
4828,74.64850848586423
4829,77.89749070490348
4830,77.88268069357304
4831,76.10995797651947
4832,76.02618573164182
4833,74.57534520856666
4834,76.10221007734498
4835,77.07987188841042
4836,74.60171535473427
4837,75.95135683347809
4838,78.16655072109307
4839,77.41835157544273
4840,76.24789154311645
4841,77.1113794698104
4842,76.49569600986194
4843,80.47374508774152
4844,77.38505443599547
4845,80.8253897707566
4846,79.15084313480725
4847,77.0701820157193
4848,77.27234176566492
4849,76.77500401700343
4850,77.49654004719724
4851,78.30070749085024
4852,78.4243686106065
4853,77.31427779684947
4854,73.63910209678
4855,78.14977707656669
4856,78.0044107912048
4857,78.17047055973961
4858,76.34704017280995
4859,72.30747435053655
4860,76.6423604847385
4861,80.9808955810775
4862,75.33278996988196
4863,78.0504181318077
4864,78.91538651994642
4865,79.08228886082782
4866,75.49389081700201
4867,76.75144808779595
4868,74.43437130166757
4869,80.46875851836882
4870,77.8313015563674
4871,77.1094665464077
4872,75.80076187862318
4873,79.6901989260877
4874,78.67869334135901
4875,77.95519536045322
4876,75.11352499539822
4877,77.26626641501429
4878,76.73709091189227
4879,77.27643599271806
4880,76.72570076450512
4881,78.04310199757674
4882,75.81279079809559
4883,80.74261697169749
4884,80.96766446939267
4885,76.85114964172851
4886,80.49632482378684
4887,79.55628473809332
4888,79.58947205908345
4889,79.93170788743538
4890,79.44788893661052
4891,79.7332552322747
4892,78.85015755729586
4893,77.93175712102794
4894,78.74041869517504
4895,78.75702963505637
4896,77.89062080015913
4897,79.86803373459026
4898,78.197230996715
4899,80.03789293091666
4900,76.39564453966346
4901,78.29870181671367
4902,77.7432891075967
4903,78.52454573340452
4904,77.64449293088154
4905,72.02162280956026
4906,78.04268525554096
4907,78.46320153643353
4908,76.31150439184864
4909,79.98005374728808
4910,78.97124888735294
4911,78.70740762943655
4912,78.02232369451121
4913,78.037717862448
4914,75.79675891682416
4915,74.26918039300085
4916,78.68894114414525
4917,74.30964078751686
4918,73.84435594744974
4919,77.09834824302368
4920,80.29538699242835
4921,75.93978437217851
4922,76.52918042787206
4923,77.28423948067814
4924,76.74656437980701
4925,77.67169116231139
4926,78.61666941388154
4927,76.14637781850234
4928,77.81073017844295
4929,75.62844566303727
4930,73.08971789901199
4931,73.71410741404543
4932,76.79325170205459
4933,76.58747886215366
4934,75.0629992678601
4935,73.06097853841845
4936,69.1549785897227
4937,67.00262784594526
4938,72.09291147552568
4939,76.38690840655988
4940,75.64687354422199
4941,76.2078613370578
4942,76.45909127140703
4943,79.55714722020872
4944,79.53338681485081
4945,77.02755524514885
4946,73.43064477548779
4947,75.4685778365531
4948,75.54642443816675
4949,79.75749979974131
4950,78.11581240306106
4951,77.02987994587994
4952,75.40017965015176
4953,72.60563080611519
4954,76.25024498129807
4955,76.99487372748513
4956,78.02548433166129
4957,77.01086103328618
4958,76.62244343703901
4959,78.5777514366925
4960,77.21809711988658
4961,77.55453117309759
4962,79.69511966587362
4963,76.73802584422401
4964,78.70456563396795
4965,80.05366437950283
4966,79.32249485446596
4967,77.50550846911517
4968,77.56813771576236
4969,80.68700625100911
4970,79.78073087728552
4971,79.01382165234492
4972,77.97874226146524
4973,77.60809495047164
4974,82.46349878758008
4975,78.95050016595513
4976,81.656128364246
4977,78.30459637137488
4978,78.12745199935023
4979,80.92891882454666
4980,77.91824902030959
4981,77.46896136796164
4982,78.01776452067509
4983,78.13049408875787
4984,79.17889938755013
4985,77.0014974929943
4986,78.07946100670864
4987,78.7943539157879
4988,73.52213109204689
4989,64.25862175308708
4990,69.96035738179768
4991,73.69525660858181
4992,73.31523820576939
4993,71.15832185071952
4994,72.22006786612548
4995,76.83121968353862
4996,72.85371844023382
4997,75.10230102864921
4998,74.58647435051307
4999,74.74129551006786
5000,74.13218416397632
