i,Tm
1,70.35280124801216
2,77.438171834407
3,80.70891542513834
4,76.33130170001323
5,80.19213145760511
6,78.391074406256
7,78.66191028111768
8,78.92154820328642
9,77.24013274794083
10,75.94855791991131
11,77.2584395864896
12,76.24264805531851
13,77.60152113408753
14,77.10166251494445
15,77.8986400804364
16,79.70602845520665
17,78.43965878544611
18,82.23706600055891
19,77.72063932890529
20,79.18999064717559
21,77.39972238089024
22,76.49126540983633
23,80.08735168966791
24,79.04503599802337
25,77.37745839477873
26,70.84580415049066
27,75.94701471714984
28,79.57574684608494
29,74.09251890426492
30,74.04252803962686
31,76.59056683842158
32,79.97082911056788
33,74.29322390312296
34,78.2294721972865
35,76.09276999163706
36,78.79260662040826
37,79.3152800517858
38,79.91042057223382
39,79.84877095357888
40,75.075244029501
41,74.45223765152372
42,75.39184068394883
43,77.25348941496304
44,77.20018322624998
45,77.3091466950101
46,75.85122957493053
47,75.04356396714644
48,81.33989637499991
49,77.3358196029144
50,77.37144477638958
51,79.32638933822341
52,77.06217761531451
53,75.47906083026419
54,81.17325447445887
55,76.81672646618324
56,76.03429469103463
57,72.61855225043485
58,74.30182939004618
59,77.42253850926943
60,70.49110926238342
61,73.38839150333627
62,78.19498766170761
63,75.06052445401781
64,77.05552477770226
65,77.26811096904868
66,76.59660144839597
67,77.19200328912319
68,77.2537639586605
69,76.37234768045465
70,78.28131559337413
71,73.0325541267772
72,76.31832318455486
73,79.62663917172057
74,79.15289412830776
75,80.571632866448
76,79.39830352459734
77,79.201617360461
78,77.27219883521514
79,78.57151761004343
80,78.69497368495098
81,76.40136012683018
82,75.55830209529671
83,74.94331981406367
84,77.54734091489735
85,76.1201557342086
86,70.78756139987075
87,71.64943720891819
88,72.40183830783093
89,76.36903217389835
90,76.6675067753385
91,77.69462505881017
92,79.15084611857816
93,75.98854714044631
94,75.28086330861703
95,74.31777866480701
96,76.60778197524957
97,76.15361786360177
98,74.53342567751332
99,73.64975516102987
100,75.97477483753653
101,80.04788341298467
102,77.89692908163767
103,75.53437781248533
104,74.41535600718424
105,74.75702534135132
106,75.03274022333005
107,75.61086120376848
108,78.16086180542237
109,78.32524949220993
110,78.97429479050686
111,79.43675328781922
112,74.93010124736031
113,77.5372795921482
114,79.34776072907886
115,80.02829052362523
116,78.26068940157882
117,79.49986025392013
118,80.07067228325508
119,80.64130934255553
120,77.19966621199205
121,78.71622978518809
122,77.84740873479501
123,76.76782673319212
124,80.34000758820429
125,79.15759411885847
126,79.23249559027357
127,77.84069032547944
128,78.65259931699035
129,77.62928325482977
130,78.39542398145437
131,77.81287218974069
132,78.57056252863788
133,77.99375502766145
134,78.67439795125586
135,80.22583834744324
136,78.41940486145995
137,75.85207826341036
138,81.26223875013255
139,78.94035013363128
140,76.49314275926702
141,80.44032831319595
142,73.25093154097306
143,82.19856410319841
144,77.08336914096827
145,77.3990533571556
146,75.92470316568739
147,66.16680769775189
148,73.01026633470849
149,73.81487654921006
150,75.20560385850285
151,80.47662670284132
152,79.25011103663093
153,77.94338575324974
154,77.67973782423883
155,77.61381131707878
156,79.18627014780719
157,79.6923289584546
158,76.28997304346757
159,79.45159830665398
160,77.4639072145452
161,80.43670064827734
162,80.02768917528448
163,78.75939948361179
164,79.12883166419232
165,79.66994542977562
166,79.91804830851214
167,79.29978200570406
168,80.60602582764699
169,81.42760095776748
170,78.3727369339802
171,70.79903440602055
172,70.06363162000048
173,74.45624049768185
174,76.74315232777047
175,77.89817955929124
176,78.29396218139567
177,79.69197582790002
178,80.37554653107429
179,81.72067033682691
180,78.49755261024421
181,72.81471230808
182,71.47551030498136
183,74.76248778004049
184,78.85379929281703
185,77.98604533214825
186,79.2125798498451
187,78.0450399263986
188,77.78555576786874
189,75.49024956332664
190,76.50319071154081
191,77.343128707174
192,77.06230486963489
193,79.13850255912035
194,76.67070605280878
195,77.42587325154864
196,78.70839798029454
197,81.47929788120172
198,76.68685351349706
199,77.21629488751284
200,75.98058251600992
201,80.810054597055
202,76.74748972590925
203,75.96633642729427
204,78.72737111014811
205,77.68623697169448
206,77.41449739591383
207,77.3760593969742
208,78.67585576833159
209,76.0362856621233
210,70.08766032581678
211,68.08638980537341
212,68.403765696822
213,74.98072433535555
214,80.09667459823714
215,77.44369053404517
216,77.8701655141225
217,76.89630994603948
218,79.99544091293052
219,83.62107926802753
220,79.32045313392547
221,78.17558644334088
222,81.64310429604319
223,77.44435082274498
224,77.3755992964459
225,80.73549315654043
226,79.00298765582022
227,79.15681357819756
228,76.62754870848084
229,79.59390539387482
230,79.33726409363783
231,76.02648270432485
232,79.79809147276632
233,76.64627085519726
234,79.34412433984
235,76.74742991494912
236,74.8605104084312
237,74.73572375773426
238,80.24800920525149
239,79.92644623909382
240,78.64985665669332
241,81.28419773267598
242,81.96535491557972
243,79.26577853045717
244,77.53440217287732
245,80.6320516104359
246,76.78802608676193
247,79.20800484294267
248,76.60093011827354
249,73.71660651040935
250,76.58313996189906
251,78.03042505683766
252,77.34625669961133
253,78.69241951840706
254,77.2434318163343
255,81.5913943472263
256,78.22219026703436
257,76.96822735781882
258,76.92820799230816
259,77.99378840953784
260,77.94794626774251
261,75.27852104191123
262,79.83978120049682
263,78.0202717215061
264,80.29824966369961
265,78.33240537892328
266,78.71760754455119
267,82.43047846288528
268,75.7338194865348
269,78.05668083071208
270,77.753674416764
271,82.43415776252994
272,77.04232278996079
273,77.38640905812741
274,74.5144133343129
275,76.14321625331024
276,76.19307460397152
277,75.8181551249503
278,77.43536986661485
279,75.96514192559812
280,76.17070233647445
281,75.41800298845232
282,76.06934841197454
283,77.8511409549464
284,77.02429131135301
285,78.83976604554277
286,76.24880308847236
287,74.76630817653643
288,77.1068327045067
289,77.47086482645051
290,80.3905017252415
291,76.54127786272892
292,74.70487920428167
293,71.49520971606307
294,71.05372454286021
295,74.19530658935093
296,75.52378409106052
297,73.82339064166587
298,74.15999130388292
299,75.331374211818
300,77.64316519371317
301,81.14069178764333
302,77.22694166363164
303,78.36476822692458
304,79.63807958001013
305,76.61810277341203
306,78.01140312520147
307,77.0328596490263
308,77.83622263767825
309,80.41939562899694
310,76.64781159498074
311,80.57137342402683
312,80.35646208541613
313,78.27737076041598
314,79.7516951621293
315,79.23449036097941
316,76.82261696085118
317,75.11566805858956
318,75.72968711613413
319,78.61892647515401
320,79.62328752631919
321,78.70723866954364
322,79.4210223565837
323,80.16358685773179
324,78.2064393233664
325,75.73503556054999
326,79.49547741988346
327,78.97337784788931
328,79.5174144375847
329,80.14671593029465
330,75.90951916133594
331,78.48002506841163
332,80.71791122282912
333,78.5644900353168
334,80.05534946579911
335,78.02639892493238
336,80.12550020820709
337,77.96022832481765
338,79.770901290626
339,78.56859437877102
340,78.05955331101421
341,80.62920437208737
342,77.879189049319
343,80.51696875707142
344,80.65536190502479
345,81.01423715550692
346,77.94439320676986
347,81.64140072069432
348,81.51805048553712
349,80.71922714544775
350,79.27071554529402
351,74.03705081087406
352,73.93704874224875
353,76.55501866530261
354,78.54082203304807
355,78.42567495131101
356,77.6669119486902
357,74.45893201531527
358,80.60838037923509
359,76.67019888031763
360,80.3319667635048
361,77.923417096957
362,80.13197949273422
363,79.71802826298449
364,79.40283934718667
365,78.01156563681008
366,80.23961335030077
367,77.83444710889609
368,81.56445193900953
369,82.77428424970651
370,79.9253135527398
371,79.29515605385643
372,81.38226464504038
373,81.7638005977405
374,79.98005374728785
375,77.3737120936284
376,76.56551882999679
377,78.51500185988357
378,77.74238678670866
379,77.98895320343246
380,76.3774103728204
381,79.10687526541079
382,78.55014243425404
383,78.32898215041695
384,76.92388616724645
385,80.05562153875525
386,81.38909771078858
387,75.38993545232614
388,74.7444449657803
389,76.92105227100456
390,75.4505165286671
391,77.35302968933075
392,76.46439604556701
393,74.591510210335
394,74.09120983429722
395,77.66350338349707
396,77.7497065772979
397,77.36194396377255
398,81.17320580320524
399,81.42409250156715
400,78.73464043269661
401,78.24686000633926
402,78.76200279929418
403,80.11084076537264
404,79.14835196483904
405,77.1238175857477
406,80.20329169149261
407,76.14647393098477
408,78.6594612411011
409,81.27355897309172
410,78.56521505269819
411,78.47471662807988
412,78.23162729581492
413,73.62242337716663
414,76.7338594485002
415,80.23686002352053
416,79.37206104345296
417,78.68821060688026
418,77.47871210139908
419,74.28042549932172
420,70.43024976966973
421,64.6381891642884
422,69.46114341405524
423,75.8677279011028
424,73.52306377326136
425,70.98620847982488
426,76.8140270765499
427,72.7066166976652
428,68.94710993039808
429,75.59997032427782
430,80.52728853322816
431,75.55206714386634
432,79.88646518168787
433,75.4482359915466
434,77.6284648620803
435,78.70901438761302
436,76.80762292664008
437,76.64972344081497
438,77.73448027251231
439,75.67426794501466
440,74.13672354386404
441,77.8619145417826
442,76.94875231367871
443,79.61270981934302
444,78.68244044677539
445,79.03316467832877
446,73.34660864256608
447,74.44806887771779
448,72.12092751488262
449,78.31590609012397
450,77.96961795968195
451,74.95568684652909
452,79.63916015522284
453,78.62638226817444
454,80.62813421550499
455,78.60798751800746
456,76.24550293495679
457,76.97588985276525
458,77.25036925721611
459,80.0732085682717
460,76.66950941595206
461,78.27666468688062
462,79.28905650785458
463,75.67776324815856
464,77.03792100907975
465,80.03235276063799
466,78.61110757221752
467,80.03386304799653
468,80.13340362392199
469,80.37983567604175
470,77.02426874723108
471,79.4939649938226
472,81.0471689938471
473,77.8132971928652
474,78.21135457511343
475,81.2785915517295
476,78.60985559712594
477,79.91727396972288
478,80.08900697663233
479,80.7291266036732
480,75.19270056797808
481,75.93767576597708
482,77.84535714526186
483,79.60418247446643
484,79.10450011865987
485,77.3452131020756
486,78.20918644393123
487,79.09733135690499
488,78.7414124081327
489,75.82464987957155
490,79.60409984542002
491,78.30551152809824
492,80.71151648189976
493,79.51132653692287
494,76.78312874507407
495,78.252852106739
496,78.3274310968784
497,77.17235585704663
498,76.07299726139405
499,79.45835282519886
500,78.19293006157591
501,78.90173961258756
502,78.45118372335781
503,80.45878725560857
504,76.89965943849074
505,77.3706843826921
506,79.72375973844214
507,78.28012567491123
508,78.15474257014654
509,80.65132150840503
510,79.438390916721
511,78.82245102712045
512,78.56971163533984
513,79.25426842432176
514,74.47806792446323
515,74.79003993841064
516,77.85345079097124
517,79.40025081627448
518,76.34016895952948
519,79.3799076175672
520,77.26741434677245
521,78.43410227719818
522,75.53862762220166
523,76.0111970275758
524,77.95040331081054
525,79.90438949840564
526,76.38022425847856
527,76.48655696407462
528,78.70689026597898
529,77.48338261731942
530,78.73500241281141
531,78.43821999193483
532,78.42813991178531
533,73.74063887782108
534,78.0115656368107
535,76.85088527564079
536,77.2416416669688
537,74.8921171468765
538,73.91318058184788
539,74.75987003324803
540,78.9452367029989
541,78.83426488550765
542,73.70948699826937
543,77.37637071407903
544,79.95092232367921
545,77.04235123506453
546,77.32088543965858
547,79.14220055371567
548,74.70612325229297
549,77.94860571191958
550,78.13846305905997
551,77.64499904267046
552,76.24546832694381
553,76.70854347705193
554,76.0758785594789
555,78.72697146712875
556,75.365823221666
557,77.07066186532927
558,75.7301869257127
559,78.302328847279
560,75.93011093177722
561,78.33168397228548
562,79.14360376773584
563,75.2590454746944
564,79.40043149885969
565,76.49937236708041
566,78.68737188478332
567,70.78484041038729
568,75.51606482207734
569,73.3061009078308
570,76.14584674467147
571,82.14298437354245
572,78.42171621246968
573,77.40554299601456
574,77.66972205386304
575,76.10283181038119
576,78.6110638042079
577,76.27903697092324
578,78.69218866022396
579,78.57470274010291
580,78.19617391860186
581,78.96564039608131
582,77.51291474352718
583,78.48165291635064
584,78.60404507559088
585,77.45065613653821
586,78.07765584405485
587,80.04359094713772
588,76.0530069911373
589,75.0284523246533
590,76.83383850497836
591,79.68223065975877
592,77.56953323411216
593,77.84583870791278
594,77.37974185367551
595,77.77759592706104
596,77.18846122296736
597,76.68686621544924
598,76.11816903026192
599,78.43454354672957
600,78.34169785561454
601,77.54317101959413
602,77.16132241776006
603,76.463033284054
604,78.12414224820196
605,76.79386637958459
606,77.70445002927022
607,76.46954000931186
608,78.69654502028584
609,70.76840875606592
610,66.2159600565119
611,75.33083830431826
612,79.47247018620664
613,79.62843756610027
614,78.13203854039193
615,73.16745502241315
616,77.06823834670848
617,77.85042585846458
618,79.59941647135236
619,75.18440902897765
620,77.9485277138071
621,75.5372600087502
622,77.455364934616
623,77.84506141992858
624,78.37419579683723
625,78.92025413565995
626,73.27853996086407
627,78.94945988993192
628,78.87296524498947
629,74.41165167061206
630,78.65877093450518
631,76.77504058401269
632,80.72966715773543
633,79.32069778994804
634,78.81522133411636
635,78.4947117655413
636,77.06043495804357
637,79.12351002067328
638,78.07063597235435
639,73.01215635114687
640,77.82145749357136
641,75.45166582046983
642,78.51023820738266
643,76.74743762811016
644,78.77061951789301
645,76.8367702107646
646,78.45343997156846
647,77.8075776868942
648,76.5482707771165
649,80.46083608782118
650,79.1789249240523
651,78.35036845207532
652,75.61428185414684
653,78.00099044341198
654,77.94529669333963
655,77.52144713762584
656,80.28136709241647
657,74.7924768867208
658,73.71688264860552
659,79.34546222636163
660,78.33460843155694
661,78.08413962373675
662,78.42715847398233
663,78.4553846213085
664,80.36456768045349
665,80.84040670547404
666,80.72015420360083
667,77.34888680647316
668,78.08918544795341
669,78.21801423066569
670,81.02402406219761
671,78.00568974527727
672,76.38621438835384
673,78.07602140699845
674,78.0663333957965
675,74.30720383999977
676,74.36999263725949
677,76.36044377739245
678,71.48977272950106
679,76.92070981173879
680,77.39526572022157
681,76.02853396512035
682,76.29443826282704
683,74.10939978331544
684,77.35882096595441
685,75.21429886778282
686,76.90757438781463
687,79.0187681589893
688,80.96780006951911
689,79.08898901390398
690,80.18078386380415
691,77.26217532591482
692,78.51601569708686
693,77.057289781647
694,75.40751406094199
695,77.08761519733127
696,78.51361325693568
697,79.4042182795132
698,79.46783592667686
699,77.70122873085069
700,80.78239935689237
701,78.7160109423047
702,77.05608223576405
703,77.87644744076817
704,78.37222299737601
705,80.96533446470556
706,81.37285299512075
707,71.20337770843383
708,74.39235576337899
709,75.94737295130182
710,76.45387928272368
711,78.751980979091
712,76.83124591406511
713,76.0661545936727
714,71.25344812295418
715,77.01742541224968
716,76.706700613941
717,76.15662055172692
718,76.87525195092451
719,75.24010202231807
720,75.55559715226462
721,78.57896457010918
722,77.2019631276628
723,74.65589386650726
724,78.42546293923698
725,75.41140198365895
726,74.53600134521508
727,75.97360739294578
728,77.1506861223981
729,77.16904177767418
730,74.85422439110857
731,76.06197829314675
732,75.82360756778758
733,77.50689128815003
734,75.79198023949766
735,77.88109015676014
736,75.06930323026222
737,77.16038480654379
738,75.81753805969277
739,75.41473204227526
740,74.79306439914842
741,75.17867056496857
742,77.74515679035454
743,77.07201902963641
744,80.16208814551237
745,78.69932131472586
746,78.18269441090911
747,80.15948761144818
748,77.213647201286
749,74.11372262429063
750,72.66385566174023
751,72.32331369470211
752,68.40905488205203
753,71.50803944633628
754,73.38398859868681
755,70.06757841160965
756,71.78242176839336
757,71.6447933934009
758,73.31908718642637
759,72.67578626828481
760,76.12898157635834
761,71.35736978586056
762,73.26579400385282
763,73.81877292702598
764,70.23073219545466
765,71.88497445295297
766,72.42772226684974
767,75.09247631341157
768,74.41715111077684
769,72.56420356821769
770,71.51939490331557
771,71.62437736340769
772,72.66233033028954
773,76.47563439117852
774,75.43364497268539
775,71.87438105299026
776,71.4288131021172
777,74.76897864138209
778,71.60138856171284
779,75.24911303203862
780,75.70794241745654
781,71.37656526681309
782,67.89498122260625
783,72.70267610121255
784,76.26668293426121
785,69.7786612218996
786,66.37970142611414
787,70.83135610267811
788,77.56562947764331
789,78.84961113587269
790,79.21710977513408
791,80.50662156903513
792,76.23425056897236
793,79.7219834020479
794,78.36308598236349
795,78.96235015463668
796,77.08121401159582
797,78.87462070008183
798,76.28265023743569
799,78.14184165537796
800,79.9727375647708
801,77.3238298433833
802,78.32581779430996
803,76.78314469064276
804,73.00136367474033
805,76.49073971440004
806,74.89427174368336
807,76.39570150863744
808,78.15160271950657
809,80.35349584034168
810,78.27829279365557
811,77.81674098845599
812,82.19733462947892
813,78.93787085951647
814,78.4802799535658
815,79.47678123611036
816,80.67141215849301
817,79.98273026501113
818,80.405499948667
819,80.17078269192069
820,78.75113991557339
821,77.04864387637951
822,80.16688912458852
823,79.02400662967887
824,76.42274194934839
825,76.0315557156838
826,78.16601307193343
827,78.03794358467286
828,78.12449484573659
829,77.97733707185637
830,79.55128870183444
831,77.80231094378075
832,79.20611760086939
833,80.70094794630842
834,81.07756345281604
835,78.4815445329508
836,79.97253798890534
837,73.39298006291443
838,72.76365400701155
839,78.69544206102711
840,78.1750587540306
841,77.25665064091419
842,77.52129487796367
843,76.2193980008912
844,76.05596556888202
845,76.449837006638
846,73.15312066012797
847,76.3180507953453
848,77.66381057708719
849,76.50994729601615
850,78.42355081857494
851,81.5469978719969
852,81.04067512185821
853,78.13279122798366
854,80.2535827810384
855,78.25980945839251
856,76.47759585369187
857,79.0627515423871
858,80.34458136588881
859,82.11657703753144
860,78.71474961676728
861,82.60070538176149
862,80.65737027777413
863,83.2256225427347
864,82.41007349917953
865,80.91220582858546
866,82.4854938801123
867,78.43925455864655
868,77.93931345189725
869,77.43974040493231
870,79.88375689739365
871,79.37164757229277
872,78.68876925585704
873,79.56885109103837
874,78.56814290719126
875,73.99007478076277
876,73.81966631066689
877,78.26868681539025
878,81.72091822089237
879,76.90506709664135
880,75.2468685577345
881,80.54755632874213
882,77.93504750673418
883,76.21072507797294
884,75.5252271311868
885,76.72956652962574
886,75.63171653605218
887,79.88349393593381
888,79.42099482383009
889,74.74991868764573
890,76.68366289709121
891,78.48348705401094
892,81.0427545846174
893,78.53136917996437
894,77.74695479615906
895,78.7611185504282
896,75.29387228729291
897,76.50873899103556
898,77.62240101510031
899,79.13454413736935
900,75.22489370655637
901,74.9573178450608
902,71.65297542787545
903,74.10975192781547
904,73.56974177256336
905,74.1895031596797
906,78.98238420893529
907,76.51529522764076
908,78.93434235718883
909,78.32570202996817
910,79.74215688030375
911,77.9934826240567
912,75.33637085690549
913,76.41828587542273
914,77.53958087858234
915,78.80486444821457
916,77.26063089315824
917,78.31819342407931
918,76.68555391063603
919,76.38246735368307
920,74.21137561828874
921,73.74344818956303
922,74.9444345837133
923,80.33782011579763
924,77.024227666873
925,74.40063171407581
926,77.64719677156711
927,77.72555914720152
928,78.86524781793224
929,77.89164911203659
930,75.72920845498265
931,77.95248880677991
932,78.60440159933546
933,77.91826871407727
934,78.51807592541786
935,78.86257078575886
936,80.83511847132286
937,78.95708118370152
938,77.90602531484893
939,77.88187329217322
940,78.80594630385241
941,75.50753008709688
942,78.87074090661622
943,77.36621500557209
944,76.04794443669249
945,77.08374711578188
946,76.85855207655084
947,75.1347903498853
948,74.90502865182464
949,74.18358434111946
950,76.02276145987872
951,76.35438081074159
952,76.63350736397274
953,77.49165027209108
954,77.27846501992099
955,75.51981016163882
956,76.74681880810721
957,77.84965855366926
958,75.59328838649253
959,76.6559293514344
960,73.50247059577032
961,80.86254371660965
962,78.79322111853463
963,75.04898615324453
964,76.59606574367967
965,74.51072196363322
966,79.10030954003514
967,75.4878564679255
968,77.03539855469944
969,77.82423528421816
970,76.90697328566722
971,77.8570880430492
972,79.65018794378113
973,77.19804965932923
974,75.20863474113821
975,75.26770461910252
976,77.40018415248107
977,76.52642362933864
978,73.75453608162263
979,79.63125854302382
980,76.98259822877219
981,76.81944977232087
982,77.18889831945074
983,74.44348314501138
984,79.07728208866001
985,76.1422497977511
986,77.2100480349896
987,77.68065746522325
988,75.78684223366076
989,77.68490405520663
990,74.8558129978756
991,76.48366521035769
992,76.95787473477742
993,76.52922978812387
994,76.91117647003881
995,75.17394572126159
996,78.2502858709255
997,75.57715488933974
998,75.88021802737865
999,74.16565257126894
1000,77.19131322707875
1001,76.26359360579426
1002,74.73641189294761
1003,76.53052784533571
1004,77.826811301911
1005,74.75044470373376
1006,77.34104798348937
1007,79.38073853427653
1008,77.24728029731932
1009,78.43192128901353
1010,76.61297068152356
1011,72.87945306500933
1012,76.71531832127255
1013,78.0034389069869
1014,75.39177785229026
1015,79.18705822980814
1016,81.13378959361677
1017,75.83733661393171
1018,79.4490552766261
1019,74.38647012884621
1020,78.2640271845799
1021,80.62398653347111
1022,77.9834466611
1023,80.31437547637057
1024,80.5306280018932
1025,78.34156121175323
1026,78.62130141870227
1027,78.90970339565257
1028,78.5357479764948
1029,80.99591118436268
1030,78.07749084325178
1031,76.39742361004886
1032,78.88077393626156
1033,80.12891708787964
1034,79.32978020801607
1035,79.7137417077011
1036,76.65646025376054
1037,75.82844704041992
1038,77.63405317598449
1039,78.34770541287236
1040,79.9591936830596
1041,78.8114909086986
1042,76.50023378068295
1043,78.43925455864672
1044,73.11421635727476
1045,77.40406356755
1046,78.79539896470283
1047,78.8263697051367
1048,76.72837146721798
1049,76.27221612643172
1050,73.93045562673484
1051,76.19145997587907
1052,77.93921318667122
1053,78.25912303294155
1054,77.41877073528605
1055,77.51815464215753
1056,78.92313262732802
1057,74.71517437709252
1058,75.4928809711925
1059,76.96489197509987
1060,75.54960342468678
1061,77.71682127105629
1062,78.09404900232516
1063,79.9475147437011
1064,82.16495513287447
1065,80.00198410503214
1066,82.61529706120797
1067,79.55442874930287
1068,79.46942323630037
1069,77.51521125684997
1070,73.41432348293029
1071,76.47743641265043
1072,76.01992286871831
1073,80.03304120377095
1074,75.40057191395584
1075,77.43555463680377
1076,78.81972197374432
1077,77.24245801796417
1078,77.26871002884616
1079,77.28200750514543
1080,77.44426199375931
1081,76.12059973859374
1082,76.90719046452574
1083,76.69133532693661
1084,75.2075760465429
1085,75.58721237441375
1086,72.78779509229895
1087,78.162174912831
1088,78.90812770113206
1089,78.23852039585927
1090,78.60098508694972
1091,80.5827480082097
1092,77.25827014199166
1093,77.97307211819913
1094,79.59700866204469
1095,75.61587462786281
1096,79.58684522102277
1097,79.95719640805731
1098,78.21360847038932
1099,76.96076747009732
1100,78.30651963054021
1101,72.42433995287257
1102,76.54680259566351
1103,76.34642320637437
1104,76.25159947637809
1105,75.91056740952592
1106,76.95019456584942
1107,78.2763114608112
1108,76.04991459656935
1109,76.83604234817534
1110,78.02122525892969
1111,78.53462744354579
1112,76.70606464641077
1113,79.50879987253518
1114,72.59034106173192
1115,74.82647248862503
1116,77.90253051843644
1117,76.58652238178661
1118,74.35245764306569
1119,71.08735182800189
1120,78.20518160998364
1121,79.50800262764699
1122,77.90079079033944
1123,78.1917534570386
1124,78.61327042083616
1125,78.62495927970338
1126,77.96448703292356
1127,75.13196219576855
1128,76.43535523731691
1129,73.7334186060184
1130,74.73512061450634
1131,78.82859612996293
1132,76.33016395721336
1133,77.08155070092107
1134,78.38058997386162
1135,77.94737044704448
1136,77.82099370270367
1137,77.82011082882968
1138,76.67980400009708
1139,77.14639703042064
1140,76.5681564061016
1141,78.26527867915138
1142,78.85970604719728
1143,77.59849046365463
1144,77.24324098582667
1145,78.45511680359391
1146,70.95511913370018
1147,73.54814874773047
1148,75.75243529564551
1149,75.07712384136136
1150,75.5039344752314
1151,76.13331760731711
1152,74.68823478216314
1153,75.09970922343837
1154,77.52517019585662
1155,72.89376255715831
1156,74.40357881301458
1157,75.65344501408634
1158,78.54366276913845
1159,78.1612007594855
1160,77.83775330412391
1161,77.16431887270733
1162,73.80927358858014
1163,73.84486736745725
1164,76.89737966430965
1165,78.05584621894832
1166,79.8630174382418
1167,77.1822554946869
1168,77.55032923453138
1169,74.01004905265575
1170,77.15199746687733
1171,68.90106597602272
1172,69.97913962619242
1173,72.86018331529885
1174,75.79786102382087
1175,77.67703473494106
1176,76.43167172817539
1177,76.18736741197512
1178,76.15602660188671
1179,76.63045693899124
1180,77.170191894411
1181,75.00103951799514
1182,75.48339105678133
1183,76.13755118420102
1184,76.52837044134452
1185,77.64974768951572
1186,69.49567806305924
1187,67.2494989407408
1188,71.48289410807843
1189,74.29831928354048
1190,74.13304979638133
1191,70.87822673393555
1192,68.41269380451433
1193,66.26593099632254
1194,68.89274541996934
1195,70.9919191784648
1196,74.57791333216261
1197,74.40719734271102
1198,78.34114954799588
1199,81.42760693386623
1200,77.16887114248715
1201,77.48882191023745
1202,71.76487978554803
1203,77.26780793980964
1204,76.95989433703295
1205,74.10936645427728
1206,80.62099167769895
1207,78.53034745144674
1208,80.439886068502
1209,77.97412698596054
1210,78.48807455719077
1211,79.76564740597752
1212,81.17479688251984
1213,81.7455121041416
1214,79.85522503469042
1215,80.04329045282003
1216,80.72651383865116
1217,72.00174795472418
1218,74.14072883895568
1219,78.89254232569044
1220,77.14311687737978
1221,76.58893971326654
1222,77.87926142083973
1223,77.22032678736105
1224,78.65642962199308
1225,79.40405071439528
1226,77.84055733462793
1227,76.08575845139757
1228,74.35119263190057
1229,75.21667746844525
1230,75.47415480252408
1231,70.84383635995056
1232,71.45161857018473
1233,74.81123732839251
1234,70.06322471213804
1235,77.496977264061
1236,78.26493028732159
1237,78.8770974782891
1238,78.42404173352116
1239,74.21092693471576
1240,72.26391220795551
1241,77.64373785139139
1242,78.85175195346949
1243,80.48503737993872
1244,79.34906865612453
1245,76.75918307292528
1246,80.47188095601598
1247,80.144243268526
1248,82.25667301920845
1249,81.4436720472703
1250,81.09245798239442
1251,78.2665574285216
1252,77.09509203472544
1253,77.32710674485196
1254,77.58986558949289
1255,75.88587856748507
1256,78.68960648175897
1257,78.8315609282709
1258,78.13735969548787
1259,76.63105817685329
1260,77.44230423962512
1261,73.61078735545328
1262,72.39120932377944
1263,74.70770677038155
1264,71.57789925988408
1265,74.9999006333615
1266,73.65004618407272
1267,71.56562061441565
1268,73.65836737306876
1269,79.7025619476916
1270,78.90921649395773
1271,77.8943882939667
1272,75.52763763196913
1273,78.47338432297386
1274,75.94852666399669
1275,76.25820918096929
1276,77.9136765185691
1277,80.78691946411436
1278,74.55201647633919
1279,73.74208337859977
1280,73.93284921697028
1281,77.36031372452788
1282,77.002829076274
1283,76.86840723463769
1284,77.88849456435003
1285,79.80715669995539
1286,80.28694070291192
1287,78.96695058274537
1288,77.36611698248623
1289,72.57440624085285
1290,73.18989227078032
1291,79.2291940542462
1292,78.98566692594886
1293,78.59121301208285
1294,75.5050299744778
1295,76.28076645594729
1296,70.08210125763645
1297,72.64638381654623
1298,77.6706178754772
1299,77.3180102308155
1300,73.26287628391276
1301,70.70434434691981
1302,72.1284340367074
1303,81.71940552806245
1304,77.70727085354116
1305,78.23304176605109
1306,80.45446635628088
1307,80.30349598875586
1308,77.41833190036328
1309,80.7393733766151
1310,80.83832637319739
1311,77.41137926604847
1312,77.63540869871139
1313,75.96714558361907
1314,78.46352341354867
1315,73.21790381630132
1316,70.18343455059977
1317,76.59974668805313
1318,74.72164272096762
1319,78.26098025105915
1320,80.26208654741686
1321,79.14457135313859
1322,77.21596354078736
1323,79.65072624258414
1324,80.15537941164973
1325,78.66757588115428
1326,79.67864500923258
1327,79.18686493463201
1328,79.24659272028589
1329,77.7585806412099
1330,75.99106620838444
1331,74.73812945288262
1332,77.13329881056984
1333,75.18675201656777
1334,80.96410300141076
1335,79.42862299169667
1336,76.9977074652013
1337,80.6532165258634
1338,81.35702586152166
1339,78.54800911914037
1340,78.11306039888035
1341,80.00424510307028
1342,80.85104966165397
1343,77.66113730590587
1344,80.93496646530417
1345,73.46928849503263
1346,72.91074617665521
1347,72.51806805838248
1348,75.31031833761529
1349,75.38624705688852
1350,75.66364385417467
1351,76.89836418498834
1352,75.72897210912578
1353,73.1744427734327
1354,74.92957166016708
1355,75.243325621172
1356,75.00992751351191
1357,73.62734086883381
1358,73.60648623916859
1359,72.96641987701054
1360,78.75633514670238
1361,79.29018414835446
1362,78.9011456593692
1363,77.40048659751625
1364,80.47657758578282
1365,78.4605117863502
1366,79.21980247587089
1367,78.3488358899267
1368,76.75941065382762
1369,78.79769581452194
1370,76.6392290698684
1371,74.29208272292777
1372,79.60235146805019
1373,80.33304358252047
1374,80.27885454597106
1375,78.20720652524432
1376,74.94702371358767
1377,75.53450016885137
1378,80.35125546313998
1379,78.84258523716898
1380,78.29332838471049
1381,77.61509840213665
1382,80.58927770602708
1383,78.5599310567718
1384,77.4238475963142
1385,81.23437265381642
1386,82.11574107510182
1387,81.53920578044745
1388,81.21856239453552
1389,78.93353910048359
1390,80.71509803681636
1391,79.23282753979021
1392,80.90172317900272
1393,78.35360973916625
1394,77.71792536377626
1395,77.41392317759284
1396,78.95114082355673
1397,78.11114270244633
1398,80.63033171102006
1399,77.87995488481539
1400,74.74352030769245
1401,74.04876918954847
1402,74.04619200842012
1403,76.90750635106076
1404,74.8659063692914
1405,78.45726906351024
1406,81.3960213807323
1407,83.93910020069109
1408,83.02575842234256
1409,83.7881145411049
1410,79.66663736137446
1411,78.86483501960038
1412,76.58383360558639
1413,83.71396832827156
1414,80.04456163109256
1415,82.20099544310858
1416,80.53783427540361
1417,82.00892289234912
1418,84.80137451715689
1419,85.55494513745577
1420,87.83953137102509
1421,83.30782558901006
1422,84.78268376303743
1423,83.58812260099592
1424,81.90959829198022
1425,84.40830073154416
1426,77.85720224288684
1427,69.27574686157158
1428,80.93883883052979
1429,82.23105366841389
1430,84.2696109957659
1431,80.76921975018303
1432,80.45676040786844
1433,82.8705047308527
1434,81.77045263039611
1435,82.63352166289314
1436,82.36532293829026
1437,82.87673582330922
1438,82.81259328946646
1439,86.65039501291864
1440,82.85346346752851
1441,80.64788562648027
1442,81.34051824519236
1443,85.65255674841177
1444,83.90746742434152
1445,81.06678507897169
1446,76.88802296774332
1447,80.1463900043994
1448,81.36364207329564
1449,83.2527873521687
1450,82.78908873130291
1451,77.86033640068007
1452,71.47344244561395
1453,73.43457590006415
1454,75.78031041347987
1455,79.45379536195509
1456,79.61924692727234
1457,76.41391862897382
1458,78.03211532075932
1459,76.12223129251248
1460,74.71137963311344
1461,74.40985399880924
1462,71.43203242807846
1463,75.69282866262836
1464,74.44285017171194
1465,68.72783764377084
1466,70.48919173753063
1467,70.9620469009904
1468,71.9649048578002
1469,70.05794208692305
1470,68.168325177562
1471,72.40449181075667
1472,68.3060802514957
1473,69.24517206395069
1474,68.99081419602743
1475,68.16015193443712
1476,72.41619636375219
1477,73.12872199218634
1478,74.53408825995689
1479,68.23966337016083
1480,74.7256486497082
1481,73.49233022373829
1482,72.77696847614561
1483,76.4604481524542
1484,73.2569127423742
1485,74.61122238223305
1486,68.45187944148029
1487,73.77539624348225
1488,75.52420572352315
1489,79.43454805569468
1490,79.73179066725464
1491,79.45610246396814
1492,82.3194659600382
1493,83.33757962188366
1494,77.40188704365028
1495,79.5025641606361
1496,81.72225175493605
1497,79.48047733475431
1498,80.75259500821625
1499,82.0737574698997
1500,83.25423841467739
1501,81.5243965427697
1502,78.89076044705826
1503,81.1282048816127
1504,81.85161615814445
1505,79.16669236850112
1506,83.42722724863688
1507,79.40558095003053
1508,82.05349552521625
1509,81.82726714711623
1510,77.93172822937925
1511,79.05087112427253
1512,78.17211652895332
1513,79.92384889998738
1514,73.29444607468866
1515,67.92478035566995
1516,77.95103624806274
1517,74.46826886838812
1518,71.93995376984566
1519,70.69622846376893
1520,76.20809251997315
1521,76.67200631768702
1522,73.48683498230594
1523,74.47067766002084
1524,76.33854460536281
1525,80.02442627753845
1526,76.95812859342146
1527,76.97645984309003
1528,78.11800896500756
1529,74.62983279103241
1530,75.69090886942683
1531,76.7279957132111
1532,79.68182268494525
1533,75.45852577477399
1534,78.68950026841821
1535,78.30475342487699
1536,77.43545563395844
1537,79.35971981120417
1538,78.9594522248218
1539,76.11088439482313
1540,78.61329172332069
1541,79.06436605346852
1542,79.55856117307741
1543,79.97970323830543
1544,76.73696113961995
1545,79.81413228676536
1546,78.57091604923335
1547,76.85937263259024
1548,78.77026565904686
1549,80.54745077366601
1550,76.77353296533403
1551,77.38101313300189
1552,78.17890545480805
1553,76.71204356926319
1554,74.26900033377507
1555,72.32791093836073
1556,69.18034210017208
1557,70.14841906654436
1558,65.90225954361301
1559,68.27228482051726
1560,75.09645823219284
1561,75.99967967528926
1562,69.48855380050935
1563,74.04058188913933
1564,72.09350248940899
1565,73.74359905665153
1566,68.18292073554693
1567,68.35403828169257
1568,74.37686688189035
1569,71.11170721409923
1570,70.58208123133363
1571,68.71246377673572
1572,71.27048833569381
1573,78.22861974672452
1574,73.53124880707264
1575,74.53817054391777
1576,77.37209164633396
1577,76.6579327796515
1578,75.99180370377002
1579,80.69495813278888
1580,80.67618807414038
1581,80.06615790195008
1582,75.64175013965138
1583,75.27470792803234
1584,68.93851934353353
1585,75.9737901322514
1586,73.39902722757256
1587,71.37596867237733
1588,69.72649388212659
1589,72.96048604285198
1590,76.41330182064746
1591,74.40920932224412
1592,70.8994803486861
1593,68.80313469041442
1594,69.56624622992479
1595,75.69654292268092
1596,74.07438794220775
1597,76.60492015697781
1598,74.6218631625793
1599,72.08664928862231
1600,75.38772051071095
1601,67.26219495909197
1602,76.6759102798323
1603,75.50903010836004
1604,76.26341338787176
1605,79.02673752238792
1606,74.65256532019629
1607,67.58690431801517
1608,71.92538162578478
1609,75.20418205972737
1610,76.16201962598103
1611,78.35003463094648
1612,73.73701325065002
1613,77.98586438833547
1614,75.11473118374835
1615,77.24328617217958
1616,79.01293530069216
1617,76.26976411607319
1618,75.4238539722403
1619,76.04766984653787
1620,78.73508981329223
1621,77.1177152192418
1622,77.79093374163648
1623,72.73234505053102
1624,72.14004319662462
1625,71.32576529554888
1626,71.53052826991103
1627,66.60282694502155
1628,72.40978483521019
1629,78.39836422980193
1630,80.39738891784094
1631,78.3008762001495
1632,78.54229873106988
1633,80.68841970260115
1634,82.024268420836
1635,79.86411519113176
1636,80.18901111246964
1637,77.72118051028463
1638,79.42515266002562
1639,80.81221228012475
1640,78.37237992574273
1641,80.82188509185403
1642,81.90153534953754
1643,79.12602116350985
1644,79.93471345655684
1645,81.27779358952188
1646,78.53493426059691
1647,77.17831865053938
1648,74.03796015286463
1649,77.28132674108753
1650,80.05172341244344
1651,76.93479725932923
1652,77.10788235708543
1653,78.55993105677163
1654,81.47769362354438
1655,79.30525208046583
1656,80.35951533285595
1657,77.81074033966178
1658,74.09287866154602
1659,67.44120435820616
1660,68.0768204385027
1661,67.331715095503
1662,70.77186915308164
1663,72.94166606343771
1664,74.73082949682055
1665,76.51484097825528
1666,73.77295725714578
1667,74.63225983854505
1668,74.48575702402337
1669,77.69752482277909
1670,78.24637488009728
1671,74.32939082207076
1672,77.35567232805954
1673,69.62364648798376
1674,79.21299703879959
1675,77.36565514799838
1676,72.20486037852044
1677,72.13489723774626
1678,71.62501978103126
1679,76.58431035799083
1680,79.36164990389511
1681,75.64415265833532
1682,73.12106551596895
1683,75.2854411090002
1684,73.35132657552799
1685,76.4840751079642
1686,78.93542084818574
1687,80.27852766241449
1688,81.86855723847515
1689,80.73333068899063
1690,78.40070283322939
1691,78.99259939557402
1692,76.54450907627665
1693,80.90289027192557
1694,82.21913724694087
1695,76.34947319898606
1696,80.4340427115286
1697,83.45525078716929
1698,80.69839694209827
1699,80.91727041657492
1700,79.86564299154617
1701,78.40474829764321
1702,81.41991951354191
1703,78.94684870510275
1704,80.46209400727014
1705,78.32570202996794
1706,77.98931460100164
1707,79.99221948254296
1708,80.87250902811684
1709,79.46507686442447
1710,79.01392625689829
1711,78.46785327127321
1712,78.11949664923395
1713,79.46058871653548
1714,72.73748853521062
1715,74.57428618995965
1716,79.29273802587414
1717,80.02600894898421
1718,80.02512795043947
1719,76.7060839558315
1720,71.3609591702978
1721,68.66891634911536
1722,69.42494927590548
1723,72.26005191044743
1724,73.79782975792659
1725,68.4464865407881
1726,73.12320647927197
1727,72.75825970624447
1728,74.71013728993756
1729,76.76260101420235
1730,74.35860016097013
1731,80.07263228873728
1732,71.8864351729253
1733,70.98485525479032
1734,71.21362207268174
1735,77.78180851015827
1736,78.65183432074542
1737,78.3810237071736
1738,81.48737904261867
1739,80.17229857258496
1740,80.08764470836604
1741,76.19472746629509
1742,77.89754111997496
1743,71.51233470005928
1744,74.46972609791004
1745,78.8212416164393
1746,79.84304100918291
1747,80.97787991170668
1748,77.92907707208309
1749,79.24403324818263
1750,77.64695823643012
1751,76.92923902350071
1752,81.28037192707029
1753,79.37054781055326
1754,80.7366233480173
1755,77.83717155212565
1756,77.42879957566407
1757,76.26610071441536
1758,82.8585810231811
1759,80.40382160313368
1760,83.64132320890565
1761,78.2219416879031
1762,78.27239719052756
1763,78.79767310354191
1764,76.24330752834379
1765,79.98092824976118
1766,80.74858382653633
1767,81.70154005311349
1768,80.90121093946442
1769,78.55967316012186
1770,80.63414116493749
1771,80.31533615823213
1772,80.95351983186896
1773,79.29126512762144
1774,79.74766921975919
1775,74.2120888261648
1776,75.6326262633084
1777,79.18215194150753
1778,80.7001476247417
1779,79.41399590118544
1780,76.427653122008
1781,76.73584661479902
1782,79.00197367151219
1783,78.20634455630119
1784,78.49898016630556
1785,79.56236941522684
1786,77.27244530609966
1787,79.18752084191897
1788,77.72997580969195
1789,80.02487490319555
1790,78.73629834076604
1791,78.3519604899356
1792,78.14575466916995
1793,80.28413654941562
1794,74.80383802542127
1795,77.90188031612456
1796,80.06110384411312
1797,80.80664476076231
1798,75.93340988379583
1799,78.85440545257018
1800,76.0667988106506
1801,81.72775968221612
1802,81.88495058878647
1803,81.77008850856123
1804,79.05772825430233
1805,80.81155428135054
1806,78.29996199691163
1807,72.58019371077876
1808,73.81195485814686
1809,72.48440762610971
1810,77.0291232890122
1811,75.71730755536055
1812,74.72866141308913
1813,75.84929190934429
1814,77.31811782131712
1815,74.21720129235189
1816,69.77753834018063
1817,78.99081287714745
1818,79.56477328971755
1819,78.59330081477196
1820,80.53381562863456
1821,80.8785490285834
1822,79.395514747405
1823,78.82626212357593
1824,79.55817292244558
1825,79.9631362113692
1826,78.30166427720047
1827,79.61862093554424
1828,78.86662121574426
1829,77.07525858762068
1830,77.35459603948505
1831,81.24583648898863
1832,76.04823818797377
1833,80.28732654350023
1834,80.21734581310875
1835,78.50198416028752
1836,77.11815673486632
1837,81.51479220577534
1838,77.26174818808317
1839,78.84483200418862
1840,80.7378409717715
1841,79.53518891817725
1842,78.7781437191519
1843,72.23521112238694
1844,78.69104036017558
1845,80.82538977075637
1846,78.60377897065206
1847,77.16579606081581
1848,80.01480212300118
1849,79.52326889243466
1850,80.04929606747072
1851,81.59189007612036
1852,80.04133597816377
1853,80.47441673962311
1854,81.09593427840105
1855,80.444142916376
1856,78.68478507787472
1857,78.13392583794814
1858,78.3964833356726
1859,77.7650695735897
1860,79.51464762528235
1861,80.1758566815679
1862,76.67149107363576
1863,78.87708860522298
1864,80.54011710222693
1865,76.30722893732468
1866,79.12481138988062
1867,79.85253745436466
1868,77.3922768390729
1869,79.2028529696517
1870,78.2762692670479
1871,80.16737896970761
1872,77.5456888019462
1873,81.95031607848756
1874,80.30070278218699
1875,79.1257135355687
1876,81.30926457068063
1877,78.78000867523002
1878,79.55342658872127
1879,79.31590515338434
1880,82.2956955779452
1881,79.07979938720388
1882,79.76917375060043
1883,81.09261718492542
1884,76.00924788437726
1885,76.86227582377524
1886,74.12215324967929
1887,77.49377042857719
1888,78.62669277093613
1889,73.36459943229136
1890,78.92193967691998
1891,77.06722587085551
1892,75.33780356523397
1893,76.33384654042112
1894,80.52635983012948
1895,77.2953257286444
1896,76.6243173150853
1897,80.5326118211911
1898,76.1316519238801
1899,78.11564118662056
1900,72.98442586168784
1901,79.34978996128581
1902,77.42508937150706
1903,75.45846316443522
1904,76.46746835312655
1905,74.92193459045814
1906,74.58915079528595
1907,71.89327707562325
1908,77.80630811546786
1909,79.25050781613152
1910,77.04520359016215
1911,79.16262373729387
1912,79.00410318806166
1913,75.7333308849528
1914,73.37172913559891
1915,75.60415934530039
1916,75.78997236291787
1917,77.81506072492027
1918,78.74550030276498
1919,77.87908491556306
1920,71.45226663181359
1921,73.82912638083747
1922,72.06631261751323
1923,75.97259390923335
1924,69.96197808668427
1925,63.564912673135495
1926,66.31829269426288
1927,78.64529742625439
1928,79.52132460273884
1929,80.55481924394417
1930,79.25075053556776
1931,78.88200353256184
1932,79.20049293086822
1933,78.66671016134211
1934,79.78662181779254
1935,78.82560580826771
1936,80.48967434196902
1937,79.02334273686142
1938,81.1596729089215
1939,80.18406052422523
1940,79.63828922455457
1941,77.82395146689572
1942,80.6700950013539
1943,76.31066643926556
1944,77.91004493567175
1945,77.74917185953518
1946,78.35754933437607
1947,79.31249190015944
1948,79.34122675001834
1949,75.58165171070328
1950,66.94769008365967
1951,68.2415237842435
1952,71.4380570588275
1953,70.95169795045234
1954,70.47336243917317
1955,70.50459633119874
1956,73.63056788942635
1957,73.62834512892175
1958,69.80126213735747
1959,76.00569440141834
1960,74.44719598907523
1961,80.03038368397898
1962,80.91874674912737
1963,80.08429346293678
1964,77.0451990999511
1965,74.1833526853618
1966,74.35823490562598
1967,73.50231320052046
1968,77.6267833566036
1969,77.33582934662968
1970,76.61870732135748
1971,75.47606496212723
1972,75.94291403783524
1973,70.28794041026396
1974,68.84458487418982
1975,72.02942381293508
1976,75.79717956010768
1977,77.57374627102945
1978,78.51026549505656
1979,79.29893264684279
1980,81.45056598350658
1981,77.25671559650726
1982,74.79035855463206
1983,75.38682483374407
1984,78.10957341538045
1985,74.48052676288899
1986,76.98850242936032
1987,79.22072329035774
1988,77.27101894053806
1989,75.59267039699046
1990,75.59255883531677
1991,80.84752703237405
1992,77.07390751128787
1993,76.7720118033111
1994,78.55518435632894
1995,76.99690444777167
1996,78.98603129033609
1997,76.30663596843686
1998,70.33065491854512
1999,76.7384725594656
2000,74.54609785630606
2001,77.56123000094004
2002,75.75356065979719
2003,77.78339815352012
2004,78.90136172738744
2005,74.38221049805941
2006,69.62448028328555
2007,66.44956520210837
2008,75.88132575116128
2009,70.41634115415144
2010,77.71770607173613
2011,77.34990865142879
2012,79.60173836110692
2013,80.55929707670612
2014,75.87391494583119
2015,79.63653447353636
2016,78.74169445386968
2017,74.93590363082342
2018,76.05727901307546
2019,73.04939781680974
2020,83.26579379266406
2021,78.54854381328198
2022,77.06980408362722
2023,76.54858412096416
2024,77.03916042316393
2025,78.08582704654958
2026,79.87900502722994
2027,79.5948907696366
2028,79.50082443517329
2029,74.65030144688467
2030,77.87703766465052
2031,81.32398145664706
2032,69.73464812377921
2033,79.03139380458566
2034,76.42587631088912
2035,75.4944523529781
2036,75.43388381009805
2037,70.7964579267616
2038,75.83876046844773
2039,73.99718225876734
2040,74.2855046732189
2041,74.52994721220472
2042,79.1832176940228
2043,70.91240261952993
2044,75.66162914681775
2045,74.61380579664723
2046,74.78738534288345
2047,77.35244715818453
2048,79.1553908233268
2049,77.18555924655521
2050,78.05109722060905
2051,74.23390876226165
2052,80.096786582773
2053,81.77707317499596
2054,76.28591982431868
2055,77.90218661872444
2056,80.51056649649797
2057,79.25043177688332
2058,76.9685921556453
2059,74.48435465783126
2060,76.49921034165357
2061,78.32491576943085
2062,77.45890381353388
2063,75.4333636516879
2064,76.37995811623739
2065,79.42765754627612
2066,75.59561006841562
2067,78.26123520961619
2068,79.05549734299382
2069,77.62007161034404
2070,76.26714206745038
2071,77.64997580831721
2072,79.18578776554824
2073,79.12039875491104
2074,80.46939920161896
2075,79.53794155562355
2076,78.49671556921083
2077,78.86726215608428
2078,78.6941539135874
2079,78.31408291482614
2080,77.60932292475229
2081,76.06534844111656
2082,78.45482792704229
2083,79.16960751183353
2084,79.07794461602879
2085,76.98544182560278
2086,72.72472492619835
2087,77.31265462857016
2088,79.71089869003515
2089,79.79873891927951
2090,77.14540182377164
2091,78.35122581053412
2092,78.07328483079925
2093,78.76647254249843
2094,77.35609510257046
2095,78.95507892222776
2096,74.44219325493509
2097,70.47117407185044
2098,73.38836158786438
2099,78.37498641570147
2100,79.34906865612396
2101,78.93058549983601
2102,79.90161294531197
2103,79.01870482642897
2104,76.32553063093468
2105,77.16581903199568
2106,78.7592713635097
2107,78.2050796739124
2108,77.56372868663675
2109,76.50391604981974
2110,78.00716981226077
2111,78.68810170747753
2112,76.27314640593863
2113,75.59542200782352
2114,80.08816953641343
2115,77.45772287198122
2116,78.02117252556599
2117,80.81321554060708
2118,80.30129514564396
2119,76.33942103340945
2120,77.60106406496442
2121,78.67266080268257
2122,78.667575881154
2123,77.3968024079515
2124,78.2096182782696
2125,75.82717165330638
2126,77.73718227150852
2127,80.53183438116423
2128,78.70476305464354
2129,80.4355331734879
2130,76.11401306477921
2131,76.1268728075882
2132,79.57676907807655
2133,75.84075920409276
2134,76.25126165095179
2135,77.52126039624693
2136,74.63057352657671
2137,73.01689532074766
2138,76.66380486868445
2139,76.95588027337533
2140,78.59268312798429
2141,77.68236574773414
2142,79.31253213189348
2143,79.7268865647062
2144,75.80328395208471
2145,77.94504620868986
2146,77.12736439045102
2147,74.26391413410562
2148,76.85607137674708
2149,75.98335410448476
2150,79.66765527287521
2151,76.47284662937903
2152,75.93490450449582
2153,75.32064700109521
2154,74.8987001998695
2155,74.25787896588594
2156,75.13703276167809
2157,75.6734430324999
2158,77.56657749807636
2159,74.79066442585525
2160,77.0846908378727
2161,70.66322148838555
2162,72.77890816695088
2163,75.96526104748898
2164,76.69458842176402
2165,74.95307200205599
2166,77.07871371269573
2167,77.39502904442458
2168,78.46295313026246
2169,80.98579122086022
2170,79.11132128888698
2171,78.68825702581421
2172,78.29606877671847
2173,76.80969304852181
2174,76.59370313923944
2175,80.87337812086935
2176,78.03425151522197
2177,77.7320436830152
2178,75.957906729336
2179,76.70493937064833
2180,77.11307102566133
2181,79.68611089681212
2182,79.2525290719027
2183,77.33581960291417
2184,77.79259481910839
2185,77.54714659246349
2186,77.09948536274555
2187,78.6920113883196
2188,76.96245191502754
2189,78.66703346166884
2190,77.93428453440487
2191,77.61881983006162
2192,75.73681367896825
2193,78.85355846865207
2194,79.50365843472014
2195,78.64932321475692
2196,78.80576767433502
2197,76.89965500808131
2198,77.37870733305601
2199,77.89899870393651
2200,78.69264591413832
2201,78.07758083150844
2202,77.68935096346189
2203,78.57334130700139
2204,77.92990285146948
2205,77.59130576217564
2206,78.37961706589101
2207,79.23574838966778
2208,75.45662672060564
2209,76.01725226789966
2210,77.06146047419617
2211,78.97726579881913
2212,78.56778577044491
2213,79.6873251353345
2214,75.41577387714045
2215,76.7501818131501
2216,76.51548185599768
2217,79.65919814228624
2218,81.13738205770261
2219,77.79660917817318
2220,76.44834078342905
2221,78.55975372243131
2222,77.16887114248726
2223,76.02687153026517
2224,74.75946620291677
2225,77.25654352212752
2226,75.73832898543634
2227,74.34010044317972
2228,78.98967893097131
2229,78.30440273555877
2230,77.38601075598473
2231,77.10034461703776
2232,80.55052927524565
2233,78.16864366833028
2234,73.0166118777708
2235,77.81811808689014
2236,76.89800904130368
2237,80.82902269748439
2238,76.95783652524608
2239,75.35008202712783
2240,76.47576180095314
2241,78.7669235700613
2242,77.69502185663941
2243,77.18193573022677
2244,77.19229934875301
2245,75.33917361105881
2246,80.0322527407518
2247,78.60584931281244
2248,79.1976480426597
2249,78.24096114951897
2250,76.44763917424092
2251,76.32257945850978
2252,79.89792071511533
2253,76.28118652701784
2254,75.72695806234685
2255,79.24247107805962
2256,77.53648373936727
2257,75.92784488111283
2258,74.48050817120048
2259,72.45303891437254
2260,68.51333475695259
2261,74.18336005121989
2262,77.62665341952226
2263,78.22934619774225
2264,77.72726538925201
2265,76.98141210021362
2266,80.16084673667234
2267,80.20870013397689
2268,78.34757114225397
2269,76.60432677182735
2270,78.66814329021139
2271,75.99446476833526
2272,72.81766366510163
2273,74.00268640319001
2274,75.18905575827898
2275,75.31106907765269
2276,75.3137108355495
2277,76.38047377531757
2278,75.60260502742295
2279,78.01702499493359
2280,76.13355974354153
2281,79.27440393083009
2282,75.0085889683399
2283,75.20414669532556
2284,74.71494125122842
2285,75.72428373070971
2286,78.3314007855173
2287,79.15952421156061
2288,74.2616181298443
2289,78.49108641234204
2290,76.87057390154928
2291,76.95258002189263
2292,77.57940623792638
2293,78.64932321475709
2294,73.71475277912572
2295,74.54346831997424
2296,77.93688686954812
2297,78.1122937325523
2298,74.33960551688637
2299,77.6658373990071
2300,77.4622524018892
2301,78.87072358369375
2302,76.7646616699887
2303,75.25790393796035
2304,78.5118678658502
2305,79.89792071511545
2306,76.03631693952707
2307,76.35908980718852
2308,71.95125663003518
2309,77.44482537431873
2310,75.70300199532068
2311,77.7343263985938
2312,78.73495822475485
2313,78.61505519271276
2314,76.69199056816177
2315,74.64389660645458
2316,78.74309453560164
2317,79.1610928388734
2318,79.52774962155894
2319,75.86818424341237
2320,74.03203638681521
2321,80.86611394419549
2322,73.59718533204165
2323,74.72983247602792
2324,74.36668233954401
2325,77.79309891659966
2326,76.53826064654186
2327,78.39771645772908
2328,75.83274494309308
2329,78.15589480681814
2330,76.64781159498057
2331,76.50248409874752
2332,76.73992579797266
2333,78.30430201025365
2334,74.42915912851538
2335,79.33862257868128
2336,81.44907425071597
2337,74.01731571850138
2338,77.07466471944309
2339,76.97340576446584
2340,77.63288139350351
2341,77.53374641561163
2342,71.38611752108471
2343,79.15001061975585
2344,78.54150745853894
2345,74.9481365106991
2346,76.93101151875914
2347,78.44160993806179
2348,78.52052617288024
2349,77.82397680071722
2350,80.04696750885819
2351,77.31291105827245
2352,78.70197571618064
2353,78.24029979759405
2354,79.7658468232716
2355,79.68334767847455
2356,79.10317401179555
2357,79.16610767792974
2358,76.96828047950129
2359,77.23076317437096
2360,80.66262939943357
2361,81.0511309681421
2362,80.39875715883147
2363,73.32510303082591
2364,76.77622759122221
2365,76.11768756581705
2366,78.1601808383495
2367,77.21596354078719
2368,79.94740594051234
2369,79.95393883474213
2370,82.9374510064178
2371,79.77202768985319
2372,77.78213594694353
2373,77.61376805840149
2374,80.58784892378526
2375,75.96692072508313
2376,75.40266182389735
2377,74.33775690753333
2378,78.2605688343221
2379,76.79131924951855
2380,79.35565262066274
2381,81.81087504840752
2382,76.31095883047169
2383,80.36944025799136
2384,76.46610070890341
2385,76.43098522100007
2386,77.62213391634953
2387,71.80181330680819
2388,76.61890447526685
2389,77.04172575429885
2390,75.00616338379899
2391,74.93542869575049
2392,74.1400229613368
2393,77.15534933915421
2394,73.33226060420338
2395,75.090900399688
2396,74.62593164592238
2397,72.35477372925158
2398,77.60587832193227
2399,74.17067252858618
2400,74.92437428849445
2401,70.87081348579096
2402,70.2390084977514
2403,70.85142094396736
2404,74.2632828868318
2405,71.31127271603867
2406,66.22600575954516
2407,76.09419696481831
2408,77.69088620391744
2409,79.8336788852398
2410,79.228762042183
2411,77.31244851230298
2412,77.55602934306921
2413,77.1783466457868
2414,77.94412715815008
2415,77.26926196687918
2416,78.02282834600862
2417,77.49787704306215
2418,79.5091495226365
2419,79.21727040057556
2420,77.62342463198343
2421,77.32843440118205
2422,78.61637533625532
2423,76.22157068684783
2424,79.79404129472886
2425,77.4939972539849
2426,79.57854050184028
2427,74.94554297127468
2428,79.07828645695821
2429,71.28732589996281
2430,75.44444089169951
2431,71.7675666180445
2432,75.67185141448249
2433,71.89875648365097
2434,75.0311325740791
2435,78.64158041087916
2436,79.07938058634846
2437,78.63486011614282
2438,75.28004851558848
2439,76.7332471577318
2440,74.45061730390358
2441,78.84577257934092
2442,78.65807795131235
2443,78.78718512060249
2444,78.53524096809628
2445,78.57928733051108
2446,79.13154750466754
2447,75.20326939135555
2448,76.09060893639696
2449,77.45275997372164
2450,79.03323125539316
2451,75.86511722542764
2452,77.42770515920614
2453,82.34812312874845
2454,79.71416119940949
2455,75.23336295246213
2456,78.94103870150434
2457,74.35014046646046
2458,75.911865689418
2459,79.94298696628397
2460,79.12611618752231
2461,79.16298164622077
2462,79.45175830161298
2463,78.12904131906794
2464,80.75694697141114
2465,80.30892031740876
2466,80.86028515531575
2467,84.09181784476112
2468,81.90551396628734
2469,80.22020122463397
2470,76.45087598939443
2471,76.13936730415662
2472,78.21904391868594
2473,82.94572932170388
2474,78.01912182969488
2475,79.47070412604762
2476,72.62632633316252
2477,77.94349556115498
2478,78.12516925351389
2479,76.6101986030717
2480,77.08571861513036
2481,78.6680244440945
2482,76.8260452173347
2483,76.39359344596267
2484,79.50960421178468
2485,76.91670488718358
2486,74.98604756521166
2487,77.65479690363009
2488,77.6381115525025
2489,75.75987258613839
2490,76.7475351983428
2491,75.67031214915261
2492,81.9535412885042
2493,76.23200304491064
2494,78.41351960540533
2495,76.73521203334758
2496,79.45790719798441
2497,76.4774731324635
2498,78.11569042908644
2499,76.3391925319807
2500,75.7975413482531
2501,76.45793879549603
2502,75.00657039729191
2503,77.13590459383931
2504,78.72753690666815
2505,78.48034291942514
2506,79.2464561357803
2507,75.86802345719735
2508,77.76052011869575
2509,77.30868926337837
2510,79.36144044440164
2511,77.96271520386819
2512,77.90649946841648
2513,80.72416447951338
2514,78.70149945030374
2515,79.51361989886846
2516,78.47294140789131
2517,71.85964738699079
2518,75.3887659871541
2519,77.18304305450852
2520,73.86961443220736
2521,78.80970889906172
2522,82.82868007364209
2523,75.76006079867517
2524,75.34704287682223
2525,73.69999676267503
2526,76.91503953772616
2527,76.77478342410643
2528,75.23513330736154
2529,80.65334552039224
2530,75.6686253439974
2531,76.74145303888656
2532,77.45055737413492
2533,76.75851787809898
2534,79.11254026286764
2535,77.14177294707758
2536,73.39760378473147
2537,76.1339359467978
2538,77.76846980805936
2539,77.8569089265954
2540,79.00259537829731
2541,75.65597111314008
2542,72.42208714313415
2543,76.48251614582063
2544,80.11994912929305
2545,78.58374302646519
2546,80.72942640016447
2547,79.95393883474242
2548,79.96086138807482
2549,81.05382085570153
2550,81.22870168387726
2551,78.66191028111774
2552,80.81381523948619
2553,79.64953609399197
2554,80.68255798605196
2555,81.55232919143799
2556,81.29179536251081
2557,77.07224092384399
2558,72.79329150371302
2559,74.4993947670485
2560,78.54243532435413
2561,76.90537389478322
2562,79.29383328311462
2563,77.76396351388388
2564,80.4677169147156
2565,79.11748806625798
2566,78.03706022785872
2567,77.9970561736626
2568,77.61338261800711
2569,77.48534176425306
2570,73.95769703725512
2571,79.40664200600287
2572,82.02458262111935
2573,78.84547438964381
2574,82.48020587804768
2575,77.36731981190889
2576,78.67959377725629
2577,77.97916498984415
2578,76.28449651886893
2579,77.13692979682179
2580,70.35143986468165
2581,75.88305959651524
2582,74.70036808807771
2583,73.16579409765677
2584,72.97877430713845
2585,76.88304147074831
2586,75.63255811403673
2587,75.60259248949842
2588,78.69423673253402
2589,80.51842932944186
2590,80.95843594343944
2591,78.35065348437007
2592,76.23753399027714
2593,79.2020064799525
2594,79.93939771033189
2595,77.55970889020426
2596,76.01819007367817
2597,76.73279303558672
2598,80.18388856462167
2599,78.79400762843852
2600,80.53181490222079
2601,78.36705826460582
2602,80.82017390636491
2603,81.34765180041563
2604,80.89237065922879
2605,80.36345435181494
2606,79.8035080445427
2607,79.40299016118229
2608,80.281453402777
2609,81.1405298423868
2610,79.08396763607772
2611,76.96673837428222
2612,77.88517184358636
2613,80.41891125997483
2614,81.97817994103724
2615,69.66121251329531
2616,65.2158469387266
2617,77.756624929596
2618,82.78122815359421
2619,84.38312293572011
2620,86.36108461796329
2621,83.6474320536098
2622,82.43323677784139
2623,82.96755913496492
2624,80.92486913059537
2625,82.06924187797159
2626,82.24991712480869
2627,78.50021468361808
2628,81.03703025007206
2629,83.69039852637161
2630,82.60265432572237
2631,82.74982856933514
2632,82.43377004909235
2633,82.70921488350541
2634,82.57963765311763
2635,76.20051709289902
2636,71.42675186678946
2637,68.46672828794141
2638,67.85135596573139
2639,67.90300560048524
2640,70.78677612805109
2641,79.84415906970736
2642,69.42553154400122
2643,70.8043386553403
2644,65.03554450463088
2645,70.23656236285507
2646,70.2781040415631
2647,69.51791638977926
2648,75.6124508761066
2649,75.0409697336462
2650,76.45015317120766
2651,74.61920534119645
2652,78.30883854966947
2653,79.18773406968717
2654,78.85117065075838
2655,80.55736402073313
2656,78.88786056304417
2657,75.41427322580262
2658,78.27422013956851
2659,79.58123582850288
2660,77.94053518334533
2661,76.24355613107315
2662,68.8109335771677
2663,74.66988191428942
2664,78.90237254903133
2665,75.57345535248061
2666,78.15877387061107
2667,77.11216535020674
2668,78.81107462624209
2669,75.75363995772773
2670,74.48784342542797
2671,79.09376568357516
2672,78.91300965356015
2673,77.38431384738914
2674,79.08920836877633
2675,78.35890989673561
2676,78.26052258907231
2677,77.38743703721042
2678,74.4098539988093
2679,73.30455201177324
2680,76.89640599125778
2681,72.6310892186043
2682,72.05147478865211
2683,73.8058614107731
2684,76.35863958837842
2685,77.38225467877663
2686,77.45517977271516
2687,77.28412036550901
2688,70.26692761223859
2689,72.6847224538082
2690,76.27672235034652
2691,74.25984627034768
2692,78.40502614755343
2693,77.05645071698137
2694,73.80734621068103
2695,71.9494097216122
2696,70.27423812006526
2697,77.82215308138046
2698,78.49737096990827
2699,79.22820886890179
2700,77.66613999515488
2701,77.94521039554286
2702,75.87391494583181
2703,76.75059637399147
2704,77.02441496330948
2705,79.17273255947043
2706,78.2343548594668
2707,78.97116468159766
2708,76.14331592050985
2709,74.74398838780274
2710,71.83775332952467
2711,81.72434643980017
2712,80.86546198972627
2713,79.25610264834222
2714,80.8743857223563
2715,79.25587148961955
2716,72.20256823002347
2717,72.57965591941877
2718,74.32104935358296
2719,75.85370489532914
2720,75.72235190001442
2721,75.34191414683795
2722,76.11892756349141
2723,77.55525654521023
2724,76.96386404091675
2725,78.43537697672355
2726,77.42313113339975
2727,72.70202809373603
2728,74.56011972931975
2729,78.2240119177726
2730,79.98718712982634
2731,80.73068876105958
2732,76.7818023528431
2733,66.15792712129212
2734,72.25270474322292
2735,78.95093672223146
2736,79.61559962916908
2737,81.68594143625938
2738,78.26922032782255
2739,81.54125310269546
2740,80.35335309905145
2741,80.20921781998015
2742,76.92944616132058
2743,80.8576555889776
2744,79.12621261782283
2745,79.08521672227522
2746,80.29795187089377
2747,79.72994888677448
2748,81.57230691142342
2749,79.87853619695238
2750,79.9451364951135
2751,81.34862297788578
2752,78.32762309394059
2753,79.70177430589115
2754,80.79248000451116
2755,78.40973876726372
2756,78.67918726218937
2757,79.14962463947182
2758,79.2519860078142
2759,77.20811282679591
2760,80.39567522392088
2761,79.00578129991209
2762,79.0049941812166
2763,81.86503049596143
2764,79.90392785045242
2765,82.22077070229079
2766,78.00326543643513
2767,77.70168532582068
2768,80.62581767019242
2769,78.60728958079972
2770,77.32806273391202
2771,77.75659154342225
2772,74.26860739531497
2773,73.6881457085002
2774,74.50266541047625
2775,76.193226597033
2776,80.57909403327255
2777,79.30923055832119
2778,78.81268355334583
2779,78.19903192679209
2780,80.7472730614756
2781,77.69951440536937
2782,78.62528280906486
2783,77.52402246630567
2784,79.74708893025581
2785,78.08569143806318
2786,76.4031577202611
2787,81.03636717927941
2788,77.22002874115077
2789,77.51242223441665
2790,73.18493209205394
2791,67.15367152111367
2792,74.12586366544775
2793,73.24964861752039
2794,72.00202884154339
2795,69.04883008783855
2796,73.24820605867916
2797,74.00014178819907
2798,74.13796732053805
2799,70.65642946601002
2800,73.03620908517661
2801,73.15435096354355
2802,72.20956500914389
2803,76.24564233737294
2804,74.58743271135427
2805,78.11454003981675
2806,74.41396887257918
2807,72.26165492222799
2808,76.90876002567086
2809,79.33038778968245
2810,75.91150232658543
2811,77.91962818129923
2812,73.63702823856363
2813,71.26196794316519
2814,71.35388128438382
2815,75.36643172057956
2816,75.90372492983374
2817,77.67034107721486
2818,74.97881773480196
2819,78.91132756349987
2820,67.41972717575015
2821,70.60085302417434
2822,71.4136033909648
2823,72.30162912822715
2824,77.03225578460803
2825,73.00425091477848
2826,76.48026878126723
2827,76.40126575514387
2828,75.73189124186013
2829,72.15313459527277
2830,74.77863708467322
2831,77.88114466812965
2832,78.14613411671553
2833,76.64519760461212
2834,76.11028063904058
2835,75.57586292401498
2836,75.92301533511602
2837,81.27768062905699
2838,79.8778160757908
2839,80.34251362795754
2840,75.57580520995612
2841,76.94163076620794
2842,70.08795959294116
2843,73.1850230436358
2844,66.53424021716069
2845,68.92405305266709
2846,68.91354280957978
2847,69.06985972709163
2848,72.67560800181172
2849,70.36886885757315
2850,69.18229863922727
2851,67.88036735125507
2852,67.9980796035718
2853,68.50118557344774
2854,68.62805170804785
2855,69.4584090716528
2856,74.43400455826492
2857,73.0374820366203
2858,71.48420058471044
2859,66.71164508947561
2860,70.91400589019759
2861,71.26347631646433
2862,72.0106349859542
2863,77.5970453211014
2864,74.87255506039224
2865,76.16808919828088
2866,76.98082364583865
2867,77.71727715896651
2868,79.02873402865004
2869,76.50791240854636
2870,72.87605932352938
2871,72.66697287943975
2872,70.72120401757928
2873,73.10716614115915
2874,74.32112804425242
2875,77.96174839743338
2876,81.69119720770385
2877,79.04981460668864
2878,79.4367532878195
2879,74.57522642310892
2880,72.29773664415677
2881,72.3383476442608
2882,74.03167333676208
2883,77.0998152363033
2884,72.61728450464597
2885,67.689430048556
2886,65.97096254952544
2887,72.90776601603022
2888,75.53377509692359
2889,74.45957230367759
2890,73.46292466613806
2891,76.93223062648667
2892,76.77732502117544
2893,77.1790528238028
2894,73.13271974687183
2895,69.86253496799753
2896,75.49491247312648
2897,67.60286187597205
2898,67.51963723790448
2899,71.97475291363259
2900,70.13847378416551
2901,73.60897191695148
2902,73.1078265705977
2903,71.84991620702709
2904,74.1630462460804
2905,76.85548418825982
2906,78.9567765796807
2907,76.76998524498072
2908,79.77508007030775
2909,74.88348677321517
2910,76.41060293410209
2911,74.43820180527268
2912,72.82171653991566
2913,71.87952306716892
2914,73.3320481347456
2915,71.57558301335439
2916,71.7096256845764
2917,66.05638864622296
2918,64.1520422575777
2919,66.5708958041098
2920,69.58175491701962
2921,65.33367287149701
2922,68.46789945994533
2923,65.7015683789337
2924,69.54704644910879
2925,72.85527886718728
2926,73.87315301425429
2927,76.47720876187304
2928,72.31908806758071
2929,66.48820853088256
2930,70.90608445256964
2931,76.9733066962063
2932,71.66596459801758
2933,76.67408395932767
2934,74.72069739302526
2935,75.31728975012948
2936,74.94773290893517
2937,78.41171695927318
2938,79.18465005601138
2939,78.47847825770702
2940,74.78452985978794
2941,78.85227774656704
2942,78.416403458135
2943,79.6773489403115
2944,78.67984222088069
2945,79.53166780804452
2946,79.64751033191283
2947,80.12986866611521
2948,80.13344635956997
2949,79.47691950940595
2950,79.23829044628275
2951,74.5057962643678
2952,79.07327419603695
2953,80.37806036457812
2954,76.38807004221405
2955,75.49405620911784
2956,75.00423014122754
2957,79.98246915798018
2958,80.28980836504752
2959,78.75516315189134
2960,77.93417234477118
2961,77.37316258060338
2962,75.83049866279953
2963,80.09579891872971
2964,76.94331727003339
2965,77.67693417937102
2966,74.46116206055098
2967,72.91506244902115
2968,78.6926459141385
2969,79.13402787720906
2970,76.45914385807106
2971,76.76023277877795
2972,75.15375386830942
2973,77.30343600608717
2974,76.96052894513048
2975,77.32647405060004
2976,81.08083394992508
2977,77.4221864352856
2978,73.4493015412059
2979,78.22546518770832
2980,80.92638519788744
2981,74.90559759147624
2982,78.50999677462914
2983,77.10800644416508
2984,76.05151718209623
2985,74.38296673787659
2986,74.1840102769774
2987,75.98026528442085
2988,74.95279135036799
2989,76.97081638648979
2990,78.076636721152
2991,79.0650314944217
2992,82.03709284369734
2993,80.77236180245603
2994,77.81954675671977
2995,76.42506865635801
2996,80.34637966286721
2997,79.00304411415516
2998,80.51529621568733
2999,78.76265935714315
3000,77.98993312579375
3001,79.11512747677858
3002,78.17692469271822
3003,78.33690632451334
3004,79.29482280246714
3005,80.0084999505093
3006,79.46970200116169
3007,77.5834579757302
3008,80.2368370963726
3009,81.72304094315177
3010,76.38202444569629
3011,79.07663182104193
3012,77.79074293805286
3013,78.20599249328427
3014,76.91142146977887
3015,76.75699079845833
3016,78.36614328679411
3017,75.73584842645033
3018,73.86062294271028
3019,73.90993936484546
3020,74.02042665053426
3021,78.29606877671904
3022,76.3312132423448
3023,74.28345085589086
3024,74.16410446179594
3025,77.60277293257366
3026,78.29270420888196
3027,77.1784528362453
3028,73.49058678971289
3029,73.31696055849898
3030,77.20744795607641
3031,77.34202377959696
3032,77.47060620836112
3033,75.97807336629523
3034,76.95370476270392
3035,78.90921649395744
3036,77.8053778791525
3037,73.9109595816642
3038,74.35837945591413
3039,74.2343483787148
3040,75.52912886500155
3041,75.53327164250851
3042,80.19477546164768
3043,78.66970319779898
3044,76.5048014972977
3045,75.34826583912786
3046,75.16403482227707
3047,77.35523205464017
3048,73.47236359920379
3049,75.00141822200703
3050,78.0574858548751
3051,74.60763230013447
3052,78.89451301475447
3053,78.42420781600839
3054,75.7436619869078
3055,77.37355031512226
3056,78.15059027673578
3057,77.25151455981626
3058,77.95083904749572
3059,79.73561914302678
3060,78.53958847891892
3061,81.14557438647239
3062,78.3308799395495
3063,76.46216929046426
3064,73.59647599786393
3065,77.07052676627984
3066,79.5771640653441
3067,77.64496068545941
3068,79.83003097652107
3069,80.19194620038354
3070,76.55288100594572
3071,80.89296638109863
3072,79.0233430833768
3073,76.47069233348793
3074,80.2619311610622
3075,80.60264173136756
3076,80.206522288744
3077,74.92356158247787
3078,81.23263540649026
3079,81.61669558862064
3080,78.60014726459019
3081,78.91468753083262
3082,79.44488757588977
3083,80.27318266069369
3084,81.29208798372201
3085,79.87820059769962
3086,81.24095435474192
3087,79.54804639350834
3088,79.7815144830991
3089,79.78469467568988
3090,77.44425645839607
3091,67.17322941069699
3092,73.6161926703669
3093,75.37418835742147
3094,74.29807311488543
3095,73.01458925870992
3096,73.42924537544229
3097,76.06971098332002
3098,78.78426571369681
3099,78.83976604554283
3100,79.61992615301563
3101,77.06861589997243
3102,80.45992625041441
3103,79.70031773812605
3104,79.68273865945912
3105,81.97691229192327
3106,80.39211032509485
3107,80.86070542511266
3108,81.28000904451835
3109,80.36560841810217
3110,84.3555577852407
3111,81.18769265249068
3112,71.52246323589384
3113,81.99746110504816
3114,79.32721806590905
3115,82.1336371572882
3116,80.75288672579552
3117,80.33686955303239
3118,79.14134918064354
3119,77.1254561750506
3120,79.3079860878616
3121,78.89762251653076
3122,80.80570160963907
3123,77.44235800255547
3124,77.68796828706809
3125,73.77730249752983
3126,79.52315905036681
3127,80.19520976721367
3128,79.9620032469225
3129,78.42295337780013
3130,81.55089408945969
3131,78.07749084325195
3132,78.59944428903896
3133,77.29093084461675
3134,78.8063920148544
3135,81.63677442420072
3136,78.81598681971894
3137,79.00502674137778
3138,79.51496517695568
3139,77.01732102728926
3140,79.05650628310394
3141,78.34101481896334
3142,80.00515740213694
3143,78.65979033847987
3144,79.70100171148124
3145,81.42029338960884
3146,81.1152177508456
3147,77.81377520080025
3148,80.56220696399043
3149,75.80350381304737
3150,72.08653545695336
3151,79.10083210467951
3152,82.89212809492977
3153,77.63235477465474
3154,80.22268514433381
3155,80.44115916286262
3156,80.32374506741291
3157,80.8030858885985
3158,81.8065181718253
3159,78.51843701731588
3160,77.60777959569975
3161,80.26779275908672
3162,77.23292504994112
3163,77.181307676178
3164,79.31395962119257
3165,78.26127744646419
3166,81.24022022525361
3167,79.35769180671787
3168,72.75927029395996
3169,80.04340323924418
3170,78.3644320176503
3171,78.51342404242212
3172,78.65021845220639
3173,75.38052627526594
3174,79.28719492214049
3175,77.43997202049258
3176,72.23704114839234
3177,74.99913457087024
3178,74.13758545452964
3179,75.77988517095662
3180,76.5959151912279
3181,76.02244362264838
3182,76.13524992744067
3183,75.23687411387789
3184,66.19791828854818
3185,68.92832346676084
3186,72.40513622563537
3187,71.18970878726668
3188,72.32515731001075
3189,68.72343470797006
3190,72.26635949483438
3191,77.74573495118102
3192,75.52170313984834
3193,73.30877423626765
3194,74.15072814551769
3195,71.66510138025791
3196,76.20997100235627
3197,78.09233417299504
3198,77.82941253665405
3199,76.40509870594775
3200,77.39957184896815
3201,79.10568437985756
3202,77.54859596778243
3203,77.89100801663216
3204,79.48375452976546
3205,78.8074218666606
3206,77.47509965971341
3207,77.38132646485906
3208,78.18750464125662
3209,77.42938760355491
3210,69.28893949945308
3211,75.51679246499447
3212,74.03557732492902
3213,76.24064588581206
3214,78.60133013819564
3215,79.25408998769223
3216,75.20095043962397
3217,77.0825371468598
3218,74.69773661117648
3219,79.97737949964312
3220,77.63755295436442
3221,71.91392685692898
3222,75.89447264489883
3223,76.32243551407095
3224,79.15174934693715
3225,77.52092333842529
3226,74.94097552067075
3227,77.47334301616524
3228,76.24819715807047
3229,77.59922726167036
3230,77.25358938310649
3231,77.61724514239421
3232,75.51170289051657
3233,75.8095792919496
3234,75.36903286597317
3235,80.18919428123024
3236,78.59651925628634
3237,78.76304401521747
3238,78.23770164638307
3239,82.03301156569455
3240,79.75444758124621
3241,79.62899228096603
3242,79.6057498958723
3243,79.31537208237978
3244,79.32630854371666
3245,77.59392429812846
3246,80.47678649692904
3247,79.32955614477129
3248,77.90298600201908
3249,81.32852536389856
3250,79.01795357512754
3251,79.47089923121484
3252,79.16572146930281
3253,80.46756836957974
3254,77.83043324099475
3255,80.7493881785204
3256,75.89691408452302
3257,76.86581987794085
3258,77.70305243699852
3259,74.89056951077652
3260,70.07795648740114
3261,64.34504212691854
3262,74.15059153335909
3263,74.50807706650727
3264,77.85727885423364
3265,78.16958149167698
3266,76.59472156343583
3267,77.12485556728086
3268,79.71892893829511
3269,77.3838358806529
3270,74.06017509889489
3271,75.41062568347303
3272,76.81825801571074
3273,77.6167096747426
3274,79.15698587612746
3275,76.84597209500612
3276,75.50207472220865
3277,75.33740367882609
3278,79.74281898766287
3279,75.77670904279535
3280,74.8810359719389
3281,67.9033352583682
3282,68.53429352889549
3283,67.29404681584253
3284,74.09697069299591
3285,77.47056936911957
3286,71.24626082432496
3287,71.50195111963751
3288,75.26742122316239
3289,74.77695067526781
3290,74.70970929725678
3291,78.10597966708445
3292,76.95146980929815
3293,78.7903207411344
3294,79.5888607195995
3295,73.76016850028293
3296,76.25312565380136
3297,75.58088655246581
3298,77.86942639199975
3299,77.33058724246558
3300,79.38727702856465
3301,78.6007877513133
3302,71.79298032299613
3303,73.08481845004997
3304,75.13327261787464
3305,74.95781039619789
3306,74.8633942484588
3307,69.79235334018006
3308,69.3551677594179
3309,70.91775970115742
3310,76.35786837817346
3311,77.70642040843939
3312,76.04625368547727
3313,75.6814927551132
3314,70.7489640713701
3315,76.57675340104743
3316,76.08613443021233
3317,75.2321214711082
3318,78.0574733401553
3319,77.17695203413484
3320,74.81421258391674
3321,75.9151677342993
3322,81.28346681277515
3323,81.32056704199084
3324,77.81543615220818
3325,79.31041728435792
3326,79.7107590795934
3327,75.05612111298683
3328,79.02129054502785
3329,77.66986397948028
3330,78.79791037682867
3331,77.03064555167055
3332,75.92534659697657
3333,78.70488346908297
3334,78.1657617214666
3335,76.5385786783757
3336,78.47934766046569
3337,78.00929476488324
3338,76.43766138214329
3339,75.04171746227252
3340,76.60688040190325
3341,78.79998483447434
3342,79.67332188953884
3343,80.83684213473668
3344,76.22555621865337
3345,77.93708914415657
3346,74.80131964967808
3347,77.74919868096629
3348,75.839433830791
3349,76.7318763961776
3350,77.098737756655
3351,76.52447466401821
3352,76.79848693887664
3353,76.80425529901373
3354,77.83804107541141
3355,76.39594546607253
3356,80.11395395506321
3357,76.7689497450366
3358,77.34156559159868
3359,77.56416112739771
3360,75.13472851543196
3361,78.65921995148528
3362,76.50454364745605
3363,79.73920902165594
3364,77.48114953055284
3365,76.6625476973528
3366,76.84649087090531
3367,77.08075922547152
3368,81.13422411583912
3369,79.1789583411578
3370,77.38751720878605
3371,77.07778805974323
3372,75.74447529449753
3373,80.82046840808374
3374,75.49013645795088
3375,72.66495025273025
3376,78.5113748920769
3377,76.519721123061
3378,74.45607866617195
3379,74.94991457125172
3380,77.34625861713528
3381,74.67736363391276
3382,76.0308593730141
3383,69.67908469284419
3384,70.09050734799155
3385,74.96623677902755
3386,75.87279052840114
3387,73.00472842860637
3388,75.6774658559246
3389,74.7490309837977
3390,73.94760485439429
3391,75.83917126642706
3392,76.6642862757252
3393,74.97379389909526
3394,74.49340659116928
3395,71.61134683068593
3396,75.0775382635432
3397,73.40417750183661
3398,69.88423392655284
3399,71.5998772807942
3400,76.96513733576637
3401,77.3180910015185
3402,76.11565783291866
3403,73.39094980735388
3404,75.23707477385568
3405,75.86029885237656
3406,77.31076777950466
3407,75.70492736174197
3408,74.6140419940221
3409,77.97936653479138
3410,78.2418337461109
3411,73.77652814590834
3412,77.65870119053426
3413,79.37734244874753
3414,76.49627812915998
3415,78.70894918798012
3416,74.45810834034961
3417,71.9041133432317
3418,71.48398017776157
3419,77.20015392723508
3420,77.29050293573016
3421,78.97579601574688
3422,76.88040771630506
3423,77.23519020240053
3424,76.72549155127297
3425,79.82664343069735
3426,78.50118330974652
3427,74.09842772981835
3428,77.04404919461876
3429,75.89027728036746
3430,77.72429273444737
3431,77.25349270550464
3432,80.59095839926812
3433,75.86793162516511
3434,75.15906986799564
3435,74.61162710607687
3436,78.34668412404034
3437,74.89056951077629
3438,73.67982638532618
3439,78.4724259524586
3440,73.1658734898549
3441,77.61559165981731
3442,81.33344130277061
3443,79.92355839586713
3444,79.19330528775714
3445,76.89027186337097
3446,71.9397172069971
3447,74.35274938256896
3448,82.89051264911825
3449,77.09339002414742
3450,77.38456749535601
3451,76.02116497063355
3452,80.06389062334364
3453,81.2012596990445
3454,79.18934569413966
3455,77.03159286117744
3456,77.10812986135085
3457,76.08107056820438
3458,77.56867180880056
3459,76.6446368987344
3460,74.84465791375976
3461,79.70047791062098
3462,76.47460135468776
3463,76.86786372877145
3464,76.87644689239715
3465,78.88624218468016
3466,78.78908139612855
3467,78.5376286147058
3468,76.58443621079431
3469,76.340408548678
3470,77.25456777261809
3471,79.15874443854779
3472,79.3618422155534
3473,78.5666930407188
3474,78.03080935852898
3475,77.14065312050838
3476,77.17852047977891
3477,80.16430452786346
3478,80.02011728937833
3479,80.10646915980215
3480,82.33277945867394
3481,76.69453696716056
3482,77.50156551894872
3483,77.6970618038871
3484,74.70969708150295
3485,79.76594493801582
3486,76.51438157798452
3487,71.19110324844615
3488,75.74810526711184
3489,79.22937739706117
3490,77.73199105498071
3491,76.0769598700337
3492,77.89895293967282
3493,76.02998907971221
3494,77.21613344530931
3495,77.65062905519403
3496,76.63887985584716
3497,71.19335540701479
3498,76.67981052586788
3499,78.79060289108071
3500,77.82776541509025
3501,78.05748585487532
3502,75.12987714166792
3503,76.9899822839534
3504,77.05986205596514
3505,80.6056469444527
3506,76.09055350556537
3507,80.22002562834297
3508,77.25815556593153
3509,76.08994471422176
3510,75.12550858139929
3511,79.20106762675039
3512,77.17606798131709
3513,77.82413394361208
3514,77.48264692105857
3515,74.69483729040775
3516,74.71348166856086
3517,75.03933526461628
3518,78.35526098325113
3519,71.34429639317295
3520,71.81314076773083
3521,79.85056814683287
3522,78.25147367385483
3523,79.61099274143282
3524,80.3874098628886
3525,79.66946869778502
3526,76.25792773268796
3527,78.81291374192284
3528,78.479568406753
3529,78.75198097909089
3530,74.08877365175846
3531,75.04226787681512
3532,74.4686564799805
3533,78.70654044839972
3534,77.29098386907475
3535,78.35569560077283
3536,77.87008789441364
3537,76.2898767177187
3538,77.48411493088389
3539,77.78211335218833
3540,75.8272078301548
3541,68.92393916444558
3542,73.4246863248934
3543,76.73179712601672
3544,76.25815686599896
3545,76.25658680950875
3546,75.02265100660156
3547,79.29171863545531
3548,77.5513337095233
3549,76.96831372754991
3550,77.13361528839187
3551,74.91187956104977
3552,76.78893109925207
3553,74.41954652572798
3554,71.66214006063836
3555,71.79446494138443
3556,78.57124202403787
3557,75.79995718259823
3558,74.37215781672904
3559,77.42030788437216
3560,79.57285688609585
3561,77.81061993117112
3562,76.6057529926797
3563,76.54114618561607
3564,75.80982792537475
3565,73.99841922524945
3566,76.89812838022101
3567,76.30673610172727
3568,76.9821163377519
3569,78.80793624285258
3570,77.74865132874879
3571,79.62910528456274
3572,77.25564206934291
3573,78.95639550541296
3574,79.2668381120501
3575,81.5130580549137
3576,76.90504003948746
3577,74.1228758323013
3578,74.36753606074075
3579,74.75744923528282
3580,72.42614913461796
3581,71.52893246748783
3582,77.01391927533837
3583,73.48725711535508
3584,70.34888027393902
3585,72.45410528095675
3586,75.20301298842617
3587,74.85538132126464
3588,78.83064083044263
3589,76.97645984308969
3590,78.77928321748993
3591,77.54831818418654
3592,75.09487948356588
3593,79.27221958555765
3594,76.28387240550103
3595,76.08707164044893
3596,75.48878095224148
3597,75.0243242722093
3598,75.04615000874662
3599,78.61529649664243
3600,76.62857937933256
3601,77.90824007037992
3602,72.48542886953368
3603,71.55883590923821
3604,73.81044431148365
3605,66.45087597460792
3606,72.8612395936484
3607,80.63007751031199
3608,80.15875391230412
3609,78.54234981916801
3610,78.78642556912246
3611,78.5041832836987
3612,77.90673816859277
3613,82.03768545972383
3614,79.99424623982128
3615,79.63181319084907
3616,79.01421143911921
3617,81.0423788361191
3618,80.37884072989692
3619,81.03765263572893
3620,80.49060394635165
3621,80.86647516083525
3622,82.15697206819362
3623,77.2490194714585
3624,80.66270237999407
3625,76.47397589053321
3626,75.8378429111072
3627,77.68905793046616
3628,82.73133020141228
3629,78.35172665931253
3630,79.17787279358328
3631,80.35637002303889
3632,80.44861548336473
3633,80.3513433697434
3634,78.91403973482215
3635,79.26894877286793
3636,79.76034319954653
3637,79.21753483966296
3638,78.86975570667653
3639,80.15049843676206
3640,79.32514011235884
3641,76.55715516679044
3642,78.32475711799185
3643,78.17420547893528
3644,78.01937056239575
3645,71.0932679164635
3646,71.67436036215838
3647,76.81909042975411
3648,68.7551565753605
3649,84.99563179275282
3650,80.48346783177044
3651,84.78456582316431
3652,84.70031532706139
3653,81.90458833567851
3654,80.38796415424883
3655,81.41913564635252
3656,79.23885170605422
3657,79.30063750378031
3658,80.93897998731893
3659,81.16244933033295
3660,80.30679872827159
3661,82.38198088973695
3662,81.86092234698248
3663,80.65106509693516
3664,81.89329541444636
3665,83.08036456911287
3666,79.53037389917995
3667,73.7221921768662
3668,73.97807070012482
3669,67.84633381818935
3670,68.75090217291677
3671,70.54184248462303
3672,80.66713640469504
3673,81.3316124296262
3674,83.18543538612533
3675,81.77676558944631
3676,77.25899667920572
3677,73.67144394033721
3678,73.54304006337549
3679,67.86726027508428
3680,73.30010631953826
3681,68.85729601417125
3682,66.69576193971938
3683,69.54457141426394
3684,67.98479918181351
3685,69.2962469177412
3686,72.98044982353093
3687,71.68924846232608
3688,72.14543170349367
3689,73.69411379773084
3690,72.54396073340888
3691,66.89564848577288
3692,71.11006024661265
3693,72.3395062846244
3694,72.85407435949475
3695,72.67362290052495
3696,75.95884131482546
3697,78.40601633338156
3698,77.59606513002097
3699,75.95256217109562
3700,76.77401277757679
3701,77.28982204848688
3702,80.58153552240395
3703,77.57238189977619
3704,78.63622633337349
3705,79.14804763422211
3706,75.82378426483626
3707,78.72615485345699
3708,79.36859105114041
3709,75.79802699596047
3710,76.73076354322728
3711,80.13329665090475
3712,78.39407391558103
3713,73.2734999598116
3714,70.00755128038003
3715,77.62268801882209
3716,77.73454647037568
3717,82.04281222049008
3718,74.59583524441854
3719,79.02583682765703
3720,79.59248764362559
3721,80.77554200835431
3722,80.26197478610919
3723,80.16192671856732
3724,80.07329211202017
3725,79.62285271577684
3726,76.4367825802371
3727,78.9678172347563
3728,80.8128719495403
3729,80.80988354557309
3730,79.71341385246853
3731,76.00609805632308
3732,76.98609468387559
3733,77.26857440441051
3734,79.19056468059642
3735,80.37162973476364
3736,79.58385892687596
3737,78.44290162536282
3738,80.13826040098462
3739,76.46216929046403
3740,74.41003683118191
3741,71.99424615279975
3742,72.54164662178141
3743,75.03902738964115
3744,74.3066726656769
3745,76.35190574625608
3746,75.77025492262669
3747,75.2563599041448
3748,76.43058302564083
3749,73.62128626118323
3750,78.44827450561792
3751,77.52592539467815
3752,78.93752320993775
3753,75.14674544331126
3754,76.04721799734261
3755,76.88301309642515
3756,77.30244411965413
3757,77.32319455337677
3758,74.85729024546515
3759,79.05768352370359
3760,71.80027215486416
3761,71.79058148330859
3762,74.92630904208573
3763,77.11712766723173
3764,72.60984915991423
3765,65.97330820896656
3766,67.06563068328552
3767,75.5967661096144
3768,77.61316791260896
3769,79.16688657040123
3770,76.90609040883345
3771,76.60741730337014
3772,74.17014472857568
3773,75.5366261198522
3774,70.11008340676932
3775,71.3153467154815
3776,75.11908247858605
3777,77.55579064007799
3778,76.19330498593104
3779,76.46098450260956
3780,78.51155629635014
3781,77.10853652190445
3782,79.40781689377803
3783,80.88082048275646
3784,80.32317710656264
3785,78.39441936419234
3786,80.40898993823538
3787,77.33897897222397
3788,78.79322111853486
3789,76.85546385852439
3790,79.18134067624811
3791,73.98392393985353
3792,77.9393134518973
3793,77.1098020273667
3794,75.4956158299346
3795,76.88781626964777
3796,78.84469097357277
3797,77.85292444059684
3798,79.01801457657712
3799,80.82220779552028
3800,76.89181746309589
3801,78.66816069985731
3802,79.61797126481719
3803,80.55720119083907
3804,79.13717960876238
3805,80.33193844430855
3806,80.28128130231403
3807,77.65839932117672
3808,77.1754525169111
3809,77.38420315975048
3810,80.60426463485123
3811,79.50942605060845
3812,79.54200629508023
3813,77.82736011596853
3814,77.01377643612784
3815,76.96231631766972
3816,77.78068779359052
3817,76.81570048435754
3818,78.94736098865883
3819,79.9233749955423
3820,78.29179919904715
3821,77.10156821648792
3822,80.19995191890229
3823,77.85801575693398
3824,76.14616386506697
3825,80.01344047546536
3826,74.59474442287188
3827,71.88523326550501
3828,77.67633014184503
3829,76.99548946273671
3830,69.54352830687503
3831,76.66444795239204
3832,81.065119448941
3833,80.11734321137692
3834,77.49665697425888
3835,78.36017171398618
3836,80.06595708190576
3837,77.12410887063976
3838,79.00591840761018
3839,78.24319267758335
3840,77.52028119442946
3841,74.87061846471914
3842,76.127667358667
3843,78.40628914921177
3844,73.94634132020934
3845,74.87883059897479
3846,78.13280274369816
3847,74.22716324369412
3848,74.76589157820848
3849,76.77688232958275
3850,77.1451041545584
3851,77.12609723865205
3852,75.96809926122813
3853,75.19687146188102
3854,74.64497862435343
3855,68.4387323874808
3856,67.23114896158597
3857,70.25327683652921
3858,76.05682224985497
3859,75.92633053933355
3860,77.76342754850293
3861,76.45795972100956
3862,77.80231183772224
3863,77.18602203158764
3864,79.95463322702733
3865,78.26475678528061
3866,76.5508284299953
3867,80.48301368365611
3868,77.91307153554197
3869,78.28076826145804
3870,79.6152555411328
3871,74.60065915475963
3872,77.60749723677685
3873,76.54544182517867
3874,73.42280751932742
3875,76.83045548221816
3876,75.15524691201045
3877,74.23439093888311
3878,78.54952759111052
3879,77.6659846858704
3880,79.46340518597844
3881,77.6891474717865
3882,73.85983260270103
3883,77.28253693970436
3884,79.30132595112377
3885,79.93590515867334
3886,78.90951770158404
3887,76.15631627815827
3888,77.1101288031146
3889,74.34749303139375
3890,78.74279608025978
3891,77.15032542903623
3892,77.07561501924272
3893,79.37966355874755
3894,77.06607503807965
3895,77.5267350851654
3896,75.53603567737974
3897,76.75233761365206
3898,75.51908288314979
3899,75.84222140472036
3900,79.47123166893687
3901,74.74137550859717
3902,74.52981151363872
3903,73.14494748682642
3904,76.97622748457144
3905,78.0122872526673
3906,78.03156805640282
3907,76.59342593998815
3908,76.29199082619135
3909,78.2858044571646
3910,73.6678565633378
3911,72.23708391549178
3912,75.54851901295143
3913,76.2241018495672
3914,76.68172870204882
3915,78.93787734000477
3916,75.51263051034255
3917,75.12159393437315
3918,76.81916622261667
3919,74.40784930923314
3920,77.54048299523299
3921,77.26427228133076
3922,78.15557609020345
3923,78.6522320732742
3924,77.50064162616081
3925,72.60841380877736
3926,76.43826800521703
3927,76.34465469461475
3928,70.39950525138687
3929,73.55654783513944
3930,76.83247507905293
3931,78.72557050964065
3932,78.29473050864789
3933,78.396455339986
3934,77.81583957656255
3935,75.34440290528352
3936,77.30327674828607
3937,77.97385535240488
3938,75.06828885448033
3939,71.2322204555253
3940,80.34632922484741
3941,77.61933824192903
3942,76.15381362348865
3943,79.69654615432438
3944,80.55037602037078
3945,78.0524973428382
3946,78.14031509167569
3947,78.52806110624738
3948,77.74086031648432
3949,78.57869032503578
3950,76.88749321429452
3951,79.13956604341854
3952,79.72826550782821
3953,78.21308607144573
3954,79.9611216878962
3955,80.69412915454808
3956,79.99161503601493
3957,78.46912542150022
3958,80.25079182289988
3959,77.37068438269205
3960,75.6242233073861
3961,70.8423637822375
3962,77.12968597198278
3963,77.6567332752856
3964,75.04802836400484
3965,76.86434398627875
3966,80.29525856383339
3967,77.98955137030583
3968,78.0446797716694
3969,78.29852075205957
3970,76.36526837706128
3971,77.54618057766515
3972,77.88511341177536
3973,78.18657380220503
3974,73.09819918243733
3975,73.65816381590969
3976,75.865356985017
3977,74.89263549547258
3978,78.69068810291196
3979,77.48148495342411
3980,75.36412468354405
3981,78.67279747168726
3982,77.9865109488685
3983,78.48004709072256
3984,77.9377655991712
3985,79.27903525311888
3986,77.43158286621832
3987,78.77123487570515
3988,78.11152651666191
3989,76.98587858932154
3990,78.19866492329777
3991,78.06388625442764
3992,76.05992996941603
3993,73.00714721969882
3994,79.70779179001391
3995,79.83659947614308
3996,77.74856745480042
3997,77.51734449969626
3998,79.535755061575
3999,74.19868965619361
4000,78.58250729037906
4001,75.3469180301392
4002,71.64622337546848
4003,70.99046832969378
4004,69.51312477272012
4005,76.04490096861531
4006,77.19535645862021
4007,75.39767175243497
4008,75.89646154595738
4009,74.52506892282906
4010,70.6387930841363
4011,78.01115351189134
4012,78.07921618851549
4013,78.13774527741191
4014,75.82649412122629
4015,71.83411163337655
4016,78.45353931942492
4017,75.11690926916015
4018,71.80229307540901
4019,73.40925635105901
4020,78.45975746528444
4021,78.62521725894976
4022,76.79582320373493
4023,77.90745749112654
4024,80.03101760302548
4025,78.9941656635167
4026,75.92267916271629
4027,77.69284126137052
4028,78.37763130466271
4029,74.26046297885824
4030,76.34380662771451
4031,76.03078350042472
4032,77.77958258826175
4033,77.87814778778585
4034,77.33795165627203
4035,77.53999178832294
4036,79.04595741333765
4037,74.60917102948724
4038,77.22850866660951
4039,78.94722173799119
4040,75.16554906621354
4041,78.8721584735282
4042,81.01219871074363
4043,77.62799470750753
4044,81.39231917467532
4045,80.76936978931474
4046,79.88461226622798
4047,73.56049448402501
4048,79.78845038471479
4049,80.95435236341359
4050,79.32581287995447
4051,77.73814476569964
4052,78.27011138749435
4053,80.94709192656813
4054,80.08886054885215
4055,79.77159647604793
4056,81.47519628807976
4057,78.75271329705151
4058,80.07327237197637
4059,81.28057226250155
4060,81.21787738612181
4061,77.68048086394822
4062,77.84787980455019
4063,78.77035651289026
4064,77.43649782107332
4065,77.17799476260461
4066,74.41473270729512
4067,72.22382770170907
4068,72.0397052595963
4069,78.95883110462887
4070,75.75316561278288
4071,77.41081669453501
4072,78.42519242780196
4073,79.71142733111645
4074,78.54404031007289
4075,76.97058319721202
4076,78.06570105438516
4077,77.94241912735242
4078,76.69380189164605
4079,75.65175129764503
4080,76.37123753073394
4081,77.11475663027886
4082,74.89498608242792
4083,79.58899780560012
4084,73.54170437618569
4085,73.87306467242797
4086,75.34376255362452
4087,81.28000904451852
4088,76.45838584929862
4089,79.05258409804912
4090,79.32323218249547
4091,74.88411438294202
4092,77.07197654546701
4093,78.48265700402357
4094,80.79088590248335
4095,78.08446273353798
4096,79.88777494949039
4097,79.06557500745441
4098,78.95970967456788
4099,80.15897188383269
4100,74.80632874439988
4101,74.60973322239437
4102,76.4019250883913
4103,75.53534675462566
4104,68.47496709436467
4105,72.3551447416749
4106,72.5810712953658
4107,74.41292705667416
4108,73.33549364949783
4109,77.08571861513008
4110,76.26746760627589
4111,77.03535503131502
4112,79.38732725775179
4113,78.7162297851882
4114,78.14192206685146
4115,78.47089476383297
4116,78.4912411503841
4117,78.59296888066194
4118,79.95266527136937
4119,76.16823578285869
4120,80.10885142116956
4121,80.01293706541128
4122,80.04633021061221
4123,73.04878534263861
4124,76.062601725158
4125,80.67674139537638
4126,75.65182072129039
4127,75.92098974785881
4128,78.43009962532938
4129,77.27890766154451
4130,80.16711943629088
4131,76.82385342395281
4132,78.71849076639313
4133,76.80225059093522
4134,79.95148277606711
4135,78.89512684030547
4136,79.07646025476657
4137,78.99193424428512
4138,78.4219062577809
4139,77.86440592853592
4140,79.02001036478794
4141,78.25090266110965
4142,79.05229341200709
4143,81.24043231072858
4144,78.74283364628138
4145,80.88228024939667
4146,79.31553860419348
4147,80.4063408281574
4148,78.85475645778126
4149,81.23293492502683
4150,77.4252424983211
4151,77.63426555271411
4152,79.59588159600185
4153,79.4610585472218
4154,73.27466576065922
4155,78.57312206726681
4156,81.43205225532301
4157,77.73047078212778
4158,77.65149167877934
4159,79.18703054116583
4160,77.14428209057371
4161,83.2805899948147
4162,77.98969560968209
4163,75.55031769662384
4164,77.580137846512
4165,75.62087479818564
4166,77.6977835507384
4167,77.04170445071543
4168,77.5095390989593
4169,77.04778340105463
4170,80.77157905117139
4171,77.82266163428233
4172,80.47296010510871
4173,78.5375899763689
4174,77.56685811289117
4175,79.6604615567415
4176,75.03849535120042
4177,77.49882046340753
4178,79.30733418130916
4179,80.39481487002115
4180,79.04834273999711
4181,79.4131712825839
4182,74.0698942615096
4183,77.53580809503597
4184,79.73627923579932
4185,80.65622018874876
4186,78.23030786015374
4187,80.74621801622214
4188,76.50926703161252
4189,78.43635109477833
4190,73.21985213100714
4191,70.31154798882613
4192,78.36551727658548
4193,74.52964700956181
4194,77.66321941395535
4195,77.9954027257146
4196,79.36651733271037
4197,75.56878168320452
4198,79.22683168790985
4199,76.36059475366778
4200,79.00811688875802
4201,79.63697672440856
4202,77.67923576463608
4203,76.17530127089475
4204,77.81155718148136
4205,80.74867157027342
4206,78.39598744255181
4207,78.02937361953252
4208,76.6483014131291
4209,70.37294901689796
4210,78.49312452069199
4211,71.7574070722452
4212,76.27911872684905
4213,79.58349069967488
4214,77.66799726182938
4215,78.8930277936816
4216,76.66167230119959
4217,82.13164997596056
4218,75.25163107488271
4219,76.76412578715781
4220,79.40723179188996
4221,78.41303339661908
4222,78.55746080316959
4223,77.03140305325019
4224,77.06999389572763
4225,77.30449535547683
4226,77.44198492680317
4227,79.60069186166714
4228,76.728207663776
4229,76.51706431039213
4230,77.11600122512516
4231,81.07052456329706
4232,78.15839593381241
4233,76.23331679102239
4234,78.26284508821823
4235,77.86141908062007
4236,78.05544493278688
4237,76.4626954333429
4238,76.32834150638905
4239,75.99100689530809
4240,74.89914195649283
4241,74.26132157538137
4242,71.88124191673597
4243,75.68292427759735
4244,77.26965176479735
4245,72.1165011366835
4246,68.11742672919883
4247,75.90498998823699
4248,79.4640083448042
4249,80.96128640231223
4250,77.02213350799514
4251,73.41218643702433
4252,70.9582388596026
4253,74.08501002748955
4254,76.47057598316206
4255,76.9415749593893
4256,73.53332132208624
4257,75.16737791511588
4258,75.98893526295399
4259,76.61875672622335
4260,78.44518144637658
4261,74.69729524161323
4262,75.86600217160367
4263,74.2278755521341
4264,77.33529573201088
4265,74.54377390989578
4266,72.61161436581091
4267,78.29008828661387
4268,78.9869589623317
4269,76.14415705456469
4270,78.0450738632195
4271,78.1259005033935
4272,81.09261455481243
4273,75.30528260463228
4274,76.18732080460916
4275,75.02319688084407
4276,77.40610352545008
4277,81.02764772303766
4278,76.90433828220029
4279,75.73189124186013
4280,73.22644135480635
4281,77.70982230687946
4282,77.45650209593549
4283,79.49139785536096
4284,78.21910011746377
4285,76.87724318878304
4286,77.93205417008835
4287,76.6423295385083
4288,76.99764879688911
4289,73.20391192988257
4290,79.88566342976844
4291,78.35856947048
4292,78.64906553533251
4293,79.4922555141448
4294,79.88845874589555
4295,79.19809872366636
4296,71.71698955027682
4297,76.46185022098803
4298,74.94447484146178
4299,75.31254494501025
4300,74.27905302560924
4301,73.94082861660576
4302,76.69000359254164
4303,81.58773056167877
4304,77.94002006335097
4305,79.81546445722472
4306,76.63949397514733
4307,78.20780083801083
4308,78.56494833801133
4309,76.36706217894334
4310,79.92378413189448
4311,79.28205222614463
4312,78.92404979020267
4313,78.76365783891714
4314,77.77361036018226
4315,76.83200192736706
4316,79.19233684323422
4317,79.99048387157495
4318,74.6920283380444
4319,75.6969189123829
4320,78.68236216641549
4321,78.20580356909909
4322,78.65803340582755
4323,77.27344117040133
4324,77.0906559703119
4325,80.88232512014167
4326,80.022101206868
4327,81.38814503930502
4328,78.2640271845799
4329,79.3643699663591
4330,78.2157974547174
4331,81.17908614795084
4332,77.85511495494904
4333,72.36119619566358
4334,79.12261423621993
4335,80.21428522683084
4336,79.71225172548208
4337,80.22851575517637
4338,77.48570435326536
4339,78.36907406069463
4340,77.89817955929169
4341,77.60273320955099
4342,77.82611000234573
4343,79.57822424938126
4344,77.82599959931207
4345,81.00616410331315
4346,76.42425361486261
4347,78.73080047473474
4348,77.28536189146143
4349,75.84988440162914
4350,75.51177115415845
4351,78.29912720400836
4352,77.414168748321
4353,79.25799917716341
4354,78.70464873431928
4355,76.806475751895
4356,78.82619334809391
4357,79.43492320802545
4358,79.55604958752826
4359,77.26063533741615
4360,75.95221467836575
4361,75.23678364101647
4362,79.64169114658227
4363,77.8529021874578
4364,79.05049595858128
4365,70.76117486120592
4366,70.38531049499414
4367,71.95263919742763
4368,72.70430610898416
4369,67.92282382283383
4370,72.70460636513002
4371,71.44297897183407
4372,73.55061756632392
4373,73.53337461053201
4374,75.57816973391886
4375,72.74247915702716
4376,74.77449853034733
4377,71.95489483112857
4378,76.19538696397069
4379,69.51674250612587
4380,73.9461949746227
4381,73.61649163222143
4382,73.58916971078281
4383,73.04617696197346
4384,76.25360032168248
4385,79.07164113773456
4386,77.90739881502992
4387,78.36997743134776
4388,76.72721727974306
4389,77.70677172369261
4390,75.90083357942461
4391,72.43798865635972
4392,74.75340184923664
4393,74.92803219751642
4394,74.73229648157093
4395,80.00466960213339
4396,77.95335359745087
4397,76.84021570386614
4398,76.92737739327669
4399,76.02697188781434
4400,76.86828074259785
4401,78.67268982855933
4402,78.569166096044
4403,74.44831685198358
4404,71.61801219823758
4405,77.89523575822471
4406,77.43769200512901
4407,77.93262003840903
4408,76.12990905054016
4409,78.05786938043127
4410,75.10763080638037
4411,77.13921147750068
4412,75.69583137625426
4413,79.12722310562066
4414,75.51481624879477
4415,78.73602606970968
4416,77.29338499711218
4417,75.15730294198971
4418,72.14089048151118
4419,73.56804215564694
4420,78.72839718513217
4421,80.20316717800733
4422,80.60962449593757
4423,77.2277421646391
4424,76.41662626764685
4425,72.7547800829231
4426,79.74771877032191
4427,75.26447538658226
4428,78.42918321866398
4429,71.93135757165118
4430,74.50212007770591
4431,74.35341524387275
4432,81.30923339069466
4433,79.16767601688377
4434,77.34206912948736
4435,79.4836000780316
4436,77.37603029539235
4437,74.36223022039701
4438,76.36342655408356
4439,75.7720511334461
4440,76.82424477453634
4441,75.90758781801884
4442,78.81892902956912
4443,79.2315443863896
4444,77.03629587843159
4445,75.97648052053432
4446,77.54976924648543
4447,78.23326280802121
4448,77.61776343941824
4449,72.37684881432995
4450,69.65038810442337
4451,77.31440004411064
4452,77.44362896727955
4453,74.9773041046958
4454,71.38834510960959
4455,73.30939917290465
4456,76.67721146838886
4457,77.36540964835717
4458,78.72315311077364
4459,78.60772805332965
4460,76.90882523992178
4461,77.35875886852881
4462,80.72303087346046
4463,80.13467253334562
4464,79.98242126893973
4465,75.32802656761623
4466,76.2529233467165
4467,75.26089324804644
4468,71.20067260642332
4469,71.61753532122083
4470,75.11566887672018
4471,79.28478925763682
4472,74.92903083348511
4473,77.39874704508867
4474,77.62301658921763
4475,79.81872127951442
4476,79.42018970808397
4477,77.45631940173348
4478,79.8032682002904
4479,77.61961404823052
4480,79.75764731870339
4481,78.99239867808842
4482,75.47415480252448
4483,77.22317217400547
4484,74.33697686322171
4485,79.62839812807016
4486,74.98306762844555
4487,80.82478020880194
4488,78.2959155492818
4489,78.51679917933961
4490,78.00813774827685
4491,76.87661223745266
4492,78.19670730261936
4493,77.29768928889331
4494,78.11256250163024
4495,79.12022929447102
4496,77.96270362099364
4497,78.86893197208923
4498,78.68428886245556
4499,76.9681947799877
4500,76.3668881747272
4501,73.09522894160864
4502,74.32582690012742
4503,73.24344198032009
4504,72.97672678799319
4505,78.46602500485267
4506,76.64947253485389
4507,78.228122713414
4508,77.18390675349178
4509,77.88218052403687
4510,79.52761953649366
4511,79.50506163705023
4512,76.1025020097382
4513,77.72336844189158
4514,77.17255991563707
4515,75.04473998146659
4516,74.96880859942706
4517,78.89942964376553
4518,77.95508251198015
4519,76.10254049209613
4520,75.12337599516991
4521,77.24012192924124
4522,77.95607357982084
4523,72.544509822478
4524,77.33317372997175
4525,78.91358950822428
4526,79.32581287995487
4527,78.85088307506362
4528,81.97449620357105
4529,78.89079362399804
4530,77.3812580792765
4531,78.81036341812865
4532,76.77544219314257
4533,79.19715812076998
4534,77.86033640068013
4535,75.52878408366144
4536,78.4006826823337
4537,77.44508660509581
4538,80.79090158456461
4539,78.68260209033406
4540,79.33384289222249
4541,79.2792688378949
4542,80.77882858676645
4543,79.29062522511839
4544,77.5552565452104
4545,78.84194933568142
4546,79.81183691685351
4547,78.34968862046503
4548,77.93011678891929
4549,77.93077858049247
4550,78.2833520765679
4551,77.48995364918272
4552,75.66923009679306
4553,80.50657642480866
4554,79.35436168928379
4555,80.70046741002585
4556,74.2649559351782
4557,80.5741001604951
4558,78.0662434891409
4559,79.25712385816257
4560,78.28800929961756
4561,77.09339002414754
4562,79.06328514143922
4563,78.03781672102457
4564,78.97860659794293
4565,79.50813507391484
4566,77.16481680432054
4567,77.61976756356978
4568,79.90304020620937
4569,78.59179134792839
4570,72.41121839624026
4571,78.22717066064337
4572,74.72496981142461
4573,76.78078844460907
4574,72.915109075065
4575,71.81812970157972
4576,81.91665349954553
4577,77.07148788731348
4578,79.18479449530696
4579,77.54549615556812
4580,78.71262806761126
4581,70.61548612726733
4582,69.94586971775021
4583,75.26860778397366
4584,78.7495356504125
4585,77.47200901919012
4586,78.58313684270956
4587,76.53579263248815
4588,79.03735895893487
4589,78.32679534597457
4590,75.19154146145968
4591,79.66151090320977
4592,75.8105163095127
4593,76.96647483158029
4594,76.17424781692648
4595,78.0004078323189
4596,70.86850189638307
4597,75.9332458707616
4598,78.56880719235824
4599,78.82237755924467
4600,79.49595286165135
4601,77.01281046440238
4602,76.17523818829983
4603,80.6206525911274
4604,78.3719989303757
4605,80.59099400905063
4606,78.18317929024619
4607,77.0443277152936
4608,76.7100337240044
4609,77.91446374309896
4610,75.94776698041176
4611,78.68642012789411
4612,76.673363572823
4613,75.61325791386076
4614,73.51398461991175
4615,73.86496311371769
4616,73.73934528080002
4617,77.20375220695507
4618,78.59149387497564
4619,76.88983848529705
4620,79.79223482028755
4621,76.18131413063668
4622,75.00460346987882
4623,77.60433430983073
4624,77.65351913724339
4625,77.55875263928539
4626,76.59172717806763
4627,77.67592856873995
4628,76.38389080579805
4629,72.78328954826281
4630,76.89531248784908
4631,69.85776207735898
4632,76.6817262960862
4633,73.52395662982059
4634,75.6258975502758
4635,77.18280460089318
4636,78.21110992885701
4637,81.14102908161385
4638,75.49616437793577
4639,78.53789823912132
4640,78.19196007301554
4641,77.78692108238522
4642,78.94610679130722
4643,78.06434941667709
4644,77.52638497519092
4645,80.32272925305335
4646,77.4336984158171
4647,78.34647587618673
4648,81.47428554207198
4649,75.53321685748898
4650,79.91559393861644
4651,77.65168834974071
4652,76.51477436941593
4653,79.23210722643194
4654,80.03716954236876
4655,73.95944520328902
4656,75.69349939358989
4657,77.08935387822112
4658,77.9903128723368
4659,77.84492559458039
4660,78.64260381177212
4661,74.31623649255562
4662,70.2290454945728
4663,75.8658542311058
4664,76.4396433734426
4665,74.33525750965799
4666,74.64568954110769
4667,77.42720266816514
4668,76.26733684527989
4669,79.20784683854862
4670,75.63992563441388
4671,77.96947963679179
4672,80.81865944302945
4673,78.95538746273547
4674,78.07382529151164
4675,80.95046365259674
4676,78.65117962040642
4677,77.3234343552275
4678,80.78827049256671
4679,81.33366727503716
4680,79.31014692482148
4681,76.6920403923109
4682,75.90399482831941
4683,77.09403601259055
4684,75.07644567786093
4685,80.03241088544411
4686,77.95057221838482
4687,73.26110091371726
4688,78.14572420799021
4689,76.842549396425
4690,77.47108986447614
4691,78.62077543112099
4692,78.1339293269196
4693,75.64852581054527
4694,77.9540909485217
4695,81.22866298230747
4696,78.17262936878046
4697,76.59220140752728
4698,76.30473407135582
4699,78.00263077563613
4700,78.59299150781135
4701,76.58395586912701
4702,78.75716260848344
4703,78.07570550676417
4704,73.42043400231222
4705,69.77130223154273
4706,78.09200411897632
4707,79.21319969234867
4708,79.79906546718195
4709,78.31732676281933
4710,76.1788242927073
4711,78.14189171350665
4712,78.03783130021367
4713,76.47211345272945
4714,75.99617530161203
4715,78.43745060775365
4716,75.06979239192947
4717,76.76495196737267
4718,75.95422307321621
4719,76.53037685164429
4720,79.35130260132661
4721,78.99149706635416
4722,78.20232144861546
4723,78.0706908865464
4724,80.6010704191188
4725,74.2796723232014
4726,78.68759169124246
4727,73.6020597143733
4728,73.33601950932126
4729,70.52199832871867
4730,76.5347962035516
4731,78.50422112705058
4732,76.96090205000615
4733,76.83491975089635
4734,79.86661409182165
4735,74.82353661107305
4736,70.9130917846498
4737,73.47291733585826
4738,78.37276980975116
4739,74.96832529952769
4740,75.69231724983445
4741,73.95284740463114
4742,73.62960794465073
4743,75.68628233002005
4744,75.60750686935262
4745,74.08376957913367
4746,76.00129505867199
4747,72.54148263307457
4748,73.62253435905393
4749,74.6192283521932
4750,73.23495762488915
4751,71.53907588525703
4752,72.73944533338846
4753,77.14657085663003
4754,75.13392762085647
4755,78.9948659683098
4756,75.98113742495667
4757,73.03997774569098
4758,75.5967016297912
4759,77.62490132265594
4760,76.20710034230905
4761,75.78011954423579
4762,76.8732967939763
4763,77.53980306998682
4764,76.6797921237262
4765,77.0385999558423
4766,76.9609866097104
4767,76.9475276949745
4768,74.11312934405964
4769,75.61501211920523
4770,75.70490220502461
4771,76.68043672757801
4772,76.2965914616168
4773,71.94810008123306
4774,64.7480862682549
4775,76.09266466960412
4776,77.20675714691907
4777,77.70030640108229
4778,74.51040270919759
4779,76.04187019452371
4780,79.15499712013792
4781,75.16858430035921
4782,77.81419982827788
4783,77.1069838355993
4784,74.00325120494944
4785,75.42049148158054
4786,75.54206869259366
4787,73.94575496627402
4788,73.67503467637181
4789,77.13340998993988
4790,76.1556110841758
4791,76.6862060087812
4792,76.27089681869808
4793,75.27587757865149
4794,77.21693172930873
4795,75.9135044694359
4796,78.88763444847928
4797,78.6694163450158
4798,73.36410041017763
4799,76.05931716163701
4800,76.85397811658027
4801,74.57891207447994
4802,70.46562068003215
4803,76.8449743758436
4804,77.88284815028061
4805,77.40101775067978
4806,74.5416371247843
4807,79.13433869205937
4808,78.31585774579969
4809,78.67238594624916
4810,75.31799706390643
4811,76.20372661918185
4812,76.87691820314973
4813,75.86831972883448
4814,79.17598756923309
4815,75.62172659502721
4816,78.1396362076137
4817,75.82550106348765
4818,77.69374654006242
4819,75.01190389341895
4820,77.00065833582721
4821,73.55103591005161
4822,74.0520131126118
4823,76.17143785826653
4824,75.64512447356248
4825,76.08444346088896
4826,79.20588331586839
4827,77.51718814464368
4828,74.64850848586423
4829,77.89749070490348
4830,77.88268069357304
4831,76.10995797651947
4832,76.02618573164182
4833,74.57534520856666
4834,76.10221007734498
4835,77.07987188841042
4836,74.60171535473427
4837,75.95135683347809
4838,78.16655072109307
4839,77.41835157544273
4840,76.24789154311645
4841,77.1113794698104
4842,76.49569600986194
4843,80.47374508774152
4844,77.38505443599547
4845,80.8253897707566
4846,79.15084313480725
4847,77.0701820157193
4848,77.27234176566492
4849,76.77500401700343
4850,77.49654004719724
4851,78.30070749085024
4852,78.4243686106065
4853,77.31427779684947
4854,73.63910209678
4855,78.14977707656669
4856,78.0044107912048
4857,78.17047055973961
4858,76.34704017280995
4859,72.30747435053655
4860,76.6423604847385
4861,80.9808955810775
4862,75.33278996988196
4863,78.0504181318077
4864,78.91538651994642
4865,79.08228886082782
4866,75.49389081700201
4867,76.75144808779595
4868,74.43437130166757
4869,80.46875851836882
4870,77.8313015563674
4871,77.1094665464077
4872,75.80076187862318
4873,79.6901989260877
4874,78.67869334135901
4875,77.95519536045322
4876,75.11352499539822
4877,77.26626641501429
4878,76.73709091189227
4879,77.27643599271806
4880,76.72570076450512
4881,78.04310199757674
4882,75.81279079809559
4883,80.74261697169749
4884,80.96766446939267
4885,76.85114964172851
4886,80.49632482378684
4887,79.55628473809332
4888,79.58947205908345
4889,79.93170788743538
4890,79.44788893661052
4891,79.7332552322747
4892,78.85015755729586
4893,77.93175712102794
4894,78.74041869517504
4895,78.75702963505637
4896,77.89062080015913
4897,79.86803373459026
4898,78.197230996715
4899,80.03789293091666
4900,76.39564453966346
4901,78.29870181671367
4902,77.7432891075967
4903,78.52454573340452
4904,77.64449293088154
4905,72.02162280956026
4906,78.04268525554096
4907,78.46320153643353
4908,76.31150439184864
4909,79.98005374728808
4910,78.97124888735294
4911,78.70740762943655
4912,78.02232369451121
4913,78.037717862448
4914,75.79675891682416
4915,74.26918039300085
4916,78.68894114414525
4917,74.30964078751686
4918,73.84435594744974
4919,77.09834824302368
4920,80.29538699242835
4921,75.93978437217851
4922,76.52918042787206
4923,77.28423948067814
4924,76.74656437980701
4925,77.67169116231139
4926,78.61666941388154
4927,76.14637781850234
4928,77.81073017844295
4929,75.62844566303727
4930,73.08971789901199
4931,73.71410741404543
4932,76.79325170205459
4933,76.58747886215366
4934,75.0629992678601
4935,73.06097853841845
4936,69.1549785897227
4937,67.00262784594526
4938,72.09291147552568
4939,76.38690840655988
4940,75.64687354422199
4941,76.2078613370578
4942,76.45909127140703
4943,79.55714722020872
4944,79.53338681485081
4945,77.02755524514885
4946,73.43064477548779
4947,75.4685778365531
4948,75.54642443816675
4949,79.75749979974131
4950,78.11581240306106
4951,77.02987994587994
4952,75.40017965015176
4953,72.60563080611519
4954,76.25024498129807
4955,76.99487372748513
4956,78.02548433166129
4957,77.01086103328618
4958,76.62244343703901
4959,78.5777514366925
4960,77.21809711988658
4961,77.55453117309759
4962,79.69511966587362
4963,76.73802584422401
4964,78.70456563396795
4965,80.05366437950283
4966,79.32249485446596
4967,77.50550846911517
4968,77.56813771576236
4969,80.68700625100911
4970,79.78073087728552
4971,79.01382165234492
4972,77.97874226146524
4973,77.60809495047164
4974,82.46349878758008
4975,78.95050016595513
4976,81.656128364246
4977,78.30459637137488
4978,78.12745199935023
4979,80.92891882454666
4980,77.91824902030959
4981,77.46896136796164
4982,78.01776452067509
4983,78.13049408875787
4984,79.17889938755013
4985,77.0014974929943
4986,78.07946100670864
4987,78.7943539157879
4988,73.52213109204689
4989,64.25862175308708
4990,69.96035738179768
4991,73.69525660858181
4992,73.31523820576939
4993,71.15832185071952
4994,72.22006786612548
4995,76.83121968353862
4996,72.85371844023382
4997,75.10230102864921
4998,74.58647435051307
4999,74.74129551006786
5000,74.13218416397632
5001,75.89848272935853
5002,77.3420803027102
5003,75.33850108176387
5004,73.53215856012514
5005,74.20621905042015
5006,74.78058695531007
5007,78.53773481120925
5008,75.66015890254306
5009,76.44766137602625
5010,73.95749068396236
5011,72.73075912885719
5012,78.72233287557424
5013,75.26773822338532
5014,76.79476182300169
5015,73.27953525953285
5016,75.67167454764348
5017,77.31586697310019
5018,74.27702603889594
5019,76.87922811188565
5020,73.73176504787756
5021,78.35198371589911
5022,78.00005542672045
5023,76.07512381072053
5024,76.64749195190291
5025,77.96779563320996
5026,74.85249933978207
5027,72.89841395956171
5028,74.36571285409082
5029,74.15487374399169
5030,71.42236739536116
5031,74.85228645453213
5032,78.88126786781373
5033,76.88765461542573
5034,76.90172705554812
5035,76.40199059575923
5036,76.43493030957495
5037,79.06190322589447
5038,75.9835676592366
5039,74.77935725814342
5040,77.822411568787
5041,77.00131933807836
5042,77.91210191446191
5043,81.96277111993533
5044,79.20707172371738
5045,78.3455994060759
5046,77.5207865671095
5047,76.20591953191723
5048,79.35984196866502
5049,77.8259174561673
5050,76.48764748301221
5051,77.43594281260465
5052,76.70030106521608
5053,77.72952447701351
5054,78.0094814402184
5055,78.20981636248126
5056,77.8988416967727
5057,78.49202381251843
5058,76.19840537300718
5059,78.02366808373574
5060,73.2452755714313
5061,81.33142015293038
5062,74.67664005822678
5063,77.99514649317445
5064,80.3428174868506
5065,76.91323148367053
5066,73.82757425598584
5067,75.99849751086555
5068,77.48678715395141
5069,79.16004792563797
5070,76.31931870803646
5071,75.84849300663478
5072,76.01725226789955
5073,73.98092103450023
5074,78.64663607519293
5075,76.08566553553635
5076,78.03827730293193
5077,77.58791430103287
5078,72.8407224051897
5079,74.86265155194326
5080,76.2322111994797
5081,78.01952256540363
5082,77.78590775576993
5083,74.46349471856337
5084,75.93632775826967
5085,77.52341121584232
5086,76.62332781548434
5087,78.15140934844078
5088,78.42820139587656
5089,76.58703382768681
5090,77.45035598115908
5091,78.62411421356774
5092,74.13590195499677
5093,72.82940396515926
5094,76.1422625708579
5095,74.0361166558369
5096,77.41985885293076
5097,77.68630595060023
5098,79.61144779513569
5099,77.62685388519759
5100,77.6469767800433
5101,74.6632373576935
5102,71.99124161115822
5103,73.81581559378594
5104,77.15984282583372
5105,73.70713683666537
5106,70.19508095166628
5107,74.54223487872372
5108,75.56559080185752
5109,77.8257008174815
5110,74.44620245484498
5111,79.32408259589425
5112,77.5770452669014
5113,77.2266277337078
5114,77.63830181413215
5115,76.54592652798658
5116,77.70315917457691
5117,79.04448571464286
5118,76.87708002716005
5119,78.92193967692049
5120,76.29928155873637
5121,74.7269120547657
5122,75.39522241279127
5123,74.98375370709016
5124,79.07206347305339
5125,79.13254816496618
5126,81.38635036925325
5127,76.6026125950981
5128,79.36596226126431
5129,74.70881155637369
5130,77.22158768229019
5131,76.95544844968344
5132,79.29841824962477
5133,76.76318996793987
5134,77.4268071991238
5135,78.4754840647463
5136,73.64519226559094
5137,76.22011760620529
5138,76.95846713139093
5139,78.0495166204995
5140,70.46304606791779
5141,78.95904090748576
5142,78.83154672674925
5143,78.67978272751759
5144,75.57718313893457
5145,75.69280428336867
5146,74.41154792439988
5147,78.75495589747777
5148,79.71989464684816
5149,77.11227779213175
5150,75.7726773976159
5151,76.41849146576573
5152,78.08608944423878
5153,75.43156262339329
5154,74.23172755194219
5155,75.94911923794768
5156,77.01424126536625
5157,76.51968590160106
5158,71.05977130860168
5159,76.7683739333225
5160,71.44038227632797
5161,79.83554822314329
5162,79.07361776642625
5163,77.78162430702372
5164,80.27600009249755
5165,78.57442010741232
5166,81.65126438421754
5167,77.11984831212146
5168,79.4697609756368
5169,77.64681349614011
5170,79.21387350644596
5171,77.75255543382025
5172,79.8353247832926
5173,79.45660069674318
5174,81.36158072804108
5175,80.91550916804835
5176,78.35172665931253
5177,77.36090371366316
5178,76.60838056121952
5179,78.52794760935842
5180,80.63659009323015
5181,80.33150207659367
5182,79.91786993224525
5183,79.34731384184812
5184,79.5905366560807
5185,78.1475622603923
5186,79.99406145919625
5187,78.1475798233405
5188,78.55233918786638
5189,73.60474658510412
5190,74.89420312101163
5191,77.96399681455915
5192,78.43595359132593
5193,79.24232164696082
5194,79.18161405043486
5195,80.2953491385386
5196,77.40069782500376
5197,77.06252878177878
5198,80.09636581073806
5199,80.2092333182054
5200,77.85400171831276
5201,77.26401833961376
5202,76.69464028330998
5203,74.89398641558404
5204,77.09272949205933
5205,81.30876289223721
5206,77.00833708234438
5207,77.18613144889406
5208,77.11734825895672
5209,79.61853717464345
5210,75.69591956285905
5211,75.66824095070791
5212,79.96311279143634
5213,74.91168523778788
5214,75.18670054446324
5215,78.5113702404156
5216,77.57649597603336
5217,76.4384597403257
5218,75.58667848604847
5219,76.7942255211093
5220,77.2752323089203
5221,75.1412762808352
5222,76.47176090887632
5223,76.93718623389424
5224,77.44691989677995
5225,76.73167868719014
5226,78.12673748051128
5227,78.2486152972566
5228,77.79964754496268
5229,72.80038326619655
5230,74.38356472239332
5231,76.67980400009674
5232,77.85763140110225
5233,76.77005424461754
5234,77.54626897910566
5235,77.14170632160045
5236,78.03199413173013
5237,77.3618976428371
5238,78.01309560439813
5239,76.02849045029564
5240,75.47761409194214
5241,79.18219397945597
5242,77.35781299154542
5243,79.42411743237795
5244,74.92075943896623
5245,77.006587306244
5246,72.74157370327822
5247,73.36129786819748
5248,78.08267081750438
5249,77.4515692482318
5250,76.6081493985867
5251,80.14478647057439
5252,78.39967115224835
5253,73.93488552619516
5254,69.58639311817234
5255,69.08254060924952
5256,74.35790059894816
5257,71.02893407792385
5258,72.21314020000437
5259,75.49405620911824
5260,72.3982159842044
5261,73.82604294038362
5262,74.563896188618
5263,75.17635703676603
5264,76.27317484456398
5265,75.44693314946636
5266,76.06127118842778
5267,76.31266997443237
5268,75.49836219894166
5269,75.80994118357182
5270,78.64960999967747
5271,77.38889484159063
5272,81.45707713003321
5273,77.87237174962479
5274,77.87807033556771
5275,80.51441086246734
5276,80.40121436660002
5277,75.73025148675407
5278,76.40057349080945
5279,79.87307367996112
5280,78.21758375071931
5281,77.85890624519703
5282,75.96908909231394
5283,77.98633001682055
5284,79.50560701064364
5285,79.0675727817287
5286,77.72337772338625
5287,76.91940261401692
5288,78.50890165802582
5289,77.86755676031271
5290,74.29913192432224
5291,76.65087053665138
5292,76.00029791653378
5293,77.21344984738545
5294,75.33403592267649
5295,78.78301884439571
5296,76.94311227714627
5297,79.26170562075743
5298,79.19175854569016
5299,79.42923861054243
5300,78.74765184563216
5301,77.70964822029521
5302,79.561166662169
5303,80.04555955448063
5304,76.1283651444723
5305,79.14455969183285
5306,79.18168490618046
5307,76.25700383990693
5308,80.30373053002052
5309,79.75303318318254
5310,79.10279526631831
5311,78.3315682260245
5312,76.96900615837649
5313,79.09019924092746
5314,79.24906774273069
5315,76.59810883668143
5316,79.26319289349198
5317,77.90878261888116
5318,77.75572328967894
5319,75.68836448236016
5320,71.15669461366525
5321,67.34697264031757
5322,66.89470134310238
5323,68.78824249848725
5324,69.66915947169178
5325,68.78215765690385
5326,69.56778226249145
5327,70.280514346046
5328,73.26762757425041
5329,79.82313580261615
5330,78.98169625852069
5331,76.04342624939102
5332,75.91276580385738
5333,77.68918614591576
5334,76.21037003099997
5335,75.41114384747635
5336,76.46252315391263
5337,79.7525879706451
5338,79.72657125633663
5339,73.56674201104403
5340,70.95596551019162
5341,77.14846071673463
5342,75.01075183715062
5343,76.9699084321964
5344,77.8358660924714
5345,78.73821761238992
5346,78.49838827878926
5347,77.89565931723433
5348,80.3318677349925
5349,79.22685862066913
5350,78.40138636440753
5351,81.20060676580806
5352,80.10064049995754
5353,80.12540932977487
5354,79.60569628406682
5355,79.7114741886341
5356,79.11254026286792
5357,81.2153172371086
5358,80.62566693118458
5359,79.42909077734663
5360,77.05294396149907
5361,78.94661427031144
5362,78.68386747648816
5363,79.70915543062364
5364,79.95666628653186
5365,79.62865957037093
5366,77.6464287791481
5367,80.66824969203253
5368,77.20938927811125
5369,80.63632242081252
5370,76.27546308863731
5371,73.08545376948558
5372,77.21816857898472
5373,77.23433000175942
5374,78.81367427842775
5375,75.65412393831332
5376,77.97611765403462
5377,83.36986408957551
5378,80.27298121092781
5379,78.58074128187883
5380,79.40633911841485
5381,81.29765646978802
5382,81.16173273846516
5383,81.8545919546375
5384,80.24524800978145
5385,79.34336669933828
5386,78.86897409918538
5387,78.77714226795655
5388,78.47743747852138
5389,77.42407332819357
5390,78.7551785024873
5391,79.78845038471496
5392,79.53583034076763
5393,80.18078386380392
5394,78.8298770222811
5395,74.87960728929102
5396,70.38568585762414
5397,72.66138548764394
5398,80.17789466796967
5399,76.05972554156347
5400,77.24747096892474
5401,78.34010885772892
5402,77.63530728633577
5403,83.16939673064633
5404,78.21918400465421
5405,81.85177553107098
5406,74.46550699041535
5407,71.33898064033451
5408,77.66922966212888
5409,78.10803251186451
5410,79.11800809803987
5411,79.48457448761764
5412,75.89682040710073
5413,77.1664472090431
5414,77.4356142254793
5415,76.28883435689733
5416,78.39172148299247
5417,75.62339662905418
5418,79.2359323395433
5419,78.53072198885411
5420,78.67604458218216
5421,77.41079801092889
5422,80.0163015721634
5423,77.82750634160902
5424,77.97450366796312
5425,70.01604046063477
5426,75.18811654179615
5427,78.76851286134695
5428,78.6774955347679
5429,77.21832439776301
5430,77.65310059107253
5431,77.25015508206201
5432,75.33846189236436
5433,72.60190929145409
5434,71.66180692692092
5435,76.79788608966015
5436,74.92353862038362
5437,76.71058006022952
5438,75.22513720560363
5439,75.16761021907922
5440,70.52719365461962
5441,71.27547652735132
5442,74.8083324262376
5443,74.01989137223825
5444,74.7016039964243
5445,71.35319362427771
5446,73.2944460746885
5447,75.55106934170868
5448,77.13324276336789
5449,76.98956221436299
5450,71.80470476050351
5451,74.04457310631449
5452,75.31319478834752
5453,77.32184229380965
5454,75.78343604261033
5455,75.70309850595487
5456,74.59278095449838
5457,73.93241805381359
5458,76.30039483981886
5459,74.08389081910377
5460,76.28498661254446
5461,73.03538330105278
5462,71.94733358854182
5463,69.18936684218113
5464,68.76342770964129
5465,69.09165488855808
5466,68.30944906556095
5467,68.90937578627944
5468,69.93500795645258
5469,69.42769129746665
5470,76.09753207782546
5471,73.62736092388525
5472,75.7124280485138
5473,76.9845934917455
5474,78.95569770205907
5475,82.27666403119304
5476,79.01608898078024
5477,76.99548946273643
5478,76.03883505151117
5479,71.75701639624839
5480,68.82769745237289
5481,71.44164904166456
5482,73.88618715355301
5483,73.84560331559334
5484,72.09270153188152
5485,74.14639310912327
5486,79.65769067620772
5487,80.81538986252332
5488,80.09602755649087
5489,74.22219104852661
5490,73.87216373710316
5491,76.77827022045898
5492,77.24016308903043
5493,76.11118079153886
5494,78.59060816180164
5495,74.7247449402148
5496,76.31918106655468
5497,74.88348677321505
5498,77.89036352405378
5499,74.3408422764511
5500,79.15088163013604
5501,77.50529001034931
5502,76.12978149702485
5503,78.104090422441
5504,79.69262898682234
5505,73.87383940907483
5506,76.7048286890087
5507,76.30023980106307
5508,76.52819627348345
5509,75.07658426827419
5510,73.59829870384027
5511,72.47255623546141
5512,72.11757983404777
5513,75.63597288080757
5514,72.46125213745614
5515,73.63690116130545
5516,69.87689034472214
5517,69.49905309618208
5518,66.24579683294849
5519,71.1806550276084
5520,70.82286210669406
5521,73.49431909938033
5522,72.66269771458542
5523,75.14505320573716
5524,76.02972279339235
5525,75.03507693575887
5526,72.80121228555078
5527,72.13638168699521
5528,74.40120704152275
5529,71.73509697450038
5530,78.40311398341913
5531,78.12666748129266
5532,76.58974908171149
5533,78.61349385472676
5534,75.69168846300397
5535,77.87221663059057
5536,75.6744546421649
5537,76.30585727315804
5538,73.98060642628167
5539,77.08688685141334
5540,73.4289013789002
5541,77.60040439001102
5542,73.32168694344045
5543,70.78714244148176
5544,72.29219424701233
5545,73.42339969707365
5546,75.68534129242795
5547,72.41298957355644
5548,74.21289059872419
5549,74.63327681377632
5550,77.63717488698973
5551,77.80187048294533
5552,78.0362590844158
5553,77.45557560934697
5554,76.34554429743122
5555,79.40466243272715
5556,80.25079934379306
5557,76.65471433507446
5558,76.33973263143298
5559,75.61586107985016
5560,80.77938748124296
5561,79.78801653526767
5562,79.06479461935663
5563,79.00276431017261
5564,77.81899021086065
5565,79.60857329981013
5566,78.92437761125183
5567,78.1718169348618
5568,73.87063684001663
5569,77.1452290489039
5570,75.77070332769102
5571,76.87797368049166
5572,74.50757696441008
5573,76.22699586967929
5574,79.78402490451049
5575,74.91241075626027
5576,80.07682755082726
5577,77.80808597142283
5578,77.05821523088792
5579,77.09093692819687
5580,80.38456604008502
5581,76.34774890561187
5582,80.09712157519465
5583,74.85986926918662
5584,72.47433794054297
5585,76.82966625662465
5586,77.25143956955122
5587,75.43624257073168
5588,76.74702378733917
5589,77.68676891599205
5590,72.60749205189097
5591,77.71662574186678
5592,73.72010569398145
5593,75.26627352060729
5594,80.08073465566781
5595,75.88763948931825
5596,68.47858459659443
5597,69.46168048896124
5598,75.07001199864902
5599,77.10265639354645
5600,77.743154455379
5601,77.31714844755965
5602,79.80053196411205
5603,77.72318523601291
5604,72.84487421464604
5605,75.04474147474195
5606,66.63290367761704
5607,74.57504330691279
5608,74.67008772372009
5609,77.362950561312
5610,78.00900860288175
5611,77.65154081130737
5612,76.9673275883676
5613,79.17311957321505
5614,75.95479821395327
5615,75.63921727643634
5616,75.0531392338865
5617,77.41080742633761
5618,74.96880859942684
5619,77.05294396149844
5620,76.39804923356485
5621,77.33210849638601
5622,81.08556788611497
5623,75.89954565238702
5624,79.45518789382811
5625,80.06151387395346
5626,79.42522744778938
5627,76.09010745069173
5628,70.44150024069961
5629,78.01325717038412
5630,74.61757683949253
5631,75.86704174737292
5632,75.66349633573776
5633,78.0867850758379
5634,79.33234506773778
5635,78.78669867917517
5636,78.3960005145874
5637,77.94653923401398
5638,80.26469567263013
5639,78.35133362425012
5640,77.41264920531341
5641,80.11930642172445
5642,77.30322987097668
5643,80.09178564760691
5644,78.69450165899349
5645,77.57400885772932
5646,77.65144222662587
5647,78.9923986780883
5648,75.55004733156375
5649,75.16799578358814
5650,76.19680095023773
5651,77.50375331368315
5652,79.29841908482524
5653,77.9164103831078
5654,76.61629352741261
5655,75.18046780731567
5656,78.25110702502764
5657,78.97911191708334
5658,78.03252195632041
5659,77.39372737801165
5660,77.27569936706317
5661,77.2781771850926
5662,79.07438092975082
5663,78.74331683623376
5664,78.62218627427478
5665,76.60042077124467
5666,75.46106285745628
5667,75.56083951202294
5668,78.41208347064531
5669,77.57207309198367
5670,80.80416293846787
5671,82.69195157633573
5672,80.66714340950739
5673,77.51260219143654
5674,75.3611252166832
5675,79.00718054723376
5676,78.72863761793906
5677,79.24304785735211
5678,75.35269154883667
5679,79.97995623307844
5680,79.04191256023006
5681,77.13473613490726
5682,75.80372421173155
5683,78.32949999194159
5684,79.02938162701497
5685,78.35313385701858
5686,77.9916071459711
5687,79.07587193179177
5688,78.97272823040407
5689,78.36252794549091
5690,81.07053317961027
5691,79.71555993878889
5692,73.45502353207155
5693,77.74374002485246
5694,79.02488097069363
5695,76.95987018268039
5696,76.80627811356118
5697,78.08413962373595
5698,77.4246574534256
5699,77.14666738862542
5700,75.82403753262639
5701,75.46241931665077
5702,77.62794173614247
5703,76.03757895567037
5704,78.45878908839097
5705,74.43689999464357
5706,72.75853030393432
5707,81.11773909853088
5708,77.42465745342571
5709,80.32597875020161
5710,80.56181968739008
5711,77.99477968529897
5712,79.22807419522144
5713,79.76461283748921
5714,82.64385957804717
5715,78.1377131151736
5716,77.18727192415099
5717,79.81543772150343
5718,78.99728654928316
5719,77.78432436933008
5720,79.97777251042385
5721,75.09588022604004
5722,74.16335860564288
5723,76.70358794760415
5724,74.73483656969711
5725,72.00719993031942
5726,74.53687586313231
5727,78.98651307047828
5728,76.99908114264241
5729,78.45686167684914
5730,78.03808561286365
5731,76.6329703063314
5732,76.0215768679007
5733,76.36861897176715
5734,72.39373984299914
5735,76.45758706974385
5736,76.32793678303085
5737,75.84396404643667
5738,78.54573853784979
5739,77.31595409174787
5740,80.38281318729224
5741,77.33729855328517
5742,73.43759435148496
5743,78.70887883896245
5744,77.15645483331468
5745,78.69322412766866
5746,78.61198613258648
5747,78.40037148860932
5748,77.62530477807553
5749,79.12661792380425
5750,79.98258534114814
5751,79.6961780298945
5752,78.62950501785718
5753,76.45387928272339
5754,79.63020919143514
5755,72.72924819800807
5756,76.60202249402766
5757,80.75043299165725
5758,72.70786449123318
5759,73.98245311584049
5760,77.03181323198311
5761,75.39975600586052
5762,77.4776094961743
5763,81.10015449970501
5764,77.8036139382827
5765,78.12370862656445
5766,76.19856962992895
5767,74.9558082627762
5768,77.24747096892474
5769,77.28748565956539
5770,76.47482174468053
5771,75.05710999888339
5772,76.4185604913016
5773,77.33785090984469
5774,76.85059587845876
5775,78.83216598956051
5776,74.61044378074138
5777,76.52229348514174
5778,79.79801223538567
5779,76.88794980719956
5780,78.83501039331918
5781,78.31069244471229
5782,79.6594091404965
5783,79.80734139713462
5784,75.57490265718855
5785,75.73740400090446
5786,76.6168958777734
5787,76.56989018929755
5788,76.0254801148161
5789,71.89426027834759
5790,77.53017476564753
5791,78.16247079695637
5792,77.43420609932656
5793,77.30224932818749
5794,78.8557072261222
5795,76.29879203888163
5796,77.56177956732836
5797,75.17452043651616
5798,77.1351935069593
5799,77.19595390105638
5800,77.06282978971706
5801,76.18413968558218
5802,74.64043088033634
5803,75.47137125204341
5804,76.47254277559244
5805,77.04578070637632
5806,75.25636770970829
5807,76.05909175130705
5808,75.49680380416538
5809,69.81558664427814
5810,75.66474802252066
5811,75.87738122724892
5812,77.8000923721604
5813,77.34469196555898
5814,78.58941928147016
5815,79.96049618710515
5816,78.86530487039897
5817,77.2586083771526
5818,78.19018754978754
5819,78.84192493679711
5820,78.34128544875392
5821,77.0252667871751
5822,81.09186359743632
5823,77.65092398119805
5824,76.83470201975626
5825,76.82032429380081
5826,74.62227397164531
5827,76.38529117659004
5828,74.24601938046408
5829,78.10051905652762
5830,70.95142842641314
5831,73.51630925847473
5832,77.83548071759151
5833,77.60593154662462
5834,79.4765390156179
5835,78.22643960673895
5836,78.29605164434349
5837,75.17549392905414
5838,77.54293636401547
5839,79.32721660786382
5840,79.1994596758131
5841,75.79332522439068
5842,77.15718473158591
5843,77.65368987424432
5844,78.3950303663824
5845,67.1758852408484
5846,73.53668987822857
5847,75.69493137730166
5848,76.93856889759815
5849,76.86933068900555
5850,78.13507110646219
5851,78.58552792164397
5852,77.83748396648735
5853,74.73692254693299
5854,79.02038837914023
5855,78.14410462394852
5856,78.55281275306385
5857,77.4861125972435
5858,79.11261096581319
5859,78.57548918733607
5860,77.81715829392454
5861,79.13094625002378
5862,80.99505303591638
5863,78.95538705450576
5864,77.97074179556535
5865,78.72224098169045
5866,79.9426542708892
5867,78.37871873368783
5868,78.80480058234747
5869,76.72676241584514
5870,78.1872424966615
5871,77.1181835282822
5872,76.22738076782946
5873,77.16630874032501
5874,76.94616069446442
5875,77.70810065894841
5876,71.7178568649017
5877,72.7299715798107
5878,77.97204347227432
5879,79.68550182031163
5880,77.70191492841178
5881,76.9630503481107
5882,76.75386348214306
5883,80.87206909900317
5884,77.86725709421091
5885,77.8036353011504
5886,80.17555437158785
5887,80.18954619850854
5888,79.184126756603
5889,79.60621019950872
5890,76.87418984145631
5891,74.4419496224154
5892,75.68034590861498
5893,75.9703536872895
5894,77.71347283104001
5895,78.78677269438367
5896,76.95032539501358
5897,77.5066539083507
5898,78.47336713270352
5899,76.67721819484063
5900,78.02648357409583
5901,77.7739928014575
5902,76.95620752125791
5903,74.79802145710102
5904,74.26324178289718
5905,72.09731696998563
5906,73.68216808077875
5907,72.78874918236858
5908,74.50718578852769
5909,72.91611467691581
5910,76.20812757242533
5911,79.14815362840454
5912,77.69846551436774
5913,73.87173722608009
5914,77.06185400408322
5915,75.05715237751849
5916,78.09603275435467
5917,76.86213463053423
5918,75.63255247972768
5919,76.59207916714183
5920,76.59817447137885
5921,76.38434783624683
5922,78.5885132750492
5923,73.2778021651423
5924,77.48776109702186
5925,76.2507554878161
5926,78.67925183647941
5927,78.37021254893233
5928,75.953647021346
5929,73.59583827066064
5930,73.44258524163888
5931,76.75232139984126
5932,76.30657121273316
5933,78.47439876564414
5934,74.01089019104967
5935,77.27007009009708
5936,78.65355410425428
5937,80.60052941979859
5938,76.68429850443681
5939,76.99154119679815
5940,79.48607336535389
5941,77.86856731902827
5942,75.91918828728211
5943,77.02861701085334
5944,77.82208371282155
5945,77.54936582741169
5946,77.64869635570176
5947,76.24093923127339
5948,75.0310742188534
5949,76.33981158107639
5950,75.24485936223874
5951,74.74107697914485
5952,75.12369227626328
5953,72.5153365602194
5954,76.49589617318964
5955,78.27834685984493
5956,75.8436836692548
5957,78.45569057595628
5958,78.06513038742833
5959,75.36231235645397
5960,77.68487587701168
5961,80.88365039843859
5962,78.60421970127146
5963,80.64710955086144
5964,76.38112663239815
5965,79.26191230251476
5966,77.52427284480319
5967,78.4203886163786
5968,75.9380817661775
5969,76.62248999744673
5970,76.30385564666176
5971,78.98990114724302
5972,75.31189936882635
5973,79.60972768542268
5974,78.12363866825399
5975,72.92108491289883
5976,74.70614576070369
5977,74.952391290783
5978,77.29891825110411
5979,76.073681570043
5980,77.32378714159995
5981,77.55562267413558
5982,74.1674632226837
5983,72.20092249833442
5984,73.3525897504133
5985,70.66639578595317
5986,68.12827415811142
5987,67.79856284878537
5988,69.80486216098734
5989,66.37388665037622
5990,69.71792819524438
5991,67.13693022733588
5992,69.25653905987298
5993,69.67422136496782
5994,68.68244060381227
5995,67.95821980829135
5996,71.50935867993223
5997,72.68010275530025
5998,70.10019043572237
5999,71.74624064675453
6000,74.65808488703749
6001,73.56418084728023
6002,75.0749079424046
6003,72.91217061933565
6004,74.13161475528796
6005,73.98734032929434
6006,73.53221733751099
6007,79.13332864749026
6008,71.68511984299005
6009,71.9730951678165
6010,76.53577319521145
6011,75.2848089735349
6012,70.56343324714021
6013,75.02992343971636
6014,72.59028799827087
6015,73.44019238924659
6016,73.53203286617975
6017,73.85557288760549
6018,78.08413962373663
6019,75.27980578219922
6020,76.37099099073384
6021,75.72123161931552
6022,79.38334709758027
6023,80.88909165700159
6024,75.54011809683954
6025,79.09877541463896
6026,78.58492681922684
6027,77.66738084476754
6028,77.99974932992706
6029,79.80598524793936
6030,79.22646411495037
6031,79.53529127404249
6032,80.35106262016433
6033,79.88898208252027
6034,79.80534419944581
6035,78.64039775319702
6036,82.41662544485183
6037,79.00129625183484
6038,77.40048659751642
6039,78.86619005425138
6040,75.54847313588323
6041,72.4281885937545
6042,71.46993342315346
6043,76.30490784660458
6044,76.51426477933194
6045,74.76214251242232
6046,72.75535092579844
6047,71.14924942474397
6048,78.08084687965459
6049,73.00682335555655
6050,77.44833801666806
6051,76.76837393332295
6052,67.05731077478583
6053,71.73001331807438
6054,71.36860108900413
6055,70.36094947497918
6056,68.94715387527447
6057,66.03587332129229
6058,73.44364188176081
6059,68.79030048408924
6060,68.27692786320245
6061,65.54229812272138
6062,65.98178458077274
6063,68.39942501446939
6064,66.58502060366322
6065,72.4850523271167
6066,71.41977664797668
6067,74.1239029397234
6068,77.31069979116643
6069,74.27500535549842
6070,77.0376745804773
6071,70.06588397411628
6072,72.27875249886307
6073,72.81027212754452
6074,72.12847872547871
6075,75.20344641046557
6076,73.37085279853278
6077,74.67300983806734
6078,69.97730069328287
6079,66.3941408127584
6080,73.73942973300228
6081,69.99959767067162
6082,69.33169625446357
6083,69.50903195551615
6084,66.47544109967276
6085,70.52048868676968
6086,71.2803768377268
6087,73.42727333876792
6088,76.06572210994443
6089,74.48295491586782
6090,72.28401830618742
6091,75.90697060815233
6092,72.81257645629279
6093,73.25400560940034
6094,72.1107479139771
6095,69.09729434168491
6096,72.74562030773637
6097,71.47245326597914
6098,67.91048344704728
6099,70.68695298037045
6100,70.88181158509019
6101,72.84116421444747
6102,69.48203214898399
6103,68.92414116937852
6104,69.80990758132742
6105,69.86935814780554
6106,74.28915570091482
6107,77.31589606886871
6108,77.46151911909789
6109,76.3981226110397
6110,76.2525393229131
6111,75.86988215966682
6112,74.2383781204353
6113,75.74292124601675
6114,77.93979933499327
6115,76.89396469998832
6116,66.91568686051198
6117,68.95054117835758
6118,74.33453431608416
6119,75.34936939648424
6120,78.28174225424709
6121,72.25783788884655
6122,72.61865669152144
6123,74.30075201876213
6124,77.16887114248755
6125,77.47834206049708
6126,74.03152039188222
6127,74.97253991270696
6128,77.82254299952234
6129,78.21381863923096
6130,77.41758993468557
6131,73.22076788103942
6132,71.78577985005325
6133,72.07395750313907
6134,74.77388937216159
6135,70.12519453577016
6136,73.89697942058467
6137,72.28568296303825
6138,74.97807430988405
6139,73.14425627191002
6140,75.20528155077335
6141,75.54722846217993
6142,78.39965259003753
6143,78.26886443534164
6144,77.28471263501581
6145,75.37176499146119
6146,75.7975571764461
6147,71.89711257858369
6148,68.49774628706342
6149,72.4128127720935
6150,74.4482120110406
6151,72.89540816304452
6152,71.24198692622804
6153,66.38669324624226
6154,73.1180362380581
6155,74.01692628451025
6156,77.08861160360817
6157,76.62030457769777
6158,75.96413951280397
6159,78.64220782900264
6160,76.65239566774898
6161,77.01195633430967
6162,77.93912242835614
6163,75.52833526273304
6164,78.25182338158413
6165,79.51148686593308
6166,74.60733860842504
6167,80.22560082189608
6168,75.27472336950535
6169,77.05209633208449
6170,78.56555216814269
6171,77.80582447497159
6172,76.44506730559505
6173,78.69019714724146
6174,74.85829590154435
6175,73.29070756073531
6176,75.48571473623662
6177,77.00248280991167
6178,78.63469808988947
6179,76.39042735163963
6180,75.98412285836167
6181,75.57008767695197
6182,77.27317818326156
6183,76.90715069454382
6184,75.96239789180078
6185,74.68585893364474
6186,76.30890235483702
6187,74.18029545226722
6188,72.17613552735105
6189,82.12829846453957
6190,78.03531000364808
6191,80.30669267420956
6192,77.75590628924778
6193,77.45536493461611
6194,80.28417546604692
6195,80.53067725435636
6196,78.17715195777362
6197,78.35967128299438
6198,79.72454312421814
6199,81.9810554346929
6200,80.27034778059794
6201,74.38618317563373
6202,71.92831911109738
6203,77.99244946663299
6204,80.41062704198134
6205,77.26688014479777
6206,80.05713906181273
6207,78.18974079789416
6208,74.6394571405068
6209,78.2290951964452
6210,77.47271767620157
6211,71.58418714408742
6212,77.8062630135961
6213,77.88981652528088
6214,77.99835604656874
6215,78.91444809140535
6216,75.59416549857605
6217,77.298886968815
6218,76.70437107639663
6219,78.16136028642813
6220,77.34521172112699
6221,76.78391319699847
6222,76.25292334671622
6223,75.16295777777441
6224,74.64347950820138
6225,78.44672128477691
6226,70.819385760535
6227,72.02874995353915
6228,73.76280511717852
6229,77.60204912156439
6230,78.03693051528421
6231,80.49315123475645
6232,77.10934637074786
6233,79.15302435966134
6234,77.1895051518677
6235,76.06394037023108
6236,77.40002703792283
6237,76.1661311994298
6238,71.59883940408446
6239,73.74548149190537
6240,77.60573214840991
6241,75.24395527295047
6242,74.4268852189785
6243,75.3368664751913
6244,78.39135531442008
6245,77.59058662957904
6246,75.57378613545205
6247,79.61259252007534
6248,78.7498100272262
6249,75.64772248457513
6250,77.10856911801426
6251,77.78990406114826
6252,79.23065896024849
6253,74.74710053729808
6254,81.0256867997428
6255,71.88878491816206
6256,75.24366142632834
6257,78.93434235718883
6258,77.89904231846833
6259,77.21377527794687
6260,74.90873682470999
6261,78.4347577509617
6262,76.49699503492769
6263,77.54974364864285
6264,76.55993152378238
6265,77.59705320533567
6266,73.80378487844217
6267,75.76493741049728
6268,76.22855133343398
6269,75.66988513450696
6270,76.39859702432398
6271,80.06210938487027
6272,74.05458157076396
6273,76.74232367587814
6274,78.74171372666802
6275,77.24265721366805
6276,78.38400372528633
6277,75.54986892143035
6278,74.11500840093987
6279,73.56161503367997
6280,72.368552147593
6281,67.48533914582322
6282,67.38207099237661
6283,70.54067896256356
6284,70.84799728921962
6285,76.57990669430308
6286,77.9278670606189
6287,77.79134905150727
6288,76.8318841023908
6289,78.58731803846445
6290,71.62095205801302
6291,74.52519101591832
6292,77.74026958340482
6293,77.63540869871122
6294,72.13876728256275
6295,78.15078636776798
6296,78.21479527518915
6297,78.05876735087213
6298,78.18022112703312
6299,81.46526452359274
6300,78.35623407497235
6301,79.76629607538086
6302,75.86400439751526
6303,78.01664867639448
6304,76.87693418505359
6305,75.0592700968291
6306,76.67791357628977
6307,77.44169978532119
6308,79.0142114391196
6309,76.32596910651296
6310,77.93014005884538
6311,79.42702871227266
6312,75.79679997181955
6313,81.11213419689801
6314,77.73099300765642
6315,74.67473702595902
6316,76.52934969585539
6317,78.13392889481179
6318,76.17565717664172
6319,74.63083115501729
6320,78.04215996901456
6321,77.6613522470185
6322,79.41351338403246
6323,78.41000047679648
6324,78.3220759685683
6325,78.61387896861976
6326,76.48588423103706
6327,78.80040359014873
6328,77.50916773867294
6329,77.15979297711215
6330,79.24191441252458
6331,77.49841166129721
6332,77.48651655376085
6333,79.33119232807258
6334,79.68740031453063
6335,75.60596511124248
6336,76.63052773979939
6337,76.44115966573167
6338,75.36007625209942
6339,75.04238922808298
6340,74.64771647711444
6341,72.0516853622139
6342,77.09924638976895
6343,77.35984924482841
6344,76.00814856130751
6345,79.56131718475581
6346,76.8970613908466
6347,76.6707571253391
6348,75.99797230833389
6349,80.23117182555177
6350,76.98936918829037
6351,75.21510119706272
6352,77.75030750614172
6353,76.89416096401811
6354,74.17520093425071
6355,76.13393594679752
6356,76.91619764720582
6357,75.08340822868195
6358,74.65876453400557
6359,75.72537396673818
6360,70.27721072676769
6361,70.91475620571947
6362,75.07378191706357
6363,74.43951969219631
6364,82.13198359315095
6365,76.83997531369249
6366,78.54659056968273
6367,76.8763311203017
6368,78.41355925048339
6369,71.51889795353196
6370,73.5267199948101
6371,76.77256827739046
6372,78.4169099738308
6373,76.71885771945358
6374,75.73217831757
6375,77.24652176235043
6376,78.71441381600579
6377,77.85763140110231
6378,77.63886676003528
6379,76.45672760519835
6380,77.19405038007437
6381,78.26335476497712
6382,78.66702080840781
6383,78.75656844957541
6384,77.11227814625659
6385,77.80849839248071
6386,78.90568881185288
6387,76.43039993796083
6388,79.58373591189473
6389,72.47151436836987
6390,70.1581831637721
6391,77.68512750186972
6392,77.38064135176614
6393,78.55093997622532
6394,78.57103851048208
6395,78.99126027826492
6396,79.86322616251357
6397,74.99366805677283
6398,70.19337822511199
6399,68.80221296075803
6400,76.6986310597245
6401,80.26767465248776
6402,77.7226438145031
6403,78.77274322444316
6404,80.23128039297148
6405,78.16045254729079
6406,79.8518645537394
6407,79.29328916245066
6408,77.86476054954926
6409,79.41560801307247
6410,79.2697496072949
6411,79.05261435927713
6412,76.81753460344072
6413,78.09992894416018
6414,79.73013790689913
6415,77.46690066285339
6416,78.02183208376334
6417,78.96789831710055
6418,76.40545445670699
6419,77.26896381819603
6420,79.25528654979388
6421,78.45685329899118
6422,76.49223798698307
6423,76.76060940889158
6424,80.18666015320582
6425,77.5789878697837
6426,77.28858043299937
6427,80.13210768322006
6428,80.99783146753697
6429,78.84767298687689
6430,78.33460843155711
6431,78.53072198885394
6432,79.69980363358536
6433,78.17841503247206
6434,79.22698880607453
6435,79.16006313914005
6436,79.64584665757269
6437,76.84237447027573
6438,77.39941524190345
6439,75.43388381009726
6440,74.51396636190464
6441,75.93631147775005
6442,76.15583095464717
6443,74.32168650587022
6444,74.0595112436045
6445,74.81667235771243
6446,74.83734949860792
6447,76.1364243703203
6448,76.67082447311935
6449,76.2723232352331
6450,76.60180312821848
6451,76.61679416147285
6452,76.74418457801687
6453,74.74849842191378
6454,77.54538529869075
6455,74.73273386182422
6456,75.61169197644949
6457,74.71763098134534
6458,73.94277280889122
6459,73.56515844284826
6460,76.02561354119189
6461,77.28003913860152
6462,73.60911251279879
6463,72.86662200462206
6464,76.254901495752
6465,71.30752255182318
6466,70.50256630659953
6467,71.83712552805605
6468,72.22990533769558
6469,73.95871122147707
6470,72.07635050423534
6471,72.9492003890224
6472,73.5926165126923
6473,78.02457706132725
6474,77.24546032868966
6475,78.77240251618002
6476,83.18125292261522
6477,75.65781841551438
6478,76.52368039553215
6479,77.31533743869761
6480,78.82469690195359
6481,77.20608419551883
6482,75.86625383734128
6483,77.2256558632846
6484,76.42490235554015
6485,76.28129460856024
6486,75.6626201116843
6487,75.55773483604361
6488,76.83541429188051
6489,77.61803020804365
6490,73.38188411650827
6491,72.9594379938888
6492,71.38142746564523
6493,70.02604876623502
6494,74.44870333569384
6495,77.41028493306828
6496,75.68372588660009
6497,70.63481490003915
6498,71.92152868866077
6499,78.21960839801375
6500,79.90535779718601
6501,79.24949912167165
6502,81.22758972936634
6503,75.20930050176196
6504,69.92684536503947
6505,71.48018737331006
6506,71.94131929188353
6507,76.30811488133867
6508,76.34818257908012
6509,73.24418598913576
6510,74.07756171377002
6511,74.7521446062998
6512,75.36346267031183
6513,76.46902297179815
6514,75.77736422758915
6515,75.19634986556457
6516,73.28500735362195
6517,76.44854684849605
6518,75.18357868814013
6519,73.91861820983712
6520,76.58282789036832
6521,79.6190201946402
6522,76.11687113036356
6523,77.65727093158262
6524,77.46190800606445
6525,78.08310727363857
6526,75.11289324827487
6527,76.99718750298706
6528,77.2730481849191
6529,78.1675170823845
6530,77.6736033881723
6531,77.25429517676707
6532,77.4714847127807
6533,75.16459784906777
6534,78.08583140571403
6535,74.97842421103536
6536,74.85433648142288
6537,75.48141761028415
6538,77.93080412254807
6539,76.95177041166585
6540,76.85989410530169
6541,79.92054185088574
6542,76.48736107682487
6543,78.23247901640786
6544,73.2556577875178
6545,76.48812075992231
6546,71.57862261128116
6547,73.7760440858853
6548,72.6069669558351
6549,72.60604406594786
6550,71.95558871894315
6551,74.13920879324195
6552,71.82864899684773
6553,70.56401478481592
6554,77.414251968195
6555,72.70126973314223
6556,73.37285254504201
6557,81.12782000764992
6558,79.9562252798807
6559,75.98334830183865
6560,73.92855818384527
6561,77.93386964094282
6562,74.6924251646081
6563,76.30072144750648
6564,74.82654232555495
6565,72.61111939383994
6566,78.4631082062258
6567,74.92999618639715
6568,77.1759465346039
6569,74.74059381790607
6570,68.077474829979
6571,76.53080849056198
6572,77.49555014319412
6573,76.01593468936409
6574,72.35185886108275
6575,73.37113039039053
6576,72.09438998294951
6577,69.24526189684093
6578,74.48642689081322
6579,72.72487872937381
6580,75.14558673030899
6581,70.24542683835432
6582,69.66682860505483
6583,77.18910595842698
6584,79.47709018248463
6585,77.91809549541938
6586,79.45684872587094
6587,77.95044944518872
6588,76.72531871296371
6589,79.23720255097078
6590,79.68810257397848
6591,81.03525754689292
6592,78.09572779717388
6593,78.41607473111765
6594,76.59442981644185
6595,78.60678830795166
6596,79.713645670412
6597,77.9115552628283
6598,74.73164667500788
6599,78.05673005194922
6600,79.04070247533883
6601,80.16178094285357
6602,78.72178477681695
6603,79.60370594717006
6604,81.22527307619913
6605,79.39780097615625
6606,79.93170788743527
6607,77.34364196518675
6608,81.21423387600589
6609,79.11906077089623
6610,79.33076848216098
6611,77.21114019071115
6612,77.59796242241305
6613,74.77101139193309
6614,79.825765186046
6615,76.52733762579061
6616,72.30627909550628
6617,80.04193928670168
6618,76.65863395654054
6619,78.41389978045788
6620,78.47970710338546
6621,77.21807650350922
6622,74.49159028617396
6623,77.26757233888702
6624,75.31963397443843
6625,74.40857511639541
6626,73.37358633635307
6627,74.12480927632924
6628,76.19535160959492
6629,73.17406464255248
6630,73.94906472742565
6631,72.72337375770968
6632,75.74328688289182
6633,77.78685214610346
6634,75.01261984394591
6635,76.53581189309625
6636,78.00269382717687
6637,77.92730733335588
6638,79.98234345555915
6639,74.87482402213487
6640,74.52707739694256
6641,78.4259063597122
6642,78.34073649665669
6643,80.05252492678375
6644,77.11442683011933
6645,76.16504190783274
6646,76.3000503861171
6647,75.17295002599286
6648,75.75446394327082
6649,79.57701204238322
6650,76.28173183337452
6651,76.8179630403223
6652,76.57667122635968
6653,75.88651618188402
6654,74.12944720446632
6655,74.88452636993134
6656,76.18844516617662
6657,77.7327138618216
6658,77.72791617713142
6659,79.85078273644274
6660,76.73167868718974
6661,74.6939852999763
6662,77.88713075122917
6663,76.39059420602433
6664,75.17231396809456
6665,79.79947693464544
6666,77.11227744114473
6667,77.41819232795206
6668,77.90218661872433
6669,68.15011169722601
6670,72.63535673162829
6671,77.85069051191641
6672,76.54472491111312
6673,77.43217426741177
6674,75.2871895231371
6675,68.66472020994365
6676,71.06275542273335
6677,75.58396237015836
6678,69.24710156959799
6679,74.76924592427014
6680,76.36639013828199
6681,80.49621343586125
6682,77.20608419551837
6683,78.78009764358251
6684,76.97987574432557
6685,78.03318959871848
6686,77.16259333993446
6687,77.4024016256767
6688,78.61854039062985
6689,75.64854124009753
6690,78.66356760219742
6691,78.78282215740063
6692,77.94760687511604
6693,74.04284377978678
6694,73.75098322813534
6695,77.88826899635569
6696,76.99779599074981
6697,76.04923947298312
6698,76.6044262315267
6699,73.00595702197302
6700,81.12453749631209
6701,75.71319430017962
6702,73.41150925051176
6703,78.4197328971037
6704,76.21429043321143
6705,78.49139635021152
6706,77.34783342965812
6707,77.37916037685585
6708,77.38317687389878
6709,73.60236888004897
6710,75.37683961702811
6711,77.64735973343045
6712,79.01681065422127
6713,78.74846484291413
6714,78.31220151758299
6715,74.41692979942093
6716,72.13659879684263
6717,73.7969244626766
6718,70.01074819942954
6719,75.55150429446888
6720,75.80720708005157
6721,77.23022222176826
6722,72.75873902612932
6723,75.2154359594636
6724,70.66858952193832
6725,76.92561050799037
6726,73.90197990801715
6727,77.38509240177456
6728,74.9887235122215
6729,76.19349961732416
6730,73.03524103716444
6731,76.25590392081233
6732,75.3835971968274
6733,77.54044192419678
6734,74.72124600188067
6735,72.87633028366525
6736,77.18648215329193
6737,78.4323806443789
6738,78.79278911539899
6739,79.38258476623815
6740,77.24476657627889
6741,78.90747807145436
6742,77.77161887138038
6743,77.64074484511036
6744,76.56542756116062
6745,76.98424347115076
6746,76.07956759766267
6747,74.89139368951214
6748,76.75380641229356
6749,77.55388007030967
6750,78.83925744406093
6751,77.03531120071062
6752,77.39330564238668
6753,79.618989176698
6754,77.41252988012667
6755,77.78034168475654
6756,75.5274616193202
6757,78.84983601671627
6758,78.19724332741453
6759,72.57329935140115
6760,78.67352370275455
6761,75.26423137818512
6762,76.12648186292091
6763,77.05152194648804
6764,77.59010841497638
6765,76.66184343579346
6766,76.4135900119482
6767,80.53461603081098
6768,74.64098443250862
6769,78.18641065546569
6770,78.24769612797013
6771,80.26755316415228
6772,78.3989920213944
6773,78.20958309002953
6774,78.74388244539404
6775,77.5791519948707
6776,77.94828125744124
6777,77.98736113769854
6778,75.9912909012279
6779,79.8272476165489
6780,78.42101991665686
6781,78.05652625638402
6782,80.73573006930388
6783,78.2596181895571
6784,75.5417635112068
6785,77.90908072248527
6786,74.12263369516245
6787,75.57124591136653
6788,75.42911622208732
6789,76.64900119397583
6790,77.88172257511445
6791,76.00573219724231
6792,79.17346758201359
6793,79.11214380277215
6794,77.68219280854629
6795,77.51488301100244
6796,76.77367799442675
6797,78.84570403898158
6798,76.3536506519643
6799,79.3297225936879
6800,81.36420856141109
6801,77.10409818429514
6802,78.95577430057807
6803,79.5748995620512
6804,75.08414196189744
6805,73.51176777681576
6806,70.88315491503869
6807,77.94479505908066
6808,78.85857464656675
6809,77.87816767907725
6810,77.4404243644355
6811,75.13929308525275
6812,76.3665947934669
6813,75.98026528442068
6814,74.75604913623118
6815,78.6018164341196
6816,79.63555870632064
6817,81.51914710157706
6818,80.5172971574849
6819,81.21879289060382
6820,79.6438114290844
6821,80.9246177020828
6822,78.75465780069436
6823,79.6941668692404
6824,78.37498641570176
6825,81.67498622007327
6826,79.45391207805648
6827,80.09235890620181
6828,80.30061813343696
6829,78.9680955696054
6830,81.49091424964502
6831,78.66942060094806
6832,79.30418474173268
6833,82.50873094690178
6834,80.17321351452875
6835,75.30254700517372
6836,76.3542389255062
6837,76.63097883188357
6838,79.24063957657995
6839,79.19842989103864
6840,73.46561169380652
6841,73.08319562377932
6842,76.84824379267843
6843,78.50152308502595
6844,76.00725997044174
6845,75.49065183597526
6846,76.94301746241018
6847,75.90121813384775
6848,80.42190656308833
6849,73.62377985651977
6850,78.13776392610714
6851,72.88503561000181
6852,72.18863710684826
6853,72.30847859324194
6854,75.02462453454507
6855,74.2966983138881
6856,78.31753641787867
6857,75.83982887696169
6858,73.0220508065371
6859,69.69047807942536
6860,71.04181315310342
6861,75.39693280406823
6862,78.45398359863628
6863,76.52208724171692
6864,77.0192758393672
6865,78.4515697948246
6866,75.80339381547424
6867,77.92775252599421
6868,82.19360238592014
6869,76.66636398356985
6870,77.26389375014179
6871,75.79076824463169
6872,79.04450953272521
6873,76.8160018853394
6874,78.29922018820844
6875,77.03449601485943
6876,78.90266490513841
6877,80.48024545948135
6878,81.23269707288063
6879,79.18251553401797
6880,76.97811857475881
6881,72.75471150768482
6882,80.68585147765822
6883,74.98710930278179
6884,80.7876452322069
6885,79.84937270040513
6886,80.65506038274646
6887,80.13346771593388
6888,77.29998875600728
6889,75.63004268484087
6890,79.1870569287056
6891,78.29495138801758
6892,79.84080664181403
6893,78.79767310354197
6894,78.18755876743984
6895,78.80159305185009
6896,81.5418246516358
6897,75.85914988726086
6898,77.21822013729775
6899,77.04145336350211
6900,79.00242487739212
6901,75.26199570773514
6902,78.57506188181219
6903,79.56563192536981
6904,82.56821384388184
6905,76.63926236572036
6906,76.51075158388932
6907,80.35605823161114
6908,74.42087330554801
6909,75.73421783108284
6910,71.93372733780899
6911,77.03101160181967
6912,76.0476698465381
6913,74.86283580739018
6914,76.82759428877392
6915,73.89459063492808
6916,74.5864134346358
6917,76.57667269735333
6918,72.63348209203662
6919,74.29913983145678
6920,76.06291588849984
6921,76.10758441453618
6922,79.7162267259132
6923,78.22306025057208
6924,82.06120373214321
6925,77.72848664017874
6926,75.85160621952656
6927,79.78151448309922
6928,74.87553021312681
6929,80.6785798768496
6930,82.39719702100604
6931,80.20361778142495
6932,78.26673792112155
6933,78.12972986954748
6934,73.25528096426808
6935,77.55259166873918
6936,75.29148493973554
6937,78.01748783334892
6938,78.76447671036277
6939,76.15283667985796
6940,79.98370834816984
6941,77.91398420835839
6942,74.45506838958875
6943,78.69533872889332
6944,76.95803207182598
6945,73.5462291697877
6946,79.14982144864763
6947,76.96999880467905
6948,79.94859852815739
6949,77.76106085451255
6950,78.76162468059596
6951,78.56053652806042
6952,77.71144173250343
6953,80.61446353277444
6954,71.83405313661802
6955,72.24125627551786
6956,76.08358830022365
6957,78.23921265335463
6958,75.23828905773729
6959,75.22501092585526
6960,68.60876163284308
6961,78.56835387576433
6962,74.24893738509849
6963,74.0395656141485
6964,72.71926437603008
6965,70.0892119297198
6966,70.10152203601467
6967,77.70271762046781
6968,77.13708656126767
6969,76.41359001194752
6970,74.75034410836565
6971,76.07553023142884
6972,76.18345815736569
6973,72.66990614552674
6974,74.00467225392339
6975,74.97237090257278
6976,74.42542083895978
6977,75.42682368579034
6978,74.85565746946605
6979,68.55275629873972
6980,73.54711714345757
6981,74.00610433671665
6982,78.14195266254347
6983,80.50866982370701
6984,80.62955872692481
6985,79.50776071581555
6986,73.69060261246267
6987,72.56472371206246
6988,73.94003193326449
6989,75.60250429626592
6990,77.56151178005456
6991,77.05873481977358
6992,76.24522815550091
6993,76.76211099699537
6994,70.62606282715205
6995,78.74006191402191
6996,77.21888562038203
6997,75.63345714461883
6998,74.2767213670291
6999,70.74709077393544
7000,81.4442066065439
7001,76.46047534210948
7002,74.67720871229392
7003,75.58316511514454
7004,76.6165384633133
7005,75.17623176610903
7006,76.69521819147292
7007,77.38390918950654
7008,77.225735440905
7009,75.64353452561534
7010,75.52193917656268
7011,78.71574886114769
7012,76.1463848411297
7013,77.94118022333907
7014,79.60983397863163
7015,80.28155048880541
7016,76.94041285790826
7017,78.10269578413153
7018,80.20884253398992
7019,79.38409102465096
7020,79.33231288752137
7021,78.70091796891552
7022,78.08679681562802
7023,76.68883007983345
7024,71.13893004604819
7025,75.98346587849733
7026,74.99721727485007
7027,77.28832491150439
7028,77.54666083676591
7029,73.96564219915541
7030,69.4825412829947
7031,79.15813885936728
7032,77.13865276234338
7033,80.23161839054961
7034,76.03051943014128
7035,76.3179151696379
7036,74.7333644420994
7037,74.78006911929202
7038,74.17747540202174
7039,74.72209376232945
7040,68.82627513479588
7041,75.54161951780668
7042,80.12863065673685
7043,78.04962863295844
7044,78.89248867025111
7045,74.76108107766623
7046,73.04563666395563
7047,75.54685543162361
7048,76.42705323030515
7049,81.1890470832389
7050,77.92661703017666
7051,76.8420432616378
7052,77.16379939319006
7053,76.50605034049107
7054,78.26602048652347
7055,76.39666011571154
7056,76.78352992300677
7057,77.22927196114296
7058,76.02244362264878
7059,75.32194016738418
7060,73.2556499451598
7061,76.84937670296495
7062,74.7326554463275
7063,75.53651956222029
7064,71.43879267952428
7065,68.793210475347
7066,72.00147271817121
7067,73.27164370674063
7068,70.74251548220474
7069,70.77821167354199
7070,72.0531531304922
7071,74.10697706579236
7072,76.7696373650985
7073,75.02338179522684
7074,74.71504843584955
7075,75.7017423702406
7076,73.39234126290859
7077,76.68429628135334
7078,74.95789966196315
7079,76.58550376164663
7080,77.64238295638421
7081,75.95655479277269
7082,76.95284164394957
7083,77.89512899055109
7084,76.6900571644058
7085,78.63605816317835
7086,76.04521521298005
7087,73.5676315077215
7088,72.34555937528648
7089,71.61444933092724
7090,70.39288269185533
7091,72.26771297825684
7092,73.90593704138598
7093,75.53203216147591
7094,70.62211365092702
7095,69.29595611231446
7096,72.9047570362086
7097,76.5339200174094
7098,76.12092763332299
7099,73.71251097971441
7100,71.49477411557251
7101,72.88629133048306
7102,72.54987877564338
7103,75.18929691223423
7104,74.22049267715363
7105,77.56324384060196
7106,75.91984910198812
7107,75.46876738064822
7108,72.54266592727072
7109,76.56837637885616
7110,77.62564416504796
7111,78.59416730216259
7112,77.34521447769026
7113,78.27294362736535
7114,76.06175981589257
7115,75.93574124817576
7116,76.78810973692492
7117,76.61789911654012
7118,79.87244432536335
7119,65.9579367232202
7120,70.90614110559773
7121,68.46740172084822
7122,73.67624795980743
7123,71.26137037527951
7124,72.14164908069807
7125,69.93011467466482
7126,70.64495887100605
7127,70.438691009801
7128,76.17357714658192
7129,74.29348978848901
7130,77.03209116855993
7131,75.74612048489121
7132,71.60309406881879
7133,74.8403149417249
7134,72.19875369112117
7135,76.06274184979048
7136,75.29843473007963
7137,75.63677577321863
7138,79.10001030891164
7139,74.59230866064331
7140,77.75418698307078
7141,81.27766015085012
7142,78.61711944435194
7143,80.04567140835076
7144,76.40535777397145
7145,79.22829935091636
7146,77.66099329262681
7147,78.57506188181242
7148,83.3901924755803
7149,80.75350883788349
7150,82.40539250783439
7151,81.5719627352263
7152,82.80803756629763
7153,77.07804727176784
7154,75.6898043894268
7155,73.96219282084081
7156,73.83463349643972
7157,73.53380742727546
7158,77.4589474998715
7159,75.77323804678485
7160,78.95413920926012
7161,75.76165507774306
7162,77.13286969880204
7163,73.94463324407735
7164,77.15702964932336
7165,74.75358936242174
7166,71.95050769231432
7167,74.68874518768638
7168,74.12408559652653
7169,70.3198594090137
7170,69.73292124121872
7171,70.53910018237428
7172,67.57788515593802
7173,71.0583134385248
7174,70.47654157148867
7175,70.22995199408098
7176,74.82889987693085
7177,76.48712112146785
7178,74.62165866035417
7179,71.39154401401657
7180,74.50983917181719
7181,75.70840047028838
7182,77.02285188948235
7183,73.9631264573344
7184,73.58997981097025
7185,72.32615368436876
7186,66.85363072787152
7187,75.45249059761522
7188,79.00632828960079
7189,78.38967238889092
7190,75.72914415114485
7191,79.00655036371836
7192,74.87061846471903
7193,75.62089664910764
7194,79.91154195872815
7195,82.39821475703064
7196,77.88266330218187
7197,77.28010259772276
7198,76.24884245086014
7199,78.89015403104514
7200,78.59514610119231
7201,78.20911727045234
7202,77.79925799868528
7203,78.05107759028994
7204,77.49841166129721
7205,75.99892477526907
7206,76.90997663817183
7207,77.64204886888768
7208,75.00218164554218
7209,74.23947088360006
7210,77.46843194124654
7211,73.7648721725239
7212,77.32387238075171
7213,77.787821648862
7214,76.73369475936914
7215,69.20813897217255
7216,75.7113345189199
7217,77.8960748069091
7218,75.18034495489411
7219,79.37260749534903
7220,79.55492926343271
7221,76.73842757061192
7222,79.25662377078692
7223,78.45282311926667
7224,77.9587276316795
7225,78.52963189612541
7226,76.64472326230833
7227,76.11132486701399
7228,72.05303356485393
7229,75.15800690273994
7230,73.5662794527774
7231,75.34754786021881
7232,71.03215444298422
7233,75.06639985610661
7234,75.69969364616861
7235,74.53282834654811
7236,77.39550468858363
7237,73.15255268224428
7238,73.45341049645941
7239,79.50972859921194
7240,79.36392331398946
7241,79.15908170709895
7242,76.98129262191748
7243,77.1771156441215
7244,78.80391654635054
7245,77.10280769465521
7246,75.82341879208087
7247,77.15700278473719
7248,76.9898585264948
7249,75.79797967934383
7250,77.09639907555936
7251,76.62776090299542
7252,76.70683990675127
7253,75.16716072729878
7254,75.12985420038143
7255,77.19798235398616
7256,76.14393801494998
7257,77.71158817568318
7258,73.88876292022724
7259,77.86727754781401
7260,77.08786502165492
7261,77.31709302509631
7262,81.75737386231435
7263,79.32913319386796
7264,78.39336730505909
7265,78.25368450775807
7266,78.6559716975728
7267,77.8231001813117
7268,79.3677072071032
7269,69.93969816023417
7270,71.84815408679242
7271,78.52288663397223
7272,75.18326485561829
7273,78.56817334982571
7274,76.27943648823094
7275,77.07435469868864
7276,76.76531692218146
7277,78.546216492052
7278,77.94165788901978
7279,77.44554448155526
7280,79.28115232140522
7281,78.23717164589453
7282,81.16952922688108
7283,75.68192801918934
7284,81.19524504488902
7285,76.71459970833399
7286,75.46796940782349
7287,79.10049678838584
7288,79.26868702121385
7289,77.30706545024708
7290,79.96696000487407
7291,81.05966607922437
7292,76.43431886821355
7293,78.48647180022414
7294,80.68376711420842
7295,77.04491918215695
7296,78.25152278176978
7297,79.56571002131193
7298,77.81687709052454
7299,78.26886443534158
7300,78.28296512229991
7301,78.73250446360953
7302,76.38643975872412
7303,77.33685803276131
7304,79.07682390616952
7305,76.94393418056751
7306,80.88648069284426
7307,78.39036627963088
7308,74.55918108620159
7309,81.79146016159808
7310,81.25388871993647
7311,77.10128729090655
7312,76.65989070090365
7313,78.28351749075159
7314,78.39306936046808
7315,77.99667381428458
7316,76.61101519610736
7317,77.79211757038013
7318,74.87410302788322
7319,77.06610742322385
7320,77.99876121631269
7321,76.66188959668102
7322,77.39573013077808
7323,77.0682742795438
7324,76.27474931995113
7325,77.1319916282406
7326,66.91092868629994
7327,65.60482911214854
7328,75.0114135015221
7329,77.05474554114176
7330,71.80600129223131
7331,75.62006654311955
7332,79.56872821108192
7333,78.721010637713
7334,80.30363103615792
7335,78.13430707742805
7336,75.67773004349289
7337,76.96831372754997
7338,73.15022777668435
7339,74.44321098194723
7340,75.78152640208526
7341,77.29008244398688
7342,79.84201978912603
7343,77.86319649859189
7344,78.69654685188704
7345,77.10218419284496
7346,75.06342301844234
7347,72.46537617070913
7348,75.94975158522652
7349,75.12897441773549
7350,75.22586781312594
7351,72.77677070610821
7352,73.93864924717462
7353,70.47276144987205
7354,72.51118903283344
7355,73.53532898859333
7356,73.68344558947462
7357,72.81129396416958
7358,73.82689640613773
7359,75.05720693384148
7360,74.2624088388007
7361,74.61941290257414
7362,78.36060645182113
7363,76.99354672925858
7364,77.6320263277122
7365,78.34121870505618
7366,79.28283835809475
7367,76.5507313435329
7368,77.46085414386806
7369,79.28374007513435
7370,78.6485403003361
7371,70.95287126817425
7372,77.46420476244327
7373,78.10026808309152
7374,78.79252146958407
7375,80.10539479750196
7376,72.69346189599662
7377,72.37740780282701
7378,70.2766721339807
7379,70.3461813610034
7380,74.33604447373904
7381,73.81067143741421
7382,73.41139298035648
7383,72.36847012314053
7384,73.27724856638804
7385,72.72542840920175
7386,74.82695691364927
7387,77.3876784845524
7388,71.98123012357422
7389,74.63182415975717
7390,74.34762501574045
7391,75.48295865201379
7392,73.97044687568291
7393,70.70464150889615
7394,75.7338042213666
7395,74.50732410094218
7396,71.36695108619494
7397,78.27387849217536
7398,79.60881788431362
7399,75.36303283021863
7400,74.1355051073175
7401,77.14678334244604
7402,77.15775021064042
7403,78.30803123093585
7404,77.96474516542588
7405,76.08988362042828
7406,75.79688333646402
7407,75.16844670233485
7408,75.90604234762628
7409,77.866491173479
7410,77.90631185618014
7411,76.76242065774937
7412,76.3316096579473
7413,76.55318473641398
7414,79.50739125015099
7415,73.01764292731679
7416,73.99958183042054
7417,76.57459692949976
7418,79.39920287264692
7419,75.79443676356425
7420,78.92381319535167
7421,78.6410002344245
7422,79.49788735467621
7423,80.56401163280856
7424,78.15418393955798
7425,76.17463410065278
7426,79.73126534894209
7427,78.24183374611073
7428,76.06193343808411
7429,78.50530140412025
7430,79.14075543655252
7431,78.12213805193551
7432,75.47152586443752
7433,78.2610462164402
7434,78.76640020821361
7435,74.56085246140105
7436,70.66698117975142
7437,77.0417257542992
7438,76.00313501650191
7439,77.7434899329129
7440,75.95600764916605
7441,71.98436280663554
7442,76.08132239884657
7443,79.07749227609753
7444,75.10701626635955
7445,78.43108048044269
7446,75.24602392348493
7447,79.91498984411606
7448,74.66062529178839
7449,75.87580142381807
7450,74.22110049380979
7451,79.40635158000367
7452,77.29566122162169
7453,73.46215455488698
7454,73.73745039245779
7455,70.11844391600147
7456,75.51104883887825
7457,77.12145029616829
7458,71.60519945667528
7459,73.5089696865677
7460,76.70365784063529
7461,75.50019368563972
7462,71.87216832850532
7463,73.07116441303555
7464,76.67342698742527
7465,72.28114140745396
7466,78.95554206195192
7467,77.31712076298749
7468,77.69450275636245
7469,79.12239154563093
7470,77.90679692560462
7471,76.05428774684077
7472,77.64064498262638
7473,77.85535960121211
7474,74.26509153356346
7475,78.4322574117104
7476,70.01144412477566
7477,76.83885975188304
7478,77.62287418440417
7479,77.32594984286459
7480,77.13060144487628
7481,79.64684924807887
7482,77.36306628615756
7483,77.66146168957692
7484,70.98246152615127
7485,77.18343623139981
7486,78.20388172008927
7487,75.88602563800362
7488,76.43147625850594
7489,75.77571806515994
7490,76.03014335386825
7491,78.87758112608259
7492,75.87582223899966
7493,75.23021718423581
7494,73.12178101750402
7495,72.49429632756141
7496,72.17374689188716
7497,76.52925170106431
7498,76.55342631012076
7499,75.77537452330262
7500,75.85314337474699
7501,74.29536721082934
7502,75.46071877474026
7503,70.52961164828798
7504,78.75586301367974
7505,79.04803495832812
7506,80.31757793516846
7507,78.2881730776906
7508,72.21637046290141
7509,74.50775332553962
7510,74.97909408025942
7511,76.77074830443672
7512,69.84041737609454
7513,70.89936308727465
7514,73.93063496484848
7515,76.29085219006464
7516,75.26608595358715
7517,76.66362292637257
7518,73.08707462621487
7519,74.88736697057743
7520,76.69867214622184
7521,76.96794737560731
7522,76.2788741429975
7523,77.56275881970367
7524,78.95915447016716
7525,78.27334906871425
7526,78.83586512757972
7527,78.13278734880481
7528,77.2861943057191
7529,77.30408695240624
7530,79.58625763552726
7531,76.41532914341354
7532,77.31825114876057
7533,75.5242663950728
7534,75.18970400159145
7535,77.59965348586525
7536,76.57848674657959
7537,78.75835999167163
7538,75.57099352887002
7539,75.83549760367151
7540,75.58672295657021
7541,78.50942653076112
7542,79.05919869282644
7543,76.22047869858403
7544,75.3297752105633
7545,77.81500089612138
7546,73.41567166397647
7547,75.44012184744923
7548,74.30183187817693
7549,71.75300575735741
7550,73.02818744347007
7551,76.50282453149703
7552,77.71630168854261
7553,76.5166999761488
7554,77.73289479792294
7555,76.2705066363913
7556,78.71974165931829
7557,76.2831944673934
7558,72.22550409963463
7559,77.1529248706671
7560,76.79688252353395
7561,78.35156673809695
7562,76.99674627954477
7563,79.65756974730448
7564,76.32828038329501
7565,79.62520066747925
7566,77.65513415175599
7567,76.89006333239155
7568,78.80973368020699
7569,79.47447801359203
7570,77.51337880345164
7571,77.2797610124714
7572,77.41670378884811
7573,79.3667562705271
7574,78.83595366779298
7575,78.50067184912507
7576,78.57211874071214
7577,78.27815547914878
7578,76.25875456780398
7579,79.7570283688716
7580,77.55985047253716
7581,78.89137632018566
7582,77.23086127625027
7583,78.56144130358831
7584,77.52830907603084
7585,77.58408688372367
7586,70.13906477747372
7587,71.91620748466738
7588,75.26608595358715
7589,76.10529182382186
7590,77.7507574149779
7591,77.04084024765524
7592,77.9848798497157
7593,78.26386849819608
7594,77.2004648624532
7595,75.29145683742348
7596,77.7436064322489
7597,77.27241302327099
7598,80.86837542506038
7599,75.0734481326665
7600,75.01706874146868
7601,72.82369804293654
7602,74.9085825321477
7603,75.76595103200123
7604,73.53968182201152
7605,71.03336698991632
7606,71.6367318853504
7607,76.69069636032611
7608,75.31840807297601
7609,75.99049206062648
7610,77.68212856495552
7611,78.98127742250477
7612,76.19060344981216
7613,79.21623437752066
7614,79.10475422661142
7615,79.00237088951457
7616,72.65025237213331
7617,72.64690330953385
7618,76.94613063591203
7619,79.08355518659533
7620,76.40268386682175
7621,76.43716738712288
7622,75.34926809972018
7623,76.48781760134966
7624,76.15770864210168
7625,77.72039424282724
7626,77.80672333389208
7627,77.83562417163523
7628,77.87474499620089
7629,75.61667953060396
7630,79.74151661355035
7631,70.30625544364995
7632,73.82000727921303
7633,78.88398056130256
7634,74.13871486774474
7635,66.80212017769247
7636,68.20674722714068
7637,68.72849266435679
7638,71.45163356776203
7639,68.79761941884044
7640,76.75921057672468
7641,84.25355185450815
7642,81.88062271084448
7643,82.97329958186941
7644,82.96882079776685
7645,81.56245132217703
7646,83.09413974926935
7647,81.14817672704669
7648,73.17400735493482
7649,73.37471223779772
7650,69.87665962544747
7651,65.25636391184014
7652,66.27165867455261
7653,69.80110661134279
7654,70.85271171684337
7655,72.09892910814972
7656,71.05895663719048
7657,69.88552100893531
7658,70.97052886286065
7659,67.86311960902304
7660,70.28367456902282
7661,73.35480769143379
7662,71.50446251368498
7663,72.58096636476
7664,73.59875442587435
7665,73.86528642512258
7666,71.77420787652392
7667,76.40644806717609
7668,77.21251972471686
7669,77.029573552496
7670,74.9010849381072
7671,75.27492078663363
7672,78.25432659701806
7673,77.29474768910347
7674,77.68070544919811
7675,77.5480220630169
7676,78.68935302335422
7677,76.94380029234179
7678,76.64719243534853
7679,78.99191253462226
7680,77.25564206934291
7681,78.06302083854894
7682,79.70304754026137
7683,76.50470456667637
7684,77.48939918060984
7685,77.70442749147008
7686,81.26702961065763
7687,78.6619409812269
7688,78.72369975980166
7689,80.10959173657136
7690,78.0597492783732
7691,78.06170724292622
7692,79.05272159309231
7693,77.40502903906685
7694,78.65844175946438
7695,76.66124609773868
7696,79.45738016606725
7697,77.73236350810834
7698,78.90068131364927
7699,80.53521933210425
7700,77.91520673636171
7701,77.84233303807542
7702,79.7124457608789
7703,78.22546347428107
7704,78.18664286737885
7705,79.8636964238749
7706,78.40884537646787
7707,77.77412079014215
7708,80.2089369586987
7709,75.87037542191422
7710,80.21469709788016
7711,80.2480118226569
7712,78.910123482546
7713,76.53037685164412
7714,76.39802498760321
7715,77.34468718191448
7716,77.54062984779893
7717,79.08648551791845
7718,77.52328670284368
7719,74.60631273886275
7720,71.37496249320174
7721,72.12795283836118
7722,68.27623682260639
7723,67.35721026798512
7724,70.4729851333671
7725,66.24636940247285
7726,68.79879774320585
7727,67.51886143117406
7728,69.24104146620431
7729,70.73929182581531
7730,72.47213569963475
7731,64.72055547588752
7732,77.4836796967814
7733,73.49308938812868
7734,73.40211534395218
7735,75.30065849629688
7736,77.95819036746315
7737,72.07965623718957
7738,76.9170754755039
7739,78.23310121346759
7740,79.38552178183113
7741,78.35222285923089
7742,76.13196290845696
7743,78.13355202187137
7744,80.12181348862936
7745,77.2003241805437
7746,76.25591315890324
7747,78.44565369800699
7748,76.94231565699005
7749,80.58724642003011
7750,80.97388638040138
7751,77.76984218704473
7752,78.04428553940522
7753,75.69765036237305
7754,80.5187138890854
7755,77.46207250851614
7756,80.29256919427246
7757,77.03192522488877
7758,77.05865848045045
7759,76.36422741583988
7760,75.04757844776714
7761,75.34447576837806
7762,73.96513194392293
7763,77.8344099091218
7764,74.66403297040023
7765,78.6289218067696
7766,79.20012709453619
7767,75.53731241442466
7768,79.04577413134132
7769,75.83743791690097
7770,76.00191742709393
7771,78.64626265590238
7772,78.56396703354778
7773,77.66060455353949
7774,78.49929524031614
7775,76.0016748288491
7776,79.4837379100025
7777,74.48885855308475
7778,75.74225188807475
7779,74.24779425955421
7780,72.54976705362009
7781,74.54637355084452
7782,72.95569417036558
7783,67.70148984551122
7784,77.20182331934654
7785,76.70170182554858
7786,78.79070205576272
7787,78.80991818808712
7788,76.84706562368422
7789,79.37217543018784
7790,77.13166540290337
7791,78.78688660633696
7792,78.12899307222648
7793,78.84854412441837
7794,78.06063399845334
7795,76.77946071221442
7796,78.05984744045787
7797,78.43218978329872
7798,77.83752468155865
7799,77.77817784152853
7800,77.30981550129104
7801,78.53981866551084
7802,78.30274071054151
7803,79.16276910921192
7804,79.0669754317114
7805,77.09240418708032
7806,76.40614648125967
7807,76.40762002790285
7808,78.24088244776999
7809,76.93220936302771
7810,77.52178723037702
7811,75.48453319417223
7812,76.17967754550602
7813,77.35774414188518
7814,80.50404763385222
7815,76.2725342696454
7816,73.04297265845219
7817,76.80263322430898
7818,74.45586460091329
7819,76.11371459171187
7820,77.68953512882314
7821,76.33642206265239
7822,75.16635189715612
7823,76.38155084356504
7824,78.07250469972132
7825,77.81679173544092
7826,76.34880193543523
7827,77.26603623637277
7828,76.50080354304885
7829,75.68055574427319
7830,75.0091588174966
7831,74.66180093540856
7832,71.03752077845115
7833,71.56256189743527
7834,72.4566107158999
7835,76.11460876321928
7836,74.08348029920444
7837,68.02320448718422
7838,73.60663239273748
7839,77.44391198445584
7840,78.16325998539082
7841,75.66087310148617
7842,77.41233343149833
7843,77.20182331934677
7844,77.955484628146
7845,72.98206686671642
7846,75.34211654551609
7847,73.36500048343964
7848,77.40838077406124
7849,77.28846901975646
7850,74.72991393569043
7851,76.35031042153804
7852,76.73256041238733
7853,72.78556022450073
7854,76.043386127095
7855,80.08509032571789
7856,78.3254231285818
7857,79.9715358292807
7858,78.79855267604205
7859,79.38216672830515
7860,74.12191531551622
7861,67.14538039053923
7862,68.25465954917405
7863,69.94266750334259
7864,74.57120845954483
7865,75.69526334116006
7866,74.558850961664
7867,76.1235199797465
7868,75.64916897969545
7869,76.01161440400864
7870,75.27033420671154
7871,74.89302131437944
7872,74.49126425579743
7873,75.14027504475467
7874,77.17734321682394
7875,74.19627942399092
7876,74.83249848123108
7877,74.70005059139623
7878,75.63259206408964
7879,72.52287097800183
7880,74.00577505957898
7881,71.69074162972709
7882,74.52677480087016
7883,74.41981094636799
7884,75.93978437217794
7885,74.31364038005063
7886,73.74369888856069
7887,74.44520362095085
7888,76.71819529833778
7889,72.93111435775444
7890,75.07864376640322
7891,73.18608327982855
7892,72.96884656332935
7893,74.07884960902788
7894,73.40666085912261
7895,73.2084820672174
7896,72.2431233213589
7897,70.32519398114675
7898,69.44709226190952
7899,68.69051365083396
7900,71.02564795354283
7901,73.22028112647632
7902,69.7843268650991
7903,72.46934052365629
7904,72.89473543923532
7905,75.05518291346203
7906,70.84555637497994
7907,74.34165540907668
7908,73.7263487636962
7909,74.04796546402196
7910,73.92532472166675
7911,77.18573301002453
7912,70.94690123524447
7913,69.99924020062656
7914,66.663331623879
7915,72.10184099148535
7916,71.57303601334081
7917,72.38152171218218
7918,71.15054876883266
7919,67.23323791522625
7920,70.20226657763607
7921,70.12403446475389
7922,73.62726047568702
7923,72.92163269089787
7924,76.92880854327677
7925,78.4774374785215
7926,79.0469505081569
7927,77.20016863103268
7928,77.57030768129289
7929,77.47795970085099
7930,76.49922800141928
7931,76.90555132159488
7932,75.20823457167967
7933,71.58597503850234
7934,67.16740115499732
7935,72.93591588351813
7936,76.56515289055085
7937,71.90931269160558
7938,75.02134997189683
7939,69.76383404885212
7940,73.84357137753102
7941,74.01442462836354
7942,74.9519797968751
7943,74.33074624542644
7944,74.19060054326513
7945,71.32002853376878
7946,74.26656338777906
7947,75.3059541414242
7948,73.6618459457959
7949,71.90265524780335
7950,73.7633024940834
7951,69.39644875552386
7952,71.86039642438669
7953,74.13225838929924
7954,73.11157258418558
7955,74.60412773426077
7956,75.36280582257501
7957,75.95422307321638
7958,76.19123810597216
7959,74.90836077314043
7960,74.4462572750636
7961,76.3388164039153
7962,74.68552046126547
7963,72.32626402445425
7964,75.90287139080345
7965,77.15847416207066
7966,77.55505595332062
7967,78.01188937361582
7968,78.25428581552234
7969,78.41956132552235
7970,78.62950501785747
7971,77.45921231188885
7972,77.68047197435396
7973,76.77262061529154
7974,76.94026871646247
7975,78.11111210647334
7976,78.71235031296169
7977,77.54559677992017
7978,77.30914669501044
7979,77.62557346873007
7980,77.30474655729131
7981,75.56728662286315
7982,74.21289059872402
7983,72.28241278979164
7984,76.04591459054984
7985,73.44214469241143
7986,73.77031310892977
7987,74.58000858770805
7988,74.2826287783102
7989,76.18555580850432
7990,73.36697567530132
7991,71.13453092970639
7992,65.17209796598178
7993,69.805255661856
7994,76.86838677112485
7995,75.05205585658189
7996,77.58389590791637
7997,76.05245885160883
7998,80.59535838382197
7999,78.98740012242382
8000,77.38577949692433
8001,76.42720471659783
8002,75.03179671227576
8003,75.1277265895502
8004,78.61549099140547
8005,77.96261729044454
8006,76.29282080037586
8007,69.72808082476564
8008,73.89236485847391
8009,77.04546425794007
8010,79.1786061143103
8011,77.37794189662549
8012,80.8662887612976
8013,76.77019337068805
8014,77.2807607130955
8015,76.62174601981081
8016,77.957246903304
8017,77.0867940922007
8018,78.43344633064311
8019,80.08877256652772
8020,79.3350266642392
8021,76.12099417730701
8022,77.47435003007621
8023,78.43661776398545
8024,80.1041525816155
8025,77.52247138506243
8026,76.89672139730334
8027,77.14939966361061
8028,76.57184955737989
8029,75.90778897705025
8030,76.7667737734456
8031,72.02815537346845
8032,76.04691406347689
8033,77.39838796260688
8034,77.38012652418587
8035,76.02049381246053
8036,74.16340879411155
8037,74.38553450710424
8038,80.25079521394866
8039,77.73022420847053
8040,77.37861244192732
8041,74.78525069359705
8042,74.48330888840582
8043,75.38286790912281
8044,78.36767227188125
8045,75.07951612885262
8046,71.74053454070344
8047,77.43614773985735
8048,79.37186087502386
8049,76.25662042799439
8050,75.71384479669837
8051,76.67211040031657
8052,76.91743310848307
8053,78.25789177456244
8054,72.24143725657467
8055,74.38340798207952
8056,76.52279133847458
8057,73.6107873554538
8058,76.71681751960301
8059,78.63771031101726
8060,75.98334244529741
8061,78.50646596707742
8062,76.15811834016978
8063,80.06851381085733
8064,76.17770903937418
8065,78.15626961051913
8066,77.1336152883921
8067,74.72509980079906
8068,78.57086449273208
8069,77.92873589255544
8070,78.40543806798598
8071,78.77539028945358
8072,77.47385021841745
8073,78.46123131896888
8074,73.14691218460672
8075,77.94331478452051
8076,78.16007824042828
8077,76.50456557111664
8078,78.9778394829633
8079,72.82208878280176
8080,69.64629797368514
8081,70.88231440019587
8082,72.96283923018154
8083,71.63500547395273
8084,70.66114884574762
8085,75.04662417489197
8086,77.24981662007457
8087,75.13508708846427
8088,78.01082484393197
8089,76.97728325428284
8090,77.16499173500358
8091,77.42334072884739
8092,76.28435873914367
8093,78.6248285605696
8094,77.03516463994328
8095,74.06285353925301
8096,71.36410764406844
8097,77.7943843381509
8098,75.19230253143172
8099,75.5538131854795
8100,73.12181054746088
8101,77.56744160000949
8102,75.77449544356813
8103,75.96858990080824
8104,77.05381825287498
8105,75.79770824143174
8106,74.93518353307826
8107,73.89185602761069
8108,75.3089142368301
8109,75.74706408797448
8110,75.75574572498476
8111,78.19514843541162
8112,76.00021919615153
8113,74.63537543150443
8114,73.85898447246723
8115,71.90495551019558
8116,75.75109276380743
8117,72.76940773191996
8118,74.8038677827393
8119,75.2096101048146
8120,69.32049457835325
8121,73.02158475546321
8122,74.79768792550374
8123,71.19484059371376
8124,65.7757009661911
8125,74.60071331772997
8126,78.48221545393437
8127,77.78862857576223
8128,76.2807025304968
8129,76.76838522502067
8130,78.85948732676269
8131,75.15800690274006
8132,75.31573479324817
8133,76.33148897836497
8134,79.33996881087006
8135,75.96079915967988
8136,76.76285495949799
8137,75.43597226910566
8138,72.76727465152982
8139,78.53220492083864
8140,75.26285049270774
8141,77.64980261225753
8142,74.94496214411538
8143,76.15638637257706
8144,77.58632093275389
8145,76.94172349723885
8146,74.06736898164075
8147,76.94917432094218
8148,76.0423443761743
8149,77.14957796015625
8150,75.24155063541275
8151,78.0076060852005
8152,75.88854896859203
8153,78.49359847245671
8154,75.06919653124254
8155,70.4308912261805
8156,75.51784453663959
8157,73.40934506515492
8158,73.39237262047993
8159,77.10123427057721
8160,77.54528326973372
8161,75.20568650823145
8162,71.90782419752588
8163,71.3598526411991
8164,71.23139244557393
8165,67.70561512736089
8166,69.9012255431561
8167,66.45226099287072
8168,70.51832884867378
8169,74.12533724651479
8170,73.54434340632059
8171,75.0063739099619
8172,72.03419639768231
8173,77.00784749166922
8174,76.04870187202357
8175,73.42141476033538
8176,77.8897379132431
8177,77.999166240455
8178,78.62891760416079
8179,76.75689681855408
8180,77.83594423200003
8181,79.17423629732792
8182,76.78299911616352
8183,74.24859098583437
8184,72.35610677944265
8185,73.27611347950977
8186,67.55053638171876
8187,69.09433439290245
8188,69.51138297757018
8189,67.34443361460893
8190,68.30027228250896
8191,72.77094188361087
8192,69.77065070209812
8193,72.36426323721736
8194,68.41561944912172
8195,67.79928409781087
8196,72.68316450437601
8197,75.72274679097603
8198,74.3261075129368
8199,77.02249048114595
8200,76.55484979244841
8201,74.43200432898584
8202,74.38848175798478
8203,74.51837186115665
8204,68.52034979022773
8205,71.02296548526232
8206,71.22973737267785
8207,70.87729763999056
8208,69.12879216802696
8209,69.49747167552914
8210,74.12447406707412
8211,73.82032380997668
8212,70.3346581851701
8213,72.56252654648904
8214,76.9753604086776
8215,73.76857558332364
8216,77.20457884269752
8217,74.35974059114363
8218,77.98201976974781
8219,78.42748573719814
8220,76.8974201065596
8221,78.54204415589192
8222,77.86722269524375
8223,77.52208897617396
8224,74.70257400127201
8225,72.73052666818171
8226,78.72021587058208
8227,75.65504488812695
8228,74.20007801817354
8229,74.8694339373157
8230,73.82449335452378
8231,74.33940392840839
8232,73.17597488470489
8233,73.19974188915
8234,74.63046126862343
8235,69.94581945514011
8236,74.1370966032062
8237,74.50976220677381
8238,75.99694023639461
8239,76.83416905450241
8240,68.76855676097705
8241,74.65133694691258
8242,70.5501428014565
8243,75.75445119129785
8244,75.14510131168788
8245,75.80786350879089
8246,75.64509788154635
8247,78.33381334713107
8248,74.68887974053496
8249,70.29122349807892
8250,73.24982283308435
8251,74.89983766483158
8252,76.00680313986055
8253,75.1860528421081
8254,75.69851687377769
8255,78.03252742891311
8256,79.6024749753326
8257,77.32587261443825
8258,75.39841133491092
8259,72.43389907543695
8260,71.00084747395192
8261,72.74633902984505
8262,73.59044929927461
8263,75.18023837008025
8264,71.70848628652624
8265,69.0782474867047
8266,72.40768137786898
8267,74.66050120324735
8268,75.90184875846955
8269,76.24255621663303
8270,74.12108826466255
8271,76.81664015802573
8272,77.31122896917543
8273,75.56846860127592
8274,76.87941733731617
8275,77.6624535290835
8276,75.14325231667965
8277,72.29543544370694
8278,79.01503939585263
8279,70.91349602701177
8280,77.06501078429858
8281,76.37340936952683
8282,75.54026927100028
8283,74.01164780501318
8284,73.19799120587118
8285,72.4151908723075
8286,75.13614093403555
8287,72.46919460205527
8288,71.72847355001846
8289,77.07307517027323
8290,74.96078485596507
8291,74.07404460724541
8292,78.5178473127254
8293,76.95053719145716
8294,77.71332041662862
8295,76.50914937123224
8296,76.43216564077619
8297,77.34573770787205
8298,75.25253221409378
8299,74.47147710188324
8300,74.57223474030172
8301,75.98299364887583
8302,78.2566876423237
8303,74.50036692069892
8304,78.6488826901624
8305,76.55435075541646
8306,76.71322179330997
8307,78.41516556910233
8308,76.96527069425565
8309,78.77687710931616
8310,75.19490924594845
8311,76.68887103554442
8312,74.37871873637823
8313,75.41447590016486
8314,76.88168903872366
8315,78.81521076508511
8316,75.38418748791435
8317,79.01360018324948
8318,79.95856588563248
8319,77.13504187367664
8320,77.96605770380006
8321,77.48764098230691
8322,78.25672191012336
8323,77.59177978257236
8324,81.6568678232835
8325,76.43147625850617
8326,74.79176015494
8327,77.92452770293022
8328,79.6649254169127
8329,80.29285400203787
8330,75.66415009486172
8331,78.63756275360191
8332,77.62469457345748
8333,77.81542078786447
8334,79.1019813204968
8335,77.10899631263635
8336,76.78236829045301
8337,70.52855895025425
8338,76.42009030856684
8339,78.49202281392002
8340,79.05399858815912
8341,75.12742444508399
8342,79.28775521036295
8343,76.78203944302072
8344,74.08806067206928
8345,78.67551725001317
8346,77.38262816088599
8347,77.29672212507029
8348,77.8145798969685
8349,71.36290712472021
8350,78.44185819690074
8351,76.63208703975488
8352,77.96215569101412
8353,78.1277824887527
8354,78.86117681363953
8355,78.26049927043817
8356,71.2967461495387
8357,71.30739345855403
8358,77.84728898402261
8359,79.01470673774128
8360,70.66573913286368
8361,77.5181622721937
8362,78.07201177148647
8363,76.80320733587826
8364,79.0187367186137
8365,78.17484662573395
8366,77.46559662635394
8367,72.10184099148529
8368,73.60677791446432
8369,72.83759953881156
8370,71.60877979288665
8371,77.41864804105808
8372,75.4488552506412
8373,78.97253835232948
8374,77.27440352849464
8375,76.46439604556713
8376,77.35984924482864
8377,75.88164424629781
8378,77.23118248522951
8379,80.75727426591857
8380,78.60434055918438
8381,77.7898901920247
8382,75.08506079791408
8383,76.59346043331658
8384,79.88803578028211
8385,75.94097865606716
8386,78.42503484359258
8387,79.75436111104051
8388,79.50771090447734
8389,76.343257883457
8390,74.85456276305064
8391,73.10671601847724
8392,69.14973040568157
8393,76.84413500404168
8394,74.74900056512558
8395,75.99337789098274
8396,79.55542346904929
8397,75.40252344125946
8398,74.16335860564283
8399,80.62033216051799
8400,76.84767665133745
8401,77.72603333438042
8402,79.89028387192928
8403,78.69368099156401
8404,77.13632134103375
8405,77.29302656394339
8406,75.69755999755239
8407,78.80064129329736
8408,76.44698172592769
8409,76.30887360232288
8410,74.32054076740826
8411,71.3235211091054
8412,76.98953665669353
8413,76.6560498708987
8414,75.89637063784403
8415,74.94800169778495
8416,75.54321523215367
8417,76.7949383221416
8418,75.8468284866106
8419,76.50472579027968
8420,76.92999797623355
8421,80.56718944967412
8422,73.46543255343516
8423,76.52091592952968
8424,76.31705585977551
8425,78.19957088015269
8426,77.66397769920013
8427,77.01716045152915
8428,77.41642966736879
8429,80.567923327664
8430,78.36124548448737
8431,77.30908029443185
8432,79.04644996423372
8433,77.58749364853213
8434,71.80035397584419
8435,78.00063302442743
8436,78.08407323072385
8437,76.62480984688597
8438,78.93611109665346
8439,75.54326394786597
8440,76.10794011427788
8441,79.65326286945543
8442,74.53061463382261
8443,72.0527235466738
8444,78.01365638562754
8445,76.2481971580703
8446,77.58988739692887
8447,78.09487477068217
8448,76.14927729387142
8449,74.75987003324752
8450,76.81796304032218
8451,76.14980066362165
8452,74.04476537808307
8453,75.46093872278072
8454,76.04647116662022
8455,78.19732706828955
8456,75.96374222610842
8457,76.24233201785927
8458,73.7739178183989
8459,75.90533361928357
8460,76.0901671496162
8461,75.1466580323663
8462,73.52652902276162
8463,72.8337416651886
8464,76.26341338787182
8465,70.00811541920893
8466,75.16539929262063
8467,78.15760856001452
8468,79.12259359576359
8469,75.26447538658238
8470,78.47088382916763
8471,81.1017175462045
8472,78.62950501785718
8473,77.27524338735327
8474,77.31306932917954
8475,77.81113964751859
8476,77.4587288616928
8477,77.50398631417374
8478,77.9616566675092
8479,75.83121440214984
8480,77.49960420053651
8481,71.93224781585843
8482,72.3354838808475
8483,76.86982234048617
8484,76.99207944153494
8485,75.68599193924467
8486,73.65593381925265
8487,76.95070760355833
8488,73.28239484335376
8489,74.05425282204578
8490,76.35073092907271
8491,72.69622149231128
8492,78.14457437397499
8493,77.39931134417651
8494,78.74304506894771
8495,78.58344517234411
8496,79.81639995286253
8497,70.5464157303818
8498,75.90555927567283
8499,78.27620804281986
8500,78.97154001152023
8501,79.6153398968579
8502,78.88101538990304
8503,77.2442736483327
8504,77.19843204319113
8505,74.04200574595762
8506,78.15566098157211
8507,76.4618121810471
8508,77.2588430300753
8509,77.8762755692673
8510,74.80594308985184
8511,76.0070270237157
8512,75.43043818799578
8513,78.67946886358811
8514,79.31316103400127
8515,78.58251987612539
8516,78.34238623727475
8517,77.79879715677617
8518,77.10312676819291
8519,77.52897441501818
8520,79.69892800690417
8521,75.81729324477442
8522,76.57776165909092
8523,69.4632250981366
8524,74.90010891549764
8525,68.14714903400721
8526,74.83287614379162
8527,77.46440656923005
8528,73.8873349664118
8529,73.91589344986772
8530,75.64108157777724
8531,79.16319898515673
8532,79.31197768292338
8533,79.35516895632014
8534,78.10817082892697
8535,76.09000522965266
8536,80.93788071353464
8537,78.56973932040438
8538,77.37305021935316
8539,76.23426955134704
8540,79.3468873626918
8541,79.04617431131521
8542,78.54135220227772
8543,79.13063580636685
8544,81.62154865084642
8545,81.99571469792926
8546,78.71456954933063
8547,77.509816596772
8548,77.71003525373538
8549,75.36441206640552
8550,78.16021521908658
8551,79.35627190372395
8552,77.03595600998102
8553,80.11666441076818
8554,78.17335609740792
8555,76.9929598754988
8556,77.95942301797822
8557,78.88299832228057
8558,75.9452577702836
8559,75.69436438103361
8560,77.77134928807317
8561,74.1533317206634
8562,68.5355430422938
8563,71.55422683635402
8564,71.58283342503586
8565,73.6570943438669
8566,75.77438276329616
8567,77.36909311389445
8568,77.3976764211265
8569,75.77817300640913
8570,78.89930993323082
8571,77.40394425783194
8572,75.70391427428234
8573,76.65079806780102
8574,77.44643275103414
8575,76.62702295238427
8576,77.4045148965447
8577,80.25079746859956
8578,77.46824977178977
8579,77.05873481977329
8580,74.45633533524529
8581,76.70046498092347
8582,76.875104294079
8583,76.77703285541128
8584,74.94605939383194
8585,78.0386252397696
8586,81.50885398942717
8587,73.06020181527975
8588,78.45078739944421
8589,75.89719907124612
8590,79.19815801564613
8591,75.86222944525491
8592,73.57844540246668
8593,78.77169313160397
8594,78.27010761919121
8595,78.141181397916
8596,80.76330497516369
8597,76.59456648851989
8598,77.14041809238432
8599,68.60719191743908
8600,72.95826252543674
8601,79.18450743035311
8602,77.23879974658252
8603,74.59534365759328
8604,76.6584348192107
8605,68.55205543054473
8606,75.77807859020919
8607,73.94605005726106
8608,76.94568635773663
8609,77.97977000784272
8610,74.17081967803108
8611,80.47421877124071
8612,79.15378292097125
8613,77.81021225588051
8614,77.49940557810288
8615,78.70826527526799
8616,77.53326186430627
8617,77.43185035413717
8618,73.0168699078418
8619,78.30563289750808
8620,77.71649668965978
8621,79.74686379694668
8622,78.38065983015207
8623,77.80586958623417
8624,75.30954927783756
8625,77.14439965336805
8626,78.20845657131593
8627,76.2115000291355
8628,78.64801519517346
8629,74.9673090457789
8630,75.77412618656228
8631,76.79005912427971
8632,76.90788648738953
8633,79.02326967396442
8634,77.56813771576248
8635,78.83305896133754
8636,78.81483475890172
8637,77.34313140204262
8638,76.81136723607892
8639,78.84051215535254
8640,75.46491086175104
8641,77.02342316209399
8642,75.33631704375847
8643,77.74907802142064
8644,77.69015072217087
8645,80.97158095077833
8646,77.89915351635608
8647,80.48630037067016
8648,80.09893863522245
8649,80.06515458445097
8650,79.5574270645019
8651,78.25140854777806
8652,79.21412192968921
8653,79.8783122650612
8654,80.20853283285288
8655,78.73789650109313
8656,78.68692734568538
8657,80.07218150948341
8658,80.49805603834193
8659,78.87075815950288
8660,79.63940809442772
8661,76.75443682907724
8662,78.30630795339374
8663,80.71384539642946
8664,79.15401162528832
8665,81.19621150499381
8666,78.50132615334223
8667,78.5374663814739
8668,80.74093405289341
8669,77.55541992944728
8670,78.93540651566275
8671,74.64586862199621
8672,69.97987866224423
8673,75.43231024408402
8674,74.1060401241615
8675,76.44252488510318
8676,76.55032269753497
8677,72.09100176251405
8678,74.59222389753882
8679,77.34417096043103
8680,77.79836557121428
8681,75.51258384969236
8682,80.29275385527075
8683,77.25529298056296
8684,76.49704002958828
8685,79.09721470043445
8686,79.04405563100175
8687,74.69472988309548
8688,74.06399032435445
8689,74.30965815020795
8690,76.01852742626767
8691,76.36392783736227
8692,78.98854625993295
8693,79.92627088855585
8694,78.00292792568143
8695,78.85535317276157
8696,76.0938160828336
8697,81.83094087371103
8698,75.25726002824047
8699,79.06074269521145
8700,73.12140784096727
8701,79.38998108305839
8702,77.49428467763715
8703,76.83874038435067
8704,78.65349353689305
8705,79.37418534628557
8706,72.4058850768738
8707,73.28509855852286
8708,74.14354661663162
8709,76.12595550421713
8710,76.42376651085362
8711,74.95650334319879
8712,74.16136257236144
8713,77.12835096502619
8714,77.3597556801131
8715,71.67257512996906
8716,76.53680782157528
8717,72.69207775025444
8718,76.67980137542577
8719,77.60537713004175
8720,77.68331342138691
8721,78.57777987166236
8722,77.56088365849098
8723,77.99781342691989
8724,76.87204696526294
8725,76.6521898201022
8726,75.85799589765827
8727,77.01215296376927
8728,77.4877938990968
8729,76.31100567728379
8730,79.00695619186956
8731,75.52997990742449
8732,71.9648428308272
8733,77.85944318685432
8734,72.1608794427118
8735,74.33352227692495
8736,71.78204546125744
8737,73.35466996742457
8738,74.30182444201631
8739,77.55838574716932
8740,74.05325072367543
8741,75.72286802289568
8742,74.08559764232717
8743,75.5984243824712
8744,78.18915633294125
8745,78.55755712394563
8746,78.04692737226077
8747,78.41112966599462
8748,76.3062754524035
8749,74.88706131190634
8750,76.86821792199419
8751,76.00060574162478
8752,76.89237483396795
8753,76.93580528532226
8754,78.92980478483923
8755,75.69765036237294
8756,75.18663452106227
8757,77.71598181435928
8758,77.64600665047152
8759,78.01896926838128
8760,74.73101144159415
8761,77.35511550054326
8762,73.25056840295053
8763,76.14405004983814
8764,74.8637631921431
8765,75.14612504052923
8766,77.0492248817286
8767,78.18058124871237
8768,73.24434728388974
8769,73.95900513909027
8770,73.99899560387877
8771,77.66180057705702
8772,77.23939745590013
8773,72.6894346808595
8774,65.12903108355772
8775,71.74874367943494
8776,72.01051030765211
8777,69.78870110732345
8778,73.03008558550704
8779,74.84230195271363
8780,75.50724806626431
8781,75.72311137539168
8782,75.64920040782573
8783,77.63539568523458
8784,77.50707253037348
8785,76.53993253326121
8786,73.46981741320201
8787,68.78639387590204
8788,75.18201892040037
8789,76.24174807294406
8790,75.26085728382202
8791,78.48434453676492
8792,78.2550452653445
8793,75.38699819815025
8794,77.7305525968946
8795,76.96563867838285
8796,76.61936156266552
8797,75.67439225807635
8798,75.13699797695045
8799,80.1065043947969
8800,78.82373689559472
8801,78.93048145234758
8802,80.03129380825976
8803,80.55736402073325
8804,77.62463292397297
8805,77.28754180562123
8806,78.29965673718488
8807,78.95523208237302
8808,78.20114316373832
8809,77.21087965780885
8810,75.99665829920588
8811,76.57667122635985
8812,78.27599878662403
8813,75.45830092248804
8814,76.06444529349614
8815,76.02945576219253
8816,76.30833602887122
8817,77.71483907705931
8818,78.24961872911706
8819,78.52946735146634
8820,77.68650297599089
8821,75.92296440423496
8822,79.73719011194714
8823,71.51548336803341
8824,72.5022087902093
8825,72.43889111792771
8826,73.72540856596078
8827,77.99679296359727
8828,76.78606670812877
8829,76.94223157861273
8830,79.5598043256798
8831,76.92448321199157
8832,77.82266163428255
8833,79.49097299312353
8834,77.86861389968794
8835,80.02916671485929
8836,79.33447823797786
8837,77.54647559583424
8838,79.78083934802771
8839,78.36335141195542
8840,76.19008328038763
8841,76.6855731394607
8842,77.18677547910539
8843,80.25357844785981
8844,74.44598155801225
8845,75.16635189715532
8846,75.29962038710414
8847,76.78375215211412
8848,80.4224239713111
8849,83.14072806561848
8850,78.20018039006504
8851,76.56467207499452
8852,71.48143620191814
8853,72.60099353502295
8854,76.22375062245317
8855,72.66494959591239
8856,74.21900134671125
8857,74.47945787127748
8858,73.22749944559519
8859,73.85232727544121
8860,71.72446003286808
8861,75.15515559585361
8862,72.85209831339125
8863,71.20594034461453
8864,73.39861193491913
8865,76.86885050984131
8866,75.05845513241013
8867,73.88680828490266
8868,74.95915644012865
8869,72.09702864546847
8870,74.04909858250295
8871,77.1312488712706
8872,77.28821352272001
8873,74.20034073442804
8874,75.77214176704302
8875,77.9742349731269
8876,75.62339677978434
8877,78.324442490053
8878,70.33863993062391
8879,74.68542419400029
8880,76.01449598727925
8881,74.36003552220404
8882,76.45291166953024
8883,77.59703747016681
8884,74.92386768575841
8885,74.20260452066907
8886,73.78498466102644
8887,76.06389121089029
8888,77.99266833788153
8889,76.71776107105774
8890,78.74469053157259
8891,77.30457518275546
8892,77.4150059272198
8893,73.30420851565549
8894,67.91733788109411
8895,72.43423319457554
8896,76.65365905494235
8897,74.3566988575887
8898,73.48103655183417
8899,76.02004722854326
8900,78.55336429992212
8901,76.30154815720977
8902,77.50621706267793
8903,75.62590074444279
8904,79.74722186940238
8905,79.02239084693582
8906,79.24759324518828
8907,77.20498739390916
8908,79.63576526742196
8909,79.20982717018484
8910,76.57916303029714
8911,79.52370905214138
8912,80.88241486442871
8913,78.70247373856722
8914,74.08465560179138
8915,77.60978221887473
8916,77.5226848953559
8917,78.19197211770165
8918,75.89203780009132
8919,79.12149453515246
8920,77.47658222227005
8921,77.81851632658822
8922,74.14405818405584
8923,73.49395968912376
8924,73.65586365051757
8925,80.06959940108516
8926,77.89058480055832
8927,79.11773507593904
8928,77.70361902193889
8929,76.70404904031244
8930,79.74361434394979
8931,78.71307073840575
8932,79.05258409804895
8933,79.42938639069075
8934,78.25808471596065
8935,77.795282657455
8936,73.21228158968921
8937,68.74547321062221
8938,73.85418579460514
8939,77.78462800414695
8940,77.43936317482587
8941,78.1001783489279
8942,74.36732463102118
8943,77.13630820382787
8944,77.30078429919769
8945,77.1408514975671
8946,78.34702467528831
8947,76.80000689936554
8948,74.76872167887956
8949,75.41611933805149
8950,78.19174286516073
8951,78.42279403690895
8952,76.8120824844716
8953,76.8329703029317
8954,76.55633826283446
8955,79.02444186818815
8956,78.22240935973889
8957,76.01684837215896
8958,75.03471735897375
8959,69.69246174040819
8960,73.08634840967812
8961,69.81686812736274
8962,72.35217244538217
8963,78.68692341879188
8964,74.0731002245343
8965,77.44410157523936
8966,78.23680737509147
8967,79.37159197648145
8968,79.09328879586855
8969,78.27296723687994
8970,75.59557606472106
8971,73.76679048804095
8972,80.31504592668955
8973,81.28880490401065
8974,75.98313601800265
8975,80.77023486137324
8976,76.71197127613453
8977,77.22662773370803
8978,74.40207992634743
8979,75.73959104343129
8980,78.69987502069023
8981,76.73648096733854
8982,77.78211335218862
8983,76.90223821759304
8984,78.72160465020215
8985,79.40538272512691
8986,79.95981880809506
8987,79.21911354752478
8988,78.30318386287752
8989,80.15149296314183
8990,76.5014439171241
8991,78.96564039608148
8992,76.18170740318942
8993,78.65366727894656
8994,80.51608148300306
8995,77.01164129927656
8996,76.33407898589303
8997,73.36110335457488
8998,75.14414332673886
8999,73.48405601395979
9000,76.93638451142004
9001,75.4619287954057
9002,74.2826628677833
9003,76.07841853200318
9004,75.95246612116625
9005,74.57554544484066
9006,75.84142032736668
9007,74.79080623720188
9008,78.46649746641589
9009,75.14651844566811
9010,76.78071075003385
9011,75.92726055147915
9012,76.24652983915831
9013,76.79182146596759
9014,70.95577970679778
9015,72.18127966876102
9016,68.50597207722547
9017,69.96602952434654
9018,69.71620449907425
9019,75.40184819325742
9020,71.82041445261507
9021,75.14072226874043
9022,69.11694492320981
9023,70.01779536801536
9024,72.26160106353751
9025,68.47796317398854
9026,71.55680166494068
9027,77.61000315554611
9028,76.0677188403501
9029,75.92301533511579
9030,75.23255753258712
9031,73.99985053087096
9032,67.89898304588178
9033,81.7789412947937
9034,77.63839982716405
9035,77.76506957358941
9036,78.13698949398571
9037,76.57025242424874
9038,72.19471558616249
9039,74.8038081435771
9040,76.94770309367743
9041,77.03250463385984
9042,78.89329885525189
9043,77.59656690240956
9044,73.26678891986921
9045,76.61972381524635
9046,72.0860726607417
9047,72.38692566306707
9048,77.19752668831535
9049,76.81662003862112
9050,77.86865993487248
9051,72.85627107889218
9052,75.99645623627288
9053,79.60035854747224
9054,75.4138525865676
9055,72.96896797982265
9056,74.59912119947899
9057,77.59416865761028
9058,76.604144991792
9059,76.78770007176007
9060,79.4955463330594
9061,80.08604996574809
9062,77.86962248493052
9063,70.53243687445996
9064,67.80387375097246
9065,66.95309730365238
9066,67.0655276420062
9067,69.11786379326469
9068,77.04778345137782
9069,75.15006297769628
9070,76.14861388870355
9071,78.25484258379868
9072,75.0880469078171
9073,75.0501946707044
9074,78.2761869680877
9075,77.13488873603723
9076,76.6972362787235
9077,79.37065234221166
9078,76.77581056916654
9079,76.26419416067392
9080,78.42192203086523
9081,78.04634860254009
9082,76.77221022122802
9083,77.43487664650155
9084,77.95991417460232
9085,76.48451747862589
9086,76.1746481656782
9087,77.00604095413848
9088,76.00121881879244
9089,72.16723613779328
9090,74.10751498652206
9091,74.33113300258663
9092,75.75139256062494
9093,72.91428078177034
9094,69.66717984688728
9095,72.92163269089747
9096,74.04186416403797
9097,72.36856695420681
9098,75.71090649042895
9099,78.3374430137248
9100,74.55459430230673
9101,76.25785352835646
9102,79.25112660669578
9103,78.4979031509248
9104,75.41510051947006
9105,75.24643708802034
9106,73.67744685908423
9107,70.30131318331541
9108,74.46272516586907
9109,72.58745023833308
9110,73.94768738433919
9111,76.40202356443933
9112,75.76053876905337
9113,73.3247057530113
9114,78.51835404042964
9115,77.78513106699899
9116,76.39760185529116
9117,71.92526732969145
9118,75.35341139308741
9119,78.38030298520243
9120,77.49314162649057
9121,79.89684430854271
9122,75.32532337555295
9123,78.23540602671818
9124,77.7135756477802
9125,77.02684821642555
9126,74.68514757379415
9127,75.30555069505976
9128,80.61679094312387
9129,69.16152767552188
9130,69.47112716574304
9131,75.95668417672164
9132,80.6901942924207
9133,77.85074636589684
9134,78.83150099684616
9135,78.09844680700115
9136,81.06915234147328
9137,75.90242431717508
9138,78.96494651035374
9139,79.66268101124695
9140,78.8810189231321
9141,79.96186422064994
9142,81.25048299730287
9143,79.15021485642723
9144,80.5137495616467
9145,80.13159328359063
9146,81.57982080281721
9147,80.5174851818586
9148,79.1674571113922
9149,80.77759310385397
9150,81.33559121839636
9151,78.21115038972232
9152,76.84689760163133
9153,78.9522175763804
9154,80.04511755663708
9155,79.22325502605878
9156,78.49644238618816
9157,79.6891367696121
9158,78.47503437691603
9159,79.06290709367221
9160,77.98180510547229
9161,69.34954612859332
9162,73.55694744720711
9163,75.4274540472444
9164,80.42377234904194
9165,75.42760949541446
9166,78.37631503075386
9167,74.2538609229382
9168,73.9128546225453
9169,77.3893963678787
9170,74.41461682830641
9171,76.59252613530833
9172,76.16984693019731
9173,75.5596068169416
9174,76.52954133974578
9175,77.51864459115944
9176,79.71799722812409
9177,76.62300607222375
9178,75.75802095727687
9179,79.38347273060549
9180,82.0506237389273
9181,77.18639918328273
9182,79.16552677462732
9183,80.88908431311438
9184,79.58326344246598
9185,80.73188584855569
9186,80.15060787746876
9187,77.86454839662662
9188,81.8477618253857
9189,80.4611526588514
9190,79.64195213568257
9191,79.28854035309877
9192,80.88084586958269
9193,79.9445881815189
9194,77.23596191050694
9195,75.4014410579179
9196,78.94058530749663
9197,76.91850311025235
9198,76.05344583795664
9199,78.23676230937548
9200,78.62534858000322
9201,76.14995103556885
9202,82.10186477700228
9203,76.24505736944963
9204,78.84873191914556
9205,75.79866801268582
9206,80.30066888667187
9207,78.40685191772502
9208,75.27311870399859
9209,79.28456472506787
9210,76.46576596204523
9211,76.7003752202072
9212,68.4655257966038
9213,76.41491092718127
9214,77.85221302331075
9215,79.64573732398361
9216,77.29416832893872
9217,77.90619905308336
9218,79.4767475314577
9219,77.84155832836075
9220,75.0103510967225
9221,73.10339725031372
9222,72.16896344194532
9223,73.03200062498126
9224,72.24458804746678
9225,68.93036741247818
9226,79.00547273383529
9227,79.72785385291945
9228,79.64443185651635
9229,77.5433813545219
9230,77.25956216727047
9231,76.83604234817568
9232,78.53449381072198
9233,80.45464023304282
9234,79.14636539005676
9235,80.3732148010103
9236,79.51570410009316
9237,79.42470955906163
9238,79.15676656369129
9239,78.35700500184566
9240,77.06222824864125
9241,75.86166512191699
9242,78.90120957416173
9243,80.20356519350065
9244,74.7407799424546
9245,74.99989576377936
9246,76.32271798230357
9247,78.14570903785165
9248,76.72877878265928
9249,76.09426343489048
9250,78.86950918720004
9251,78.2399141648782
9252,78.45750483419096
9253,77.75853078750345
9254,75.57664856481068
9255,76.60623181878043
9256,74.99067625663281
9257,76.05066779338699
9258,77.48384758898464
9259,76.99134315235239
9260,78.92950555360397
9261,79.48676041953433
9262,74.20873714536839
9263,77.14600921668165
9264,74.87734775262362
9265,73.12225699059081
9266,70.72994003182538
9267,73.97108831817013
9268,76.88701500642514
9269,76.79109206481633
9270,72.03973697383839
9271,70.1428332237436
9272,72.43288931433398
9273,74.09302471586142
9274,73.02889833898041
9275,71.50981468996383
9276,75.88844773912484
9277,76.37921128805147
9278,74.66277062313594
9279,74.23693556482766
9280,75.05124920935941
9281,78.8927304753908
9282,73.83668947601308
9283,72.97565433912939
9284,74.33175675838629
9285,71.54527487016577
9286,76.2298601000848
9287,77.16749411707241
9288,71.79356866850179
9289,72.3233790918801
9290,72.14252802956156
9291,75.50866287914766
9292,78.54420516609764
9293,76.0198446658465
9294,73.9994042333546
9295,72.77949539364903
9296,75.57735191237919
9297,72.81876708210604
9298,76.83320854513101
9299,78.1946494120021
9300,76.73815135917658
9301,79.53634265396192
9302,74.85232175213287
9303,76.57900108289192
9304,79.30047233943083
9305,74.32168966520692
9306,75.23207475589669
9307,76.09643729864132
9308,73.67144176639687
9309,73.83210410969707
9310,76.15106512959102
9311,76.20780797142953
9312,75.58665621018184
9313,71.8624848076717
9314,73.27858778072306
9315,75.07498203642365
9316,76.04161596583538
9317,79.48868644219351
9318,76.67337633558071
9319,73.81386453770807
9320,74.62392083914966
9321,80.1422806774263
9322,75.61839966522177
9323,75.3212919488596
9324,75.90199752390146
9325,76.48387687887993
9326,78.602107239482
9327,75.05710999888305
9328,78.44715872308575
9329,74.28635768340104
9330,78.73608637074256
9331,77.75091492599597
9332,74.44070991786975
9333,73.33996739396355
9334,72.36422242742373
9335,73.90178343077588
9336,77.03341113235001
9337,75.99799374098757
9338,78.15377194044436
9339,78.20471182848428
9340,75.3241314984964
9341,75.58020229002085
9342,75.53582146599086
9343,76.45912643308458
9344,75.91633210894213
9345,77.5403301040447
9346,77.71533404561131
9347,76.63293392756941
9348,79.70786086106659
9349,74.17474550421076
9350,75.51645659751762
9351,74.15823672763554
9352,68.08557510885925
9353,67.32215140444066
9354,68.49065190870914
9355,70.86522329625927
9356,72.41239558933495
9357,70.51625186888185
9358,74.0779080278146
9359,73.84501405178804
9360,74.24898880512956
9361,73.72637134499394
9362,78.8633499451754
9363,74.3183685446034
9364,72.85612107371645
9365,74.36571285409099
9366,73.11334160913327
9367,74.17270753271725
9368,72.80979848014238
9369,76.47002774687996
9370,78.87559390978396
9371,75.26287285746201
9372,73.77165446167265
9373,75.87562622193832
9374,81.69227538447763
9375,74.71607186654478
9376,78.54804256257881
9377,75.83172170844006
9378,75.70532547536357
9379,73.29437453164581
9380,77.5617130440092
9381,78.65400909779908
9382,77.01014554465291
9383,79.32489652070927
9384,78.95296665924303
9385,75.59852948568573
9386,77.6310873997308
9387,79.21151464585779
9388,74.068940175823
9389,72.88569477296255
9390,75.58745408468661
9391,76.6913198728451
9392,74.65639546749566
9393,73.92117957644962
9394,74.19518613590174
9395,74.13233302655709
9396,74.82011881319488
9397,74.74820819349827
9398,74.30989631246632
9399,75.54277410643937
9400,76.30354270854366
9401,75.4240190782026
9402,72.13637915119006
9403,73.68220706279385
9404,73.73728575586995
9405,73.20101175687608
9406,76.64023903495905
9407,76.84459061031026
9408,78.64375795133577
9409,80.58963644623475
9410,73.42047219295068
9411,78.62965014781787
9412,77.663355448159
9413,77.45836172155748
9414,79.87141797022815
9415,77.32696156639037
9416,71.21233466614888
9417,73.71224371368788
9418,76.948863357976
9419,78.11300425962355
9420,77.86620819015104
9421,77.1384110471908
9422,78.66213504612921
9423,77.43064847011141
9424,75.68189228715102
9425,77.02191518345307
9426,78.8045413248899
9427,78.82513108360297
9428,74.98150733672475
9429,77.03858391019418
9430,76.2659634745516
9431,76.27103633612722
9432,77.05208878388487
9433,78.09376901040503
9434,74.71828887749888
9435,78.08828930507934
9436,77.1821022586069
9437,79.43140706332349
9438,80.68207912427317
9439,77.72720591117263
9440,76.64455012829256
9441,76.28130922728758
9442,75.13357069422784
9443,77.72100245999536
9444,77.34310146978049
9445,76.48591613788125
9446,79.06312393190257
9447,74.90563098875327
9448,78.0283238200314
9449,75.66848730857993
9450,71.8624848076717
9451,77.73886174220985
9452,79.98488195917099
9453,76.06826070638283
9454,79.21356431918144
9455,79.72320998927506
9456,78.90982002902899
9457,78.60277862623695
9458,78.95576855380841
9459,78.47018573514384
9460,79.720752352494
9461,77.60677254463218
9462,78.63354694714775
9463,77.93542330085978
9464,77.8354306256548
9465,78.26797527571938
9466,79.69920896516078
9467,76.50130180854575
9468,76.77922971710689
9469,73.44502191427085
9470,67.98750748747392
9471,70.02064757475307
9472,74.37243228942987
9473,71.86490018164278
9474,77.57542088704008
9475,76.19399729289648
9476,78.74791808434355
9477,77.51767064004167
9478,75.2762451020455
9479,75.9082164925698
9480,79.5371679508034
9481,74.66552708251805
9482,77.82293099815678
9483,81.64454480103598
9484,73.46760923279453
9485,72.36434529834884
9486,76.32964811083741
9487,77.56664627714576
9488,77.74216886161713
9489,80.00362965004587
9490,77.66194547191998
9491,82.16594369398211
9492,75.81827344126629
9493,74.406640398734
9494,77.96478348556553
9495,78.62534858000345
9496,76.08528223002975
9497,77.89470574502104
9498,75.49733161317351
9499,76.01369952126049
9500,79.68468767911509
9501,76.69515359393301
9502,78.87019327115644
9503,80.0367837636175
9504,78.92434029004363
9505,78.29172121889826
9506,77.82259029018826
9507,77.1144268301195
9508,77.39673098655413
9509,75.42987055676696
9510,69.64360184182163
9511,74.88840914801523
9512,77.06709290229162
9513,80.59750333312462
9514,75.09777191213709
9515,75.56671515067586
9516,71.83678253772189
9517,78.05371978511278
9518,77.07044733990477
9519,76.63509592960611
9520,75.49397755654292
9521,78.72369975980126
9522,79.23282753979004
9523,75.5103586974526
9524,77.35629365168933
9525,76.95227449589345
9526,72.32518655256587
9527,65.62229108483655
9528,72.64342618347627
9529,74.46380463436924
9530,79.23629226476515
9531,77.34890125546917
9532,78.16642329981323
9533,76.03605349160404
9534,77.52304624489642
9535,78.5372209908578
9536,75.3665446751117
9537,75.03341134504137
9538,71.85082966680602
9539,71.87019774213843
9540,68.04202691917516
9541,68.02681227114834
9542,72.60513920665181
9543,74.33147384932681
9544,73.5947610264036
9545,72.71359699876126
9546,73.61010176708743
9547,71.96536378587672
9548,77.95772387500324
9549,76.07932766850337
9550,75.62755787306571
9551,72.80573924773364
9552,76.19346152388846
9553,76.41194000453152
9554,76.23101885325752
9555,78.97406567808196
9556,76.05379242424232
9557,78.29346839215304
9558,78.52072618402781
9559,74.7716273313535
9560,77.57299350764146
9561,77.87952769800341
9562,80.58766988196413
9563,76.19342332338397
9564,73.3194404859932
9565,74.83616119652226
9566,75.54791816742812
9567,75.93810492281682
9568,78.63709896246235
9569,77.10711027824942
9570,75.54457867745577
9571,76.92331678718472
9572,76.87783086893779
9573,76.35042681416496
9574,77.1100388142217
9575,77.74586387691699
9576,80.0616393031421
9577,78.11925305704813
9578,74.26834022384202
9579,74.55772154931884
9580,78.07133345544742
9581,72.56869016359303
9582,73.82190165318156
9583,79.72948236608971
9584,74.73858904989453
9585,77.24766090485144
9586,76.53571672590027
9587,73.38115813743815
9588,76.99791102302731
9589,76.00322099185593
9590,78.3339172882072
9591,77.6510971258453
9592,78.48583534316901
9593,76.45545324959403
9594,79.92572132188985
9595,78.02348236468447
9596,76.13910790690977
9597,78.76554854204522
9598,78.29354064361928
9599,77.4714847127803
9600,77.72228112982827
9601,81.42991108761123
9602,78.06131610293642
9603,77.30429443229525
9604,77.62039212576747
9605,77.46023648927775
9606,76.57202287749169
9607,78.0531074461847
9608,78.28488969664306
9609,76.96216694175541
9610,75.74150840588726
9611,75.47525198617143
9612,74.82256650378395
9613,74.89356822193025
9614,76.56874165457475
9615,74.85876822473398
9616,72.77677070610787
9617,72.58706362564874
9618,74.53609291232152
9619,75.60670793252172
9620,77.41233613381587
9621,79.34920226944672
9622,76.97104426892793
9623,78.68552524182445
9624,75.58654442280636
9625,76.24149055664515
9626,74.39963485755453
9627,73.68215399665297
9628,74.7415350068693
9629,78.89314035713687
9630,76.92419014147322
9631,76.69455750047587
9632,78.40775631989408
9633,76.8420432616382
9634,77.77812352435711
9635,76.59245615718339
9636,74.71048656037118
9637,76.71201943350218
9638,76.36467680644029
9639,74.7268167786209
9640,77.15830609797746
9641,76.75289418907369
9642,77.3153374386975
9643,75.52542387601471
9644,76.25054271673633
9645,75.72165141023345
9646,75.58991884305789
9647,79.45021638428028
9648,78.7797470344151
9649,74.07750468005162
9650,76.60008246319092
9651,76.55695826288377
9652,76.04035316972215
9653,77.0463381523918
9654,72.3558622602385
9655,75.7086479247269
9656,77.01053906907919
9657,78.11530710355083
9658,79.37990039169478
9659,77.41581354723127
9660,77.69145733827429
9661,78.51323539362835
9662,79.69298209580137
9663,79.2412177091008
9664,76.217570779769
9665,80.01543507877358
9666,76.78203944302112
9667,78.25136713428219
9668,78.4123853436754
9669,77.92481170802682
9670,79.40436505190661
9671,78.6736812402637
9672,78.16171947811597
9673,76.27831132732041
9674,73.42156626466567
9675,76.97301238548908
9676,75.06797237917499
9677,76.16446364472182
9678,78.29116416411534
9679,75.87388791189665
9680,77.82654629344376
9681,76.94256158255672
9682,75.90010762593005
9683,71.63662411108226
9684,74.93571138943918
9685,74.20501154250042
9686,76.19089508232355
9687,78.81817907368617
9688,72.7550866701933
9689,74.73569632032087
9690,75.91851400119646
9691,77.20800886469078
9692,79.12360276405525
9693,78.70881459439164
9694,78.03781672102463
9695,78.66014940376294
9696,74.75887993169943
9697,74.39596582352158
9698,77.54889219410501
9699,77.75683301425124
9700,78.11889412140624
9701,77.92285886103201
9702,78.00780518971555
9703,77.52028119442969
9704,79.32853717085868
9705,74.31868312704097
9706,79.02781032471898
9707,75.95264072682647
9708,76.34616249609894
9709,76.6746257508571
9710,75.81039559489068
9711,76.16808919828065
9712,75.91721872398057
9713,76.66181254078379
9714,72.47809310631521
9715,77.59751470820765
9716,75.76327046769921
9717,75.6828987850576
9718,76.85377489104098
9719,78.24956437943473
9720,75.26757171059552
9721,78.84237893770245
9722,80.13785773018776
9723,75.89414120624275
9724,80.88247985183193
9725,77.44894899743468
9726,76.47702756756541
9727,77.08772484463003
9728,80.06086384768008
9729,77.68401669761454
9730,76.6094662757705
9731,67.59653074941002
9732,69.15904259224146
9733,74.60218248976634
9734,72.99566906110539
9735,80.75829626086863
9736,78.49818266280107
9737,78.1936700507813
9738,77.11981423677884
9739,76.69010459482416
9740,77.50117987420475
9741,76.98376677084156
9742,78.09633292211907
9743,78.09194849147019
9744,74.6275531162346
9745,79.87535616982598
9746,76.89638247444782
9747,77.30563170388905
9748,78.45878841509125
9749,77.11487397343984
9750,75.75720454856645
9751,80.38957298012684
9752,77.4737488969821
9753,78.64982322619034
9754,74.89878403830261
9755,77.218640911524
9756,77.36603924332866
9757,77.71027919627073
9758,79.21524438956459
9759,78.60140648289348
9760,76.62174601981053
9761,74.80629177499219
9762,75.42196197489807
9763,77.19405038007443
9764,76.69271842968152
9765,76.77606284137954
9766,76.47963220978022
9767,76.82340507798324
9768,75.70532547536322
9769,77.43201550378103
9770,79.31148834069529
9771,76.10474953983925
9772,78.7080503074286
9773,77.21348423452417
9774,77.2555550495004
9775,76.58937288925995
9776,77.27048287870849
9777,74.8631598783603
9778,75.47550954817297
9779,78.3769878146349
9780,79.76512515605162
9781,76.3764508066048
9782,76.22781856053768
9783,79.0541403547636
9784,75.52164138250026
9785,78.74386570066486
9786,76.47654277670455
9787,77.81504571646428
9788,76.62776090299536
9789,73.74184862566938
9790,71.37096762438375
9791,72.62918931884775
9792,66.87343840762622
9793,74.74237346316352
9794,76.77012516684681
9795,76.72993557451565
9796,79.3649721893251
9797,76.2761766012377
9798,77.72163838216142
9799,75.61092140300309
9800,76.1033585189789
9801,76.83136374281787
9802,77.11906528304615
9803,78.44818292088371
9804,76.99164371504463
9805,77.32213753128042
9806,77.48593106773194
9807,79.24705207265066
9808,77.82643391915616
9809,77.33325953964209
9810,72.01016106394383
9811,70.5926252648087
9812,72.1966380081276
9813,70.63528290132746
9814,78.59390927492427
9815,77.17257379652949
9816,79.82828930882721
9817,79.57421445378975
9818,78.62392395102074
9819,78.77453803246726
9820,77.15870813746619
9821,78.67054986401723
9822,79.75338878312033
9823,79.02107024847504
9824,77.9246710213709
9825,76.86003479785205
9826,81.01683495133233
9827,78.6855337232131
9828,77.04432166690822
9829,78.60410513033958
9830,77.72008915012162
9831,80.45259003670901
9832,76.26981422768165
9833,76.26136619061765
9834,76.5042869232006
9835,82.31204989228837
9836,77.12257888489887
9837,76.52477505273589
9838,76.02112839580735
9839,81.02438760808138
9840,79.04214246156289
9841,77.49985079594205
9842,79.26438648621519
9843,76.33637103411996
9844,78.75764155688341
9845,79.53172182520916
9846,77.8919798928153
9847,77.07509375317511
9848,78.57053610630606
9849,78.14979748748362
9850,80.4738633184233
9851,78.68155836975296
9852,77.50621706267827
9853,77.22075471737975
9854,78.923339752814
9855,75.35864237017057
9856,78.57004007593918
9857,79.46920530500188
9858,80.30906951841547
9859,80.51990115719656
9860,79.53665481750517
9861,76.69828303299295
9862,72.31656333601825
9863,75.48443298950036
9864,75.49899581109179
9865,76.90111918492045
9866,77.2312154897561
9867,75.03897935474282
9868,77.73469078147576
9869,80.16461980348754
9870,78.89535222903487
9871,78.10922156570302
9872,76.567774512688
9873,78.5083034748514
9874,75.45009477831854
9875,79.37701126988611
9876,75.88164019052175
9877,77.18889831945086
9878,79.54920277586689
9879,77.827883965441
9880,76.32457423368425
9881,77.7362796317862
9882,76.34113883332736
9883,77.48520710953647
9884,77.6586159494857
9885,76.78873135556125
9886,76.00813183702212
9887,77.07737223560696
9888,76.67591027983207
9889,76.83799703307017
9890,75.9016166321394
9891,73.50616253400432
9892,71.85968855817993
9893,72.71886670866064
9894,79.23027561230117
9895,79.4125052937423
9896,79.00718054723387
9897,70.91145913952283
9898,65.83968084617021
9899,69.95874751498951
9900,74.84950657846133
9901,73.70235208742673
9902,76.51315030165159
9903,76.17544697021975
9904,73.87097411398605
9905,76.54517787903319
9906,75.18814373529483
9907,75.64841832904028
9908,78.89992322394374
9909,75.53795566447889
9910,76.08182164759245
9911,79.02392797087992
9912,77.10489290908549
9913,74.92257030045505
9914,75.59084082369986
9915,77.0391149968699
9916,76.2674021343588
9917,79.22157823257447
9918,77.3394313621834
9919,79.17577044800123
9920,76.749803425864
9921,78.78591169505489
9922,79.96424794054025
9923,74.95783993005739
9924,76.23466054785024
9925,76.2722508055985
9926,75.56484949421792
9927,76.79404923115669
9928,78.05590839004907
9929,78.20718748254768
9930,77.13305456290789
9931,75.68801494968062
9932,69.76179281765252
9933,71.86005656859243
9934,64.64680040911446
9935,72.17807970232354
9936,75.72430130266179
9937,75.66160592044685
9938,77.9200627974314
9939,73.49363483534825
9940,73.47507679959068
9941,71.52456286705348
9942,76.7061032956002
9943,74.68446816830118
9944,68.23972057552555
9945,74.92257706633296
9946,72.21123573047066
9947,76.94174225474978
9948,72.53212670268306
9949,77.27903680566311
9950,78.40009787072938
9951,75.22502002232773
9952,77.29789551309739
9953,74.68469449662433
9954,79.22499118579265
9955,76.6732991507389
9956,78.10628880043845
9957,77.21248889866814
9958,78.5516124079158
9959,73.7781524168015
9960,78.52309123172466
9961,75.91523906021195
9962,76.10410009512412
9963,78.70102566993484
9964,78.02759971414395
9965,72.77753818823055
9966,77.95625043275425
9967,77.557028157378
9968,79.26649740293612
9969,77.81152419026591
9970,79.06587733797886
9971,76.62971618536034
9972,77.40978917835093
9973,75.33102628884734
9974,74.05290721236224
9975,74.8575351039679
9976,78.43224585136039
9977,74.86902898284808
9978,71.20896799829956
9979,69.69461383045427
9980,76.05550653062483
9981,74.04216463525364
9982,72.90241730684494
9983,78.1680438855596
9984,74.65597840583285
9985,67.79363231272129
9986,80.00242790081717
9987,79.76293439752334
9988,77.37023910118114
9989,76.97705010549731
9990,77.47298162135206
9991,79.8248110602708
9992,76.87736949865666
9993,76.47790680394593
9994,77.7882161835866
9995,79.71780616758679
9996,78.32139041809131
9997,78.18952017096132
9998,75.04555792487213
9999,77.61497622050325
10000,77.18145830174075
10001,74.73520731787897
10002,77.29575636373693
10003,73.49102401274371
10004,73.99775667889952
10005,75.38068113148603
10006,74.70868673658458
10007,76.96135731851223
10008,80.57432871751598
10009,78.42159577352766
10010,76.47315264758146
10011,75.72356357628996
10012,77.32177269837365
10013,75.14519800170677
10014,72.31063817462905
10015,73.27038731403894
10016,72.23158502616127
10017,76.77767894420975
10018,75.97503310289756
10019,71.60899196647966
10020,75.06810779028785
10021,80.49293726429647
10022,76.78279641690995
10023,78.10257125914183
10024,77.0292665644626
10025,77.85003914730669
10026,76.10925288049111
10027,76.38713983983592
10028,75.68451528698057
10029,75.5614969262034
10030,77.84583870791289
10031,75.51974711558222
10032,76.34218810282619
10033,77.90883634930202
10034,72.2182301002199
10035,75.31629607445416
10036,79.24803960313841
10037,75.62837370747707
10038,77.62388457348447
10039,79.9957606724692
10040,79.60188364150474
10041,74.26465050479135
10042,75.14411718003589
10043,79.37841512399996
10044,80.10528913701415
10045,79.93285450825846
10046,77.37660634471791
10047,79.2853139849463
10048,77.983052742994
10049,74.7344669128255
10050,76.04746082188126
10051,76.36422960215606
10052,78.70714711565881
10053,73.15339546802727
10054,75.81200037012064
10055,76.35151028933689
10056,75.14156919143386
10057,66.34761026069702
10058,68.66327314350474
10059,71.45260257530418
10060,69.27989925329445
10061,67.6949352131976
10062,67.54492529728958
10063,72.39516474700144
10064,74.82409742699008
10065,79.98973756337796
10066,73.10118104451465
10067,78.6504697393043
10068,78.04246531067821
10069,78.26033245885668
10070,78.92750763227241
10071,79.70815207658569
10072,78.1104690330406
10073,77.42866772570108
10074,81.1550050121644
10075,78.42787388664846
10076,77.86191454178271
10077,80.90057992181295
10078,77.45554896651447
10079,79.709721066199
10080,79.1483064426049
10081,79.5563263017911
10082,78.49092769166595
10083,80.99973665462721
10084,80.42528110735032
10085,81.66851267785438
10086,81.23870333197459
10087,80.21460860644322
10088,81.53253756120523
10089,79.42930078066121
10090,78.78109899588952
10091,76.64446294810233
10092,77.92522470739675
10093,79.51533342810848
10094,76.50860997440424
10095,78.008177916774
10096,80.68508059213485
10097,80.17229857258422
10098,77.93439884837392
10099,78.81483972978367
10100,76.92786786560072
10101,76.29575032538236
10102,79.71893976978288
10103,79.99983470306984
10104,76.57369328435743
10105,79.40845478979747
10106,75.84737126200793
10107,78.82962223721995
10108,79.44660360202187
10109,79.58649680879506
10110,79.41864362388367
10111,74.62738093375754
10112,80.57513476332332
10113,76.40990331002581
10114,76.79804956963238
10115,77.59607088877306
10116,77.98976611903356
10117,76.1740426146635
10118,74.0172285065978
10119,68.24233356785948
10120,71.11169757793039
10121,72.62521044520412
10122,69.02095696787723
10123,71.38179460055551
10124,77.19931388100002
10125,76.46134253430495
10126,76.15732702396713
10127,71.34446748046253
10128,75.90890802386491
10129,76.37852847469509
10130,76.9768661205876
10131,78.4277289246105
10132,79.68927188140685
10133,77.27383552938738
10134,76.32778776724001
10135,78.11314405389044
10136,76.35812666026828
10137,76.09604094705861
10138,76.79133655694852
10139,76.81575890863093
10140,76.90918517232348
10141,74.95856827441139
10142,76.96871556431847
10143,75.03992078098196
10144,77.99079454505022
10145,79.11281501469824
10146,77.45800909548063
10147,76.73139973053867
10148,73.22809933086972
10149,78.91084619034189
10150,79.04291263406947
10151,78.97652052394301
10152,77.29870516819068
10153,79.97643457041585
10154,76.7431040199699
10155,80.41146586357445
10156,78.09338284396813
10157,78.2223652496084
10158,77.54588901158195
10159,78.86273925452036
10160,75.93460699875976
10161,76.8481135545091
10162,75.71830308844238
10163,77.97429330343311
10164,81.03007731098563
10165,77.81236229548904
10166,78.4447060112123
10167,78.44367468369336
10168,69.20572426150619
10169,70.077657483888
10170,62.26308418609807
10171,71.58396999018026
10172,74.91573506116617
10173,74.93975708801969
10174,74.51477666091529
10175,73.95230457087064
10176,73.89889674365025
10177,75.71801305684778
10178,70.67188122774058
10179,72.0399185473928
10180,71.45934699376568
10181,75.11997922501786
10182,76.96786185395064
10183,76.52966126386775
10184,76.60693880998087
10185,74.04281572774096
10186,68.4745838125628
10187,71.84162330034621
10188,73.32224816125023
10189,68.97158602945086
10190,70.69248356172955
10191,74.17032438213363
10192,74.19655741636211
10193,73.97212041912258
10194,74.98220922758526
10195,69.39078704151251
10196,74.69018939282302
10197,70.11473013255869
10198,73.73357247370575
10199,79.17159901135943
10200,78.67834185288177
10201,77.85358614508596
10202,76.59332229802715
10203,78.8021493328041
10204,76.2737890852705
10205,73.07899926999835
10206,76.62011220783899
10207,67.8357545652027
10208,74.66867887928936
10209,68.67872986632534
10210,68.87604418289993
10211,72.67167709621094
10212,69.06204279584517
10213,73.50472477991315
10214,72.95586736745076
10215,74.01609413134537
10216,69.86044479543727
10217,72.57786109000756
10218,76.46784707923177
10219,74.84280556683092
10220,73.94061142143443
10221,76.15009857652353
10222,74.4045604939646
10223,71.28401317131733
10224,72.14664254757957
10225,71.82684619694544
10226,78.01438634761138
10227,76.51682999231991
10228,76.53792124577222
10229,76.61014279946193
10230,78.63738962952198
10231,78.9794702361562
10232,76.57542294576837
10233,76.68945534229954
10234,77.77408890307186
10235,73.30484403986532
10236,75.09398092418184
10237,74.72819619773742
10238,76.15349377477241
10239,76.2758353772465
10240,75.82734948051666
10241,76.75746581846442
10242,76.79128404205716
10243,76.7396493006832
10244,77.5361719989375
10245,77.23378932468358
10246,75.38051057824754
10247,76.87978492899254
10248,75.48347598668113
10249,77.25241686717345
10250,76.4863779536542
10251,76.2799049578042
10252,75.66592748554046
10253,77.40708375441062
10254,75.37802254930892
10255,75.70609604464067
10256,77.14108384470023
10257,73.0110067545163
10258,74.79148477177563
10259,75.68214332956455
10260,74.46055547190326
10261,71.4731746843537
10262,73.27287088948327
10263,70.99436198335417
10264,71.49065144660125
10265,73.83636645919546
10266,68.20697441837308
10267,70.58689677208906
10268,72.79971256469412
10269,75.83626949465764
10270,78.91054155714158
10271,77.09265032085864
10272,77.56760117118995
10273,74.60799712583923
10274,74.2247511932452
10275,76.59179779746023
10276,74.59827411588213
10277,75.41625579398084
10278,76.64902669869542
10279,77.4317489980399
10280,76.0056944014188
10281,77.64642877914855
10282,75.56149692620352
10283,74.71204066600819
10284,65.52276052138205
10285,70.26676934354737
10286,73.73196308390271
10287,70.58280278078968
10288,70.29363252453749
10289,68.90525824412452
10290,71.4705810246939
10291,72.50707590454465
10292,77.93802467370222
10293,76.46301538364867
10294,77.60739358335752
10295,73.09447713705049
10296,75.30489978236983
10297,76.22371626811201
10298,77.03412195557138
10299,73.49316751110302
10300,73.57811535311623
10301,75.39582431700734
10302,75.37772272999706
10303,77.2898126145189
10304,75.483128448875
10305,73.55690185845447
10306,74.12413757640235
10307,76.54337356247277
10308,74.1131293440601
10309,77.81117150571339
10310,75.19438386879631
10311,71.40614050232432
10312,74.34497376932552
10313,76.78094419930204
10314,74.76809208584604
10315,78.60508953119768
10316,77.15125231830257
10317,72.79917850244323
10318,77.74096218765567
10319,76.24429152014358
10320,76.87068370770504
10321,77.84444528812094
10322,78.20108584836066
10323,77.40718132954407
10324,78.93610683852904
10325,78.02854018703033
10326,77.80231049834435
10327,76.50438125547669
10328,74.05901484786119
10329,77.4014261386987
10330,72.37579418123084
10331,73.65111252388175
10332,73.79948544862822
10333,79.43557864516436
10334,80.12933497803755
10335,80.02065026739143
10336,78.44014382852146
10337,75.35943370113182
10338,72.1741862921487
10339,71.39262582043335
10340,70.0187008483723
10341,73.95593058434656
10342,70.20669662526558
10343,67.49388178064754
10344,71.0933547936686
10345,75.15435718822283
10346,77.15126571675881
10347,79.7900495965892
10348,78.39831443197369
10349,78.53440730866089
10350,78.49074831531823
10351,76.7717397614266
10352,73.19085508346495
10353,71.59868364145069
10354,78.00187568125318
10355,80.29282533735244
10356,81.43562038244767
10357,70.13777996480127
10358,75.82463833541618
10359,80.76857584190856
10360,80.33554144451193
10361,78.91746508635345
10362,78.55517554078222
10363,79.68181969322
10364,81.45188741243777
10365,80.96286653737565
10366,79.37865094793648
10367,79.92058010464712
10368,81.39782279390249
10369,78.64774834162904
10370,80.5294636247018
10371,81.94524094517959
10372,79.29841656442608
10373,80.80962385663304
10374,78.04962863295862
10375,77.87781741156994
10376,74.86120119287222
10377,78.69617104869286
10378,75.74201598794576
10379,76.51493889982567
10380,75.18191616830967
10381,77.02240174672579
10382,79.78503453729417
10383,79.56034652555104
10384,77.71645993036077
10385,76.69653323023203
10386,78.52276978616209
10387,80.3517852704237
10388,73.56454521362889
10389,77.74072057725846
10390,77.73047078212767
10391,73.99913593506858
10392,74.89876109844977
10393,73.57719376796706
10394,77.47522498081133
10395,72.21043740078096
10396,75.8268532734383
10397,74.11197536131885
10398,74.49899313633136
10399,75.68171427799831
10400,75.8077507459326
10401,77.23204934687908
10402,77.98852589991765
10403,77.96576256027538
10404,74.68325608702344
10405,74.55505263842855
10406,75.83771246897709
10407,73.48455081460003
10408,76.95147527653899
10409,76.25914260386173
10410,75.02071257559527
10411,75.70537551268961
10412,77.97815424988573
10413,73.31430703863282
10414,72.2087716505431
10415,78.18944701805464
10416,76.29635228440645
10417,74.92225296714469
10418,78.53405838864364
10419,77.01790114582508
10420,74.65430823387322
10421,77.82033925965038
10422,77.78458813948407
10423,76.52010542352701
10424,77.09550185259167
10425,77.6636519451913
10426,74.42339547477428
10427,79.40407550343127
10428,71.43264212657908
10429,72.0195281214904
10430,77.45478303025044
10431,79.10283826963774
10432,77.24696385182426
10433,77.84977330600879
10434,76.39879526421333
10435,77.379774596846
10436,73.50013400513109
10437,72.29500647626281
10438,77.7159090032643
10439,77.29861373987148
10440,77.30140106963154
10441,77.57413101152491
10442,76.41981041298493
10443,75.33638450433193
10444,78.3043020102537
10445,77.58819383735874
10446,75.75062479648017
10447,73.45092968338662
10448,74.71149115737052
10449,71.16590224148052
10450,71.5543208902896
10451,74.82753824949094
10452,77.08180093682239
10453,79.09482309736927
10454,78.14263614770516
10455,79.20481301032089
10456,76.96015511644254
10457,78.54051458279866
10458,80.32046106852277
10459,81.21736426724601
10460,82.38799190230617
10461,79.96228160464813
10462,79.69368433785729
10463,79.22566505530398
10464,80.61203890413458
10465,79.5156562930083
10466,79.78069442699535
10467,75.33990957741884
10468,76.78607920979874
10469,77.61454657300811
10470,77.04607434526383
10471,78.0561154339955
10472,79.4090573264333
10473,78.7898956877321
10474,80.42654292634182
10475,79.79947006805736
10476,77.45075681315785
10477,81.31032729069454
10478,80.09490321744897
10479,79.29994845940286
10480,76.81619599802775
10481,77.64676529617236
10482,76.78413329232711
10483,78.59651925628674
10484,76.85275332876904
10485,80.15313555032856
10486,78.7154587813709
10487,78.93137522694343
10488,73.19768884087864
10489,75.54161475078274
10490,72.77112398242582
10491,74.82703075540337
10492,70.3328288228094
10493,73.77417644587382
10494,74.27449123903273
10495,74.29646831556056
10496,75.28384181949923
10497,70.09748561582188
10498,70.98263852891796
10499,66.6269168765997
10500,74.96280918008921
10501,77.59535082191564
10502,77.07845679330211
10503,75.31108244125437
10504,76.59593075916888
10505,75.39101714435674
10506,75.24321688086889
10507,73.29874590291399
10508,70.73951423682877
10509,70.68491118404017
10510,74.37947336789762
10511,80.41016304333783
10512,79.83207706808349
10513,79.76881828873917
10514,78.93042482121268
10515,71.98079210930405
10516,68.02804356456932
10517,69.95202761552326
10518,65.5142782398575
10519,69.62205339192633
10520,67.93816023809342
10521,65.72094665567016
10522,70.09927601968019
10523,70.09826398291318
10524,73.703829311184
10525,72.50948310067139
10526,68.4313277451705
10527,70.64544887598424
10528,70.46657536021104
10529,68.7416314563103
10530,70.20408487711916
10531,65.33509290345955
10532,71.00942800339607
10533,70.04366339592269
10534,66.04230209746947
10535,66.97021748043619
10536,67.98662288750239
10537,67.67617085069111
10538,69.71447930017234
10539,70.92066948865204
10540,71.50680677507216
10541,67.01174974599297
10542,69.50968640426976
10543,69.30459321780455
10544,69.73956748051864
10545,70.06842532314869
10546,70.19620436899277
10547,69.55473544185338
10548,66.919952224881
10549,71.35014861092088
10550,73.48683498230577
10551,68.10659885636841
10552,74.76337336284371
10553,71.77341711232259
10554,75.21659760920181
10555,72.25751514882234
10556,71.56621305521713
10557,77.26373530830074
10558,74.54338059472678
10559,76.06286880313871
10560,73.7582863697591
10561,74.96210529150977
10562,72.28294231266108
10563,74.1657292928819
10564,71.34637066792789
10565,74.41017828710403
10566,72.84628844635841
10567,71.26109732543932
10568,74.915735061166
10569,77.00593027532165
10570,79.51557220613142
10571,77.82919197014456
10572,72.77288066900627
10573,71.44518655320115
10574,73.77910122663246
10575,72.16414916443767
10576,73.32224816125057
10577,75.52047628383923
10578,78.46890307809349
10579,76.33983559097896
10580,79.75560381341853
10581,79.70246504134434
10582,79.14914459893646
10583,79.62296473554079
10584,79.1663037562634
10585,79.74917826137005
10586,76.06184726977972
10587,77.08095789268276
10588,78.188035709703
10589,79.66869847995184
10590,76.78946551640513
10591,80.29231631700844
10592,78.5427423507939
10593,78.03253286021607
10594,79.77883769198189
10595,77.30786688171816
10596,77.82288315545446
10597,76.89638247444759
10598,80.27587651470435
10599,79.87710885993124
10600,76.16128694565782
10601,78.64404318494337
10602,77.73030246092134
10603,79.37091585995017
10604,80.52694564647385
10605,78.2488596345234
10606,81.50469445561066
10607,78.45186067286164
10608,75.50617733831575
10609,80.38636205760872
10610,80.52744982820985
10611,77.37812745995785
10612,79.34920226944638
10613,79.18923514397704
10614,79.42048768678086
10615,75.31427798305396
10616,77.04375808014203
10617,78.7080503074286
10618,78.00609328884786
10619,79.54266957141454
10620,77.40678871796842
10621,79.51767686228999
10622,80.4228317422099
10623,75.29862437805929
10624,80.28983471046342
10625,80.51366992277161
10626,76.06430913747357
10627,80.9877404120536
10628,81.7259160995768
10629,78.79943458395724
10630,76.8339578903396
10631,80.9451320805207
10632,78.83508469489317
10633,80.57455640422654
10634,78.99574003349522
10635,77.55159842670986
10636,79.2826193741846
10637,79.07461516461984
10638,80.08354144398487
10639,79.52014720549613
10640,78.30918663947756
10641,77.06995496976742
10642,75.15864328035718
10643,77.39247632278801
10644,72.60699068070153
10645,74.08714949472233
10646,73.35188722476607
10647,75.21923152056178
10648,76.81702468350011
10649,70.90366932205183
10650,71.37309586973095
10651,72.90343904043851
10652,72.33950628462406
10653,74.71694365126416
10654,73.18730186402018
10655,77.54171347572174
10656,78.26939212534148
10657,79.24878682703905
10658,77.8138161233527
10659,79.13094625002367
10660,76.85728576162074
10661,78.15251553364806
10662,77.8983804358806
10663,78.83958245029527
10664,76.18716443048265
10665,77.33212187375983
10666,77.75803432735364
10667,76.19678341904711
10668,78.05768858498624
10669,77.01679487480772
10670,76.84032981816489
10671,77.63385961987069
10672,77.85084173731593
10673,78.37168561436101
10674,77.2363854093876
10675,77.17912293062756
10676,79.25090650349989
10677,78.56672584196673
10678,78.59356166650798
10679,76.84144651020898
10680,80.14545788307856
10681,75.8957979374349
10682,79.64039752138154
10683,75.97112690961308
10684,80.09230176397858
10685,79.46747151002023
10686,77.46168500027716
10687,68.91152082648301
10688,71.83141539650262
10689,66.21503652092576
10690,72.26419167535983
10691,79.34616150360733
10692,78.3243165389494
10693,75.91309875453243
10694,78.90531479709858
10695,78.1936234161326
10696,78.40282845524843
10697,77.11569122611974
10698,78.90612336387409
10699,75.12460208270625
10700,77.01885864341449
10701,78.37835855546484
10702,76.66500042926543
10703,77.18020416512536
10704,79.2645394702418
10705,75.42844267016727
10706,76.52405207667391
10707,80.96890291677914
10708,78.26550025062699
10709,79.82851729605062
10710,83.35854515750356
10711,78.85366247458433
10712,73.8061515951211
10713,77.01297721176934
10714,76.06604788261319
10715,75.81508023136678
10716,72.45479038210118
10717,75.32779309449847
10718,79.23027561230089
10719,79.3015212970206
10720,76.81146893442701
10721,78.84303199743732
10722,76.1483095954336
10723,78.45163577833915
10724,75.33332126549351
10725,75.42186634062836
10726,77.9399399899878
10727,76.89914668700857
10728,79.74547702601598
10729,77.38616642549414
10730,77.07089589950226
10731,78.43956923312965
10732,76.70227672552903
10733,76.84329105600648
10734,80.0006898963764
10735,78.36226315193926
10736,80.38786742782543
10737,77.89757096565387
10738,78.68821060688026
10739,76.82691039456415
10740,76.3273431931267
10741,80.39396124152046
10742,81.54937574449599
10743,79.1655246137912
10744,78.49893807310639
10745,81.69831476864005
10746,79.75498323761042
10747,77.73814476569936
10748,77.05590294150136
10749,76.10597931252858
10750,77.11796201755396
10751,77.77158427571442
10752,75.7039631025412
10753,76.03106347409033
10754,75.92740522456103
10755,74.83139982334382
10756,65.77218939975904
10757,72.74296294364063
10758,72.29176068860954
10759,74.32680056837103
10760,75.85885618490772
10761,78.20516568283932
10762,78.3059272201209
10763,79.01658925439511
10764,75.92069485008801
10765,78.02888169031263
10766,73.5688891911434
10767,75.92502391427973
10768,74.4626942470154
10769,77.4914924415167
10770,73.95374816702031
10771,79.8131080805743
10772,79.99327318720862
10773,80.84756413047916
10774,78.01745481335098
10775,74.94148740334447
10776,79.00242487739234
10777,81.39296285421023
10778,79.43003400774228
10779,80.30614031134013
10780,82.57665867450214
10781,79.6689066752399
10782,76.25518715665459
10783,76.45881329388095
10784,78.86437255844811
10785,78.19300791170127
10786,78.28800929961727
10787,78.38398418743117
10788,79.52852915307102
10789,79.47335454597516
10790,80.791421432697
10791,78.76418555859698
10792,79.73719011194675
10793,81.51288484809118
10794,80.74937464006331
10795,79.62264726655519
10796,80.6130558256362
10797,78.77044047855867
10798,78.1082051805227
10799,79.6846627666722
10800,78.74954059303047
10801,76.74607054135686
10802,79.59145097564618
10803,79.25658231224611
10804,76.23138886558348
10805,80.69168521920795
10806,78.66460097200854
10807,81.36891942671468
10808,77.83665680825135
10809,80.64808558487147
10810,79.70099546071663
10811,79.51074468151626
10812,78.8332875757967
10813,77.84598989860706
10814,78.18553266137985
10815,76.6861949034759
10816,77.61986417023968
10817,79.21072331616995
10818,80.17294406636978
10819,77.79794032267205
10820,77.81108703541463
10821,79.31630642283187
10822,76.79857897070843
10823,78.02694127774032
10824,78.81790075403961
10825,78.29939714433743
10826,74.02540666100464
10827,74.82945214905857
10828,79.16220647617268
10829,77.94421627952829
10830,77.79700365033375
10831,80.35405281575362
10832,78.35992794496434
10833,76.97125929517796
10834,78.26620208629026
10835,77.33945649714394
10836,71.91770557888293
10837,75.25320864105112
10838,73.79793233119238
10839,74.8624186082576
10840,74.58961679348295
10841,71.19682458369084
10842,66.202841206946
10843,71.79616022328429
10844,72.85450053873132
10845,79.22712038947338
10846,76.66881424884423
10847,77.55909029219924
10848,73.68453882769381
10849,72.09751329248542
10850,72.62998776629018
10851,76.35634069750506
10852,74.7449809380488
10853,76.7507902933159
10854,81.35030001909735
10855,79.3917700967242
10856,80.23691421410763
10857,75.46106285745617
10858,76.65477743414544
10859,74.633717981963
10860,81.25910403811093
10861,77.57299350764117
10862,76.0350698687082
10863,73.89505408246163
10864,74.66365299316033
10865,72.49315762769902
10866,76.90917262440922
10867,79.26187383850998
10868,77.78950157724631
10869,77.31083550590125
10870,76.73298146320207
10871,78.30929571717627
10872,72.36743838336548
10873,71.55347674322411
10874,72.60190470423049
10875,74.1636306794075
10876,73.44689184361846
10877,73.4763503521695
10878,75.67205939980454
10879,77.96688102074182
10880,77.98873930733498
10881,76.83077644575297
10882,76.88222236560739
10883,76.93779084304742
10884,80.47235263293499
10885,76.60997486311209
10886,78.71258580944385
10887,70.9672598445548
10888,75.92056261528677
10889,77.8632663913445
10890,76.45877642656427
10891,76.33997645785036
10892,78.91755413618398
10893,74.83087696217399
10894,73.32233838230229
10895,75.6091502138467
10896,78.53471370681564
10897,79.14716087685599
10898,75.560839512023
10899,72.61292619063408
10900,79.4305667255698
10901,76.37161829204143
10902,77.00596823504804
10903,78.68697667458127
10904,80.3475625233475
10905,80.91503140137132
10906,79.49824969268457
10907,80.33427583117691
10908,79.26674448795285
10909,77.45125787194121
10910,80.99596195979962
10911,77.99217178294464
10912,76.37608739431153
10913,78.28366104217758
10914,77.28695500257271
10915,75.45959743800353
10916,75.17990753604118
10917,76.72545687468312
10918,75.21560467791323
10919,76.56268786077612
10920,79.18072468107545
10921,81.34944954990254
10922,77.41163527254776
10923,78.17009632950425
10924,76.78102225999379
10925,77.98912334252776
10926,79.69412605632596
10927,77.10944199517922
10928,74.40404935356474
10929,77.0114399616254
10930,72.43150550940123
10931,77.75294845811004
10932,77.06938296774274
10933,78.19815285927376
10934,74.77233025605369
10935,71.76662714311277
10936,77.66660260225581
10937,73.22809933086967
10938,70.77988555831564
10939,70.3506210548806
10940,72.88301118889189
10941,72.07736460461786
10942,70.89866325510968
10943,71.64416136236059
10944,75.07924517569927
10945,75.73803056490033
10946,74.48924857583137
10947,73.622512200936
10948,74.69823733800183
10949,75.5371432886771
10950,76.16177295333159
10951,75.59998452852813
10952,73.23870594268146
10953,74.32545597158054
10954,72.05596005960871
10955,71.59483036251731
10956,71.31739512031476
10957,71.69136807580446
10958,73.45798265109289
10959,71.30181862670241
10960,72.19193754997156
10961,71.34042780754748
10962,65.07028489364035
10963,69.07225325911583
10964,73.03532624721987
10965,70.90846069533893
10966,77.03743026350764
10967,75.49710124185435
10968,79.71389659885813
10969,79.10686779345042
10970,76.9022275839431
10971,77.93112668831333
10972,72.91381895487751
10973,78.12522908584208
10974,76.31279854986303
10975,77.99979773752722
10976,76.38852523803644
10977,78.43722425166811
10978,76.49834837518529
10979,79.86218030035195
10980,78.68126910296729
10981,77.37957908344634
10982,77.10075652745195
10983,72.14914850155338
10984,76.68302425743258
10985,76.17444176617744
10986,74.17035852314649
10987,72.29185034770586
10988,71.9976209336777
10989,78.12562023208795
10990,77.10308599711914
10991,73.35034613528097
10992,73.51473202924677
10993,76.78423681303252
10994,79.839266563705
10995,78.87530532253265
10996,79.84397276555512
10997,78.37697241448154
10998,79.83361200021784
10999,77.67917678752065
11000,79.97275749538522
11001,77.62931345518774
11002,76.16087230639494
11003,76.80450605546253
11004,75.3071888893466
11005,76.66360877548198
11006,77.78127500869505
11007,77.51027488869329
11008,76.48998804290329
11009,76.70629837829529
11010,75.69252942176036
11011,73.98747575775394
11012,79.18841612091546
11013,76.5558912422133
11014,79.37723114424966
11015,77.89184179856835
11016,78.0159107594846
11017,76.23586441478807
11018,79.2319373181387
11019,75.6242402340066
11020,75.57676178405183
11021,71.56055924991051
11022,70.2847988459705
11023,70.48383607876838
11024,77.65097528909882
11025,77.65034861612878
11026,77.99282495329817
11027,78.64594814506444
11028,79.67056691065727
11029,78.95977703144996
11030,78.47556315488373
11031,79.94526867388339
11032,79.13538305810113
11033,79.47639960063287
11034,77.75328300314129
11035,78.92967936163603
11036,79.36679725902371
11037,76.28307219172262
11038,80.61052004129607
11039,80.93663578370655
11040,78.9646544757963
11041,79.45310513793794
11042,79.51246506672669
11043,77.53860778621492
11044,77.40202068396854
11045,77.2641933639377
11046,78.5275402795645
11047,78.98311931693058
11048,79.27886155127874
11049,76.49642308942333
11050,80.81251751062172
11051,78.74548745757187
11052,81.15527578960382
11053,79.9662964416309
11054,78.02854018702993
11055,78.49028093534918
11056,73.70147597264537
11057,72.33632617903316
11058,73.41817117393373
11059,74.89696121944598
11060,76.41719499062094
11061,75.85621063537297
11062,76.00129568030479
11063,75.23241104188992
11064,76.97811857475898
11065,76.32271798230352
11066,77.41714737197105
11067,75.80674204591168
11068,77.79260552188742
11069,76.86064621362624
11070,76.02129771924899
11071,76.6270559976985
11072,80.43818115085656
11073,74.5495593703937
11074,72.66198364277903
11075,77.80405411683125
11076,76.20136771766585
11077,78.45470834152292
11078,78.07523312097965
11079,75.9742170087847
11080,80.80816651645443
11081,80.47102146046012
11082,79.7161511777785
11083,80.60669333925142
11084,77.72309561018068
11085,80.45860471946747
11086,78.66222475466986
11087,77.05735696408061
11088,78.45021502687433
11089,82.34911233830866
11090,81.26249828548725
11091,78.0882055629238
11092,82.00318328490124
11093,78.03067265833823
11094,78.98354415373393
11095,80.71220545129921
11096,77.62195255683508
11097,76.02060766097617
11098,75.0368987106367
11099,77.92424894470997
11100,79.00915411613988
11101,77.34782422451303
11102,79.90654059324856
11103,77.08829227663642
11104,79.0308286939757
11105,77.97241335946029
11106,78.60552143527315
11107,80.55974986569237
11108,77.9683350432145
11109,78.31499913831476
11110,76.56295869265142
11111,72.180553025358
11112,78.25136713428196
11113,79.9692185802827
11114,77.97794902223126
11115,77.03980638210476
11116,75.0063739099624
11117,77.11588195343688
11118,78.29730967544447
11119,76.6907108611619
11120,76.2779212684157
11121,77.7290256759365
11122,75.10519343925824
11123,76.91679388091671
11124,76.75660117721253
11125,77.49921003107244
11126,74.87564962528364
11127,81.1584819078987
11128,76.50712136996611
11129,74.35491980691228
11130,79.45487903026248
11131,77.68558721737423
11132,78.65245492664991
11133,77.38173942462129
11134,81.69270822895214
11135,77.52778287004872
11136,78.7976958145216
11137,77.5240738967587
11138,82.36319794968307
11139,76.51330303349738
11140,77.50272677994235
11141,77.35515998188299
11142,82.06475292999454
11143,77.25864056191608
11144,78.70317575188375
11145,69.08346351322285
11146,74.13871486774497
11147,82.74417829088907
11148,71.62244848457982
11149,79.61030332846167
11150,80.47074939776894
11151,80.47951076131784
11152,77.63473546786054
11153,74.20792936686018
11154,75.51805875767718
11155,76.98633348159336
11156,74.57676832669796
11157,79.3601015778118
11158,81.31868523846742
11159,73.49623864649828
11160,77.10459227297946
11161,78.96796508487284
11162,78.50272055960346
11163,78.40294838477104
11164,81.18665977547602
11165,76.7467022238452
11166,73.22659046426531
11167,74.11600832606746
11168,76.36407817764933
11169,75.27307306577217
11170,68.79267751525117
11171,73.2660068480161
11172,76.64700341053793
11173,78.40207145792169
11174,78.26992523343102
11175,78.2068040500937
11176,76.8406928276865
11177,77.30105487171022
11178,75.04214612431787
11179,79.16279369269131
11180,76.74017483523482
11181,78.23612962038311
11182,74.78466982095415
11183,76.50033878789253
11184,77.16362467289724
11185,77.57365041302086
11186,78.11945751958973
11187,76.36611907870537
11188,78.53542903031479
11189,71.29860040751566
11190,73.63581748550689
11191,73.95435099806286
11192,74.78221077644537
11193,77.83040069106261
11194,71.50571473231543
11195,75.60186038817642
11196,72.00749980808774
11197,73.85544180775662
11198,80.17255801671655
11199,76.15344126407763
11200,76.9923728103725
11201,78.30650497966883
11202,74.19583203246566
11203,71.89129932320128
11204,77.64571718242775
11205,76.35044844418945
11206,78.33751776862528
11207,75.44229275673325
11208,79.72151012376332
11209,75.51750441566259
11210,77.04284678252395
11211,78.97170505677576
11212,80.26764276605559
11213,78.10694781930908
11214,79.26603620972207
11215,78.12934755352506
11216,78.9963697182177
11217,75.93572342077726
11218,76.23528289932881
11219,75.92970500922587
11220,74.78681340891046
11221,79.96966282102642
11222,78.17960334824892
11223,77.58512015774073
11224,78.06585096930468
11225,79.03056086986976
11226,76.08604156587825
11227,77.02123848238091
11228,78.9751096186962
11229,79.85121122966945
11230,77.26129296443781
11231,76.88027071765339
11232,76.80633913058654
11233,76.519234216028
11234,74.79301214380786
11235,73.23676270648576
11236,75.0555237060928
11237,76.92241175045046
11238,79.24568712447984
11239,77.78396445041489
11240,79.76489475288042
11241,76.65272402437915
11242,78.05242093267469
11243,76.4719062196196
11244,76.45743332950394
11245,76.69841520541894
11246,80.38721813081912
11247,76.50527746701647
11248,78.95437962029814
11249,70.7710910473441
11250,77.73787719649431
11251,78.71019339676468
11252,77.57549664925955
11253,78.16164688012219
11254,78.08654430322287
11255,79.2593534352859
11256,75.78724994200303
11257,77.61913012817769
11258,77.96679120040989
11259,77.36609749141525
11260,77.82217631042948
11261,77.75389335378082
11262,77.91394911038918
11263,76.30681185851552
11264,78.0858227547983
11265,78.39002384261124
11266,76.53424143106645
11267,78.49870559673514
11268,77.78862857576235
11269,73.53003454197273
11270,76.52879951562483
11271,74.57544597607853
11272,78.61215953977234
11273,79.42009832345099
11274,79.63389722943225
11275,77.88663510984998
11276,70.83176279785192
11277,70.52769516917533
11278,77.86916083283205
11279,71.60974512616235
11280,72.51459145285969
11281,76.63125545260618
11282,76.7158492619298
11283,80.14490216517186
11284,77.72010270968775
11285,74.75887993169954
11286,76.73588956201024
11287,75.55709325086946
11288,78.69478078224432
11289,80.28418103348287
11290,74.66029651322191
11291,76.45844487444191
11292,73.44770013668159
11293,76.8641662059103
11294,78.36721519167048
11295,73.41770355737913
11296,74.37038801625357
11297,70.15536822929545
11298,72.26574846987415
11299,73.74569796066692
11300,79.36223753837174
11301,80.63728458872583
11302,78.5677150825149
11303,78.46301427619835
11304,78.60506825940308
11305,77.53946743688937
11306,81.20123454175587
11307,78.96964973308451
11308,77.69242186749
11309,79.08897870720875
11310,77.88572755209447
11311,78.52329644756117
11312,77.48565455462472
11313,76.26125221449786
11314,79.54914239113049
11315,80.24803870610481
11316,77.82068975987727
11317,79.13034435026566
11318,76.86413162532995
11319,73.04388713811602
11320,76.56931557334394
11321,78.8406861047037
11322,78.1601808383491
11323,77.34470842110954
11324,79.56432061088202
11325,78.14193223834519
11326,76.61068375079861
11327,79.69444516830669
11328,74.14854950659492
11329,74.42339547477434
11330,78.56157808890731
11331,72.70217819157341
11332,75.98859422577533
11333,76.3736525931289
11334,78.43577445718779
11335,78.57078650401445
11336,77.13638258657852
11337,75.8189184275086
11338,79.1301104731624
11339,75.76998240010192
11340,76.4974782170815
11341,78.39613341393385
11342,78.1520688155407
11343,79.33388410406963
11344,80.23970305604763
11345,71.44201569632872
11346,75.91416408488465
11347,75.72362464173153
11348,71.5679326919344
11349,71.32270684723375
11350,72.068099611778
11351,73.84132320938676
11352,75.35185654427079
11353,75.47779180601037
11354,72.1718069937408
11355,76.47362170472798
11356,75.12491938402371
11357,75.3393241884408
11358,76.98140884113661
11359,77.98610339406491
11360,77.7146395015256
11361,77.35506268532305
11362,75.60340412432384
11363,80.00462516140942
11364,76.10005522611692
11365,78.34176718437783
11366,74.53917248608133
11367,74.89369955493675
11368,75.98390210857195
11369,78.49818266280136
11370,77.75693634129613
11371,78.16802733826785
11372,79.00960015788286
11373,76.84339484784755
11374,77.21785037268023
11375,76.539046374669
11376,76.31634694713529
11377,75.71150959074532
11378,77.10933357768408
11379,81.11047883777519
11380,76.83909611363259
11381,76.49187133442598
11382,74.45461017189507
11383,78.63745257901502
11384,78.85105632237725
11385,77.74509683376505
11386,76.49187133442564
11387,76.99261795168144
11388,77.32534617721569
11389,73.99201401241612
11390,77.61488511247705
11391,77.33267355254179
11392,73.04437905510747
11393,70.50669142298591
11394,77.36782098549946
11395,78.389690677001
11396,76.13802522439067
11397,77.41810139400445
11398,82.0489848818329
11399,77.46252036425443
11400,77.71038403723452
11401,77.45560251949752
11402,77.48341503655871
11403,75.8459212524109
11404,78.40173960121365
11405,77.2650333356471
11406,77.03300614553461
11407,76.85404530962154
11408,78.1909225014046
11409,77.36507872429274
11410,77.73418477401589
11411,77.65171154806433
11412,80.32298980463764
11413,75.4033998193492
11414,75.62091099645971
11415,77.06621710439816
11416,77.81022173388584
11417,77.91938907293576
11418,75.370382506748
11419,78.04191718660712
11420,76.81858099369788
11421,72.39736354225607
11422,76.85425023828685
11423,76.91883698019046
11424,76.16234712479894
11425,79.82488683599308
11426,77.11507124411781
11427,77.53677873900375
11428,77.0535263655018
11429,78.00256692914127
11430,78.2373028818061
11431,70.31196164507435
11432,75.96436602867163
11433,75.91266708847405
11434,78.41182750524331
11435,77.73840652262896
11436,76.2183110709559
11437,77.2232425005239
11438,77.19170608618987
11439,75.58175279417628
11440,74.48785576152233
11441,72.64202703124846
11442,73.19096658298508
11443,76.78047443636615
11444,72.42772226684951
11445,72.72888677130459
11446,75.05488179006016
11447,81.06994835089364
11448,79.60356185534926
11449,80.00323956240044
11450,77.94512366963852
11451,73.20667050154537
11452,69.39328692442052
11453,73.86247334053968
11454,77.56191177761644
11455,78.31723142695444
11456,75.0557743847582
11457,76.50525837159819
11458,77.559510211202
11459,78.51970756289995
11460,79.59864818216141
11461,79.01283544934142
11462,77.1382941388207
11463,77.8643347111435
11464,78.8439302167634
11465,79.42235444207944
11466,80.97634150921908
11467,77.51602591516956
11468,80.65809242016144
11469,79.22643600870231
11470,79.54285747604382
11471,80.35993544050717
11472,79.54507861208725
11473,77.30805104273554
11474,80.34024133655942
11475,79.91139622514902
11476,78.63526996165427
11477,78.4681714789125
11478,79.87771152745893
11479,78.74146303265019
11480,80.487169670686
11481,78.79259993021918
11482,76.80526369977889
11483,80.2982577668044
11484,79.65556487096836
11485,79.362528312098
11486,78.3439553264887
11487,80.67888894599139
11488,78.48774333989985
11489,76.40675182485893
11490,75.55641310732432
11491,79.28969123434854
11492,77.45509899584147
11493,78.31174079727936
11494,78.16273309921581
11495,81.02480150826301
11496,78.12897212072909
11497,80.40943476583112
11498,79.68930702947404
11499,79.94989924726826
11500,79.29518712787592
11501,83.26051028621617
11502,79.27523357221145
11503,80.81696493019922
11504,79.73728878942597
11505,78.2452771157196
11506,79.2392022680977
11507,79.87884464133884
11508,80.48683260701551
11509,77.31595409174798
11510,76.52137334030931
11511,78.74065298211383
11512,77.61281904080386
11513,78.7365512866055
11514,80.74542842268608
11515,79.4444508204839
11516,78.23019904340026
11517,79.43408751601237
11518,74.61879768903532
11519,71.33190260698098
11520,72.58612357077322
11521,73.93853985131148
11522,77.27656963327149
11523,83.49196449592426
11524,80.72958222129228
11525,81.49930413579449
11526,79.10308601393763
11527,79.56751612793528
11528,78.10283067204415
11529,76.7860317471202
11530,78.75902593152131
11531,77.72608122485491
11532,79.30213775041642
11533,78.81727977709619
11534,76.47511755974125
11535,70.26654984362528
11536,77.97243250005744
11537,77.72848664017886
11538,77.63605415969789
11539,80.37453237397546
11540,77.3869626982987
11541,78.37932691351295
11542,77.20730249413492
11543,77.89788463738387
11544,74.1027028699321
11545,77.6917551490859
11546,78.78229365587606
11547,79.3224525833482
11548,79.87393969560082
11549,80.11574348958351
11550,80.21773480392869
11551,77.8120187978954
11552,80.59481123047937
11553,74.67602335905332
11554,78.35912229438014
11555,79.793932376476
11556,78.94614514815419
11557,78.55533945101632
11558,75.81279751316282
11559,73.80082340562444
11560,77.27744218736302
11561,77.58141947965305
11562,76.68043754691041
11563,77.4713331024002
11564,73.32572056112087
11565,68.64415650333501
11566,69.02819996414496
11567,69.2808856431032
11568,74.10996481254563
11569,76.61624226639532
11570,74.98140315326418
11571,76.75272630060851
11572,76.56326254934697
11573,77.98464812793355
11574,75.99154792144941
11575,78.91444809140535
11576,75.73226404873151
11577,75.21626444162433
11578,77.06452733705225
11579,72.20583634437872
11580,76.29525800518883
11581,72.21466245462767
11582,74.55480228958982
11583,76.9591222933098
11584,75.79679997181927
11585,75.23946028574585
11586,77.83260286289925
11587,74.83421934628632
11588,77.83869907248493
11589,78.45621805855086
11590,78.23071008699037
11591,76.40007362605434
11592,74.69854332523533
11593,77.76995163775877
11594,75.75510171849697
11595,77.15846135276848
11596,76.27243528851159
11597,77.55718023223113
11598,77.26001417653919
11599,74.38898363876137
11600,75.77196703950597
11601,71.61009559781041
11602,75.99915293713673
11603,76.19856962992918
11604,74.99567493588114
11605,76.74607054135691
11606,77.10133226360699
11607,74.14013594018115
11608,76.04770296738286
11609,76.40300853012826
11610,75.57183456664552
11611,77.08932456221697
11612,78.2088777241168
11613,77.11712766723161
11614,74.53393949883713
11615,76.02472140050435
11616,75.45051652866692
11617,71.2797747162544
11618,75.84946246752838
11619,77.76369117988037
11620,80.11407801426151
11621,77.17594653460384
11622,78.66304879826316
11623,79.99678914347567
11624,76.48805277706873
11625,77.45883807494232
11626,79.87860324467698
11627,78.23120423259678
11628,75.62339700656781
11629,76.31574787111356
11630,80.49073127645198
11631,76.21394927852941
11632,76.22011687385503
11633,78.19145707595294
11634,75.99984805554965
11635,81.47087855577627
11636,77.36100579758732
11637,76.42049003953196
11638,76.81836550583489
11639,78.3623379216686
11640,77.21319420986418
11641,75.81359757551786
11642,76.61280853036453
11643,79.91922698070726
11644,81.68887832785879
11645,75.03773984824744
11646,78.73214897781679
11647,77.88011280632384
11648,80.25078158393904
11649,78.08847115147648
11650,78.78989568773159
11651,79.72654198157551
11652,77.62014610028268
11653,79.85868723781977
11654,76.7518028474002
11655,80.150425346102
11656,80.60508014166743
11657,77.07364534356964
11658,77.75972174244657
11659,78.87856511066832
11660,79.09659732232439
11661,76.6520043822054
11662,77.42123886158902
11663,76.99849308234849
11664,77.06715843062511
11665,79.81230300832186
11666,77.8656200796496
11667,78.28859971032728
11668,77.69112299949921
11669,79.30304130172067
11670,75.53100810435325
11671,79.62222466226979
11672,76.27448465579704
11673,77.41175976431197
11674,76.76650532607783
11675,80.84692503225506
11676,74.89897398725032
11677,77.68905793046571
11678,79.68294580948537
11679,77.4848047015443
11680,78.7559973551472
11681,74.6994883697015
11682,74.20170104054813
11683,78.39439772079083
11684,74.37038550337621
11685,79.10148772763768
11686,77.56266353049483
11687,78.26727196464503
11688,80.46920768151313
11689,75.97877609355442
11690,76.72142122347896
11691,80.29509351023017
11692,78.27289719723973
11693,77.32492109428114
11694,78.92404979020245
11695,75.80342876700166
11696,77.95842269038184
11697,76.43914697174256
11698,73.90119602534224
11699,80.17828292943386
11700,80.27600009249772
11701,77.38457462492482
11702,78.76384503956245
11703,77.78775694884911
11704,76.97789742687917
11705,78.58098818083761
11706,79.14022755714433
11707,79.38375215507278
11708,77.1540380625517
11709,76.7684642661547
11710,76.82054291916029
11711,77.86174130059197
11712,79.17096167280295
11713,78.137343303014
11714,79.26991203341913
11715,77.79966580162358
11716,75.63010893109777
11717,75.46183033193557
11718,72.519160005353
11719,71.85516612603794
11720,73.96943217101364
11721,73.71447117406211
11722,64.66994316774094
11723,67.99987921173027
11724,72.667877520442
11725,75.94059402026909
11726,77.92786706061895
11727,74.61617945521272
11728,78.33078409953879
11729,81.2439115790184
11730,77.17168488506462
11731,77.68098264167742
11732,78.78804125638794
11733,77.49688910495485
11734,76.15326752952586
11735,77.68650615473553
11736,78.21220319492744
11737,79.65089613368025
11738,75.9050148680148
11739,74.25496352799036
11740,76.6036121556021
11741,78.7817692433851
11742,76.2732198150265
11743,78.96599468815208
11744,77.41175976431197
11745,74.7521961462017
11746,76.28396057312995
11747,77.10970495581188
11748,72.67595607712985
11749,73.73957097247558
11750,72.67180485523426
11751,72.76430105753161
11752,74.75772747798908
11753,73.72687310523224
11754,74.78443762098266
11755,77.36506022881287
11756,77.58320847951597
11757,76.91472118196566
11758,77.26034393702821
11759,76.61394434982708
11760,81.04571414270936
11761,77.67387452228013
11762,76.24299387046852
11763,69.72768852146157
11764,79.47053710678676
11765,79.89112505235062
11766,79.25800092118652
11767,78.81135271367214
11768,77.73635366274021
11769,80.91280756095165
11770,79.92685465909523
11771,80.75167345240487
11772,78.72283504666882
11773,79.76104895683221
11774,80.13353173923213
11775,76.56248247239682
11776,80.20081772517443
11777,78.55436471092725
11778,81.75595096773503
11779,79.20908736115445
11780,79.17958680007683
11781,75.04847239471343
11782,79.27422338680702
11783,77.54979538060746
11784,78.10240368925412
11785,74.34827426990063
11786,75.01767449923943
11787,78.24543886672905
11788,74.71592019510103
11789,75.77268789605597
11790,76.50409998182005
11791,78.1036616704996
11792,78.70560643702254
11793,79.37958836568458
11794,78.29806866782047
11795,75.44423988670303
11796,79.47396140796258
11797,80.31797189759607
11798,75.49710124185435
11799,78.31784754536017
11800,77.93055915422383
11801,75.59929021369481
11802,76.43933782904588
11803,79.23064246077342
11804,77.73672647756064
11805,79.3243066107812
11806,74.71984243074269
11807,77.30510353798905
11808,76.13520318635966
11809,78.70286417930384
11810,76.39551426935532
11811,76.22341240219623
11812,74.58477791824885
11813,78.15364316752397
11814,80.20308680304413
11815,78.66449130308871
11816,78.75866929084498
11817,78.99465088914093
11818,77.23671539698893
11819,76.22666367014995
11820,76.38412511979641
11821,79.32580583706374
11822,73.15914781739002
11823,67.90805386203135
11824,78.61165087486285
11825,72.21446141239085
11826,70.26415233069173
11827,73.11832803230931
11828,76.11460876321871
11829,70.20840334814852
11830,70.65507222917807
11831,77.54606894961228
11832,79.18578776554858
11833,75.01302491928516
11834,78.50453583197805
11835,75.02407470525765
11836,75.93704615292597
11837,75.06164287593356
11838,78.4159885088439
11839,75.94620606798435
11840,77.20952153999463
11841,75.98932197432737
11842,76.45846431689193
11843,78.01668976656697
11844,79.42973986093546
11845,82.68457048122724
11846,73.54210101755444
11847,74.56700961696623
11848,75.51997218187034
11849,75.39362870085489
11850,78.48129578899994
11851,76.5200688387269
11852,78.74305221465954
11853,79.56141378452787
11854,76.03551330905123
11855,77.32594984286419
11856,77.49108676210369
11857,76.93619435481935
11858,79.50601177817725
11859,77.43727180272276
11860,75.69705372413472
11861,77.35362333773872
11862,75.58417758784088
11863,76.01154555468219
11864,78.63132738449696
11865,78.07703817480984
11866,75.86908558341935
11867,75.42350904956027
11868,72.27437527645446
11869,76.21248404184644
11870,77.52534273348505
11871,79.10424713629766
11872,79.52979450566852
11873,77.63680220361385
11874,81.50980424890764
11875,81.29271657984339
11876,80.766764813527
11877,81.37595461832666
11878,79.0864682765864
11879,79.99006800828585
11880,81.44570011823328
11881,81.70595098082862
11882,80.17016894175157
11883,78.95716598815471
11884,76.84689760163161
11885,77.12046526349224
11886,79.65603603969743
11887,80.39426603808892
11888,78.3696136594184
11889,78.95692391216835
11890,81.04383455314792
11891,80.19512754342082
11892,80.284371512966
11893,82.69634872931022
11894,79.8153863182228
11895,80.11632245478341
11896,81.46526452359302
11897,72.89510198562726
11898,79.5994001279019
11899,77.39414733896433
11900,76.4371673871226
11901,79.42559616436296
11902,79.58433853215405
11903,77.71535334666942
11904,77.9208815387226
11905,76.70482868900848
11906,74.35996654478953
11907,75.51908288315019
11908,72.4962625263978
11909,76.09104583788991
11910,76.37018579538653
11911,76.20147764083339
11912,80.47738776319255
11913,74.76080039282255
11914,70.51039941712361
11915,67.87400390458038
11916,70.06779109737641
11917,72.47743772658401
11918,65.99636452992524
11919,71.79865656582751
11920,68.69923141470213
11921,77.32518578356928
11922,73.42065260629158
11923,73.35285532117712
11924,75.06045547122181
11925,77.5010000923964
11926,73.22350383415056
11927,75.40900362281087
11928,79.05135657619104
11929,69.18839138004165
11930,69.20108384257134
11931,74.39975897526517
11932,78.34640455728794
11933,76.08358830022394
11934,71.64321376396538
11935,69.28873790587573
11936,75.24503653394748
11937,74.14434336351593
11938,71.3428117892791
11939,71.25614587935144
11940,71.21031804542508
11941,70.64889713270048
11942,73.51732915212688
11943,68.10103071960384
11944,68.2993034978353
11945,72.30298680802679
11946,72.33077144839916
11947,73.65228460120807
11948,75.2948577133389
11949,72.43134223977114
11950,71.7954083775274
11951,78.93975620176951
11952,80.42386392842252
11953,80.27038842418926
11954,78.90718142227144
11955,80.5332626788703
11956,78.20074504290756
11957,79.90023679998336
11958,76.74000545812413
11959,77.25639038006437
11960,78.49233737190002
11961,79.58182395869517
11962,81.28890563788991
11963,77.82081882669178
11964,77.98161059794205
11965,79.74452104224173
11966,75.33766335847389
11967,78.18151422130063
11968,81.60171462352042
11969,78.74468647301609
11970,78.38366789890972
11971,79.5737303532024
11972,83.18456790795472
11973,77.98729044963994
11974,79.6314287852282
11975,80.46810422693181
11976,78.64088296768631
11977,76.3156607788747
11978,79.00751382041824
11979,78.69784974448208
11980,77.00141590187724
11981,77.1052282749705
11982,80.86933363312204
11983,76.55821273829497
11984,77.20787519333521
11985,79.38412502121975
11986,78.88053912941115
11987,78.9611682075286
11988,79.74818254923616
11989,80.07820780212245
11990,81.81254350129188
11991,80.29523598052259
11992,77.24981662007485
11993,80.8618974418863
11994,78.88909434849239
11995,79.94924511430003
11996,79.77328193245484
11997,78.60956308125515
11998,77.58704231145566
11999,78.48154035642733
12000,78.06976983763394
12001,76.84429054001379
12002,76.21465912679304
12003,81.29543907187798
12004,80.17801559459906
12005,78.89564898581881
12006,78.94350431697967
12007,79.34560040763273
12008,78.98405587280678
12009,76.99530602347915
12010,80.91924194915993
12011,77.77247268990561
12012,79.94198471621422
12013,79.71675289009971
12014,82.09515955778176
12015,77.01227707402035
12016,79.18156426080134
12017,79.02701530379949
12018,77.10934637074786
12019,77.33585846536471
12020,76.9629051105648
12021,79.11356140034422
12022,77.95376787839695
12023,75.28134632239744
12024,77.73381331311197
12025,79.32450341576885
12026,72.2102385007442
12027,69.57965552916352
12028,71.66301820554747
12029,73.89842986090628
12030,79.610873570308
12031,76.3486230993579
12032,73.21123568815682
12033,76.83640542460898
12034,73.1048322771149
12035,72.72936739768028
12036,66.64878101160747
12037,69.47039565911052
12038,72.99211405907431
12039,77.11374591130277
12040,77.8023118377219
12041,73.37518062372084
12042,78.76814208882968
12043,77.39757721388702
12044,76.02164831064982
12045,78.33511099860152
12046,75.34871900505937
12047,75.76927796886235
12048,77.05298944868059
12049,77.78642544514827
12050,77.22518965618679
12051,78.56324386115426
12052,78.62289810738508
12053,77.10760928161602
12054,78.22837057383293
12055,78.0288388685857
12056,76.61931260450501
12057,74.88639744708462
12058,78.77373793620313
12059,80.87226644512828
12060,78.80423568745425
12061,77.95867448673226
12062,76.73761612842958
12063,74.44225371912478
12064,73.58496902526946
12065,79.28500477223531
12066,74.33612613802592
12067,69.74771207340063
12068,73.51848507550687
12069,75.64079121523866
12070,76.67591027983252
12071,79.00901418108344
12072,79.14518549320746
12073,76.87237137820614
12074,78.97318632920161
12075,78.92386919583475
12076,76.5610624888227
12077,77.77599044211718
12078,80.0158551830122
12079,80.24521246321353
12080,77.50761172514365
12081,77.29614376377668
12082,79.44834261679472
12083,79.35786323999491
12084,79.87864517766394
12085,74.7429215013484
12086,74.94881082445482
12087,75.83665754958918
12088,77.11092220449359
12089,79.27347739574645
12090,76.24922349510723
12091,78.30799850421778
12092,78.81224889241253
12093,78.13812145973043
12094,76.6318254834195
12095,79.32382491061543
12096,76.11133336865441
12097,76.20666952265788
12098,76.84950841954077
12099,78.74333667585682
12100,75.63173707176895
12101,78.6777525206175
12102,76.1360363885189
12103,75.40259239103818
12104,75.05006125547817
12105,78.02611112657974
12106,77.4191947750652
12107,74.18598593650569
12108,73.00580214635522
12109,77.01821695915777
12110,78.41414027886714
12111,78.71563347438263
12112,78.7909308137356
12113,80.08486054582102
12114,75.2636241705747
12115,73.6286583660314
12116,74.94840149244482
12117,73.28391963134277
12118,74.8215491315949
12119,75.02677974888013
12120,76.49757544358681
12121,80.982647709677
12122,76.82296062497147
12123,74.17898418584883
12124,77.19871540161938
12125,77.33630615822858
12126,75.28411840884388
12127,76.91093942536224
12128,77.63268868646986
12129,77.02315583242944
12130,77.9520401137936
12131,74.81814578685345
12132,77.88768414153486
12133,74.83469639753054
12134,76.30420344804168
12135,71.64605340549798
12136,75.50027705419359
12137,77.70434856680663
12138,76.26025409412841
12139,75.55275736253384
12140,71.33081596254078
12141,77.10128348702773
12142,77.6908681036723
12143,79.54974249829735
12144,76.10565900265999
12145,76.67599274368939
12146,78.89631291000768
12147,78.49801614840584
12148,77.1048908196442
12149,77.72895430580263
12150,77.28759784389575
12151,78.23323212696761
12152,74.89184027387881
12153,77.68236574773437
12154,75.74395589483441
12155,77.05351633332685
12156,77.24161588367593
12157,79.56481416696971
12158,81.76802366347295
12159,80.1528317558458
12160,78.34525784488568
12161,80.89445401992043
12162,78.01061114837552
12163,78.38502375474786
12164,79.8466596235117
12165,78.79426578617023
12166,78.98764555494034
12167,80.0847712601522
12168,79.997382544478
12169,76.8036357294817
12170,76.05623395444678
12171,75.1329461342113
12172,76.5418151844674
12173,75.90604234762628
12174,74.87856573312735
12175,79.50128565147162
12176,77.12106385175048
12177,77.92161102303072
12178,81.16966641033463
12179,77.68526067478945
12180,76.98317842101403
12181,78.5870111259357
12182,78.62265110731533
12183,79.77658776673377
12184,76.34272383773884
12185,79.20163563590648
12186,76.37948307068234
12187,77.3118567450361
12188,79.07771902584938
12189,79.89163273616913
12190,74.61652576758485
12191,77.58414533966368
12192,76.68431416460487
12193,79.26753691847858
12194,75.77831966992932
12195,76.62784531394362
12196,82.36947411662737
12197,80.15591932244024
12198,79.16396111699089
12199,78.29120981144007
12200,79.94115878662063
12201,77.60372513354241
12202,77.21600156932374
12203,79.48525645154501
12204,79.07936790928443
12205,79.30401615799207
12206,79.27044633154918
12207,82.48752884181192
12208,77.6512919209199
12209,73.39019695359758
12210,75.8935535931289
12211,77.9005338735625
12212,77.9290963408074
12213,81.49596622695054
12214,78.22002428552929
12215,78.04861207049731
12216,74.79159561264976
12217,77.77336046814673
12218,78.45932355543795
12219,79.9752031602365
12220,78.70164282896309
12221,76.89742010655937
12222,76.8844796796813
12223,78.88003845037736
12224,73.7310316240821
12225,78.30131549609649
12226,79.59366952503558
12227,75.30617473900918
12228,78.62665347832103
12229,78.78170013726151
12230,79.0482563598427
12231,79.11616767078317
12232,78.32967468907782
12233,78.33964727996897
12234,81.36471405823784
12235,79.317475429929
12236,78.06924502224285
12237,80.24802313246238
12238,76.41684732555103
12239,77.8767035945873
12240,77.99452533058286
12241,77.57451004919096
12242,79.16533415521383
12243,72.77712849403395
12244,76.50062480134932
12245,79.25592436823166
12246,79.94587451455544
12247,75.51698758215866
12248,74.65656609306393
12249,73.59770459568404
12250,74.01545229100014
12251,73.39654833643209
12252,77.85238691758394
12253,74.51056055420088
12254,74.85325559670224
12255,75.40913435842486
12256,76.02377496676894
12257,74.94241253625518
12258,77.22711135047757
12259,78.17904089131463
12260,77.75798423053448
12261,76.29881771106483
12262,74.70189025893973
12263,78.11909413767086
12264,78.43251624706284
12265,76.70616149771223
12266,78.87266699995092
12267,75.76305692193847
12268,76.16316439687097
12269,77.51537555929366
12270,79.05138821006409
12271,77.775072902575
12272,77.4410650057842
12273,77.58650911685584
12274,74.98657254756256
12275,74.37901757679651
12276,73.76755554387
12277,73.185620072245
12278,75.90511229432553
12279,69.54696555644387
12280,65.3705139726581
12281,67.69846105460056
12282,72.64077307808009
12283,78.511430795325
12284,78.74954059303116
12285,73.66668671971172
12286,77.8643347111435
12287,78.08790067285224
12288,74.71305599853304
12289,76.36507911832922
12290,75.63585750925216
12291,76.79200947406673
12292,80.15900532836372
12293,79.2876139771916
12294,78.50543744720818
12295,80.28715398429483
12296,77.32062420564489
12297,80.045080587251
12298,78.69849001507777
12299,78.73263715029287
12300,79.1360593728902
12301,79.44401898995733
12302,78.02599742941294
12303,72.65755756264622
12304,77.71098425050292
12305,76.88282681482434
12306,71.93294293231395
12307,74.56927328495368
12308,77.22898461785428
12309,75.56816770976582
12310,78.03078530292561
12311,75.06061575030822
12312,75.96400611691968
12313,75.29773706479205
12314,75.24501863721827
12315,70.15465995056798
12316,68.805063776375
12317,66.36554743682962
12318,69.70201579406631
12319,73.06253516251786
12320,68.32855420855827
12321,68.34258847402458
12322,72.83182324639739
12323,78.31676707256975
12324,76.8945000194509
12325,78.34662335616821
12326,74.19480833951025
12327,73.00392737405832
12328,78.79190249492422
12329,74.56157374568596
12330,77.40720257145256
12331,75.78946103155857
12332,74.87024202847817
12333,74.38985791985999
12334,75.17157893647868
12335,73.63328674941897
12336,77.08897193996182
12337,73.63935644027782
12338,76.39523366999344
12339,74.16624102657136
12340,71.46414231040325
12341,75.5103969453582
12342,70.46760660489946
12343,74.60917102948798
12344,71.49179512180655
12345,70.802532585709
12346,67.33126861546191
12347,65.04900242485832
12348,64.50679119523318
12349,65.86456572717049
12350,70.01921967151651
12351,66.15030272767149
12352,64.42756293801051
12353,68.94887348687485
12354,69.58979308016933
12355,77.28613656550556
12356,77.63830430628423
12357,74.2076827483466
12358,72.2949280182894
12359,74.41410439784738
12360,76.60551278633471
12361,81.01316846081562
12362,77.19822495839293
12363,78.7970759939688
12364,79.11926917616148
12365,77.34888106608491
12366,80.05555110592434
12367,76.117596216413
12368,75.74638912724134
12369,75.35445959714013
12370,74.34361486362366
12371,70.80278043955542
12372,75.55245704537879
12373,76.6294296296984
12374,74.11692437773195
12375,73.06749359721601
12376,74.13159412344788
12377,75.89417974158778
12378,74.88076560688421
12379,75.2380202942357
12380,73.95978036236534
12381,73.50436020569185
12382,72.42641257659164
12383,73.82775950464753
12384,71.78641756224056
12385,76.47240074216523
12386,75.47737363921118
12387,75.39138516239262
12388,76.88121402169537
12389,70.01756634885385
12390,75.57028668053499
12391,77.29726640140194
12392,75.76998240010249
12393,74.71742100547789
12394,75.15999035110866
12395,78.31410118796424
12396,74.42930971334306
12397,76.04266733289853
12398,75.89897912654334
12399,76.32315036497937
12400,77.43185035413711
12401,76.12104304111676
12402,80.16962060575202
12403,76.81073416846789
12404,73.10081208142395
12405,72.08369418945705
12406,71.91319580878496
12407,73.92937681243649
12408,71.5610971674343
12409,71.18024302737768
12410,72.68647964716286
12411,73.33277314025577
12412,73.0533712037244
12413,73.42776803052755
12414,76.654714335074
12415,72.50257120858487
12416,70.83087002313266
12417,66.75080206935229
12418,70.69112266080407
12419,68.88227757048458
12420,72.56112945804239
12421,73.09863947395786
12422,69.55008428769685
12423,73.29970811559559
12424,70.71171747085481
12425,73.39078090876757
12426,68.41727160895238
12427,72.81288901021952
12428,71.96261852150491
12429,71.480438471181
12430,73.46814373871263
12431,70.55358435285729
12432,69.93300234541977
12433,71.34491267782056
12434,75.40475200687007
12435,72.86370730699952
12436,72.49123169225572
12437,72.57140513268496
12438,73.62953125783622
12439,74.68453850779423
12440,71.20155546656804
12441,76.67008271446053
12442,73.69768868274872
12443,75.39915155231444
12444,74.90204178601294
12445,70.60395666888542
12446,73.35315490749036
12447,74.8294521490588
12448,75.72065045686327
12449,72.9907918681971
12450,73.40844000475363
12451,70.52678214863192
12452,74.3040001404051
12453,74.79316825998683
12454,73.90392590109172
12455,71.25312561826064
12456,77.0489377151141
12457,74.6452724365102
12458,77.86919461270514
12459,79.10784191928832
12460,71.56532172441933
12461,75.01224715464178
12462,72.17232304604903
12463,75.22782524883718
12464,79.05108726175104
12465,75.58054906210981
12466,74.39962889918075
12467,68.17448191493287
12468,69.40844879543965
12469,72.2798033524852
12470,75.41485987780698
12471,72.97817229020905
12472,77.2425577117815
12473,69.25802327932809
12474,67.98677162685703
12475,73.6607072000233
12476,76.12913831199677
12477,73.11837280780247
12478,72.0933839644415
12479,75.35236153178022
12480,76.87495060654771
12481,78.07398491024054
12482,77.1893538838969
12483,75.96845332859544
12484,69.4020013538024
12485,73.41911441352062
12486,76.05671810276533
12487,78.50520599083916
12488,79.94364331460628
12489,78.07289483505417
12490,79.55330119139046
12491,79.43228234075542
12492,77.06551985209603
12493,66.5714116543457
12494,76.28270496473596
12495,79.15214237376586
12496,77.47898427168144
12497,79.06058821589806
12498,74.86124635440365
12499,76.84044317585176
12500,71.82505632100373
12501,79.10511775234414
12502,76.9217778994626
12503,77.04461873739888
12504,76.73617879346506
12505,74.14730476534794
12506,75.74676319398594
12507,79.03637714095339
12508,79.65304848090949
12509,77.22740041552214
12510,76.64340398955278
12511,77.32750417628597
12512,78.08024217752364
12513,79.19872315064185
12514,78.37502305348352
12515,76.31270353986173
12516,79.9328545082588
12517,81.24290962803445
12518,81.30403559827738
12519,76.9809402610801
12520,78.87683724502722
12521,82.0273585404546
12522,78.77339057757092
12523,75.04098530126407
12524,83.27947778141686
12525,81.45172114475565
12526,79.91218485947104
12527,81.24995518233266
12528,77.95042623787748
12529,79.02385696213378
12530,80.70521817508524
12531,81.35814084546615
12532,79.15499712013792
12533,78.65212120812993
12534,78.38096749798268
12535,80.03288396228538
12536,79.7271987356765
12537,75.75615143405469
12538,79.90061177851567
12539,76.19225899121642
12540,75.71204755428408
12541,78.85670650309697
12542,73.56893440662486
12543,72.69941682091013
12544,79.77175192791452
12545,77.90073018035628
12546,76.1701581852846
12547,77.84570732381053
12548,73.79136003203826
12549,76.84496696439271
12550,80.4563554572818
12551,78.32838704871529
12552,77.16720973350243
12553,78.51934499018137
12554,78.20792026076657
12555,75.48167194038695
12556,77.6199762279424
12557,79.46284244772534
12558,79.01276328949058
12559,77.48177524175776
12560,78.88498465730174
12561,77.87833295510791
12562,77.98099150385463
12563,77.25730130264355
12564,74.55729138684501
12565,68.92814621464737
12566,74.94691133612997
12567,75.93980612334087
12568,75.59811910697897
12569,75.30578831885464
12570,78.92003693940671
12571,76.12534440248567
12572,74.1652136438966
12573,80.98332848500382
12574,78.26496276074602
12575,78.10406429347927
12576,75.5974462773263
12577,75.12648089981104
12578,76.21205390768506
12579,76.16882617019888
12580,75.21733217722465
12581,76.30686650714739
12582,76.66813449702494
12583,78.52842384303364
12584,76.59922054061485
12585,76.87540660720572
12586,75.1336289605315
12587,75.3681979977398
12588,77.61514425738915
12589,74.56324998793605
12590,74.29750564469157
12591,78.87707064043957
12592,75.31456462337803
12593,75.22488349217065
12594,76.16956287623907
12595,73.90838578327367
12596,74.86744685314818
12597,75.25678812755905
12598,78.05399409429748
12599,78.02486347466282
12600,75.71988284992813
12601,76.4881744863942
12602,77.42268581073876
12603,77.56620768790049
12604,75.64347274760178
12605,75.58911738240477
12606,76.41087132580748
12607,76.48778308155806
12608,78.57840475856449
12609,75.51415693446774
12610,76.64056391616413
12611,80.40433391930765
12612,75.16822472565832
12613,69.38021169301936
12614,70.6146727171544
12615,76.53523613711747
12616,74.20113785601643
12617,74.93913239652466
12618,79.12521369046112
12619,77.10326405532322
12620,74.06972330930881
12621,76.42647872059689
12622,77.61216654487413
12623,78.41987966119467
12624,79.05162828665772
12625,70.50581680002585
12626,67.75434762704947
12627,74.37856391654657
12628,74.18598593650609
12629,76.9929598754988
12630,75.35237474137057
12631,79.93953638335006
12632,78.7139840292578
12633,77.66366185074287
12634,78.9662095001159
12635,69.87408135432128
12636,78.71060705749466
12637,79.48289873027232
12638,77.62429267151339
12639,74.33582700933908
12640,78.73845733663455
12641,76.81466005321033
12642,79.06498457200325
12643,79.17289032611961
12644,77.8128721897408
12645,79.16649809713465
12646,79.11524207324726
12647,80.19232638887189
12648,78.1711697223746
12649,79.96511902854957
12650,76.28458541682295
12651,75.46292135635571
12652,77.96397124401705
12653,75.26864343211878
12654,80.83112106656279
12655,83.91685708246285
12656,76.0967301665467
12657,70.86706772983501
12658,75.69649804242613
12659,75.5402602605476
12660,76.2759351919737
12661,77.44494718559179
12662,72.11866202915064
12663,77.96961795968167
12664,77.70191507547497
12665,77.39503723271861
12666,76.84516477293278
12667,72.89241851380007
12668,71.75462985036432
12669,75.4549013129394
12670,76.97715912191097
12671,73.2866281660842
12672,75.54462675093447
12673,78.66656037427873
12674,75.76890433933715
12675,76.84815665340454
12676,78.91471060355661
12677,75.78467258165034
12678,74.40584905535331
12679,74.42939944080206
12680,73.864054719943
12681,75.407343085116
12682,76.58732350843871
12683,78.73740407843871
12684,76.05440805845672
12685,76.90644272867223
12686,79.28541439904666
12687,70.55964385646627
12688,75.70921836757299
12689,73.17253706766184
12690,69.75677388520762
12691,73.240852059215
12692,71.74112556336024
12693,73.14290141148376
12694,78.434829584039
12695,81.48185115365783
12696,79.02341612406258
12697,79.78319390218348
12698,76.70493937064793
12699,78.67350334367103
12700,81.201624490261
12701,81.86008907912947
12702,80.68130462292885
12703,79.23990007039106
12704,80.32620080530768
12705,77.4612966073272
12706,82.54971636929457
12707,79.11711276908875
12708,80.27593813786785
12709,78.11072764085401
12710,79.9241922535503
12711,78.65987589796867
12712,80.19186958928805
12713,80.37675499739231
12714,78.30580473583984
12715,76.90654893508537
12716,79.06493742491296
12717,77.12128037659147
12718,75.72953114943846
12719,73.86255462515373
12720,79.00052645580564
12721,80.3370040427094
12722,76.08790851724598
12723,79.30964290778786
12724,72.52297405468704
12725,78.5066443176006
12726,77.79485833078036
12727,78.29674786848227
12728,76.45863894201784
12729,71.3035664795027
12730,79.90602246963306
12731,79.12682046746346
12732,78.79565999298029
12733,77.16124028042549
12734,76.7455396441685
12735,79.42218715953635
12736,77.70742705023974
12737,81.16488530651111
12738,78.05070228321563
12739,81.29610111173679
12740,81.81494735978356
12741,77.01508883165678
12742,76.51332502731606
12743,77.61670967474254
12744,77.05007501024687
12745,78.8862137050682
12746,79.25355429499967
12747,76.16823578285857
12748,76.47767039866096
12749,77.01580313666676
12750,79.40892764193325
12751,79.5245939607949
12752,80.32316458862806
12753,76.98929434123374
12754,75.71614528205157
12755,76.60581105840424
12756,79.08334079975305
12757,74.80886716469507
12758,79.40207741326418
12759,77.50507870981818
12760,78.0944359318242
12761,75.62089953250785
12762,71.73805817838121
12763,77.61792647722166
12764,76.11401244362139
12765,75.46261469103712
12766,78.08757372677962
12767,77.93060699028916
12768,80.70988318826113
12769,76.9885696766678
12770,78.68725450821336
12771,78.02863964435812
12772,79.06984349911522
12773,78.48900240094184
12774,78.03730590667925
12775,78.74388244539438
12776,75.21651336160517
12777,78.49360248958004
12778,82.89452627219691
12779,78.61758082728602
12780,79.87616751912049
12781,80.07546752604418
12782,78.35008416967105
12783,79.6905788911987
12784,78.76227078045304
12785,77.54743779280142
12786,81.5895295644458
12787,79.01503723211817
12788,79.06991340663058
12789,77.61226424987848
12790,81.324171580989
12791,78.68552524182456
12792,79.3770112698864
12793,79.41040989506428
12794,73.1949777646858
12795,77.52078656710938
12796,77.15404145523337
12797,78.29311750413632
12798,77.4175899346854
12799,79.83083223371841
12800,77.93553368543701
12801,71.5297435878341
12802,70.79584380005662
12803,73.3307748031404
12804,75.94252648880854
12805,74.26000222085628
12806,74.2613215753812
12807,76.83886496321702
12808,77.28227372288234
12809,73.74656842788272
12810,75.8052244893318
12811,71.28393293295113
12812,77.53586758638596
12813,77.35724597410956
12814,76.44139631353772
12815,78.18647979144646
12816,78.53928826270953
12817,75.41307887821216
12818,72.93247453090339
12819,74.9580153216624
12820,71.05922472675138
12821,75.19004993261518
12822,73.52491713208371
12823,75.63264920257103
12824,77.30069687486935
12825,77.08450884570027
12826,77.80319576797518
12827,76.22964364559425
12828,79.40222881218688
12829,80.88029212278133
12830,82.09044725254796
12831,81.20586401221823
12832,82.76463447705771
12833,82.60776354349821
12834,76.76956811701172
12835,79.67611582095094
12836,79.98087981338034
12837,78.7185019524631
12838,77.3031052270544
12839,80.7009479463087
12840,79.3797444065653
12841,75.00047015160425
12842,81.62348404897972
12843,78.07887592927568
12844,82.6314570366709
12845,81.42587076765568
12846,80.90703457223327
12847,81.384235798992
12848,78.62638226817478
12849,79.59964199310826
12850,80.35167885282641
12851,80.38312599762213
12852,80.19260575868657
12853,80.7749286119008
12854,81.92014911509062
12855,78.04240147812305
12856,79.93106367368188
12857,81.40051284972378
12858,80.0567416656466
12859,78.34500452300847
12860,79.39145043022256
12861,77.40359802354158
12862,81.41142889437191
12863,77.50960305212385
12864,80.84749028514779
12865,83.40020498280398
12866,80.21740281258076
12867,80.80357493452203
12868,77.76439375820354
12869,79.92859351738201
12870,82.60693618884045
12871,80.24523164459731
12872,78.20333069440619
12873,80.83873038776687
12874,79.31573676725691
12875,79.69422557654997
12876,77.88450184586105
12877,76.37169598224745
12878,73.9907090706509
12879,79.16455869854951
12880,69.81197832526487
12881,74.25414215775328
12882,78.3753228422703
12883,77.62893484826202
12884,79.0866761804416
12885,76.66704059604251
12886,79.5075786423256
12887,78.67518573320206
12888,80.60774092316296
12889,78.80184135984155
12890,77.6031866726048
12891,78.33460843155706
12892,75.78997926267539
12893,73.23282599972015
12894,73.7718230373211
12895,74.94254134147269
12896,77.32851877218167
12897,77.04606546385469
12898,76.55438098199551
12899,77.1321698127947
12900,79.20632402752875
12901,78.24859573300392
12902,77.0472089592921
12903,79.46149900346734
12904,77.67857163430801
12905,80.01547715619256
12906,81.38713186763016
12907,76.83565720149164
12908,78.25023328377904
12909,80.03786580336583
12910,78.98566692594915
12911,76.19265329304852
12912,79.63511127320186
12913,78.86728655119452
12914,78.29991912390636
12915,73.19255547411564
12916,75.70050912941758
12917,77.89250167150465
12918,74.09934348586421
12919,79.83996200556771
12920,81.12901849613115
12921,80.10394153603738
12922,77.15848704089751
12923,80.10449183235505
12924,77.68441839951561
12925,79.79599590448743
12926,82.74095469677775
12927,77.22281601232174
12928,72.41708371120637
12929,73.64407042238525
12930,77.56647744052077
12931,75.32372329196863
12932,78.65258325941329
12933,75.84511255677398
12934,76.29687916249503
12935,76.0538805141021
12936,79.36366872120198
12937,78.18439437733895
12938,73.08504212188308
12939,77.8058604807456
12940,77.74824030130327
12941,75.2554768561069
12942,79.49347987890752
12943,78.84676899638629
12944,77.38321272429067
12945,79.341564283938
12946,76.00275708034906
12947,76.89698637430939
12948,79.0342230964448
12949,79.46704569857644
12950,77.11194093743444
12951,79.79598141304649
12952,80.51398327718658
12953,79.73554252834629
12954,77.84853323659092
12955,71.00506569932236
12956,64.74831265443379
12957,71.30543287651273
12958,76.75265717502003
12959,77.87867286278924
12960,80.9402188487831
12961,76.82840033928943
12962,76.16934774220084
12963,78.44832288020348
12964,76.40047062761505
12965,76.34695127606938
12966,75.67471731736879
12967,79.31625511244852
12968,79.20172700514951
12969,77.58238723548578
12970,76.55108574492453
12971,77.42476019349192
12972,78.61407895820992
12973,82.30483965232378
12974,77.96092239528099
12975,78.14077467794164
12976,78.79616790963723
12977,80.83184122675021
12978,78.95794915588027
12979,79.86778904435954
12980,76.54528533480106
12981,79.96450468981811
12982,78.59423434045749
12983,77.17244232368762
12984,75.63347585096705
12985,78.77666739696451
12986,77.15478593630826
12987,77.01447558269882
12988,76.35767692062728
12989,74.37934071949053
12990,77.53765166135759
12991,79.74831034434607
12992,78.25983465870866
12993,79.0709742739503
12994,80.39938530043975
12995,77.71463950152611
12996,77.68084420408712
12997,76.38760489538834
12998,78.24485078730868
12999,75.08011879437214
13000,73.58880312374674
13001,76.59928493357194
13002,78.60633851897398
13003,73.40347846349164
13004,77.99084727873623
13005,76.60838056121952
13006,70.40545192246623
13007,79.73921678341105
13008,78.40571404425867
13009,80.65453877842589
13010,75.50117017913675
13011,76.51252380404844
13012,77.24363660160844
13013,80.82389463671376
13014,80.8083646589526
13015,80.44264560997419
13016,76.79823341213773
13017,78.15216303450313
13018,81.52046849404474
13019,79.57534596002853
13020,77.75126520791463
13021,76.84095706294323
13022,79.02040888571321
13023,79.17262499965335
13024,77.69572641899407
13025,78.20642462840544
13026,76.89450292150366
13027,77.16194745143156
13028,79.879706532743
13029,79.14735956987766
13030,81.18210297464566
13031,79.94398277555757
13032,75.86906355553089
13033,77.9517343100282
13034,80.09342571584045
13035,77.20047828834947
13036,76.8373811119618
13037,77.37697378891346
13038,76.06847371655209
13039,79.75462642873453
13040,80.35959147059447
13041,78.68720275489966
13042,80.99446038749142
13043,78.69765782531977
13044,76.47790680394559
13045,80.66317442192644
13046,78.27384964165032
13047,77.29061053602743
13048,78.2945133257112
13049,77.42073156081233
13050,80.45042864240406
13051,76.93677230210028
13052,80.92438832328395
13053,77.55111527008143
13054,78.44064405016286
13055,77.0673906064556
13056,81.02356113791683
13057,80.84290909509468
13058,75.64411481373111
13059,80.50793777737687
13060,75.19425398296238
13061,77.77475290222799
13062,76.58189390606236
13063,76.35122462053636
13064,76.76663933822209
13065,77.24249943709083
13066,77.73898769386233
13067,77.50981659677228
13068,78.93424270468046
13069,75.5409675437287
13070,79.29248346974924
13071,77.67079420513159
13072,77.55144394216683
13073,76.04489001697897
13074,78.37081644989377
13075,77.93011678891946
13076,79.23592645100797
13077,78.8817787635445
13078,79.16182528578952
13079,77.97628756817352
13080,74.69867746538574
13081,76.32215309202707
13082,76.45846431689165
13083,79.04958668758303
13084,80.56899112498962
13085,78.73068115207633
13086,76.26979559886331
13087,78.12749681509132
13088,76.70664138422183
13089,77.77233763797705
13090,79.07582985745529
13091,74.60260254167122
13092,78.75891367482416
13093,78.16522487721392
13094,78.57801034494605
13095,76.23900453549987
13096,77.66629494995948
13097,77.6645914851847
13098,77.9257829295409
13099,79.36752007356961
13100,76.5655434585264
13101,74.00848550811838
13102,75.42658482395211
13103,78.31022872873194
13104,77.5726886984811
13105,71.88274327612146
13106,75.16872484802508
13107,78.0033816095455
13108,77.51127687312771
13109,78.1823120146862
13110,78.19396077589926
13111,78.2152380591225
13112,76.10555455034722
13113,78.1983823086274
13114,78.31523879101843
13115,78.25049208684254
13116,73.56464000614943
13117,76.75701572762358
13118,74.16978838601307
13119,75.17815587609829
13120,75.4892306663005
13121,75.57536982482094
13122,77.6874875263128
13123,75.28706293854458
13124,78.310580704794
13125,75.94619658469946
13126,75.42173087986623
13127,78.91435136851669
13128,74.66547667583035
13129,77.64834267546121
13130,76.15718060351179
13131,79.50558906103993
13132,76.8790416952267
13133,76.1165501743551
13134,75.6183788670574
13135,75.14148516787156
13136,73.5195749587736
13137,75.89168100417999
13138,76.66509080568983
13139,77.03107037503122
13140,78.56787092297003
13141,73.77237494844991
13142,72.24153723822775
13143,73.52006801884602
13144,74.79040541952145
13145,73.84792557753997
13146,64.39046828398756
13147,73.25907732115849
13148,74.47704813206497
13149,64.18801445707271
13150,72.82086473077146
13151,79.04508904115858
13152,73.51930791190051
13153,79.100421353294
13154,75.06140747348286
13155,72.82098897715139
13156,77.86348325749088
13157,78.6040450755907
13158,78.19609222179207
13159,77.34108065426994
13160,78.95391406015762
13161,77.65956322529286
13162,78.14036297744167
13163,76.63881301770095
13164,77.9989869873695
13165,77.40847371482636
13166,79.82611335933086
13167,80.1814243369073
13168,78.61544225438968
13169,78.05310458592135
13170,76.81632026639949
13171,74.42842721724759
13172,75.20772744971003
13173,80.0256052298194
13174,77.98323126720481
13175,80.6135472827504
13176,79.49221040486685
13177,78.27097306016412
13178,75.10949876560409
13179,76.33179899516887
13180,72.15661196518926
13181,77.53088296357834
13182,76.62244343703878
13183,76.11727214920387
13184,76.81638882725736
13185,77.97956704635374
13186,79.50184661374908
13187,76.55926328488812
13188,76.21830457217283
13189,77.26228486731912
13190,78.1153571063914
13191,80.314440780133
13192,77.92117550242517
13193,78.0506391100659
13194,75.74884291459881
13195,77.35672475766052
13196,77.54539510605588
13197,77.25581560723197
13198,77.59608831132527
13199,77.7089080353237
13200,79.07005385530107
13201,78.67379512130623
13202,79.1054296578829
13203,76.11267606077672
13204,77.33689292290063
13205,79.21276513948288
13206,79.50837151173766
13207,76.50143665194969
13208,76.063600344838
13209,77.1220983744243
13210,76.54728865851956
13211,80.42632618773098
13212,78.79781605669791
13213,79.9023210622359
13214,77.91456322304214
13215,73.74035296114147
13216,72.95693834159988
13217,78.29782081492266
13218,77.06229883293389
13219,78.01908225923194
13220,81.84353740811014
13221,75.76765407915019
13222,77.38516855478491
13223,79.80339731010571
13224,77.47697296297076
13225,71.06959349029404
13226,77.10788235708503
13227,81.57126458227435
13228,80.71032845162415
13229,78.68872537218567
13230,81.34240839530554
13231,79.07938058634846
13232,78.32475711799265
13233,79.26542483037605
13234,80.8243015839501
13235,79.22976282130992
13236,79.15096245069543
13237,79.20833101893419
13238,80.02612978522268
13239,77.63820721121817
13240,77.76101416436222
13241,77.02093922473045
13242,79.84593233479984
13243,78.64682174734395
13244,78.11311624234781
13245,79.04323050154937
13246,78.1199168833241
13247,78.85252594897247
13248,77.40463034823046
13249,77.83033581365197
13250,77.28441603906765
13251,78.71514288983548
13252,76.99882669984208
13253,79.63531500244483
13254,76.75260099164143
13255,77.36819126077438
13256,75.58579161262037
13257,75.96782223628674
13258,77.03376109869464
13259,77.90222361931416
13260,73.21000258905002
13261,77.98285092428603
13262,74.77955757698328
13263,76.85786531537184
13264,76.97729768778544
13265,77.3038438954672
13266,77.17560362459307
13267,77.51700530275923
13268,72.16856265739187
13269,72.18066409815128
13270,77.44271542830933
13271,74.07793021061411
13272,72.98453575304194
13273,73.98023057471215
13274,76.50860331410223
13275,79.00486820000685
13276,77.28235426254105
13277,82.90410637159329
13278,78.30710828756077
13279,79.02363493469676
13280,78.3257259568689
13281,80.22548788655513
13282,77.75328643537188
13283,77.86768415478411
13284,74.82593881947463
13285,79.1508044422277
13286,76.73385944850008
13287,79.79173856843829
13288,80.37204799287912
13289,78.13125775801706
13290,80.17591139330932
13291,79.59487767156509
13292,80.34221181586076
13293,83.51339651767171
13294,77.25232664163241
13295,78.07102627619332
13296,77.16397377889325
13297,78.01595906119752
13298,79.4470382120349
13299,76.48946137264181
13300,76.07798622777295
13301,77.3092530259774
13302,75.57771338119653
13303,76.4523749163285
13304,77.89186607426336
13305,78.85981426720548
13306,77.96301381371143
13307,76.6244075021877
13308,76.72161009911349
13309,75.54721307950513
13310,79.53115080101122
13311,76.83626229619756
13312,75.49569350516748
13313,78.57457749927028
13314,77.71189904986244
13315,79.54220992105877
13316,82.68672577706639
13317,73.33610982147991
13318,77.33125398710433
13319,74.87021385366984
13320,79.62469624943458
13321,80.68695783336631
13322,76.05606520342718
13323,75.06649448988207
13324,78.30255154473059
13325,77.6449990426708
13326,76.01212704042808
13327,72.86622056974119
13328,76.88522460748266
13329,76.53092692569908
13330,75.91661880548003
13331,77.14678334244621
13332,78.42943681512145
13333,76.51141992074736
13334,77.44773433009885
13335,79.3896005638693
13336,79.76616853878033
13337,80.25917941696036
13338,80.39621184999322
13339,79.00721830095449
13340,75.49561582993465
13341,75.92226159584186
13342,76.77782995763545
13343,74.71249116003588
13344,77.69150315682953
13345,74.32802608361578
13346,73.78890404975112
13347,77.98119370427986
13348,78.56259327486043
13349,78.46428283835422
13350,77.64957347024574
13351,78.13620824403478
13352,77.50683715254581
13353,77.46839497863255
13354,78.4127809768259
13355,77.68491952516291
13356,78.41182750524302
13357,79.75940726297415
13358,77.11531939275966
13359,81.08197974529787
13360,78.90438791963561
13361,78.78677269438379
13362,78.63460643795457
13363,80.27868316449235
13364,78.10124653746334
13365,80.26194565605482
13366,76.96954567358063
13367,72.88104116417338
13368,77.62219488128704
13369,77.55144394216694
13370,75.44411685721519
13371,81.68225107850174
13372,77.73823105321782
13373,79.55891718232118
13374,78.32049614654585
13375,79.42656946892703
13376,79.23412136615065
13377,79.58338757114814
13378,79.36114461190948
13379,74.69754693830811
13380,78.88813941067747
13381,81.70675677156419
13382,80.01204166534404
13383,81.08361092737812
13384,76.765811875275
13385,76.47906814029295
13386,79.51025826003399
13387,79.61190966091954
13388,79.45853780247461
13389,79.32976340514642
13390,79.18588954413332
13391,81.62400397687844
13392,77.42326624863398
13393,74.61554908622259
13394,76.13646500272523
13395,73.9620923476254
13396,74.39389908437414
13397,74.32024967301459
13398,76.53371606931523
13399,77.10957441867038
13400,77.70384181859555
13401,80.05941116079373
13402,76.94936715525785
13403,77.22425893653275
13404,82.73380435495835
13405,78.77829114707959
13406,80.03184416090397
13407,79.2633276361866
13408,79.07585094476156
13409,76.69015255232375
13410,76.70230950820712
13411,79.87963845492021
13412,80.37940411822478
13413,79.0592606215933
13414,75.61669563612446
13415,74.60116396553963
13416,76.20155805990805
13417,80.6408520110798
13418,76.34931064682576
13419,77.09605903597276
13420,74.88128183051776
13421,74.2264087328615
13422,77.86206780689355
13423,78.12022407392055
13424,77.32481955059541
13425,79.88480981751644
13426,76.84168246534085
13427,78.58374302646507
13428,74.91626752596557
13429,71.20388567856565
13430,72.7586562050925
13431,78.7476518456325
13432,78.37267179916489
13433,77.92299741155773
13434,79.43091518819716
13435,76.70542845073396
13436,77.66875988533138
13437,76.90824143355866
13438,75.5182294350127
13439,78.92802073110914
13440,79.1500589184098
13441,79.49028087580945
13442,79.88638263081293
13443,78.95608218930698
13444,77.19441710975457
13445,79.59233617984813
13446,78.91256609387261
13447,76.95862340360452
13448,77.48810313829955
13449,75.6041942447697
13450,77.53912422024189
13451,77.30755785860725
13452,76.45294773016116
13453,77.4443215092823
13454,80.18111833561147
13455,79.67232059878643
13456,77.4021050915299
13457,73.52741601269952
13458,72.17201866753402
13459,79.06817236540445
13460,80.20046356510522
13461,78.05994607996922
13462,80.22283113424515
13463,79.10726861389782
13464,79.70993159502564
13465,80.31174336881213
13466,79.7140658039566
13467,80.15851803954342
13468,83.20599147401953
13469,78.8532175299369
13470,80.43863007716124
13471,80.59340483018838
13472,79.51718784964612
13473,81.25727405242657
13474,79.43998861737856
13475,74.975531998066
13476,79.24834615327171
13477,80.0662247461214
13478,77.17439913658308
13479,73.91278812969199
13480,76.53858532800092
13481,75.77079333721593
13482,76.02991295079528
13483,77.73733013270413
13484,77.77657820126996
13485,79.01895685181103
13486,74.88675400153534
13487,74.76131963660464
13488,78.72033680026044
13489,79.70246504134417
13490,76.19276945630702
13491,79.00614112509828
13492,77.80800864829263
13493,73.8034504958045
13494,73.73928910026115
13495,78.19453961398972
13496,76.46204020499255
13497,78.4066758679308
13498,75.61254308959377
13499,73.20196996357777
13500,71.59982939293542
13501,70.21869612448296
13502,73.97350594466786
13503,71.20496009896067
13504,75.16119425791516
13505,78.45186067286187
13506,78.53928826270959
13507,79.59077276936205
13508,79.1690025345302
13509,78.70034232496607
13510,75.9892147597763
13511,78.17251058285876
13512,80.36743131748278
13513,78.44533093607095
13514,77.05467248960349
13515,77.55964460764892
13516,79.33687561085299
13517,76.76079093316224
13518,79.8056649534044
13519,74.05611930801444
13520,77.40784288726894
13521,74.33226287521563
13522,75.61336170756198
13523,79.9586563953846
13524,77.88214696071736
13525,74.59590132213407
13526,76.8217777588153
13527,77.3634859699473
13528,75.98095288187676
13529,77.20768847062328
13530,77.24563965386852
13531,79.24867384515329
13532,77.66028230542065
13533,78.64942918630624
13534,79.69193191320545
13535,78.93327194620048
13536,73.64409609408534
13537,75.0250520083078
13538,78.30328077473666
13539,79.08229457725963
13540,77.95224889533415
13541,76.0077900770014
13542,76.87254139433031
13543,76.37207261426289
13544,75.47502009466109
13545,77.92788210161422
13546,80.11402841717552
13547,75.44760632558251
13548,75.94467416797545
13549,74.21946735801106
13550,76.16697662659135
13551,72.6890637442865
13552,73.33537791489653
13553,75.7447711344588
13554,77.05502856852127
13555,78.87734669444069
13556,78.76924615306416
13557,79.4946376823874
13558,77.62130610415176
13559,77.819386165862
13560,76.90690370715578
13561,79.11424131470153
13562,77.38632330878505
13563,77.47746269533951
13564,75.35759430491419
13565,76.49195140075335
13566,81.80774165839739
13567,77.94013689221742
13568,77.61950302678503
13569,78.74871124301495
13570,79.15688320381628
13571,76.39289000653491
13572,76.48751349063667
13573,75.3972082396682
13574,76.29737595570418
13575,77.02749617161004
13576,76.92783508078054
13577,71.90108145694921
13578,75.93333769167799
13579,77.23674480061464
13580,79.16030287392385
13581,74.52215260959423
13582,75.88148793656052
13583,72.03577742988341
13584,71.54179267711368
13585,77.97812921299334
13586,76.63709831552654
13587,78.14643259900464
13588,78.13088940297996
13589,78.05669740572307
13590,81.21527950551274
13591,78.49766771497548
13592,82.22504017373927
13593,78.06473997173617
13594,72.73551537750376
13595,77.70521496351512
13596,75.46376706723936
13597,77.32617799977788
13598,77.6898142148251
13599,77.21941868888024
13600,77.15959708060558
13601,79.82274713858243
13602,80.02651739061861
13603,77.98785089674368
13604,80.36268246282037
13605,80.91561587485029
13606,77.60058960727946
13607,78.7242040018678
13608,77.68689969664126
13609,81.00070892059915
13610,78.04118109809275
13611,76.9931516549509
13612,74.34947260643082
13613,75.750160243236
13614,72.40624861083148
13615,78.97729451235261
13616,76.99757614366519
13617,73.86825268286083
13618,76.6565788064147
13619,72.54864689690316
13620,77.20772791865289
13621,75.63337687013006
13622,79.20619619699295
13623,77.19180954031168
13624,75.72959592438616
13625,74.724135813938
13626,75.846307999327
13627,75.71472999701433
13628,76.9132314836703
13629,74.83483413135781
13630,71.67629817703136
13631,79.34997723716504
13632,76.15177519379722
13633,78.54872433445632
13634,78.0446041660403
13635,78.74466595221077
13636,76.6921244899736
13637,77.83046586541792
13638,76.07637766822006
13639,78.08418905942858
13640,79.24217050014971
13641,78.52204776401669
13642,78.04644333862706
13643,75.55897735268172
13644,76.77329293470649
13645,78.86365589811578
13646,75.3777402733341
13647,71.99236534580592
13648,75.85412043613422
13649,77.40832277388341
13650,77.20347859511554
13651,77.9951464931745
13652,79.61779612516005
13653,78.50063369667544
13654,78.06469701789541
13655,79.0994697929155
13656,75.18234666316766
13657,74.16957610254423
13658,74.57968981789418
13659,76.64705763000222
13660,75.93805836740194
13661,77.61955842003454
13662,77.01742541224962
13663,78.20143294272145
13664,78.03212236109067
13665,73.90594098235988
13666,77.17268940890773
13667,77.71488146999087
13668,79.44170808036495
13669,76.65019743719131
13670,77.03458870163928
13671,74.77764200315289
13672,71.92377278386891
13673,78.37695696794862
13674,80.72230804405064
13675,78.81328234598845
13676,77.52964080031046
13677,80.01726983188797
13678,78.38033417621943
13679,76.69007742774585
13680,76.21684326022626
13681,74.28407154064837
13682,75.07344813266627
13683,77.15974393463034
13684,78.32188155812679
13685,73.52083093896454
13686,70.29570216812402
13687,74.41481969294205
13688,75.2415760201385
13689,75.17581087811357
13690,76.20817978554538
13691,76.83651795036718
13692,75.2545586824869
13693,76.54914417942103
13694,76.83923311303516
13695,75.21011672679657
13696,77.13210891383181
13697,78.03835511841083
13698,77.72099386605208
13699,77.94421627952858
13700,78.38167550963988
13701,74.57402108857036
13702,76.09834237480493
13703,80.70296878647872
13704,78.56157808890731
13705,75.71484186514863
13706,74.95264114339255
13707,69.75821845314556
13708,74.97539605163843
13709,72.09170824016769
13710,73.31693288143026
13711,74.88967650236009
13712,72.82098463443032
13713,75.07117403435205
13714,76.73961206020783
13715,76.62792945999882
13716,77.06915815608221
13717,75.36063773146407
13718,74.47705785100425
13719,75.06195737489332
13720,76.9578968256165
13721,76.5235804976084
13722,76.246046641308
13723,73.68345794695153
13724,78.11982173511149
13725,76.59738421785232
13726,79.75355894598192
13727,76.6894933032222
13728,74.22930568621138
13729,77.19879822090309
13730,76.37277058030003
13731,77.14555909733133
13732,77.44372312450912
13733,78.57801034494628
13734,77.45237249123738
13735,78.7487180151279
13736,78.76617132115405
13737,78.42893265146654
13738,80.06296513810514
13739,76.95385300886312
13740,76.62809696240492
13741,78.98741922011521
13742,78.52526907144409
13743,75.40366765072662
13744,76.67528720693116
13745,75.5839864001772
13746,78.6003956111399
13747,75.61509213025465
13748,77.77833931547121
13749,76.80059305583177
13750,77.46728228191438
13751,75.79888592318122
13752,77.6979203213794
13753,76.71882842382814
13754,74.58708140109786
13755,75.61670365941274
13756,78.69023321091237
13757,75.22128710154232
13758,78.73001127513118
13759,69.38716227917928
13760,78.39464246517213
13761,77.92897075278546
13762,75.80193469185485
13763,76.62975686448755
13764,76.41236351789757
13765,77.50092705362482
13766,78.74629766900676
13767,77.6703056053621
13768,73.95416561115519
13769,76.79343302674056
13770,73.11067412493082
13771,75.21034644885606
13772,77.08292421656245
13773,75.84648416998101
13774,73.7657734566443
13775,75.24713765783582
13776,78.89503006722373
13777,75.44087696646466
13778,75.12812891043342
13779,77.19201814872537
13780,76.21974549295868
13781,76.86927831851068
13782,75.85351605561544
13783,74.35549127272043
13784,74.11289785089605
13785,77.31798320297668
13786,75.99364576559736
13787,74.150955314121
13788,72.31986770990784
13789,66.73415417085954
13790,71.06204406506043
13791,71.10445079762007
13792,72.13362406606905
13793,70.21871053959592
13794,75.22963319267296
13795,70.36144089109513
13796,73.45206343137255
13797,69.15417796810328
13798,72.77365410920078
13799,72.79613681778892
13800,69.85306902267502
13801,72.40161685165856
13802,65.49216865928366
13803,68.09231006363854
13804,70.5823100594211
13805,71.0728331737152
13806,72.5450566235371
13807,73.75965992947613
13808,74.41772254676329
13809,72.8540743594952
13810,75.42363128276372
13811,74.72655391497199
13812,77.20211010085848
13813,80.08263011873396
13814,75.98358191661936
13815,75.24155063541303
13816,78.01977171226281
13817,75.21336188422117
13818,75.15864172193119
13819,76.30520907075413
13820,74.82546376304435
13821,75.38752663020216
13822,74.30669611205514
13823,77.50784910710325
13824,74.97404519490124
13825,74.17232059025679
13826,75.1676543104661
13827,72.06041584569618
13828,74.44570502717522
13829,75.76733205869579
13830,71.25707128757904
13831,74.45438727565715
13832,72.06303268207807
13833,76.18314425007526
13834,74.03291895918045
13835,73.03886363096865
13836,75.6107697965167
13837,72.54793044096556
13838,72.99909970005558
13839,72.24055706452856
13840,78.55874735527902
13841,78.08951356863258
13842,78.74575415583985
13843,78.41600474559732
13844,77.43277009858076
13845,77.89747596909541
13846,80.49387224340586
13847,78.03038457481512
13848,77.90463622834216
13849,75.92945019263664
13850,81.44007349405342
13851,80.22538891968355
13852,77.38253720198094
13853,80.13070430815651
13854,75.78886335425005
13855,77.8636891192898
13856,72.84529967573434
13857,78.20083353114376
13858,76.09208734290684
13859,75.87831323861121
13860,71.47424662351483
13861,74.10955306667262
13862,76.79663706067248
13863,78.95716598815488
13864,79.46125183279918
13865,77.1564327623621
13866,79.5723955086433
13867,67.9338729204743
13868,68.34613367760267
13869,65.91778766028875
13870,69.39392371561621
13871,69.25628140363528
13872,69.30279691320038
13873,66.15879312489847
13874,68.71042521815639
13875,65.23142330631356
13876,70.85196077624772
13877,74.36891054570322
13878,72.39522604289033
13879,79.18508423185455
13880,76.59062339461155
13881,79.05901521567847
13882,77.69468416760014
13883,78.92408544903856
13884,78.37156841667615
13885,76.0292085114886
13886,79.4262718294064
13887,77.1020430381106
13888,76.57567960389656
13889,72.77501438342557
13890,72.93854544699184
13891,77.24660709110003
13892,75.74432530394392
13893,76.40523704348004
13894,76.25113570060978
13895,76.2172094519969
13896,78.00091554377366
13897,77.00754256823905
13898,75.28957652884372
13899,80.40672362540295
13900,79.1386798093124
13901,75.1415691914338
13902,77.41602244337469
13903,81.77873179273081
13904,73.8816962406035
13905,73.89514956460403
13906,75.07860693243606
13907,75.70437474604716
13908,75.6007836364385
13909,72.26086717209597
13910,74.45124364409781
13911,74.19827112028702
13912,74.69609036987225
13913,71.69042189581506
13914,73.6690351111207
13915,73.10142813944577
13916,71.91847998493023
13917,77.2286655458438
13918,70.12218896049177
13919,68.97827843467451
13920,70.29210556978978
13921,69.77332755205975
13922,68.38668067986191
13923,67.69606555171987
13924,68.3280528252746
13925,69.66526547122243
13926,66.40890842307937
13927,71.58398278162394
13928,69.57573195483315
13929,75.56349199334608
13930,73.0560431269887
13931,64.03232171380023
13932,66.91334274755224
13933,67.33815526702602
13934,70.16807649682283
13935,69.67884431882209
13936,73.99583693733621
13937,70.08440248156245
13938,69.53732329912265
13939,69.99625966383684
13940,70.26291459263769
13941,69.82798819321374
13942,73.23595936162366
13943,69.67994858974538
13944,69.36603461379536
13945,70.28255492997721
13946,78.43519567402103
13947,78.23662819877086
13948,76.50981678735621
13949,79.72065953048849
13950,77.57417138689522
13951,83.01387062268304
13952,80.32225047582148
13953,78.56471846118797
13954,80.50862394771366
13955,78.80816250278605
13956,81.82234348048684
13957,77.6229541749737
13958,81.87542557993174
13959,80.62686316580425
13960,82.7825211692865
13961,80.61222913925093
13962,81.25210581597986
13963,80.22023611904177
13964,75.6367922553664
13965,81.19103099764806
13966,80.71380846643979
13967,80.62866906270028
13968,83.08440002663536
13969,80.7870149147322
13970,78.90386874529673
13971,79.6943250613304
13972,80.22846347729484
13973,78.99263573472183
13974,75.37962590701818
13975,77.1247772797451
13976,74.04089734887935
13977,77.82201481833204
13978,75.77007632340445
13979,74.65757429236038
13980,79.63609633766839
13981,78.06846499821029
13982,77.98998135989962
13983,75.16198550187909
13984,75.99685514436925
13985,78.24362536654144
13986,68.96779869768915
13987,78.6654536255129
13988,74.69102392626269
13989,74.05150845310288
13990,75.0954234654364
13991,78.05609591025802
13992,76.53590777810399
13993,70.0973205524785
13994,69.05665387573316
13995,69.10553961246251
13996,70.60170692401704
13997,74.71358984663578
13998,76.74110301213187
13999,75.36562955554075
14000,74.7268614746875
14001,73.7740900881488
14002,79.17211969049958
14003,75.9716275650456
14004,73.09834873785712
14005,78.54357138084981
14006,80.59620637672947
14007,77.99192617753056
14008,76.97511853578214
14009,76.91063670108906
14010,79.26859932339227
14011,74.88173258838827
14012,76.89640599125772
14013,74.42720922446517
14014,79.47868598865188
14015,77.80054814992263
14016,76.40580600846403
14017,77.89838043588094
14018,75.08275509598974
14019,76.68108761534944
14020,74.87586564031136
14021,74.31633313153134
14022,77.09945169837317
14023,72.297758870856
14024,70.99436198335411
14025,70.69157606614829
14026,77.67578358760625
14027,77.94322372632337
14028,74.6759140909125
14029,76.09690136465366
14030,79.02305240974891
14031,79.41710216097647
14032,79.98449730961818
14033,79.61499854063948
14034,79.27362543755635
14035,80.98875578470103
14036,78.09443593182363
14037,77.6938870379447
14038,75.68335886431146
14039,78.78936939786905
14040,79.03026046293087
14041,79.41894170916356
14042,72.35276365501517
14043,79.44429204177862
14044,79.9918478468773
14045,76.69142119912419
14046,79.42299785028456
14047,77.91782903922768
14048,73.51331096928953
14049,75.8798973526466
14050,79.19505870027479
14051,77.55367867081623
14052,77.55950229233167
14053,80.26468310356694
14054,71.90858230748171
14055,75.07470817840596
14056,77.86016618630919
14057,76.1841906055127
14058,74.9620598399303
14059,76.9403818384398
14060,80.34240219699592
14061,80.8690943921668
14062,76.62918806076618
14063,76.58507222406604
14064,79.7096784674099
14065,79.89706873891322
14066,79.60120380823759
14067,78.5080905621216
14068,79.30384751432712
14069,78.0849146641429
14070,80.04208957659006
14071,77.52995037408846
14072,75.70160837781083
14073,75.75190951884457
14074,76.40640542535203
14075,76.95921452316816
14076,76.05422831240685
14077,79.27845521830312
14078,77.385399938327
14079,74.7019735791157
14080,76.09309240816901
14081,77.21121791636062
14082,75.70480232401405
14083,75.97197685950374
14084,76.62558346259812
14085,77.44945170536317
14086,79.99364963132302
14087,76.07996039535021
14088,73.65011784941345
14089,75.38775526610556
14090,75.99899105681402
14091,74.11291869542077
14092,77.34730664900354
14093,78.50890526942464
14094,74.46075877468104
14095,71.68690679441158
14096,75.09277985829169
14097,72.16264591491506
14098,79.65182568984704
14099,74.56468583365933
14100,77.45775536754542
14101,77.91284702290483
14102,79.61145519807604
14103,77.77851393606488
14104,77.86688633771837
14105,78.21271959012904
14106,77.15202523432839
14107,78.60069040162364
14108,79.2015296737759
14109,77.27344117040172
14110,77.6634929484735
14111,73.23998373157463
14112,77.1136178303721
14113,77.80926138998967
14114,74.93343495337484
14115,76.5319925654183
14116,77.06324231601059
14117,80.7850872522713
14118,79.96552713570702
14119,77.45747194480896
14120,76.68813296876857
14121,80.01285207613893
14122,76.97232204272098
14123,77.6578759562795
14124,80.45840768934659
14125,79.02855134515664
14126,78.8567979361855
14127,77.9229974115579
14128,77.52919288581631
14129,71.41100129522249
14130,73.36069684651522
14131,77.61007414010743
14132,77.64456500767221
14133,79.4031475922564
14134,76.5672369964123
14135,77.17478934238153
14136,80.57208880082635
14137,78.22873294999016
14138,79.94979115161505
14139,78.47216971360916
14140,77.90942949030409
14141,77.09144765100916
14142,77.72870485631722
14143,76.767555709249
14144,80.28976235089857
14145,74.78038527182514
14146,75.48106837669013
14147,74.43077750296129
14148,76.56267841852707
14149,76.17855878468919
14150,77.85634346494197
14151,79.01261462297339
14152,82.89390436577787
14153,80.98135040096565
14154,78.12408894507291
14155,80.42812423828241
14156,79.11274783228339
14157,81.85544891217023
14158,78.99080693541299
14159,78.10880324047332
14160,79.97525262722309
14161,80.92157554995168
14162,70.95281420763081
14163,73.63112542747893
14164,76.00335201490867
14165,76.436458225455
14166,76.79768361596842
14167,77.01499847104981
14168,79.83145900520435
14169,81.19703648429959
14170,78.65671738107329
14171,78.11360842060157
14172,78.63204654295981
14173,78.48069769517969
14174,79.89892787529658
14175,79.3069456892153
14176,77.61561701000869
14177,79.35114906552911
14178,81.22769790995864
14179,82.40601289296075
14180,82.64297103508119
14181,78.58434473848644
14182,80.47276473061618
14183,78.20961534637382
14184,81.1259129106715
14185,81.36966517267587
14186,78.05503881750388
14187,78.6948881692735
14188,77.33324735189257
14189,79.267899679273
14190,77.10911788232704
14191,71.72892137748204
14192,75.11782674288327
14193,79.20593142966663
14194,76.91868957329547
14195,77.41239421480674
14196,77.21114019071132
14197,76.00861443380165
14198,74.88514894980563
14199,78.36669119589982
14200,78.31138617485902
14201,79.17021019209261
14202,77.86707202304035
14203,80.04689388287659
14204,81.96703260999124
14205,77.5276816453088
14206,77.73703373179995
14207,75.33689648900827
14208,76.35536527178505
14209,79.36667883716916
14210,78.80756704981553
14211,76.2578238049582
14212,76.93915094851832
14213,77.00325732430781
14214,74.73721144826573
14215,81.37146466467794
14216,75.83468236877786
14217,80.70442222041959
14218,75.46052182657417
14219,82.4784460337911
14220,79.90814617043173
14221,78.93810542166744
14222,78.76507674347653
14223,78.94116425685752
14224,77.91787131127467
14225,80.73696540005153
14226,79.38254363772722
14227,81.92673771077932
14228,78.48715746755084
14229,79.73027701908603
14230,78.42274123869157
14231,80.04391339983289
14232,76.57940499389417
14233,77.33064627525079
14234,79.63297347101354
14235,81.12023284558086
14236,79.84274975038653
14237,82.49167088259844
14238,80.36847885081374
14239,79.48402076120732
14240,82.16639491480686
14241,77.94844932931812
14242,80.74283176320336
14243,81.8985171122838
14244,81.61250760027661
14245,79.8807361636492
14246,79.26265448357742
14247,78.91483223902713
14248,81.5593529218167
14249,80.9765990148993
14250,77.06915308426147
14251,75.56216764039073
14252,78.568294102751
14253,70.70296424854877
14254,76.41370695383
14255,78.97843099750662
14256,79.1803401088502
14257,80.73959129813511
14258,79.72319844554465
14259,76.30195933875638
14260,81.2331011421524
14261,76.79273700195927
14262,78.76631511844664
14263,79.9529327275082
14264,77.36074605902166
14265,79.04136537685548
14266,79.74488281823915
14267,79.66237387243405
14268,78.83232443023542
14269,80.97646631079306
14270,81.33874088378047
14271,79.10045898069467
14272,73.80834038837679
14273,78.54142693191517
14274,77.04951760455066
14275,76.13840099481536
14276,75.3615190501252
14277,77.49654004719702
14278,77.11847272837554
14279,78.99897447842835
14280,77.39520814171556
14281,79.02327051370997
14282,79.99105459210682
14283,76.59449820617255
14284,76.66768152094545
14285,73.26165998472749
14286,74.55120160441811
14287,78.9295055536038
14288,80.9560538435532
14289,80.41390399141454
14290,78.70846911323758
14291,81.24733737044198
14292,80.02139387774685
14293,80.2176601810408
14294,77.9489417081175
14295,77.68079830533804
14296,77.28667002947378
14297,78.77612832087499
14298,79.22923485388253
14299,71.97254033978646
14300,73.81489088964867
14301,73.84976741606812
14302,72.38763387743961
14303,74.77690507125902
14304,78.88200353256235
14305,76.01078233616505
14306,77.06195309157431
14307,72.65161734902574
14308,76.53925882785137
14309,77.89968808937505
14310,77.12595977538393
14311,79.08731832224629
14312,76.52672696985127
14313,76.15523691972231
14314,78.05162579213015
14315,80.67379738427957
14316,81.10912690974766
14317,79.07494172389192
14318,77.33624048807002
14319,79.0411487630787
14320,78.94951229827689
14321,77.41605444879019
14322,75.10823321039527
14323,79.58013671940228
14324,75.20349268747015
14325,77.17489774142246
14326,74.35285541013639
14327,77.77846015132485
14328,78.46168836402626
14329,75.12093453077796
14330,78.71881799197297
14331,78.44144965671018
14332,76.88656871257211
14333,75.42200274668158
14334,78.35342169374547
14335,77.49683124333723
14336,77.50212224537643
14337,77.98785089674362
14338,74.18267570533214
14339,76.48408947567611
14340,78.93858678069392
14341,77.18931167643507
14342,77.47435003007615
14343,78.4940736777641
14344,76.61770112620536
14345,76.36965632210712
14346,79.22848251363001
14347,78.18610828798808
14348,77.7434411159137
14349,79.43345787332316
14350,79.2413731452715
14351,78.37498641570153
14352,76.55858765740504
14353,78.83172995646214
14354,78.53357554252989
14355,78.53161175642805
14356,77.29847593161577
14357,76.55404137021878
14358,78.20901844431506
14359,78.65950519602774
14360,78.28339308113573
14361,81.03609086485767
14362,78.88716313289643
14363,78.68131569042015
14364,76.53619000284209
14365,74.90062300750833
14366,76.11596529254587
14367,74.50501184276186
14368,74.40891988672377
14369,78.20569872744994
14370,78.95006690185761
14371,79.24393403009776
14372,76.98317842101426
14373,80.97518599427633
14374,79.87038973830909
14375,76.18374720635148
14376,78.41706055931292
14377,77.69383403887292
14378,79.40344791247236
14379,76.1810307642263
14380,77.46413477659473
14381,79.23828593402357
14382,74.71694365126422
14383,71.73610243368665
14384,76.31196049545059
14385,77.50689128815014
14386,74.56516272867452
14387,75.97524640328453
14388,75.34942048274274
14389,80.50172804568047
14390,82.22971774634493
14391,81.5540507404661
14392,81.8385333374373
14393,72.35965437563101
14394,74.92984640324136
14395,77.08368262409954
14396,75.49608676712745
14397,78.5611813833898
14398,77.31959385592586
14399,75.11878812558109
14400,76.21792494589334
14401,73.22505245502515
14402,74.10642551800629
14403,75.19504050315271
14404,73.97922116495863
14405,77.17406529020553
14406,74.42248129810804
14407,73.69423603370069
14408,74.02207879113371
14409,74.35656495466219
14410,72.90408051216048
14411,71.78786523184493
14412,75.86030145596885
14413,75.52212466132028
14414,72.10196537095948
14415,72.00271086883816
14416,72.19862185080575
14417,74.24788836473812
14418,72.46477821590179
14419,77.15497115480241
14420,74.05884966653514
14421,74.49797112897045
14422,64.26200140831997
14423,69.1203704101888
14424,74.10680209157692
14425,75.31417764727416
14426,75.53197637419078
14427,73.63938611919377
14428,74.19275770329801
14429,74.43422525616745
14430,74.34369698682474
14431,74.99208830191628
14432,74.22292778756645
14433,74.23523329886092
14434,74.86822312056404
14435,70.96307107118042
14436,72.05760348627649
14437,71.1161812035673
14438,75.26655200926808
14439,74.16627865932844
14440,79.01293530069182
14441,76.46233462046325
14442,77.59942194648642
14443,80.53914879529384
14444,79.8924756689974
14445,78.68831910349667
14446,77.11070144858849
14447,80.7014463818968
14448,78.31739929067248
14449,78.05164355629972
14450,80.32569337413867
14451,77.45625862185199
14452,78.52843260180805
14453,78.34594084497616
14454,82.23697802705135
14455,78.77806017598607
14456,78.18324389291598
14457,81.5515955740729
14458,76.99154119679775
14459,79.5042567618533
14460,78.84316863754276
14461,69.52400585350046
14462,75.99193259913932
14463,75.88116166122694
14464,77.74214095537627
14465,78.22570940780639
14466,79.17623214236659
14467,76.81023675931289
14468,80.22584315187657
14469,80.12885110564105
14470,79.66331205864117
14471,76.04313851328493
14472,73.90753865558855
14473,73.00049403541891
14474,77.83183800362434
14475,78.97763781945054
14476,78.56208502834488
14477,79.85736777877099
14478,80.33174077653928
14479,79.31915299343547
14480,79.08270858039151
14481,80.42130187672473
14482,79.24065055339963
14483,80.0492729577486
14484,80.05941116079322
14485,78.17089319247395
14486,76.72750632309618
14487,79.43517660032205
14488,77.25818517336495
14489,78.95662793973014
14490,76.02137038110118
14491,77.7745974764785
14492,76.49892392252752
14493,79.3004723394306
14494,74.38755663757661
14495,80.55116498198936
14496,77.18366881538526
14497,73.04962846137016
14498,72.52015885844719
14499,73.94934453586012
14500,73.01501297507986
14501,76.88806805714222
14502,71.46069080954288
14503,68.79084817124254
14504,72.97775029121533
14505,73.99197472093147
14506,76.8880680571425
14507,75.52884172248474
14508,79.80566495340469
14509,79.30411055633687
14510,73.62943502554191
14511,76.69452672465229
14512,75.42111683414879
14513,78.06530324990916
14514,76.45655047887897
14515,75.54156504323487
14516,77.52973183802555
14517,74.07852839653873
14518,71.01637106453279
14519,66.50264021258607
14520,64.7718493304215
14521,79.80977533604198
14522,82.08580032979876
14523,65.98505197971303
14524,69.71557917277784
14525,78.03319253484341
14526,77.66038229078919
14527,78.34009784641563
14528,67.78185565430294
14529,67.49680150884438
14530,70.29989680898024
14531,73.450543057581
14532,69.6450801381921
14533,75.22251149743414
14534,75.5898372414228
14535,74.78177201171252
14536,75.13087487973382
14537,77.30893217245284
14538,76.76179462678687
14539,78.63568483731643
14540,75.46654495089729
14541,77.855975618782
14542,78.1447992654343
14543,77.37539943187869
14544,75.71895222889549
14545,73.40765228619148
14546,77.87483790211286
14547,77.22303306159648
14548,78.29622374413725
14549,75.16028347503584
14550,74.71918762447632
14551,77.12093593624417
14552,77.60171375606296
14553,76.48938898718853
14554,73.80161166724133
14555,74.64652482590736
14556,76.07587855947884
14557,72.64614655010888
14558,79.5132564034131
14559,78.73958508999357
14560,78.86511436719405
14561,78.51625258125478
14562,79.67463377710726
14563,78.89963009070152
14564,76.76425634892689
14565,76.5770768946469
14566,76.25561847420943
14567,78.1841328439724
14568,77.83725265287484
14569,74.99362966959
14570,75.48931204698329
14571,78.57954092198469
14572,76.86083326262082
14573,77.61242498139785
14574,79.89706420647752
14575,76.22946948980024
14576,75.77025492262692
14577,74.57695026595263
14578,74.35845348599815
14579,77.76293303756358
14580,76.02906537106611
14581,74.54077855325119
14582,73.53500811407952
14583,78.1945187004655
14584,77.77548674208145
14585,77.85327413788394
14586,76.19977321141329
14587,77.61161248541964
14588,78.35907844164313
14589,76.29383232758067
14590,72.67647817179733
14591,77.63679662407895
14592,77.27649968979728
14593,80.07770840347717
14594,76.96445579959885
14595,80.61546011466828
14596,76.77367799442663
14597,74.13831523314047
14598,78.74359463607908
14599,80.26483572344222
14600,79.46190916135981
14601,77.63755142083744
14602,76.79975794140142
14603,78.34320590596565
14604,75.88986566049749
14605,77.0152034990075
14606,78.59416730216265
14607,77.37614704028243
14608,76.68108118707613
14609,78.95384283032666
14610,77.06861589997243
14611,74.47224725011716
14612,74.70205253944368
14613,75.89076365439144
14614,77.53665950606745
14615,77.02923392931496
14616,77.69120296490541
14617,79.56249207414083
14618,78.37760231904326
14619,77.55026991371574
14620,77.98507780118445
14621,76.25499578732934
14622,77.59345472565309
14623,74.35012489969552
14624,69.15504552668733
14625,75.72966077835514
14626,75.1156700938339
14627,73.43684008849584
14628,78.24499722315687
14629,74.21299195523306
14630,73.90769661567623
14631,76.09351733324041
14632,74.71182800351744
14633,75.33190741056376
14634,77.04462425032159
14635,80.47280377775616
14636,76.12735902497866
14637,77.70926768577624
14638,75.9834658784975
14639,74.05842617578378
14640,69.2378760087301
14641,71.35419421719052
14642,78.6903027773235
14643,76.42999491579616
14644,78.02844196768899
14645,77.22857501557701
14646,77.26926196687907
14647,76.1426643765202
14648,74.84438504667582
14649,77.82356346220956
14650,76.52233821216521
14651,76.7043167672033
14652,80.51207908290081
14653,79.01939688270426
14654,82.62694800430722
14655,78.88028165578487
14656,77.90878261888162
14657,80.86114397761412
14658,76.1227027330284
14659,76.36187987326878
14660,78.60721919936964
14661,77.8546921712674
14662,79.92521481669297
14663,77.15755793389803
14664,76.5027385319176
14665,79.56958744484513
14666,75.65109148459749
14667,75.95356036414768
14668,75.42513936513939
14669,73.09200277330484
14670,68.6650607150487
14671,70.63220979457355
14672,73.59721851141967
14673,72.50876786411487
14674,74.44852468493116
14675,75.26510173026196
14676,76.80230091852366
14677,76.7075820835721
14678,75.65941799434415
14679,78.84385803626054
14680,79.12375954913176
14681,78.11489802721837
14682,76.3126094668678
14683,79.14162024731019
14684,78.3839988629042
14685,80.17806921469969
14686,80.41354475448907
14687,77.55036099478764
14688,77.21171390158821
14689,76.71062585654738
14690,74.44977361537525
14691,79.28265172741811
14692,78.52005925885908
14693,78.00763825188926
14694,75.16663004501476
14695,73.73971282261567
14696,78.68203902652425
14697,75.85522644636598
14698,74.66297371099535
14699,77.54308689988193
14700,73.33349172276024
14701,80.8823928203173
14702,76.55179916820282
14703,78.96812913924407
14704,76.72351720529417
14705,77.68171866857523
14706,76.54362241800692
14707,78.91970431829884
14708,78.64086949486023
14709,73.53562712470858
14710,78.02919969480627
14711,77.26063533741626
14712,76.47983588120059
14713,73.6619550568978
14714,72.0748607973199
14715,72.91307913617783
14716,72.91644150570812
14717,75.61172014160763
14718,79.43087618679493
14719,79.80353972430453
14720,78.13584294646199
14721,79.24921327445679
14722,80.20610779110581
14723,78.6003483974286
14724,77.75255543381996
14725,80.6373546853078
14726,79.28378377683373
14727,79.27026153644437
14728,77.2074357597375
14729,79.28928346794174
14730,75.31262520093998
14731,77.50746205869069
14732,78.52960834074293
14733,76.63101853556253
14734,76.40180276802943
14735,77.02827384342902
14736,76.7341084391158
14737,75.30279943949199
14738,78.24878563413927
14739,79.04346711136162
14740,74.87582967783203
14741,78.18492575984709
14742,75.9075261930281
14743,81.04786212521077
14744,78.172881943861
14745,79.91822649493952
14746,70.49174774379117
14747,74.03604548645166
14748,78.3940125562587
14749,79.31098575732341
14750,76.89568012956443
14751,78.23600361095902
14752,77.87584976037226
14753,75.34965195837322
14754,79.78592489572264
14755,79.384920238105
14756,78.49076345716088
14757,74.97749213823687
14758,81.98619957305203
14759,78.38336107245766
14760,81.9984862862031
14761,76.25576519842872
14762,79.12924532144507
14763,77.43361509116028
14764,77.15515601468235
14765,77.21735400941128
14766,79.46782806417991
14767,78.72315311077375
14768,80.07904411216913
14769,78.1881924396269
14770,76.56465215831145
14771,79.8106602807755
14772,80.9889936037107
14773,76.45609720323631
14774,77.29923613346995
14775,79.12272472973308
14776,78.59811307979936
14777,78.08087889098812
14778,78.86310163674699
14779,78.37479913459697
14780,80.35737304276415
14781,77.72510421667823
14782,77.49018900915866
14783,76.66105399415477
14784,77.46984524250144
14785,77.15385306156122
14786,77.55562267413563
14787,75.19543203061141
14788,76.7909773596823
14789,74.17310523845072
14790,75.14868715714528
14791,77.62617487577847
14792,78.16655072109296
14793,78.39669045567007
14794,77.05040013670032
14795,73.87508735109441
14796,75.23992678398008
14797,77.45668366895251
14798,79.77350673631571
14799,77.91501479416416
14800,77.82835042687287
14801,77.54014225470871
14802,77.26580962288892
14803,77.44597139342147
14804,79.42307917076477
14805,81.44589016024213
14806,77.55344558479828
14807,78.08253509681504
14808,77.62109795861477
14809,75.87628321483794
14810,81.68235042648496
14811,76.51872202299234
14812,77.00399749520062
14813,79.79890342458378
14814,76.57451236872276
14815,78.19335691294458
14816,77.5142242593418
14817,76.82978260986505
14818,78.39172826345492
14819,77.67531832592351
14820,79.33462913962353
14821,77.83964848521367
14822,76.97330669620641
14823,75.95007233915231
14824,78.21496179760067
14825,77.42938760355509
14826,76.17096606735612
14827,77.7200891501214
14828,78.23399097356167
14829,78.28012567491135
14830,77.64934230292477
14831,75.336706934929
14832,79.36923912797039
14833,76.9787067238255
14834,77.55005746858672
14835,78.85445611661123
14836,75.66862534399735
14837,79.19113346508391
14838,78.50035877326366
14839,79.46529342116611
14840,79.32489652070922
14841,76.80568893063656
14842,78.40676349615609
14843,74.17571955430492
14844,76.50151072808927
14845,77.48606344784702
14846,71.48300107429372
14847,69.91984384605388
14848,72.94553031332913
14849,74.90274439918909
14850,77.84950978631508
14851,79.21690098222717
14852,77.29657939672188
14853,78.01067303446723
14854,76.17694692564856
14855,76.31128940013167
14856,74.69950590328642
14857,72.39138814599602
14858,72.34816161504313
14859,78.89846152897712
14860,79.33300248247417
14861,79.16917842439972
14862,77.25277461336253
14863,77.4249866972367
14864,77.87849703586937
14865,78.8817736410702
14866,80.18947838924055
14867,81.32723829306747
14868,76.56068260556913
14869,78.94154400454329
14870,77.76293303756324
14871,77.64363192048478
14872,80.25917044222984
14873,77.50800532148241
14874,78.63580801871075
14875,76.88269605776674
14876,78.01520849566418
14877,76.06706744817149
14878,80.25910723259113
14879,77.03856780831859
14880,75.31119982650199
14881,74.34340841992594
14882,75.54316645708047
14883,74.96623677902761
14884,80.10290405322195
14885,76.14987631611916
14886,75.8305432698844
14887,77.55776874957553
14888,79.07878000052091
14889,75.80754226216078
14890,79.82790878528272
14891,78.5828205710315
14892,77.67949964314181
14893,78.283475786253
14894,75.99620828195287
14895,72.82501353961254
14896,78.46912542149988
14897,77.78557451605587
14898,76.58091431647051
14899,78.36997743134748
14900,78.75574609118303
14901,76.34774259355049
14902,77.72655495548912
14903,77.87970623709975
14904,76.05434766025309
14905,76.52459800880968
14906,78.63074461598745
14907,76.12530539039068
14908,77.11744669262805
14909,75.15998223815421
14910,79.18393000537532
14911,75.68637650204846
14912,67.18867907280799
14913,74.14244604087963
14914,76.95341067284267
14915,76.33712577597765
14916,79.31400446407451
14917,73.49639374528743
14918,78.01891212722285
14919,75.081166966267
14920,75.59006069155606
14921,73.96172113345534
14922,70.06315043160646
14923,79.13956168290548
14924,79.97263781236734
14925,76.95809235109726
14926,76.93063705509326
14927,77.7706237357283
14928,77.73786543196888
14929,70.45697679390196
14930,74.34639308535498
14931,74.28400884371825
14932,71.22687807242033
14933,71.04559222019691
14934,75.23600189767302
14935,74.5130237722098
14936,69.78036153621821
14937,66.9999891595483
14938,68.85089700676508
14939,70.72994003182481
14940,70.3100323192582
14941,70.48806223124001
14942,68.11054948953768
14943,67.8350365818361
14944,73.69525660858199
14945,70.36648451447314
14946,69.60156533547854
14947,68.35874068060673
14948,70.62998430332073
14949,66.98353591508902
14950,68.05759694787042
14951,66.81335733532984
14952,69.21912483325059
14953,68.45026429371103
14954,67.2762452803205
14955,68.43380377604592
14956,64.89979326058722
14957,67.15783226023069
14958,68.06653050411086
14959,68.54082559995288
14960,65.9102046173424
14961,68.21165275537447
14962,69.26536004075109
14963,67.36513209214814
14964,68.28168335533184
14965,69.32523014324852
14966,69.83156891054568
14967,69.06584565664059
14968,65.58273804058899
14969,70.00247981742496
14970,66.20542051113443
14971,68.91988809063673
14972,69.59854171802272
14973,69.80828864244052
14974,69.86449542643749
14975,69.7425717830148
14976,66.37263694987297
14977,66.40025759435599
14978,68.33686874327873
14979,66.93533091946955
14980,67.55309249429229
14981,70.1700047229063
14982,69.86443579487968
14983,77.20621930594746
14984,80.24799870755254
14985,79.18465005601144
14986,77.37173940416301
14987,78.47043624478488
14988,78.25845840835382
14989,68.77517368265791
14990,72.40978483521013
14991,71.42223196830935
14992,77.5727337799018
14993,72.17192570484423
14994,71.6781631375382
14995,70.05468344462071
14996,77.08381019470113
14997,76.12990905054068
14998,77.7692109407214
14999,76.17826442655536
15000,73.64139706403341
15001,70.34628176228006
15002,76.09620798109069
15003,75.83863851429294
15004,78.90467820197642
15005,78.45707120895037
15006,77.5852656652188
15007,77.57013452664904
15008,77.3980363628699
15009,80.30626312815951
15010,78.79598652223558
15011,77.31436957092114
15012,76.78849630789114
15013,76.66567151505086
15014,77.25196399156351
15015,78.19306638182832
15016,78.14525817143988
15017,79.68516695418418
15018,77.58227488641933
15019,78.7097758665742
15020,76.20738015464377
15021,76.46405827822855
15022,76.36507911832939
15023,73.42458628478136
15024,76.32723228874897
15025,76.22519710412888
15026,69.78703966346575
15027,70.89523973981585
15028,74.68613362059904
15029,76.99641015905178
15030,68.22017624044321
15031,71.33287791344276
15032,72.6873332117487
15033,76.08464223755539
15034,78.1377085689328
15035,77.21515935331712
15036,76.4031223375755
15037,75.89157822742226
15038,76.41669129741535
15039,75.17157930590429
15040,79.55529642217363
15041,79.06158084150985
15042,78.96656441485766
15043,79.98884579025196
15044,74.69660068976356
15045,76.35431002244519
15046,75.71847796133301
15047,77.40417574666094
15048,78.24992519015206
15049,77.43852951131288
15050,77.4318323058431
15051,77.21226149854033
15052,76.46406113240602
15053,76.25700383990687
15054,80.07773969952757
15055,77.85861870579305
15056,78.53559989770042
15057,78.4421792996099
15058,75.15849778007521
15059,76.10533689823978
15060,76.29597045901755
15061,76.47621830348953
15062,74.89671697161901
15063,77.10572489640305
15064,76.90577043308969
15065,78.03331576524556
15066,78.10447828945996
15067,78.27133853540352
15068,78.58761468746246
15069,77.00962680235648
15070,77.40280567830473
15071,77.28731657159028
15072,76.01373078674266
15073,76.82648033703543
15074,77.03222858900932
15075,77.83025799088358
15076,71.7880586515929
15077,72.24268009170447
15078,76.27600192328003
15079,69.4331410340734
15080,71.46234582860666
15081,72.66516770033809
15082,78.97204046693201
15083,75.08192989579715
15084,77.56974963250406
15085,76.22847400206336
15086,76.40015992765188
15087,78.53812534968483
15088,78.88348104013153
15089,79.06259375228103
15090,74.90265641673807
15091,79.27747082885145
15092,77.10981266064857
15093,80.22863256656882
15094,75.87647463798191
15095,78.53176981148783
15096,75.851883831576
15097,78.875616385022
15098,76.75073603491228
15099,77.99090497551322
15100,77.80230872674775
15101,77.50584859454489
15102,77.71992964800307
15103,76.6268506973118
15104,78.89240612117425
15105,78.85535981333084
15106,78.16679534065821
15107,77.59345337444228
15108,74.94212702490381
15109,77.27683537819757
15110,76.62216289260579
15111,77.52105870454432
15112,78.461132962492
15113,78.85200282194108
15114,77.9218847361571
15115,78.39739930350021
15116,77.26096542348864
15117,76.62407012714442
15118,79.16028839538137
15119,79.25029039637639
15120,77.4835472394285
15121,77.72156207530122
15122,72.02517633148693
15123,77.39574598298327
15124,74.87375630719004
15125,75.85785312693179
15126,76.53258115798144
15127,78.42865327652402
15128,76.41204959682659
15129,72.03823337090313
15130,75.33724584170437
15131,75.79764777662234
15132,76.93459959539183
15133,74.74259712875266
15134,75.78471131772392
15135,76.88377912758375
15136,74.34598726211777
15137,78.78733605445677
15138,77.40242281767769
15139,77.85059350120633
15140,78.36619680940959
15141,78.55420276848139
15142,75.3676269465447
15143,77.28258086945101
15144,79.50190445888836
15145,78.97145638386758
15146,76.38226068631263
15147,81.14276766372507
15148,79.31332656673436
15149,76.51251573802972
15150,77.2642571701233
15151,78.26565564715503
15152,75.02112936944957
15153,79.20163113986501
15154,77.91740890701766
15155,73.60492470451703
15156,69.57887397773396
15157,74.46792594379315
15158,76.68237241819969
15159,77.04225524312938
15160,74.34942701154625
15161,73.86123273371089
15162,75.94851115782501
15163,78.25623613375956
15164,74.75723631614005
15165,71.50243618240728
15166,73.14000809629556
15167,78.60588234651323
15168,74.75616446868992
15169,76.16382088049954
15170,77.85243974411719
15171,76.25206780222402
15172,75.25950149308034
15173,78.94430613730913
15174,77.76806295655189
15175,78.69026888775596
15176,77.67029393429988
15177,76.98117826093295
15178,78.43562935759547
15179,78.01644564439243
15180,79.32912018090178
15181,79.0370183341588
15182,71.9511482894008
15183,79.50518986945531
15184,79.80683607450703
15185,79.82191156667272
15186,80.39504160005151
15187,80.09767671249944
15188,79.37631436289587
15189,79.03351817513987
15190,80.08255827851366
15191,77.29214977825745
15192,78.23188467542548
15193,75.34148386428564
15194,75.94874006111331
15195,75.86187564338849
15196,78.55988694621976
15197,77.1627705456126
15198,78.15241960309362
15199,76.36787953917553
15200,74.73892029471125
15201,77.5735251784231
15202,77.40645296885623
15203,77.78299823415398
15204,79.35904057920277
15205,75.92951867594638
15206,73.7107000749221
15207,76.35161566422238
15208,79.3960192440868
15209,77.3919210573934
15210,77.16578602879571
15211,79.37060040426036
15212,75.97791941209209
15213,78.38401340628599
15214,77.32838338484117
15215,77.39848929281055
15216,76.59565950605219
15217,68.41571826731717
15218,75.83363320387298
15219,77.18533519981196
15220,74.41069692238318
15221,74.06656448909172
15222,79.84759948524811
15223,77.02284552283902
15224,76.81177125348245
15225,77.84649816466356
15226,74.70593591224969
15227,80.70345608847146
15228,78.02895855238467
15229,77.88544142683901
15230,75.84808006270157
15231,77.8849338308799
15232,79.76236681515383
15233,78.34652622341622
15234,81.50392952006331
15235,79.26798153156568
15236,77.27283768743217
15237,80.05028916198307
15238,80.14743730700513
15239,78.4089157592116
15240,79.7030516113291
15241,78.69065086737453
15242,78.42176743777628
15243,79.27914937456507
15244,78.48724230163151
15245,79.44674615170129
15246,75.7599772431733
15247,78.83371210237982
15248,76.26383128813046
15249,79.27499123913657
15250,78.3527221256034
15251,80.27041038773848
15252,76.79253286185104
15253,78.49609144671541
15254,76.92743036119884
15255,65.98284022002554
15256,74.11855424542483
15257,77.80889891073645
15258,80.52336560923283
15259,79.48210935248511
15260,77.53075142041041
15261,77.87114268214168
15262,81.50043899952254
15263,80.225707979731
15264,79.61927919842128
15265,80.19280828942806
15266,80.89903639458811
15267,81.6851780745572
15268,80.11491577725303
15269,76.71007881070204
15270,77.9008739647798
15271,78.12828704998435
15272,78.65840682132307
15273,78.50937218351862
15274,78.27348110006534
15275,74.8628818174318
15276,77.33740652175607
15277,78.29297560700093
15278,75.2723491984932
15279,76.27512819512788
15280,73.11998190216934
15281,79.11048539885968
15282,77.29071771933144
15283,76.95755839977824
15284,76.9460416706084
15285,74.14153168682174
15286,75.75574572498499
15287,78.22113509289545
15288,77.74214095537707
15289,78.72992696404015
15290,75.76135005696193
15291,79.77895688005208
15292,76.42547312063823
15293,71.63174841656405
15294,76.62052538177647
15295,77.77185697391263
15296,77.33061681576874
15297,75.97070348655916
15298,79.03495262379977
15299,75.02322934214806
15300,80.4813365965652
15301,80.40097679020522
15302,77.05807001667296
15303,77.54044192419633
15304,72.22696010911318
15305,76.71706790687148
15306,79.5877037123152
15307,78.57246529078128
15308,76.4659285773185
15309,77.7887195173792
15310,78.76852849398665
15311,78.5679937196457
15312,78.50664156080722
15313,79.0947508695728
15314,79.10410760533335
15315,78.89544994546407
15316,81.2004145845176
15317,80.72775837536085
15318,77.41093256734541
15319,76.988776029483
15320,74.49819795512781
15321,73.40444459428807
15322,76.53400874550903
15323,79.20153474670025
15324,75.38579079350279
15325,78.7790556117572
15326,77.57854199156361
15327,79.75993280972966
15328,77.13809384663995
15329,78.00622191779149
15330,78.2043404605476
15331,77.01621536327895
15332,73.6750268208009
15333,77.27395343888958
15334,74.15838228673914
15335,72.56396303465266
15336,74.08737889212676
15337,73.65105318622426
15338,78.8409389318229
15339,77.07690484174788
15340,77.55662266720316
15341,76.0760257055125
15342,78.92546261357779
15343,76.80542418337723
15344,76.16078868241794
15345,71.10946701388355
15346,76.02928980826039
15347,74.65329085490293
15348,78.81457207978269
15349,76.42727753021501
15350,73.20153494965763
15351,75.89943441870798
15352,76.53937753413805
15353,76.4958418824973
15354,76.76845362161947
15355,78.31463061480883
15356,76.05498247624075
15357,73.43993637913923
15358,77.61824032930195
15359,77.82686808357613
15360,77.48298319945496
15361,78.7927891153987
15362,75.18206969809245
15363,76.78461852207272
15364,75.88981684499214
15365,74.59629594140631
15366,76.55888895512356
15367,78.22631164012176
15368,78.27240737846836
15369,76.51156143991813
15370,72.06661517122541
15371,75.49874310384325
15372,77.33637094380384
15373,78.64636385593354
15374,75.09223069941999
15375,74.59465053734135
15376,75.88446917953786
15377,77.90367812138857
15378,78.76638782391262
15379,81.58522948548062
15380,79.77376501042966
15381,79.96614287405515
15382,77.48583946440488
15383,78.03173112450855
15384,78.54854381328175
15385,78.52731759678619
15386,76.02209810638334
15387,73.42798017097527
15388,72.34496503885202
15389,78.28952945002555
15390,77.89470857132142
15391,78.25533003561344
15392,74.82158478336686
15393,76.14351050360267
15394,76.01656054216664
15395,72.58659380138766
15396,75.25025918247695
15397,69.14861558607066
15398,67.48055348642464
15399,75.36513687099671
15400,79.09331065761847
15401,80.20921781998032
15402,79.7377422958242
15403,78.38134917855933
15404,76.66450117079006
15405,80.50351200645116
15406,77.92647473034208
15407,79.26948185254759
15408,80.98102643989142
15409,76.50016772540988
15410,76.03101336681044
15411,76.16764846841141
15412,78.86845637845425
15413,76.067290028929
15414,79.7418643819305
15415,78.85480619522701
15416,78.2720721794339
15417,76.50366255488916
15418,80.54437056573312
15419,78.163259985391
15420,72.4805458755394
15421,76.52654492291339
15422,78.14914504194064
15423,77.87865993428056
15424,79.01926893645617
15425,79.16861075124808
15426,79.02611721239589
15427,77.38074196303597
15428,78.71557545962514
15429,78.71628687407002
15430,75.50367358894431
15431,73.99845163362687
15432,76.32456530102843
15433,72.77793448579433
15434,73.50579391140951
15435,77.87610901116398
15436,80.79142143269712
15437,76.07711062468354
15438,78.42169864864059
15439,76.84675148783253
15440,78.10390452258184
15441,66.16617722341181
15442,74.30804842320799
15443,78.93857429502486
15444,77.19161397722507
15445,79.06790696632783
15446,77.39838796260699
15447,78.77512600908159
15448,78.78936939786922
15449,76.08067992021421
15450,78.74575204876902
15451,79.59386603081606
15452,75.59515980968416
15453,78.32247271687396
15454,79.27747082885173
15455,78.7332534670482
15456,77.7350750046607
15457,80.30940057472696
15458,75.68096162667456
15459,78.18603963151276
15460,75.3053578576015
15461,76.80952003485953
15462,78.14822267569997
15463,81.78003147891405
15464,76.45604417293907
15465,75.5957620574705
15466,76.08246589762365
15467,77.81248237134434
15468,79.93188040404073
15469,77.63428461314419
15470,76.49036463244136
15471,78.25524524477476
15472,78.81792160064208
15473,78.63539506916726
15474,79.38194331864207
15475,80.88032313777586
15476,77.03079557536756
15477,76.13171287400854
15478,78.33991850537285
15479,76.7021952183826
15480,75.7091833663365
15481,76.97891815217679
15482,78.61578686376492
15483,77.23923977819078
15484,76.42834019602412
15485,78.87686188156499
15486,80.12785287679571
15487,76.55133987440752
15488,80.40021641724951
15489,77.79923670859853
15490,77.47672006940957
15491,78.04872546914504
15492,77.55812315604658
15493,77.51195247455837
15494,71.53185891745801
15495,73.39426818643818
15496,75.02102083496305
15497,76.52715747167645
15498,73.25000614931753
15499,77.37919250058428
15500,79.54759685188674
15501,75.88321175734995
15502,78.4603852180486
15503,74.60161274897342
15504,75.43079289146044
15505,71.20253981982779
15506,76.96476530845553
15507,77.64435051338353
15508,80.37522103134773
15509,76.99638772011048
15510,76.93320784900266
15511,73.97930706535908
15512,76.05958227270469
15513,79.35178590758579
15514,80.60967720616196
15515,76.85275332876927
15516,76.58578646958762
15517,81.11826540436203
15518,78.25611077715331
15519,78.99755673968576
15520,78.70784637889409
15521,76.68300842471382
15522,76.74553964416793
15523,74.28322095626118
15524,76.19303631593277
15525,77.53775113622959
15526,78.42185412138508
15527,76.25180682930545
15528,75.78453451729843
15529,74.32643771158382
15530,77.77405694276905
15531,75.46761265116965
15532,76.7551250622613
15533,74.40354058688587
15534,77.44855333282186
15535,76.28418470729474
15536,77.69659861717247
15537,78.08155251247814
15538,78.03662923546176
15539,78.06876883217268
15540,78.19316423338324
15541,77.20005702063213
15542,77.07421531242755
15543,78.78778099044683
15544,74.74337806203306
15545,77.5556587761817
15546,76.538934656067
15547,76.48366521035763
15548,75.69012804680415
15549,76.36342655408316
15550,75.09757282598645
15551,77.97365887256359
15552,77.6754638680627
15553,73.1938971679366
15554,77.12715204954702
15555,78.61781925790723
15556,78.10967111691764
15557,77.62826657499619
15558,80.5910790916846
15559,80.57708241482499
15560,81.3768387110294
15561,76.8065349342454
15562,77.74367330514877
15563,76.88282681482451
15564,77.76186138340256
15565,73.89707497061266
15566,72.98181459586948
15567,75.25117886051288
15568,69.6864511941348
15569,75.60742959517216
15570,80.34654818362628
15571,78.24269211419869
15572,76.5651528905504
15573,79.66237387243422
15574,80.70642452332999
15575,75.56470665595009
15576,79.66319424241493
15577,78.53287367725409
15578,76.52061499254069
15579,77.50242392885167
15580,76.76815497848963
15581,76.90103498747948
15582,76.65548502739159
15583,76.24574791954251
15584,76.01516351259272
15585,76.36104074886185
15586,76.70424475443122
15587,76.93460102135839
15588,77.22087562912628
15589,78.35031323194733
15590,75.11536139994041
15591,75.79589247875685
15592,77.66846738361846
15593,75.5051808598356
15594,77.33327170398053
15595,79.78972496617018
15596,71.32026107864039
15597,67.1370800253456
15598,67.61875890048623
15599,79.62576114537455
15600,79.60052596316228
15601,77.24747096892463
15602,76.2062545917895
15603,76.29854075902699
15604,80.84607503511347
15605,80.94625228288862
15606,72.97925262040422
15607,71.80149479658974
15608,73.10198680674381
15609,76.03379683521797
15610,78.0277410196129
15611,78.04602315216238
15612,78.840353896296
15613,77.7918008057922
15614,76.79404923115715
15615,78.39300834120235
15616,76.46677067025428
15617,78.38167550964044
15618,82.48926130728819
15619,76.8417913851606
15620,78.89614075783777
15621,79.15622744225908
15622,76.49781661269799
15623,77.83390277160402
15624,78.72833055038541
15625,80.73061055884904
15626,80.2563605185548
15627,78.78789877879291
15628,79.96650094272366
15629,79.27596792822169
15630,79.7019718357111
15631,78.9369332939151
15632,82.48396259907804
15633,77.77987316948253
15634,79.27397627098412
15635,79.06548314987043
15636,79.34178655593576
15637,80.48495455135611
15638,78.83095296035674
15639,83.10300240621575
15640,77.70488380270558
15641,72.54469369807339
15642,76.19774125748711
15643,81.79330783702136
15644,76.79502426472465
15645,78.18101847440289
15646,76.93460173977121
15647,80.66802935131733
15648,76.15376305824446
15649,75.88575311201492
15650,78.24154007262348
15651,73.75178349559354
15652,77.12856627401811
15653,79.46153644176286
15654,79.46655243099144
15655,81.17331264432852
15656,76.70499510579731
15657,74.09897670969912
15658,79.50893268986442
15659,78.15854760529311
15660,77.99232914441103
15661,76.70372817686274
15662,77.27910119125505
15663,75.49922384891715
15664,77.78382051385057
15665,79.92443632991842
15666,79.40938061449964
15667,77.14753468867877
15668,78.02921772930381
15669,77.28810170228911
15670,72.99258889052066
15671,68.64495924585572
15672,73.03255412677731
15673,77.59965348586553
15674,75.5344322025137
15675,77.07396587815765
15676,79.75613450565118
15677,76.8450720429916
15678,76.75089906555093
15679,79.66657957814363
15680,77.49773079693551
15681,77.46112742906098
15682,72.74719503869596
15683,66.32454890495654
15684,72.22696796540191
15685,76.43167311742377
15686,79.74771877032208
15687,78.21224961798004
15688,78.74928449120432
15689,76.96467872269085
15690,77.48428619690742
15691,79.48402076120703
15692,76.03454407204157
15693,75.22933866770222
15694,75.81623059836443
15695,78.92811975421517
15696,78.46905177728792
15697,77.10279522455528
15698,78.12067909615052
15699,78.93178806143959
15700,75.7392708800794
15701,79.51546490909482
15702,80.78256531409465
15703,79.00365721419416
15704,76.88166510010046
15705,81.84852563737792
15706,77.06561299729407
15707,76.51196146082316
15708,78.13012302651185
15709,75.88669028021002
15710,78.54638920231702
15711,77.43192436361323
15712,79.06110991000111
15713,77.79214012707507
15714,77.45875230827056
15715,77.16637910837568
15716,74.96033926459529
15717,78.33830181343001
15718,78.50731532307185
15719,78.00429941338035
15720,80.37613681713424
15721,77.69040574266228
15722,78.2961460410832
15723,79.25564151322646
15724,78.16303104579151
15725,76.81259821781828
15726,78.94386891502319
15727,78.25085205783842
15728,80.51487609176496
15729,80.68322858802071
15730,76.33435324935033
15731,78.08102278700898
15732,72.8240358815541
15733,72.90008509194956
15734,71.51092801124668
15735,72.73739037091548
15736,80.8542959477274
15737,77.3011419249346
15738,77.20869014755783
15739,75.8994344187077
15740,76.43039993796106
15741,77.30404663808565
15742,78.71606834221461
15743,76.46370790297925
15744,76.37307364302166
15745,78.07213412289315
15746,74.30800562219105
15747,76.01196263364989
15748,73.38412306846203
15749,75.83876957583118
15750,78.09863602721907
15751,79.06146966515735
15752,78.07860546187231
15753,78.822938975091
15754,75.5445440272058
15755,75.43838917407987
15756,77.21545933326155
15757,77.86865993487237
15758,78.69525164084831
15759,78.08614670077179
15760,75.23989751327804
15761,72.41217882526706
15762,75.4402561699194
15763,77.4328508670277
15764,77.648230276091
15765,78.34059607461029
15766,75.85720321186517
15767,76.45464573203219
15768,74.16004948966543
15769,78.16897283133602
15770,79.68243669624042
15771,75.55620075576661
15772,78.72962349500472
15773,75.59840929479083
15774,80.03235276063845
15775,75.92955264993566
15776,73.10092860632824
15777,75.88928372085502
15778,78.15356671633907
15779,78.72553091407138
15780,78.8936001062113
15781,80.36161204186322
15782,78.21402270566153
15783,77.78337693889108
15784,75.7460354703
15785,76.24050589438326
15786,77.07457047280491
15787,76.30042839181198
15788,76.89592084898152
15789,73.6654267371556
15790,76.49208947240572
15791,74.10012255666419
15792,74.87662201278499
15793,76.06481263453861
15794,74.99742325066495
15795,76.7859972369829
15796,80.61947825778549
15797,78.21609433011724
15798,76.08490713648496
15799,75.89321027310342
15800,78.10636233213268
15801,78.89430088747105
15802,79.18398244418819
15803,79.30165829798403
15804,79.64819950852166
15805,78.04416692069248
15806,76.65896103686595
15807,77.27058220398686
15808,79.05457294938992
15809,78.87143124294727
15810,79.59133367520633
15811,76.84493641112437
15812,80.77255684345056
15813,80.81118985266335
15814,76.365577224964
15815,76.34327734067273
15816,76.87678759783853
15817,77.94290078339822
15818,71.60109002891949
15819,78.29382062906944
15820,78.84066913263462
15821,77.64611807883819
15822,79.60801147559596
15823,80.10139547838423
15824,77.21251972471663
15825,77.03338597055586
15826,79.07729973489774
15827,78.27132422797484
15828,80.03233184144426
15829,78.97029151541477
15830,75.71058818972756
15831,76.32754920490765
15832,75.2545549583927
15833,76.93697186750211
15834,79.1524769657297
15835,76.36976920312924
15836,76.0966142110172
15837,79.11403777609058
15838,79.97804067655028
15839,75.64668749418439
15840,73.60674886046922
15841,72.85450053873166
15842,71.7707762530689
15843,71.99632321594623
15844,73.82143365616685
15845,78.01028465943119
15846,78.88768565023878
15847,75.35036970551982
15848,77.98833305729153
15849,73.92424269283975
15850,74.29480088449844
15851,80.4034998172699
15852,77.85069051191664
15853,74.61659752614622
15854,76.09535754756627
15855,78.24930104133881
15856,77.94686734415262
15857,78.27310233240235
15858,78.84024524206978
15859,79.10872011204964
15860,71.17202633380987
15861,68.17489391033064
15862,67.50594176644711
15863,73.81416485083867
15864,78.62769720410529
15865,76.84684391491527
15866,74.10993938197294
15867,77.02360656736334
15868,77.42028948907841
15869,76.11861059441986
15870,77.76143057353454
15871,78.38702105586316
15872,80.94169670026639
15873,78.60280635132347
15874,76.91190012979735
15875,76.8837791275837
15876,78.79575080297252
15877,77.39386609493306
15878,76.91472118196555
15879,78.03798904787709
15880,78.14793854498402
15881,80.25916261036559
15882,78.66801530532257
15883,80.86785929338743
15884,77.71698515353557
15885,73.7704375590298
15886,77.92203417146521
15887,76.1516464957424
15888,78.7080503074286
15889,78.28154642105648
15890,71.22370467125955
15891,75.4612370180796
15892,76.9448881304013
15893,74.10198521070794
15894,78.10903717270457
15895,79.61110749980173
15896,76.77493037024004
15897,75.76534663223805
15898,77.68342236067878
15899,77.301271873264
15900,77.4168335265785
15901,82.10788258669953
15902,79.34646322679794
15903,77.52360731554796
15904,77.03482018669285
15905,77.4722391927508
15906,75.46982363635016
15907,76.0609559727153
15908,75.42713094573315
15909,76.4583659381637
15910,78.81277884358184
15911,79.9074069884494
15912,78.04742264081153
15913,72.24943117303269
15914,77.9091507432662
15915,78.80080153598277
15916,80.369208904076
15917,74.152031439229
15918,71.81372776028343
15919,68.04021781876475
15920,76.57138864331915
15921,79.41853869113498
15922,75.59842438247125
15923,74.94688916894847
15924,77.0330321329696
15925,75.96809926122825
15926,72.04953405436044
15927,63.346773440770335
15928,70.24812581812324
15929,74.43411633497794
15930,75.93998542781168
15931,66.64411876148398
15932,79.04072836930987
15933,78.73411743159147
15934,77.5049256215272
15935,78.88491542796112
15936,79.71297245022714
15937,76.14764016028505
15938,72.30853823303619
15939,69.32734970433381
15940,74.44603684769947
15941,72.56003535999548
15942,73.69527492260892
15943,75.3027763783686
15944,69.95097543355837
15945,69.28973874700705
15946,72.17023800364274
15947,74.8551546373011
15948,73.51285005664425
15949,74.57381139153728
15950,72.76503924672443
15951,70.91397345641957
15952,71.8219409162599
15953,70.28156591822574
15954,70.78995588788905
15955,69.64146870698897
15956,70.63350193816984
15957,72.06959126356833
15958,71.87132233241266
15959,74.0794020352925
15960,72.79971256469378
15961,68.1848637732777
15962,71.35063469716772
15963,75.7338793581007
15964,71.33128711594236
15965,71.41909075767052
15966,74.06000892084569
15967,77.96811488520467
15968,75.78866015101818
15969,76.86213463053429
15970,77.26132728978598
15971,78.37838501592887
15972,78.09606587425242
15973,76.36534182514862
15974,78.25783928260995
15975,74.21892483064022
15976,78.42404934814431
15977,74.63540856642351
15978,79.92266771412108
15979,79.71428217437375
15980,81.18269987095533
15981,77.58635024181257
15982,78.4503486017349
15983,78.9448389489445
15984,77.20553589340363
15985,78.22947219728661
15986,75.16151307906915
15987,80.80508115720272
15988,78.79278352946386
15989,80.1454388156111
15990,79.56673274195941
15991,79.20350516393432
15992,79.0015962735306
15993,78.29926608078574
15994,77.99835685819141
15995,80.89142351971094
15996,79.3671576655421
15997,81.7754595337044
15998,78.99170894364596
15999,77.50212224537637
16000,77.59464314329415
16001,78.79633584671751
16002,80.8385273545316
16003,79.01725321606625
16004,80.46313011266471
16005,75.78584884088855
16006,74.25630107300901
16007,77.8613513984323
16008,77.70893911663211
16009,78.24384051923704
16010,75.64347274760195
16011,78.33010381045779
16012,79.32123048615381
16013,79.20971862459072
16014,79.60572320674436
16015,79.92184639906174
16016,79.0651500284963
16017,76.64807340639754
16018,79.15927813450321
16019,78.42983718040762
16020,77.79567300841887
16021,74.73137604665811
16022,78.71328270725303
16023,74.45695085787122
16024,77.32641771386608
16025,78.48090553791604
16026,77.99908052833905
16027,77.40811000063923
16028,78.3152620619739
16029,72.82742098797848
16030,73.87007420006273
16031,79.96298223615378
16032,72.23070517667009
16033,72.59265407816383
16034,76.53278240646603
16035,78.18428902187651
16036,81.08475407934117
16037,79.78469492966792
16038,79.18867931898933
16039,78.44668753849282
16040,78.62153823076517
16041,79.11821222215457
16042,77.67814480388273
16043,78.13430675362883
16044,79.2393986884731
16045,80.78802628503257
16046,76.49699503492741
16047,80.82655020319618
16048,80.98381924465025
16049,78.98141538881623
16050,80.75976181850586
16051,79.60378627285797
16052,80.22843725421086
16053,75.93536224786646
16054,74.92968805513908
16055,77.44502468770759
16056,76.27278241411159
16057,77.5972553761876
16058,78.36128447245136
16059,79.29944380473557
16060,77.22785564348374
16061,79.75357375825553
16062,75.85077741408145
16063,76.99688497269761
16064,74.91487212466234
16065,77.36927235133516
16066,74.79301214380843
16067,79.86784393368822
16068,77.11509689797623
16069,77.23142403090583
16070,76.70852231946355
16071,76.76846426615458
16072,76.84934134845707
16073,77.2075942100742
16074,79.73774637425902
16075,81.05805364605988
16076,77.40792972517448
16077,78.31373355903952
16078,74.12336040438646
16079,76.84293109643482
16080,76.70930766259664
16081,80.71419516173461
16082,79.84318648351342
16083,73.0775750729648
16084,72.81008116117778
16085,79.75684033588635
16086,77.95394247491521
16087,77.38292783850267
16088,82.60025248312047
16089,79.43015881408951
16090,79.66796862598585
16091,79.1748577086779
16092,76.86628452485712
16093,79.54313225763451
16094,79.18522649156495
16095,77.5780646049098
16096,73.79772322185579
16097,69.47935585515796
16098,77.12093593624388
16099,76.54926968834513
16100,79.48430136265239
16101,79.19396827594755
16102,79.96455598487483
16103,81.18247421127728
16104,77.71266332157222
16105,78.84556538974948
16106,76.93579022778772
16107,73.43724716522348
16108,74.9957163447138
16109,76.55417937851604
16110,76.72963220973611
16111,77.6919188121928
16112,79.23248420757142
16113,72.98394059715264
16114,77.46347389564454
16115,78.02996846596267
16116,76.96076747009766
16117,77.30408695240641
16118,77.4441320765361
16119,76.81229187100166
16120,77.51391547790729
16121,78.76659185687424
16122,76.336039593296
16123,79.09962637042162
16124,81.04660519145904
16125,77.46452070128413
16126,80.25911822963212
16127,78.80712972953177
16128,81.43033319496124
16129,77.7396522709808
16130,75.39499752736924
16131,73.42195635407131
16132,73.0799823363269
16133,73.3863577049089
16134,79.78888864527619
16135,77.3976267699162
16136,77.45459529088089
16137,77.29177608897072
16138,75.21535669132885
16139,70.53921795627565
16140,74.53149194475759
16141,78.8581948719949
16142,77.73726390458279
16143,77.85382279968235
16144,78.03478155415678
16145,72.81560595725853
16146,78.35788950180284
16147,77.80362747071422
16148,77.72035835840501
16149,78.70015172569077
16150,80.51729715748513
16151,80.34683606768198
16152,79.49726393276967
16153,77.69267167367849
16154,76.22630427131526
16155,81.34409488339031
16156,79.15965454364516
16157,78.49674334426447
16158,79.70795796749536
16159,76.97176834186286
16160,80.79648589633166
16161,79.67926280015467
16162,80.63104873702844
16163,81.43736327438262
16164,78.25141633953507
16165,79.46585465100725
16166,78.68675529004508
16167,79.72637301533422
16168,79.36255597698141
16169,78.12826349911813
16170,76.43058302564094
16171,75.00256574698136
16172,71.23659837347964
16173,72.10940314644944
16174,77.75496052938468
16175,78.7120551973257
16176,77.19586983991002
16177,79.69051956201895
16178,79.23250691082023
16179,78.3468051157837
16180,75.40144105791768
16181,75.39983302268337
16182,78.62892595166483
16183,75.76702087797099
16184,79.7826913342933
16185,74.6255320020237
16186,77.51390467976859
16187,76.16031351362528
16188,76.21356122122012
16189,78.31395471848663
16190,78.39306056464119
16191,77.84604052710273
16192,76.09381608283348
16193,75.4116878467728
16194,80.49107149125405
16195,77.4441320765361
16196,78.74334977991577
16197,78.30280561029156
16198,74.3778095812811
16199,76.21529776249076
16200,75.46212536246884
16201,77.94065849148467
16202,78.18587354807488
16203,78.30883395735168
16204,79.37638485876573
16205,80.8501918638213
16206,77.10846324925365
16207,76.13544291396016
16208,76.83283189943774
16209,75.12642898281342
16210,74.61077528615493
16211,81.29765646978751
16212,77.6118693404382
16213,77.24901947145867
16214,78.17340776397634
16215,80.11763205965872
16216,76.76242065774915
16217,75.39002757744038
16218,79.22468824977057
16219,78.28852707824996
16220,80.50005963019993
16221,79.35226869596579
16222,77.61479476809262
16223,78.95592648400572
16224,74.79122740738273
16225,71.90095471188886
16226,77.0877248446302
16227,74.67464060151298
16228,81.0216807283499
16229,77.37854948577876
16230,77.58531680310006
16231,78.7669235700613
16232,79.89176946329997
16233,76.90378960794231
16234,75.54951426017305
16235,76.2368563671709
16236,77.93958342355103
16237,76.02064530669867
16238,75.00918122713205
16239,71.41660164525871
16240,77.1560877630788
16241,77.40242281767746
16242,77.87438943329494
16243,78.83120827274627
16244,77.63556135690601
16245,72.30898143265745
16246,74.83397057550815
16247,76.18931036927586
16248,78.06720554709983
16249,80.18414618307582
16250,76.30365896657844
16251,78.56336468682304
16252,80.31517954369087
16253,73.28836278800054
16254,77.15724185961852
16255,75.85965329780652
16256,76.22777829017156
16257,77.55873916917693
16258,76.35158720974874
16259,78.18678154623666
16260,75.1795458193098
16261,74.31971394186257
16262,70.90556089760798
16263,78.84432704339832
16264,69.92990820283097
16265,68.21897114381096
16266,75.81027734549775
16267,72.63555586825953
16268,79.26047379029649
16269,77.77833931547121
16270,79.92679637595887
16271,79.62120818262241
16272,73.94859272836953
16273,78.019663170093
16274,79.27991107943882
16275,78.45878841509125
16276,76.14013570189633
16277,77.59487957430798
16278,79.3447833571874
16279,80.89269014498979
16280,80.06415037652818
16281,78.19291158007991
16282,80.10507736127528
16283,82.45330710799084
16284,72.85854544545134
16285,78.09073328901496
16286,76.85458516776055
16287,76.2753110572105
16288,78.68207959092803
16289,73.80177697121292
16290,78.12784248948805
16291,70.06467446821085
16292,74.18161509057433
16293,81.0747343807542
16294,79.59233617984808
16295,79.3389225368814
16296,76.44308520126583
16297,76.30407475112605
16298,77.33475009454304
16299,77.39013146373611
16300,76.90877594440718
16301,78.68760159587424
16302,77.70837201946438
16303,80.0178970473853
16304,78.14148513723495
16305,78.62453985932456
16306,78.45240517180696
16307,78.04656046829825
16308,78.1871728494753
16309,78.76274728734
16310,77.09968876336154
16311,75.4874325802565
16312,75.29087870393528
16313,71.2358522616484
16314,74.40922176269532
16315,77.8775697238492
16316,78.48606471268675
16317,75.7743827632965
16318,75.53950785309894
16319,72.63098531790894
16320,76.96439255349759
16321,76.09851302727895
16322,74.5074289077761
16323,76.58739802521006
16324,76.27433403078817
16325,78.39506557810137
16326,72.27545620111812
16327,76.26928626599789
16328,73.81673803814977
16329,78.5124906704853
16330,71.83779697194961
16331,69.06191180061808
16332,69.84252424608798
16333,75.48546324591854
16334,74.49861614232753
16335,71.86968968910281
16336,69.62188792246235
16337,68.2903215429597
16338,67.05146768995718
16339,74.11327526053032
16340,71.24376067511236
16341,69.2102344324673
16342,69.2866191324485
16343,69.86369505000744
16344,67.85275143841056
16345,66.47133632683216
16346,67.31739539763919
16347,65.61276279247818
16348,68.45077087372101
16349,71.97081602418933
16350,75.17460061976806
16351,76.46937192470148
16352,78.85798647726176
16353,83.75290327169381
16354,78.11997337259453
16355,76.25240587446882
16356,79.21822579069709
16357,77.49068097168919
16358,81.9208306323215
16359,76.39598498284283
16360,78.82418752889663
16361,79.15892148670497
16362,78.55599176421475
16363,77.27369636172
16364,73.87203013213508
16365,80.35611311701041
16366,78.99509063975478
16367,76.69333458006253
16368,74.75212742096369
16369,77.79481784047329
16370,78.24181378071484
16371,75.95659158703654
16372,78.32811186739167
16373,80.00224853403608
16374,76.32614514410182
16375,70.30254836142541
16376,70.3797025683117
16377,71.18928576546591
16378,77.52834801712157
16379,79.2827791251147
16380,77.0391149968699
16381,78.08452859943395
16382,78.74012498688393
16383,79.07940575974476
16384,77.6857106263929
16385,74.4780178640263
16386,76.77341363620019
16387,73.89070936796162
16388,73.73501937087923
16389,73.1619997016308
16390,75.74447370158538
16391,77.247091326982
16392,78.27734664354102
16393,78.26269315963333
16394,73.47638763457212
16395,71.55613575839766
16396,78.96321300965911
16397,78.0335863586439
16398,81.85080288412433
16399,77.62189261007137
16400,80.44251065300028
16401,78.13735147753482
16402,76.76767465186413
16403,77.2000867348799
16404,77.45544312765645
16405,81.320372502157
16406,80.11999649134867
16407,79.59230341202152
16408,80.46688331880591
16409,77.0651626631298
16410,70.17759307854635
16411,79.21485851302873
16412,79.20360764420337
16413,80.97326567387648
16414,79.04515703640027
16415,78.76381354992952
16416,78.11451391368024
16417,78.61140053018613
16418,79.06710204439946
16419,78.5162181611426
16420,73.7461643965807
16421,66.21782955309152
16422,74.64813465958866
16423,72.85245201150849
16424,72.20840538649321
16425,78.13661302846828
16426,76.46337697831729
16427,79.92829110844639
16428,77.05699445851326
16429,74.82358192679396
16430,76.87844942052635
16431,76.54781525609883
16432,74.82206134752806
16433,77.8666241495909
16434,77.95559988349964
16435,76.40044088534398
16436,65.42456222369321
16437,65.33780679185492
16438,71.25394709266845
16439,75.88830521825219
16440,74.77582763294811
16441,73.23934733404735
16442,73.8352007061726
16443,71.84436443047804
16444,73.68573542880529
16445,76.93360515176101
16446,72.58102946343962
16447,73.36941589208942
16448,75.90533361928368
16449,75.30218639756617
16450,75.69078580456159
16451,75.90229437881328
16452,72.38078962548491
16453,75.63605884010553
16454,76.42506865635778
16455,75.74506593054008
16456,77.02195615823553
16457,73.33707747942526
16458,76.90034649397757
16459,73.85271378962182
16460,75.70577801904966
16461,72.22341123745497
16462,77.22659526244882
16463,79.68202745006846
16464,78.72521703365646
16465,78.9029029854043
16466,78.1850951663194
16467,74.64467552327216
16468,77.49107554325815
16469,76.88070004200279
16470,78.19225241621558
16471,78.42038861637826
16472,81.22797590353707
16473,78.2454236753236
16474,78.75507222755334
16475,78.76461224603526
16476,80.34548003061445
16477,76.62575963854323
16478,79.59835504930595
16479,76.52403068558709
16480,76.91587382469112
16481,76.47172092709349
16482,76.7617316504082
16483,79.23720255097078
16484,77.76306798242365
16485,78.26016608753315
16486,78.75651463472298
16487,79.33038778968302
16488,80.11935424271013
16489,82.58971475244505
16490,80.20896050167107
16491,75.08313989080762
16492,76.74063528341378
16493,78.29579427724752
16494,80.40890681436883
16495,76.48188564441062
16496,76.09771013193756
16497,77.02789842649247
16498,79.0693128827557
16499,79.52937933674411
16500,76.26485287046802
16501,79.31858355000344
16502,79.75693982115257
16503,79.44052714565225
16504,77.97773125969775
16505,78.4398262906792
16506,77.37349680676357
16507,71.62611926107638
16508,75.96936921099945
16509,80.52126378926636
16510,77.66844452586707
16511,79.66362707658521
16512,79.40223099921008
16513,78.14342634440663
16514,79.21901709260828
16515,78.51765192072719
16516,78.9484391784805
16517,79.27723393164206
16518,75.37832163734691
16519,79.85179243698718
16520,80.77778036566389
16521,78.71313304470578
16522,78.88443957657569
16523,75.92525286775367
16524,79.54233678623694
16525,79.19202461381542
16526,76.84426301604316
16527,78.20167486155333
16528,76.97255179342727
16529,78.25384327456305
16530,73.71651525211513
16531,81.0811227934621
16532,76.99435570568244
16533,80.19592937562197
16534,76.95952331587603
16535,79.5298929106907
16536,78.1014634396123
16537,78.32993258362319
16538,79.59041853628088
16539,77.30261323613144
16540,73.94360079033657
16541,76.65256424921824
16542,74.5484406381646
16543,75.03270591097055
16544,74.96541204312012
16545,77.07950196031965
16546,79.76916731485005
16547,76.62943312915405
16548,77.17825210240568
16549,76.25436938615752
16550,80.06263246922538
16551,79.74515381251717
16552,76.78363363892953
16553,78.76055928234217
16554,77.48371430556034
16555,80.0606232498821
16556,75.21137786919581
16557,76.2652268778412
16558,77.79008149300148
16559,72.14887537937062
16560,77.3545793626468
16561,77.09769160828449
16562,75.28460256812946
16563,77.73875336923072
16564,79.26335763483621
16565,77.82950123626915
16566,76.1806374367539
16567,75.87279052840108
16568,77.09009188266299
16569,76.3392353994501
16570,76.59542547224004
16571,78.77291159486668
16572,77.63155694779931
16573,79.47539578801769
16574,79.81025881102005
16575,79.50919818233234
16576,78.0222201104749
16577,77.7596612033143
16578,76.55007206031212
16579,79.26370883612941
16580,76.29515403361978
16581,76.38482127815564
16582,78.34425194395408
16583,79.36439505429007
16584,78.07989347391555
16585,79.00304161013906
16586,77.77043032012415
16587,75.53332636091233
16588,74.78671581304877
16589,76.41545319859569
16590,74.39044333657523
16591,73.19330801714614
16592,77.71567309927718
16593,68.82603687645718
16594,75.74914988710538
16595,80.08162092357526
16596,73.73802815291344
16597,76.25147626099829
16598,77.53308260121668
16599,79.50425569463249
16600,77.1187797110594
16601,73.97365875815166
16602,76.55314328212529
16603,74.05164313578837
16604,73.86702549193842
16605,72.6332956510696
16606,69.94992941762041
16607,71.30547429650295
16608,73.02711147941892
16609,67.81217011013234
16610,72.42306328186385
16611,76.16715958187831
16612,77.20416419571302
16613,74.92638364852684
16614,75.71964909195202
16615,79.26100209234733
16616,78.05228118332047
16617,78.53669001362573
16618,77.70961443585998
16619,77.33999809505502
16620,80.16385933989085
16621,77.24070198529625
16622,78.04714146077839
16623,75.49945105141211
16624,77.35560680030312
16625,76.2630491881111
16626,78.3716389463948
16627,75.32113861721592
16628,77.48837886567293
16629,78.71607925077677
16630,80.20924106319535
16631,79.69148019889474
16632,78.36304989650404
16633,78.50553111886614
16634,74.83044588724005
16635,73.40809423181986
16636,76.21209003270582
16637,77.47096859900535
16638,76.12546304658099
16639,73.36724112183134
16640,76.32795773142675
16641,75.24824416683191
16642,72.65134986629073
16643,76.51303876639486
16644,77.32848512164594
16645,74.25453915923856
16646,79.27161169743738
16647,75.18802522656091
16648,79.81630867654229
16649,80.22276101930868
16650,79.66828164372566
16651,78.43285884429912
16652,74.60213213194862
16653,75.01184428730522
16654,75.78593411413465
16655,76.20239115578511
16656,78.28221792099077
16657,80.82943298880639
16658,77.45415655421397
16659,78.67903156249395
16660,76.72202239937116
16661,77.92594077061455
16662,76.94382456208047
16663,79.5177765010439
16664,77.64027557688667
16665,75.74477068410391
16666,77.65606789561588
16667,75.52460491162174
16668,73.3003468536536
16669,73.28603020323254
16670,76.8148585321448
16671,76.86055160839999
16672,77.99071641443976
16673,79.07227452748509
16674,76.34686544930571
16675,73.9761521581122
16676,77.1783575593538
16677,78.40268841450848
16678,78.37764573212473
16679,79.4571278049902
16680,78.69866843919846
16681,77.44435082274538
16682,75.99113314397471
16683,77.08324014475068
16684,75.65350019213258
16685,74.03814676759663
16686,78.52527141289983
16687,76.14152413679858
16688,78.86474946376478
16689,78.73713270622142
16690,75.94816196877912
16691,75.2318379935221
16692,78.76930355890403
16693,77.28649771972727
16694,77.6035194213485
16695,80.78126399973911
16696,78.01132619709222
16697,78.5502618179753
16698,78.47070076440252
16699,78.93187227027363
16700,77.80362552427442
16701,73.66910866236788
16702,75.67426794501438
16703,75.87064010068434
16704,79.25628086470493
16705,79.2730987156587
16706,76.99178553376527
16707,73.99902379188012
16708,76.92734162639852
16709,80.91116084247864
16710,76.96063424592813
16711,77.76566958185316
16712,75.33596948884701
16713,75.30081710153883
16714,80.05440512882683
16715,75.42939692577977
16716,74.14805761063127
16717,74.33634170873188
16718,76.96862765783243
16719,76.51615604575329
16720,76.65009851280877
16721,79.71524370404751
16722,78.98158328946761
16723,78.74844439812091
16724,74.8986165355289
16725,79.21442978083655
16726,78.03212934809392
16727,76.56807931254087
16728,77.50934442039198
16729,76.56388346283268
16730,76.46100837740141
16731,76.62416008177706
16732,75.79148301101765
16733,74.12171181332388
16734,78.54474900214478
16735,78.63992899859835
16736,74.67793956754264
16737,76.76079093316247
16738,78.09513296351366
16739,75.92844215880075
16740,76.60949078709575
16741,78.73927274913075
16742,70.26509480146109
16743,74.66360572387856
16744,76.60912187577708
16745,76.19265329304847
16746,78.68876925585715
16747,77.18880259581488
16748,77.23455344695327
16749,78.94694493849966
16750,77.07026058851892
16751,78.53176981148772
16752,79.21319969234867
16753,70.86432914404259
16754,77.12997442363258
16755,77.43301988885787
16756,74.61246236993065
16757,77.74457571096372
16758,76.87600317099668
16759,78.10184667786467
16760,77.5785795022012
16761,76.6004652346486
16762,76.79413932027859
16763,75.78815895060421
16764,75.71161666122441
16765,75.61084606215684
16766,76.26936925024023
16767,79.73359863708566
16768,80.2228902079799
16769,79.8338222230268
16770,79.15872593479315
16771,72.65152188449082
16772,70.2568478804742
16773,71.48836224746202
16774,80.39922775836499
16775,79.210309640827
16776,80.53122018666483
16777,78.54418150765628
16778,79.80609759823994
16779,80.51384299763254
16780,78.00263077563619
16781,78.43140376420325
16782,78.82647685094685
16783,77.37261594180495
16784,82.03167456815743
16785,77.03966584806278
16786,80.05143818909136
16787,80.33900897091974
16788,80.59511503101254
16789,79.37481490402524
16790,81.02392460731511
16791,77.46352089139236
16792,80.06725474532453
16793,81.39969358335395
16794,81.43247091715187
16795,78.10069646540518
16796,78.31103937174447
16797,77.44955156573889
16798,79.56624392581108
16799,79.31496683185605
16800,79.25682675547557
16801,80.37240621885684
16802,79.31382665587711
16803,79.64689333877567
16804,72.60421416099751
16805,65.75632870920498
16806,65.83061653166226
16807,74.80189249232626
16808,72.69093513407267
16809,77.39021701003753
16810,70.7022880175897
16811,68.30094553925795
16812,71.78260915074458
16813,74.71495928267967
16814,71.66579646734868
16815,71.86414728503229
16816,72.06451678851818
16817,75.72265568264106
16818,74.33305093782411
16819,73.62850228714166
16820,76.79636449086559
16821,73.47672639546522
16822,71.89657648904756
16823,75.4270963161627
16824,74.87094737607521
16825,76.55205652117638
16826,72.01456262127766
16827,75.46903291801544
16828,75.44596840013332
16829,74.06798491741705
16830,79.58806236149212
16831,80.34704034795459
16832,80.21705804788678
16833,78.42937312901398
16834,74.06726302724547
16835,74.3075287885049
16836,73.15512926288534
16837,71.72155758856769
16838,74.91680044759369
16839,71.64051093177943
16840,76.14121011947265
16841,73.67503747648215
16842,77.32688813390831
16843,76.28668850441755
16844,75.77670904279557
16845,75.32499740737546
16846,74.47945163307907
16847,75.58439046177591
16848,77.97485772995242
16849,81.69957689238322
16850,81.52462084812669
16851,79.38449517860926
16852,78.49060865639694
16853,81.68774081521144
16854,81.29555695100737
16855,81.09096734253768
16856,76.90824143355871
16857,80.39834138207635
16858,79.11021793975465
16859,77.67433726730451
16860,77.5951192289238
16861,78.3160961105998
16862,81.52591288159152
16863,78.40745586748756
16864,77.72173083771264
16865,77.4549116868576
16866,76.2906549027075
16867,77.47869767856463
16868,76.56856407051384
16869,73.29230300669838
16870,78.02976969167287
16871,76.60305862125637
16872,78.13055309842605
16873,74.6662227644448
16874,66.66234333447983
16875,72.76684522347608
16876,78.53445404750533
16877,76.79511741954917
16878,75.02018523163684
16879,77.03343620629124
16880,78.22947219728673
16881,78.94732564454432
16882,75.22779618041102
16883,79.28495207992933
16884,78.96241183287668
16885,78.43382093222425
16886,77.44425645839601
16887,77.1289891363918
16888,73.47167721531201
16889,73.06985192255172
16890,77.73262477458854
16891,76.52703163244752
16892,76.91697816269442
16893,77.50658243979996
16894,72.18256376104802
16895,76.3276789623024
16896,76.922433588709
16897,77.28151383797433
16898,75.44455651742004
16899,78.78302425705107
16900,78.35404095970927
16901,75.21228964882636
16902,76.30408719165052
16903,79.4811641087312
16904,72.98197651683415
16905,78.99218906635753
16906,74.6769239669394
16907,77.78418269423713
16908,78.150341673865
16909,80.5553142979295
16910,77.66367169201897
16911,77.07426161180314
16912,78.7320958849761
16913,74.92483183328108
16914,78.1354528817638
16915,78.00040783231913
16916,78.59273767160391
16917,74.39707716579181
16918,78.76844792684852
16919,79.14890258702695
16920,75.15695205399345
16921,77.07003295855287
16922,74.13127295917815
16923,71.23690470582955
16924,71.73992239637784
16925,74.676629326495
16926,78.84892451118537
16927,67.75319855299341
16928,69.63703772753576
16929,77.09484420460484
16930,76.47995099822498
16931,73.26789277272132
16932,76.69007066267756
16933,78.43966894666119
16934,76.23922343195807
16935,78.72808746094466
16936,78.27583105639104
16937,78.29186386978967
16938,78.25824759286633
16939,74.91832469429102
16940,76.91966367253639
16941,78.75305865639592
16942,78.03797377840527
16943,78.38265969524446
16944,79.09768215624791
16945,77.64308865986186
16946,75.43646911807406
16947,75.48054570504308
16948,71.76274689921348
16949,76.38061300309704
16950,79.88262502780196
16951,77.02070406366681
16952,78.4822476346622
16953,75.0480585793581
16954,76.92086360756491
16955,77.51685206765245
16956,77.74779100021635
16957,81.30417809314781
16958,81.49702658619077
16959,78.90448962568547
16960,75.98258731355645
16961,76.82670824518391
16962,79.47234040690483
16963,78.63915397444703
16964,79.59648885500275
16965,76.00382962689827
16966,75.97349629071067
16967,77.27483457928582
16968,77.45775536754508
16969,78.37397641223157
16970,77.13933256915851
16971,75.08452561585324
16972,77.14085149756681
16973,76.65865188936402
16974,77.28034680403584
16975,77.27106159300439
16976,80.05455973913769
16977,79.39141385186588
16978,79.28920067922735
16979,81.80727228493413
16980,77.44604640505662
16981,78.46769730473369
16982,76.2866885044171
16983,77.73199105498088
16984,77.90356211059895
16985,75.16047056853466
16986,79.16168465065937
16987,78.67695322255724
16988,78.71799413071204
16989,74.79271570357889
16990,75.12463068988433
16991,79.63225619700142
16992,78.60981624639123
16993,76.46679151308035
16994,77.64369448728104
16995,81.36098992620924
16996,80.5234619290465
16997,79.2245047285819
16998,77.1983113026414
16999,78.15324236398976
17000,75.94659827225547
17001,80.24240721738568
17002,79.8454968696405
17003,76.03883621961239
17004,81.55029732119658
17005,78.30999821863116
17006,73.54078874432315
17007,75.85584384445974
17008,79.31092496802
17009,73.8995896852067
17010,75.67979378987616
17011,77.86101528421744
17012,77.02684821642555
17013,76.74227566144845
17014,77.22785564348385
17015,77.60685785827036
17016,75.250952340386
17017,72.87985635640257
17018,75.60506568139994
17019,78.33444922508437
17020,81.61220105448137
17021,78.85535981333095
17022,78.18519569759485
17023,73.63168590750479
17024,72.48119474687275
17025,74.8462840964342
17026,73.03146554622526
17027,77.2085409714731
17028,74.73754799657365
17029,79.57882872377354
17030,75.84313896938596
17031,78.24808598612032
17032,78.51948391276193
17033,79.77089769995786
17034,78.2745111108643
17035,78.94797336734433
17036,76.40160980267376
17037,75.01360449610092
17038,79.01453247184367
17039,77.68158141238388
17040,78.05425162750748
17041,79.68619236957954
17042,77.30570916463193
17043,79.84051626763573
17044,76.08203771397473
17045,80.25918054060867
17046,76.50523913292028
17047,78.53807688960057
17048,79.49554633305928
17049,76.99388736323266
17050,79.55218022271214
17051,67.86705090732215
17052,75.97357708317634
17053,75.24349248812439
17054,78.90523227707621
17055,76.52335577040321
17056,79.21163238861993
17057,73.22308971764295
17058,74.84771061670693
17059,74.78162016024635
17060,74.90186301103569
17061,74.9234293865556
17062,76.023203154567
17063,74.59040578889801
17064,72.76803733236642
17065,69.65868097322607
17066,74.72719669385378
17067,76.70278098665602
17068,68.16938156352603
17069,67.15564216093958
17070,74.24913309757807
17071,77.71017411487634
17072,79.12011244997933
17073,76.35231846281874
17074,77.41073513504466
17075,78.18361441273589
17076,76.83493076160528
17077,77.85117783999135
17078,76.8152781837897
17079,75.74307844487117
17080,78.85686495486306
17081,76.44896504104344
17082,77.95197465725164
17083,75.99523335981524
17084,75.83597219400286
17085,75.93922924253206
17086,79.0816368224128
17087,75.4393673735787
17088,79.96107838557515
17089,76.3596007096026
17090,74.62653866213924
17091,75.91319873110547
17092,68.48733382620111
17093,80.16074728365965
17094,71.1609509383178
17095,73.92730182611155
17096,76.8370143573531
17097,75.76745973416553
17098,76.82262910765246
17099,76.33047685298106
17100,74.6838732225587
17101,77.83076858299802
17102,75.34573542782442
17103,75.11535865183993
17104,76.68172749336969
17105,77.56500228699554
17106,77.71112922264695
17107,77.6363335321384
17108,77.01432750010707
17109,78.82193603161187
17110,77.03512048402757
17111,78.34238623727481
17112,75.30299437183913
17113,73.8589924451012
17114,74.12879342750477
17115,77.50964039970847
17116,74.96280918008893
17117,78.45027044239077
17118,77.11410314722798
17119,79.68896905484621
17120,76.15177519379728
17121,78.54872433445621
17122,78.04352132394763
17123,78.55757194373268
17124,76.82396449705021
17125,77.62375572378755
17126,75.82272274395541
17127,78.09884633773441
17128,79.41346447705808
17129,78.69485554756443
17130,78.25520664111434
17131,75.75565426195197
17132,76.70645668368769
17133,78.87286168436117
17134,75.33902198633831
17135,72.69083383685131
17136,75.71303260252955
17137,77.29276753140397
17138,76.86201066894705
17139,78.28796878825244
17140,78.95243132964987
17141,79.14500743597722
17142,77.63215934419509
17143,79.95246518034514
17144,74.78751270418843
17145,73.25905989057486
17146,73.45959213644034
17147,73.83749771000487
17148,75.4549354609016
17149,75.28321942052526
17150,75.3123555436872
17151,76.3824673536825
17152,74.7073616649543
17153,77.7391515189259
17154,75.29455183804527
17155,77.82665970281857
17156,79.46831737432552
17157,75.0165268103035
17158,73.8650388088555
17159,77.4073816651752
17160,75.30648830370876
17161,74.23220802452721
17162,75.90073408422836
17163,76.29982919140247
17164,75.50170137715128
17165,78.30589251720545
17166,78.05619957680995
17167,76.65406624045028
17168,75.65928603936482
17169,71.88893185902549
17170,75.63672656701868
17171,74.4634650414659
17172,77.13128578070956
17173,78.51928562096356
17174,77.097297392786
17175,76.76956811701189
17176,78.18095524983534
17177,74.31982306436049
17178,76.97445669139654
17179,76.7504332588939
17180,78.25400246406252
17181,76.79591306378802
17182,76.15712198863088
17183,76.66945260204676
17184,78.21997543853195
17185,75.88400062828896
17186,77.33638012771632
17187,75.99459858361143
17188,75.48571473623684
17189,77.1981912125562
17190,70.16938870648596
17191,75.15496150857888
17192,73.85975263455367
17193,74.25503083879886
17194,73.27016372084563
17195,76.81693982496944
17196,73.69871670133017
17197,75.87943692494241
17198,74.99316277088332
17199,78.08986553015188
17200,77.2751755794963
17201,75.89977154879222
17202,76.14595571018316
17203,78.57391955647802
17204,76.80191308680998
17205,78.56551742709627
17206,75.79958247678951
17207,75.73611292981496
17208,76.91903174867065
17209,76.16668993761391
17210,78.35521293325132
17211,76.7232866849115
17212,77.31411778136669
17213,72.64045365578323
17214,75.03583268051818
17215,74.42745070716279
17216,75.46692735483145
17217,77.63351797308627
17218,76.82520000069587
17219,76.41772700270582
17220,75.94252648880865
17221,76.5151832081578
17222,76.52551241448191
17223,77.35832381146076
17224,75.64094058161055
17225,78.45900487017565
17226,76.22300401164011
17227,77.50333601219455
17228,77.70727085354105
17229,77.9622499827766
17230,77.7390069642343
17231,75.56947371715125
17232,75.16632260210412
17233,76.12810612537885
17234,79.5052532563634
17235,75.35537034350227
17236,76.41257477587789
17237,75.52701593994374
17238,73.37157679577007
17239,74.92903083348529
17240,75.9384526440922
17241,76.75511671652464
17242,74.39372204689647
17243,74.22795081476579
17244,77.67566618871109
17245,77.25712845060252
17246,78.36181394167926
17247,78.22256858670517
17248,78.11510105313272
17249,74.9895554564157
17250,77.12136204768234
17251,74.79511173787233
17252,75.13324410036029
17253,75.48701830882891
17254,80.23123012189586
17255,76.47918547244325
17256,77.92049412201999
17257,76.18238568586116
17258,74.66716808183895
17259,76.5764239725878
17260,77.19120372278644
17261,79.14374477815687
17262,77.68029375557143
17263,77.12375845936299
17264,77.28964946155162
17265,74.36792165150416
17266,79.2790338998064
17267,74.13729631223549
17268,73.47043103961477
17269,77.08240320518473
17270,73.1477595072597
17271,74.57556314639538
17272,76.39063443241639
17273,76.66111843283545
17274,76.6327020097109
17275,75.2773000012528
17276,76.27260647599763
17277,75.03260284133694
17278,65.21467514034049
17279,68.95109762022639
17280,72.79542251620671
17281,73.88338684168087
17282,74.37229479067486
17283,76.72669114215694
17284,74.7241960111192
17285,75.41712823275873
17286,75.05597169679783
17287,77.34312330181172
17288,76.46166767583742
17289,78.38668187746958
17290,76.25805267198211
17291,75.10298145630458
17292,78.70949860380779
17293,76.1932286209555
17294,74.7446740439342
17295,76.23319291346962
17296,77.486655648404
17297,80.11119614404271
17298,78.54472176523149
17299,78.25188339402064
17300,77.12687325109147
17301,77.24683469579844
17302,77.69603885883498
17303,78.21645660972621
17304,77.48507271467969
17305,75.71702103496585
17306,74.28942064784974
17307,76.64467765124749
17308,79.45770237215203
17309,77.58195240124735
17310,78.4993398884144
17311,74.90466906736913
17312,77.9756888512066
17313,74.87947330565913
17314,77.1975753847887
17315,77.37439624861997
17316,77.24009146793071
17317,76.85316605013861
17318,74.88102608636609
17319,76.68756508334229
17320,75.11258817210097
17321,78.05580445609786
17322,75.94466310273111
17323,76.01755402893724
17324,75.69673992786426
17325,73.03068852658691
17326,74.62104258573049
17327,75.47192726956638
17328,74.29288584185218
17329,76.86870251803873
17330,76.37760875145443
17331,79.2665675137253
17332,75.56026482679778
17333,74.7314664441272
17334,70.92152897715192
17335,75.15581667654101
17336,69.03993159454598
17337,79.28339323036732
17338,76.337829236461
17339,75.39512598208188
17340,76.27246226368914
17341,77.24598444798937
17342,76.87890128519143
17343,76.99824525914721
17344,77.06082405577831
17345,77.75300546337587
17346,76.58006680201078
17347,78.51280875710819
17348,75.43312704980525
17349,73.76349527884076
17350,67.47464616982433
17351,71.5078527822418
17352,77.40570887970193
17353,76.27124707088586
17354,77.54033010404487
17355,78.05063911006664
17356,78.34652622341622
17357,75.06436532684097
17358,74.94254134147297
17359,74.92536955785806
17360,77.38987170707532
17361,75.18308988594413
17362,78.05866103248195
17363,77.04863934534058
17364,76.45877642656427
17365,75.3772907696113
17366,77.92522470739715
17367,77.47122720128885
17368,75.87630245348436
17369,77.01826848818439
17370,75.23331879185417
17371,73.25996792608106
17372,78.00787327446318
17373,75.26483095591874
17374,75.28328994256947
17375,75.8657597425456
17376,79.29282482610967
17377,76.81176748290528
17378,79.15378292097142
17379,77.2220310051016
17380,74.39023911546576
17381,75.37373543771054
17382,74.53208917217813
17383,75.01901939979803
17384,76.78677925983715
17385,75.36991829487255
17386,74.49994001379793
17387,76.59593075916848
17388,71.43069474488061
17389,76.5862371898964
17390,80.170124751213
17391,78.85072906831874
17392,77.37603029539224
17393,76.50792171974734
17394,75.78054255352362
17395,79.08855320941973
17396,78.64817504838078
17397,77.45985770864621
17398,77.3499396146234
17399,77.58652351199919
17400,79.4960517488916
17401,79.28643425343284
17402,80.38158697189857
17403,79.65236607326682
17404,81.30164410466926
17405,79.0987033220569
17406,77.10750602149056
17407,77.34626023210654
17408,79.21984897063868
17409,80.48048578087906
17410,75.182760899926
17411,80.69207127332919
17412,77.38435088566143
17413,78.91102214535005
17414,78.46634287260196
17415,77.95666070097633
17416,81.1519700920615
17417,78.54868094587624
17418,81.04120701229556
17419,78.63846323540866
17420,78.04053309421624
17421,76.52116181198073
17422,76.56191381054191
17423,76.63632493454816
17424,79.31886665743417
17425,77.80583341456003
17426,76.82133747597038
17427,75.38685320372423
17428,77.14779089947763
17429,76.99948062467257
17430,75.21215622523891
17431,76.17149672074322
17432,76.21498773317825
17433,76.84008029956857
17434,76.97425346018628
17435,75.88683615160267
17436,79.37558013679057
17437,78.80402253138124
17438,75.55499773577225
17439,80.48396519916525
17440,78.34934852243492
17441,77.89757096565364
17442,75.62339708234538
17443,76.68880110231055
17444,78.63270429169927
17445,79.44789888201763
17446,78.66377164392509
17447,78.69822713797396
17448,80.5113893479699
17449,77.49328808047193
17450,78.38436529257046
17451,77.05962738210587
17452,73.33620072743747
17453,79.68833303369354
17454,78.0452009198728
17455,75.8832270505211
17456,77.34888968503691
17457,79.53163059110773
17458,77.01642304461637
17459,77.41163244097021
17460,78.6577177908407
17461,75.05641765849441
17462,74.53587500514476
17463,72.03263197576547
17464,74.4864554006225
17465,78.9507919671027
17466,77.72601391400491
17467,77.72373844190935
17468,76.84877300713885
17469,78.54995648411739
17470,68.5967978255087
17471,75.25051998161678
17472,77.43133487094542
17473,79.31345520422269
17474,78.71224818964441
17475,77.30699020752604
17476,78.60656420299466
17477,79.60421606983255
17478,76.43021148753434
17479,77.8791890493194
17480,81.2595534861855
17481,77.910682975084
17482,76.91225023452205
17483,78.31034346855967
17484,80.67498421833824
17485,72.36128484772212
17486,78.89284017601511
17487,80.76201544318576
17488,78.40841760934865
17489,77.00684320013096
17490,76.6580802099906
17491,79.40645221860945
17492,80.33119530803589
17493,77.20361621372314
17494,80.36196005618115
17495,77.57716564217833
17496,77.37903249994588
17497,69.21396444958623
17498,69.51997708668443
17499,73.88917802277359
17500,73.6007868628987
17501,79.14195587829926
17502,77.04864236077066
17503,78.26114929204238
17504,79.99011515701983
17505,77.84440195041799
17506,79.16258936437197
17507,75.8002222705208
17508,77.54426071239646
17509,80.79395484947247
17510,79.55018696605737
17511,79.01371796903754
17512,77.38257282664995
17513,79.38972717289352
17514,77.72173531297199
17515,78.18646143514064
17516,79.33283821683523
17517,78.53722099085763
17518,79.33257483300679
17519,80.90927497647203
17520,80.05853548058803
17521,75.87690047340624
17522,77.97752391430106
17523,75.24982948802403
17524,76.58593718296675
17525,79.02105429402116
17526,78.29599194733936
17527,80.783223316104
17528,80.2896837358764
17529,80.8136392054671
17530,80.10298437239703
17531,76.8445771425238
17532,78.71422634954592
17533,77.48358127948813
17534,76.22992445597578
17535,79.16709249171595
17536,78.37251751708578
17537,76.82396467419812
17538,77.21004803498954
17539,73.7514146520167
17540,76.90154037479971
17541,79.09438583851926
17542,79.26762840733215
17543,77.24890383935667
17544,80.0885963184432
17545,78.04551132885149
17546,77.17744191543039
17547,76.10121255470528
17548,80.48077174404477
17549,78.85024485377335
17550,78.45804138573624
17551,76.6126408110182
17552,79.11410813869458
17553,78.55210964022535
17554,80.01630157216289
17555,78.46717661597705
17556,73.73968440354406
17557,78.39134915081706
17558,77.12322599566272
17559,76.83701676073491
17560,79.05103348187816
17561,77.12469856651018
17562,73.05635885262473
17563,75.27333247990896
17564,77.59131846439777
17565,76.50105213196883
17566,77.78658388493733
17567,76.46610070890381
17568,76.73639429184851
17569,75.7762124356907
17570,78.9012095741619
17571,79.26868681250261
17572,77.08129348852333
17573,77.83232511632872
17574,75.92414605756852
17575,78.07703817481013
17576,76.65285957548429
17577,76.96905564309242
17578,76.40739588362169
17579,74.9240603536391
17580,76.74727261757499
17581,76.61739813168634
17582,79.70098276813559
17583,81.59687508856251
17584,79.1931644336504
17585,78.62434240623003
17586,76.05583456344993
17587,74.40416612609073
17588,78.75139107554128
17589,79.12983468088936
17590,77.4610182270211
17591,80.56445375993985
17592,77.9066186824511
17593,72.81298485260533
17594,77.56739708975402
17595,75.81085222397388
17596,73.83286792890448
17597,75.45943002376157
17598,75.23908616872001
17599,79.14442738978113
17600,78.67111815364365
17601,79.50805489114896
17602,80.35934441963025
17603,77.10062166296944
17604,78.01156563681036
17605,77.81466706616965
17606,80.16199135816345
17607,77.13080964359307
17608,78.14270292748864
17609,80.54112220836623
17610,80.71187886158162
17611,82.7371766315008
17612,77.94340539503304
17613,81.16626449168018
17614,76.40683825691463
17615,74.11959265310549
17616,78.31311833398962
17617,76.8016811509753
17618,79.31315975197049
17619,77.95449995703302
17620,81.8443278858166
17621,80.77470753842039
17622,78.48016463558065
17623,80.85179468417232
17624,77.36076025399097
17625,79.3030413017209
17626,78.23951836742475
17627,78.4422560120799
17628,74.99197841902372
17629,78.30188521583773
17630,74.82989976948375
17631,76.38367033916569
17632,70.42979245890314
17633,78.14114477653578
17634,77.7957511575841
17635,77.18500861329886
17636,79.1375780580791
17637,76.28575131526367
17638,76.88447967968096
17639,76.8124949429428
17640,75.09994748318707
17641,80.82006493612647
17642,77.22142043602668
17643,78.60469796173419
17644,77.40531256670835
17645,76.46422915384176
17646,76.62454225045013
17647,77.22682642024552
17648,80.0094113605686
17649,76.50927957571514
17650,77.80802256242828
17651,79.40819013408145
17652,79.00721611158116
17653,76.59477069379227
17654,76.1472311066301
17655,73.5298490593334
17656,75.4905419429063
17657,76.92806098804868
17658,81.01757999093877
17659,78.23019904339998
17660,74.27694596067238
17661,75.37111192879644
17662,76.7800820700615
17663,71.97095634254327
17664,70.75338703227555
17665,76.48690239479254
17666,77.00677127803516
17667,76.57015313549749
17668,79.7104571328623
17669,76.71479103291324
17670,77.78599956926297
17671,80.65507662164208
17672,77.00191199660708
17673,79.93908584777722
17674,80.8860287982385
17675,79.30508238599134
17676,78.8060250022292
17677,78.76840786771976
17678,80.2452097151816
17679,78.16701069601515
17680,78.902232576151
17681,79.39604059714748
17682,79.22994546121072
17683,75.38052627526616
17684,69.62485223039914
17685,76.6849326075955
17686,75.39064752767183
17687,75.42856246552094
17688,79.53402109037143
17689,79.91291963858913
17690,78.62834647221837
17691,79.5858865197892
17692,81.80533922843819
17693,78.54516456260916
17694,80.04350672243658
17695,79.59771785975397
17696,79.7336915345171
17697,77.9918974446511
17698,78.63523046687953
17699,80.85110175790345
17700,69.30637800925695
17701,71.32351696491344
17702,75.89571898164951
17703,75.71753803574933
17704,76.73412000122141
17705,78.51796181044739
17706,81.3065483708657
17707,77.72118804792149
17708,81.28593752895017
17709,78.98834119227791
17710,77.4811981248858
17711,78.56366359969059
17712,77.62848882714019
17713,77.37109557498013
17714,80.39870505677942
17715,78.4502704423906
17716,77.3181445894815
17717,75.50020241869703
17718,75.34294442353524
17719,75.64344814174802
17720,74.72847590577305
17721,77.7612282808779
17722,80.30646272606327
17723,80.16419364873275
17724,79.95581412719218
17725,75.48696509063763
17726,80.08017993036094
17727,80.99233072771551
17728,76.69268292118204
17729,76.35109480377093
17730,77.69859877340593
17731,78.50047661520745
17732,75.22180838139423
17733,71.39297585509564
17734,79.42723109655554
17735,77.5394267322826
17736,78.26708305569502
17737,79.40754936973747
17738,77.0929031882074
17739,78.31881907029174
17740,77.67511726720329
17741,77.45297943570989
17742,79.86557380661225
17743,78.27204443119547
17744,77.30038275473862
17745,80.08130664950579
17746,78.41252694505505
17747,80.24525752393009
17748,77.94844932931807
17749,79.55852945733818
17750,78.75113204181628
17751,79.57635075359474
17752,77.78995921936104
17753,75.84181806171108
17754,78.94443800496197
17755,73.97631150515019
17756,75.99064559234864
17757,77.95865440100249
17758,78.14116303867047
17759,76.38298435805268
17760,80.95460213104036
17761,77.87157136853938
17762,77.76526359932166
17763,74.93652084158265
17764,69.8282430012772
17765,69.98729311331306
17766,74.96121268877471
17767,79.46733035528433
17768,76.1559360288594
17769,78.17915940020356
17770,78.88224254642222
17771,81.62068182985917
17772,78.13696780751394
17773,79.72437247400745
17774,77.5609542734008
17775,80.02234812101557
17776,77.90360568335518
17777,76.79360839571746
17778,76.70201813164033
17779,78.02505039007946
17780,79.43041936877904
17781,78.8288573343263
17782,80.01399551873226
17783,82.32976069992748
17784,83.9163132268522
17785,77.37336393837666
17786,77.63456158078242
17787,76.37252748845816
17788,76.64381369406232
17789,76.5597287344915
17790,77.61929378207873
17791,71.49578834031132
17792,75.13327261787464
17793,76.2384809841563
17794,79.77802897309493
17795,78.69415391358706
17796,79.12169640735726
17797,79.3378057213705
17798,81.07269665601706
17799,80.99456338220648
17800,79.32382491061571
17801,79.30163259105916
17802,77.9684221495707
17803,78.72443584245536
17804,75.51560169332498
17805,79.43711141016593
17806,77.54344649639262
17807,80.90144819485823
17808,78.07531042202083
17809,78.27556637969263
17810,69.83683000641184
17811,79.88878600751485
17812,79.61670167619002
17813,77.987079345094
17814,79.15696281652794
17815,75.49065183597583
17816,77.99979773752705
17817,80.45503216877268
17818,76.34327734067278
17819,75.11100806241865
17820,73.91021357736179
17821,73.61956603273677
17822,76.16463553925485
17823,75.78486744143373
17824,75.94581481407198
17825,76.09592815061592
17826,79.77184618839493
17827,77.39582622817011
17828,76.3071077891953
17829,75.8013491053594
17830,76.25523523062054
17831,78.21157629147001
17832,77.02370690226246
17833,74.99164431261522
17834,77.13509269302062
17835,79.23883352049006
17836,81.42442244707433
17837,78.12977156806744
17838,76.47922753400996
17839,79.63223400489107
17840,79.26300618407384
17841,75.97834723609992
17842,78.16082672028625
17843,79.72323344212964
17844,75.11167672071537
17845,77.25438311831192
17846,77.31449111156672
17847,75.63767957943998
17848,77.08310998896599
17849,78.48694021624459
17850,76.50327113592061
17851,78.18930129172196
17852,79.62835833089781
17853,76.14174382767396
17854,79.35113365461461
17855,79.95714348130019
17856,80.13591869014454
17857,80.18944443014544
17858,77.2135427285495
17859,79.7802199914276
17860,76.8625191388337
17861,77.83467210888813
17862,77.31563101742478
17863,78.78033185629579
17864,76.83551847855352
17865,77.38974399506964
17866,79.452264813895
17867,76.90396453176407
17868,75.08099497974803
17869,74.31288930197718
17870,82.50043298285868
17871,76.28974224320439
17872,79.7777336511009
17873,75.21147154707086
17874,77.73620387825287
17875,75.071583031572
17876,73.44799294249015
17877,76.47383805864314
17878,78.60235127556734
17879,76.79368817451814
17880,78.61466364419658
17881,81.19371601973069
17882,78.22352970814416
17883,79.87049059860055
17884,79.57013745893937
17885,79.18320385998214
17886,74.57133714237267
17887,75.22395296628241
17888,78.01189476350669
17889,72.23305135947459
17890,80.22310307890865
17891,78.33526723825321
17892,77.9678941421775
17893,78.0917807266598
17894,76.21466748187885
17895,76.28958933982636
17896,78.26173962361781
17897,77.87610684762899
17898,76.77592802486521
17899,74.18955695048714
17900,76.62011220783927
17901,74.30452923637404
17902,77.78061442212652
17903,79.40012219887154
17904,76.12220276711406
17905,75.13054929622115
17906,72.89674517254076
17907,79.30557116059265
17908,75.41986247372995
17909,66.81657524976686
17910,71.47720708304917
17911,65.69536567492491
17912,68.31105241919045
17913,70.73396336299061
17914,67.77047321789229
17915,68.97465404690058
17916,65.9677613902266
17917,67.96190516254995
17918,74.84429166910695
17919,78.64183911120381
17920,79.12883166419266
17921,75.9791810684626
17922,67.08937195887876
17923,67.91592167745745
17924,66.80284329315731
17925,74.47145914672348
17926,78.42647073141376
17927,79.4554219019314
17928,80.14497915744062
17929,75.97649415888537
17930,76.74397695830294
17931,77.44369053404506
17932,77.93184677132825
17933,79.89369687504433
17934,81.81690794318541
17935,73.5782393885923
17936,75.82910541807968
17937,78.78756025524774
17938,78.69673267230894
17939,81.28263686688706
17940,78.55468373274539
17941,79.65451792538619
17942,81.60689348214095
17943,78.87905701991059
17944,81.37460879879364
17945,78.97413725144071
17946,78.53130847412422
17947,78.12322641008973
17948,79.74084913694549
17949,75.88682150992764
17950,80.43214621563362
17951,79.05393105305473
17952,79.76831671960855
17953,78.70138990633188
17954,77.55333011071434
17955,79.23087350124331
17956,78.86897409918521
17957,77.97997293562452
17958,77.88567339120607
17959,80.53000093218833
17960,77.67958385519671
17961,76.52112135344476
17962,76.3764508066044
17963,73.66424833991965
17964,75.2261082323979
17965,79.55455344069259
17966,81.0132742113172
17967,79.71933084110407
17968,75.53731241442478
17969,79.4955463330594
17970,81.53494718805018
17971,78.00118917988243
17972,79.23484730713784
17973,80.91985473895545
17974,79.98464168251326
17975,80.32617461115922
17976,79.00281978649656
17977,79.05593882589483
17978,78.18462093740845
17979,82.126996214075
17980,78.57476092113058
17981,80.8655705525174
17982,75.95721619597913
17983,77.7925733396039
17984,79.82098775958565
17985,78.98308745349789
17986,81.17067740495406
17987,74.14163412545014
17988,76.74518748695482
17989,67.86044133092935
17990,69.3219763121304
17991,79.09756868499147
17992,78.60828309625316
17993,76.13546020024029
17994,78.39103972966853
17995,79.38540917558146
17996,76.55521146209469
17997,80.08299582322263
17998,79.08271797870805
17999,71.87438105299009
18000,75.17839843122687
18001,79.35676933664291
18002,78.45021502687433
18003,77.48381240935316
18004,77.77402490898197
18005,73.17574856535839
18006,75.91672931372045
18007,76.66700665192536
18008,79.96429932696117
18009,78.34906543021424
18010,77.51164648365364
18011,79.30386252834603
18012,80.49009598644756
18013,78.47630423748365
18014,77.6162829246104
18015,78.51832261047207
18016,77.75462152950405
18017,79.64193030236453
18018,77.73929541087347
18019,78.32681309822533
18020,79.91505796466515
18021,77.09118438032601
18022,72.55418724020075
18023,82.41176244860168
18024,77.41340364410149
18025,75.3480980824088
18026,76.76501799317322
18027,76.16062921709891
18028,76.39176910694368
18029,74.42533488985714
18030,80.4212115467788
18031,78.66627464080716
18032,78.89127835379304
18033,77.67280076034251
18034,80.49766437153272
18035,77.99602696378736
18036,80.76149064218623
18037,81.17813621340628
18038,79.6719625809198
18039,82.08005607028986
18040,81.20370638692441
18041,78.77507368458242
18042,81.29098110736493
18043,81.06584742844217
18044,78.52797855775543
18045,79.0438613343901
18046,73.50838757419672
18047,74.124668553898
18048,79.19486957840519
18049,77.58439420133948
18050,72.74672402640988
18051,79.48360007803205
18052,76.80539642034182
18053,76.0093153610693
18054,81.81754687093303
18055,77.70825902737573
18056,81.03544450734108
18057,80.83440245982922
18058,78.84632814713416
18059,76.14289253238309
18060,77.16968112871103
18061,76.46338184843438
18062,76.97906087519021
18063,78.24967277214205
18064,75.81223989585328
18065,75.7265776214087
18066,80.561767274604
18067,80.8040379356525
18068,77.26918764648627
18069,76.38225047083779
18070,77.6980048777342
18071,75.97869473488566
18072,77.3885053026417
18073,77.9854721343662
18074,79.71648857218025
18075,79.0409246361217
18076,77.73199105498082
18077,78.91328169373094
18078,80.36003138167325
18079,79.70902385897324
18080,81.45160587008962
18081,78.57869032503561
18082,82.65192610347907
18083,80.58521889731276
18084,81.9365839700493
18085,81.58080356843072
18086,82.0154288525685
18087,81.29174987731113
18088,80.30310396556865
18089,78.56938197244614
18090,80.65042417038308
18091,79.61100414687553
18092,79.91445693333333
18093,77.85419382403484
18094,79.48063435370852
18095,79.25164059353597
18096,69.80026326113205
18097,84.29447776267551
18098,80.66149308542117
18099,84.07652565930027
18100,84.66593779367645
18101,81.789558987313
18102,80.42355904489551
18103,81.89829989379535
18104,79.35145027442798
18105,79.07272497364261
18106,81.48450514516884
18107,80.86156438538586
18108,82.16246857732955
18109,81.28997932177839
18110,82.96372076106758
18111,79.99550164083377
18112,82.01247751680751
18113,83.97325979819561
18114,81.5831486786451
18115,75.97158284422386
18116,69.72212824799908
18117,67.6839974090762
18118,66.7804917763313
18119,70.69065869364687
18120,70.18593205354352
18121,69.34316848828104
18122,68.90525824412447
18123,69.9167426761494
18124,74.32978149213318
18125,71.74830476076323
18126,71.81812970157989
18127,73.63565318885344
18128,74.40033048622917
18129,76.54693921127978
18130,80.54317676932857
18131,78.84205023065641
18132,77.82025538374722
18133,79.09440905027878
18134,75.72886816187946
18135,77.54557925312957
18136,78.68405548667829
18137,77.98489151857046
18138,79.72613892867861
18139,80.13689631237969
18140,82.28708106384192
18141,78.48712446063445
18142,78.74764754660202
18143,78.57267400335871
18144,77.28094806963111
18145,80.43446209711487
18146,80.44311947607201
18147,80.99095248417132
18148,80.85590586882682
18149,79.05100703367134
18150,80.99606812972968
18151,81.14943495098294
18152,79.71584590747517
18153,80.3825567718041
18154,77.18595538390969
18155,71.39675020852081
18156,74.771419588019
18157,69.52379970402751
18158,69.73164621215619
18159,69.83802234846974
18160,71.61814373951569
18161,68.32056371977444
18162,67.89396796250293
18163,71.31597872409083
18164,67.97398494277621
18165,69.41624105890651
18166,69.51873844530502
18167,69.73443552959543
18168,68.37030122436636
18169,69.87788594353765
18170,69.61325452234416
18171,66.74300485541528
18172,69.62428982014808
18173,66.62291185264667
18174,67.55546840236866
18175,73.20742043685732
18176,75.65098974342334
18177,76.08463362692066
18178,75.22949828762523
18179,75.37045107575108
18180,72.2130313306709
18181,68.97435135303158
18182,80.39018257947083
18183,77.75951721879812
18184,79.4489287076409
18185,80.10023294379818
18186,77.62160126410208
18187,77.83554648556265
18188,71.89638735872984
18189,77.17494769899207
18190,76.77392551061803
18191,76.26766302823768
18192,79.85748097906281
18193,79.09963465862
18194,76.93024705440831
18195,79.02120718154566
18196,80.13579270000315
18197,74.24115595064933
18198,76.20625459178967
18199,78.08006716632434
18200,71.82341388542955
18201,77.40696539725133
18202,76.0505649083866
18203,75.92062834773589
18204,70.93362425695352
18205,74.83833063062701
18206,78.85076639020059
18207,76.85675701791155
18208,76.11118079153874
18209,75.56833527837586
18210,78.59333666314637
18211,78.49946409390071
18212,76.36238197763737
18213,79.62296473554085
18214,81.79874795275356
18215,80.76729283154287
18216,78.38836361611851
18217,78.66799683361785
18218,79.7030640749993
18219,80.04445008882328
18220,77.0437720806903
18221,75.35152753746894
18222,78.9015576318539
18223,78.91049192599104
18224,79.11870082968147
18225,79.61777025908708
18226,78.52929911595015
18227,75.81531358161374
18228,78.36301370261725
18229,78.18341968722962
18230,77.27790468718752
18231,79.57635075359468
18232,77.91456322304231
18233,75.99279520572674
18234,77.6514422266261
18235,82.20002517056338
18236,75.27349944887231
18237,79.66859432663114
18238,77.90902775364992
18239,75.32621438654417
18240,75.41163090597962
18241,72.61963574050549
18242,74.31617648920206
18243,71.68894675026104
18244,79.10351448190897
18245,73.52504673852513
18246,80.15347290992639
18247,80.25079671758567
18248,76.84916119135426
18249,78.87856366197008
18250,79.04657426949126
18251,76.04035882006002
18252,75.24263329490014
18253,77.86276933242436
18254,75.05908341573468
18255,70.0889114417937
18256,67.19468292064676
18257,68.22118930105722
18258,69.7990491144709
18259,68.07339804223147
18260,69.79605435054486
18261,72.10296655125353
18262,77.4798552226074
18263,82.00898015577104
18264,78.55517554078233
18265,79.61537027842144
18266,76.57717590433731
18267,68.49428530850321
18268,69.54829054468638
18269,65.51177992935197
18270,68.63042183023862
18271,72.50445156558607
18272,75.26256531601888
18273,75.16944491734483
18274,69.82849681847313
18275,70.61545990764938
18276,73.53580539163102
18277,73.26766947702714
18278,73.5311148623976
18279,75.64424149914635
18280,73.86131346325323
18281,71.41545445291416
18282,71.89114478072418
18283,72.66546078946698
18284,74.07050480725133
18285,67.32254983619464
18286,72.56204689051242
18287,76.71388423354244
18288,76.35543449608036
18289,68.44088905725334
18290,71.7828892661662
18291,68.33901629220043
18292,68.33988158485994
18293,69.50748647848104
18294,68.23337735476485
18295,71.60433654730429
18296,76.31773337610508
18297,77.32391475465238
18298,76.92921313114977
18299,79.86995236990595
18300,76.73112507542135
18301,79.41789935081863
18302,79.20378915689105
18303,76.87449647528393
18304,75.80416663017047
18305,74.92918558738705
18306,77.38142954102341
18307,79.02319558641472
18308,74.60679336998851
18309,78.98877601573412
18310,78.55823040785498
18311,78.96564039608143
18312,76.74723005660161
18313,78.84955073490926
18314,78.97949420035178
18315,78.46405115163105
18316,77.89988655209578
18317,78.41950158849102
18318,75.7051259344758
18319,73.77228963423124
18320,73.24964861752011
18321,71.94796420717523
18322,72.83791370953531
18323,72.1147761267286
18324,68.67275955338772
18325,70.00935047052405
18326,74.95440733925955
18327,72.54813596910446
18328,69.89207411178535
18329,71.97785336863217
18330,68.13203303203505
18331,68.76984028952722
18332,79.19899623323448
18333,77.59177321847221
18334,79.77897271549648
18335,79.9560140636982
18336,79.82722212142289
18337,76.6059905740571
18338,73.34015072064517
18339,66.76735572520647
18340,78.62754561089002
18341,72.44208716312016
18342,74.2972550135247
18343,78.40739521822087
18344,79.00799823476979
18345,74.50171085102556
18346,74.11829012119819
18347,71.99861835953811
18348,71.68387907681512
18349,76.01631130391223
18350,76.0728579270463
18351,79.04467926457141
18352,77.01604918958878
18353,81.45104583627682
18354,78.4751112531896
18355,80.44284840603711
18356,77.04489409116593
18357,74.45960779108498
18358,77.85456386793231
18359,74.29778045862224
18360,71.71829263942982
18361,70.13447009450385
18362,73.23115339069199
18363,77.92704588729322
18364,75.76872699412678
18365,77.70020438033049
18366,78.70222559551763
18367,77.24032711521988
18368,77.51700938003916
18369,78.27848352716956
18370,77.46018648042383
18371,77.59225563791767
18372,79.67794314729571
18373,74.72249825648976
18374,69.30564124067274
18375,77.46107495055674
18376,81.77063375649732
18377,81.19925319156005
18378,76.24608185286894
18379,78.55477598339974
18380,78.79102943533763
18381,76.01325553660047
18382,77.45689742295934
18383,77.20156188515199
18384,78.50539589227151
18385,78.81290125479927
18386,77.38015950613527
18387,77.8221995928809
18388,77.27944170515474
18389,78.32535584387131
18390,76.1495115989025
18391,81.3896550681165
18392,74.80930621613845
18393,78.11648017109002
18394,77.00796328690188
18395,77.96339861693701
18396,77.7732295346292
18397,74.16589682371415
18398,77.55023902598424
18399,79.93579204795941
18400,78.73228572787457
18401,80.4179934602634
18402,79.72226696457511
18403,77.38513044129934
18404,75.40386165688136
18405,76.86530157572656
18406,81.63180023689529
18407,75.97203517803649
18408,76.11837266459287
18409,81.02821020348256
18410,77.72622858068235
18411,75.95266718692079
18412,78.85845180268086
18413,77.90005235091917
18414,74.9140070806551
18415,77.37080392024711
18416,78.413899780458
18417,76.3811139927792
18418,72.6193088059864
18419,75.94448788423972
18420,79.01404304230016
18421,78.78936939786911
18422,76.88121402169554
18423,77.82456643981686
18424,77.47968862986232
18425,77.94818316525237
18426,75.40615937899435
18427,79.75008005113062
18428,75.51540456361835
18429,79.27450205004607
18430,79.11356140034422
18431,78.98106928645808
18432,77.82130042421369
18433,81.73959997543972
18434,77.73220396235394
18435,79.72744590048609
18436,81.95331739988211
18437,81.40353917121223
18438,79.59917429915618
18439,81.95160625307261
18440,78.76069775535933
18441,79.34516199928947
18442,81.70202469502902
18443,78.13203268397064
18444,78.54043829086942
18445,79.09636475656498
18446,77.35203126930867
18447,79.60409984541963
18448,76.72075720778832
18449,80.72965451535646
18450,79.4746181137175
18451,78.98422858845868
18452,76.84985443575061
18453,79.24685484011883
18454,81.02557489823135
18455,78.76277681555553
18456,78.0338530469702
18457,76.89176672561649
18458,77.19000905818001
18459,78.17586066743763
18460,79.7241045949317
18461,78.41193905387286
18462,78.57241914488759
18463,81.05641848430446
18464,78.46340867073758
18465,78.49202079759931
18466,79.20576255341325
18467,78.80832969856806
18468,78.0484433228545
18469,80.32308957457309
18470,78.44354677840369
18471,78.54516456260922
18472,76.39271461732079
18473,78.57654879564626
18474,80.0756569470525
18475,76.269541484944
18476,80.31126746123635
18477,78.8925964186767
18478,77.045194594024
18479,77.82564635359705
18480,79.43631883349587
18481,74.82947577402263
18482,70.55936132808677
18483,73.58898681266544
18484,71.81659049497324
18485,72.57216898874867
18486,77.50816183756609
18487,78.73425863702863
18488,76.34695300200366
18489,77.50730537756277
18490,78.07554671145635
18491,76.45373411073268
18492,77.65801335046717
18493,77.89128450932157
18494,79.64017792462795
18495,77.45256682724977
18496,76.69526159649246
18497,76.26532239491644
18498,78.40848139520551
18499,78.0855013174741
18500,79.42344473024554
18501,77.52883833601032
18502,77.32882919063246
18503,74.10103791560329
18504,74.86847659592325
18505,72.46620211565909
18506,75.7915856187916
18507,73.98512505559711
18508,74.57635709826747
18509,74.43068601658274
18510,80.27588471207036
18511,80.18671921000174
18512,79.33992652138096
18513,77.67664850380282
18514,78.8758627160683
18515,79.19672720650124
18516,80.68577471117197
18517,80.03335501344509
18518,79.48496843420293
18519,78.99171211943667
18520,78.41266637886974
18521,80.76284936680048
18522,81.71339506946168
18523,81.87456091835924
18524,76.27934347136704
18525,80.69082611403746
18526,80.50014727553048
18527,78.7574126229934
18528,79.00639939361571
18529,78.211088994936
18530,78.05856731988166
18531,73.02822408656425
18532,77.70431605851593
18533,79.51372072275058
18534,77.95777918946158
18535,76.10581938097454
18536,77.2863822887445
18537,75.73086565926712
18538,77.28765005353159
18539,75.570319224417
18540,72.87086571068585
18541,69.81512625338854
18542,78.47102045190951
18543,79.67139240324525
18544,78.82681356809627
18545,75.86289169481682
18546,77.80667965581108
18547,77.18107429652389
18548,75.72445766185098
18549,74.4631859769828
18550,79.08710914849217
18551,74.90626912852423
18552,78.80956744494716
18553,73.64982857898212
18554,73.24764069896753
18555,75.96908909231405
18556,76.7385176194503
18557,77.39283668310611
18558,76.34184854511165
18559,78.51293264467228
18560,77.66738084476691
18561,72.54793044096573
18562,73.90214896180169
18563,78.13697499797485
18564,75.48349466276227
18565,75.02460205125539
18566,73.93085650436558
18567,77.47709977683672
18568,75.63339528249168
18569,77.8545549842774
18570,77.37984027377871
18571,78.53202223558765
18572,78.4365725745219
18573,79.2317278916251
18574,79.81025881101971
18575,75.43364497268561
18576,78.05411616286148
18577,80.69840523291191
18578,79.8950571016818
18579,78.64539688498286
18580,78.81095498702871
18581,77.01099040450896
18582,79.66109746698163
18583,72.42571981341916
18584,80.86591125353527
18585,78.88984454245542
18586,81.81087504840707
18587,74.56538049424739
18588,76.29129717011733
18589,79.8608139653216
18590,76.33782923646118
18591,78.3953504599238
18592,76.75734650409629
18593,76.12551691018888
18594,79.46981952565324
18595,73.45974460910514
18596,74.5025042622812
18597,72.61446384548145
18598,72.78529377640189
18599,74.16615356774082
18600,72.24051945661301
18601,72.77501438342631
18602,71.8384944842366
18603,72.01176225098499
18604,74.94505863283274
18605,74.96356636306672
18606,74.14083165171724
18607,73.52722684309543
18608,75.53646618506008
18609,72.18845578429182
18610,69.54962088229229
18611,71.66457423957121
18612,70.74134232219268
18613,76.47683108228784
18614,78.9414879501116
18615,77.30444631853703
18616,79.90734524684791
18617,79.53188784591015
18618,77.45857793289332
18619,77.53846780618107
18620,80.93101953124739
18621,80.96608289431907
18622,79.4533675706777
18623,79.73508101827173
18624,78.78498232658461
18625,78.93489885283003
18626,79.01899028739723
18627,75.86644196801831
18628,75.4563702615585
18629,72.87433559922334
18630,72.61915640217552
18631,75.60926998347435
18632,75.92562045099868
18633,74.82699368092085
18634,75.33457921596363
18635,73.73575274368721
18636,72.83612778199529
18637,70.21820970785353
18638,72.90408686417533
18639,72.71704608950705
18640,71.77436211252888
18641,80.78154738232297
18642,78.69579554324065
18643,77.28329539524265
18644,78.60463593689195
18645,77.16755405959896
18646,80.2340503388802
18647,77.69020032598871
18648,75.59225732181068
18649,75.66298840383439
18650,78.42590635971231
18651,75.96455204066052
18652,79.95618754940529
18653,76.72874146185057
18654,76.36016865500363
18655,70.26592168912498
18656,71.3322858820705
18657,72.22550348161587
18658,72.70792839365788
18659,74.34160417110974
18660,75.95675829596996
18661,76.86333897348135
18662,74.35889565165212
18663,75.14241486470218
18664,73.86875285621932
18665,74.57808006466496
18666,74.24710756943284
18667,77.07030008191367
18668,74.74849842191406
18669,76.05282639614353
18670,76.98258985937656
18671,79.65875950418422
18672,79.66141926025466
18673,78.24097701967855
18674,78.67710645319204
18675,73.21387452050777
18676,75.03151832126099
18677,76.47258748650006
18678,77.29013609877188
18679,76.93341553359556
18680,76.1038371995947
18681,73.88438481867388
18682,76.29982919140201
18683,75.58251877355633
18684,77.60108036043141
18685,76.31532499573342
18686,72.41579379577013
18687,72.07316063447036
18688,78.57076033161104
18689,78.27401980076337
18690,77.93964097836425
18691,77.31703738874006
18692,77.16874096918684
18693,76.35844020459098
18694,74.65521585799041
18695,77.992419163291
18696,78.52896944124728
18697,77.70500814092338
18698,79.94565448514766
18699,76.26224578893783
18700,78.56275264358868
18701,77.46536544284146
18702,77.00290773644048
18703,77.37554191622962
18704,76.45842531638459
18705,77.26873868036319
18706,78.13165664105821
18707,78.62676027550651
18708,75.8999932317638
18709,75.92317673211159
18710,78.72677374907067
18711,76.70884319715407
18712,78.31920582674508
18713,75.43706979664375
18714,69.8099652774726
18715,78.05260499567646
18716,80.16140627373085
18717,77.43835032681659
18718,76.57138864331915
18719,78.64712749474961
18720,76.33212267933095
18721,71.48387103882334
18722,69.56759629181005
18723,72.35941864596532
18724,77.40582439416846
18725,78.65239007313767
18726,80.85024886683942
18727,79.3530635458452
18728,78.17286643614847
18729,76.45634726480313
18730,72.18588967963291
18731,70.34082004959203
18732,76.4424582090898
18733,78.9747527691618
18734,77.8538823024765
18735,76.91573649996593
18736,80.38503738815098
18737,79.13269207957205
18738,79.38691405841809
18739,79.60324737441596
18740,78.88471631670075
18741,79.94985519026045
18742,81.8456357424788
18743,77.8767035945869
18744,80.08837273706331
18745,81.29685790039025
18746,81.50158104342131
18747,78.4063461595477
18748,80.0795665821031
18749,79.9214324277898
18750,78.85005295660449
18751,79.71780616758724
18752,79.00937717700913
18753,80.02886351002593
18754,79.8268930636089
18755,77.06873728453388
18756,76.55505029786065
18757,77.5029180128339
18758,78.11787930843877
18759,72.64327213377243
18760,68.37256773351368
18761,75.32674321397349
18762,70.96687008645762
18763,73.68812132289617
18764,79.24696661927271
18765,78.10098243728481
18766,77.49285861052749
18767,78.75168443980402
18768,78.27883798031269
18769,78.54401779684434
18770,72.14104178646033
18771,74.30861112859765
18772,74.25933665464117
18773,67.54147483698694
18774,73.89947841660597
18775,76.25909948556478
18776,79.94805107183669
18777,79.6670585513861
18778,77.6261061967437
18779,76.12639340677708
18780,80.78864281178011
18781,78.62460016122327
18782,78.86610221345421
18783,76.73299702412328
18784,74.7269339699804
18785,79.71660700466856
18786,78.36932949647013
18787,75.51475067612188
18788,78.26269315963305
18789,72.78884428859249
18790,66.37706610989642
18791,74.41532167785556
18792,78.64174607569805
18793,78.44878310422445
18794,81.64567935813926
18795,80.94353611172522
18796,80.52881763357738
18797,80.21759775295561
18798,79.29978516687333
18799,80.03160863056138
18800,76.94532886021125
18801,80.37377437526527
18802,78.95352971315447
18803,76.67335076976809
18804,79.67258272398095
18805,82.27428844192843
18806,79.61643554286258
18807,76.46149428279688
18808,77.61992008104204
18809,80.24803698061174
18810,74.8137182229753
18811,69.84212428570487
18812,84.68690410034958
18813,80.54484162904265
18814,84.57358252273804
18815,84.47659178297016
18816,81.41950384969044
18817,81.41115800975228
18818,81.43655254477056
18819,79.35226024810123
18820,79.47827142052495
18821,81.47657287069433
18822,80.89780565921353
18823,81.48139159490842
18824,82.38198088973695
18825,81.94301694738749
18826,80.33199510300233
18827,81.46101377163524
18828,83.39942234096605
18829,79.7307961729569
18830,75.89703279853927
18831,70.42813236606105
18832,70.35538406127432
18833,69.59923022588396
18834,69.96915590323238
18835,68.2950410229451
18836,69.25214872123638
18837,82.98658199736275
18838,79.41263684691
18839,73.35724452162708
18840,69.06020017786324
18841,70.37794836830227
18842,67.29992114310852
18843,68.74657042913617
18844,73.33464283022585
18845,69.46244781996455
18846,71.31351673988007
18847,68.92403548273052
18848,70.42518436246735
18849,64.24080906541798
18850,65.20628496619565
18851,69.71164063031807
18852,75.97264053538652
18853,78.77199396394116
18854,77.39680240795121
18855,80.46695921956524
18856,76.15027010876963
18857,76.368126404767
18858,78.67978272751776
18859,75.09984185412355
18860,70.64009128748859
18861,72.19951297199708
18862,75.54151527513284
18863,80.72411992030749
18864,77.49642167351453
18865,76.95425311337556
18866,79.21599134947371
18867,76.01312378019168
18868,78.60985559712628
18869,78.24542367532342
18870,78.07919052674714
18871,77.83890997296703
18872,79.59066613188219
18873,74.47772118694996
18874,77.10505820262472
18875,78.71142476163283
18876,77.08172476689373
18877,77.2384418297683
18878,79.78553451739793
18879,76.66376321196577
18880,77.44133894361892
18881,76.08679335960682
18882,74.41165167061183
18883,70.97543400599591
18884,76.42538903756332
18885,77.40913550697366
18886,75.56394514708961
18887,72.43728686821811
18888,77.63077534545914
18889,76.97108538065407
18890,80.72861259506595
18891,78.53291299694132
18892,79.75194684663938
18893,78.55508009189924
18894,78.87583471405884
18895,78.89780997453971
18896,77.95279602130176
18897,79.54524223552971
18898,77.66906250834268
18899,78.57924056268865
18900,77.47893781835683
18901,79.89785757727168
18902,80.947902716883
18903,76.75009126079237
18904,79.08667142767791
18905,79.20792605809288
18906,81.54829911302437
18907,77.25152232384494
18908,80.19778965930203
18909,75.0293372894414
18910,80.84341704803609
18911,77.67859670627581
18912,78.46934759806987
18913,76.93182077823394
18914,78.17278051586476
18915,81.228780430092
18916,80.25358096881763
18917,79.91480819360231
18918,79.71751932072817
18919,77.94423088626195
18920,78.14575466917023
18921,72.64848698503215
18922,79.72179843836807
18923,74.78435325258528
18924,77.33998663749634
18925,75.65331704538693
18926,75.895797937434
18927,73.27841675708027
18928,78.52227652142136
18929,79.47275537317176
18930,78.37504129027354
18931,78.31148577578551
18932,75.72220487976341
18933,78.8107170414184
18934,78.99509063975506
18935,79.30849337326845
18936,78.10231379335147
18937,78.0831747132159
18938,80.86588182398475
18939,82.16633981267461
18940,78.69710371059915
18941,78.38466730571537
18942,79.19863921328374
18943,77.52827037353472
18944,77.84124262592638
18945,76.23853049184822
18946,78.48294135534383
18947,72.42433995287263
18948,70.95367079978712
18949,80.07764577781415
18950,74.12258856495919
18951,69.69153698761863
18952,72.18975027127499
18953,75.5422667434305
18954,77.89586069173754
18955,78.78726044649721
18956,78.50359137719329
18957,75.04662417489175
18958,78.66330732716762
18959,81.86599657822524
18960,78.38433507529885
18961,77.92452185913987
18962,77.97380822175438
18963,75.00427635338144
18964,69.77138149236646
18965,73.95010760380774
18966,68.57106558044387
18967,70.94876091913875
18968,69.71512938689096
18969,65.72067554918345
18970,71.78441541948365
18971,76.29301502128152
18972,77.61734613375029
18973,75.31418949392247
18974,77.07924404564773
18975,77.64091271630087
18976,79.50138742183816
18977,77.98907952845582
18978,76.52048790223546
18979,78.6837735202493
18980,76.98715827239317
18981,79.187111726838
18982,78.76230850164666
18983,76.61810277341175
18984,78.51280875710808
18985,69.75836189243097
18986,64.19156708660626
18987,66.51000446217108
18988,70.40254552089499
18989,66.19339572871462
18990,70.50240577022771
18991,69.2013986038304
18992,66.65143940619976
18993,69.66235147099525
18994,66.89216815852706
18995,68.21404981030554
18996,65.52205958434263
18997,64.03656587331056
18998,65.934040923022
18999,71.10168153500956
19000,69.53260298965068
19001,66.93595359968919
19002,69.8138271714916
19003,72.27184493157665
19004,68.83650521238246
19005,66.02999927106515
19006,69.07461394980959
19007,65.41040039551814
19008,71.87740870441621
19009,70.18148151632556
19010,68.22344396166659
19011,68.16052106701545
19012,70.73031318631575
19013,74.03861849126292
19014,68.98889653371793
19015,68.7926043802969
19016,67.54157078934952
19017,74.65291296753992
19018,71.86497380116168
19019,72.20359044878256
19020,71.26481152655413
19021,69.58381189765413
19022,64.22893081925031
19023,66.59895703491964
19024,66.66677406319127
19025,65.71959739571389
19026,65.17049024466394
19027,72.63098531790865
19028,73.92456632212293
19029,73.95814467461088
19030,73.76934443116795
19031,75.47488040989754
19032,74.96150899081556
19033,72.82801251761163
19034,73.86102210646925
19035,75.91416408488482
19036,74.72098976716586
19037,75.26864343211895
19038,74.39310524608919
19039,73.32244434417572
19040,72.7934694637724
19041,72.44067004222637
19042,69.26755097226481
19043,71.54861686395748
19044,79.68558645985422
19045,76.40399515438628
19046,77.3732585621566
19047,80.32638469005241
19048,78.40791156423171
19049,77.49921003107244
19050,77.05954463243381
19051,77.44815047258146
19052,78.77137056544751
19053,78.10094868192294
19054,77.17110357479703
19055,79.70604786628047
19056,77.91125968572862
19057,72.83964393636643
19058,74.90721139088788
19059,77.90095653770561
19060,75.35935577784124
19061,75.32656195147939
19062,76.35428282913631
19063,76.43294776118711
19064,75.21112625702636
19065,80.85893423254777
19066,80.47819449331695
19067,78.2114744810122
19068,79.25665021909242
19069,75.3879900265012
19070,75.39909476354546
19071,79.88381993603673
19072,77.34259036721932
19073,76.00274680706946
19074,76.98364140878448
19075,78.87633718557612
19076,77.98688518487921
19077,77.9577119173938
19078,79.42612292922564
19079,76.05852375795973
19080,78.17543221006446
19081,79.36541171073577
19082,80.4096860973263
19083,76.5629586926513
19084,76.74589571587387
19085,77.53513662382204
19086,80.9113947051082
19087,77.38585628622451
19088,75.62008396002403
19089,71.34267008917175
19090,73.06356811325549
19091,75.37803903090679
19092,74.90915370028631
19093,75.58052287856685
19094,71.41383273867751
19095,77.13010348259832
19096,78.29199430732592
19097,76.89340090843996
19098,78.01106617769227
19099,77.81726286592652
19100,77.00251165795737
19101,77.99282495329811
19102,79.12732788461716
19103,77.20005702063179
19104,77.94027659748247
19105,78.35298061428443
19106,76.26760071038069
19107,75.71709673737217
19108,75.14773961068187
19109,75.19323017369692
19110,77.02931671092585
19111,76.21686438420255
19112,77.77687670357977
19113,77.17776692795428
19114,77.14381488483548
19115,78.05192750460884
19116,76.80779291062845
19117,79.27274725282916
19118,78.52249047087417
19119,81.7661938739841
19120,76.93360876569301
19121,80.32969891631865
19122,75.19386206598944
19123,77.63858004065582
19124,79.91547329257077
19125,77.46207917177327
19126,79.65347710481035
19127,77.82844175482035
19128,79.66479949515013
19129,79.54499053132764
19130,80.80742988798818
19131,81.70723778656867
19132,79.9318804040413
19133,80.6459861422
19134,79.20605286222519
19135,79.99797320207506
19136,78.10792621796321
19137,75.60246626846958
19138,77.30638809875455
19139,81.00800219741262
19140,77.35250998246659
19141,80.56859636248367
19142,77.75136715447735
19143,77.1876385967027
19144,74.22815020094765
19145,72.01339003633706
19146,77.82285931572108
19147,79.76568125224742
19148,78.09603275435438
19149,77.92634222854593
19150,79.67498081064133
19151,80.32269218945379
19152,78.13085794392259
19153,75.30431188667643
19154,80.16999189589944
19155,78.49218035800402
19156,77.82101532622784
19157,76.44165447102756
19158,79.66719553738375
19159,79.37243143943209
19160,78.14038720538139
19161,78.19114673420796
19162,77.07369065305778
19163,78.67352370275438
19164,80.05932943734848
19165,78.33274606176712
19166,78.98082010211459
19167,76.13431516886624
19168,76.61586408821631
19169,78.17298390737596
19170,75.02371778281832
19171,76.43157566918359
19172,75.23768625515441
19173,75.98256852894639
19174,76.50821943094633
19175,76.94398319337483
19176,77.46798564900422
19177,75.55980100460141
19178,75.14544184386654
19179,78.29908809571464
19180,72.22298997893188
19181,69.81540538886213
19182,77.85604080497978
19183,76.70040504602122
19184,64.83645736453082
19185,69.90899125041909
19186,74.63476896815735
19187,76.96091922345539
19188,74.64075501824544
19189,72.67939166361055
19190,73.3527169432212
19191,76.15251449215384
19192,75.8218704035146
19193,74.10051492923583
19194,77.58076207842254
19195,74.26081563306849
19196,78.31104431637635
19197,73.07479983056982
19198,76.57318144478387
19199,74.3406124097674
19200,75.18929691223377
19201,70.98344439222626
19202,73.32525285889488
19203,72.46426506068235
19204,78.81391460140617
19205,77.30270984844776
19206,76.04822046525095
19207,82.85547213570777
19208,76.15913854299276
19209,77.1699777548987
19210,76.70535349210252
19211,77.73313062345869
19212,77.54975638156657
19213,75.65690265880698
19214,78.25372717326047
19215,73.98452355900389
19216,74.84396788623042
19217,70.86102594924193
19218,79.73113135424938
19219,74.59883984582336
19220,65.33300296986891
19221,76.53403608483427
19222,79.8147601998013
19223,79.37488106561858
19224,77.29985590379601
19225,80.08339023448849
19226,80.51767347384884
19227,77.46763294925086
19228,81.77754538150555
19229,75.84049050579341
19230,78.91546057825974
19231,78.74602913790721
19232,77.56330743751033
19233,76.09494534414591
19234,78.85736594851045
19235,78.04707569597338
19236,76.56705669314715
19237,76.13289418596122
19238,80.08779849509477
19239,78.42846682328326
19240,78.09133660670977
19241,80.84362643387283
19242,78.39605319534041
19243,76.72963220973594
19244,79.66828164372504
19245,79.43306373696117
19246,80.03659137022811
19247,80.26746982235642
19248,80.33678013195578
19249,81.18901406366564
19250,79.45305926460856
19251,76.82446968412552
19252,80.35947730472327
19253,80.36244712238988
19254,79.53831981684135
19255,74.85565757310752
19256,79.10918978175778
19257,76.80402101607598
19258,81.79587976134604
19259,80.0039835999022
19260,78.11843257315235
19261,80.3949407417702
19262,78.69541849447398
19263,82.13286066825879
19264,77.37980740348513
19265,80.98476905250936
19266,73.66067858873566
19267,73.39399095951808
19268,78.151432069235
19269,76.0614471151228
19270,71.49768729288223
19271,79.82520159186225
19272,79.53201640450806
19273,78.73071114847886
19274,79.42864695918655
19275,83.70440980856256
19276,80.27032286293229
19277,80.48137721022948
19278,75.97602294185253
19279,73.22306468995879
19280,80.06024394717565
19281,76.40907800613047
19282,76.39177968492783
19283,75.2923312371056
19284,77.36976802303536
19285,76.55638820310298
19286,77.39976719260864
19287,76.3222952444363
19288,77.31659520930424
19289,76.04518024397674
19290,78.72338292285997
19291,78.79252146958396
19292,76.51656975447241
19293,78.28041500327294
19294,76.18965398882347
19295,79.78952417586345
19296,76.65600982430328
19297,79.61535502130351
19298,79.79450795685398
19299,76.33453782194499
19300,78.9036770848906
19301,74.868991971958
19302,70.99076327750532
19303,73.74078276153983
19304,70.6715125456189
19305,75.99482301221326
19306,75.31259950918951
19307,79.08228311690686
19308,77.24829428065988
19309,79.71810780483122
19310,77.23748380770587
19311,75.21134473465577
19312,78.80951608991649
19313,77.94745163390604
19314,77.51900861460007
19315,78.38097693677435
19316,77.07794694552393
19317,78.38230111491725
19318,77.37909631515726
19319,75.32372329196892
19320,73.10000634937666
19321,79.64610616808739
19322,76.16004982682313
19323,77.0909563326706
19324,78.30918044993683
19325,79.39869582767597
19326,79.5951716966789
19327,78.85923913196933
19328,76.39938294744786
19329,75.72445766185115
19330,78.53205777798598
19331,76.28417940599633
19332,72.43553736754285
19333,74.22319218333638
19334,76.3254089115681
19335,77.56551258846025
19336,75.19478236738888
19337,75.16724557651338
19338,73.04286946397747
19339,74.24212969582311
19340,79.7077637200237
19341,79.62154737304002
19342,76.51318147146264
19343,81.5935260521062
19344,79.32886672310292
19345,78.12255142281168
19346,77.77960795235191
19347,75.85501781387626
19348,80.0135260345429
19349,76.51983461434776
19350,75.61755536102538
19351,76.53771523122174
19352,77.24845720041412
19353,80.45230388408538
19354,77.62201275573807
19355,77.5394267322821
19356,77.29551536333304
19357,78.23901881200516
19358,75.30372660593252
19359,76.89021920769159
19360,76.14447414734508
19361,76.02721692494504
19362,79.58899780559983
19363,76.8123928338801
19364,79.48744593458991
19365,77.66830859924704
19366,80.8329056567236
19367,81.73190047037934
19368,80.70594121268198
19369,81.30538725707925
19370,77.94504620868992
19371,76.63553332039288
19372,78.13126569845446
19373,79.23503303651773
19374,78.79616790963746
19375,79.2644864080479
19376,76.71439177647284
19377,72.41217882526723
19378,74.01821712106789
19379,72.24055706452805
19380,72.68385654666571
19381,74.82501567078555
19382,74.76673758808778
19383,76.43059003633584
19384,77.99540272571465
19385,78.93539925794505
19386,76.83145646000753
19387,78.57737644576162
19388,74.7420566969763
19389,76.57527568909904
19390,80.32325230793737
19391,77.52060263286955
19392,76.41726048499561
19393,77.77581519123925
19394,77.9201148651494
19395,83.36373531580728
19396,78.7060377201193
19397,77.74277024979352
19398,76.35445129240082
19399,79.76346395376368
19400,77.6456751700033
19401,75.32906493638706
19402,78.18996634253216
19403,79.03659446202664
19404,80.68131622057899
19405,78.8625024331854
19406,79.59091769207822
19407,77.37999522945904
19408,78.74120362579436
19409,78.85485573129512
19410,77.66181646840244
19411,80.49149231194798
19412,72.79336789687233
19413,80.20080846647278
19414,79.40388635186974
19415,77.09810808072683
19416,75.19400405597861
19417,79.46289923766273
19418,80.20629937641945
19419,77.0610076545754
19420,77.3692949512045
19421,74.93011295314614
19422,73.79075328044831
19423,76.72415244968124
19424,79.32754710221974
19425,78.2638684981959
19426,77.65942279948177
19427,79.48648753662695
19428,78.58671573254543
19429,77.3846416189487
19430,78.06920662262917
19431,76.75310985766117
19432,78.4945501415952
19433,78.17206626513536
19434,76.3207313194115
19435,80.4847064198795
19436,79.16338027724993
19437,78.64404622777249
19438,79.23198844530322
19439,78.85824546799773
19440,79.3805126929895
19441,78.82000911418345
19442,69.10064402157315
19443,70.84850561040628
19444,68.98403136135761
19445,77.07752693625815
19446,75.24505434960287
19447,75.22400007523481
19448,77.44101907914057
19449,80.77171853256635
19450,80.06986065215534
19451,70.08460903036206
19452,73.06694707179435
19453,70.7437340555008
19454,76.14119229694916
19455,74.40889208249934
19456,76.61991862419637
19457,78.18573665092725
19458,74.55342896714552
19459,77.61256136114662
19460,78.63877737842449
19461,75.98356765923603
19462,78.1807720252184
19463,78.34957593428214
19464,77.7833981535203
19465,79.42803446507276
19466,77.05496517117945
19467,76.432556739093
19468,79.05264519514492
19469,72.58802835992697
19470,74.14031274994636
19471,75.76800600229899
19472,79.32696864991811
19473,78.43544916112143
19474,76.21828153849583
19475,79.14303118731692
19476,77.90022369648756
19477,75.01945830364724
19478,78.95693424764295
19479,77.75753741877509
19480,78.48380466871095
19481,77.01391927533837
19482,79.20642803846056
19483,77.76757852361919
19484,72.18444498498485
19485,72.60691997533598
19486,77.01086129786927
19487,76.09045102357749
19488,72.64753443571215
19489,74.47182000129385
19490,73.56797663432496
19491,73.28866595682865
19492,74.72409815110984
19493,73.73388261037991
19494,75.2805282946643
19495,78.32327611266561
19496,75.53330135041165
19497,73.96422944742443
19498,72.54309361832975
19499,79.55982534653447
19500,75.57726768044756
19501,77.20910551626946
19502,75.75876428200468
19503,76.04752599984289
19504,73.7097944579549
19505,72.89908343154252
19506,75.57064247793215
19507,71.41899968559517
19508,77.26241876006998
19509,76.18702403776041
19510,74.12399473680131
19511,72.0218306656472
19512,72.24263714328902
19513,73.50659164926225
19514,73.62830566940846
19515,75.3201557522471
19516,78.80743279265204
19517,77.25044708041315
19518,76.1865859268429
19519,76.44583487238123
19520,75.08659941053008
19521,78.13163938660034
19522,77.83622263767774
19523,80.25358667962956
19524,79.53265294804663
19525,75.73620154357332
19526,75.70619704085664
19527,76.00137325649013
19528,75.02867620955539
19529,72.67836999004305
19530,71.76612670132675
19531,75.16141955173504
19532,74.36928754113137
19533,72.49739671052072
19534,69.09053306888109
19535,73.46411344855551
19536,76.03833887387611
19537,79.25546406309098
19538,77.65500386225204
19539,77.40242281767792
19540,79.16726459937513
19541,77.11182767061052
19542,75.32052551041738
19543,78.94544083279953
19544,80.34049205487969
19545,80.15845043009051
19546,77.92160343812515
19547,80.04589088670889
19548,78.89509445078392
19549,79.45255285444983
19550,78.31497713239395
19551,80.30108744812259
19552,76.28847293105855
19553,75.72488720645191
19554,75.13120114253627
19555,76.8970810064846
19556,78.22913567848025
19557,76.6830181294236
19558,76.22629635907157
19559,68.13978519826134
19560,77.86554732156316
19561,76.8189509075292
19562,78.338890355508
19563,78.55350345563772
19564,76.41972965021688
19565,76.34599177020272
19566,79.04685945469782
19567,78.56675853328676
19568,79.87258075559606
19569,74.26758363204965
19570,78.95050016595496
19571,76.23386171472225
19572,77.22249333378466
19573,77.66384772862722
19574,77.24201797671168
19575,78.69580143085426
19576,78.14111756373956
19577,72.65328415657973
19578,75.04040039744086
19579,79.03186416222422
19580,77.47422235654568
19581,77.55984501689801
19582,79.06774522014007
19583,79.25955196647345
19584,77.91080673682387
19585,76.32765899252308
19586,78.37999854234351
19587,77.04289846454913
19588,79.30648380430296
19589,76.40996696785481
19590,78.10107093895527
19591,78.94881311086749
19592,77.80981973387514
19593,78.07058161525003
19594,77.26772404360133
19595,77.83740281507727
19596,78.94163293776074
19597,76.78952233994966
19598,78.5992809070517
19599,77.2971111263484
19600,76.22047915755365
19601,77.36965342181901
19602,78.44993268920518
19603,78.06993982923831
19604,78.6680061020586
19605,74.43566698329488
19606,77.56700635959749
19607,74.00028207868615
19608,75.73898755770335
19609,76.89664762856518
19610,77.736432693565
19611,75.94820628236442
19612,78.70914692425163
19613,73.2475024510693
19614,70.61348968230328
19615,69.32536504651301
19616,72.2675799553802
19617,76.7270497717368
19618,76.43373532174513
19619,75.53624884190941
19620,77.38211504600127
19621,79.43179448342107
19622,75.34857402730535
19623,79.14428411683969
19624,76.48788519531865
19625,78.22668222741396
19626,79.67706584630088
19627,78.3257944385926
19628,80.91125236451796
19629,72.7469056008128
19630,72.64077307808043
19631,73.7036620719332
19632,77.70516226208713
19633,75.89505492157775
19634,73.98693474500249
19635,77.954136203178
19636,69.2290382430615
19637,77.68656793489697
19638,79.13546145915245
19639,80.01697598413068
19640,79.97280783743071
19641,80.14251657230949
19642,77.81891261380792
19643,77.33481458061885
19644,77.6058783219321
19645,79.26683811204953
19646,74.8769216077875
19647,76.45944231214946
19648,79.64247586663743
19649,77.03162127345553
19650,75.33261681316412
19651,76.80858606136468
19652,75.95379000532279
19653,74.44990766070129
19654,79.08899937011523
19655,76.75749513703158
19656,74.94371271483493
19657,74.92503573618404
19658,76.39965933887333
19659,74.72500279896923
19660,76.52403068558709
19661,78.26294895000376
19662,76.73160003721028
19663,77.83440990912192
19664,78.33173466518264
19665,76.33289969863728
19666,77.80143154885656
19667,72.67613275474741
19668,76.65782098160616
19669,75.14563557680884
19670,79.09216235005817
19671,75.73113593671138
19672,76.06931983518467
19673,76.09839489902993
19674,78.62667325994903
19675,77.59297660841793
19676,75.85253705788568
19677,77.04720797044138
19678,77.17086832791739
19679,78.60519453974155
19680,78.28092770512797
19681,77.90152699457144
19682,76.6817268933138
19683,78.17921889016685
19684,78.94306218966994
19685,77.47609208526472
19686,75.44281686399466
19687,74.69911797117231
19688,78.16348067971768
19689,78.47598694243652
19690,75.94001220279011
19691,79.05207920687394
19692,75.72063809500008
19693,76.5027128776373
19694,76.2639515718713
19695,78.03001382882564
19696,75.64860314731447
19697,73.76752243012442
19698,75.63424650396075
19699,75.50804840817199
19700,74.56811558703822
19701,78.17619457850031
19702,77.58602892995066
19703,77.92021115357699
19704,74.89463434877604
19705,77.218817313464
19706,75.82907231029492
19707,73.99203257797348
19708,75.54533601316314
19709,73.25904255811594
19710,75.99061764480757
19711,79.54536300295825
19712,78.21696239398602
19713,78.32546532626122
19714,79.13836071124331
19715,78.41638062380423
19716,77.51340707564611
19717,76.51472479702966
19718,75.9964245188948
19719,74.08744881240102
19720,75.77677619169998
19721,78.11852351706608
19722,75.67464271135378
19723,76.83251008946917
19724,77.2708294343318
19725,79.45265356647354
19726,78.95475879397748
19727,76.97856767297122
19728,77.46525018571583
19729,76.73851761945025
19730,77.51936933576923
19731,78.80989384381525
19732,79.07657350069849
19733,77.23041518685864
19734,77.99084727873634
19735,77.96761048259339
19736,72.7335319499744
19737,77.51946853809022
19738,74.95819239812823
19739,77.43981720166369
19740,74.49374430923308
19741,72.79660063992435
19742,76.94787787966942
19743,73.5860739370961
19744,76.8479806296566
19745,77.76194246757439
19746,79.01608898078052
19747,76.08849544938778
19748,75.80970785917401
19749,76.14076555944104
19750,76.55354831388195
19751,71.5058818877913
19752,71.13005043303815
19753,75.54146868657602
19754,79.7056981815042
19755,78.78005273769958
19756,79.4132062329113
19757,80.3122377054986
19758,76.81557970859188
19759,79.63225619700108
19760,75.43312463780404
19761,78.13774527741163
19762,74.89828360830091
19763,77.32961535812217
19764,77.39767642112724
19765,81.27717516020516
19766,78.38635245482197
19767,79.35452045025443
19768,77.0983216214409
19769,78.56602002183064
19770,79.92421112579677
19771,80.22282575237159
19772,77.55930549840485
19773,77.52649306107304
19774,80.14824187119422
19775,78.36313505207642
19776,80.94157440710057
19777,80.37899797216232
19778,79.52817348145254
19779,82.60902737176951
19780,82.35053339600279
19781,79.16552997460394
19782,79.60231829985679
19783,79.65438987072133
19784,80.20096541807811
19785,77.9131099410559
19786,79.27279970064234
19787,81.78746259360787
19788,78.96182530172803
19789,82.23619150763164
19790,72.25803552506807
19791,79.5029919158265
19792,78.56528544342257
19793,80.42346779177132
19794,78.00483255739903
19795,78.19293006157585
19796,76.29494044688965
19797,76.87843639069962
19798,78.57375237522268
19799,76.8769422562757
19800,75.91638780359852
19801,72.66334652230768
19802,73.3900753301067
19803,71.38721534344177
19804,78.5723726886697
19805,78.99552813827933
19806,75.96809926122847
19807,77.93104668378288
19808,77.93594932348645
19809,75.01212531212684
19810,77.74144814751435
19811,79.24971615133671
19812,77.61385475924362
19813,79.64878385239041
19814,78.54707164513633
19815,78.1952754400915
19816,77.26703036495462
19817,77.82108037097908
19818,78.63089508462792
19819,78.52196667599696
19820,79.11254425869072
19821,77.45990592938114
19822,72.98074847984651
19823,78.8462274680063
19824,76.063648341408
19825,75.00256099696338
19826,77.90979753110952
19827,80.49888702082967
19828,78.24848116691498
19829,70.34474275231577
19830,78.14495273101761
19831,74.77539841453245
19832,73.80517914375753
19833,74.51268924366957
19834,77.38342928413891
19835,76.87373725260113
19836,76.91689003550039
19837,79.85459631384788
19838,75.03641519606902
19839,72.02580673539745
19840,71.0076400626973
19841,75.03274022333039
19842,77.08707043824501
19843,77.90510769723636
19844,77.98017734417675
19845,76.41332116162783
19846,76.29496017368092
19847,76.69334395670955
19848,78.16846196817943
19849,77.56931725375296
19850,78.07821385181853
19851,79.46824159282687
19852,75.3203082079591
19853,79.58469676397868
19854,76.44774214591956
19855,77.6100385724456
19856,79.10624770000356
19857,74.92642120216783
19858,77.9740973243413
19859,78.6251216194687
19860,77.37938581564663
19861,80.3149682478857
19862,77.90925553518593
19863,76.91817197342817
19864,79.00473962005896
19865,76.2949469573465
19866,80.085990309909
19867,78.2759379406815
19868,77.66598003455636
19869,77.28488922357633
19870,79.9052328222391
19871,77.31337522376543
19872,79.8459350468346
19873,79.55902331479564
19874,78.4127809768259
19875,79.08893796855602
19876,77.37848677167455
19877,81.43351887354498
19878,77.71236648599967
19879,78.35628056750824
19880,78.63658934826242
19881,77.66336627310858
19882,79.50149981369987
19883,79.53518891817731
19884,78.53974549139815
19885,77.4502557960418
19886,78.60791446319206
19887,75.07791796775905
19888,76.3885357555306
19889,79.12851745794774
19890,78.77923665219191
19891,78.72877316238987
19892,76.0553398451442
19893,78.54989538872377
19894,77.08254789362411
19895,78.43451455231775
19896,76.57303070089341
19897,77.78830974985118
19898,78.33698972003651
19899,78.53278423736481
19900,75.57108845873427
19901,74.71681181504874
19902,79.528918290673
19903,79.40916455030111
19904,75.28673130699627
19905,77.13611773437623
19906,77.5910502580835
19907,79.15485735084235
19908,79.7868848349845
19909,77.79177770217939
19910,78.49454311602824
19911,75.6858235261912
19912,76.83368728456435
19913,77.60381367408985
19914,77.44060170640489
19915,77.32897817880848
19916,76.90788648738919
19917,77.71034681906787
19918,77.9282507053926
19919,78.11418287042335
19920,76.2338250617509
19921,78.8165030979232
19922,77.62074849465853
19923,77.12512523732977
19924,77.31249232726566
19925,77.97530398249916
19926,76.3966388891609
19927,77.0389109433429
19928,80.90244300297559
19929,77.81469638997464
19930,78.659465753679
19931,69.39681649340275
19932,66.14335770877909
19933,74.60737615650686
19934,78.12329928934997
19935,79.87421800533707
19936,76.89577835720195
19937,78.1141296620977
19938,79.8659193818666
19939,79.86433559503553
19940,79.95955289128489
19941,77.91252323043756
19942,76.3975322360015
19943,76.29291729368794
19944,77.99101113465275
19945,78.45393971029637
19946,77.40121131257132
19947,77.8867086461911
19948,75.96068858398553
19949,79.52368830092473
19950,81.43044075867647
19951,79.5086354268085
19952,79.61622949699307
19953,76.61237006338331
19954,77.43335983204929
19955,74.07215468976267
19956,73.30924236625526
19957,76.88317199068507
19958,77.65176331693368
19959,76.77269214235827
19960,78.15650420172949
19961,76.26817538026575
19962,78.84979087487284
19963,77.52568880715148
19964,78.3101145831443
19965,77.25393591783518
19966,78.40700545859363
19967,76.74980342586366
19968,75.05167535213945
19969,77.61059000778596
19970,78.634979037535
19971,75.96270761011561
19972,74.96250850973223
19973,73.21545649680627
19974,77.40792972517477
19975,79.34453832350056
19976,79.23502863076476
19977,77.7264253286665
19978,80.23671273146948
19979,77.00412623701698
19980,81.37720233934823
19981,79.76631917197585
19982,76.23748700058962
19983,79.17620572796272
19984,78.13773142056829
19985,78.93646447624644
19986,78.46135412583664
19987,79.3168077834568
19988,80.57075505467924
19989,79.4415462406264
19990,76.96483394817812
19991,80.9605582036977
19992,81.3917089168441
19993,79.51936840715393
19994,78.28539590382371
19995,76.43393014316848
19996,81.38757281532418
19997,80.06222722340613
19998,77.42949147939783
19999,80.87940876124918
20000,81.45823020187669
20001,78.96471504884437
20002,75.30369196127225
20003,74.70137065399012
20004,76.22229212141588
20005,76.97409666478353
20006,74.43814085875493
20007,75.79049205964816
20008,77.84522247717729
20009,76.95437778638706
20010,76.59276539344995
20011,78.35083008785654
20012,77.0874346030069
20013,71.40656242997102
20014,68.0622490041381
20015,67.82448539563973
20016,67.63767404100287
20017,73.12978379682471
20018,78.78827011701094
20019,77.82695374350953
20020,76.00706576236496
20021,75.46692070424939
20022,76.14859618310504
20023,79.75987302788093
20024,71.93146297729044
20025,76.25126165095156
20026,75.81325975288661
20027,77.75609131828475
20028,76.9035553513387
20029,74.68053348617099
20030,78.1270603317297
20031,78.76143937832165
20032,79.74288665336758
20033,78.44667708586962
20034,79.24985889378172
20035,80.91973626064993
20036,78.06959894507946
20037,79.41061259528158
20038,76.96160177378317
20039,76.51021686943852
20040,78.39038523095707
20041,77.03567706300566
20042,78.49060865639672
20043,75.39601012276
20044,77.73687441909584
20045,79.6081103844561
20046,74.51044199645878
20047,77.74169097384447
20048,78.08927581059578
20049,78.73077080919688
20050,79.19769932507074
20051,76.86050506474743
20052,75.93397616502148
20053,75.33611788891449
20054,79.87542457924638
20055,77.5786417617997
20056,76.25542887207462
20057,77.97369083575433
20058,78.91297563639802
20059,78.77119567708206
20060,80.77365624527465
20061,80.73863616671048
20062,77.3633514073938
20063,78.91218316715975
20064,80.18124615399023
20065,73.43127450266815
20066,75.39416217876237
20067,79.6399453979979
20068,79.50208056125786
20069,79.105068858977
20070,77.06182944822154
20071,80.57467411817322
20072,79.73325523227453
20073,78.32692117256789
20074,80.55709273430114
20075,79.1135614003444
20076,76.85472053941521
20077,80.41630330622621
20078,79.08812943484554
20079,78.49610332051503
20080,78.00118917988249
20081,77.76378864117532
20082,71.63370786538707
20083,76.93440331343481
20084,78.88200909127016
20085,76.59163413811723
20086,77.60632645532911
20087,77.0071707746053
20088,76.93716455552533
20089,77.97408238415693
20090,79.71263965704975
20091,78.9619706917556
20092,78.69997833506983
20093,77.93379675435341
20094,75.37993405877643
20095,73.7106213832131
20096,79.2943068344079
20097,78.38669005797396
20098,77.90541149684947
20099,76.76796288614742
20100,80.59670353702933
20101,80.66951158201886
20102,74.60372792759898
20103,79.01219329790734
20104,78.00609328884764
20105,76.92206267897376
20106,75.75251373182869
20107,74.4577741308886
20108,76.66496139054289
20109,75.22925807068316
20110,75.57898825853829
20111,75.3787689041078
20112,78.1214069084408
20113,78.1441565645789
20114,78.57718079247451
20115,77.16530916941497
20116,79.11329288933939
20117,78.71474961676739
20118,73.95039628429828
20119,79.89643370169665
20120,78.57867768772235
20121,78.45464446724225
20122,75.74069198567958
20123,77.97385535240494
20124,77.67514476770373
20125,72.50848026017252
20126,77.72373180197087
20127,78.93869481097789
20128,79.73792609443876
20129,80.39338070677178
20130,78.1719661368424
20131,76.28564879245528
20132,78.5304971545176
20133,74.58116889718679
20134,75.7080912926445
20135,79.19396827594755
20136,79.46662463439941
20137,76.032530034194
20138,79.88800674872908
20139,78.77718145298155
20140,78.80132163412867
20141,80.56719450991318
20142,82.05673289716577
20143,80.1811823017498
20144,79.18684054448391
20145,80.59443987197511
20146,78.03875147045648
20147,80.10841387633297
20148,80.02086024283369
20149,77.70076620825506
20150,79.39512648126367
20151,77.60065119189795
20152,77.88873725158732
20153,80.11202682859806
20154,78.25539748750373
20155,78.16224353740819
20156,71.36228856795202
20157,77.74317460385885
20158,79.80954677772593
20159,77.42203317276363
20160,78.62528280906491
20161,78.06476461303879
20162,78.42905755980996
20163,77.65567292896333
20164,82.42478407058428
20165,77.27169820642172
20166,76.6579882832832
20167,79.57938973962672
20168,78.10167341252605
20169,79.9504385711183
20170,74.64378844795004
20171,78.2219416879027
20172,78.22607305548979
20173,76.80354773197985
20174,75.41387222734005
20175,79.78974158189288
20176,73.40020367586214
20177,78.55792541595639
20178,72.54378491343823
20179,77.68991332051269
20180,78.24450813814201
20181,78.56541250016835
20182,79.28827672830869
20183,78.20240437804716
20184,78.35106287017311
20185,77.88255068495653
20186,75.24178815673264
20187,74.94867409495544
20188,73.94025823958873
20189,76.22894690356196
20190,77.17786688983301
20191,76.82051168613827
20192,77.11147439179592
20193,78.06392729738576
20194,77.41629340133386
20195,79.82289918338381
20196,76.61198612194636
20197,77.24093792573626
20198,77.49542560097984
20199,76.62623912579727
20200,78.13048908632317
20201,79.88381725233182
20202,77.52655986053082
20203,77.03477462099795
20204,79.16728509045743
20205,76.1763319047655
20206,74.10215042916383
20207,78.37758776048975
20208,75.33688143911513
20209,78.01552607165092
20210,76.17317316045938
20211,74.51445918769025
20212,74.29888097995303
20213,75.12187249778634
20214,74.88840914801551
20215,78.09665529840561
20216,76.13462637556785
20217,75.6141496023518
20218,75.90943261871206
20219,76.571762691316
20220,75.25074017654691
20221,67.20484032607834
20222,71.22494520808476
20223,74.60701293162322
20224,72.78321724787054
20225,71.52053176680397
20226,73.869507963383
20227,71.77383904462505
20228,73.10234861704924
20229,73.89860703091551
20230,74.67363500168813
20231,76.28569972795901
20232,74.59460539937652
20233,71.98290296948244
20234,68.83837867709406
20235,71.35132217336695
20236,76.42227452776586
20237,81.01177797912578
20238,77.93839001995156
20239,77.61376805840138
20240,76.48471218613122
20241,76.26538459092512
20242,76.87054762085256
20243,77.07105758267033
20244,76.0891501676681
20245,77.00358930272193
20246,78.25876702945862
20247,77.93616638788802
20248,79.43818561474689
20249,74.95635931590687
20250,70.99912059599251
20251,74.64515005726986
20252,76.59876056557971
20253,79.2884504424008
20254,76.66826023335483
20255,70.37722837507727
20256,75.58304220546393
20257,73.59279150251882
20258,79.37560058376374
20259,76.91763355254182
20260,78.40844945434065
20261,78.98583260617926
20262,78.10176132909294
20263,77.59912860954046
20264,77.21197323227625
20265,78.78763597191823
20266,77.38092007653165
20267,77.28441603906793
20268,76.1169845644028
20269,76.3941212889493
20270,77.7308779908679
20271,80.26751919180572
20272,81.66997993754347
20273,78.70881459439119
20274,78.08601359083985
20275,78.11619305262792
20276,79.29332074996785
20277,75.50165823853092
20278,82.35865922191726
20279,79.22090716642737
20280,79.25096782637866
20281,77.29130446924
20282,76.3160373314982
20283,79.14115895812756
20284,77.20633783783211
20285,77.79299710761995
20286,78.16377642029698
20287,75.37077452481532
20288,77.75391131357975
20289,78.90885678410967
20290,75.96348003384958
20291,75.01501226038272
20292,73.0062059223539
20293,76.00808612802649
20294,76.86890683121112
20295,79.97889619651107
20296,77.42261208926948
20297,77.72847195516988
20298,76.92557377149296
20299,77.07514161972648
20300,77.83497506176906
20301,76.21685912525277
20302,73.86414805911869
20303,75.48799798167818
20304,79.13909229675772
20305,73.11051263723414
20306,73.06958810859612
20307,72.11650231024032
20308,75.04892928630386
20309,72.53884294848973
20310,77.06260705792545
20311,69.68126047373693
20312,70.23623490318477
20313,75.07839700237156
20314,74.74852569852271
20315,72.85435764452944
20316,74.05181981152151
20317,75.48571473623679
20318,77.07518965430324
20319,73.6667147671227
20320,69.5860867207
20321,72.19694680173097
20322,72.5618353922091
20323,73.0347586220268
20324,74.75452017518262
20325,72.9457107351227
20326,74.0726681058602
20327,76.74329770662405
20328,76.01236264332505
20329,73.75174981927057
20330,76.57170481776467
20331,80.76057509685148
20332,76.05355867299676
20333,79.34709212900998
20334,79.57619562513833
20335,75.63260913238224
20336,74.11296073229448
20337,80.68806782430516
20338,78.93704909788607
20339,80.95198840923786
20340,80.86895519092883
20341,77.7706952248895
20342,76.64242223063911
20343,79.91844511035026
20344,76.37386688803593
20345,77.64647486828068
20346,73.15351100582524
20347,67.81723270201206
20348,70.79317186317923
20349,74.85448702231753
20350,75.92529794278585
20351,77.55155485846944
20352,77.03184137833256
20353,80.08828827461747
20354,76.55015178475725
20355,80.37394760065126
20356,77.72345289480688
20357,78.0113261970925
20358,78.5849290137811
20359,74.72350668172948
20360,79.75347760406623
20361,78.21739882725535
20362,76.66507795553389
20363,79.10588940681225
20364,79.20934480398023
20365,78.81157560762773
20366,79.81515173363272
20367,76.4883407627018
20368,78.21769419383554
20369,70.12830742042479
20370,81.12246449221146
20371,79.19505450160165
20372,79.56818153301737
20373,80.3403351875478
20374,76.13893716438821
20375,76.89203235919138
20376,77.5655125884598
20377,78.20079333343784
20378,73.15142242186732
20379,78.65509991323393
20380,78.61877975870868
20381,75.57780886771434
20382,76.16889852259749
20383,76.66324731017403
20384,79.16070519638879
20385,75.12780493912595
20386,78.04727099045414
20387,79.54195605474888
20388,75.94252632658953
20389,80.3703411851343
20390,79.62413578102212
20391,77.25394757636968
20392,80.68764907245418
20393,71.54026968356874
20394,67.74918148778806
20395,69.56804782108924
20396,69.42539600068977
20397,71.73091779361499
20398,71.38770223104257
20399,69.42986149405431
20400,74.88825226404117
20401,76.63744715678871
20402,78.28852707825013
20403,76.19846706878718
20404,79.91227539968077
20405,79.68917109048766
20406,79.18479449530736
20407,77.78377896432715
20408,76.4975750440421
20409,78.21229655202046
20410,78.86706395271045
20411,78.59351293693635
20412,80.37261794804186
20413,77.8933304334289
20414,76.96127443317033
20415,75.66670079066085
20416,77.45610586194562
20417,81.07761588643143
20418,82.01467411361887
20419,78.03610374447521
20420,80.48252028541498
20421,75.38507492762199
20422,77.00850728170877
20423,81.78210514047578
20424,77.90214996697534
20425,75.91108379515697
20426,80.92927973907769
20427,79.30400074446288
20428,78.0778221006745
20429,80.01266768259728
20430,76.01675661059255
20431,74.93187456408748
20432,79.5978286096107
20433,78.78301884439588
20434,77.93776559917154
20435,67.84984729566497
20436,76.05943744687835
20437,74.73754799657337
20438,74.78970731629403
20439,71.659536586792
20440,75.00653941008153
20441,74.31443737773839
20442,76.75666011992053
20443,75.78105875667228
20444,72.70324332128996
20445,77.90685792777515
20446,75.7196528061047
20447,77.29812782000249
20448,78.10957341537977
20449,79.49180434698354
20450,76.4831908939397
20451,80.98385167110581
20452,78.25519998975966
20453,77.01494102408816
20454,77.50892811312639
20455,76.6094907870957
20456,80.75390401458071
20457,79.34135107122017
20458,79.4688802724242
20459,81.11837463572755
20460,79.62839812807016
20461,78.22293153849449
20462,77.31199161614774
20463,77.41978756467239
20464,76.97894776575629
20465,69.50721873725496
20466,72.43352736234215
20467,76.25672066882112
20468,77.45246417161741
20469,81.7885882365602
20470,78.9674364239064
20471,78.62288222662954
20472,78.28610073077942
20473,79.64225775788816
20474,80.22027093905871
20475,80.3844018617205
20476,79.17524320135368
20477,80.58790864695834
20478,77.88464381033594
20479,77.63454398849188
20480,80.06000179258842
20481,77.61765994109692
20482,81.27471614878414
20483,77.07140476544924
20484,79.2037051713657
20485,78.39739930350026
20486,78.75729589581903
20487,77.55481404084941
20488,75.42036797017283
20489,73.64069436038903
20490,75.08762553056681
20491,77.74907802142047
20492,77.9789519326842
20493,77.21799517806198
20494,75.97511787797231
20495,76.48162808715722
20496,78.27560462972997
20497,75.78705818776564
20498,77.03107037503167
20499,76.75226574504217
20500,78.64260825995342
20501,77.29383876404489
20502,76.78078914874493
20503,74.3909547432574
20504,73.52382769141047
20505,77.83029072025613
20506,78.74087862461101
20507,77.33833365504893
20508,72.260548305832
20509,76.47474536749894
20510,77.6653642276695
20511,78.63680819078866
20512,77.83833350642595
20513,79.68671866708746
20514,73.52860018451526
20515,77.86722269524375
20516,77.09795583931407
20517,78.00602944961042
20518,79.3519468945467
20519,78.9322161521385
20520,77.50128514080393
20521,77.6261061967441
20522,80.49370934739034
20523,76.95469441655086
20524,78.81048085645932
20525,78.59446381862392
20526,77.23968050519392
20527,79.30198846986525
20528,76.57032774556302
20529,73.00165305563382
20530,77.45476027234491
20531,76.77650808158012
20532,74.48784342542757
20533,76.07456599000761
20534,76.30113747358877
20535,78.89229946168979
20536,77.28323507918213
20537,74.99371700299162
20538,73.62483273079192
20539,77.60532655782464
20540,78.24269211419892
20541,77.09751699474253
20542,79.31487216175992
20543,74.93787590214146
20544,73.62119526481132
20545,75.46241931665054
20546,76.98444966781238
20547,77.18004400338197
20548,76.97072388725394
20549,76.69579046158071
20550,73.91798398584132
20551,73.00785416033187
20552,76.80425529901373
20553,79.39628341880655
20554,75.23745194375078
20555,77.940038682595
20556,77.32548450024069
20557,78.2867543499745
20558,76.66103782068518
20559,75.51763283961179
20560,76.03680219357847
20561,76.46815020462998
20562,73.78930332914553
20563,79.30455576847754
20564,71.70194262304307
20565,70.33972457659326
20566,75.83558359690056
20567,74.02329285176677
20568,71.49782162084887
20569,75.75462280784893
20570,78.26476814722241
20571,76.67403756091579
20572,80.1133804150873
20573,74.84891528245151
20574,78.72619313600819
20575,80.32784666267753
20576,80.18171515003962
20577,79.14582899159643
20578,77.84124262592604
20579,78.13544656116
20580,81.27786268412922
20581,80.76955317538204
20582,78.15404488661483
20583,79.0724855064858
20584,77.23259367427386
20585,75.01661138587588
20586,78.70345478335543
20587,73.94426223385017
20588,80.9145706634784
20589,74.00183715178167
20590,77.98038219734048
20591,73.92653591463568
20592,72.96702054468983
20593,73.82663278283252
20594,76.69649768692096
20595,77.50341191933796
20596,78.52516247234473
20597,73.98425744885787
20598,76.99618264280548
20599,78.1591648711701
20600,75.74692873855878
20601,78.2495643794345
20602,78.13968656054544
20603,73.2350729266638
20604,78.72992696404037
20605,77.7193999745989
20606,78.04980021794029
20607,77.56589854556228
20608,77.25725207176254
20609,77.81762796399329
20610,78.59858330377529
20611,78.67928217125973
20612,77.31938861945838
20613,78.89360010621158
20614,82.43339431991922
20615,79.41399563690271
20616,78.12859003806489
20617,78.62986731107674
20618,77.01143996162506
20619,78.54842817069226
20620,77.02012293670651
20621,76.68749808515247
20622,77.08739292862703
20623,75.15012598601004
20624,79.36146483661577
20625,78.54066701238361
20626,80.79794677951281
20627,83.98685909748997
20628,79.62491934996086
20629,80.47598980101009
20630,79.59573922419293
20631,79.46157334883526
20632,78.40290170321146
20633,79.95897343071613
20634,79.11708323523692
20635,74.46501755944308
20636,76.55813041830334
20637,77.73424919802545
20638,77.49151708038096
20639,77.73492184359276
20640,77.01663178193894
20641,77.32382984338358
20642,76.5832531747235
20643,72.33346718022563
20644,76.30449994020222
20645,79.60148030525056
20646,77.71753951805306
20647,78.46865774662888
20648,79.89247566899718
20649,79.66152057569559
20650,78.00314837743986
20651,77.70759321375328
20652,81.1801192747447
20653,80.91198970000778
20654,80.76430016658946
20655,79.70040633596545
20656,83.2804357344009
20657,80.7084494670832
20658,78.46167415522979
20659,80.31451714343251
20660,78.45996395359032
20661,81.51863665309952
20662,73.77613175668512
20663,71.84454024135783
20664,77.89364146899442
20665,79.40688781797593
20666,76.60801342582869
20667,76.49096609568915
20668,72.70637864383741
20669,68.16329807578649
20670,77.78153093439033
20671,78.58612069758453
20672,78.14644867932168
20673,80.66728461486969
20674,79.46386644973961
20675,77.54724362709032
20676,78.62667325994926
20677,79.75934437637193
20678,78.95446460056786
20679,79.20098558108214
20680,78.78524408359624
20681,76.8509710600128
20682,78.53951653385536
20683,78.35734386058499
20684,80.14840871728524
20685,78.58973029270066
20686,76.68883007983374
20687,76.73669885772051
20688,78.88398056130262
20689,75.66538274365928
20690,76.7980495696329
20691,78.61539415344197
20692,79.0427635412778
20693,82.52990823392327
20694,78.6388654482542
20695,76.38899749463764
20696,75.5789340914547
20697,78.11913418226948
20698,78.24853861210863
20699,77.91356621402474
20700,78.84517959939501
20701,81.65699764993923
20702,80.55574516725443
20703,76.89846675554452
20704,76.05123257343047
20705,78.44346284677783
20706,80.41513814637995
20707,77.79744172314003
20708,79.40056263545858
20709,80.0947623407016
20710,79.53736508734568
20711,79.02436644404469
20712,77.00174055216837
20713,73.82038728084041
20714,78.89790115345659
20715,78.52922478889377
20716,79.1894770559469
20717,80.55265891141386
20718,78.26262429769292
20719,75.8326154761836
20720,77.14036455693258
20721,77.26046689321572
20722,76.36402784505185
20723,77.43335987185253
20724,78.01923352429526
20725,78.45398359863628
20726,78.73883412231208
20727,76.66501340118441
20728,77.80802256242822
20729,75.17139765745691
20730,81.63809051372067
20731,77.75496052938468
20732,78.2961873343383
20733,77.59940911530992
20734,79.16861075124774
20735,79.07115378283652
20736,80.14501761242423
20737,77.9616109515108
20738,79.73211861948971
20739,74.67894763834698
20740,79.77718226276141
20741,78.49233735922485
20742,77.24442434514759
20743,76.93143537246766
20744,76.62685069731225
20745,75.17652966260943
20746,76.57922666061592
20747,76.8471046306014
20748,77.78705707998938
20749,74.45229491711285
20750,77.16199196999338
20751,75.85309546323839
20752,70.83862841344751
20753,78.74467831055279
20754,77.08750456312481
20755,82.0340706840721
20756,78.75034860599209
20757,81.61382871238254
20758,76.52065366474199
20759,81.0721163036618
20760,80.53316864311023
20761,79.50050092517034
20762,78.83629533596047
20763,78.56222574569182
20764,76.65014805309971
20765,78.58671573254526
20766,74.38661297290508
20767,72.87233827277464
20768,80.1980638103135
20769,76.68751231754788
20770,79.34551292818446
20771,75.73200056349748
20772,79.27262538888863
20773,77.5804712750583
20774,77.6817772679936
20775,71.1283650789664
20776,76.46609752393954
20777,77.98017731909573
20778,79.18980535266292
20779,78.9110869200938
20780,78.92872874130575
20781,76.7505963739917
20782,79.0120960038737
20783,80.04795633348698
20784,79.43969859272511
20785,77.72118051028446
20786,78.53198703920128
20787,80.10333143048894
20788,80.47579151219787
20789,78.52247928158391
20790,80.49621343586142
20791,79.3224253430505
20792,74.47772118694957
20793,75.43109522408844
20794,80.08750103519094
20795,76.49699503492769
20796,80.31524656789355
20797,80.34571160171151
20798,75.22925807068282
20799,78.55350345563738
20800,80.60867447296596
20801,74.15018172342718
20802,76.06947001461555
20803,75.12980854324923
20804,80.82088411243251
20805,72.83955065688804
20806,73.69531164529627
20807,80.4454387941903
20808,77.71975770427264
20809,75.48878164185027
20810,76.39968718288026
20811,76.94906158558888
20812,76.16923049731264
20813,75.17431257231004
20814,76.38551411333327
20815,77.6599366254959
20816,78.46156295002834
20817,73.36665184238575
20818,76.69268292118244
20819,77.663355448159
20820,78.23762393940206
20821,77.54228117423054
20822,74.43400846584433
20823,75.56843533125397
20824,76.13362658976428
20825,77.3076435105819
20826,75.21528409161562
20827,73.91913616659855
20828,76.14171322935658
20829,78.57603269602993
20830,76.0019829502395
20831,77.55224470179849
20832,76.00672902896696
20833,75.40729698924412
20834,74.31286581202585
20835,78.44600417017341
20836,78.66482377726135
20837,78.42896780731655
20838,79.63653447353624
20839,77.85874874898076
20840,77.11420260882835
20841,77.3706199589318
20842,74.26421190474673
20843,73.89842204045055
20844,75.12123224724121
20845,78.24691083862456
20846,77.80676221537072
20847,74.75800771815892
20848,78.40843717889402
20849,77.92917481929823
20850,79.13602846329582
20851,78.29934696710563
20852,76.00152839239081
20853,77.23335581815581
20854,77.247440279584
20855,76.89331802860988
20856,79.02074629862983
20857,78.3570273869791
20858,76.34333397697685
20859,78.63163318553768
20860,78.23462167837948
20861,74.9439760215464
20862,73.84875347145129
20863,74.90913609327805
20864,74.03507154135929
20865,76.10861107872978
20866,75.53346672874619
20867,76.14180874725326
20868,77.62665341952248
20869,78.43225741171096
20870,72.0278881254767
20871,73.86445367884386
20872,71.18724771372763
20873,73.17143741426747
20874,76.26203077338448
20875,74.20019782413647
20876,73.08874548703892
20877,72.38613005766814
20878,78.31679706482367
20879,76.71615009370134
20880,73.70716534972172
20881,78.52434295148669
20882,78.19776308510939
20883,78.20177498176423
20884,75.77339305618096
20885,76.85472508427813
20886,77.99857930290813
20887,75.5198101616391
20888,78.53519060917802
20889,76.98437088789001
20890,77.49734977613343
20891,77.47559591163434
20892,74.5378505796964
20893,75.92451502991514
20894,77.651737209315
20895,76.13343884350945
20896,78.00933782048656
20897,78.3069757521863
20898,76.97100280228273
20899,75.30948586205778
20900,74.51722658000625
20901,76.51716787479097
20902,78.8148297492827
20903,72.59314943059059
20904,75.6417501396511
20905,76.42106681024512
20906,74.02329789321175
20907,73.31608517854698
20908,78.11238044409566
20909,76.28023698503722
20910,76.97307777964801
20911,76.33680227047842
20912,78.11917401592706
20913,74.97932622882252
20914,78.24616231624168
20915,78.3043500514463
20916,75.9139584666109
20917,79.92939427486044
20918,76.32300000642971
20919,78.95639550541324
20920,77.06362379829557
20921,76.91940261401709
20922,78.27541848785796
20923,76.38551102718037
20924,78.04761191518946
20925,77.92023624626745
20926,78.73220398426162
20927,74.1647189453596
20928,76.71634925905073
20929,78.23617895596288
20930,77.95142255353119
20931,77.84789074084148
20932,77.86298777266182
20933,76.69005716440546
20934,79.78444389476027
20935,78.10817082892663
20936,75.39240548858265
20937,76.12027447141662
20938,78.22075187917926
20939,78.24210909845311
20940,77.69998859796215
20941,79.42448962690327
20942,75.44347434142577
20943,78.08169140757292
20944,80.20059460408663
20945,76.93855815643093
20946,74.59879602469772
20947,80.64843476723092
20948,79.19769932507035
20949,70.35797600683031
20950,72.15285519716139
20951,75.07196421103879
20952,72.41482009879678
20953,72.22446141271303
20954,75.5607254151729
20955,79.78793406961438
20956,78.95731187695702
20957,78.60657663989298
20958,75.63679225536634
20959,79.75844084456168
20960,80.97595954797572
20961,83.18264532659691
20962,78.99558667410207
20963,80.53241216481882
20964,78.23694257203886
20965,79.37638485876573
20966,82.9244760119795
20967,76.21505844835309
20968,80.56138211569157
20969,82.00872463862419
20970,81.05439097332243
20971,78.49123767363352
20972,77.36675657738408
20973,79.09611809372711
20974,80.21733946853305
20975,77.48232263643087
20976,79.60494278579296
20977,78.41983059278363
20978,78.30721634429563
20979,80.04922409738452
20980,79.92554668805326
20981,78.24997850947483
20982,77.21348423452417
20983,75.78124988588434
20984,75.18498615376825
20985,72.59401745239825
20986,77.65530219668784
20987,79.14958267269452
20988,76.74984170005149
20989,79.4010185885553
20990,80.17298673189163
20991,80.14222154608683
20992,77.06383998262663
20993,80.69075280738275
20994,77.64823027609111
20995,78.86239051920973
20996,79.29687577363535
20997,82.71928738048712
20998,77.08665737158725
20999,76.40606299607816
21000,75.65767104833884
21001,76.09933158936411
21002,73.70018816742407
21003,77.22476111466727
21004,78.7830188443956
21005,75.94482902508753
21006,80.68878891685677
21007,78.46448835059539
21008,77.26397274220568
21009,75.5198101616391
21010,74.45439632060061
21011,79.45735131323869
21012,78.87585575837954
21013,77.23346397686521
21014,80.85254213896218
21015,77.75514058500096
21016,78.8559096307061
21017,75.57912309898217
21018,79.96726522960904
21019,79.21344215327082
21020,79.57683310459544
21021,80.21771617784952
21022,78.40579750843904
21023,80.81045372502433
21024,79.81752398572468
21025,81.70047336513943
21026,78.34362861215101
21027,79.98683611054525
21028,80.3540708854103
21029,80.05223802425013
21030,80.47854406052073
21031,80.92957668289557
21032,78.33473801383451
21033,80.7391142338343
21034,78.93011291252657
21035,77.91630569611794
21036,78.51037891391712
21037,77.49970382975835
21038,77.84008092351849
21039,74.35507405689515
21040,76.11862681936071
21041,71.48769924232442
21042,77.26742581806633
21043,79.46562455726331
21044,77.3237657287537
21045,79.37262731979524
21046,78.19991778409087
21047,78.35865167038298
21048,77.60993277021754
21049,76.16697662659152
21050,73.54317713431647
21051,75.15730294198971
21052,78.04832480580632
21053,77.74215317298666
21054,74.78934911933732
21055,78.68408170106017
21056,77.9453672594467
21057,79.41063919761399
21058,78.50732576194127
21059,76.49288021043918
21060,77.2876237259851
21061,77.17144399077353
21062,77.15085169819923
21063,79.02955633030251
21064,78.12167221450505
21065,76.5524171924186
21066,78.57795437639805
21067,72.36673727843925
21068,76.2656351162957
21069,76.36929322232055
21070,79.52498432116437
21071,73.70008648637497
21072,73.64180153334155
21073,74.12788365556526
21074,78.17835666242036
21075,77.17870894887199
21076,75.89982577248156
21077,68.55481899189641
21078,76.34984834073049
21079,76.75517433441814
21080,76.63857742316333
21081,78.69776291314099
21082,76.48298641386623
21083,77.31601189083528
21084,78.77088242959792
21085,78.60143210302903
21086,75.27480707578837
21087,80.23413414003141
21088,81.24603334339918
21089,78.77644646635758
21090,79.45812850910596
21091,77.0144173109062
21092,78.01003012454277
21093,79.59870378003694
21094,77.63417939955963
21095,76.8524230048775
21096,78.54373425157212
21097,78.91866502323995
21098,76.34686544930582
21099,77.37554191622905
21100,77.02346554650381
21101,78.6936000930479
21102,75.57267530231348
21103,70.7390862692128
21104,71.9124372668445
21105,72.65875079054831
21106,71.11057422488358
21107,68.34488433728791
21108,70.61320306377428
21109,69.94496811691306
21110,72.95977398943683
21111,69.87408289190216
21112,69.24722440588135
21113,66.3629881853604
21114,70.48708025834304
21115,77.81407455938762
21116,78.55897795670694
21117,76.48074358108136
21118,80.24237331941737
21119,71.36318770310561
21120,78.45289432274802
21121,79.77046944752936
21122,79.51286094661685
21123,81.37929334596225
21124,80.23149808690528
21125,79.43481722270792
21126,75.5344463705955
21127,78.10394462361552
21128,78.80486812035866
21129,80.88997105256993
21130,78.67595102119361
21131,77.27309094703969
21132,78.85725038607512
21133,80.96477537225468
21134,79.04503599802325
21135,78.13884613615545
21136,79.04157150442205
21137,79.93394911086199
21138,74.62145886338556
21139,75.44988312998339
21140,80.90459905805784
21141,78.97234924428375
21142,80.03288396228561
21143,77.85931097312675
21144,78.98787711689573
21145,79.2929787567607
21146,77.08299307347511
21147,75.90596607496673
21148,76.92424167510251
21149,78.58284914508357
21150,79.23449036097969
21151,77.32585321393549
21152,71.2570858415578
21153,77.43639182984481
21154,76.32825814289572
21155,78.73631800613805
21156,77.0786181786275
21157,78.62584104438099
21158,75.89703298272639
21159,70.87543036562323
21160,74.42688521897878
21161,78.90547451894543
21162,78.30976744389574
21163,78.39465350440526
21164,79.80085560152287
21165,78.63166550816584
21166,76.90721952560631
21167,78.26095801165803
21168,78.62306798881428
21169,73.74408859505081
21170,75.12914489027474
21171,76.91219435997965
21172,76.38620973358343
21173,78.2863015783123
21174,77.44925256089016
21175,77.33678743755064
21176,77.30392522762338
21177,76.22738076782917
21178,74.34727159913683
21179,65.05732919077849
21180,76.15833236893047
21181,79.3693853736595
21182,75.89484568592911
21183,78.90212201839614
21184,81.26116292726641
21185,77.34782605842992
21186,82.44352839671802
21187,80.88129584459313
21188,80.79677662442424
21189,77.50683715254581
21190,76.86653672718631
21191,79.14726305330441
21192,77.45883807494198
21193,77.45105578648554
21194,77.7377696913889
21195,79.43389802469073
21196,77.28488922357656
21197,78.00858157530524
21198,78.28371602966598
21199,79.76367763027679
21200,77.45765210346292
21201,76.8162321234746
21202,75.33012840466517
21203,74.47425635878216
21204,77.38996135867848
21205,76.55305902596797
21206,79.81334486001799
21207,76.73500076653517
21208,78.76357812716935
21209,74.83833063062656
21210,73.24907708007885
21211,76.83676678537023
21212,68.10614583272695
21213,72.36898256536682
21214,78.74006191402174
21215,78.69246761069445
21216,77.71045100540897
21217,80.18888457175694
21218,75.01316142772487
21219,79.47251951377899
21220,77.41469610827016
21221,78.06630079904778
21222,77.07669521357172
21223,79.94067557424512
21224,77.60011497978729
21225,76.38128876593623
21226,77.28198573119084
21227,79.3038625283458
21228,77.30914669501016
21229,76.76482022836109
21230,76.28833494902312
21231,78.57983039926148
21232,73.62403760062415
21233,74.11386610147628
21234,76.6875942552046
21235,76.78218833363724
21236,78.05188667058547
21237,79.42258444538425
21238,80.30380313467265
21239,76.50358644786513
21240,77.00593027532148
21241,76.8174519279251
21242,76.74178517713608
21243,77.04315798329378
21244,76.24010264740235
21245,76.28230350262379
21246,78.18708239523329
21247,80.02296310121659
21248,75.34657901110353
21249,80.7647638235581
21250,78.63293963500621
21251,77.55810500195429
21252,77.62268801882163
21253,74.50825826464296
21254,69.28227498739693
21255,66.49772720936528
21256,68.36695947221313
21257,69.92533870507572
21258,67.4532994057169
21259,66.72846249099473
21260,65.88336861316907
21261,70.95483489009479
21262,75.53443220251415
21263,75.72226480036875
21264,76.68876662920087
21265,77.7627994806914
21266,79.3103829261326
21267,78.25499787009852
21268,78.668564943472
21269,74.73754799657343
21270,72.95476035566617
21271,77.65352077924535
21272,82.52766333283984
21273,78.53001200156461
21274,78.39561938413328
21275,78.7779129427492
21276,77.18398089888575
21277,78.10218773878375
21278,81.20768757578816
21279,77.45246417161752
21280,79.96968376795354
21281,77.34573842624894
21282,79.14002831639863
21283,74.04524189549181
21284,76.00229430032078
21285,76.9575983767694
21286,74.62799026829009
21287,79.67886709386369
21288,75.22941725529819
21289,76.75043325889402
21290,76.65782098160577
21291,80.98046429649196
21292,78.86480856420798
21293,78.18199793329876
21294,80.4370603596962
21295,79.24281523851039
21296,76.03984668034923
21297,71.95506448329274
21298,76.51170487395171
21299,77.02406189939302
21300,79.45190053252077
21301,69.96361003055051
21302,68.99293442312177
21303,65.95268113381678
21304,70.61199029618325
21305,67.98771094022061
21306,72.14984475044918
21307,68.34941909731367
21308,70.56833613078675
21309,72.42756793757786
21310,78.31926756894381
21311,78.96053297927705
21312,76.82893657616444
21313,79.44979637141148
21314,76.63491997468162
21315,76.57675537468305
21316,72.43676181455669
21317,76.98437088789063
21318,78.32759733751283
21319,80.15629887241357
21320,75.20465541641863
21321,77.78115667127327
21322,75.77888660111358
21323,77.83176957681832
21324,77.8123980305574
21325,78.02087270564118
21326,78.32602261680853
21327,78.62518182327943
21328,77.36657598221132
21329,73.69989655715051
21330,80.70947668097114
21331,78.39304305225028
21332,77.80931994681475
21333,80.20599040078707
21334,80.09510002374611
21335,73.26484526790131
21336,76.01964315940711
21337,78.61768583335731
21338,78.84309448500068
21339,76.46593941851756
21340,80.27578672811251
21341,76.03378558916279
21342,75.30210210641366
21343,66.87461829747406
21344,67.91959527228659
21345,66.56064212590923
21346,68.25842477230225
21347,69.10819375750168
21348,77.56074790410662
21349,75.76574915009405
21350,73.82035554936459
21351,77.5548140408493
21352,74.59850218878591
21353,77.79876834734443
21354,76.00510528991998
21355,77.9856550340615
21356,79.76210380875852
21357,80.25634887384666
21358,76.62114432276206
21359,81.23021356671529
21360,78.44453346826703
21361,81.21374122571547
21362,80.07925962782315
21363,76.5845667371616
21364,78.05073268344142
21365,77.59345205165613
21366,80.78323861775215
21367,77.14088642077837
21368,80.17894298982554
21369,78.12785097037317
21370,75.36574389196068
21371,74.6251306925871
21372,77.36450542773588
21373,83.99128027613949
21374,74.11571558775591
21375,77.68676775979878
21376,76.01569131769776
21377,70.01699837459597
21378,74.46576910881083
21379,73.38312166314608
21380,74.03896016776764
21381,71.66874094760834
21382,73.3856157808591
21383,73.94851345960899
21384,72.43570587755295
21385,79.19144691610472
21386,78.89689909928791
21387,74.1811729069504
21388,74.82354786936963
21389,76.24577575660902
21390,78.34162963604768
21391,74.01858542109085
21392,74.82932394892015
21393,76.79538153852945
21394,79.14775674177588
21395,79.75248536841389
21396,76.82492163584192
21397,79.75856991341885
21398,81.69150376777793
21399,77.8755182411362
21400,73.04264832174181
21401,78.31139261928996
21402,81.91978366174527
21403,78.56208502834494
21404,82.4264785814197
21405,76.5033313651333
21406,80.68148133693029
21407,77.34470024859053
21408,78.40842997576652
21409,71.68307108265338
21410,71.1273986176198
21411,68.4510389798657
21412,67.07952486119774
21413,67.66661712000126
21414,67.47904763977823
21415,67.0919460023162
21416,67.35430535753153
21417,80.24239594234172
21418,78.57325449673425
21419,79.0428631717154
21420,77.88928990935199
21421,79.3113577333757
21422,78.07780527504372
21423,78.95883110462904
21424,77.95166422281596
21425,78.21360847038994
21426,76.97729768778515
21427,76.9124458739783
21428,80.05355810661206
21429,79.2772339316428
21430,79.20228832308294
21431,80.91504094262638
21432,81.2130591231807
21433,78.0411810980927
21434,79.83308891028128
21435,80.78069619928601
21436,79.52460426331521
21437,73.30210702874103
21438,70.84137152970737
21439,72.54918823012679
21440,77.10228015118048
21441,79.56885916653226
21442,79.68049440280959
21443,74.98869101850437
21444,75.30489502733695
21445,79.78361188884071
21446,77.78805734819707
21447,80.1049712453713
21448,76.84119449114172
21449,77.85695082522642
21450,81.21640930365777
21451,78.79709266947691
21452,80.56987835587069
21453,77.73786543196877
21454,80.22275561230708
21455,79.27548391645553
21456,80.34589436474556
21457,82.1681469932197
21458,79.56744516855508
21459,80.12827630413716
21460,77.81861140330176
21461,83.22721625269577
21462,79.62806329274656
21463,79.78109275018613
21464,81.20535777488192
21465,77.58414533966351
21466,77.93139689144158
21467,78.06750850744135
21468,76.88288227440773
21469,78.46233107316664
21470,79.53018079324318
21471,72.9776312549082
21472,69.0126794633934
21473,76.68366809949049
21474,77.08336498491298
21475,78.95994042364612
21476,79.16902611889805
21477,78.17489712019506
21478,77.2114265433425
21479,77.21524924322011
21480,78.49359448079008
21481,77.49789437257272
21482,77.01600872993305
21483,75.37623549963632
21484,76.1983121830038
21485,78.80225789105225
21486,73.96778113732734
21487,78.60788196910943
21488,78.24268818109351
21489,77.27516397821262
21490,77.49150898483202
21491,78.05644164460256
21492,81.1148352313682
21493,80.2899007388553
21494,75.51579041518636
21495,77.1440627492849
21496,79.69177414014086
21497,76.91721768443978
21498,74.32883133233355
21499,81.49839783284978
21500,78.36423289689935
21501,78.39472043656934
21502,79.44431429469472
21503,79.26375523293825
21504,78.76143937832137
21505,79.80558480802449
21506,79.37213303450972
21507,80.40612294107495
21508,78.30526770288725
21509,78.62007634430972
21510,78.10313329790972
21511,78.7893158722095
21512,76.50618801186044
21513,77.42298211950572
21514,78.6735237027545
21515,77.92355591904499
21516,78.62013313637038
21517,78.642797436595
21518,81.2343211735838
21519,79.57345852847885
21520,78.89154541877366
21521,76.00251681013805
21522,76.12854419739341
21523,67.90766814717233
21524,75.7478013430545
21525,78.08317471321618
21526,80.47402115639272
21527,79.40788634632963
21528,76.32924508663541
21529,79.02907542287772
21530,80.49888702082944
21531,76.76135645086475
21532,77.01959101368789
21533,74.36902669518264
21534,69.05280953159922
21535,76.69197406436024
21536,79.9062301123758
21537,80.94602483076409
21538,75.63255811403678
21539,78.39565690266335
21540,77.29812782000272
21541,76.34899480816483
21542,76.13202396114349
21543,72.77715896842597
21544,80.0346092121419
21545,76.6267577467932
21546,80.9040082500286
21547,75.15610103890839
21548,76.07748208630136
21549,77.26826160375288
21550,77.59512300714738
21551,76.50375199745588
21552,76.52358130163424
21553,72.71323965217931
21554,71.40823767778943
21555,74.18907952888361
21556,72.91416976372489
21557,79.45265356647343
21558,78.35248450540809
21559,75.52474910519362
21560,72.64103794011612
21561,73.12225699059042
21562,74.72927908565885
21563,77.51471416739855
21564,74.0889522804581
21565,76.11938881221528
21566,67.67586394703937
21567,70.89382078164556
21568,76.38113921712898
21569,78.61423087212233
21570,73.91777330790325
21571,80.67376002156709
21572,80.87785019253829
21573,77.47634255389698
21574,80.2085807622637
21575,81.28135887214421
21576,84.12406621180946
21577,80.12235227800801
21578,80.65323209280831
21579,82.80310093657033
21580,79.53508811606372
21581,80.38318797099913
21582,82.31282082785947
21583,83.26925305292167
21584,80.97238518497699
21585,82.56168612573441
21586,81.99829597494767
21587,79.27457279335715
21588,82.79593302342442
21589,81.07219659198267
21590,79.9181671205385
21591,81.21923313449065
21592,82.51432081639973
21593,82.8530051641618
21594,78.96761702588196
21595,80.12898299996425
21596,79.20856391565269
21597,80.151043311026
21598,81.47616898399252
21599,81.44992621410768
21600,81.09009027223044
21601,82.81510322074575
21602,82.58991710158728
21603,82.09178541545646
21604,82.84036333142063
21605,82.7072286060585
21606,79.2561734850022
21607,80.13648230721981
21608,84.22312654597931
21609,81.65389598059397
21610,82.66975343207474
21611,82.40609263389388
21612,81.44789424308419
21613,78.32906973869922
21614,81.1734279489466
21615,84.52771734596467
21616,82.17637600212475
21617,80.25358509045367
21618,79.93482733789193
21619,78.4752435872133
21620,77.9860887711788
21621,80.9163444943377
21622,77.14641698629163
21623,80.04958343991626
21624,82.74889934258596
21625,81.50234417280677
21626,76.94777129630211
21627,76.04035692903517
21628,78.6389538138215
21629,74.89145906151765
21630,82.2094985930994
21631,81.3678776996868
21632,81.04223901782171
21633,74.34604405624918
21634,76.7292637624924
21635,67.1833824090341
21636,67.95911215003599
21637,75.80924575355766
21638,75.60845430195417
21639,74.79266301838805
21640,80.01485556632247
21641,78.2568235575668
21642,80.35898539631262
21643,77.5223881872322
21644,77.75166783788029
21645,76.98011924252074
21646,74.7529993836319
21647,77.51879193524354
21648,78.77238316348877
21649,80.39396124152023
21650,80.58059496538931
21651,80.43573198715171
21652,72.01214136572526
21653,76.3379424785403
21654,76.17762583987911
21655,74.79600416627108
21656,79.1321748636729
21657,75.73080602351615
21658,76.59203396518535
21659,79.24810225219812
21660,76.53882821046324
21661,74.25102010386786
21662,77.22393422555353
21663,78.2808021864301
21664,77.49648104285637
21665,80.98066339058698
21666,78.7889765949102
21667,78.17729747837359
21668,75.98599191119672
21669,78.47248920202748
21670,76.9991539156805
21671,76.12446662568567
21672,72.69336391050416
21673,78.33294332115929
21674,78.13354829391875
21675,79.02955922277187
21676,76.3259830385802
21677,74.43085513412984
21678,74.6615394626964
21679,73.31606012316729
21680,78.05657742856289
21681,79.72475106343802
21682,80.27320812648856
21683,79.38187513505443
21684,76.67785445414245
21685,77.12657738311208
21686,72.16912031387221
21687,71.7100643270312
21688,69.80864059897328
21689,75.92877560341259
21690,70.63304660865987
21691,68.41521890102132
21692,73.97371862976115
21693,79.22719899770357
21694,76.90844782385221
21695,79.38826876779024
21696,77.7359021078534
21697,79.24798496937552
21698,77.94133908196909
21699,76.76706485564881
21700,77.5865378464888
21701,80.48466511621541
21702,76.67014556111837
21703,75.34386721540153
21704,70.89520303519703
21705,75.3041224830423
21706,77.02534556874747
21707,77.35415570852905
21708,76.62463172965073
21709,74.81364840632153
21710,75.25140172644666
21711,78.21825083027937
21712,78.72976874143063
21713,79.46697639643935
21714,74.89905788472635
21715,76.44974483493473
21716,78.50539589227145
21717,78.04634860254015
21718,74.98487978920303
21719,74.25813823016665
21720,74.90002385573024
21721,72.41579379576984
21722,73.83891010809754
21723,74.71594263228451
21724,74.82895592011096
21725,75.27076318939618
21726,81.20188267931923
21727,78.21350601722742
21728,76.14743620485712
21729,76.61314146155837
21730,80.77236180245632
21731,78.72812257740395
21732,79.03548949019347
21733,78.99349488277767
21734,78.13240468971196
21735,78.12001078552191
21736,79.67263975987055
21737,75.41004505970807
21738,77.90775608875634
21739,78.8837442466542
21740,77.5021222453766
21741,75.60335574431781
21742,77.73326798896284
21743,78.4289950122456
21744,72.34441279217765
21745,72.00954234258705
21746,67.47869017487147
21747,71.71572240057782
21748,76.96135731851217
21749,77.54168453596924
21750,75.51599379906969
21751,75.59830316581179
21752,78.6932844856434
21753,71.81519360311125
21754,75.25454388590003
21755,78.15314278073475
21756,75.4164899950382
21757,75.36047280198386
21758,78.52123751618262
21759,74.02693040379813
21760,74.44366030708409
21761,74.07361797539232
21762,73.3607963105863
21763,72.31035761887449
21764,69.16086837987251
21765,67.91276266533657
21766,74.36014889432056
21767,75.62840786959498
21768,74.87850296949466
21769,73.65591827328109
21770,74.35819497190471
21771,75.25343255820201
21772,74.61391219498103
21773,76.55371142379283
21774,73.33003533530547
21775,67.01155125091987
21776,78.38735498999284
21777,78.65693431329782
21778,77.80628795502946
21779,75.56708078603486
21780,77.42735490824685
21781,76.61503887149803
21782,76.51398693112122
21783,74.6343540766058
21784,76.37486297287666
21785,74.47394100321986
21786,76.78836147732005
21787,76.40145424077753
21788,75.94349922569683
21789,75.38037015063958
21790,76.1571219886311
21791,73.00082625899341
21792,72.72418606271168
21793,72.99362267954587
21794,74.18819944766034
21795,77.02738986434451
21796,77.57445233329207
21797,77.08007284940851
21798,75.21327216205196
21799,73.3732778807464
21800,75.27256494677079
21801,69.69693950533593
21802,68.334125830787
21803,72.82235969202424
21804,70.66209659725143
21805,73.30499129576367
21806,71.34074016219319
21807,72.71132847246622
21808,74.64103563785307
21809,71.05907941630028
21810,72.85322370443862
21811,67.74047947775983
21812,74.32781805313283
21813,76.34722319779303
21814,77.6311670410401
21815,77.46633140743603
21816,77.33486775322979
21817,76.30443693537791
21818,77.20334358232395
21819,76.5887215936533
21820,80.16092945035513
21821,80.5535732636672
21822,80.20604078296657
21823,78.87240604292845
21824,79.17831724612364
21825,77.12939953767653
21826,74.20583999019948
21827,78.01615616761308
21828,78.62041998013308
21829,79.54516736763588
21830,75.70435586767553
21831,76.89308806818042
21832,79.02585361275874
21833,76.6759453020083
21834,75.35902682336655
21835,71.92226036269085
21836,74.419640276277
21837,78.02487027548443
21838,79.01908402740952
21839,77.1508674222257
21840,75.3315534384468
21841,75.0331871719327
21842,71.15613274205583
21843,71.03808369219286
21844,73.69912571352671
21845,75.54888401345323
21846,78.19077790981328
21847,74.78610538753475
21848,77.81559174139704
21849,75.65591149317203
21850,76.67079931713602
21851,80.70385682506753
21852,79.71414990739817
21853,74.6320909191187
21854,76.62328206913264
21855,75.60850791103456
21856,74.58335340275238
21857,77.21142654334238
21858,76.41608049809258
21859,78.1392697289877
21860,77.76217180629851
21861,76.85730942025276
21862,79.79075701239879
21863,77.53434469600546
21864,77.81296063699722
21865,78.44120543463526
21866,78.21502340549489
21867,75.93300861563677
21868,78.59380720975031
21869,72.83846759727061
21870,72.70768863179677
21871,73.10277313618951
21872,66.62290659815687
21873,73.62728059995942
21874,77.30042930025996
21875,76.40239650613375
21876,79.2587692192397
21877,78.48854318223181
21878,76.67788847642709
21879,73.14121194615558
21880,75.68136148344473
21881,77.33839255754265
21882,77.8692373371278
21883,71.1234027079285
21884,76.04537784456079
21885,77.0678771863885
21886,79.30355239647821
21887,77.5816994523135
21888,77.03449601486011
21889,76.66254769735247
21890,76.6701455611182
21891,76.3622568411671
21892,76.43295295980187
21893,78.75336406536991
21894,75.39981536339576
21895,77.13365665892087
21896,77.33380493104733
21897,79.13922370437206
21898,75.27359275187354
21899,77.86720250829484
21900,77.84811015114713
21901,79.35581372631827
21902,77.96710293337532
21903,77.23292201257459
21904,79.94364331460639
21905,79.74022185556112
21906,80.25358594524596
21907,78.33837450184461
21908,78.0930019156736
21909,79.65761086078516
21910,79.04286317171534
21911,79.63409069638948
21912,76.43785306012342
21913,71.08512394809321
21914,76.75991518580258
21915,78.64191635724609
21916,76.11416241890686
21917,75.30489502733701
21918,80.0698280365047
21919,72.03435734254407
21920,70.4009250074098
21921,73.51980060146894
21922,75.11411395111031
21923,74.18068992431756
21924,75.24619218240622
21925,79.45122172547917
21926,75.71935848043444
21927,76.88123647012748
21928,78.07475930040044
21929,74.89101455630481
21930,76.29190805351175
21931,78.2981522281246
21932,80.23406715892662
21933,76.64548016750052
21934,77.60545379275675
21935,78.17056678604342
21936,80.21210363065387
21937,79.4408185767802
21938,78.78387771409655
21939,82.28710123555749
21940,77.24838825630547
21941,79.3958223814468
21942,78.75514785796747
21943,80.59021782566515
21944,79.12611618752203
21945,79.71463767045856
21946,76.80093019821362
21947,79.69217737072472
21948,77.53476713719215
21949,80.39649455292465
21950,78.09546566455077
21951,78.40480106161033
21952,75.83876046844739
21953,75.36400355406232
21954,78.45922126942787
21955,78.60920787286585
21956,77.28571932927645
21957,80.48609363407923
21958,74.97276772578084
21959,77.92747770447494
21960,78.59298017525964
21961,78.66798749930524
21962,73.4128613803677
21963,78.28402780892048
21964,74.06393707995471
21965,70.93745983728661
21966,76.98035318307797
21967,77.21006992667418
21968,77.7733930150194
21969,77.40547918224081
21970,78.92224179543007
21971,78.30638322616943
21972,83.11937453623119
21973,79.23065896024843
21974,77.82259029018775
21975,80.85301418710054
21976,78.50282030964007
21977,80.34251362795766
21978,78.46900340377539
21979,77.94027659748241
21980,77.26888891832351
21981,77.97388638707548
21982,76.99018379875179
21983,80.12751126155507
21984,79.30266532811004
21985,80.78998460150984
21986,77.6597736541595
21987,79.14154695448417
21988,77.79443578346792
21989,80.67300665334164
21990,79.3492566303484
21991,80.4660519491726
21992,79.53501038316244
21993,83.99983968267259
21994,78.67790592667683
21995,79.1504891641452
21996,77.40729951119329
21997,74.28802697705356
21998,80.84486172403507
21999,77.86852018314039
22000,78.62392395102034
22001,76.99688497269739
22002,72.05154570898168
22003,76.65094266390139
22004,75.9800267270059
22005,77.37230545287855
22006,80.82640860017062
22007,79.10793565296069
22008,77.30073391201546
22009,79.16221610247982
22010,76.15486676958756
22011,77.7925517609383
22012,81.197243367726
22013,78.17636692838494
22014,78.13693942227349
22015,79.20508594453366
22016,78.52444063595601
22017,77.27643805203786
22018,75.46903291801556
22019,77.63334930045079
22020,80.26189911573294
22021,79.10058883533878
22022,74.38235920857653
22023,76.20472311134745
22024,73.84059421228989
22025,76.71897536290413
22026,77.0503455498145
22027,76.29037724429702
22028,79.16104281157726
22029,79.5783452309741
22030,78.29647744950984
22031,72.89640959430295
22032,75.57600659701012
22033,75.05508286968319
22034,75.78017232180446
22035,80.0172698318874
22036,79.3422914126811
22037,80.52423496436933
22038,79.67991182947605
22039,79.90349346123196
22040,76.06706744817131
22041,79.18526854487607
22042,78.88198699126809
22043,78.56252868959206
22044,77.81157930185543
22045,78.68338336742585
22046,76.42913336951881
22047,74.74765102296755
22048,78.88542622664664
22049,80.90052306617974
22050,78.96448141938663
22051,67.90632069314375
22052,69.45629040757655
22053,70.18387268024549
22054,77.26359575723478
22055,75.96749575400429
22056,79.78419582192822
22057,75.04639476158121
22058,76.21866571177208
22059,74.98123291799874
22060,72.60653135121242
22061,73.14797327825704
22062,75.13052516081149
22063,74.07845220772197
22064,74.34590155507505
22065,77.53185657835252
22066,77.00224455160082
22067,79.80458238453389
22068,77.3415655915988
22069,79.07878000052114
22070,76.39198557044818
22071,75.59089992481876
22072,75.08800073965654
22073,79.48882345492012
22074,79.36026009856829
22075,79.97956547822224
22076,78.88824885509945
22077,79.14848713259016
22078,77.66784744443805
22079,77.89817955929124
22080,77.32552368022249
22081,75.76595103200157
22082,77.11442683011921
22083,73.93821112686715
22084,75.37467281767869
22085,72.49656027003226
22086,77.34365515182395
22087,79.13863163076121
22088,77.90019611207191
22089,77.67589849361082
22090,77.61055277687768
22091,76.93181442863562
22092,77.23175162307274
22093,72.47170948023245
22094,76.90320402418291
22095,77.96785614337819
22096,78.00211807819227
22097,77.68807366216214
22098,77.96617694795623
22099,68.42601931290449
22100,70.79287770643828
22101,75.70510270302435
22102,78.04228088210442
22103,76.57667269735327
22104,77.94271613219172
22105,79.7532909836749
22106,79.25054615109286
22107,76.9600894243066
22108,76.75289418907397
22109,78.0860193467712
22110,79.05342808443106
22111,76.45125324821248
22112,78.9658035532994
22113,80.05895052974608
22114,81.43247091715187
22115,77.79527506465575
22116,81.90244471961
22117,78.22824648021356
22118,78.04404798879523
22119,81.40377173015975
22120,80.26200247066436
22121,81.00399667677033
22122,78.14491043536538
22123,76.61567302726121
22124,73.17918279508103
22125,71.36300561804723
22126,76.50752098663986
22127,77.68532105705322
22128,77.60537713004197
22129,77.51226152883476
22130,74.91364541069743
22131,75.4953822356967
22132,76.31045702058435
22133,76.45099993585745
22134,74.3238693518229
22135,73.44110353379943
22136,71.61355668379196
22137,71.46980568789945
22138,67.6087510798913
22139,70.47395581481618
22140,71.6710295717076
22141,78.07309641893664
22142,79.03008354199812
22143,78.06034085773484
22144,78.83993973230895
22145,73.66902656285544
22146,80.59316220200839
22147,78.40469584962392
22148,79.18595578729861
22149,71.24411870300275
22150,75.69231724983467
22151,75.06445060063453
22152,78.7508719566024
22153,77.77890600088227
22154,77.8850187187071
22155,78.20015159432864
22156,75.91227853666629
22157,77.58360480642415
22158,77.77972074177956
22159,78.80617286662232
22160,76.76630509677682
22161,73.38089151806946
22162,79.06313053276529
22163,80.1588210881381
22164,78.45503125249553
22165,80.7252983967274
22166,74.1696104039824
22167,78.06287982564726
22168,81.53623725177596
22169,78.92120508065977
22170,76.92859865473417
22171,73.17426364259086
22172,79.58183492091536
22173,79.46451252711097
22174,72.93971153889487
22175,79.47757948615151
22176,75.21093636516821
22177,77.29039491600128
22178,77.41037320159899
22179,78.1110506708967
22180,75.02453817961452
22181,74.28831582911891
22182,75.31648271318437
22183,75.21972183300096
22184,71.964750107952
22185,78.49549677324899
22186,77.32295562439248
22187,80.56584354279374
22188,72.75689246326749
22189,66.2861564036441
22190,70.27033234405536
22191,69.8888953917263
22192,69.33517605564737
22193,71.23751461642297
22194,74.25680181662477
22195,77.51865372764519
22196,76.62610867926912
22197,74.9424864363715
22198,71.57086292593374
22199,73.97540210000614
22200,76.25398461947862
22201,78.81214289747965
22202,78.00619862948673
22203,75.03534311934851
22204,76.79741065497291
22205,75.7391672922974
22206,75.59760293110293
22207,72.30616237705362
22208,75.20064754650264
22209,78.85704650485951
22210,78.32976032725895
22211,78.40593830317027
22212,71.37146523935138
22213,78.84107514213889
22214,79.24702343145418
22215,74.32893857624498
22216,77.36609749141525
22217,76.65919187104663
22218,78.7514500834751
22219,79.02407262425783
22220,77.45668366895256
22221,77.81684283117403
22222,79.49089047026678
22223,76.41960295360985
22224,78.84709985462428
22225,79.52015392254435
22226,78.60666634501575
22227,77.3029475529633
22228,79.14993609624867
22229,79.6763683459958
22230,79.69670211200588
22231,79.49974130057984
22232,80.37677718998378
22233,80.7366792529699
22234,77.7854613781576
22235,79.62676748734629
22236,78.09492668150631
22237,78.35443293652759
22238,77.34781510775679
22239,77.29157465280088
22240,74.01855076292378
22241,79.08208510810721
22242,74.7920760945172
22243,74.59935007114194
22244,78.25544462003177
22245,79.07449396818333
22246,75.32427067185654
22247,76.72896478362048
22248,77.90583341726602
22249,73.45615172226758
22250,69.59707010963342
22251,78.13088940297985
22252,75.17415012122888
22253,77.35410793454434
22254,78.26904277571356
22255,76.3610104773345
22256,78.9894496713473
22257,77.10425943495318
22258,78.88101187096794
22259,77.49348798425927
22260,79.1241263577428
22261,80.44987994681367
22262,78.46318021743292
22263,80.26199431062531
22264,80.72542992292631
22265,80.92952839018739
22266,80.92735930213462
22267,80.91421434066126
22268,76.61991862419615
22269,76.15631627815895
22270,78.86288655931156
22271,78.2711788486734
22272,79.09967051714096
22273,74.00043144194757
22274,78.4888820228669
22275,75.58963147970417
22276,78.62065638436974
22277,76.71055721598503
22278,76.34299107124724
22279,72.35322977483145
22280,79.24123037087719
22281,79.23702310333084
22282,75.94639205241549
22283,79.6673337835054
22284,79.61850835854193
22285,80.41787577317831
22286,78.81145460549436
22287,76.76630509677648
22288,78.35583649521504
22289,77.11937812619539
22290,73.71904341493075
22291,77.92953167962463
22292,81.4079190001732
22293,77.41277743563046
22294,78.84886230994579
22295,79.75079916149099
22296,78.86038283194023
22297,74.15720367001853
22298,73.85963262768917
22299,78.8795444103036
22300,75.69305954100287
22301,77.35718064893524
22302,76.63193053622513
22303,76.83541429188
22304,77.23433350075663
22305,78.00844178938934
22306,77.85505891211375
22307,78.42866928972768
22308,78.44785956394372
22309,78.10017834892744
22310,78.13810613116465
22311,76.31605899623656
22312,80.27299546738124
22313,77.62416239902302
22314,76.2646682101232
22315,69.67047849936006
22316,77.93644076070518
22317,76.87617691751859
22318,79.42427105139865
22319,78.68647620365687
22320,76.54205166372378
22321,80.08578117811703
22322,78.07523291835452
22323,76.53045206442823
22324,77.10388998884957
22325,78.83156092827107
22326,78.91115195970758
22327,80.91774304969806
22328,79.08291832732715
22329,77.6912966406689
22330,77.50337408286072
22331,76.61906665142328
22332,78.09410209054187
22333,76.70344947448109
22334,78.76544450699669
22335,76.73049233919897
22336,78.56430727893911
22337,72.02125812248977
22338,76.58887030919749
22339,77.24195665038121
22340,76.13908001143034
22341,76.95168189150115
22342,80.38719420273708
22343,79.76917375060032
22344,75.82146205915797
22345,77.43787843226806
22346,78.76481176768459
22347,76.72385096431327
22348,77.5953508219157
22349,77.5273668496219
22350,76.38528762253975
22351,78.7256492617455
22352,75.73319638967763
22353,75.22833100459479
22354,78.2591770081819
22355,74.75045463868344
22356,76.6817257016674
22357,75.81601705151712
22358,76.81280301351262
22359,76.92309925161214
22360,78.55239609306892
22361,80.52980301143418
22362,75.11907203816293
22363,77.27144309963546
22364,71.4599768796217
22365,73.30150578902692
22366,77.26142215215913
22367,75.24305085717702
22368,80.19471288363565
22369,78.17404312831036
22370,77.35405289448858
22371,73.7252974258796
22372,75.14228375985601
22373,75.99024285097346
22374,77.11796201755362
22375,72.30366114772693
22376,76.58403264847055
22377,74.21424826818173
22378,70.7403668532433
22379,69.90251080638694
22380,70.89655798595265
22381,66.04596430722341
22382,68.23833638763836
22383,67.67851645325368
22384,67.67773289215364
22385,65.1161131112438
22386,64.47358418375597
22387,73.21290840478315
22388,77.45562970100855
22389,79.30369333490268
22390,79.08312799908543
22391,76.29433958754157
22392,72.14629184027251
22393,75.48003038955216
22394,75.78176427523789
22395,74.8421515396451
22396,77.6381130054616
22397,76.75213675274898
22398,73.56849472669967
22399,67.96378333583374
22400,67.93079612514072
22401,73.14821542423311
22402,68.41535835080788
22403,67.44794716652882
22404,73.84725446093984
22405,72.89639858467132
22406,78.62553616485195
22407,80.2729954673809
22408,79.31515762803804
22409,78.34026097657534
22410,80.24525888116386
22411,77.35771001525836
22412,78.03010753884189
22413,76.5389296712616
22414,79.43218567852205
22415,76.72195895474283
22416,77.29103679138098
22417,77.41791479118473
22418,79.84389982645081
22419,78.2579326294869
22420,73.52491713208406
22421,82.51894272119551
22422,76.7202153893229
22423,79.91902145313685
22424,79.03821939378878
22425,80.53854058986252
22426,77.63858004065554
22427,78.11388032220657
22428,80.19278703449669
22429,75.53203216147585
22430,77.98160000509654
22431,71.75615052493134
22432,76.79244528662497
22433,78.5227894447151
22434,78.92740959897776
22435,79.43262419038689
22436,77.46763294925097
22437,76.76386589523509
22438,79.85330146253432
22439,80.80481959189524
22440,75.89340884817278
22441,78.73602606970991
22442,78.03199413172985
22443,74.56280259703664
22444,77.67203927526822
22445,78.72836258907552
22446,78.33010381045744
22447,76.60826516238262
22448,77.78646093622655
22449,78.84457956905749
22450,78.93599608255562
22451,74.7589766340231
22452,77.42167644909688
22453,75.16451520728435
22454,75.21109427645092
22455,72.56855154821517
22456,74.70691714441568
22457,76.24123047103114
22458,78.22197413440847
22459,74.6325941032739
22460,74.94126482493817
22461,76.26983314786088
22462,78.7808445108559
22463,76.49428542540699
22464,78.7555260200337
22465,78.1324120238142
22466,75.11908772474192
22467,71.54153428969238
22468,75.58234453608941
22469,77.76857217625712
22470,78.2294872055046
22471,72.4091740700838
22472,72.11879085140805
22473,70.81938576053506
22474,71.24903867506737
22475,72.47939778524693
22476,75.27787374122533
22477,80.39139814598946
22478,79.25162643158222
22479,77.54870428365183
22480,80.68236649001881
22481,77.53120385140596
22482,77.15702064561299
22483,73.1201455616623
22484,73.45416968942664
22485,75.5900405013989
22486,73.83382109493664
22487,75.25615866138003
22488,73.7061609082873
22489,75.132703035975
22490,71.11284396769145
22491,72.30997351639036
22492,74.33725505915879
22493,76.54746184570394
22494,79.01288526477327
22495,79.0434288156925
22496,79.71412551503136
22497,77.13621348690765
22498,73.25145881454824
22499,72.67967197246139
22500,76.16853472590748
22501,74.66371019230212
22502,77.13787872609294
22503,74.47389801861902
22504,76.45312799783687
22505,77.61765429068191
22506,78.0414277614044
22507,78.09616728544546
22508,80.74674322590317
22509,76.52992807378234
22510,74.68797898602492
22511,74.99969100284767
22512,74.65089763570671
22513,78.39037572674795
22514,77.57845338579119
22515,78.27493198231844
22516,83.56788237029997
22517,77.27502691974723
22518,71.84400438456049
22519,69.59905123606126
22520,68.6369855755321
22521,68.7270181095771
22522,73.17336270570433
22523,70.32258244987582
22524,70.76253468368526
22525,67.90389112406297
22526,69.46892053776514
22527,68.77774717325144
22528,70.13113370134369
22529,71.03484730854535
22530,72.19097088653649
22531,71.81359148749209
22532,72.81864072656481
22533,67.99740146641392
22534,76.0190813955627
22535,76.63785670732437
22536,73.79125846937671
22537,75.23107347987315
22538,71.16933173517072
22539,74.39926029156095
22540,72.20837659684543
22541,75.53439250709317
22542,74.9697565552309
22543,75.55274653046962
22544,73.93488552619493
22545,73.67624001283036
22546,80.06721414573258
22547,78.09466574983901
22548,78.85445373457782
22549,74.86708957284361
22550,79.25805827789645
22551,75.15156853201654
22552,73.63293348353966
22553,73.7475888760103
22554,78.42288646641077
22555,77.78942981335251
22556,79.61352227301745
22557,78.37999854234329
22558,77.74721639513336
22559,81.49245486699164
22560,80.77862470060222
22561,81.29312788880628
22562,81.73011827790009
22563,83.20161782999384
22564,79.3699688154311
22565,80.75936038881514
22566,83.97329143080702
22567,79.57217129310845
22568,78.59677920461803
22569,82.95345205512757
22570,78.85965595785899
22571,81.89147178708407
22572,78.59773775544562
22573,78.80542751418818
22574,77.69480705911803
22575,79.6931748096739
22576,77.40395181967926
22577,79.75648767166581
22578,81.38648888795672
22579,82.06092578613243
22580,81.64960694349975
22581,84.16876638028612
22582,81.01622278286624
22583,80.61513990149547
22584,73.69410512294712
22585,80.26467264979436
22586,80.05021691245014
22587,81.32628042381134
22588,82.36860343259417
22589,79.90036234947746
22590,78.9461067913075
22591,78.32350499557936
22592,69.73763571199373
22593,75.13587594473029
22594,77.54190234346976
22595,79.54251179192698
22596,76.25759329599981
22597,71.63716796140636
22598,77.42696486196053
22599,77.94976925064014
22600,75.8690855834202
22601,75.72858614031759
22602,74.67820937990007
22603,73.43312849860666
22604,74.33955280084501
22605,78.71555983814835
22606,77.46932027977283
22607,76.98200691503939
22608,76.96275218458794
22609,74.53954340036091
22610,74.03254703844937
22611,71.72698330186194
22612,75.12096788668566
22613,79.06852134863595
22614,74.25554261215302
22615,78.78261998086037
22616,79.59900108906606
22617,80.27342161490725
22618,83.25459621889752
22619,78.43075192811403
22620,79.50888299591963
22621,75.7813456242344
22622,79.32228753169773
22623,76.60326456952077
22624,79.13478292148886
22625,76.69268292118221
22626,70.59074851782697
22627,72.84945776012722
22628,75.02176319289379
22629,69.67489800773541
22630,70.61513197965354
22631,72.56770441205231
22632,75.90111047891133
22633,77.32259829376756
22634,75.52686720164996
22635,78.23667141026982
22636,79.9243886942566
22637,79.33168671267418
22638,76.87098313436212
22639,79.36991814199149
22640,78.07192885068838
22641,76.22559070234348
22642,79.15564067910975
22643,77.91798287031281
22644,77.97484453402524
22645,76.82368558371769
22646,77.02592481974318
22647,76.61424677218793
22648,78.7067204863547
22649,75.37000739221321
22650,76.57268785749517
22651,78.31623141297393
22652,74.75279626783629
22653,76.5054604435669
22654,78.1040502022575
22655,76.83477557258374
22656,76.26047555121374
22657,78.47825240855514
22658,77.11698512922425
22659,73.60438048116032
22660,75.16862109836029
22661,75.15756747761765
22662,73.62624259546652
22663,80.33154409502635
22664,80.3744702687207
22665,81.30065591385915
22666,78.65561917427402
22667,78.96969868492806
22668,78.65872421117706
22669,76.52221282581405
22670,77.36592375052538
22671,73.90378982564488
22672,72.2646636475136
22673,71.80132959666594
22674,74.18554985510752
22675,74.04232366179662
22676,75.38464351243937
22677,74.77907328972424
22678,72.72323417996506
22679,74.58945172300196
22680,71.85651404780617
22681,71.58621260271786
22682,71.99109523903991
22683,74.11647872319992
22684,77.80231094378087
22685,71.38418461474822
22686,76.92307077160581
22687,77.79080727129292
22688,74.71562292850194
22689,74.93597453238209
22690,73.87453314281936
22691,75.16134420509616
22692,72.30582540262702
22693,73.65224706318185
22694,73.4552044240798
22695,72.4473773047838
22696,72.79568799002112
22697,73.98177039613347
22698,70.34693170966256
22699,66.4002274301904
22700,71.53875951249938
22701,70.66218460639703
22702,72.73160563960852
22703,71.26256581219877
22704,65.74410203461923
22705,70.39285370731096
22706,71.60383714231767
22707,74.40613587650137
22708,73.63911716163398
22709,63.79152231938917
22710,67.24648557461455
22711,72.89471108680755
22712,76.65997526810742
22713,74.32414828146187
22714,64.14282092743633
22715,70.30006559750046
22716,74.57713454484411
22717,76.8545221216965
22718,77.62928325482983
22719,76.44919111759145
22720,76.56953765595836
22721,76.33875637540223
22722,74.95226014806371
22723,74.3280260836159
22724,73.65236858893132
22725,74.29238134141127
22726,74.07887739985614
22727,75.46730789723136
22728,78.73791324004759
22729,72.86387592224753
22730,74.64910687331235
22731,74.65099973061285
22732,76.48551324960692
22733,72.92234515720764
22734,73.35479387990028
22735,76.26505734899541
22736,76.93320784900271
22737,78.46469317135075
22738,77.34000950848827
22739,75.49561910464968
22740,75.85067617626271
22741,77.31527803881687
22742,77.87832201270112
22743,78.86566245602967
22744,75.5296352093219
22745,76.46662163358269
22746,75.4779922485626
22747,76.68558605967797
22748,76.94331727003333
22749,74.57841374364017
22750,78.19371797191582
22751,77.41310899909996
22752,79.23883352049018
22753,76.41835269218188
22754,76.51888234099266
22755,78.2920600803289
22756,81.70820626550102
22757,71.68808643163845
22758,74.80777097822164
22759,78.62147872839182
22760,78.34436108702914
22761,78.15736277885964
22762,78.44524416397229
22763,77.69300547486478
22764,77.72255354082387
22765,78.28554849191698
22766,78.55997501987747
22767,78.68458659602464
22768,80.96393815962642
22769,77.91172441817855
22770,79.81427002333459
22771,82.68812899185633
22772,80.03774061967528
22773,76.00044944427708
22774,78.81482974928286
22775,79.59508221082524
22776,78.40510641351938
22777,73.82829904688339
22778,69.55960183949355
22779,72.60805386129681
22780,72.17654149249023
22781,70.8862844156476
22782,67.88338101203601
22783,66.8432304839115
22784,66.23825153567611
22785,73.6546366139736
22786,75.03651085995477
22787,76.76373656121501
22788,79.38490155420646
22789,75.5524570453785
22790,76.24039530427876
22791,79.9400101651105
22792,75.71560759913996
22793,78.57805182737928
22794,80.84759591323262
22795,79.69833445776578
22796,80.01638608444313
22797,80.29543250631195
22798,75.77732738405234
22799,79.47685287691797
22800,78.77066300753938
22801,77.75551308428521
22802,78.2213453160769
22803,79.02091771102613
22804,74.80166962091795
22805,72.58246371843359
22806,77.5386784229973
22807,76.07873689952436
22808,78.60044314181044
22809,77.91404239892222
22810,78.63881709380365
22811,78.23279631948577
22812,78.36567979080371
22813,78.83373216660493
22814,73.3029489123852
22815,75.64272281252573
22816,72.50238994784439
22817,72.72500977056433
22818,73.36672642279291
22819,75.331015611098
22820,78.52147152394662
22821,79.54970396850939
22822,79.16127464363854
22823,80.70321011135138
22824,77.46135221547183
22825,78.1139605018887
22826,81.6669623255604
22827,77.08582167082949
22828,76.7215154385683
22829,79.2748876993544
22830,73.66178270104677
22831,76.98501541160738
22832,74.64890522418955
22833,78.4948418699534
22834,78.6018424298918
22835,77.64840555582214
22836,79.92529492723338
22837,78.67478737706307
22838,77.5661502971775
22839,79.26982131197474
22840,77.79660917817307
22841,77.06884769135695
22842,78.99194160938936
22843,76.31830964914104
22844,70.30486659420217
22845,75.59561006841568
22846,74.51868847430899
22847,77.00636959756514
22848,78.10432951222003
22849,72.77404582148125
22850,74.99836906340443
22851,75.78745005201455
22852,78.42447242263302
22853,76.92903115920177
22854,79.39891061065038
22855,76.87373725260107
22856,79.3988986563121
22857,80.50680230673356
22858,78.13468465408425
22859,72.5478723658041
22860,73.38587258641303
22861,68.8573443116407
22862,65.4414377615982
22863,71.20474563445913
22864,74.54797259074081
22865,73.99642007047038
22866,72.36609126700296
22867,74.47737474833656
22868,75.03057129435058
22869,74.67620965879797
22870,73.20290038875186
22871,74.25470228415725
22872,74.04038069449297
22873,75.785636613257
22874,78.0455113288512
22875,79.11808848705249
22876,75.96073635592535
22877,75.08396959051896
22878,75.34211654551609
22879,73.5214295103155
22880,78.08885807514292
22881,77.1880390294254
22882,77.13169813795662
22883,76.85214109730452
22884,76.33973263143287
22885,74.31371536836429
22886,69.86369902610926
22887,69.49219235600293
22888,69.95042742047235
22889,72.20231832161318
22890,71.32143690844487
22891,74.03152724752744
22892,71.5837668058868
22893,71.29376046271722
22894,74.03023844232632
22895,69.54011965615643
22896,71.59689346539739
22897,70.62390304063007
22898,75.51461407367606
22899,80.56054667516281
22900,71.76983147364564
22901,77.13820997011254
22902,75.59078150638896
22903,68.72186417032293
22904,69.39362534156965
22905,74.61474042298943
22906,69.92047818942075
22907,68.69604541400423
22908,79.95506445588728
22909,78.13811122715339
22910,78.60457432739906
22911,78.86291974413302
22912,81.71569968272411
22913,79.44314251989715
22914,76.90661930338689
22915,77.14197017100429
22916,76.14235929036124
22917,77.97223776401643
22918,80.19853706824324
22919,78.96040167485052
22920,79.00524977746323
22921,78.61466364419647
22922,76.4085092720419
22923,78.85977492986154
22924,78.36616504987632
22925,78.23487355690389
22926,76.94052285969894
22927,78.97686895051152
22928,79.00007792315944
22929,77.73884340042486
22930,79.02047576915811
22931,78.41738893359968
22932,77.41380680810994
22933,76.64959848158213
22934,74.36365142757865
22935,72.02267062645518
22936,78.74173285668019
22937,77.81864973973614
22938,76.58680972638211
22939,76.76907406988909
22940,77.37258795681515
22941,79.04496730389099
22942,79.04415208727846
22943,78.94083623969459
22944,77.40784288726923
22945,77.81283471616518
22946,76.204435168835
22947,75.2766678327427
22948,79.71069441213467
22949,79.53799290674766
22950,81.33216128021581
22951,80.43356120620018
22952,79.83855387378122
22953,78.24118027911089
22954,77.87293794376387
22955,81.69930353241404
22956,78.39166796647487
22957,74.22593413300535
22958,69.22031051476813
22959,72.58187312207275
22960,78.33542254397742
22961,76.62541547187152
22962,77.59273584754021
22963,81.06630944445544
22964,77.41979719359449
22965,82.28298343268403
22966,81.08079744891495
22967,76.63686754400908
22968,78.90843413356225
22969,77.32683268525119
22970,77.7431339877466
22971,78.33476668047359
22972,78.11024766093192
22973,76.26668843148093
22974,72.24980655317523
22975,70.37797326068397
22976,74.42526936361389
22977,76.42075259894756
22978,75.88873054618415
22979,77.66120934636041
22980,70.66426575102946
22981,72.55014313631403
22982,75.89808350422197
22983,84.1121659625652
22984,77.56718017806935
22985,75.91177073492929
22986,74.40527378198038
22987,78.45868288253286
22988,77.0187455681642
22989,77.48271820795503
22990,78.52661155441228
22991,76.53915791828416
22992,73.8073089857557
22993,75.7678298265368
22994,78.02278592780902
22995,76.45381298762493
22996,82.44721780812012
22997,76.23720725206977
22998,72.8474400500611
22999,77.96907346259746
23000,76.77670656746068
23001,78.17866973533472
23002,76.51184471663208
23003,75.03626111461523
23004,77.43689652894602
23005,77.42218643528537
23006,79.853444587291
23007,81.37864155341282
23008,75.05845513241047
23009,74.48330942042196
23010,77.89332526929309
23011,80.40366053849385
23012,78.51437582338514
23013,75.51514059841173
23014,75.88211431303284
23015,73.24893777439411
23016,68.70492450511222
23017,67.92414614164488
23018,70.87779741265314
23019,73.12907663965137
23020,76.19427048055945
23021,73.6964326373967
23022,73.65826625474858
23023,74.3216465007165
23024,75.04870999131981
23025,78.45729470683784
23026,75.97665756362409
23027,77.26351654030952
23028,78.16344218898604
23029,70.68931131838929
23030,76.54584644059861
23031,74.24904066485402
23032,79.85299313827932
23033,75.0760469386542
23034,78.01413383328105
23035,80.19797598826926
23036,80.546223685668
23037,79.23593428090709
23038,78.57234934320911
23039,75.86137590521298
23040,80.59419576702624
23041,79.4500475824571
23042,77.18170718434067
23043,79.44760751804273
23044,74.58089805849096
23045,79.03186416222388
23046,78.11502541939541
23047,80.05523353482306
23048,77.56943222744144
23049,77.37144477638941
23050,77.45346688885462
23051,77.7943670322187
23052,77.8834192065541
23053,79.55492785790534
23054,78.27793864799861
23055,78.75357199080179
23056,72.96804224872994
23057,72.29262528355855
23058,76.980235279299
23059,78.13582825776137
23060,76.49752681281512
23061,75.59927567202084
23062,73.18110487488428
23063,79.1769745121747
23064,78.27856388907594
23065,76.59062339461127
23066,78.03332559113892
23067,78.33629627487659
23068,79.65845846560865
23069,78.69822713797407
23070,79.4414528789734
23071,80.77010411581159
23072,79.47931127716896
23073,80.60413085638851
23074,80.96305877831452
23075,78.84194933568148
23076,80.05829254721203
23077,79.64544260929358
23078,78.8626385835068
23079,77.60034493794183
23080,79.50058259737744
23081,76.25253932291315
23082,78.99035544728406
23083,77.89523575822477
23084,76.07996039535038
23085,79.30781687159941
23086,74.29052086833303
23087,73.2375153147915
23088,78.30258324493713
23089,77.87364698860677
23090,78.81777666669427
23091,80.6562918776633
23092,74.30879076357598
23093,79.96127764517968
23094,77.14772633779279
23095,81.07030938460395
23096,79.93478508881384
23097,78.75702963505654
23098,75.99939334139339
23099,78.22388507166715
23100,78.39844822803877
23101,76.98270405909727
23102,78.74979376221398
23103,79.62003921576184
23104,77.61450172631072
23105,75.68876213414194
23106,77.43470550431863
23107,76.809304165919
23108,78.54946915607121
23109,71.08003541383033
23110,80.11235140015287
23111,78.77964636610142
23112,77.00928838518729
23113,77.52534273348499
23114,78.3870216820946
23115,77.38146512509678
23116,78.67239845881909
23117,81.71829188773086
23118,80.91078103683122
23119,79.76063179997732
23120,79.23031054546419
23121,76.88499274527652
23122,79.87380423876778
23123,78.05391908304154
23124,79.64526244115956
23125,74.26353839972506
23126,81.20128500599338
23127,81.09231244413382
23128,78.64443212605602
23129,79.79313983197824
23130,80.1609129195117
23131,80.60892731729808
23132,79.00818152052062
23133,79.34025192611267
23134,79.35115669961027
23135,80.11365530638682
23136,82.00792733911425
23137,76.27839585149502
23138,77.13981774630616
23139,77.05524524377387
23140,76.63131446546151
23141,76.81239213860397
23142,77.01383594210353
23143,75.07752180351184
23144,76.44632023202422
23145,76.83019373299862
23146,81.29901210277762
23147,77.80496082176876
23148,77.32692492109948
23149,76.84278228245108
23150,80.12495298588766
23151,80.04098161122647
23152,79.25782057341934
23153,74.44336416277798
23154,76.22409224436126
23155,76.68493532704485
23156,79.50499231931695
23157,78.17692469271844
23158,80.08423354727472
23159,79.35148367962904
23160,78.29926608078603
23161,77.77903743191303
23162,76.99897618986643
23163,77.72608122485502
23164,76.22486097789738
23165,77.77314649640113
23166,78.02580260930961
23167,79.12100383796303
23168,80.66018223213251
23169,75.83319109292546
23170,80.02744773339367
23171,77.51113133650443
23172,80.04854083420247
23173,77.2445194432517
23174,79.05270685726168
23175,77.37453406618926
23176,76.83726344786925
23177,74.03761481741037
23178,69.3997781654806
23179,76.45632130199732
23180,76.73717776449627
23181,77.37660634471814
23182,80.87460725758609
23183,77.46601907297071
23184,78.36048602629245
23185,79.51807014840705
23186,77.12813664582637
23187,79.32539466076281
23188,77.13928983670098
23189,78.12037126580015
23190,76.73689646050195
23191,77.9744616450426
23192,76.24402805340776
23193,74.3527493825685
23194,79.45724570344481
23195,77.00589171781206
23196,75.93575898280324
23197,76.7408682269558
23198,74.40933101105634
23199,76.85249595325314
23200,78.72001475774704
23201,76.03280473304602
23202,73.76639282895576
23203,73.43819237482057
23204,66.8182136111435
23205,73.22543794790471
23206,76.53781785169218
23207,78.04917879696154
23208,76.34074107461976
