"i","Tm"
1,70.3070799508475
2,77.3415697909225
3,80.717494268791
4,76.3947663977193
5,80.2619812849571
6,78.4154261703708
7,78.7508942615456
8,78.91338858987
9,77.3670321731927
10,76.0068315282595
11,77.3080510427351
12,76.3473069079639
13,77.6224223736002
14,77.1380512909564
15,77.9305591542241
16,79.7171160454735
17,78.4369732197569
18,82.2720172784212
19,77.6678436877086
20,79.2614074857955
21,77.4522800659864
22,76.5091400880962
23,80.1204917632485
24,78.9748552973602
25,77.4217459806617
26,70.8768666410623
27,75.9724033939349
28,79.6307029036842
29,74.1334890044575
30,74.1579044889786
31,76.6474110903664
32,80.031490677077
33,74.3198597147954
34,78.1308894029801
35,75.9906455923488
36,78.8251663521357
37,79.2410482623525
38,79.8717185288882
39,79.7880360618022
40,75.0851861808304
41,74.4643154856925
42,75.3993458057663
43,77.2948949691749
44,77.2916801343029
45,77.2778389986211
46,75.8587882976078
47,75.1451495767477
48,81.3455841496806
49,77.2941184315853
50,77.319014128251
51,79.1821766770555
52,76.969093963542
53,75.4866295234336
54,81.1416578841615
55,76.8968912599221
56,76.1532535240169
57,72.6904097467533
58,74.3527493825684
59,77.4069463264253
60,70.5174602395516
61,73.3502055857325
62,78.2295831040818
63,75.0283824062109
64,77.0865216057221
65,77.2602609580603
66,76.6528820431617
67,77.1997907948331
68,77.2772380348179
69,76.2810801133414
70,78.1615746649611
71,73.0184914025906
72,76.2164881129553
73,79.6429676727391
74,79.1637765734868
75,80.5688218202333
76,79.3738388917998
77,79.1188669029045
78,77.3352130087733
79,78.5983494171346
80,78.7003423249662
81,76.4321656407758
82,75.5009083087918
83,74.9482656176468
84,77.5814961317446
85,76.1890462474819
86,70.871310764824
87,71.7038030874285
88,72.4435234617688
89,76.4227111038492
90,76.7815779658681
91,77.8761917037244
92,79.22767548385
93,76.106168265362
94,75.2958415279753
95,74.2886038295111
96,76.6129167162973
97,76.2021858144457
98,74.5625212061473
99,73.6184946685946
100,76.0253961339197
101,80.0257668897672
102,77.9101681004632
103,75.4466181507262
104,74.4080534772802
105,74.7497047326798
106,75.0376806055559
107,75.6434727476014
108,78.1316532083812
109,78.3569381834761
110,78.9770083983573
111,79.4010084082059
112,74.8862102271785
113,77.6616066734863
114,79.3340901895213
115,80.0642848911502
116,78.3434825303202
117,79.5764714058594
118,80.0927577660335
119,80.7225299324571
120,77.2100263038504
121,78.8111947130519
122,77.955545444664
123,76.7498034258639
124,80.331628266811
125,79.1305264471711
126,79.1296201329712
127,77.9629436148718
128,78.7299894367061
129,77.6766809494227
130,78.4250348435929
131,77.8551759062695
132,78.5974985309376
133,78.0016627879749
134,78.7042116157539
135,80.2758030007109
136,78.3793505790707
137,75.9096908970085
138,81.3163809446215
139,79.0245937221614
140,76.5519546720836
141,80.4830021370079
142,73.3568807811918
143,82.1197318409727
144,77.1014742474766
145,77.3598358010076
146,75.9297385180184
147,66.2321014234757
148,73.0383404747176
149,73.8876436449739
150,75.3025208491687
151,80.3703829890268
152,79.3293750356764
153,78.0285195212691
154,77.6561024008641
155,77.6006356980267
156,79.1320350291712
157,79.7168918602575
158,76.3943318956407
159,79.5849330532219
160,77.5764959760338
161,80.4841295049354
162,79.9667561590637
163,78.7754425152982
164,79.1505685806797
165,79.6809097146588
166,79.9676205025877
167,79.2834379609988
168,80.6003849039831
169,81.3819902477458
170,78.3940024365193
171,70.8232558883707
172,70.1048053737858
173,74.4101782871041
174,76.7534094290697
175,77.9984907542299
176,78.403803539106
177,79.7196971657723
178,80.4312228221733
179,81.7902114960343
180,78.5298225891177
181,72.8990793462706
182,71.5321240872807
183,74.8823156038341
184,78.8973970091712
185,78.0519275046092
186,79.2370199692937
187,77.9944819468535
188,77.7987828181638
189,75.5276004727626
190,76.5829065520429
191,77.4032080243669
192,77.0937085046037
193,79.1575511536174
194,76.6499739738298
195,77.4571846084698
196,78.7675717927967
197,81.4565236024245
198,76.7536357413746
199,77.2500015413353
200,75.9983685431296
201,80.8270637234347
202,76.8485080446865
203,75.9206948500882
204,78.6572203765423
205,77.5541649343051
206,77.3441777071556
207,77.2925254961596
208,78.5535887519082
209,75.9981393009596
210,70.1545414387054
211,68.1679597119217
212,68.4529824181895
213,74.8749563982793
214,80.0855115230904
215,77.533170104006
216,77.8176101034409
217,77.0048356418362
218,79.9541038956929
219,83.6092169595755
220,79.3259660042699
221,78.2180922363265
222,81.7238258619294
223,77.4313468487343
224,77.4070837544107
225,80.8406210378931
226,79.0327951289452
227,79.1676582853443
228,76.661070142044
229,79.6159256023255
230,79.4416750388061
231,76.2368563671711
232,79.9256263217616
233,76.6617348761142
234,79.4299526000549
235,76.8834502678002
236,74.9123689189867
237,74.8117546493332
238,80.3850373881512
239,79.9208986552933
240,78.8049290571344
241,81.3895016233777
242,82.074681196421
243,79.3424194810605
244,77.6212468698363
245,80.682290467828
246,76.8240205713282
247,79.1618464000107
248,76.5472558009646
249,73.6999632749302
250,76.688835902862
251,78.0594568684361
252,77.3773978727987
253,78.654412399651
254,77.2329158523241
255,81.694557244737
256,78.1662193076796
257,77.0278635169286
258,76.9412006950585
259,78.0811634739816
260,77.9558971317531
261,75.2909645645044
262,79.8728034211294
263,78.0202717215062
264,80.3598205376964
265,78.4065890224205
266,78.6801220962269
267,82.3655496578435
268,75.7538156807457
269,78.056680830712
270,77.8299667899968
271,82.5044275178531
272,77.125260781174
273,77.501585605601
274,74.5507667788232
275,76.1054229256428
276,76.1598797709443
277,75.8709407055468
278,77.388689271382
279,75.9727515371293
280,76.2623622768961
281,75.4031239994869
282,76.0769851111438
283,77.8431426870895
284,77.0922360289493
285,78.9050426512119
286,76.2869999151151
287,74.7613789648667
288,77.1042237672803
289,77.5442294397425
290,80.342897792518
291,76.4076200279031
292,74.6605574037123
293,71.4324228555511
294,71.0604048540977
295,74.1587624636753
296,75.4906977766956
297,73.6631223932205
298,74.036894783853
299,75.363965554675
300,77.7061424869813
301,81.2063217546217
302,77.3105973141861
303,78.4712808147169
304,79.599525132369
305,76.6463540586257
306,78.1045573650274
307,77.0975169947431
308,77.8282898902287
309,80.4082999340455
310,76.6938986465181
311,80.6970535007846
312,80.4486503881018
313,78.2986535433091
314,79.693926909472
315,79.2399089741344
316,76.8226169608512
317,75.1679756241383
318,75.7728825091468
319,78.6588955841966
320,79.6979161199268
321,78.7607742833341
322,79.4592626446375
323,80.1467541434287
324,78.2037910665518
325,75.7450659305399
326,79.487299675811
327,78.9543796202985
328,79.5256339927162
329,80.1944612183519
330,75.899434418708
331,78.5741383256315
332,80.7320577287867
333,78.625891563322
334,80.0088201367241
335,78.0997717723772
336,80.097759642024
337,77.9602283248179
338,79.7874547662994
339,78.6355192943548
340,78.0754669109924
341,80.609561003252
342,77.9110887328729
343,80.5476820712715
344,80.607855203439
345,81.0170849536747
346,77.9232785913857
347,81.6153951671587
348,81.4922383870796
349,80.8260006335555
350,79.3529071797913
351,74.0514947926446
352,73.8985188824035
353,76.6589250987282
354,78.6246001612228
355,78.4150045267486
356,77.7115030491009
357,74.4370215981798
358,80.6709491867414
359,76.7832087281403
360,80.3740778458746
361,77.9736588725634
362,80.198219246926
363,79.7808018574771
364,79.4577414705614
365,77.9348138897259
366,80.1698882687851
367,77.7869210823854
368,81.5501635200113
369,82.6663320044606
370,79.8261891645116
371,79.1828784605706
372,81.1482536580762
373,81.7753108844968
374,79.9606528135886
375,77.368430285001
376,76.616794161473
377,78.4853688461473
378,77.6580980339439
379,77.9836463906654
380,76.4054544567068
381,79.1262069356018
382,78.5528611546143
383,78.3665363923603
384,76.9135735517881
385,79.9697742703855
386,81.3549007016327
387,75.3499228998381
388,74.74199342795
389,76.9884996285454
390,75.5856770950346
391,77.4522697074436
392,76.4592669304217
393,74.5988398458234
394,74.0716906963668
395,77.695144479654
396,77.7891456089276
397,77.3697910762468
398,81.1989337444084
399,81.429837461924
400,78.7699062531723
401,78.2948037197556
402,78.8379843372213
403,80.1303758091314
404,79.1756784303467
405,77.2220187819516
406,80.2256301304227
407,76.2121613788239
408,78.696825068937
409,81.2592492810201
410,78.6918826636284
411,78.4693705526327
412,78.2316272958148
413,73.6990059323157
414,76.8165333589798
415,80.3066350022677
416,79.4699805677221
417,78.6962688604799
418,77.5810156585677
419,74.2467771187976
420,70.4650348755612
421,64.6562287741684
422,69.4696624738832
423,75.9128026659673
424,73.530157932026
425,70.9773197172185
426,76.8293520494672
427,72.727634652949
428,69.0079946193828
429,75.6451778524676
430,80.5835895500523
431,75.5495546027958
432,79.9114806960518
433,75.5281038527978
434,77.644205374579
435,78.7766118553734
436,76.9454417265733
437,76.6292700062878
438,77.7266185801657
439,75.6817853517689
440,74.1607904428911
441,77.8355954081222
442,76.9643093857841
443,79.6731579138494
444,78.7201395413659
445,79.073592215802
446,73.3348242894424
447,74.4577363159531
448,72.1597297336821
449,78.3186233557529
450,77.9458800996351
451,74.9754916078916
452,79.8199272534779
453,78.6640320272917
454,80.5296547563132
455,78.5460448820111
456,76.2049004846782
457,76.9268692509617
458,77.2736496923857
459,80.0897931911394
460,76.7106948218733
461,78.2288455167796
462,79.310853521283
463,75.6426161776508
464,77.0718807869208
465,80.0488634824105
466,78.6674395946623
467,79.9813634022195
468,80.1557110354075
469,80.4023600574454
470,77.052661962265
471,79.556662891584
472,81.0528250990898
473,77.7764045442208
474,78.2488423678867
475,81.3042225803729
476,78.5858257175138
477,79.9255466880533
478,80.1920662014235
479,80.7234354105904
480,75.0892474439024
481,76.1023364160187
482,77.9167252155098
483,79.7318847188329
484,79.1536169317977
485,77.4291210212388
486,78.379662788129
487,79.1489902809403
488,78.735985493234
489,75.8545285306994
490,79.5518040600464
491,78.3028663734646
492,80.6663969412684
493,79.6609964212657
494,76.9381955067042
495,78.3036022012359
496,78.3970810803461
497,77.252865192479
498,76.1262616132792
499,79.42255048854
500,78.2785110604199
501,78.904453511944
502,78.4351237485681
503,80.4392890144588
504,76.8790416952265
505,77.4462392060561
506,79.8056551834052
507,78.2908562704449
508,78.1361979721893
509,80.6288696251473
510,79.432917273786
511,78.8958936649589
512,78.5831368427099
513,79.2297628213095
514,74.3805436882391
515,74.7678816721374
516,77.7847071858928
517,79.4936434114796
518,76.3018872359062
519,79.3057815389444
520,77.176437697316
521,78.3910512188066
522,75.6034161826229
523,76.0365500673985
524,78.000457482178
525,79.8104167301626
526,76.3700874248724
527,76.4535895668905
528,78.7015337729823
529,77.5150423603986
530,78.7780857038885
531,78.5503823497739
532,78.385351475254
533,73.7191404335223
534,78.0939424036632
535,76.9123058275461
536,77.3556068003029
537,74.9629641123452
538,73.9419767320779
539,74.7892293764904
540,78.9883326707945
541,78.8342648855078
542,73.7714445570161
543,77.3867656657747
544,79.934389522707
545,77.0192105011815
546,77.3923457481411
547,79.1637931736882
548,74.7751302394797
549,77.9697836547741
550,78.1305287374033
551,77.6687801387297
552,76.2530804244786
553,76.6881069375484
554,76.0074291523561
555,78.5985627306122
556,75.3213214020944
557,77.0759453348301
558,75.7675846958458
559,78.4202587374529
560,75.940198058501
561,78.3506768795068
562,79.1870846987255
563,75.2961481939187
564,79.4356203625443
565,76.4787895805346
566,78.7223324040427
567,70.7914120631498
568,75.5637847186463
569,73.4005669107246
570,76.1787785246858
571,82.229531306285
572,78.3952782460897
573,77.4213123101777
574,77.6458710449998
575,76.1484954977403
576,78.5354290303148
577,76.3122160669433
578,78.6841245659147
579,78.5828147982554
580,78.1695814916776
581,78.8679823823583
582,77.641887773149
583,78.4221163830207
584,78.6660052366308
585,77.5080288260245
586,78.093608183255
587,80.063101346751
588,76.0606033888909
589,74.9058849263815
590,76.9161511854851
591,79.6491084538182
592,77.6037471282071
593,77.8881409102837
594,77.3457366198925
595,77.8651248255119
596,77.2274004155223
597,76.7641257871572
598,76.1611217822031
599,78.5016695482028
600,78.4672566484097
601,77.5431710195941
602,77.0752378577935
603,76.3558963696809
604,78.0426417239229
605,76.804270897453
606,77.6726721406464
607,76.3259830385803
608,78.7235701404886
609,70.7573825763209
610,66.2768721687873
611,75.310831980114
612,79.5302442529048
613,79.6339118566135
614,78.1267473751457
615,73.1206568043269
616,77.0838101947012
617,77.9621164407317
618,79.6884252272079
619,75.2818962060311
620,77.9564863760654
621,75.5147464804649
622,77.4918710860937
623,77.8503030837624
624,78.2853364733767
625,79.0149824006874
626,73.2199533817563
627,79.0358414805812
628,78.9293346175647
629,74.4140819081969
630,78.5512359623772
631,76.7289647836205
632,80.6621920613598
633,79.2581779633079
634,78.7642494233861
635,78.5135587076981
636,77.0578464609762
637,79.1723124524893
638,78.1955176999482
639,72.9839020907568
640,77.7600893469558
641,75.444235368834
642,78.5858201775219
643,76.74743762811
644,78.69058083819
645,76.8857228319755
646,78.496278582624
647,77.7733604681459
648,76.6302869676678
649,80.6421372348591
650,79.279791938221
651,78.4491522969604
652,75.7514702360585
653,78.0036709543126
654,78.0063272907163
655,77.5319563011566
656,80.2092023107504
657,74.794943499218
658,73.709701662804
659,79.2521656991
660,78.4152983391581
661,78.0894543650651
662,78.4969221050698
663,78.4926508279707
664,80.4174944462646
665,80.8630891524749
666,80.9274047081156
667,77.3988470520395
668,78.176868252244
669,78.2895587764927
670,81.0297316991615
671,77.9897661190341
672,76.4091262514023
673,77.9984463624986
674,78.0371652104112
675,74.4042462306213
676,74.4134384838267
677,76.4249128268503
678,71.5145079565098
679,76.8846388624556
680,77.3691823872835
681,76.0763363001666
682,76.4010145572657
683,74.0755117835604
684,77.3640572513169
685,75.2290465808791
686,76.9515133833176
687,78.994217625532
688,80.9963081136657
689,79.1462173538932
690,80.1723996663792
691,77.2752897898358
692,78.5484799704691
693,77.0702605885185
694,75.4499890187775
695,77.0954180223397
696,78.5189752053224
697,79.3876937411696
698,79.5515038083335
699,77.7565396533476
700,80.830623992672
701,78.7187134305862
702,77.1050899598031
703,77.9162788419952
704,78.3883653274717
705,80.8488031775439
706,81.1774483505129
707,71.2033777084339
708,74.3729751691142
709,76.0079605105545
710,76.5252673994975
711,78.7790556117577
712,76.8080674242148
713,76.0332756856923
714,71.2377601818498
715,77.0825371468597
716,76.6836457325028
717,76.1642285306479
718,76.8829569111476
719,75.2276827602172
720,75.6309464394232
721,78.7568554401263
722,77.3409957438821
723,74.6930930704777
724,78.4629733212496
725,75.4363143846512
726,74.6041731994242
727,75.9354964077362
728,77.1637326993225
729,77.1664477189244
730,74.9055405793814
731,76.1048109913696
732,75.8461728432057
733,77.5513127244726
734,75.8574883607306
735,77.8288219787643
736,75.0520234342785
737,77.1682248001688
738,75.8599402845111
739,75.2896595617436
740,74.7146019129111
741,75.2484422935852
742,77.7556957566598
743,77.1162410261247
744,80.1537904158818
745,78.7368983237647
746,78.169347465375
747,80.1015830545933
748,77.200592279494
749,74.1453909702756
750,72.6755232599496
751,72.2771655129152
752,68.392578408119
753,71.5103000114437
754,73.3457033681196
755,70.0957864730393
756,71.8142445842626
757,71.6220641874879
758,73.3238493967667
759,72.6664763348896
760,76.1570026160874
761,71.3237220034205
762,73.386495153735
763,73.8356192448332
764,70.2895124057426
765,71.9581524886815
766,72.5062611908446
767,75.0850607979143
768,74.4195841420949
769,72.5665295738226
770,71.5871267298091
771,71.6108249790358
772,72.6251256174798
773,76.4986366017928
774,75.4410983322121
775,71.9222824954387
776,71.4580561025999
777,74.7493490389343
778,71.6762981770307
779,75.2315975578716
780,75.7029091459534
781,71.3587309405101
782,67.8727906609665
783,72.6631343680858
784,76.2641332590415
785,69.692866757273
786,66.3315242526373
787,70.8644140182996
788,77.5682435802699
789,78.836129669101
790,79.2088942491239
791,80.5542344111754
792,76.2672717382754
793,79.7604883584318
794,78.4670171698015
795,78.9244692928947
796,77.1175924697947
797,78.8773309494418
798,76.2493439236133
799,78.1946686479397
800,79.9368633516772
801,77.2977822675983
802,78.4591107141096
803,76.8818478802074
804,72.9733190313789
805,76.5162642979184
806,74.9751385412546
807,76.4364814676078
808,78.1226586022083
809,80.3674109673942
810,78.3424536924617
811,77.8246179699543
812,82.2379457422305
813,78.9513731378779
814,78.501581115055
815,79.5260232393026
816,80.6462731083961
817,79.9245535643092
818,80.3861026520565
819,80.1790475173546
820,78.6813992208199
821,77.0563901369065
822,80.1529391884627
823,78.9803624526695
824,76.3866741272719
825,76.044115475442
826,78.1419424368732
827,78.1623591083192
828,78.1112944769567
829,77.9351874392434
830,79.6010633239637
831,77.7970261839645
832,79.2522163818839
833,80.7009479463085
834,81.0832227273227
835,78.4599763848123
836,79.9228474660064
837,73.3669168152393
838,72.775201840566
839,78.6367086564771
840,78.231182047427
841,77.240972239676
842,77.4503567059345
843,76.2143520541815
844,76.1190691739079
845,76.4755347807929
846,73.1484257294049
847,76.3231427412118
848,77.7324981416343
849,76.6174485852033
850,78.5798087415013
851,81.5182760394533
852,81.1454156594906
853,78.2258303032146
854,80.3567207338155
855,78.3238140268356
856,76.5029924433121
857,79.092504680405
858,80.3999300387657
859,82.1775756547905
860,78.7768212908247
861,82.7203427336781
862,80.8863630158481
863,83.3224975185893
864,82.4716985911483
865,80.9632960581947
866,82.4913008414732
867,78.5522248013625
868,77.941940751263
869,77.4944812925102
870,79.916855532852
871,79.407081084069
872,78.6351485784006
873,79.574372297789
874,78.6032150831985
875,73.9900747807627
876,73.8268107027499
877,78.3486101423821
878,81.7558666394713
879,76.9488889326694
880,75.3367361338783
881,80.6975240118502
882,78.0231466734434
883,76.1299977126811
884,75.475509548173
885,76.885548634834
886,75.6217331563214
887,79.8641972615679
888,79.4319872791712
889,74.6809644711597
890,76.7664129621435
891,78.5426690373242
892,81.0512806396943
893,78.4053834926245
894,77.7259079939723
895,78.766508911025
896,75.293872287293
897,76.5649474969436
898,77.6303035021558
899,79.1047674106885
900,75.2523019464941
901,74.9622551424205
902,71.6372249271513
903,74.1459629836025
904,73.5697417725635
905,74.1653514795433
906,79.0042576104185
907,76.5814378668926
908,78.9831193169307
909,78.3578453331024
910,79.7035469914814
911,77.8819967151907
912,75.4415989157578
913,76.4640611324064
914,77.5684050676716
915,78.7994345839577
916,77.2425162545576
917,78.3367901395905
918,76.7469211372272
919,76.390180942984
920,74.276553000086
921,73.786792119503
922,75.0012306560242
923,80.3378201157976
924,77.0474959547889
925,74.3738528268048
926,77.7304646767498
927,77.7255591472014
928,78.8625366792504
929,77.9523170325596
930,75.8373074595527
931,78.0585673198817
932,78.6260001634867
933,77.9712048071129
934,78.5127371567924
935,78.8788099393977
936,80.8407084778918
937,78.9813567818671
938,77.9138919675851
939,77.9318760180907
940,78.7600504297855
941,75.564956166514
942,78.8465447086226
943,77.4715772875552
944,76.096094012632
945,77.1668640754673
946,76.8943711411677
947,75.1372589247359
948,74.9987575720401
949,74.2195335246633
950,76.0840496660315
951,76.389910115049
952,76.6335073639729
953,77.5444062561438
954,77.1467261170385
955,75.5098163165075
956,76.7187116990335
957,77.8627116734262
958,75.5182294350128
959,76.6275912814029
960,73.5263375546661
961,80.9762187746487
962,78.7824255060663
963,75.0564176584944
964,76.5088687737122
965,74.5253123700443
966,79.1703478122845
967,75.4167890518577
968,77.1211035736995
969,77.782158490211
970,76.8837483797275
971,77.9635429650808
972,79.6529412291388
973,77.2238783505725
974,75.2012541003457
975,75.2901511658616
976,77.358287844398
977,76.4958961731901
978,73.6966863260165
979,79.749809853414
980,77.0739196020841
981,76.9366135384943
982,77.285787766288
983,74.4508124873124
984,79.2025694525284
985,76.1702288496849
986,77.2204518524637
987,77.6382111890106
988,75.7641253771549
989,77.7408537063323
990,74.8827661188787
991,76.534911904198
992,76.9863578964068
993,76.5471828406756
994,76.898285061664
995,75.17886148779
996,78.2985557367005
997,75.5821939995182
998,75.9029754340651
999,74.1921094933358
1000,77.212322038131
1001,76.3200127239435
1002,74.7314701470846
1003,76.4945207232587
1004,77.7403120833193
1005,74.7528756068409
1006,77.3697220499659
1007,79.3699240662345
1008,77.2812641336858
1009,78.4825956558584
1010,76.6335073639727
1011,72.9330816548821
1012,76.7463774879779
1013,78.0699058758741
1014,75.4664449202343
1015,79.2382769832054
1016,81.2298048672316
1017,75.8849364283094
1018,79.5149120277636
1019,74.4302956380013
1020,78.2855378222179
1021,80.6492898257046
1022,77.9622056887586
1023,80.3337574763657
1024,80.5417867431379
1025,78.373639502937
1026,78.6858587979352
1027,78.8933849263761
1028,78.6259822093984
1029,81.0211119348958
1030,78.0483886904417
1031,76.3922819804895
1032,78.9835739820925
1033,80.1731569396227
1034,79.3270512721418
1035,79.75498323761
1036,76.6849710730086
1037,75.8359919596178
1038,77.7002994169532
1039,78.433099966653
1040,79.9013635364653
1041,78.8141891665938
1042,76.4976718269884
1043,78.5279630080589
1044,73.1305930488293
1045,77.5060332174343
1046,78.8224263468817
1047,78.8694893465762
1048,76.8104387744621
1049,76.2516501274122
1050,74.0168296056364
1051,76.1914599758792
1052,77.9761176540349
1053,78.3336301308753
1054,77.4999508434127
1055,77.4920115580673
1056,78.9122892745959
1057,74.7964190941748
1058,75.505390684986
1059,76.9365787448624
1060,75.5297544725117
1061,77.7828896025673
1062,78.1605566138479
1063,80.0000603157198
1064,82.2316933997712
1065,79.9306558207477
1066,82.6064803916506
1067,79.5681272532185
1068,79.4149275598943
1069,77.5099745958332
1070,73.4711346726583
1071,76.5486882415677
1072,76.0956934541726
1073,80.0108373521564
1074,75.4504112837814
1075,77.4512631136594
1076,78.7387594832937
1077,77.2242589365328
1078,77.349387825175
1079,77.2949438743373
1080,77.3205259257488
1081,76.1078798429032
1082,76.8941978394863
1083,76.7529503278493
1084,75.1604821727137
1085,75.5846904165048
1086,72.8623512962544
1087,78.2123617774167
1088,78.9272844742882
1089,78.2491620704018
1090,78.6545839444081
1091,80.6162309409947
1092,77.2530452016318
1093,78.0391476806521
1094,79.5612902454238
1095,75.5208511433376
1096,79.6280632927463
1097,79.9349980071322
1098,78.2029658650274
1099,76.8681552850932
1100,78.3251962173102
1101,72.456657894497
1102,76.6131856955107
1103,76.3232945416992
1104,76.2998291914018
1105,75.9714146031136
1106,76.8853139881837
1107,78.3162557734834
1108,75.9494613815585
1109,76.8821969049793
1110,78.0931114748925
1111,78.6016255920881
1112,76.7035011982043
1113,79.5170204490865
1114,72.6529031504392
1115,74.8289222244968
1116,77.9342858760714
1117,76.494345819914
1118,74.3864701288463
1119,71.0873518280021
1120,78.1515235575947
1121,79.3881733796075
1122,77.7916960021856
1123,78.1006828596461
1124,78.5698479131341
1125,78.6086920401854
1126,77.9644870329235
1127,75.0543732267933
1128,76.3965405681424
1129,73.7668704307774
1130,74.7006388292524
1131,78.7631652169304
1132,76.1660546617853
1133,76.9970975527452
1134,78.3427382980331
1135,77.8278839654412
1136,77.7224620498681
1137,77.758782324194
1138,76.6005286801416
1139,77.1333545519286
1140,76.5061403042179
1141,78.2169251846827
1142,78.8760764210249
1143,77.5299964326559
1144,77.1418053908999
1145,78.4254220509008
1146,70.9906546908198
1147,73.5812629029858
1148,75.7649706691163
1149,75.114423227085
1150,75.509002387222
1151,76.1940343981565
1152,74.7773865582
1153,75.0898934623613
1154,77.6273249507374
1155,72.9684513930804
1156,74.3474930313934
1157,75.5634469029133
1158,78.6217719811764
1159,78.1744718687156
1160,77.8930178765748
1161,77.1774078479194
1162,73.8116589182487
1163,73.7757819738551
1164,76.9917408635598
1165,78.0321431645175
1166,79.9239077375141
1167,77.1874241909018
1168,77.6024672198943
1169,74.0945052520352
1170,77.1936099707096
1171,68.9532998017554
1172,69.9812876875914
1173,72.8812968301133
1174,75.8865575073698
1175,77.7008778116179
1176,76.5604894662573
1177,76.2383305931368
1178,76.1483945305706
1179,76.6979840137219
1180,77.1936099707094
1181,75.015829729896
1182,75.5282775158181
1183,76.1249637529812
1184,76.4289355425133
1185,77.6418660816756
1186,69.5892751741716
1187,67.2970985146349
1188,71.5032334308283
1189,74.242397056967
1190,74.1500189524207
1191,70.8163753809631
1192,68.4188850655173
1193,66.2316146338317
1194,68.8885524481951
1195,71.0097806905782
1196,74.590168019572
1197,74.2977908754767
1198,78.4699898490561
1199,81.3286586898896
1200,77.2104635195518
1201,77.5097985622276
1202,71.7217951379335
1203,77.1891470385638
1204,77.052661962265
1205,74.1936670405332
1206,80.6464715284467
1207,78.5411301440881
1208,80.3534779754992
1209,78.0581907567262
1210,78.4558960763889
1211,79.7188553148127
1212,81.2403256579056
1213,81.7688070330012
1214,79.8359200919928
1215,80.1383635016097
1216,80.695587315927
1217,71.9403955968168
1218,74.2060203001063
1219,78.8736654238609
1220,77.2105942108685
1221,76.6068219022116
1222,77.9746594604437
1223,77.2547855501584
1224,78.6185403906297
1225,79.4805950785283
1226,77.80099228202
1227,76.1315272163282
1228,74.387890041716
1229,75.2018157697618
1230,75.4741548025241
1231,70.8526582308219
1232,71.5686050237876
1233,74.8433359423306
1234,70.1128859186861
1235,77.4209482902286
1236,78.1659288439851
1237,78.8636299562449
1238,78.3840230293674
1239,74.2425316771829
1240,72.2731599587817
1241,77.7015714986376
1242,78.8923525739476
1243,80.5299514254793
1244,79.381767875455
1245,76.7719114661249
1246,80.6130222656242
1247,80.141447045774
1248,82.2770935861897
1249,81.4208571252106
1250,81.2796867988704
1251,78.3065196305402
1252,76.9913960957903
1253,77.3685347532791
1254,77.5347084270173
1255,75.921045909955
1256,78.7945267194798
1257,78.8965563392255
1258,78.1533937237825
1259,76.6464368696685
1260,77.515702342519
1261,73.639311826226
1262,72.3682130479686
1263,74.7370913494448
1264,71.5733953384269
1265,75.0493370045938
1266,73.6072966238727
1267,71.6086553384112
1268,73.6369648090767
1269,79.7355425283462
1270,79.0256171576538
1271,77.7970595998822
1272,75.53769436971
1273,78.4653347303931
1274,75.9787492238381
1275,76.2582091809693
1276,77.8414417633996
1277,80.784091542437
1278,74.6083641052969
1279,73.6607014876358
1280,73.911318568891
1281,77.3863700639604
1282,77.0754999771013
1283,76.9539866620209
1284,77.9702175892485
1285,79.8071566999552
1286,80.2841587756224
1287,79.0806264307435
1288,77.4158509042403
1289,72.6210777047687
1290,73.1029062435207
1291,79.2811326739707
1292,78.958901455087
1293,78.5212375161829
1294,75.4899735694276
1295,76.1974265757669
1296,70.1548637261248
1297,72.6603062538321
1298,77.7547993267705
1299,77.3834656222462
1300,73.3312912814018
1301,70.6735106699015
1302,72.1535310317982
1303,81.7623131138753
1304,77.7518860440667
1305,78.2277533610777
1306,80.488135583274
1307,80.334059044456
1308,77.4235650326854
1309,80.7421819265803
1310,80.916787922834
1311,77.4636343202015
1312,77.572861337579
1313,76.0047130076559
1314,78.439332872001
1315,73.2910966063325
1316,70.2312623374276
1317,76.5563382628342
1318,74.7511299231495
1319,78.2099839579007
1320,80.3301448264383
1321,79.174732647561
1322,77.265571865214
1323,79.683760931807
1324,80.1889996294439
1325,78.7133712385128
1326,79.6427191000774
1327,79.2555451726407
1328,79.2908061968706
1329,77.75858064121
1330,76.1107098449634
1331,74.730738373121
1332,77.185664729306
1333,75.2042536243936
1334,80.9244653992795
1335,79.4149680752854
1336,76.914150499994
1337,80.718668155149
1338,81.4790411265548
1339,78.5613997627673
1340,78.070635972354
1341,79.936756368788
1342,80.833985067483
1343,77.7462550908638
1344,80.8731224137215
1345,73.4930893881285
1346,72.875789798323
1347,72.4438723878025
1348,75.3403042624915
1349,75.4588282980814
1350,75.7216514102328
1351,76.8802707176529
1352,75.6811375894607
1353,73.1411799966918
1354,74.8481536643199
1355,75.2309827745374
1356,74.9902649756841
1357,73.6130579987714
1358,73.5992851323236
1359,72.9523275791582
1360,78.7671912983479
1361,79.2435918305737
1362,78.8602090448082
1363,77.3691823872836
1364,80.3690202966397
1365,78.4632015364336
1366,79.219802475871
1367,78.3649046222741
1368,76.808366494684
1369,78.767765495759
1370,76.6752823226026
1371,74.3604916171889
1372,79.7688182887385
1373,80.4356375673901
1374,80.3745797265448
1375,78.2313108992333
1376,75.0538780778832
1377,75.549424879559
1378,80.4465761379333
1379,78.9519413742512
1380,78.3765875598353
1381,77.6020124712775
1382,80.715509603998
1383,78.6619102811176
1384,77.439507367768
1385,81.1720748225965
1386,82.1506643389418
1387,81.5591232120483
1388,81.2327531186853
1389,78.9389219006722
1390,80.8221895875581
1391,79.2109542402264
1392,80.9606263843498
1393,78.3803341762199
1394,77.73635366274
1395,77.4295719365631
1396,78.8944821209059
1397,78.1883353072195
1398,80.6219474084033
1399,77.8508023479617
1400,74.6525092555615
1401,74.0415298997665
1402,74.0631397341508
1403,76.871305082484
1404,74.8733032410016
1405,78.5855109759601
1406,81.4761366787017
1407,83.9911389357816
1408,83.0257584223426
1409,83.8093258448047
1410,79.6444983477393
1411,78.9123393160545
1412,76.6477587393845
1413,83.7707345446935
1414,80.1140036053404
1415,82.2913281639915
1416,80.5600752208741
1417,81.9914245571774
1418,84.8441619876023
1419,85.5980436188824
1420,87.9466706036785
1421,83.3818473924236
1422,84.8408263955058
1423,83.5731961349277
1424,81.9415080369974
1425,84.4622236286451
1426,77.8018707165236
1427,69.2862350376346
1428,81.0271553570045
1429,82.3862254069355
1430,84.3694894381184
1431,80.7522960052427
1432,80.6562839903879
1433,82.8823685523121
1434,81.8282221167991
1435,82.7107045795947
1436,82.4560141837043
1437,82.8414684625178
1438,82.7480158151659
1439,86.5840946633462
1440,82.9855268147004
1441,80.5408861949829
1442,81.3518155561919
1443,85.6463691827784
1444,83.8563787690471
1445,81.1703129768459
1446,76.9009503618765
1447,80.2818981780543
1448,81.5295325008541
1449,83.2766601314228
1450,82.8714641913122
1451,77.9079407464075
1452,71.4846855290232
1453,73.4560834916714
1454,75.8382351914024
1455,79.4401335521421
1456,79.7019718357109
1457,76.2404228361893
1458,78.0160882229152
1459,76.0841628331383
1460,74.7557891355926
1461,74.3952686877634
1462,71.400606474397
1463,75.7437962414052
1464,74.4231836669647
1465,68.7174605875534
1466,70.4408034761047
1467,71.0888143858469
1468,71.9649048578003
1469,70.1807253405504
1470,68.2195104765868
1471,72.4161253085949
1472,68.386149678379
1473,69.2726261984854
1474,68.9803482845477
1475,68.2400342268913
1476,72.3536535055582
1477,73.105149180403
1478,74.4899529720624
1479,68.3411221939473
1480,74.7182888774985
1481,73.4757066096026
1482,72.7746287596756
1483,76.4398748631228
1484,73.3326256797588
1485,74.702292808406
1486,68.4807360754763
1487,73.8185853113027
1488,75.4814985936248
1489,79.4676865315773
1490,79.7011754381276
1491,79.5081350739151
1492,82.2376844528993
1493,83.3464378468671
1494,77.4518771673783
1495,79.5525314255221
1496,81.7771388167157
1497,79.5981793884739
1498,80.7753034577397
1499,82.08534420745
1500,83.3427062853553
1501,81.4869300171171
1502,78.9593949146702
1503,81.1566632153401
1504,81.8255233257305
1505,79.2348374225294
1506,83.3944106437488
1507,79.4192944906115
1508,81.992822819714
1509,81.8474388608363
1510,78.0055643411365
1511,79.0756793771847
1512,78.2203423465613
1513,80.0071860366961
1514,73.2308341763476
1515,67.928855570057
1516,78.012446981494
1517,74.5541196895205
1518,72.009204101747
1519,70.6282771235208
1520,76.256586809509
1521,76.6616408647263
1522,73.4749913121548
1523,74.5173759679438
1524,76.4260164231308
1525,80.0522380242501
1526,76.9658459172402
1527,77.1013777992979
1528,78.1286199584895
1529,74.6887776083059
1530,75.700931609784
1531,76.7872813065829
1532,79.7341555235705
1533,75.3883144694236
1534,78.7002559987289
1535,78.3369477781733
1536,77.4770839008583
1537,79.3790443545467
1538,78.9997693693953
1539,76.0552443444914
1540,78.6428925018462
1541,79.0807988365763
1542,79.5778610440866
1543,80.00215617291
1544,76.7649585058883
1545,79.7146671986444
1546,78.6515473305126
1547,76.8931502426784
1548,78.7810447370975
1549,80.4827256106499
1550,76.8070271405903
1551,77.3652092006089
1552,78.210986965388
1553,76.6527467053456
1554,74.2105234169882
1555,72.4580722549355
1556,69.2520526647368
1557,70.1418593405417
1558,65.8739329428537
1559,68.2353683230413
1560,75.0865510168347
1561,75.9261735068275
1562,69.5055593423819
1563,74.1032567380149
1564,72.1255212026537
1565,73.818476329852
1566,68.1544020465203
1567,68.4195616518061
1568,74.4382635296435
1569,71.1251057872432
1570,70.5974467585134
1571,68.7041298317737
1572,71.3513221733666
1573,78.3007979314256
1574,73.5052325584297
1575,74.6241200635803
1576,77.353638336608
1577,76.5835265314399
1578,75.9817049139498
1579,80.6781324359615
1580,80.5824814942079
1581,80.0717284701583
1582,75.6693140072799
1583,75.3395864738439
1584,69.0137702018415
1585,75.958637310498
1586,73.5256957201934
1587,71.3445189841649
1588,69.7736895430671
1589,73.0241353904814
1590,76.3770198355795
1591,74.4140930983444
1592,70.9595261792799
1593,68.8135259832226
1594,69.606678454167
1595,75.7649037721823
1596,74.158737060886
1597,76.6586518893638
1598,74.6415931329876
1599,72.1576011670043
1600,75.4377910295859
1601,67.3253121249656
1602,76.6526557660789
1603,75.5840822271824
1604,76.2812712466186
1605,79.0841715950849
1606,74.6698975273399
1607,67.6331150962404
1608,71.9230759919591
1609,75.2713153161442
1610,76.1645733357944
1611,78.3419743260469
1612,73.6750309653418
1613,78.0228704435812
1614,75.1672211368536
1615,77.2957563637368
1616,78.9668990215699
1617,76.4290895189788
1618,75.481241750922
1619,75.9972513501625
1620,78.6099894778345
1621,77.0812727477619
1622,77.8145654845594
1623,72.7065552828475
1624,72.1400431966248
1625,71.3302670612305
1626,71.6234427561971
1627,66.6144430934453
1628,72.5191192193544
1629,78.5942073896159
1630,80.5226453908039
1631,78.3407427012495
1632,78.5504512577693
1633,80.736050215739
1634,82.0850187768526
1635,79.8474670005857
1636,80.1442042594381
1637,77.8009815427916
1638,79.5313371836498
1639,80.8399824278565
1640,78.4283434508507
1641,80.8134152977006
1642,81.9451339580219
1643,79.198930262269
1644,79.9875205268308
1645,81.2806300126846
1646,78.6368428724489
1647,77.3268881339078
1648,74.0791543624993
1649,77.4546174019566
1650,80.068240754166
1651,77.0300048162701
1652,77.2797199986935
1653,78.7481919718427
1654,81.5092191080259
1655,79.4094031039563
1656,80.3064818132922
1657,77.7310527816086
1658,74.1701447285753
1659,67.4352480005894
1660,68.0890415362459
1661,67.3856271153447
1662,70.8048751057273
1663,72.9044047006553
1664,74.7871936348567
1665,76.6367795979484
1666,73.729898409098
1667,74.6395999278154
1668,74.5151864898007
1669,77.7640638795048
1670,78.2597586291529
1671,74.3438615447699
1672,77.3478278958921
1673,69.6875831674771
1674,79.0296014544185
1675,77.3028227907169
1676,72.1796639242263
1677,72.1809788922237
1678,71.6317508533861
1679,76.491871334426
1680,79.265504333021
1681,75.7015608914507
1682,73.1422758615838
1683,75.2929398254353
1684,73.375101054089
1685,76.5376024280335
1686,78.9113507217077
1687,80.3201731404677
1688,81.9689878374485
1689,80.7221132963827
1690,78.4756165136415
1691,79.0681579523101
1692,76.4829864138659
1693,80.8802608355048
1694,82.2946424643224
1695,76.3444262779279
1696,80.4312545049229
1697,83.4582412185332
1698,80.8167407532079
1699,81.0105757974469
1700,79.8324894927581
1701,78.3833436525165
1702,81.3627642237168
1703,78.9169918876277
1704,80.4676829713834
1705,78.3819869550371
1706,77.9023778063333
1707,80.0060394170263
1708,80.9091582842865
1709,79.4815430845486
1710,79.0438823873989
1711,78.4119352349088
1712,78.1354465611602
1713,79.43845338407
1714,72.7841692021798
1715,74.608433856281
1716,79.3533903272056
1717,80.0978976611611
1718,80.039158359439
1719,76.739466417829
1720,71.3921862324854
1721,68.613478387618
1722,69.4821815439537
1723,72.2554414362198
1724,73.7858697271776
1725,68.4547078652106
1726,73.2173135541421
1727,72.8167927101732
1728,74.7126302219414
1729,76.7370909118922
1730,74.3439858026038
1731,80.0310965890376
1732,71.8818634381735
1733,71.0070392096998
1734,71.2203289968976
1735,77.8551796958147
1736,78.5819471254034
1737,78.3836892159127
1738,81.5075071116142
1739,80.2732592504225
1740,80.1510974797098
1741,76.1998023129859
1742,77.8581682044529
1743,71.5257877784719
1744,74.5112018307333
1745,78.9752104198519
1746,79.9173336613683
1747,80.9778799117066
1748,77.8375102679302
1749,79.2629343970428
1750,77.6521747272932
1751,76.9499028008615
1752,81.3001789585201
1753,79.471682690733
1754,80.7059303596962
1755,77.8875855830628
1756,77.4838475889842
1757,76.3704310550819
1758,82.9916269431762
1759,80.4709436589463
1760,83.7521497996102
1761,78.224614924298
1762,78.2723971905277
1763,78.8491768969844
1764,76.1951457733839
1765,79.9643506950898
1766,80.8692545832415
1767,81.8043301803353
1768,80.9913455120387
1769,78.6588127777678
1770,80.6425525059169
1771,80.3744484007834
1772,80.9053715268527
1773,79.3267204234529
1774,79.8325050805438
1775,74.2315739921181
1776,75.8453105951589
1777,79.330648150306
1778,80.8274752020598
1779,79.5492646005188
1780,76.5324638105818
1781,76.7720118033112
1782,78.9419078369056
1783,78.1693498266424
1784,78.5393589857759
1785,79.6307319648169
1786,77.3895327832976
1787,79.1575511536171
1788,77.6539848034088
1789,80.0276489708878
1790,78.7822938100013
1791,78.3840134062857
1792,78.1751672261158
1793,80.3844487280296
1794,74.742294519222
1795,77.9203587792409
1796,80.1948171056011
1797,80.8543339144006
1798,75.9889552465589
1799,78.9141108036285
1800,76.0693198351848
1801,81.785544203903
1802,81.9572716730654
1803,81.8570989608549
1804,79.0713661671298
1805,80.9655517049655
1806,78.382360059622
1807,72.566348947691
1808,73.8694237736188
1809,72.5146436809682
1810,77.1093463707477
1811,75.5816263628828
1812,74.6459288775978
1813,75.7532239678825
1814,77.216837822493
1815,74.1351089408987
1816,69.7239310172878
1817,79.0209692396834
1818,79.5812358285031
1819,78.6634372453129
1820,80.5981601528828
1821,80.9324238828975
1822,79.3817870633756
1823,78.8938143324016
1824,79.5362146443048
1825,80.0650213078721
1826,78.3549693024887
1827,79.6596199887857
1828,78.8773505909352
1829,77.1475682125798
1830,77.3780653669751
1831,81.2515606141708
1832,76.0355290323653
1833,80.2620188347611
1834,80.2591659644813
1835,78.4751112531899
1836,77.0973640660217
1837,81.5347485517578
1838,77.3582878443979
1839,78.9180284912788
1840,80.7606386730263
1841,79.5764379953334
1842,78.7727432244429
1843,72.2830094877777
1844,78.7099842794829
1845,80.9043263815895
1846,78.5445821972657
1847,77.18639398755
1848,80.0341356324064
1849,79.5965054165181
1850,80.0630359961396
1851,81.6175381073619
1852,80.1276513000776
1853,80.4884723634561
1854,81.1820471467955
1855,80.3991491143366
1856,78.6766697121357
1857,78.048725469145
1858,78.5158528074824
1859,77.775577135944
1860,79.6028186227115
1861,80.2202361190417
1862,76.6894052832466
1863,78.9502665386135
1864,80.5793686240602
1865,76.3328200821605
1866,79.1927158315297
1867,79.9548469777129
1868,77.3661169824864
1869,79.208331018934
1870,78.2947955706337
1871,80.1812589107973
1872,77.5456888019463
1873,81.9214813956686
1874,80.3896944664987
1875,79.1202817872242
1876,81.3092645706808
1877,78.8148397297837
1878,79.7498717313193
1879,79.4121828497512
1880,82.3836685617923
1881,79.1558103573528
1882,79.8024114220332
1883,81.0954800440333
1884,75.9253465969757
1885,76.6785491356602
1886,74.1486686427889
1887,77.4056438294328
1888,78.6560612648709
1889,73.4838106950386
1890,78.8379832897805
1891,77.1523749150765
1892,75.3553155954963
1893,76.4110337315395
1894,80.5319639784473
1895,77.334292358025
1896,76.5651528905505
1897,80.5241865202692
1898,76.2182881656994
1899,78.1476505412914
1900,73.0603468150202
1901,79.2471682354135
1902,77.4381718344074
1903,75.4359722691053
1904,76.444449361814
1905,74.9661758953511
1906,74.6623876810492
1907,71.8065332211112
1908,77.7717182783258
1909,79.2505078161315
1910,77.0942786192541
1911,79.1355394589935
1912,78.9770669720531
1913,75.7156640597041
1914,73.3836184727435
1915,75.489149186681
1916,75.6993841275503
1917,77.8229790597521
1918,78.7830803379452
1919,77.8817225751141
1920,71.4432705754393
1921,73.8315077867805
1922,72.089290560658
1923,75.980166837952
1924,69.9641321468663
1925,63.5562909294638
1926,66.3565925982643
1927,78.6237586484309
1928,79.4937796515161
1929,80.5321465878458
1930,79.2263651490739
1931,78.7903601351236
1932,79.2498246681458
1933,78.5535584592009
1934,79.7700390657646
1935,78.9065728974588
1936,80.4924678682451
1937,79.1267193459809
1938,81.2310081653351
1939,80.2146222471826
1940,79.624640264746
1941,77.8080505824131
1942,80.7093954662836
1943,76.2291874258603
1944,77.8992455445281
1945,77.7935865401759
1946,78.4353401749797
1947,79.3206337888467
1948,79.4394083610533
1949,75.5591482057525
1950,66.9202236331233
1951,68.3104666451328
1952,71.4652213027281
1953,70.9693359708821
1954,70.5347589171902
1955,70.5111698186681
1956,73.6906966844004
1957,73.6810345264497
1958,69.8354098982459
1959,76.0515905521839
1960,74.4885239173578
1961,80.0054226676787
1962,80.9560049049804
1963,80.0649545986
1964,77.0788219095321
1965,74.1833526853616
1966,74.3944238133546
1967,73.5070225117832
1968,77.6267833566035
1969,77.4115689638027
1970,76.6649874368847
1971,75.4760649621272
1972,75.9857652645457
1973,70.3096437067572
1974,68.8257807395391
1975,72.06125527941
1976,75.8951789552722
1977,77.6478710655103
1978,78.5553908055191
1979,79.3154491084977
1980,81.4448393606379
1981,77.2541187858059
1982,74.731998256362
1983,75.5118393343164
1984,78.1522105187884
1985,74.6222739716452
1986,77.0603469781553
1987,79.3432678388356
1988,77.2085409714729
1989,75.7025223129842
1990,75.5775750302272
1991,80.8136151972766
1992,77.1282788877189
1993,76.7461725338042
1994,78.4511230686717
1995,76.9710853806541
1996,78.9587381788571
1997,76.2529233467163
1998,70.3675968631823
1999,76.8239081380351
2000,74.5850597443547
2001,77.6849195251625
2002,75.7736671434897
2003,77.7754867420814
2004,78.9716228992306
2005,74.3967667748377
2006,69.6266037380695
2007,66.4630815342361
2008,75.7707040441622
2009,70.3946991045962
2010,77.7628438953505
2011,77.370779920484
2012,79.588032287513
2013,80.5592970767063
2014,75.8034287670017
2015,79.6503556313054
2016,78.7471117670148
2017,74.9013347419241
2018,75.9790857422536
2019,73.1274194370406
2020,83.346540730062
2021,78.637941748584
2022,77.1246753656192
2023,76.5894518363996
2024,76.9462780998023
2025,78.1901874368689
2026,79.8928611699918
2027,79.5480463935087
2028,79.5008244351733
2029,74.6503014468849
2030,77.8587627049521
2031,81.2388212184056
2032,69.7710168082872
2033,79.1100956931337
2034,76.4105578534297
2035,75.4821011933503
2036,75.3689255420265
2037,70.8448154799143
2038,75.7529863567731
2039,74.0235954454666
2040,74.3517802183773
2041,74.5445900296396
2042,79.1668865704014
2043,71.0289186527108
2044,75.7016083778106
2045,74.6113870589042
2046,74.8435748077516
2047,77.5078968812168
2048,79.1908823394329
2049,77.2427992116043
2050,78.149543004918
2051,74.248442491616
2052,80.1051568483491
2053,81.7170774155505
2054,76.2909910094041
2055,77.9655305013582
2056,80.4966691078681
2057,79.13653301055
2058,76.9246740362548
2059,74.4672651922463
2060,76.5374894476778
2061,78.3436943490787
2062,77.3337816317539
2063,75.3779892393493
2064,76.4514346644611
2065,79.3868112090174
2066,75.6284551984756
2067,78.3599279449643
2068,79.0906264531878
2069,77.7565915434218
2070,76.3560848807112
2071,77.6866376850883
2072,79.2697371886563
2073,79.1231074982341
2074,80.5613835705674
2075,79.6281042634612
2076,78.5579543902096
2077,78.894300887471
2078,78.7262312773791
2079,78.3732182885974
2080,77.6772185549826
2081,76.1184844802123
2082,78.5057507070504
2083,79.2159194064432
2084,79.0293864893157
2085,76.9854418256029
2086,72.8033982181598
2087,77.3730831224723
2088,79.6669968562546
2089,79.7631081850407
2090,77.2059692890442
2091,78.3645995107944
2092,78.1289930722259
2093,78.7449597013407
2094,77.2630837861849
2095,78.9147106035566
2096,74.4373620642648
2097,70.5237779261929
2098,73.4239404519919
2099,78.4660942684154
2100,79.4281816755018
2101,79.0716098815346
2102,80.0616161076314
2103,79.1306743914278
2104,76.4424582090893
2105,77.2103787125458
2106,78.7944423738149
2107,78.3067337088547
2108,77.717150111127
2109,76.621417423733
2110,78.0335892339965
2111,78.7770859661891
2112,76.4239704501961
2113,75.661618068777
2114,80.0251100010325
2115,77.5181699493467
2116,78.0740644038259
2117,80.8527560402827
2118,80.301295145644
2119,76.3831609383683
2120,77.666603504213
2121,78.6726608026825
2122,78.7241618291544
2123,77.4438174633921
2124,78.1990573432678
2125,75.7943161552611
2126,77.8164216818088
2127,80.5207434286315
2128,78.7208334695868
2129,80.4216927728926
2130,76.1393072419362
2131,76.1671384337718
2132,79.5740064526112
2133,75.9870909014056
2134,76.2842732407149
2135,77.5552978771494
2136,74.6135736129439
2137,73.028620099148
2138,76.6075912352571
2139,77.0492274312343
2140,78.5765812846319
2141,77.671856173018
2142,79.263606850496
2143,79.7214131356262
2144,75.8058063674175
2145,77.9848798497155
2146,77.266185002772
2147,74.2831242624417
2148,76.9151858430723
2149,76.0262121970878
2150,79.6704064091122
2151,76.5719052589838
2152,76.1135631829478
2153,75.3406764031263
2154,74.9751637907172
2155,74.2073668509951
2156,75.082589628843
2157,75.6308951696359
2158,77.6114709351656
2159,74.7514773590163
2160,77.0537867145468
2161,70.7288863580359
2162,72.7812432755853
2163,76.0291050367929
2164,76.7822776564032
2165,74.9357809600525
2166,77.1381361719151
2167,77.4392377245828
2168,78.4229533778004
2169,81.0308256819497
2170,79.0950300099485
2171,78.739073715113
2172,78.3120888504105
2173,76.7630607357062
2174,76.6167941614731
2175,80.9189670564285
2176,78.020974297755
2177,77.702949208893
2178,75.9404131966587
2179,76.7825170009904
2180,77.1626175407662
2181,79.7164649125718
2182,79.3910265766011
2183,77.3854565954853
2184,77.9201856956845
2185,77.6787132577002
2186,77.251055452639
2187,78.8428842911551
2188,77.0355700543435
2189,78.6991326352123
2190,78.0207242612662
2191,77.7138804569939
2192,75.7317582138651
2193,78.8940276112718
2194,79.4954774198835
2195,78.6466360751931
2196,78.8621770765751
2197,76.917820166211
2198,77.3237871415998
2199,77.9935371836777
2200,78.7492710622237
2201,78.098881647957
2202,77.6893509634618
2203,78.6054568954891
2204,78.0508589265138
2205,77.5965532475345
2206,78.3742351678858
2207,79.367115439616
2208,75.4516217563597
2209,76.0926646696041
2210,77.0974093612173
2211,79.094017044983
2212,78.6718173622957
2213,79.7479494833747
2214,75.3860677020873
2215,76.747594168777
2216,76.5771713303846
2217,79.6619362433561
2218,81.1232400093605
2219,77.8334696238777
2220,76.5755183497066
2221,78.6353527612325
2222,77.2182720754859
2223,76.0497805583238
2224,74.7936728873046
2225,77.1967903913743
2226,75.8131275327107
2227,74.4150213691382
2228,79.0140430423
2229,78.2535261619652
2230,77.2867843485868
2231,77.0693075071497
2232,80.4919154888634
2233,78.1099260716973
2234,73.0236487636849
2235,77.6579900430501
2236,76.8176665617075
2237,80.6857747111717
2238,76.8539084961332
2239,75.3299345028356
2240,76.4680086018845
2241,78.7208174136582
2242,77.6317185229015
2243,77.1117137880902
2244,77.3222523022483
2245,75.3540675519774
2246,80.0378272401258
2247,78.4904483364606
2248,79.1565217147467
2249,78.0976230923396
2250,76.4707261337787
2251,76.2638035363428
2252,79.8099505646882
2253,76.2353646245411
2254,75.9102283172773
2255,79.2642859790844
2256,77.4942846776373
2257,75.9151302713639
2258,74.4682688683882
2259,72.4483775523369
2260,68.4619555102726
2261,74.0301497507389
2262,77.547922767044
2263,78.0937690104054
2264,77.6800164237127
2265,76.9373874531026
2266,80.0880652957108
2267,80.0801799303611
2268,78.2991272040082
2269,76.681085191479
2270,78.643949296072
2271,76.0223412730763
2272,72.8340495872955
2273,73.9761521581124
2274,75.2360780767684
2275,75.353123638293
2276,75.2837744229072
2277,76.4032344899587
2278,75.5478269304619
2279,77.9773300887261
2280,76.0581476687915
2281,79.2878378122812
2282,74.8911569185481
2283,75.1843797571118
2284,74.7173916747747
2285,75.7574665677378
2286,78.3903757267474
2287,79.2002272207993
2288,74.2182950965751
2289,78.4990626703362
2290,76.8936699495156
2291,76.9344033134345
2292,77.5715544884304
2293,78.6627643217653
2294,73.7726747175414
2295,74.6167646910471
2296,77.9923890092055
2297,78.1016754852763
2298,74.3710178725626
2299,77.5592438681344
2300,77.509903679582
2301,78.9978136979686
2302,76.8107517225852
2303,75.2554422887384
2304,78.5762646458166
2305,79.9558554540908
2306,76.1095478007963
2307,76.3745133895
2308,71.9169521109962
2309,77.3847907225255
2310,75.7829509007552
2311,77.6923385139364
2312,78.670266831988
2313,78.546040878707
2314,76.5972565734116
2315,74.724905594619
2316,78.6017647015112
2317,79.1422005537155
2318,79.423376082291
2319,75.847942751024
2320,74.0634245904021
2321,80.6868811646854
2322,73.5589833941943
2323,74.8009401249418
2324,74.2525426056375
2325,77.872186496049
2326,76.5998897177766
2327,78.3896943675437
2328,75.8827407220039
2329,78.1850951663191
2330,76.7221179400319
2331,76.5514952902578
2332,76.7632547377029
2333,78.2589034079909
2334,74.3779567921079
2335,79.3386225786813
2336,81.5264343676046
2337,74.0221002986952
2338,77.12941035664
2339,77.0045055717698
2340,77.6747735792438
2341,77.5910789054854
2342,71.4267518667889
2343,79.1582555529757
2344,78.5682640661389
2345,75.0617170784039
2346,76.9829509290519
2347,78.5351554750195
2348,78.5258849716225
2349,77.837252652875
2350,80.0970379619414
2351,77.33374651437
2352,78.7206575429931
2353,78.2724382890849
2354,79.7768050200553
2355,79.6340219199
2356,79.1766176518959
2357,79.233592953047
2358,77.0405945266459
2359,77.2931076034168
2360,80.6935620073521
2361,81.0426362117497
2362,80.3483902741429
2363,73.4480903760838
2364,76.7918066580476
2365,76.1502194619125
2366,78.2376239394021
2367,77.3048264248498
2368,80.1138545479448
2369,80.0514809814229
2370,83.0826847716729
2371,79.8552190138803
2372,77.7506016428736
2373,77.5848546115899
2374,80.5906570447906
2375,75.9593667968376
2376,75.4102007519539
2377,74.3255942052457
2378,78.2764556601305
2379,76.7989889706338
2380,79.3199907073087
2381,81.8311146486359
2382,76.3415805244435
2383,80.4318687775757
2384,76.5069841576282
2385,76.3952517935611
2386,77.6933022368087
2387,71.8698941599242
2388,76.6984285370704
2389,77.0313456073866
2390,75.0308528600926
2391,74.9926120263735
2392,74.1472731504469
2393,77.1422702114243
2394,73.2918126786037
2395,75.0469449478541
2396,74.5092526586935
2397,72.3663078594272
2398,77.6163986796272
2399,74.1562478950198
2400,74.9512735649551
2401,70.8862844156483
2402,70.327416867209
2403,70.9397529978257
2404,74.2901575865091
2405,71.2597449684428
2406,66.2393873698815
2407,76.0764840739849
2408,77.724901180614
2409,79.6983344577665
2410,79.1847484256004
2411,77.3228451402191
2412,77.6167593153066
2413,77.2248425584128
2414,77.9042621705232
2415,77.2457520521386
2416,77.9830314452504
2417,77.4117615994504
2418,79.5476672909473
2419,79.2118380306745
2420,77.7100328311249
2421,77.3782837471652
2422,78.6541824323792
2423,76.2292233277788
2424,79.7720175901067
2425,77.5598450168978
2426,79.5839847785654
2427,74.9947807640496
2428,79.0591682186173
2429,71.3518901042756
2430,75.4745657105836
2431,71.7924970464072
2432,75.7523309237441
2433,72.0334845113984
2434,75.018824152043
2435,78.6125124061612
2436,78.9658574598437
2437,78.5413522022778
2438,75.2230289505925
2439,76.7357951281761
2440,74.4555342085441
2441,78.9462820105695
2442,78.7498154892969
2443,78.9231627262868
2444,78.5914850614223
2445,78.6006904016233
2446,79.2404802854139
2447,75.3403042624915
2448,76.1763666857725
2449,77.4736094426717
2450,78.9196960436005
2451,75.8600841393283
2452,77.4617424908254
2453,82.4006332106386
2454,79.6405701652607
2455,75.2805282946641
2456,79.1172385123994
2457,74.2805010609947
2458,75.8866760695727
2459,80.0013944531971
2460,79.199561967407
2461,79.1876324962124
2462,79.5499542972043
2463,78.1395728245138
2464,80.7569469714111
2465,80.3588537343193
2466,80.8686807140645
2467,83.9204450232606
2468,81.8854528117708
2469,80.1203741764728
2470,76.4534115348922
2471,76.0578806065834
2472,78.15517238041
2473,82.995503915627
2474,78.1468926019778
2475,79.4734478300699
2476,72.706310725308
2477,78.0279049262289
2478,78.2132954865211
2479,76.6357131411476
2480,77.0336131719387
2481,78.7455028433781
2482,76.7872813065832
2483,76.3707815812826
2484,79.4825591124086
2485,76.8986259328955
2486,75.1694569572234
2487,77.6997290330781
2488,77.7581839347106
2489,75.652438143654
2490,76.7972021701395
2491,75.6879358320675
2492,81.9420363929746
2493,76.2900872127142
2494,78.483458755927
2495,76.7791430312832
2496,79.4579071979843
2497,76.4749258557605
2498,78.1502778047953
2499,76.3673418183479
2500,75.8582042835228
2501,76.5499563916164
2502,74.9496398835644
2503,77.1981475918083
2504,78.7139538085014
2505,78.5152415281717
2506,79.1975111462913
2507,75.8304986627997
2508,77.8530191242065
2509,77.4420779248524
2510,79.3915681623643
2511,78.0590521871939
2512,77.8538966218034
2513,80.6542941737065
2514,78.7232070473533
2515,79.4670456985768
2516,78.3222345632055
2517,71.8985845667324
2518,75.3361952171523
2519,77.0602247737147
2520,73.8285980812426
2521,78.7828183060215
2522,82.6304452623831
2523,75.7247505035844
2524,75.3545251322815
2525,73.6881030886213
2526,76.9358014921364
2527,76.8160018853388
2528,75.1855201477476
2529,80.7066665655643
2530,75.6233973863829
2531,76.7491733662728
2532,77.413988682324
2533,76.7533457840466
2534,79.1974578364775
2535,77.188650473948
2536,73.4118465518794
2537,76.1491153944844
2538,77.771104640877
2539,77.8649112673058
2540,79.0216496048085
2541,75.6509559948717
2542,72.4381893813476
2543,76.4491962915815
2544,80.1143995338122
2545,78.581067165502
2546,80.7350235285354
2547,80.107426158015
2548,79.935961683777
2549,81.113376607531
2550,81.2088651602478
2551,78.6215932281028
2552,80.9498394864767
2553,79.6713934934893
2554,80.7109033969904
2555,81.5866231255922
2556,81.3230318463133
2557,77.0877948103975
2558,72.7815037132134
2559,74.4896006218667
2560,78.534366911809
2561,76.9053738947833
2562,79.3837204134213
2563,77.8142280173216
2564,80.612646728972
2565,79.1880360541288
2566,78.2008175461456
2567,78.023522028627
2568,77.6761558430582
2569,77.5932131393372
2570,74.0200656401499
2571,79.2973981585169
2572,82.0332524528529
2573,78.8643422922447
2574,82.438989578511
2575,77.4464925565658
2576,78.7387594832937
2577,78.0397930383372
2578,76.3530948837456
2579,77.105724896403
2580,70.3164277095954
2581,75.8603722406012
2582,74.7738893721619
2583,73.144798891982
2584,72.9881740467499
2585,76.9714615551173
2586,75.5826423233654
2587,75.6450581146517
2588,78.729112022884
2589,80.5915021946482
2590,81.0749144102467
2591,78.3559876983261
2592,76.2909778886784
2593,79.2755519156194
2594,79.9753020765891
2595,77.704910375354
2596,76.0691958748782
2597,76.735382251344
2598,80.2033802486733
2599,78.739489336084
2600,80.523413760566
2601,78.3936808159672
2602,80.8343240247208
2603,81.3504945648084
2604,80.8329765385435
2605,80.4030343305865
2606,79.7980122353859
2607,79.4960882742157
2608,80.3624862756993
2609,81.2230387646736
2610,79.092108686492
2611,76.9512580597537
2612,77.7996475449629
2613,80.4301672979312
2614,82.0159317759021
2615,69.7063706867904
2616,65.2508143963199
2617,77.7486513287487
2618,82.8078768619267
2619,84.294893217949
2620,86.3770054689436
2621,83.6775863756541
2622,82.3402884549373
2623,82.8290688036566
2624,80.8794440368893
2625,81.9712565180277
2626,82.1368928403174
2627,78.4734444961316
2628,80.8978056592132
2629,83.5649393195284
2630,82.4642428069961
2631,82.6558501161101
2632,82.3812249185248
2633,82.5597004013323
2634,82.4625809604178
2635,76.169513177582
2636,71.4041648091765
2637,68.444094972439
2638,67.8169260825763
2639,67.8989830458814
2640,70.7092975211959
2641,79.7682821443402
2642,69.4064059971876
2643,70.7644497584483
2644,65.0428773470634
2645,70.1884633175588
2646,70.2671812309887
2647,69.4924951710865
2648,75.5771266050937
2649,75.0483948969278
2650,76.4323586169575
2651,74.6659050220522
2652,78.298170846148
2653,79.3179755401273
2654,78.8592391319693
2655,80.5461376877805
2656,78.8744131165488
2657,75.5139575741825
2658,78.3197999029922
2659,79.5757468460849
2660,77.9032254440145
2661,76.3220113693488
2662,68.8990693915709
2663,74.6137422321364
2664,78.9321084764427
2665,75.6409083605048
2666,78.1026218576645
2667,77.1822524789477
2668,78.8056461222429
2669,75.7285220860641
2670,74.4854011161888
2671,79.2406615906659
2672,78.9482535486782
2673,77.3895327832971
2674,79.1657191512716
2675,78.4304282626137
2676,78.3218353005891
2677,77.4711061763387
2678,74.3806952484786
2679,73.3233006871115
2680,76.8758558902111
2681,72.6589266467869
2682,72.1019080966984
2683,73.7697573023597
2684,76.4023451660799
2685,77.4974733066355
2686,77.5048925749359
2687,77.3023758951847
2688,70.2386118394575
2689,72.6916809208229
2690,76.3588337472895
2691,74.39520793435
2692,78.5066898130597
2693,77.1267998902659
2694,73.8552730609302
2695,72.0470788999642
2696,70.2201821988227
2697,77.8618972071359
2698,78.5750806366417
2699,79.2578846613091
2700,77.6713935431446
2701,77.9984010926495
2702,75.9117853370277
2703,76.8151860001582
2704,77.1102384948276
2705,79.2355633585009
2706,78.3391431640719
2707,79.0716098815346
2708,76.1939972928967
2709,74.8465229774339
2710,71.869689689103
2711,81.7157290789675
2712,80.9470919265683
2713,79.2016311398648
2714,80.8941727005204
2715,79.2858159433413
2716,72.1659363161211
2717,72.5750224101229
2718,74.3503144743839
2719,75.790380250742
2720,75.6845526888109
2721,75.3869981981505
2722,76.3276990756722
2723,77.5996269347664
2724,76.969044305057
2725,78.462106068035
2726,77.5124121883958
2727,72.7369306798612
2728,74.6239125144604
2729,78.2026891455235
2730,80.0429890944619
2731,80.8070227517021
2732,76.8230117102882
2733,66.1732484215593
2734,72.3260145959081
2735,78.8358119325059
2736,79.6571548188523
2737,81.7031764985749
2738,78.2478770632678
2739,81.5184756590703
2740,80.4703619120131
2741,80.2286153318398
2742,76.9294461613205
2743,80.8802608355049
2744,79.1590639393654
2745,79.1608861432588
2746,80.3786167771638
2747,79.7024639102898
2748,81.5434414328108
2749,79.8924095622804
2750,79.97549969804
2751,81.3657007659248
2752,78.3993223645684
2753,79.7432766605118
2754,80.7331679655105
2755,78.3883568220103
2756,78.6361802108283
2757,79.1414843906137
2758,79.2410361009181
2759,77.2703120077707
2760,80.4600741361006
2761,79.0138346805034
2762,79.0022908014054
2763,81.8650304959616
2764,79.9259538773749
2765,82.2527561514724
2766,77.9634400502259
2767,77.7334065674728
2768,80.6536562499908
2769,78.6664398432314
2770,77.3983374438687
2771,77.6619762785676
2772,74.3367521610959
2773,73.7766166504274
2774,74.6192283521925
2775,76.253524294122
2776,80.6347719909873
2777,79.3890479345808
2778,78.7806685774983
2779,78.1725105828589
2780,80.6772281631866
2781,77.7363536627403
2782,78.4830548080661
2783,77.5396938434124
2784,79.7553380418744
2785,78.135815882435
2786,76.4338376511581
2787,81.0307516597186
2788,77.2330310363079
2789,77.4757229802322
2790,73.2131065536187
2791,67.1536715211138
2792,74.1692913886955
2793,73.3372231624123
2794,72.0203131566519
2795,69.0907361101531
2796,73.2623452781735
2797,74.0434649027156
2798,74.1184345578889
2799,70.6829273196534
2800,73.0761156247165
2801,73.1050066391999
2802,72.1957350728657
2803,76.2405337356832
2804,74.6287634832845
2805,78.1491450419405
2806,74.4721969654549
2807,72.3169718860491
2808,76.9165696887923
2809,79.2836518991693
2810,75.9340429564176
2811,77.9036496730615
2812,73.6583941181854
2813,71.2597231441301
2814,71.4467704059821
2815,75.3689255420261
2816,75.9690200525641
2817,77.6306578295167
2818,74.9566224165906
2819,78.9357502463048
2820,67.4217013249265
2821,70.6226368202152
2822,71.5175790605829
2823,72.3108040954971
2824,77.0115717883823
2825,73.1015672746634
2826,76.580409799858
2827,76.4727520207362
2828,75.8181278741892
2829,72.2364719827397
2830,74.8453586519088
2831,77.9421388428263
2832,78.1916005662919
2833,76.6323970991215
2834,76.0267017342974
2835,75.5284505461947
2836,75.9179958920761
2837,81.2464239862355
2838,79.7995657205772
2839,80.3313762902691
2840,75.6284141301073
2841,76.8947039061785
2842,70.0401601210211
2843,73.2516345309069
2844,66.5688709337593
2845,68.8906418077298
2846,68.8242034538844
2847,69.053098044111
2848,72.654588527016
2849,70.3448328121671
2850,69.1970296716308
2851,67.8200811396977
2852,67.9960509013511
2853,68.4929196029703
2854,68.6218547628013
2855,69.4287742133415
2856,74.4660337973729
2857,73.0422161297894
2858,71.3895638668093
2859,66.7175084064417
2860,70.9384525221045
2861,71.2679463657155
2862,71.999182936032
2863,77.6339669096846
2864,74.9320969761432
2865,76.1198319909675
2866,76.9782195391906
2867,77.6672223992109
2868,79.0827226443047
2869,76.5568595768424
2870,72.8504017756177
2871,72.7063221038034
2872,70.6990085929667
2873,72.9939043270248
2874,74.411863947183
2875,78.1005933068727
2876,81.7700769889268
2877,79.1981952803068
2878,79.4422580578733
2879,74.6962778579479
2880,72.2494773198691
2881,72.3037872685646
2882,73.979085540061
2883,77.0841909198724
2884,72.5382840770476
2885,67.8123343642693
2886,65.99936301289
2887,72.938187659595
2888,75.4554992376411
2889,74.4620141847365
2890,73.4605692251272
2891,77.0068027374213
2892,76.759561166986
2893,77.1001839252289
2894,73.1444847685958
2895,69.847538312668
2896,75.4898919756072
2897,67.6791305992102
2898,67.5355856144125
2899,72.0319817583758
2900,70.1169057906202
2901,73.6305678894263
2902,73.1692871205174
2903,71.8973565922137
2904,74.2383975253824
2905,76.8946022244836
2906,78.8597354331708
2907,76.8087674603676
2908,79.8057102439038
2909,74.9253695578578
2910,76.2973244261357
2911,74.4284265700438
2912,72.8797945110933
2913,71.8429492490302
2914,73.3079751486567
2915,71.5349108296288
2916,71.7005719880169
2917,66.0829998990617
2918,64.0973221650001
2919,66.6096185496332
2920,69.588182620768
2921,65.3004711290939
2922,68.5090261237416
2923,65.7241751729914
2924,69.5256348950347
2925,72.904439104372
2926,73.9388754239324
2927,76.5553602888224
2928,72.3259867800076
2929,66.5770507162298
2930,70.8371778581952
2931,77.066519871036
2932,71.6435379594918
2933,76.6868199323305
2934,74.664621528935
2935,75.424896387281
2936,74.8108382248386
2937,78.4384493067658
2938,79.227980466528
2939,78.478478257707
2940,74.7944105238304
2941,78.879058343425
2942,78.4538616444531
2943,79.724071928235
2944,78.7119738114044
2945,79.611564766084
2946,79.6610889200556
2947,80.101852017291
2948,80.113953955063
2949,79.4659948335157
2950,79.1975111462908
2951,74.4888433974751
2952,79.1114492918843
2953,80.4169402826433
2954,76.5008741335114
2955,75.5440165019222
2956,75.0066720848019
2957,79.9962160964435
2958,80.3093400927081
2959,78.7632199287849
2960,77.7860541537476
2961,77.3072963742818
2962,75.9407862216809
2963,80.1620881455127
2964,76.9536237917289
2965,77.7347003412575
2966,74.4055652361791
2967,72.8801356638223
2968,78.765479056285
2969,79.1719115583747
2970,76.4718655282938
2971,76.811468934427
2972,75.2282942649202
2973,77.3530571645773
2974,77.0072850654361
2975,77.3472999968185
2976,81.1148352313681
2977,77.4536916589313
2978,73.5282212900078
2979,78.2522438763438
2980,80.8414512005732
2981,74.8934934466332
2982,78.3737004575232
2983,77.1286977984134
2984,76.0210916741199
2985,74.3950890090121
2986,74.2275988107868
2987,75.9676123846817
2988,74.9035348480766
2989,77.0356558116653
2990,78.0368969172993
2991,79.0893833938643
2992,82.0979205498107
2993,80.7948442904057
2994,77.8992882058563
2995,76.5098081694064
2996,80.3294778863283
2997,79.0438823873985
2998,80.5433320428518
2999,78.7331780304673
3000,78.0799955215992
3001,79.2051137436519
3002,78.2999641291587
3003,78.2729436273649
3004,79.3222307109576
3005,79.9449174038751
3006,79.4833438941957
3007,77.6437378513915
3008,80.3459443342009
3009,81.7690161578105
3010,76.3717959103873
3011,79.1885903952432
3012,77.9166227894484
3013,78.3073250119508
3014,77.0077298917425
3015,76.8441082512074
3016,78.469760816888
3017,75.9121373920365
3018,73.8677550714637
3019,73.9315604425174
3020,74.0083615060541
3021,78.3254487890967
3022,76.3312132423451
3023,74.2615748738145
3024,74.1470965101608
3025,77.5423888004875
3026,78.3803650876189
3027,77.2150367822591
3028,73.4433011563063
3029,73.3500722894582
3030,77.1063172136922
3031,77.2126135808881
3032,77.5204640381571
3033,75.998304953325
3034,76.9798723790134
3035,78.9281197542152
3036,77.8950224669192
3037,73.9568341900913
3038,74.353525220377
3039,74.1654561393637
3040,75.526632700224
3041,75.580783278564
3042,80.2115622799745
3043,78.6643387780047
3044,76.5279536397444
3045,75.3308429127341
3046,75.1690026537278
3047,77.347317427459
3048,73.5602986700974
3049,75.1076171334572
3050,77.9911737499766
3051,74.6149516419969
3052,78.9188251689696
3053,78.5291069090105
3054,75.8318489220147
3055,77.3551778952173
3056,78.1665081353091
3057,77.3693630140959
3058,78.0330556809254
3059,79.7854506688323
3060,78.5963422114798
3061,81.1540910642869
3062,78.4379516388131
3063,76.5496889781008
3064,73.5941009507785
3065,77.0964697253051
3066,79.5881662284236
3067,77.6344571657918
3068,79.846587145876
3069,80.1528138279545
3070,76.5940172087746
3071,80.8332560708826
3072,78.9748891731144
3073,76.4911158704212
3074,80.2535831446439
3075,80.6308194906054
3076,80.2314222040511
3077,74.9533669164875
3078,81.2156578051494
3079,81.6367744242007
3080,78.6162741085531
3081,78.9688686685225
3082,79.4584710293211
3083,80.3686241273422
3084,81.3120193370509
3085,79.9059813266132
3086,81.2692865808531
3087,79.5893741062303
3088,79.8700795285663
3089,79.6822306597589
3090,77.4780750081952
3091,67.1712489057943
3092,73.6955065338182
3093,75.4192495595474
3094,74.2619426333376
3095,73.0285811797573
3096,73.4174585809739
3097,76.0849143197811
3098,78.8490481534928
3099,78.8941485188305
3100,79.7136070547535
3101,77.0373756830306
3102,80.3258487569126
3103,79.6349110550898
3104,79.5567865916103
3105,81.9191909243313
3106,80.3615542553018
3107,80.7401044238911
3108,81.265877519114
3109,80.2815351155604
3110,84.2331105777202
3111,81.1139166644443
3112,71.6149245936182
3113,82.0902395766146
3114,79.40146326035
3115,82.1511359962757
3116,80.8062911893047
3117,80.361921277928
3118,79.1116005566026
3119,77.1097804739101
3120,79.335346368107
3121,78.9919305861014
3122,80.8563654362454
3123,77.4213123101778
3124,77.6159505002564
3125,73.7558467514704
3126,79.6694064169122
3127,80.1813353563564
3128,80.0034079197674
3129,78.4469435939182
3130,81.5997506750837
3131,78.0563213865719
3132,78.596779204618
3133,77.3196192874845
3134,78.8252059119311
3135,81.6654910019908
3136,78.8132600312214
3137,78.9914835624828
3138,79.5067840824198
3139,77.0302472700387
3140,79.0184205295748
3141,78.2984371252048
3142,80.0357019305045
3143,78.7298323836039
3144,79.6519870368121
3145,81.4033273849103
3146,81.123703072222
3147,77.8906684025838
3148,80.5706117612379
3149,75.8110813752563
3150,72.132245125614
3151,79.1740650047871
3152,83.0027219913056
3153,77.8209937027033
3154,80.2986254280293
3155,80.5624353131411
3156,80.3490595150344
3157,80.9073839896597
3158,81.9200092097138
3159,78.5049874797537
3160,77.6498668594211
3161,80.2507588604275
3162,77.1966740224503
3163,77.2333558181561
3164,79.2757266742023
3165,78.287753606424
3166,81.2515717705288
3167,79.3928959646865
3168,72.7522764742403
3169,79.9849299628612
3170,78.3272805906284
3171,78.4920228139197
3172,78.6583200813675
3173,75.3507015202015
3174,79.2871949221405
3175,77.512771451318
3176,72.2878969434311
3177,75.106005736366
3178,74.2032702383841
3179,75.8101631700746
3180,76.5699868810762
3181,76.1159507763748
3182,76.1123699904993
3183,75.1795900891403
3184,66.1445998938926
3185,68.9597938846501
3186,72.46060030183
3187,71.1807731840173
3188,72.3297485155919
3189,68.696435994883
3190,72.3426781936723
3191,77.7110652531493
3192,75.5441610722771
3193,73.3398016595419
3194,74.072384322417
3195,71.6651013802577
3196,76.1922301677765
3197,78.1612007594855
3198,77.8641177137182
3199,76.4230732128525
3200,77.3520610276624
3201,79.1764249316462
3202,77.5251411950318
3203,77.912144072575
3204,79.4265495955671
3205,78.7805937828448
3206,77.5140763644124
3207,77.3656169769283
3208,78.2009222552334
3209,77.4503567059346
3210,69.4418210209349
3211,75.5645631175194
3212,74.0959878066371
3213,76.2534920804889
3214,78.6739534898433
3215,79.1643646615667
3216,75.1610611324713
3217,77.0252271884777
3218,74.6412632641836
3219,79.9303174580303
3220,77.7738041189994
3221,71.941259831088
3222,75.8665957424639
3223,76.3964354264968
3224,79.1598981987268
3225,77.4713788063455
3226,74.8989522396289
3227,77.3577784667369
3228,76.1691585652925
3229,77.5727775276446
3230,77.1540406001106
3231,77.5884590151014
3232,75.4690508274717
3233,75.8248258790411
3234,75.40658882797
3235,80.1612588240098
3236,78.5377716898651
3237,78.8009019487251
3238,78.2297869336977
3239,82.0184524949556
3240,79.7295271241317
3241,79.6919796780469
3242,79.5401617933143
3243,79.3180855741843
3244,79.3045386993829
3245,77.653857839338
3246,80.392804930867
3247,79.3405781340471
3248,77.9686399971419
3249,81.3427400731832
3250,79.0152593597074
3251,79.4955117512458
3252,79.1846979558497
3253,80.4675683695797
3254,77.9336039848665
3255,80.7465697598979
3256,75.8315046925359
3257,76.8554739476128
3258,77.7790895849823
3259,74.964267957819
3260,70.1537712798324
3261,64.3557057028639
3262,74.1578414136167
3263,74.5766308457006
3264,77.8519528337854
3265,78.2201376704958
3266,76.6076826589709
3267,77.1171057505605
3268,79.6551352245601
3269,77.3812239854665
3270,74.1205534157031
3271,75.4206228969824
3272,76.7360930668908
3273,77.5666340960197
3274,79.124408802158
3275,76.8073498109916
3276,75.4291592392966
3277,75.2977330721451
3278,79.610188282301
3279,75.8118824195315
3280,74.8211361279114
3281,67.8972654074992
3282,68.6040696974061
3283,67.2999796003298
3284,74.060920474247
3285,77.5287826385562
3286,71.2552344712285
3287,71.4794905079884
3288,75.2500499415879
3289,74.8042384703322
3290,74.7537906016292
3291,78.1244820036529
3292,77.0186947037724
3293,78.847531255779
3294,79.6272137145046
3295,73.8219207883076
3296,76.21250677381
3297,75.578388971851
3298,77.9119333984256
3299,77.3436463777208
3300,79.3653260286272
3301,78.6493539200295
3302,71.8177057932527
3303,73.0730034851394
3304,75.2100580312214
3305,74.9406607668743
3306,74.8683193530331
3307,69.8117108244164
3308,69.3171428114816
3309,70.9244295727103
3310,76.3170558597762
3311,77.7916368346528
3312,75.8906824180912
3313,75.6814927551132
3314,70.7003916565155
3315,76.6202085437768
3316,76.02512258844
3317,75.3087234622759
3318,78.022785927809
3319,77.2135188761269
3320,74.8142125839167
3321,75.9202096199451
3322,81.2522827304487
3323,81.349084109007
3324,77.7682169195822
3325,79.3488634528853
3326,79.781952065969
3327,74.9989408580399
3328,78.9455045644384
3329,77.559296093382
3330,78.744156944668
3331,76.9654289176865
3332,75.9583536694914
3333,78.7371507773752
3334,78.1896706444635
3335,76.6321564123206
3336,78.5143758233851
3337,77.9719830048476
3338,76.4683181810763
3339,75.0368384714444
3340,76.6426672769673
3341,78.7007900045602
3342,79.6650308821941
3343,80.9133855112139
3344,76.2916918842126
3345,77.976906672544
3346,74.8707057744258
3347,77.8441102556901
3348,75.8545417240085
3349,76.7602243202257
3350,77.1611025554021
3351,76.5705528907671
3352,76.8345576345084
3353,76.8016811509751
3354,77.856593338855
3355,76.4138008556723
3356,80.0223070053522
3357,76.7638452843603
3358,77.3441726519911
3359,77.6761252966309
3360,75.218571199099
3361,78.6511511294136
3362,76.4686641369266
3363,79.8190009098052
3364,77.5278830542201
3365,76.7727637817731
3366,76.7974277681025
3367,77.0547210193299
3368,81.1995709748726
3369,79.1571589991025
3370,77.4529794357096
3371,77.0647995397509
3372,75.7771764616733
3373,80.7923201249252
3374,75.567965273132
3375,72.6212001423745
3376,78.4266261069524
3377,76.4836198500649
3378,74.5196768332328
3379,75.0144191136923
3380,77.3514753579133
3381,74.736094041222
3382,76.0180172784908
3383,69.7874700686296
3384,70.1378136586185
3385,75.0628239545525
3386,75.8803748198356
3387,73.056284007831
3388,75.7149910569325
3389,74.7980214571012
3390,73.9524247139267
3391,75.869362352138
3392,76.6694526020466
3393,74.9737938990954
3394,74.5153628990885
3395,71.6249434466688
3396,75.1200469792909
3397,73.4231322374742
3398,69.9207739202884
3399,71.6638681539431
3400,77.017477453814
3401,77.323304185078
3402,76.1080375742889
3403,73.4216316769475
3404,75.2270828566774
3405,75.877874804983
3406,77.2847126350165
3407,75.6624532555313
3408,74.5401229390671
3409,78.0823986601072
3410,78.4307519281136
3411,73.8413138314827
3412,77.6587011905343
3413,79.4124407971184
3414,76.5651303910921
3415,78.7089491879803
3416,74.5040528806459
3417,71.9381655493795
3418,71.4750020634904
3419,77.2080377896247
3420,77.3246757287486
3421,79.0053725778797
3422,76.877830868938
3423,77.2248425584127
3424,76.8937583620243
3425,79.7499554512686
3426,78.5280611062473
3427,74.1177516457024
3428,76.971806281756
3429,75.8476188387849
3430,77.6898142148249
3431,77.2275145512905
3432,80.548838159236
3433,75.7924754776151
3434,75.0966526176461
3435,74.7398062437539
3436,78.3920275130356
3437,74.9052853015302
3438,73.6702498744586
3439,78.4912306536291
3440,73.2439748422017
3441,77.735138175949
3442,81.4375556260619
3443,80.0893325752401
3444,79.2179884442614
3445,76.9947479004158
3446,71.9511051602964
3447,74.3284836712675
3448,82.9435345225245
3449,77.052081262002
3450,77.3586729301215
3451,76.0742288154013
3452,79.9823129166979
3453,81.0705288421487
3454,79.0299978061586
3455,77.0524118417162
3456,77.1908048780642
3457,76.1826193258955
3458,77.7291092862123
3459,76.8037318238266
3460,74.9901796852487
3461,79.6893425250041
3462,76.6797934516599
3463,76.8832438526825
3464,76.9582242947363
3465,78.8698879843923
3466,78.8991071105841
3467,78.6442329778451
3468,76.5018044533485
3469,76.3733148734133
3470,77.3744787793609
3471,79.1967577595188
3472,79.4106833093956
3473,78.6313273844971
3474,78.0917807266596
3475,77.1588757653565
3476,77.1706686436347
3477,80.1559539501822
3478,80.0118274890783
3479,80.1507716006257
3480,82.3706001877924
3481,76.7818812585925
3482,77.4937704285771
3483,77.7156730992774
3484,74.7517120414564
3485,79.7715173459857
3486,76.5527215938531
3487,71.215784310033
3488,75.8289000182526
3489,79.1775802189981
3490,77.7530604832968
3491,76.112374946335
3492,77.8936451424721
3493,76.0628688031389
3494,77.2737436490146
3495,77.6427244096893
3496,76.6772448896622
3497,71.2134219741474
3498,76.6568511068104
3499,78.8257894835165
3500,77.8409453353555
3501,78.0654583085235
3502,75.127405504217
3503,76.9177601802671
3504,77.0339884954319
3505,80.5577990869397
3506,76.1108743559154
3507,80.2312068409333
3508,77.3258919774737
3509,76.0974716187566
3510,75.1525895509828
3511,79.2174022803794
3512,77.17083883962
3513,77.868735796474
3514,77.5011511532111
3515,74.7588529621453
3516,74.6380502734355
3517,75.0961689287285
3518,78.3232183204537
3519,71.3196514397104
3520,71.7837054251243
3521,79.8836254634772
3522,78.3511879264386
3523,79.7323879383569
3524,80.5502694480281
3525,79.8299227553142
3526,76.2401026474024
3527,78.8425287485808
3528,78.5117429108282
3529,78.7411613365405
3530,74.1879774811852
3531,75.0002807245181
3532,74.5101997074349
3533,78.6770379792497
3534,77.3300773061529
3535,78.4330999666532
3536,77.9570134764293
3537,76.2468346681019
3538,77.531515417469
3539,77.7768481067573
3540,75.8372072890787
3541,69.0012307522333
3542,73.4481509933844
3543,76.7936038656645
3544,76.2150506785499
3545,76.2361529319531
3546,74.9856993911009
3547,79.3219648188475
3548,77.6145465730084
3549,77.0098859686601
3550,77.0532444851669
3551,74.9094196176359
3552,76.8710183199773
3553,74.448627687773
3554,71.6508224077817
3555,71.7651094906138
3556,78.6678596364627
3557,75.8277232261394
3558,74.3331749633537
3559,77.4512475437185
3560,79.6765546573898
3561,77.7843843968292
3562,76.6524721492431
3563,76.5766697731991
3564,75.8349390808498
3565,74.0032550190832
3566,76.8878894829739
3567,76.3243952818341
3568,76.951089074275
3569,78.7864782722436
3570,77.8312020752163
3571,79.6457373239841
3572,77.3259113031515
3573,79.0625406496891
3574,79.359841968665
3575,81.4845589731933
3576,76.8871295066683
3577,74.0844176391691
3578,74.3357432027096
3579,74.7500610867209
3580,72.4100511650192
3581,71.5968764354046
3582,77.0451764114919
3583,73.5253685619024
3584,70.3883455232074
3585,72.4541052809569
3586,75.1509283978884
3587,74.835513071789
3588,78.8144464725495
3589,76.8884654293755
3590,78.6936000930484
3591,77.5087909364844
3592,75.1271590236474
3593,79.187520841919
3594,76.2864125870971
3595,76.0693796200954
3596,75.4837518255682
3597,75.0415707060341
3598,75.0510848505076
3599,78.588501839344
3600,76.6004652346484
3601,77.9452966933394
3602,72.5451785392243
3603,71.5791984046692
3604,73.6905595502825
3605,66.4740634528061
3606,72.8612395936482
3607,80.6075769183568
3608,80.2983633713014
3609,78.5610974157838
3610,78.8576012442131
3611,78.501497592781
3612,77.962249982776
3613,82.0986291046132
3614,80.0608638476803
3615,79.596137758239
3616,78.9306130742698
3617,81.0564843092044
3618,80.3397905490972
3619,81.0909758228385
3620,80.5523910416868
3621,80.8693151379456
3622,82.1861758979844
3623,77.274971373064
3624,80.6430381101404
3625,76.4662773183259
3626,75.7549416940556
3627,77.7309588762728
3628,82.8778177910586
3629,78.3650381498778
3630,79.2103096408273
3631,80.4037678766949
3632,80.3564436598366
3633,80.4805265888095
3634,78.9330351540937
3635,79.2608260541706
3636,79.6939847598001
3637,79.1221894232496
3638,78.877833127515
3639,80.1616184209433
3640,79.3059514847733
3641,76.4596174172472
3642,78.3060493364619
3643,78.054750281658
3644,77.9134021335757
3645,71.0709291716294
3646,71.640319536667
3647,76.8526185312533
3648,68.7530815690671
3649,85.1169768747176
3650,80.4299767140064
3651,84.8152002474573
3652,84.6574807302299
3653,81.9074781790828
3654,80.2870988856437
3655,81.3161916149037
3656,79.2224033622666
3657,79.2406505534001
3658,80.8795905742252
3659,81.0547991117515
3660,80.2451973246935
3661,82.3266324548509
3662,81.7914769578282
3663,80.5889873177624
3664,81.8328222031718
3665,83.0535354874258
3666,79.4588807052149
3667,73.7343011803363
3668,73.9438714300712
3669,67.8341897829015
3670,68.7799961901948
3671,70.513178518805
3672,80.6276649300518
3673,81.2830863447412
3674,83.1406915991465
3675,81.7363930482786
3676,77.2563421985671
3677,73.5830070612806
3678,73.4419800569436
3679,67.8230195865219
3680,73.2906583512166
3681,68.8302562628254
3682,66.7171077121557
3683,69.527451038954
3684,68.0050621354763
3685,69.2856018516576
3686,73.0343475151857
3687,71.6892484623262
3688,72.0994891361597
3689,73.6440704223855
3690,72.5231450769277
3691,66.8995685897443
3692,71.1303170267556
3693,72.3948047839564
3694,72.7254284092019
3695,72.6922972607829
3696,76.0373116128349
3697,78.4220258640964
3698,77.6956321713857
3699,75.9651139594659
3700,76.7303770203559
3701,77.2691533053148
3702,80.6296167942999
3703,77.4909465649059
3704,78.6200108813723
3705,79.0072161115816
3706,75.8137133905021
3707,78.731525869833
3708,79.2397544144586
3709,75.8055839538551
3710,76.6071255898727
3711,80.0497823308709
3712,78.281510307884
3713,73.2200366950223
3714,70.0524882082396
3715,77.5339264548787
3716,77.8111290768319
3717,82.063136857949
3718,74.610473430304
3719,79.0339814735788
3720,79.6117948340709
3721,80.8600472196358
3722,80.2452014592888
3723,80.1841094982559
3724,80.1154103953796
3725,79.6173803866989
3726,76.4546765699164
3727,78.9705204784728
3728,80.801706195021
3729,80.756924651093
3730,79.6885655871571
3731,76.0212013994771
3732,77.0377275409456
3733,77.3289122836784
3734,79.1932838063823
3735,80.3125254606902
3736,79.4875828904179
3737,78.3631219606774
3738,79.9789772436272
3739,76.4006332484656
3740,74.350794811744
3741,72.0124804797355
3742,72.6135310531624
3743,75.0684204666158
3744,74.3381860035911
3745,76.3596007096029
3746,75.8054729502047
3747,75.2687527623115
3748,76.4434477890992
3749,73.6882008842516
3750,78.4455928168251
3751,77.6397284583305
3752,78.9702998336102
3753,75.245549654688
3754,76.1006663187696
3755,76.8468439149153
3756,77.2734620192709
3757,77.4124651725376
3758,74.9063398892
3759,79.0219310250262
3760,71.8642235066112
3761,71.8200088729265
3762,74.9779254563934
3763,77.1223169448417
3764,72.6215110442747
3765,65.9295615095307
3766,67.0833239877975
3767,75.6192332540778
3768,77.6786353047542
3769,79.1044054623785
3770,76.9086625227674
3771,76.6253274501012
3772,74.1483796790134
3773,75.5265431456763
3774,70.1513387495406
3775,71.3310762528365
3776,75.0620600588629
3777,77.7049374226048
3778,76.3076982503007
3779,76.6564998965723
3780,78.5356849011329
3781,77.1503068251845
3782,79.4785749541374
3783,80.9034704167115
3784,80.362251774766
3785,78.5131891032335
3786,80.4815398094043
3787,77.3806079437704
3788,78.8445795690574
3789,76.858030679094
3790,79.2196632655987
3791,74.0319310199813
3792,77.9734957286739
3793,77.0194248350604
3794,75.415888232729
3795,76.9626079509546
3796,78.8800447020791
3797,77.8476820768958
3798,79.0369257799609
3799,80.8534638235544
3800,76.9383879373485
3801,78.6788474119493
3802,79.5576635131064
3803,80.630279579475
3804,79.1670807028712
3805,80.3852743299993
3806,80.3701742666483
3807,77.6768243787172
3808,77.1911082238198
3809,77.3400265464591
3810,80.6379715011403
3811,79.5039927571419
3812,79.6351112732022
3813,77.8828481502807
3814,77.1020885717854
3815,76.9340068862019
3816,77.7515990946419
3817,76.8105302164479
3818,79.001973671512
3819,79.9509223236796
3820,78.379374103328
3821,77.0704869836547
3822,80.1605143888328
3823,77.9165422271834
3824,76.2426480553183
3825,79.9386147461123
3826,74.6928188634337
3827,71.9897385203873
3828,77.7289064139808
3829,77.0679343926996
3830,69.6178163263337
3831,76.7131221161848
3832,81.0138285914233
3833,80.1867428032455
3834,77.478443158631
3835,78.3389818260006
3836,80.1441652223303
3837,77.2317087045542
3838,79.0954693928433
3839,78.3051867366997
3840,77.6147163939663
3841,74.8681630890848
3842,76.1608653184703
3843,78.3505331257188
3844,73.8718223813772
3845,74.9230034857911
3846,78.1907739923366
3847,74.2778918319717
3848,74.7462120479433
3849,76.7562677943536
3850,77.1164633300148
3851,77.1469575110788
3852,75.8844833729096
3853,75.1968714618807
3854,74.6255157229002
3855,68.4531669716728
3856,67.2509694203564
3857,70.3205065025363
3858,76.1431998420468
3859,76.0602657553603
3860,77.9096455393358
3861,76.6316301751414
3862,77.7996632114969
3863,77.1963868053677
3864,80.1091075648062
3865,78.3587380566505
3866,76.6328556843708
3867,80.6326531516699
3868,77.9848915185704
3869,78.3528776849063
3870,79.762540107887
3871,74.649635509489
3872,77.6757245065714
3873,76.6908509278074
3874,73.4727262009505
3875,76.8304554822179
3876,75.2048392017679
3877,74.3194128948101
3878,78.6414374452207
3879,77.6528420341973
3880,79.4279511911247
3881,77.6521570518346
3882,73.7856774576001
3883,77.2592770765556
3884,78.9782304281226
3885,79.5794943669868
3886,78.5822791848779
3887,76.0949280722119
3888,77.097123518814
3889,74.3864906129543
3890,78.775178528145
3891,77.194563647333
3892,77.1532970858975
3893,79.4944294409862
3894,77.0321188466751
3895,77.5715887133483
3896,75.5838659553924
3897,76.7752956470196
3898,75.536566642571
3899,75.8751415649879
3900,79.4739540935479
3901,74.7291027728209
3902,74.478805421669
3903,73.1613069778742
3904,76.8702505786
3905,77.9591399787166
3906,78.0074039268929
3907,76.5215408200316
3908,76.228126908123
3909,78.2329123490278
3910,73.708587311618
3911,72.1666855773467
3912,75.6242414236004
3913,76.3283863278414
3914,76.6894996651758
3915,78.926989780233
3916,75.4274900770475
3917,75.1665742823859
3918,76.8731341611971
3919,74.4930681691528
3920,77.6199930255014
3921,77.3818781683364
3922,78.0865344558692
3923,78.6306697612507
3924,77.3597689694406
3925,72.6525797541424
3926,76.543513352653
3927,76.3420898509123
3928,70.3559866191263
3929,73.5660933099686
3930,76.8763190947829
3931,78.7794637800601
3932,78.2655002506268
3933,78.3372173939678
3934,77.8473053610789
3935,75.4407867960666
3936,77.3576648184824
3937,78.0428949704473
3938,75.0336833934406
3939,71.2344412413721
3940,80.3041232341757
3941,77.6874244344879
3942,76.2143433244678
3943,79.751856980304
3944,80.4799972245563
3945,78.097526381831
3946,78.1929701020953
3947,78.5576685218075
3948,77.7250900318172
3949,78.6081355232735
3950,76.9518498107533
3951,79.1802662701618
3952,79.6539051166038
3953,78.2611924942022
3954,80.0581534552925
3955,80.6884585140795
3956,80.1026894473992
3957,78.4904543178526
3958,80.2815504888056
3959,77.3628851317092
3960,75.6664647965072
3961,70.7828636208403
3962,77.1088889521307
3963,77.6410127038288
3964,75.0504948548461
3965,76.9159206293477
3966,80.3036039690318
3967,77.9260582052301
3968,78.0922789171262
3969,78.3038529797062
3970,76.3602072826194
3971,77.5775236474896
3972,77.9114739993249
3973,78.2264349342158
3974,73.0509824408616
3975,73.8374583054523
3976,75.9185229549091
3977,74.9390416858689
3978,78.7230647927817
3979,77.465712554037
3980,75.3666325755419
3981,78.8227719657738
3982,78.0557002460345
3983,78.5343729399512
3984,78.0359816491081
3985,79.2735972911266
3986,77.4814849534248
3987,78.7927042870339
3988,78.0717240099932
3989,77.0740451664345
3990,78.2891192729272
3991,78.1091551405007
3992,76.0142071966182
3993,72.9792399971007
3994,79.7769662978492
3995,79.880976989461
3996,77.8040761380182
3997,77.5357460150677
3998,79.5495385754902
3999,74.322045629235
4000,78.5635489666141
4001,75.4020508028755
4002,71.686777102641
4003,71.0434927330548
4004,69.5067518299443
4005,76.0701928857341
4006,77.2520643436046
4007,75.4701047506765
4008,75.9191882872815
4009,74.5470316591948
4010,70.6410050502494
4011,78.0913840532048
4012,78.1723901795161
4013,78.2369444720504
4014,75.8848106691013
4015,71.8956317243251
4016,78.6149033610754
4017,75.268896909997
4018,71.8452034190448
4019,73.4993842095988
4020,78.4920207975998
4021,78.6898475360684
4022,76.8009672456761
4023,77.9180034768883
4024,80.1280983689438
4025,79.0049294902251
4026,75.9834552788474
4027,77.6796401504368
4028,78.3829958839539
4029,74.245980748242
4030,76.4326527797843
4031,76.0963274053626
4032,77.7429276685101
4033,77.893966288525
4034,77.3068379871696
4035,77.5823639304576
4036,78.9833313017045
4037,74.5283079548713
4038,77.2466171452284
4039,78.8901540310451
4040,75.2248407183031
4041,78.8450843488401
4042,81.02640269573
4043,77.6936750089919
4044,81.4670000112355
4045,80.7946518119294
4046,79.9151108360567
4047,73.5509829813486
4048,79.7664286873806
4049,80.9176248283848
4050,79.3448905707335
4051,77.7878857605033
4052,78.1847918610137
4053,80.9753133164042
4054,80.0916416927113
4055,79.7909949561004
4056,81.4263353575018
4057,78.7607231708575
4058,80.0594668551294
4059,81.2261621796087
4060,81.2718132402708
4061,77.753224679351
4062,77.8160155992216
4063,78.63976913612
4064,77.433868692965
4065,77.2144499157594
4066,74.3683497049745
4067,72.2307449708425
4068,72.0556809161242
4069,78.9725317204463
4070,75.7907682446319
4071,77.5093637334253
4072,78.3102301613859
4073,79.8442541282886
4074,78.5494074257307
4075,77.0038750928195
4076,78.1369499967757
4077,77.8424871405899
4078,76.6227160822946
4079,75.6968740845437
4080,76.435640000618
4081,77.1432837345495
4082,74.9369914293579
4083,79.5889978056003
4084,73.4990628369367
4085,73.8874672688083
4086,75.3909028723858
4087,81.2630523365584
4088,76.4893028824415
4089,79.1012425633802
4090,79.3259721189863
4091,74.9037067998423
4092,77.0797593766017
4093,78.5757515815952
4094,80.8217676381895
4095,78.0631935775762
4096,79.8104167301627
4097,78.9761559985121
4098,79.0029876558205
4099,80.0869102080998
4100,74.9000937498982
4101,74.7070510998984
4102,76.445193841394
4103,75.6575665534988
4104,68.491458344614
4105,72.3041781474818
4106,72.6738908362296
4107,74.4594652106468
4108,73.356744329896
4109,76.9039645317642
4110,76.2190227682896
4111,76.9083535644246
4112,79.2509678263793
4113,78.7378965010932
4114,78.1445880482989
4115,78.4977016216134
4116,78.5739401398008
4117,78.6439492960719
4118,79.913974566358
4119,76.2699517432293
4120,80.1504984367616
4121,80.1011267042355
4122,80.0765980177881
4123,73.1308360838569
4124,76.0701928857342
4125,80.6541068102168
4126,75.7171927372955
4127,75.832966896013
4128,78.3900238426118
4129,77.2684864654676
4130,80.1977601233137
4131,76.8468976016314
4132,78.6699834378587
4133,76.6528370724692
4134,79.9903976945745
4135,79.0124662441967
4136,79.0954436133734
4137,79.0760193837337
4138,78.4891665734644
4139,77.8591505721053
4140,79.0996069582703
4141,78.3739364919131
4142,79.155417957159
4143,81.1974260213938
4144,78.7508498980368
4145,80.9931900247661
4146,79.3725880455513
4147,80.420283780454
4148,78.9033860381328
4149,81.3104020672271
4150,77.4278633564067
4151,77.7449613866344
4152,79.5654737646622
4153,79.5298550347732
4154,73.3342002453195
4155,78.6194088741808
4156,81.4463137258732
4157,77.7992212918311
4158,77.6724665077227
4159,79.2359323395431
4160,77.2036199107372
4161,83.2805899948145
4162,78.0134101019254
4163,75.5603806086691
4164,77.5749097989622
4165,75.6360196238937
4166,77.689867405777
4167,77.0312877569431
4168,77.5562963298609
4169,77.0581421153502
4170,80.7885033654365
4171,77.790820049186
4172,80.5120790829008
4173,78.5402830486343
4174,77.5485959677828
4175,79.6770946944786
4176,74.9792107785593
4177,77.5430032933164
4178,79.263474940183
4179,80.383702853092
4180,79.0806552792981
4181,79.3803680128692
4182,74.103807738444
4183,77.5358080950357
4184,79.8160885658856
4185,80.7264295296877
4186,78.2943135955342
4187,80.6310692288234
4188,76.429702094766
4189,78.4978501330627
4190,73.2105189337606
4191,70.2813056902078
4192,78.500290466334
4193,74.5638675124904
4194,77.6998642414453
4195,77.9637470704287
4196,79.4428651833246
4197,75.5939692434114
4198,79.2596037303898
4199,76.4063206980331
4200,79.0163194576815
4201,79.6535515033775
4202,77.7264468036378
4203,76.2766500465282
4204,77.8962988619028
4205,80.7738757289416
4206,78.4651869472042
4207,78.0689411006981
4208,76.648301413129
4209,70.3599245177098
4210,78.5413572928163
4211,71.725830219672
4212,76.291890899738
4213,79.6224759582046
4214,77.6232838803127
4215,78.8418492228459
4216,76.6100114163524
4217,82.1142617893228
4218,75.3359942826517
4219,76.8209822418034
4220,79.3500335688137
4221,78.3677015175066
4222,78.49044833646
4223,76.9231275877496
4224,77.0907853513
4225,77.2810426858188
4226,77.3791603768557
4227,79.6804944028095
4228,76.5975772687349
4229,76.5323811013956
4230,77.259264944377
4231,81.0564586520752
4232,78.2254634742814
4233,76.2153429773754
4234,78.191289780849
4235,77.8719463661295
4236,78.0500443056925
4237,76.5010521319686
4238,76.3359403186998
4239,76.0615366506447
4240,74.854917434524
4241,74.3270012633745
4242,71.8653096889733
4243,75.7775701564195
4244,77.2591808889022
4245,72.1853288815788
4246,68.0768615206047
4247,75.9530425081147
4248,79.3869662785165
4249,80.7821150604095
4250,76.9135735517879
4251,73.3619941431625
4252,70.9604611133315
4253,74.0874287172188
4254,76.4396833248475
4255,76.9882574266213
4256,73.6124493602079
4257,75.1599822381541
4258,76.0469140634767
4259,76.6444337964811
4260,78.4666164684284
4261,74.7022121480543
4262,75.8306695558987
4263,74.0907293466439
4264,77.2649653773222
4265,74.4760702959931
4266,72.6069906807022
4267,78.2206161400115
4268,78.9326892345265
4269,76.1899122942558
4270,78.1059051133794
4271,78.2654535726442
4272,81.1440328879453
4273,75.3525266408745
4274,76.2690427060305
4275,75.1003787380983
4276,77.3956822207455
4277,81.0932161948518
4278,76.9382153721518
4279,75.6662146527129
4280,73.2193757037925
4281,77.738843400425
4282,77.4224739361052
4283,79.5625236536121
4284,78.2217439778918
4285,76.8720552425402
4286,77.9241129325573
4287,76.6268506973124
4288,77.0235641739181
4289,73.239160488984
4290,79.9548469777129
4291,78.414841487983
4292,78.6193670894073
4293,79.5059997127962
4294,79.9386340148414
4295,79.2413473234063
4296,71.7011272453458
4297,76.5103502472469
4298,74.9395809194569
4299,75.3822806745067
4300,74.2862832384982
4301,73.9073825100476
4302,76.664540866765
4303,81.5588844272486
4304,77.9035480739166
4305,79.8375665494335
4306,76.7137824149659
4307,78.2395442346291
4308,78.5167215869921
4309,76.3594523363061
4310,79.9733345911952
4311,79.3147991135004
4312,79.0401710576873
4313,78.798402924994
4314,77.7921513665445
4315,76.8320019273671
4316,79.2359303874971
4317,80.0180220900069
4318,74.6920283380442
4319,75.7220499688599
4320,78.6553320325203
4321,78.1872424966614
4322,78.6445301804828
4323,77.3462582960081
4324,77.0829318425931
4325,80.8879491532927
4326,80.0693046007846
4327,81.3994909112603
4328,78.2130327246837
4329,79.4276095214595
4330,78.1733045670304
4331,81.1962423964318
4332,77.8895144647541
4333,72.4029408388174
4334,79.0982981286448
4335,80.2676454179995
4336,79.6403975213814
4337,80.2480109504995
4338,77.4595144716353
4339,78.3504783982251
4340,77.9218912993284
4341,77.7051189971666
4342,77.8552369974319
4343,79.6085732998101
4344,77.9025305184365
4345,81.0286285254235
4346,76.572049796298
4347,78.7896797130833
4348,77.2983578905164
4349,75.8398338766296
4350,75.526839184712
4351,78.2561649179381
4352,77.3908131243908
4353,79.0944090502787
4354,78.6911443628058
4355,76.7805541086744
4356,78.8968714999651
4357,79.5640735672267
4358,79.5533062927145
4359,77.3052398807123
4360,75.9824735367723
4361,75.3559008995077
4362,79.7543611110399
4363,77.9748577299524
4364,79.1321748636723
4365,70.6974470029103
4366,70.4049012209633
4367,71.9731683520322
4368,72.7947709553207
4369,67.9711580582441
4370,72.8019008114781
4371,71.5327850599298
4372,73.5766118755355
4373,73.5547288916373
4374,75.6636932677321
4375,72.7633875468189
4376,74.8063654834198
4377,71.911661929068
4378,76.2361312296864
4379,69.5848329676098
4380,74.0110351174615
4381,73.6786280257338
4382,73.6082147873145
4383,73.0531966167359
4384,76.2357579869804
4385,79.2297248456483
4386,77.9126901305411
4387,78.3967188580541
4388,76.6990125536863
4389,77.7627081980827
4390,75.9664208402149
4391,72.4449627137931
4392,74.7291218396598
4393,74.9181938226253
4394,74.789318861481
4395,80.0408432432357
4396,78.0226375317329
4397,76.9024235002739
4398,76.9117278003207
4399,75.9715359669107
4400,76.8193822132088
4401,78.7678046723212
4402,78.5959448121866
4403,74.3215284709134
4404,71.7084862865259
4405,77.8370505967184
4406,77.5115715046005
4407,77.922022062716
4408,76.1477689340434
4409,78.0045384452974
4410,75.246638307832
4411,77.1885555913609
4412,75.6933289075823
4413,79.138103772269
4414,75.554527438124
4415,78.6281969747297
4416,77.2516058485415
4417,75.0808951288732
4418,72.069977143635
4419,73.6559648309382
4420,78.8753298129807
4421,80.3041324390442
4422,80.6629945624079
4423,77.3004293002597
4424,76.4550036772587
4425,72.8977329873443
4426,79.662775504912
4427,75.3216006887524
4428,78.501669548203
4429,71.9814406074983
4430,74.5192067676612
4431,74.4355265268609
4432,81.1829432073691
4433,79.0747301201964
4434,77.3211278525289
4435,79.5248655443601
4436,77.2743693813652
4437,74.2199991863231
4438,76.3149283554547
4439,75.7494256959853
4440,76.7291138039817
4441,75.9305456026575
4442,78.8081932936919
4443,79.2096442785682
4444,77.077683062262
4445,75.9915479214496
4446,77.5733890312723
4447,78.2198614746341
4448,77.5912885739138
4449,72.2919527432852
4450,69.6016545765257
4451,77.3561934174072
4452,77.5299524073059
4453,74.9871745230666
4454,71.4778937667398
4455,73.2764293632877
4456,76.7547835377446
4457,77.3111038221203
4458,78.8121274003274
4459,78.6158367586363
4460,76.9036338353092
4461,77.4161576610146
4462,80.8187588091972
4463,80.1567436189844
4464,80.0181886066557
4465,75.4196157976162
4466,76.3836345622259
4467,75.2633804195443
4468,71.2673451865566
4469,71.5972659233064
4470,75.2175939410162
4471,79.2958277538507
4472,74.9512893049016
4473,77.4691294809941
4474,77.6203921257676
4475,79.7995436276164
4476,79.4943241230819
4477,77.5036796045147
4478,79.7840291322382
4479,77.6090493973214
4480,79.8957613541609
4481,78.9081334432183
4482,75.6023641768332
4483,77.3562033535412
4484,74.4412286129814
4485,79.7165609394481
4486,75.0396907411631
4487,80.9064530382213
4488,78.4263859705516
4489,78.6352699616541
4490,78.0714992068488
4491,76.9796481825848
4492,78.3117488094661
4493,77.4206559252414
4494,78.1606615105812
4495,79.0825245773292
4496,77.917871311275
4497,78.8797962878801
4498,78.7706187335758
4499,76.9373642357824
4500,76.4335484754819
4501,73.1424211739489
4502,74.354988464779
4503,73.2221399994312
4504,72.9978715719133
4505,78.489986645855
4506,76.5954061498687
4507,78.1592303533679
4508,77.1865061808846
4509,77.8291919701449
4510,79.4369330020246
4511,79.3569295406285
4512,76.1457463885488
4513,77.8286947407938
4514,77.1751801664523
4515,75.0891158021454
4516,75.0325694326662
4517,78.8886270263467
4518,77.9366865032932
4519,76.0292493223451
4520,75.1357119595951
4521,77.3136224038428
4522,77.9852878445673
4523,72.5352693887547
4524,77.3488782042279
4525,78.951373137878
4526,79.298589995511
4527,78.8481668089556
4528,81.9195604284466
4529,78.8424266333313
4530,77.428371621612
4531,78.8237903823568
4532,76.8112656967282
4533,79.0381024440327
4534,77.9742496639032
4535,75.5363019703695
4536,78.5183540404297
4537,77.42928268094
4538,80.7880671280018
4539,78.6529812537434
4540,79.3662812480973
4541,79.2519437636705
4542,80.7648363975291
4543,79.3830084322462
4544,77.5865663350333
4545,78.9258443767255
4546,79.7262600129317
4547,78.483342539395
4548,77.9779269836375
4549,77.9889315786411
4550,78.2966128607395
4551,77.5898582587792
4552,75.6867600392187
4553,80.5177677203791
4554,79.3791221194542
4555,80.7004674100257
4556,74.2503313726745
4557,80.5264085524804
4558,78.1088032404738
4559,79.2463495384997
4560,78.3332867874499
4561,77.2282583944638
4562,78.9712068774356
4563,77.995585427645
4564,78.9109576338628
4565,79.4834715429246
4566,77.2482683239539
4567,77.5960824792705
4568,79.9057773498585
4569,78.5381413262955
4570,72.2864841766404
4571,78.1495632984323
4572,74.6682094493665
4573,76.7295945559787
4574,72.8055726044147
4575,71.70257487839
4576,81.8470053546535
4577,77.068884752518
4578,79.0896024939889
4579,77.4800749729184
4580,78.6205983370272
4581,70.5935360489246
4582,69.9415794200538
4583,75.2935461795317
4584,78.8549072050612
4585,77.5057853930424
4586,78.618084611437
4587,76.6079750647997
4588,79.0995989712175
4589,78.3484274798461
4590,75.2309827745376
4591,79.7517129728242
4592,75.9206853817859
4593,77.0396371442355
4594,76.2379799545498
4595,77.9426037000344
4596,70.8553106800578
4597,75.8855609171803
4598,78.4536623171905
4599,78.8815041103397
4600,79.4575602249339
4601,77.0596482516372
4602,76.1448976872001
4603,80.6880896111014
4604,78.310692444713
4605,80.6748050151145
4606,78.2336939779614
4607,77.127436200492
4608,76.7229143762879
4609,77.8746512041287
4610,75.9654397323746
4611,78.7349582247542
4612,76.6450833333303
4613,75.6665590571167
4614,73.4304341395468
4615,73.8411081825861
4616,73.6988230418522
4617,77.17506329949
4618,78.6372176693909
4619,76.8485496894282
4620,79.8559317620573
4621,76.2600879282604
4622,75.0339110234963
4623,77.5939242981286
4624,77.6561662959019
4625,77.634648341383
4626,76.5712153537935
4627,77.7447646329767
4628,76.3481825790798
4629,72.6890797273717
4630,76.929186973451
4631,69.8384985603669
4632,76.6817262960861
4633,73.5381761084698
4634,75.6534266661426
4635,77.156653737557
4636,78.2615913287584
4637,81.0316253003035
4638,75.4886582211361
4639,78.5567541272772
4640,78.1600782404285
4641,77.8529605888529
4642,78.8381508061717
4643,78.0960831118464
4644,77.4319243636135
4645,80.2591017486493
4646,77.2508933183514
4647,78.4195122011037
4648,81.3908748260172
4649,75.5407151312025
4650,79.9849779493587
4651,77.5253724715104
4652,76.4638938397583
4653,79.0960634647707
4654,79.9729587550662
4655,73.9043449856871
4656,75.7236246417322
4657,77.0841885153561
4658,78.0510325681698
4659,77.7816937772353
4660,78.710053029742
4661,74.2917988076572
4662,70.2616314247091
4663,75.8456683447312
4664,76.4473219674257
4665,74.4009449185576
4666,74.6310257904533
4667,77.395421228323
4668,76.3873740128448
4669,79.2653269133604
4670,75.6821434915112
4671,77.9589894635804
4672,80.7532233751614
4673,78.7818988851303
4674,77.9175859210145
4675,80.9703919070184
4676,78.6298649770581
4677,77.3441810610955
4678,80.6261470021256
4679,81.2398701014532
4680,79.4466041322763
4681,76.7307635432275
4682,75.9465772961474
4683,77.1331482404745
4684,75.1011437321042
4685,80.1133303182028
4686,77.9426715380051
4687,73.2847624500487
4688,78.0898424397461
4689,76.8089863835994
4690,77.3923216991584
4691,78.6935645479738
4692,78.1497770765665
4693,75.6535555723627
4694,77.9619738766548
4695,81.3218929415535
4696,78.1937010995856
4697,76.5999697786527
4698,76.2767281747052
4699,77.9046362283425
4700,78.5903029169665
4701,76.5993601474123
4702,78.776190405181
4703,78.123953196822
4704,73.4870149686583
4705,69.7777009789272
4706,78.0761640011521
4707,79.2673742931177
4708,79.8432422017394
4709,78.322679122976
4710,76.2018315109336
4711,78.2323764519862
4712,78.0404837707609
4713,76.5443120895814
4714,75.9583922202564
4715,78.4293731290143
4716,75.1165950423995
4717,76.8271230267296
4718,75.8833762271683
4719,76.5636218657066
4720,79.4032958528546
4721,79.021637579051
4722,78.2984714112834
4723,78.2042540234381
4724,80.5925950508234
4725,74.4310412715632
4726,78.7573151703803
4727,73.6211724665676
4728,73.3502119174352
4729,70.5306838840758
4730,76.6274633604914
4731,78.6177099984499
4732,76.9453568615319
4733,76.9490005442134
4734,80.0003982171946
4735,74.8922863135755
4736,71.0057281808735
4737,73.5496447883739
4738,78.4352651841246
4739,75.059427056383
4740,75.7555783515723
4741,73.9504439425567
4742,73.7205849490938
4743,75.7367441837575
4744,75.6125234621019
4745,74.0789055245223
4746,76.0315243034928
4747,72.5945141872483
4748,73.6368372941223
4749,74.6606926988838
4750,73.2135394516915
4751,71.5504453149372
4752,72.723232481637
4753,77.2199017435359
4754,75.1885016102443
4755,79.0165310590778
4756,75.9684533285953
4757,73.0236370037985
4758,75.5667151506756
4759,77.6013096180787
4760,76.1969823527183
4761,75.8329355884141
4762,76.8605501850928
4763,77.4764790730742
4764,76.6128085303649
4765,77.0076382477022
4766,76.9506660965591
4767,76.8984553634054
4768,74.1325312032322
4769,75.6603395152815
4770,75.6998502804014
4771,76.5979772564997
4772,76.1819924696566
4773,71.9367012224127
4774,64.7444668860326
4775,76.0775578896732
4776,77.2430972533793
4777,77.7479316456188
4778,74.5566940338106
4779,76.0747773921799
4780,79.1168315063332
4781,75.2127435752805
4782,77.851234306625
4783,77.0423323047624
4784,74.0391690066435
4785,75.4953822356971
4786,75.5445786774558
4787,73.9649949330105
4788,73.6821999476556
4789,77.154225398357
4790,76.1607048241236
4791,76.8301327684276
4792,76.4102426034452
4793,75.2709367212131
4794,77.2665714932302
4795,75.9135044694361
4796,78.9389295768657
4797,78.7125430251295
4798,73.4232402903415
4799,76.0897010253887
4800,76.897606519613
4801,74.5911161300404
4802,70.4656206800322
4803,76.8346901337634
4804,77.9756777495191
4805,77.3904756471005
4806,74.6119468306491
4807,79.1837835952737
4808,78.3767459408598
4809,78.6241513514929
4810,75.2532079477944
4811,76.2419846475061
4812,76.8923626358657
4813,75.8382572930141
4814,79.2194343208942
4815,75.6493110095673
4816,78.2304538864662
4817,75.7631440463292
4818,77.6885298386083
4819,74.9722942580854
4820,76.9435694253847
4821,73.5391588988927
4822,74.0811606811408
4823,76.2350329620852
4824,75.7356498299416
4825,76.1377938650012
4826,79.3298144289446
4827,77.6257819455871
4828,74.8017560613935
4829,77.9617954364537
4830,77.8853652079706
4831,76.1074039862875
4832,76.0135449533036
4833,74.5900869274209
4834,76.1632522120981
4835,77.2026472613751
4836,74.7522127872778
4837,75.9717811710338
4838,78.2171086932901
4839,77.4729902351916
4840,76.2504183465802
4841,77.2071689718077
4842,76.5827116516007
4843,80.5635890979524
4844,77.4902939638393
4845,80.9297615583477
4846,79.183319658268
4847,77.046922413505
4848,77.4220450085902
4849,76.7827440100023
4850,77.5227495764649
4851,78.2980371068197
4852,78.3923526698986
4853,77.2881017022895
4854,73.7014402059514
4855,78.2132952908577
4856,78.0649224760427
4857,78.2694008779249
4858,76.3725274884584
4859,72.3559657836102
4860,76.5857109344391
4861,81.0009053841134
4862,75.382284072981
4863,78.0955447442984
4864,78.9289966467026
4865,79.172361803236
4866,75.5114975971599
4867,76.686883244979
4868,74.4392588412829
4869,80.4799972245562
4870,77.9105888162381
4871,77.0836216181204
4872,75.7755599316391
4873,79.6983736523808
4874,78.7187523410713
4875,77.8972295502284
4876,75.2193071089894
4877,77.2533119218369
4878,76.7472908606135
4879,77.2738355293869
4880,76.8321713034766
4881,78.0563213865718
4882,75.8002711010919
4883,80.7876452322068
4884,80.9340384853725
4885,76.997576143665
4886,80.4824563681107
4887,79.4992279101414
4888,79.4580882315315
4889,79.8845463686682
4890,79.388241617575
4891,79.6373064682688
4892,78.8074886983018
4893,77.9423261592852
4894,78.8342857876847
4895,78.7221960476173
4896,77.8461958613569
4897,79.8189802091454
4898,78.1418317224306
4899,80.0213938777464
4900,76.4589873731225
4901,78.3464654811327
4902,77.7169186998679
4903,78.6290691906345
4904,77.6392395857806
4905,72.0397553781188
4906,78.0373314275349
4907,78.4309484660296
4908,76.3345124966918
4909,79.9689652721422
4910,78.9389219006721
4911,78.7291542171375
4912,78.0807035180125
4913,78.0243928356329
4914,75.8242805156314
4915,74.3445641820903
4916,78.7508867989347
4917,74.2999457632637
4918,73.8039464794845
4919,77.1348373106725
4920,80.2898083650476
4921,75.9907724988237
4922,76.5859200036102
4923,77.2946490291794
4924,76.7695020765495
4925,77.590603872416
4926,78.5412818312043
4927,76.121018526184
4928,77.8373341276681
4929,75.5906222608934
4930,73.0661931101189
4931,73.6998854707853
4932,76.7111460088374
4933,76.5083390077198
4934,74.9765801328427
4935,73.0586311132969
4936,69.1654805251677
4937,67.0301646441667
4938,72.0247385551299
4939,76.3566702771729
4940,75.6217218740377
4941,76.2786315966791
4942,76.4462644897344
4943,79.5327045855115
4944,79.5637026691941
4945,77.0171604515292
4946,73.3997399999732
4947,75.4133592195344
4948,75.5589525839168
4949,79.7658570744779
4950,78.0683353260871
4951,77.0065149915175
4952,75.3458229862885
4953,72.5870636256493
4954,76.2807864043421
4955,76.9326099023204
4956,78.0573840867155
4957,77.1089036932159
4958,76.6378911515395
4959,78.5535584592014
4960,77.2180971198863
4961,77.5650299024819
4962,79.783026498963
4963,76.8124949429426
4964,78.6965486638851
4965,80.045375974512
4966,79.3498495669274
4967,77.550269913716
4968,77.6602404578099
4969,80.7544895765984
4970,79.7807308772857
4971,78.9678172347565
4972,77.9441271581501
4973,77.5579740168772
4974,82.3666256297335
4975,79.0075904465544
4976,81.7019295487597
4977,78.3893447225901
4978,78.1514548503065
4979,80.9289188245467
4980,77.9315175620799
4981,77.4374253051483
4982,77.9699757915981
4983,78.1224892834312
4984,79.1844106284867
4985,76.9029338277172
4986,78.0741368652749
4987,78.7242040018679
4988,73.4957767855271
4989,64.2943459982777
4990,69.9667978573619
4991,73.6643316439543
4992,73.3105063670836
4993,71.1178973731938
4994,72.2292686276834
4995,76.779537953368
4996,72.8678171955413
4997,75.1446114817323
4998,74.5791604637119
4999,74.7511299231492
5000,74.0743879422077
5001,75.9186485208616
5002,77.2353043316594
5003,75.3734568022918
5004,73.5772770529814
5005,74.2331398691884
5006,74.6502309712152
5007,78.4703108011266
5008,75.722989550673
5009,76.4527329421235
5010,73.9430185150295
5011,72.7540381182669
5012,78.7577426048895
5013,75.2852339380001
5014,76.8206925220654
5015,73.2512895108575
5016,75.7092183675729
5017,77.3132490792904
5018,74.3207314411626
5019,76.9025983001776
5020,73.7033707290049
5021,78.3304540876001
5022,77.9763257075283
5023,76.0497389289858
5024,76.6578209816059
5025,77.9203708098174
5026,74.8918402738782
5027,72.9171473260725
5028,74.4214660457071
5029,74.3072292843732
5030,71.3438524581531
5031,74.9036183465913
5032,78.9842420087776
5033,76.8568158274564
5034,76.9717300750684
5035,76.4633720792141
5036,76.3862097335842
5037,79.1567901313007
5038,75.9380583674023
5039,74.8727872354693
5040,77.7688694644328
5041,77.034865434065
5042,78.046255294341
5043,81.9194865255704
5044,79.1961920131959
5045,78.3242542860027
5046,77.48407860311
5047,76.2033729918549
5048,79.4450109992804
5049,77.9470341275759
5050,76.5338921267098
5051,77.4540338466462
5052,76.6695656953494
5053,77.7900138735592
5054,77.9883129795077
5055,78.1622115584982
5056,77.9041448249505
5057,78.550745974313
5058,76.2034691000009
5059,77.8813599616141
5060,73.1650528387401
5061,81.4230464592497
5062,74.7231950591897
5063,78.0887044412351
5064,80.3707816153807
5065,77.0486546355845
5066,73.8727660460011
5067,76.0576065853911
5068,77.4867871539513
5069,79.1682618789176
5070,76.3678378688703
5071,75.8637094804814
5072,76.0323104779772
5073,74.0290120918477
5074,78.5849312009872
5075,75.9593667968378
5076,78.0221899633907
5077,77.5879143010329
5078,72.87104534082
5079,74.8479672489912
5080,76.2553349554531
5081,77.9586013981639
5082,77.839166268516
5083,74.4440493064879
5084,76.0044348639332
5085,77.5575638792953
5086,76.7235503444318
5087,78.1860396315129
5088,78.4684597359283
5089,76.6514003804472
5090,77.3540450920099
5091,78.5837304569155
5092,74.1479716230981
5093,72.7800989696689
5094,76.2284630780266
5095,74.0169262845098
5096,77.414629742977
5097,77.6362346244678
5098,79.5837359118954
5099,77.5743912003725
5100,77.5883757924682
5101,74.7442144541541
5102,71.9434579629482
5103,73.8349922484684
5104,77.0996677477028
5105,73.6406088554932
5106,70.2321339890509
5107,74.5911961451875
5108,75.6032705099345
5109,77.8018704242154
5110,74.5044987252622
5111,79.3050451956916
5112,77.5170053027597
5113,77.1227477645581
5114,77.6120474916573
5115,76.6303674775143
5116,77.6953530647551
5117,79.0309956096755
5118,76.7406352834139
5119,78.8433892826279
5120,76.203611273271
5121,74.6900560314215
5122,75.3128693306444
5123,75.0554760656422
5124,79.0829225352491
5125,79.1135614003441
5126,81.3806050769871
5127,76.5695339186461
5128,79.3221617451869
5129,74.7456750184285
5130,77.1805513498254
5131,76.8903843972349
5132,79.2519437636701
5133,76.7969109268558
5134,77.4893991806099
5135,78.5076279100597
5136,73.6142092338553
5137,76.2555698381854
5138,77.0076837923602
5139,78.0495166204994
5140,70.5285589502544
5141,79.0108048904888
5142,78.867290531926
5143,78.7230203867474
5144,75.5645990680482
5145,75.7255072065328
5146,74.4985287899789
5147,78.6928248171287
5148,79.764077290434
5149,77.0993616061054
5150,75.8078786680965
5151,76.3572309719947
5152,78.0566808307116
5153,75.4814147029157
5154,74.1785224192273
5155,75.8335058485344
5156,76.9053447665485
5157,76.4222246364334
5158,70.9885420947585
5159,76.7995073143415
5160,71.4651232081122
5161,79.7611897152815
5162,79.211234508768
5163,77.7420725879519
5164,80.3293266647852
5165,78.6420185905574
5166,81.754697258275
5167,77.0860883455576
5168,79.5650995445905
5169,77.7716484495458
5170,79.2877874241003
5171,77.8318723348146
5172,79.8989131110887
5173,79.5055184001242
5174,81.3245520322355
5175,80.9268139101285
5176,78.3490654302145
5177,77.4369177672422
5178,76.7114039573271
5179,78.5897067974412
5180,80.6878101867543
5181,80.3454470433301
5182,79.9151179504118
5183,79.2577660005152
5184,79.6591920804993
5185,78.1661349951335
5186,79.971887399084
5187,78.1954367331999
5188,78.4906031566704
5189,73.6714536767039
5190,74.9815887507725
5191,78.1189727213329
5192,78.4519572853054
5193,79.277985213347
5194,79.2118697089888
5195,80.395930258038
5196,77.4610725535566
5197,77.1224937527457
5198,80.1636029322489
5199,80.3648659154526
5200,77.9471214188768
5201,77.4277968667586
5202,76.7593337466301
5203,74.9455429712743
5204,77.1502974467728
5205,81.3173286054766
5206,77.0368339848421
5207,77.1730646288595
5208,77.0371695561528
5209,79.6350011024052
5210,75.613415790899
5211,75.6807170690457
5212,79.9880901222675
5213,74.9510077290666
5214,75.1941283262868
5215,78.5086951049684
5216,77.6106629274412
5217,76.5230570112835
5218,75.6568411645393
5219,76.866990129851
5220,77.3300466555003
5221,75.1561010389084
5222,76.5670896681415
5223,76.9397710764056
5224,77.4259058790869
5225,76.8397161508238
5226,78.1850951663197
5227,78.3465262234162
5228,77.8263338738719
5229,72.8449598358991
5230,74.4975545763271
5231,76.674679486893
5232,77.839173321988
5233,76.6932232049007
5234,77.4701060606344
5235,77.2320634758423
5236,78.029338780611
5237,77.3932142291507
5238,78.0077426439218
5239,76.0941969648185
5240,75.4651002213207
5241,79.1904367048851
5242,77.2896494615518
5243,79.3994968444425
5244,74.9158364603077
5245,77.0039974952004
5246,72.7509560531156
5247,73.4131979124673
5248,78.0011582170153
5249,77.4910107923007
5250,76.6985494728464
5251,80.1865654427956
5252,78.4023351739419
5253,73.9685413027252
5254,69.5478522062696
5255,69.0636598664368
5256,74.4236296136252
5257,71.0222869805537
5258,72.1924139289561
5259,75.5440165019222
5260,72.4721782241652
5261,73.7450220007448
5262,74.6518400551653
5263,75.1342259170649
5264,76.2706449869182
5265,75.3502630813708
5266,76.0385858224407
5267,76.3560174894584
5268,75.5536429637785
5269,75.8728210688056
5270,78.6522970383256
5271,77.4305830315469
5272,81.4858266199503
5273,77.9277234114179
5274,77.8674815863748
5275,80.6404374016233
5276,80.3453811392349
5277,75.7452106208082
5278,76.4592840278917
5279,79.9723881203102
5280,78.3111640872784
5281,77.8937441530387
5282,75.9918037037697
5283,77.8852599976201
5284,79.5444513675131
5285,79.0212071815456
5286,77.7446327069827
5287,76.9373642357829
5288,78.5514692008517
5289,77.9126501967362
5290,74.3845177558712
5291,76.7435905300439
5292,75.9749888368029
5293,77.2212369668446
5294,75.2968414454698
5295,78.7398289906532
5296,76.9869186838401
5297,79.3212959907914
5298,79.2838272240104
5299,79.4374857264644
5300,78.7476518456322
5301,77.7122646701515
5302,79.5392131526376
5303,80.0511547830407
5304,76.1767315097213
5305,79.1714982524592
5306,79.1598826363413
5307,76.3739238533628
5308,80.2535832659323
5309,79.7063791223607
5310,79.0624861506602
5311,78.32356376594
5312,76.9099209428994
5313,79.0928985103486
5314,79.3231371893754
5315,76.6443753552526
5316,79.263192893492
5317,77.9777252179375
5318,77.8892390194562
5319,75.8114254940198
5320,71.0937877646859
5321,67.3371166787869
5322,66.8809978838163
5323,68.7861597730946
5324,69.6584872438652
5325,68.7904754082203
5326,69.6061727592875
5327,70.304470396098
5328,73.2251669037087
5329,79.7816829652362
5330,79.0063184148665
5331,75.9898717549092
5332,75.8594332217078
5333,77.7258029996737
5334,76.1851209589814
5335,75.4860731486755
5336,76.4829864138661
5337,79.7828589763758
5338,79.7182693176048
5339,73.6071246130876
5340,70.9780425116622
5341,77.0316777997249
5342,74.9687069831583
5343,77.0293637841699
5344,77.8358660924714
5345,78.6629201831264
5346,78.4686290570946
5347,77.8401245648054
5348,80.3262663726877
5349,79.2568151316394
5350,78.3880230598049
5351,81.2034640686193
5352,80.1117258907199
5353,80.122631631078
5354,79.6139814472374
5355,79.7669968330998
5356,79.1043412756412
5357,81.1814148134162
5358,80.6228655216558
5359,79.4043650519067
5360,77.1227477645582
5361,78.870688726028
5362,78.6838674764882
5363,79.7174236367538
5364,79.984497309618
5365,79.6615157167603
5366,77.6988344352698
5367,80.7129696380504
5368,77.2826869610329
5369,80.5519100806887
5370,76.3491466773748
5371,73.0854537694856
5372,77.1279283078636
5373,77.3175642896757
5374,78.8379832897804
5375,75.6267158207672
5376,78.0316043190261
5377,83.4083620946208
5378,80.2618927339435
5379,78.5619226931867
5380,79.5024433083507
5381,81.363050553881
5382,81.1787144131822
5383,81.8372505400164
5384,80.2841699005916
5385,79.2912213832871
5386,78.8365487336673
5387,78.7311671350226
5388,78.4721075873238
5389,77.4528759845535
5390,78.7336697889299
5391,79.8242859203553
5392,79.5001795383635
5393,80.1584335125902
5394,78.8623216982492
5395,74.9530482574961
5396,70.3726353440976
5397,72.6986612384814
5398,80.2732592504222
5399,76.1025787138641
5400,77.3101358112847
5401,78.4672575231556
5402,77.7061424869814
5403,83.1782787064161
5404,78.3044264922918
5405,81.8255425592446
5406,74.5242110742347
5407,71.435533295693
5408,77.719193808731
5409,78.1854327564261
5410,79.255185120751
5411,79.5719610180361
5412,75.8918130125593
5413,77.0876452264249
5414,77.360689549762
5415,76.2862847354834
5416,78.338056694045
5417,75.6034522698584
5418,79.2304929898872
5419,78.6165672167986
5420,78.6921127904309
5421,77.3111953945114
5422,79.9166159572908
5423,77.8620352294054
5424,78.0087729911643
5425,70.0181862994995
5426,75.2876557485851
5427,78.7578079556699
5428,78.6317564737345
5429,77.2418557932289
5430,77.7367264775605
5431,77.2344453447487
5432,75.3235866590985
5433,72.6598687069276
5434,71.6798479078614
5435,76.7461725338042
5436,75.0171881077702
5437,76.7285557376471
5438,75.3174358779105
5439,75.112873239097
5440,70.5031316173091
5441,71.2844978606711
5442,74.7985242435082
5443,74.0925930524745
5444,74.7090204610393
5445,71.4339472238763
5446,73.3677706400704
5447,75.5635194421899
5448,77.1306210283495
5449,77.0769601527625
5450,71.8701641941473
5451,74.0712672142299
5452,75.2957443745767
5453,77.3296310269154
5454,75.8362508440549
5455,75.7956830052989
5456,74.5780525388357
5457,73.9858066982586
5458,76.3231352257259
5459,74.163198925119
5460,76.1684541329254
5461,73.0283416191787
5462,71.976998996745
5463,69.2506695192784
5464,68.798774887573
5465,69.0117676568854
5466,68.3359399891374
5467,68.9135428095797
5468,69.9955065434751
5469,69.383435971551
5470,76.1202526386022
5471,73.5679511749166
5472,75.7275889586611
5473,77.0235216314806
5474,78.9910359215429
5475,82.2065530400049
5476,79.0459267879761
5477,76.9954894627365
5478,76.0692283204919
5479,71.8071123262288
5480,68.8507507629112
5481,71.470955660428
5482,73.9891243678907
5483,73.9297075529501
5484,72.1774322050298
5485,74.1220992824319
5486,79.7966942178289
5487,80.9474170056565
5488,80.2366542288881
5489,74.3190990182461
5490,73.8721637371033
5491,76.8224924455186
5492,77.2842988662522
5493,76.205188824968
5494,78.5986872082977
5495,74.7002456870192
5496,76.3752938531991
5497,74.8687276549193
5498,77.9274640696282
5499,74.3384019435382
5500,79.1886793189895
5501,77.4393084901188
5502,76.3300384580293
5503,78.1952636382197
5504,79.6596159170137
5505,73.9414161639611
5506,76.7382483231482
5507,76.3384268281086
5508,76.4845568771586
5509,75.1336876127
5510,73.6150575369065
5511,72.4447632142003
5512,72.1911276219927
5513,75.6712290967498
5514,72.452099734024
5515,73.6678775677797
5516,69.8489845771489
5517,69.4883926669855
5518,66.2802726574877
5519,71.1121926333093
5520,70.7987490760375
5521,73.4016923423074
5522,72.5954271708293
5523,75.1599176743106
5524,76.0905535055651
5525,75.0375513661028
5526,72.7777546540362
5527,72.1778437224973
5528,74.4379993937677
5529,71.6721739979604
5530,78.4245923165577
5531,78.1133051899544
5532,76.5871826400148
5533,78.6832829580878
5534,75.7971169307647
5535,77.8615148187484
5536,75.7248125070552
5537,76.3818324201471
5538,73.9973411330375
5539,77.1079304489186
5540,73.3720432232731
5541,77.5240738967591
5542,73.2485722311988
5543,70.8003773271602
5544,72.2346867792576
5545,73.4925406310647
5546,75.6300839373816
5547,72.4245922015377
5548,74.2056105397491
5549,74.6186078374005
5550,77.7136254598293
5551,77.9158576446221
5552,78.100548351104
5553,77.4347055043189
5554,76.2767281747055
5555,79.3582091133727
5556,80.234100709135
5557,76.7062004521788
5558,76.4575426780327
5559,75.6158610798502
5560,80.8467519378897
5561,79.84289543151
5562,79.1525597818894
5563,79.1413582953375
5564,77.8929070455451
5565,79.7609951381697
5566,78.9973485516217
5567,78.2143386543534
5568,73.8706368400168
5569,77.2769058544579
5570,75.9683780861121
5571,77.0743080736042
5572,74.5148633087282
5573,76.1940714002228
5574,79.761928314423
5575,74.8460796533166
5576,79.9487059379754
5577,77.6832590319816
5578,76.9489631508645
5579,77.156285401442
5580,80.3985489737262
5581,76.383641780445
5582,80.2059651690495
5583,74.8328608279451
5584,72.5479067962843
5585,76.8039665144639
5586,77.2980131536765
5587,75.4139110301378
5588,76.7342025458906
5589,77.6031660315878
5590,72.7053578786916
5591,77.8280036084315
5592,73.7533962314892
5593,75.2538823372798
5594,80.0308198916629
5595,75.8069652470297
5596,68.4519209943223
5597,69.4277425593986
5598,75.0923598568343
5599,77.1260972386527
5600,77.7881689164212
5601,77.3613493673768
5602,79.8005319641121
5603,77.8123860917181
5604,72.903796460149
5605,75.1144207480916
5606,66.5999278202559
5607,74.6553888998889
5608,74.5962657256282
5609,77.3681697828247
5610,77.9826121259534
5611,77.7090890566396
5612,77.0293637841702
5613,79.1758463565703
5614,76.036033143799
5615,75.7093229044407
5616,75.1253302457126
5617,77.3873571741136
5618,75.0252010101832
5619,77.0839366289707
5620,76.4568802871695
5621,77.313778858835
5622,81.034371392992
5623,75.8438183352352
5624,79.4198698392793
5625,80.0199930010119
5626,79.3704425917795
5627,76.0518282852434
5628,70.3699276987321
5629,78.0293034091907
5630,74.6887776083056
5631,75.8544905790853
5632,75.693627803629
5633,78.0578003479805
5634,79.3541964676177
5635,78.762451553756
5636,78.4599639535901
5637,78.0124508651709
5638,80.2396983648978
5639,78.3886904647684
5640,77.4881353462887
5641,80.1695608905061
5642,77.3899144433372
5643,80.1753191385805
5644,78.8323877830408
5645,77.632159344195
5646,77.7674603029973
5647,79.0414886975706
5648,75.6551610537909
5649,75.2002711895915
5650,76.30251085703
5651,77.5640640101627
5652,79.3667562705267
5653,77.9483705555745
5654,76.6214174237329
5655,75.1829174071024
5656,78.2245009392051
5657,78.9548479290569
5658,78.0138991483341
5659,77.3467792397631
5660,77.2001977140862
5661,77.2860207495361
5662,79.0283825223163
5663,78.7026999582631
5664,78.6492781172722
5665,76.5695376559582
5666,75.453566379906
5667,75.5159286465569
5668,78.4656553373152
5669,77.5852827835688
5670,80.7928959573608
5671,82.6535932932456
5672,80.6447299365327
5673,77.4682773996789
5674,75.3836029490988
5675,78.9908104845716
5676,78.7558125286311
5677,79.2512665969038
5678,75.3427413537031
5679,80.0549858275896
5680,79.0283321463925
5681,77.1555246627568
5682,75.9000537314162
5683,78.3698470410954
5684,78.9967036599351
5685,78.3239433024638
5686,77.946538688416
5687,79.1299270821156
5688,78.9456393126381
5689,78.2982539715138
5690,81.1219432280514
5691,79.6335974204174
5692,73.4859457106076
5693,77.7042043705414
5694,78.9788598607807
5695,76.9909541272798
5696,76.7985102656842
5697,78.124035077226
5698,77.4272762103708
5699,77.1054516177806
5700,75.7915558667995
5701,75.4300598395636
5702,77.5857967401602
5703,75.9371318834532
5704,78.4188869051769
5705,74.4514335290132
5706,72.7868156453217
5707,81.0979576982478
5708,77.5244191024764
5709,80.4406545602203
5710,80.4870932404992
5711,78.0767127223865
5712,79.3572052654933
5713,79.9719754299032
5714,82.5645604099458
5715,78.1589219599432
5716,77.1640014579156
5717,79.8044648682393
5718,79.0698787000807
5719,77.8502041230147
5720,79.9556437108034
5721,75.1181444244405
5722,74.2505226515829
5723,76.7319161249818
5724,74.7619070548887
5725,71.9935204379128
5726,74.48848853939
5727,79.0544285474582
5728,76.9965212865983
5729,78.4488292873302
5730,78.0090086028815
5731,76.6714518094759
5732,76.0520399088784
5733,76.3584402045907
5734,72.3753581177608
5735,76.5369218737454
5736,76.363528902534
5737,75.79828908676
5738,78.5618817678254
5739,77.3734701302415
5740,80.3574668995107
5741,77.3768758271483
5742,73.4831479381701
5743,78.6444270726295
5744,77.1018983344056
5745,78.6825178877998
5746,78.6495039217763
5747,78.4672566484099
5748,77.7565915434219
5749,79.1758976173013
5750,79.9687115112269
5751,79.7484905814854
5752,78.5680241626495
5753,76.4640611324062
5754,79.605661678358
5755,72.7944457458004
5756,76.714340200737
5757,80.7982375825638
5758,72.705553749787
5759,73.8841604449697
5760,77.1182105637621
5761,75.3897680702613
5762,77.5886330858956
5763,81.1057825521683
5764,77.8062285704999
5765,78.1104690330404
5766,76.3010239500571
5767,74.9508737381022
5768,77.1954049859863
5769,77.368148346271
5770,76.4825161458209
5771,75.1439304817269
5772,76.4287374050831
5773,77.2461002627216
5774,76.8146496918915
5775,78.7836721397439
5776,74.6104437807415
5777,76.5478152560989
5778,79.9054455598155
5779,76.8879498071996
5780,78.8295734005927
5781,78.2522279910697
5782,79.6375251300602
5783,79.865366103409
5784,75.6552389706339
5785,75.8328080692593
5786,76.6117701737956
5787,76.5929750553195
5788,76.0708828423314
5789,71.9215113170017
5790,77.5934531076405
5791,78.2479686608056
5792,77.557898972429
5793,77.3284344011819
5794,79.0075904465542
5795,76.4947274867475
5796,77.559162329472
5797,75.1373293123418
5798,77.0964548024338
5799,77.2506178173504
5800,77.0758601629709
5801,76.1283157666169
5802,74.6649411009213
5803,75.5115661121718
5804,76.5235068054782
5805,77.1076727727786
5806,75.2886794190498
5807,76.1454277463199
5808,75.5119495063029
5809,69.7604854802335
5810,75.7169834422261
5811,75.9127453763238
5812,77.9124004203127
5813,77.3603693373752
5814,78.5651441873617
5815,79.9161958770601
5816,78.8329273431506
5817,77.2924739375517
5818,78.2485019581018
5819,78.8285056534708
5820,78.3951011091785
5821,76.9785855686183
5822,81.0975464738386
5823,77.6826054845664
5824,76.8962378973439
5825,76.8719134531851
5826,74.5977549811074
5827,76.3700508458033
5828,74.2314876256633
5829,78.1803358858542
5830,71.0495485015682
5831,73.4899924310745
5832,77.8695857176708
5833,77.6429340887701
5834,79.4275757428597
5835,78.2371716458944
5836,78.3624122449076
5837,75.2222606153268
5838,77.6515896667088
5839,79.3627151109136
5840,79.2432292468979
5841,75.7831869572572
5842,77.2533142224206
5843,77.6827949418399
5844,78.4458289602829
5845,67.2155925500801
5846,73.5862241890663
5847,75.7278451795809
5848,77.0575855696517
5849,76.8538414188002
5850,78.199351176951
5851,78.5134788969926
5852,77.7742160144726
5853,74.7492057236799
5854,79.0997791318098
5855,78.2287211693012
5856,78.5822526920854
5857,77.561638610503
5858,79.2655043330204
5859,78.6340430430369
5860,77.8486440770655
5861,79.1309462500238
5862,81.0424480039242
5863,78.9553870545056
5864,77.9994638266513
5865,78.7141377152242
5866,79.9261280771521
5867,78.5012976653987
5868,78.8832440141593
5869,76.7422277227315
5870,78.1713468423193
5871,77.0712215429334
5872,76.1588308955742
5873,77.0469209242353
5874,76.8789012851921
5875,77.6292075240969
5876,71.708761139989
5877,72.7650639123734
5878,78.0594545032239
5879,79.7657079497953
5880,77.7970149430195
5881,76.9552874515745
5882,76.7435415336638
5883,80.9906180540498
5884,77.8910080166319
5885,77.7956945174662
5886,80.2480022117867
5887,80.2396465412956
5888,79.2330305114246
5889,79.6116815252918
5890,76.9289768829432
5891,74.5076824697468
5892,75.7105661108724
5893,75.9754176180019
5894,77.6924218674896
5895,78.8435689227655
5896,77.0411359887934
5897,77.5699168752616
5898,78.5713664749906
5899,76.6488987728745
5900,78.0343806465623
5901,77.8324481701545
5902,76.8783070066141
5903,74.8201105018777
5904,74.2753774836364
5905,72.0973169699856
5906,73.7584833133496
5907,72.7558241482083
5908,74.5435777437613
5909,72.8927438392207
5910,76.2590349436159
5911,79.2220326091365
5912,77.7540770960354
5913,73.9365950040435
5914,77.0851361950915
5915,75.0473152211811
5916,78.0933828439678
5917,76.7014029462354
5918,75.5901412074488
5919,76.5308501741014
5920,76.567416732311
5921,76.2822174239871
5922,78.4945431160282
5923,73.2920900985651
5924,77.5213595876587
5925,76.3621850204486
5926,78.6073712663876
5927,78.4105736129969
5928,75.9333618819955
5929,73.6341956889666
5930,73.4019513825315
5931,76.8399655337091
5932,76.2836474129063
5933,78.5547759833996
5934,73.9820555266555
5935,77.2830059281563
5936,78.6401091720529
5937,80.6706146299132
5938,76.7461214973536
5939,77.0668566069265
5940,79.5352662214852
5941,77.9217334738458
5942,75.9596598201294
5943,77.0940358787554
5944,77.832637938439
5945,77.5519702807872
5946,77.6328279088164
5947,76.3358657946745
5948,75.1476868918172
5949,76.2190473294721
5950,75.3094858620579
5951,74.7704913633649
5952,75.2475576214125
5953,72.4851805105871
5954,76.6080710614825
5955,78.2622480611483
5956,75.831049338957
5957,78.4984779661729
5958,78.0783421070087
5959,75.4168841385163
5960,77.6953245680234
5961,80.7820114398691
5962,78.5855291017649
5963,80.5796015047179
5964,76.3963940106987
5965,79.2755519156195
5966,77.5453852986903
5967,78.4284050446512
5968,75.9531603615968
5969,76.694629878214
5970,76.3266587189486
5971,79.0500316354107
5972,75.3814044857151
5973,79.6649254169128
5974,78.1877352082511
5975,72.890760357585
5976,74.6303997723215
5977,74.9871008226411
5978,77.4069252555729
5979,76.1040340126637
5980,77.2924739375518
5981,77.6400032269668
5982,74.1722539538899
5983,72.221720527193
5984,73.3311440337079
5985,70.6510480302559
5986,68.1282741581116
5987,67.8752557799785
5988,69.85859031676
5989,66.3335242411296
5990,69.7736895430675
5991,67.0757185528148
5992,69.2082190607437
5993,69.7106094670212
5994,68.6535195472602
5995,67.9338135401887
5996,71.4799836028012
5997,72.6428260685836
5998,70.2088153340845
5999,71.8027010390574
6000,74.7585713476456
6001,73.5808239595519
6002,75.1346783717885
6003,73.0111796139185
6004,74.1316147552878
6005,74.0478059975479
6006,73.5489601867487
6007,79.0812216485978
6008,71.6466709759133
6009,72.0141730322924
6010,76.5927252206229
6011,75.5098432267646
6012,70.5744283767656
6013,75.127233948586
6014,72.6835741996092
6015,73.5241381713237
6016,73.465135082565
6017,73.7983569256451
6018,78.1960503603358
6019,75.260130323563
6020,76.2888103650764
6021,75.7187165833705
6022,79.3641774893709
6023,80.8919341715763
6024,75.5850421919759
6025,79.050015805291
6026,78.5795521662666
6027,77.7761395500991
6028,78.0262841120901
6029,79.8863994465906
6030,79.2373860731252
6031,79.5297553218034
6032,80.4069707195613
6033,79.9112354252964
6034,79.8330771553593
6035,78.7050047359651
6036,82.4604825535541
6037,79.0259331358226
6038,77.3978759832933
6039,78.8634696969266
6040,75.5585577375981
6041,72.4374596029121
6042,71.4834387660433
6043,76.3023437869371
6044,76.6068315691194
6045,74.7621425124223
6046,72.7880772879074
6047,71.2776110812487
6048,78.0325108853671
6049,72.9598974791112
6050,77.5035266956184
6051,76.7657817746638
6052,67.0063360460968
6053,71.8239708573037
6054,71.3170007367215
6055,70.2778317885458
6056,68.9324829124043
6057,66.0377748985053
6058,73.4958560959866
6059,68.8007224867724
6060,68.2335964231399
6061,65.5704800458211
6062,65.9666029908124
6063,68.415816175487
6064,66.5888909053984
6065,72.5105939398969
6066,71.5054949082019
6067,74.1214589533699
6068,77.4128484715474
6069,74.2991424472033
6070,77.16020449744
6071,70.0766919213158
6072,72.3597857096929
6073,72.8009156705574
6074,72.1513804028573
6075,75.2134336976931
6076,73.4369419888838
6077,74.6705515877651
6078,69.979453194689
6079,66.3998693376878
6080,73.7227111892483
6081,69.9823847063646
6082,69.2390991326048
6083,69.4665959873256
6084,66.4908457469447
6085,70.5621682080154
6086,71.3208532564636
6087,73.5126417202558
6088,76.0403550456049
6089,74.5469323103234
6090,72.2956188743606
6091,75.9248381727418
6092,72.8473274719906
6093,73.327223118417
6094,72.1654339646765
6095,69.0678986295992
6096,72.8304384235068
6097,71.5467095410344
6098,68.0082998080741
6099,70.693592282061
6100,70.8197126479897
6101,72.8788513542075
6102,69.4480998226268
6103,68.9073839787155
6104,69.8356445676477
6105,69.8887589417082
6106,74.2964374563563
6107,77.2714829033683
6108,77.4667507860956
6109,76.364732427505
6110,76.2755260042814
6111,75.8902174995293
6112,74.2841337632601
6113,75.8033938154738
6114,77.9291549860802
6115,76.8500373589266
6116,66.9273403858481
6117,68.9236533850225
6118,74.4640288542613
6119,75.331909695492
6120,78.3220380929205
6121,72.2229720019449
6122,72.6302907567162
6123,74.3658854843008
6124,77.2495378974691
6125,77.501929667295
6126,74.0770433546452
6127,74.9974049374812
6128,77.886015644527
6129,78.2485386121083
6130,77.4465112739467
6131,73.2065386000314
6132,71.854280249487
6133,72.1128616026767
6134,74.8773235149914
6135,70.191945045449
6136,73.8585943395065
6137,72.3481856806623
6138,74.9830481845368
6139,73.1183728078026
6140,75.1380305952883
6141,75.524689023998
6142,78.4742684621582
6143,78.242184398108
6144,77.2769029272867
6145,75.4015813020982
6146,75.8877652566654
6147,71.9177094189904
6148,68.5411296511739
6149,72.5122039373923
6150,74.4506663168211
6151,72.998608728755
6152,71.3271942006995
6153,66.4832235409186
6154,73.0547662676801
6155,74.0697498747526
6156,77.1223169448418
6157,76.668913593672
6158,75.9766940655469
6159,78.7266344554878
6160,76.6855539106361
6161,77.0661526920276
6162,77.8619661389545
6163,75.4461763954624
6164,78.1907034411817
6165,79.3921675351175
6166,74.597524838491
6167,80.0335115825941
6168,75.2697898649141
6169,77.0029861217537
6170,78.5709160492333
6171,77.8612621486191
6172,76.2754767998979
6173,78.6118648502088
6174,74.8013196496781
6175,73.324001339751
6176,75.4907034461506
6177,77.0308548515592
6178,78.6667514015107
6179,76.4602442352962
6180,76.041855551599
6181,75.6676603116179
6182,77.2758214209828
6183,76.9355974836144
6184,76.0428694204116
6185,74.636927525451
6186,76.3962717526923
6187,74.2889130647378
6188,72.1142117346363
6189,82.1224249300186
6190,78.035310003648
6191,80.2480030870631
6192,77.7821584902105
6193,77.5441418451763
6194,80.3846130235139
6195,80.4916614027686
6196,78.1289580601786
6197,78.4077255502912
6198,79.77684273259
6199,81.9925361570378
6200,80.3123120416574
6201,74.400822757949
6202,72.014826164907
6203,78.0590566444097
6204,80.4050963714498
6205,77.2040267820954
6206,80.0041352611582
6207,78.00303491388
6208,74.6615738798142
6209,78.1044476415594
6210,77.4122718019541
6211,71.5503002913007
6212,77.8194460433149
6213,77.9643701281406
6214,78.011643245071
6215,78.9063320546035
6216,75.5241971177473
6217,77.3301078387032
6218,76.7017819738491
6219,78.2008804474913
6220,77.4213855384832
6221,76.8148699347029
6222,76.2631425254731
6223,75.2001321105369
6224,74.6802404506348
6225,78.5694008511158
6226,70.8193857605351
6227,72.0677080258794
6228,73.7414127963833
6229,77.6625719573708
6230,78.1577648464019
6231,80.529605373211
6232,77.1768888694243
6233,79.1749037729841
6234,77.2155429435044
6235,76.0664782157029
6236,77.5206330293003
6237,76.1839860686675
6238,71.5763500210151
6239,73.7646350658471
6240,77.5607479041069
6241,75.2613350383522
6242,74.473194552647
6243,75.3641611019513
6244,78.3806893206587
6245,77.6405600781968
6246,75.674832167762
6247,79.6344617819157
6248,78.7525095196424
6249,75.6931022662627
6250,77.0543687581515
6251,77.8058604807458
6252,79.189805352663
6253,74.8200961221442
6254,81.0457141427092
6255,71.9321956237716
6256,75.2386619575237
6257,78.9316359796046
6258,77.9149168078089
6259,77.2007329489094
6260,74.8373095099132
6261,78.3997837010144
6262,76.5534472958221
6263,77.5861204339419
6264,76.6210499205803
6265,77.5390518527722
6266,73.8829351676621
6267,75.8002811136636
6268,76.2877500653477
6269,75.6673917017263
6270,76.4191870463863
6271,80.00053453204
6272,74.0933531018984
6273,76.7294146680412
6274,78.8499335102335
6275,77.2530444003878
6276,78.3598868891345
6277,75.5924464572573
6278,74.1125807754149
6279,73.6411838366573
6280,72.3755353982023
6281,67.5577468305124
6282,67.4099337024439
6283,70.590970406229
6284,70.8810737726197
6285,76.6107822017017
6286,78.0471414607786
6287,77.8334696238774
6288,76.8858458120245
6289,78.5846251840242
6290,71.6570970636476
6291,74.5839914159084
6292,77.7376338701663
6293,77.6380191943675
6294,72.0811202981493
6295,78.2611275058255
6296,78.2491212735904
6297,78.0455113288513
6298,78.1459631201996
6299,81.2793214566894
6300,78.284139546699
6301,79.6358699051393
6302,75.8487691464309
6303,77.9394829850727
6304,76.8432910560062
6305,75.0814393666677
6306,76.6043980478817
6307,77.4908952958198
6308,78.995304120187
6309,76.2776821288031
6310,77.8849289846028
6311,79.4076157490634
6312,75.8395653526062
6313,81.1064264803382
6314,77.8380610443801
6315,74.6993817022599
6316,76.6527013075688
6317,78.1022298673663
6318,76.0714905002037
6319,74.68961870739
6320,77.9921130495612
6321,77.7034018615527
6322,79.4840352730953
6323,78.436675568799
6324,78.2243942829113
6325,78.5789645701091
6326,76.4731956318643
6327,78.7548665783952
6328,77.5877265946758
6329,77.1884034974616
6330,79.2772966936184
6331,77.4274337585338
6332,77.53872283745
6333,79.4325761497765
6334,79.7147958646354
6335,75.6383507216254
6336,76.6458727916566
6337,76.4920894724055
6338,75.3625585343539
6339,75.1141199005892
6340,74.6550505871824
6341,72.0652129551243
6342,77.1644952749469
6343,77.3520076696562
6344,76.068569308896
6345,79.6414031224671
6346,76.8840985701183
6347,76.7612937539133
6348,76.0644100071663
6349,80.2367737074698
6350,77.0495299564395
6351,75.2850265127536
6352,77.7978991988585
6353,76.9700898160073
6354,74.1679378117227
6355,76.0355677923005
6356,76.8902192076919
6357,75.1129031544942
6358,74.6122977895748
6359,75.6166754918919
6360,70.2946386778057
6361,70.8773020338037
6362,75.0688602111765
6363,74.4225193981263
6364,82.2191495000318
6365,76.7803975605633
6366,78.6167207711083
6367,76.8529516023165
6368,78.4431635835492
6369,71.5571467616201
6370,73.5601021791149
6371,76.7183978815834
6372,78.4330489716446
6373,76.7419416704162
6374,75.7573724924057
6375,77.2077015237255
6376,78.7820294938601
6377,77.9210482451515
6378,77.6257096293457
6379,76.5181771564122
6380,77.2616669151926
6381,78.2713530043437
6382,78.7530357207647
6383,78.7809077766132
6384,77.1538534003625
6385,77.7872964935837
6386,78.8922467791218
6387,76.5325811579809
6388,79.5035827477938
6389,72.4460143960394
6390,70.1777761287282
6391,77.7429731202283
6392,77.5903380801697
6393,78.6213630232733
6394,78.759163434967
6395,79.1028498411426
6396,79.9684572963218
6397,75.099602482577
6398,70.217196945769
6399,68.8674445812596
6400,76.6674400986703
6401,80.3354071552062
6402,77.7252649899733
6403,78.9081924509313
6404,80.2619553452669
6405,78.2136084703896
6406,79.7851989425241
6407,79.2714191238395
6408,78.0122901933951
6409,79.4402570446478
6410,79.2779852133468
6411,79.058116921474
6412,76.9129203932807
6413,78.1157881366382
6414,79.627572875108
6415,77.5191343646375
6416,78.0218320837635
6417,79.0142017484925
6418,76.3570407846767
6419,77.289966786248
6420,79.3123645400768
6421,78.4138502542671
6422,76.5407104998299
6423,76.7325803517689
6424,80.2703509003192
6425,77.5607456809785
6426,77.3962143549398
6427,80.1624092868621
6428,80.9163186065117
6429,78.8476729868769
6430,78.3802925254028
6431,78.6623227448922
6432,79.8410347638232
6433,78.2478178867918
6434,79.2625860785269
6435,79.2970425228528
6436,79.7542650620682
6437,76.9001703628725
6438,77.528961167232
6439,75.4739722905501
6440,74.5647110790005
6441,75.9818073494856
6442,76.183613148457
6443,74.3603982575227
6444,74.0450760816305
6445,74.9299961863968
6446,74.7317365095918
6447,76.1796775455058
6448,76.7582145645933
6449,76.3466891881536
6450,76.5529824091091
6451,76.6322037700542
6452,76.7259473741681
6453,74.7289277083822
6454,77.5612346698103
6455,74.7204950790343
6456,75.6619100747264
6457,74.8013547617301
6458,73.9068369739001
6459,73.6009131760079
6460,76.0714103386837
6461,77.303476994485
6462,73.5660933099687
6463,72.8830111888919
6464,76.2549014957519
6465,71.318660175291
6466,70.5178883920653
6467,71.7056829167556
6468,72.2506684852051
6469,73.9898499587503
6470,72.0946621267926
6471,72.8767467341954
6472,73.6212408022672
6473,78.0460900647877
6474,77.2140673455098
6475,78.8050818831515
6476,83.2200445313853
6477,75.6250752928651
6478,76.4827771086549
6479,77.3336756667397
6480,78.7897588051208
6481,77.1125035601437
6482,75.8537006803332
6483,77.2647306769692
6484,76.3917691069439
6485,76.1916026048265
6486,75.685190156149
6487,75.4633914654436
6488,76.7915609924284
6489,77.5681907594787
6490,73.3724327548603
6491,72.9408472428784
6492,71.4195330999485
6493,69.9766843734583
6494,74.5197301109056
6495,77.4339540795288
6496,75.7745880404486
6497,70.6967907367157
6498,71.9536630850714
6499,78.1847549400176
6500,80.0058579192371
6501,79.1808012506994
6502,81.1012069193085
6503,75.2267153420823
6504,69.93116725548
6505,71.4285468538047
6506,71.8933850284536
6507,76.2597007766175
6508,76.4196666288366
6509,73.2986503507442
6510,74.0703567485882
6511,74.7228878342239
6512,75.3484816499916
6513,76.4664514850188
6514,75.7320456121743
6515,75.2187552870985
6516,73.3511864128079
6517,76.4769729222675
6518,75.2852940584662
6519,74.0082562160384
6520,76.5599315237823
6521,79.7599010718095
6522,76.3250244797836
6523,77.7022606920239
6524,77.5273309107106
6525,78.136205665889
6526,75.1400612743705
6527,77.0176371776908
6528,77.4134797863534
6529,78.1648429476108
6530,77.7504625339768
6531,77.2906124821575
6532,77.5554199294474
6533,75.2477045724785
6534,78.1208300145425
6535,75.0973297660509
6536,74.8616812444238
6537,75.4417592172009
6538,77.8937536694263
6539,77.0063695975648
6540,76.9713667917082
6541,79.9316503406882
6542,76.5538504138286
6543,78.1846586680189
6544,73.2342987023408
6545,76.4957508879605
6546,71.6708249579607
6547,73.8500950630026
6548,72.673910263884
6549,72.629091891773
6550,71.9215086717337
6551,74.0111801686017
6552,71.8128463609708
6553,70.5861031654258
6554,77.4430901144085
6555,72.6619147663812
6556,73.5232972172378
6557,81.0450164768756
6558,79.8324305331237
6559,75.937866950362
6560,73.9357868706266
6561,77.9047536911921
6562,74.586687540243
6563,76.1547780741107
6564,74.772282474117
6565,72.5788738388204
6566,78.368882431719
6567,74.9201138055867
6568,77.1343801368839
6569,74.7356654237894
6570,68.1281614789674
6571,76.4899140526288
6572,77.5112768731277
6573,76.0339360898998
6574,72.3978897271272
6575,73.3782487853098
6576,72.1536902815968
6577,69.3341601645896
6578,74.6495668388418
6579,72.8276459713485
6580,75.2123812532087
6581,70.2497493464818
6582,69.6220721263658
6583,77.3169254693788
6584,79.4390240057515
6585,77.9740218815783
6586,79.4980225753847
6587,78.0091282435123
6588,76.7690114075671
6589,79.3327735331508
6590,79.6826345472851
6591,81.0097669396204
6592,78.1064155261121
6593,78.4027115797447
6594,76.6200639261683
6595,78.6680244440942
6596,79.721888813846
6597,77.996551232259
6598,74.7807432962047
6599,78.1781247172542
6600,79.1053311213213
6601,80.217371168789
6602,78.7379465314706
6603,79.5354702403986
6604,81.2964178447386
6605,79.4060474796453
6606,79.9428203735657
6607,77.3410243761321
6608,81.1832791660542
6609,79.0868631744025
6610,79.4346305604863
6611,77.1721885989814
6612,77.6633662731081
6613,74.7489592498721
6614,79.7257200204168
6615,76.5735232096135
6616,72.3268984984135
6617,79.9479491825479
6618,76.7228491394072
6619,78.4165562813115
6620,78.5146176847995
6621,77.1866852227016
6622,74.6030259144703
6623,77.259721020915
6624,75.332087497909
6625,74.4183353989926
6626,73.519465019916
6627,74.1901811761522
6628,76.3231503649793
6629,73.1576895223097
6630,73.9490647274257
6631,72.838180597684
6632,75.7155512075404
6633,77.8107099260931
6634,74.9485475793818
6635,76.5306898689315
6636,78.0952609033707
6637,77.9141120032245
6638,79.9962389371642
6639,74.9404430176843
6640,74.5929290453745
6641,78.4339611812514
6642,78.4563108007766
6643,80.1026088118127
6644,77.1144268301194
6645,76.1903847135135
6646,76.3945913231382
6647,75.2099997926614
6648,75.6151315573289
6649,79.5687282110822
6650,76.3147968794941
6651,76.7176186154983
6652,76.5230864036536
6653,75.9419443374707
6654,74.1705725020327
6655,74.8796009597022
6656,76.2190204979332
6657,77.7220960884524
6658,77.7331893718385
6659,79.9169153734157
6660,76.6855635024476
6661,74.6939852999765
6662,77.8923896172899
6663,76.4184918650989
6664,75.1302008148467
6665,79.785618335888
6666,77.1560623171726
6667,77.4025316794909
6668,77.9180034768883
6669,68.1357919411621
6670,72.6446579521279
6671,77.8216478341315
6672,76.6063505805785
6673,77.4584436600584
6674,75.3834492817827
6675,68.6979793914928
6676,71.1317619112272
6677,75.6166795306044
6678,69.2197067208578
6679,74.9551744993087
6680,76.3356548421694
6681,80.5018244273906
6682,77.2399890255909
6683,78.7937434710663
6684,77.087070438245
6685,77.9563682509377
6686,77.1599895611819
6687,77.4866556484038
6688,78.7487456114073
6689,75.5456684165359
6690,78.7069241479635
6691,78.796365608006
6692,77.9660096276783
6693,74.0452418954912
6694,73.777169565579
6695,77.8856319594311
6696,77.0710778780191
6697,76.0721020861953
6698,76.6745711580122
6699,72.951934703038
6700,81.227382279277
6701,75.6807170690458
6702,73.4565403129451
6703,78.4732550571704
6704,76.1532535240169
6705,78.5394452850193
6706,77.2719475970363
6707,77.3243553130849
6708,77.3441793857365
6709,73.678615941635
6710,75.4971916603008
6711,77.6840166976148
6712,79.0358254793167
6713,78.7809712784869
6714,78.2429779606254
6715,74.358746801257
6716,72.1571214141318
6717,73.7681677308647
6718,70.0366780447118
6719,75.6308491516268
6720,75.8448584613463
6721,77.2587765177569
6722,72.7959626366047
6723,75.2701973239737
6724,70.6116497224556
6725,77.024562960348
6726,73.9043844887404
6727,77.3877189991087
6728,75.0454462260932
6729,76.1909496602508
6730,73.0680246470714
6731,76.3193285802764
6732,75.4582005829523
6733,77.57982799012
6734,74.7481106161182
6735,72.8295844338201
6736,77.1942329327488
6737,78.534146058349
6738,78.765906239338
6739,79.3933825490017
6740,77.2630380188443
6741,78.8563005331579
6742,77.892907045545
6743,77.6460066504714
6744,76.6810830454756
6745,76.9868387152775
6746,76.0897010253885
6747,74.8323790174626
6748,76.756385732981
6749,77.5091275832053
6750,78.7822938100014
6751,77.0379210090794
6752,77.3097458484041
6753,79.5341949076346
6754,77.3310404260619
6755,77.8463212001255
6756,75.4545803793171
6757,78.9136091987923
6758,78.2400780159319
6759,72.6079081547594
6760,78.7760266948162
6761,75.2840481343598
6762,76.1795683829617
6763,77.105956908506
6764,77.6374564229998
6765,76.6926388496738
6766,76.5211618119804
6767,80.520614127803
6768,74.719290581521
6769,78.1757505422651
6770,78.2529858996652
6771,80.1227476756574
6772,78.3485014754625
6773,78.1350657362159
6774,78.7143195788401
6775,77.6605648997932
6776,77.8952357582249
6777,77.960691654415
6778,75.9228617418701
6779,79.871136027967
6780,78.4804068837354
6781,78.0248977206932
6782,80.6653661167512
6783,78.3210436910552
6784,75.5642184706143
6785,77.9011517676772
6786,74.0935674344485
6787,75.5588508020954
6788,75.5771548893397
6789,76.7312424138572
6790,77.8316675215186
6791,75.9326580453268
6792,79.0976821562476
6793,79.1283180131534
6794,77.5948927362156
6795,77.3946591494205
6796,76.7530628705775
6797,78.8946378557325
6798,76.3945913231385
6799,79.4208166097183
6800,81.3954322646312
6801,77.189311676435
6802,78.9611948999419
6803,79.5501869660577
6804,75.0866370001783
6805,73.6451301600521
6806,70.8610259492422
6807,77.9846813722139
6808,78.9047475319408
6809,77.8755011427865
6810,77.4247848847816
6811,75.1368048230052
6812,76.3614615442301
6813,75.9600247540729
6814,74.7388377424585
6815,78.6311647250766
6816,79.6328285512951
6817,81.6276149991152
6818,80.5200909111102
6819,81.1644736846745
6820,79.6493246610467
6821,80.9386523434815
6822,78.7843351896088
6823,79.7133014224
6824,78.3349239804476
6825,81.6293671153904
6826,79.4893468066777
6827,80.1283872562128
6828,80.3950163720553
6829,78.9707923929772
6830,81.5023441728067
6831,78.7285342860933
6832,79.3068977292003
6833,82.5552789587456
6834,80.217516265029
6835,75.3271565710573
6836,76.4231189377981
6837,76.7158492619298
6838,79.3222592924415
6839,79.1793429003695
6840,73.5700111629606
6841,73.0549493870963
6842,76.7612935657812
6843,78.5253633420608
6844,75.9492996403598
6845,75.515468988097
6846,77.0737002600923
6847,75.9012181338477
6848,80.4190900785916
6849,73.6380683933908
6850,78.0385332943653
6851,72.9577330571008
6852,72.1522647903785
6853,72.3781133478794
6854,75.0516446916781
6855,74.3405541096262
6856,78.2669126436622
6857,75.8196670898972
6858,72.994058371522
6859,69.726584403727
6860,71.0999631288204
6861,75.3446820917209
6862,78.4246393839302
6863,76.4632052664845
6864,77.0451900722975
6865,78.349462569581
6866,75.8160170515167
6867,78.0236975109788
6868,82.4034466245577
6869,76.8076470056013
6870,77.3629834657962
6871,75.9495337127764
6872,79.1587073357005
6873,76.9090695392244
6874,78.4543853145345
6875,76.9618666178158
6876,78.8973084958569
6877,80.4413712232931
6878,81.3669264311487
6879,79.2014488585896
6880,76.9936417415266
6881,72.7616692698447
6882,80.711064415634
6883,75.0680063347463
6884,80.787645232207
6885,79.841034763823
6886,80.6832285880209
6887,80.1585518079863
6888,77.3597956248578
6889,75.6076213774826
6890,79.1350240034374
6891,78.3164181768659
6892,79.8764951072368
6893,78.7193155970332
6894,78.1298125056109
6895,78.6948988114207
6896,81.5303539179454
6897,75.8365280409321
6898,77.2130331953751
6899,77.1062909025684
6900,79.1093083482575
6901,75.3315536930484
6902,78.5912046397127
6903,79.6589799350729
6904,82.6595471450374
6905,76.6624133646864
6906,76.5209159295296
6907,80.3338577497348
6908,74.4208733055478
6909,75.6812436833272
6910,71.9337273378092
6911,76.9634941397862
6912,76.0855729915429
6913,74.8944769163207
6914,76.8198890987696
6915,73.9352431314263
6916,74.6326199043586
6917,76.5895317526621
6918,72.7313444842885
6919,74.3573126122508
6920,76.0908383585166
6921,76.1431998420473
6922,79.7025603352413
6923,78.2894127134743
6924,82.029309036731
6925,77.7496777439794
6926,75.8717294560975
6927,79.814681808973
6928,74.9001089154978
6929,80.6108991138774
6930,82.3478751476271
6931,80.270263967786
6932,78.3572990567283
6933,78.1724915501287
6934,73.3619535281466
6935,77.581496131745
6936,75.2890056697292
6937,78.0756218781175
6938,78.7129691394222
6939,76.2343268175916
6940,80.0302720295476
6941,77.9166195521131
6942,74.4648251681779
6943,78.595944812187
6944,76.9477030936777
6945,73.4892840941235
6946,79.0793932030251
6947,76.9881203970598
6948,79.9678737283962
6949,77.7689528904103
6950,78.7723831634888
6951,78.5037671189625
6952,77.716723618646
6953,80.5808891370391
6954,71.9161867260222
6955,72.2389450998185
6956,76.1703511338852
6957,78.3627572794429
6958,75.3105097139713
6959,75.2450186372184
6960,68.6273913427687
6961,78.5310915396964
6962,74.2829253039994
6963,74.1318865431572
6964,72.7285762229726
6965,70.1690398835538
6966,70.1165981715728
6967,77.6395225895848
6968,77.1657860287959
6969,76.4340328174647
6970,74.7282896274924
6971,76.0780635437914
6972,76.0998873603343
6973,72.7119524667789
6974,74.0094952901529
6975,75.0242363276407
6976,74.4302956380013
6977,75.5390143868757
6978,74.7693986901091
6979,68.5403861001633
6980,73.5924407666715
6981,73.9360131805612
6982,78.2143489645446
6983,80.4973916572554
6984,80.5669004299822
6985,79.4415291529821
6986,73.6906026124629
6987,72.5183415361089
6988,74.0577642337645
6989,75.6325977465827
6990,77.6700372480947
6991,77.149756883423
6992,76.2860642056602
6993,76.8008162005957
6994,70.595401018129
6995,78.685912900494
6996,77.3071777706256
6997,75.7166572325189
6998,74.293730109886
6999,70.7448821052566
7000,81.4126072017143
7001,76.5142647793317
7002,74.6208466684592
7003,75.430576680101
7004,76.7095503368662
7005,75.1368599765127
7006,76.8009103839914
7007,77.3316371700026
7008,77.1319325069441
7009,75.6460531695311
7010,75.5369970189726
7011,78.6889837097581
7012,76.1667949223065
7013,78.0072362673455
7014,79.6791452951767
7015,80.2871478534557
7016,76.9430174624106
7017,78.1554083118118
7018,80.2144303880472
7019,79.4276575462763
7020,79.3730575298287
7021,78.7657809583955
7022,78.1027474779548
7023,76.6785005774687
7024,71.2036122722151
7025,75.8932102731032
7026,75.0196012866535
7027,77.2129051986277
7028,77.5466608367658
7029,74.0255455846893
7030,69.5311507472848
7031,79.2180911823124
7032,77.1412471036223
7033,80.2316183905497
7034,76.0431236554974
7035,76.325542938796
7036,74.8215847833667
7037,74.7776310352074
7038,74.249573390177
7039,74.68528602791
7040,68.8594606783921
7041,75.4937319856462
7042,80.1369375510044
7043,78.097429159369
7044,78.9732616726216
7045,74.8753917603552
7046,73.1183728078025
7047,75.5998129261794
7048,76.4244981208369
7049,81.2287016838771
7050,78.0034389069868
7051,76.8987967707657
7052,77.166379108376
7053,76.5622952811336
7054,78.2873591608412
7055,76.3762333589563
7056,76.8923748339682
7057,77.2938886992317
7058,76.0325300341943
7059,75.3793389456141
7060,73.3292117182341
7061,76.9292390235008
7062,74.7647288813608
7063,75.6276265548806
7064,71.4949924175637
7065,68.8927173998808
7066,72.1163633425363
7067,73.3170730983645
7068,70.8019085578072
7069,70.8448209914889
7070,72.1750612748764
7071,74.1360715045461
7072,76.8547250842776
7073,75.0036885176334
7074,74.7910874320283
7075,75.7321582789905
7076,73.4682325539293
7077,76.7641257871571
7078,75.0025705227119
7079,76.8017227226022
7080,77.7996396299047
7081,76.0760257055128
7082,77.0888668937164
7083,77.8660482284517
7084,76.7080134893315
7085,78.5822393121852
7086,76.1553872133791
7087,73.5533603719741
7088,72.3848568858065
7089,71.680100404804
7090,70.5063802002247
7091,72.2746186019564
7092,73.9662540560588
7093,75.532032161476
7094,70.6440507317936
7095,69.3465944016207
7096,72.9374936133622
7097,76.5775001475222
7098,76.2311213253357
7099,73.6859151754353
7100,71.5490318966727
7101,72.9240021880839
7102,72.5777383892346
7103,75.2364747813028
7104,74.1815761205254
7105,77.5711512489598
7106,75.9425266493341
7107,75.4161193380514
7108,72.4497546425304
7109,76.5839713836109
7110,77.5965737732927
7111,78.6290691906344
7112,77.3034769944855
7113,78.241039408389
7114,76.0311949866849
7115,75.8277017136164
7116,76.7572869873023
7117,76.6510621234104
7118,79.9336275028523
7119,65.9011274646001
7120,70.9528434023839
7121,68.508781132516
7122,73.683474473732
7123,71.3310935875332
7124,72.1807994820148
7125,69.9365929753081
7126,70.74223920623
7127,70.4365011144056
7128,76.193922771064
7129,74.3541097629591
7130,76.8654995767891
7131,75.6698526391538
7132,71.6255837968504
7133,74.8329222828829
7134,72.1418714854327
7135,75.9992203161805
7136,75.2139504915931
7137,75.6769692917711
7138,79.132548164966
7139,74.6811179593336
7140,77.8496698711297
7141,81.3758930476989
7142,78.7312951186736
7143,80.0904514877597
7144,76.5550186653024
7145,79.2255745353428
7146,77.5658792869461
7147,78.5938963665527
7148,83.2866088290831
7149,80.7254201583981
7150,82.3532321170761
7151,81.4896029648835
7152,82.6627577615287
7153,76.9615768815555
7154,75.7022824449915
7155,74.0298755108962
7156,73.8965025916673
7157,73.5505045638433
7158,77.4694634472232
7159,75.7478991580489
7160,78.9568703019836
7161,75.7641632255357
7162,77.2128730504848
7163,73.9639628775494
7164,77.180582689345
7165,74.7069171444157
7166,71.9711328247603
7167,74.7969258872987
7168,74.1749617224244
7169,70.3869532065441
7170,69.7072277110233
7171,70.6143709315612
7172,67.6200790998041
7173,71.0427760581854
7174,70.439399343392
7175,70.2277702999889
7176,74.7873853428835
7177,76.5590611113138
7178,74.6931761341401
7179,71.3042235722203
7180,74.4927290409807
7181,75.7309668387221
7182,77.0515550248251
7183,73.9726919619803
7184,73.6210810762194
7185,72.3053020639238
7186,66.8947013431016
7187,75.5126305103427
7188,79.0171342155566
7189,78.4586825184672
7190,75.7341550456176
7191,79.0633361857873
7192,74.809333605835
7193,75.7438087617097
7194,79.9171040876959
7195,82.386563818823
7196,77.8985094932589
7197,77.2879045522447
7198,76.2615839288497
7199,78.8440744271626
7200,78.5734916609897
7201,78.2651250065333
7202,77.8620678068935
7203,77.995910891488
7204,77.5511553576017
7205,76.0115455546817
7206,76.8224571504134
7207,77.7051189971666
7208,75.0517062794632
7209,74.2322276582829
7210,77.4288527866382
7211,73.9339903661417
7212,77.2252672021236
7213,77.7772915104309
7214,76.7157142389402
7215,69.233323998641
7216,75.7819855755851
7217,77.9620669578991
7218,75.2277535624641
7219,79.4138451122948
7220,79.5218496710764
7221,76.7177896970236
7222,79.2731241840938
7223,78.4581498403403
7224,78.0385159187955
7225,78.5512469777393
7226,76.6294331291539
7227,76.1520010147073
7228,72.0234616093816
7229,75.185253313507
7230,73.5543689428846
7231,75.2928701365568
7232,71.0365944684494
7233,75.1452961710536
7234,75.7621257482971
7235,74.498638141143
7236,77.4664482522356
7237,73.1596374627143
7238,73.458121790355
7239,79.5727600772451
7240,79.3171363286812
7241,79.1700156758051
7242,77.0227144171166
7243,77.1823302068892
7244,78.7124588965208
7245,77.0949374586238
7246,75.9292979508073
7247,77.2115563842064
7248,77.0553645286525
7249,75.9287395929317
7250,77.1460092166815
7251,76.5228377894297
7252,76.7636264246013
7253,75.2244058138264
7254,75.1768015228691
7255,77.1953727812621
7256,76.1285946270672
7257,77.7009940913587
7258,73.8839314344069
7259,77.9151449517403
7260,77.0074977167755
7261,77.4214570215651
7262,81.7718054246477
7263,79.307164228183
7264,78.4442093049796
7265,78.2804810533991
7266,78.6315563470877
7267,77.8576477963684
7268,79.3868626088366
7269,69.9482809810107
7270,71.8345767420753
7271,78.5067355988162
7272,75.2579720081782
7273,78.5251642765579
7274,76.2462951893663
7275,77.0249960630011
7276,76.788529965617
7277,78.5624086125839
7278,77.9760976262053
7279,77.3571482682515
7280,79.2315160620748
7281,78.2344880913515
7282,81.10398955726
7283,75.6769038382363
7284,81.1866233433173
7285,76.6836594425072
7286,75.5077407046281
7287,79.1250038057301
7288,79.2495725721535
7289,77.3305724129249
7290,79.9752526272227
7291,80.9660468321422
7292,76.4164970567505
7293,78.5296318961256
7294,80.6640204901416
7295,77.0346116714971
7296,78.2327674890141
7297,79.5957392241923
7298,77.803635301151
7299,78.3625279454911
7300,78.1867815462367
7301,78.6353950691669
7302,76.4044792955087
7303,77.3682127802394
7304,79.0631823167011
7305,77.0163680710997
7306,80.923309018497
7307,78.4010755306544
7308,74.4961069519832
7309,81.7595904839006
7310,81.2624982854871
7311,77.1167653413261
7312,76.7087353953574
7313,78.3184059096669
7314,78.3527741350061
7315,78.0719075038854
7316,76.6364659558715
7317,77.7708560466515
7318,74.9208661825723
7319,77.1922290552479
7320,78.0067311095719
7321,76.5929437044397
7322,77.4192085672827
7323,77.0630773498439
7324,76.287434902189
7325,77.0105390690795
7326,66.8972281094674
7327,65.6424414930477
7328,74.9839627201046
7329,77.1201376535986
7330,71.7969755278427
7331,75.6175692397494
7332,79.5135881180684
7333,78.7048834690835
7334,80.2730311972426
7335,78.1129478222219
7336,75.6928042833685
7337,76.9087109878561
7338,73.1455499696916
7339,74.4407732014897
7340,75.7458935156469
7341,77.4543853788392
7342,79.8145040614014
7343,77.9555454446642
7344,78.7099821662206
7345,77.1335053392787
7346,75.138104043761
7347,72.4188597462869
7348,75.8939757905225
7349,75.1215471298931
7350,75.1668504077165
7351,72.8048407384479
7352,73.9168330465469
7353,70.4117048148373
7354,72.471993941914
7355,73.4925648084546
7356,73.6139249362113
7357,72.8486239564523
7358,73.848526968831
7359,75.0868785109452
7360,74.1848898307196
7361,74.6980529332713
7362,78.3338934693148
7363,77.0091096949391
7364,77.5430868998818
7365,78.2851964447047
7366,79.2098271701848
7367,76.5228687853847
7368,77.3907701643849
7369,79.1802662701619
7370,78.5283362500671
7371,71.0279361372112
7372,77.474723554789
7373,78.1638542694669
7374,78.7438713030033
7375,80.2003412968006
7376,72.6911205773009
7377,72.3475431337864
7378,70.3789869287699
7379,70.3895795565127
7380,74.3117911928179
7381,73.8585149238634
7382,73.5259531225819
7383,72.3043173371481
7384,73.3340317006282
7385,72.6672717415528
7386,74.7731783329398
7387,77.3431178755127
7388,72.0130705582952
7389,74.7149412512281
7390,74.4056496721564
7391,75.5875628850516
7392,74.0284345230489
7393,70.7486990898222
7394,75.7871351003929
7395,74.5195179406746
7396,71.3376393640279
7397,78.3789159927409
7398,79.6610974669812
7399,75.4723875175628
7400,74.1114113044882
7401,77.2067766389744
7402,77.1681460082161
7403,78.2840963424371
7404,77.9915019690852
7405,76.1888343003099
7406,75.9012465478735
7407,75.2782143291244
7408,75.9868692890256
7409,77.9197638719003
7410,77.9409530723063
7411,76.6727803194852
7412,76.3672228331869
7413,76.5890892411756
7414,79.551189801986
7415,72.9848329461488
7416,73.9875872231232
7417,76.5463015300846
7418,79.3665173327104
7419,75.809384623825
7420,78.8968990992878
7421,78.6250526037196
7422,79.5887785008768
7423,80.6255344884713
7424,78.2727387089559
7425,76.2074722614622
7426,79.747910307827
7427,78.2524293904063
7428,76.0795234999389
7429,78.5402830486341
7430,79.1028814775867
7431,78.0053944868404
7432,75.4839956532824
7433,78.2850433008746
7434,78.7824903003785
7435,74.4808937647489
7436,70.7067136803421
7437,77.0495145436815
7438,76.0259138882586
7439,77.7645395866987
7440,75.9760542037456
7441,72.0962695162021
7442,76.068590789201
7443,79.0259773548418
7444,75.2061551805255
7445,78.4418581969012
7446,75.265780584063
7447,79.8401834677359
7448,74.7097032174938
7449,75.8253812574574
7450,74.3034510853464
7451,79.4586385084909
7452,77.3399923718073
7453,73.5145379784827
7454,73.7928463549073
7455,70.1227462476956
7456,75.634333992194
7457,77.1449094532771
7458,71.6459230305023
7459,73.5661399059807
7460,76.7269056394177
7461,75.5355522178257
7462,71.9177170519116
7463,73.1018697615903
7464,76.630080009899
7465,72.3156165353487
7466,79.0043883911895
7467,77.3431340917224
7468,77.6682981488139
7469,79.0654086712514
7470,77.8564681157362
7471,76.0618922846918
7472,77.5698983309193
7473,77.8500483675211
7474,74.2723804390132
7475,78.4134800795398
7476,69.9794859857258
7477,76.7639956365739
7478,77.6861731564807
7479,77.3493844894054
7480,77.1123913381751
7481,79.548348833464
7482,77.4314888899286
7483,77.6244240494383
7484,71.0555497334545
7485,77.206911422601
7486,78.2566963462351
7487,75.9286266811034
7488,76.4365897218536
7489,75.8410236043454
7490,76.0736138146657
7491,78.8775811260824
7492,75.9919325991397
7493,75.3071888893462
7494,73.1476752703305
7495,72.4020620909585
7496,72.2057382007763
7497,76.5913931144801
7498,76.6426976916937
7499,75.8712063864025
7500,75.8781969912117
7501,74.3560576880226
7502,75.570119952463
7503,70.5187356006099
7504,78.7613331581477
7505,79.1081597718735
7506,80.3622127888169
7507,78.4011803073983
7508,72.2186531759734
7509,74.5371319169194
7510,75.0411872183752
7511,76.7322701476767
7512,69.8382693019311
7513,70.9304038503357
7514,73.863387910121
7515,76.262597220882
7516,75.2536592909597
7517,76.6791409352107
7518,73.1247173934544
7519,74.9242945706187
7520,76.7247660786136
7521,76.9861416263199
7522,76.1951457733839
7523,77.5311559378098
7524,78.926882372177
7525,78.2491477427228
7526,78.8141816234139
7527,78.0955958885789
7528,77.2705557068231
7529,77.2003519900491
7530,79.5283993475607
7531,76.356916403283
7532,77.2820075051454
7533,75.6351949838319
7534,75.2640382002826
7535,77.6232838803123
7536,76.6143328530644
7537,78.7878565284846
7538,75.6084093294349
7539,75.8680234571974
7540,75.6167236322503
7541,78.4959754975814
7542,79.0673133765275
7543,76.1951457733833
7544,75.3422279503774
7545,77.9573678640795
7546,73.4677116971721
7547,75.4028568745821
7548,74.2897064231743
7549,71.7034589521249
7550,73.0328396044429
7551,76.492615796799
7552,77.7610141643619
7553,76.4833530733491
7554,77.6855872173743
7555,76.3488723119249
7556,78.760001684882
7557,76.2601984339429
7558,72.2094060360966
7559,77.0725047924279
7560,76.817427914157
7561,78.3195119860001
7562,76.991592764258
7563,79.6214044530998
7564,76.2898392087299
7565,79.6968450053989
7566,77.6656729989867
7567,76.9621669417551
7568,78.8903085489588
7569,79.4993343203396
7570,77.6225661596435
7571,77.3603137245275
7572,77.4720809729786
7573,79.5565628264947
7574,78.9635564922826
7575,78.5113702404159
7576,78.652694674573
7577,78.3910627774576
7578,76.2715308076583
7579,79.7322353075471
7580,77.7097166825969
7581,78.8832440141594
7582,77.2829926486916
7583,78.5293724757328
7584,77.4655197947002
7585,77.6290380448964
7586,70.0831144294963
7587,72.0005244974519
7588,75.3508111491632
7589,76.0927359695473
7590,77.6822289670514
7591,76.975869367929
7592,77.9875382927648
7593,78.3201480874717
7594,77.239549334509
7595,75.3263804672453
7596,77.7356747697
7597,77.3903890997789
7598,80.8026571989441
7599,75.0685234825758
7600,74.9922698830094
7601,72.8330607300649
7602,74.8615783482089
7603,75.8111965230056
7604,73.5468428506732
7605,71.0378011134843
7606,71.6749729849487
7607,76.7729073987116
7608,75.3956400340992
7609,76.0309796267376
7610,77.7161412341273
7611,79.1124018185798
7612,76.2595311140914
7613,79.2984174095062
7614,79.0638232923019
7615,79.0705161715891
7616,72.6269960306174
7617,72.6860415193156
7618,76.9487156747346
7619,78.9919233179387
7620,76.3899231527687
7621,76.419318219587
7622,75.3120883105599
7623,76.5515955091472
7624,76.1148998822891
7625,77.6917185358324
7626,77.6932156827684
7627,77.7929971076201
7628,77.7878537777265
7629,75.5563237406594
7630,79.8913080696183
7631,70.3609079632955
7632,73.8440852552275
7633,78.9626895949953
7634,74.1749850247522
7635,66.8413029338353
7636,68.2557420853018
7637,68.6762126822266
7638,71.4901613529096
7639,68.8512911316673
7640,76.7540352333034
7641,84.1867180566148
7642,81.710786558627
7643,82.902241726454
7644,82.9154900959418
7645,81.3797907375827
7646,82.9842377853413
7647,81.0823925896142
7648,73.1502212961558
7649,73.3509071152538
7650,69.8636950500074
7651,65.2526559150467
7652,66.2335188659994
7653,69.7086734844627
7654,70.8482719447916
7655,72.0439032985038
7656,70.9985132357629
7657,69.8342254031755
7658,70.9061974119466
7659,67.7945375029219
7660,70.2507422293749
7661,73.4188621171089
7662,71.4728686596147
7663,72.5368088972971
7664,73.5417611852789
7665,73.8028379537358
7666,71.7652320055737
7667,76.4397588647294
7668,77.2620421780973
7669,77.0999069213755
7670,74.9157607060761
7671,75.309805764924
7672,78.2516684469949
7673,77.3181445894812
7674,77.7229178454989
7675,77.503411919338
7676,78.8143001273285
7677,76.9906533753095
7678,76.7086284394323
7679,78.9892413548125
7680,77.2400612889117
7681,78.0202194412631
7682,79.7057777049158
7683,76.4384262900193
7684,77.64149925046
7685,77.657197648202
7686,81.2784092376635
7687,78.7910451237968
7688,78.7829517500758
7689,80.1013149461453
7690,78.1316393866001
7691,78.0537828432596
7692,79.1096268461417
7693,77.4444829663495
7694,78.7261975497765
7695,76.7458675181228
7696,79.5093308575212
7697,77.7719258451276
7698,78.8817583986767
7699,80.6478149479041
7700,77.9601948759844
7701,77.8344099091221
7702,79.7706450780554
7703,78.2442831432627
7704,78.1388521859096
7705,79.8220567766373
7706,78.4842421921737
7707,77.7609204632225
7708,80.256379687666
7709,75.8526249275669
7710,80.137143305114
7711,80.2563710044002
7712,78.8586168608687
7713,76.5354876802108
7714,76.4056715279711
7715,77.3263420886186
7716,77.4489489974349
7717,79.0209858506616
7718,77.467956665849
7719,74.5279400462454
7720,71.2744671165358
7721,72.063923867534
7722,68.2434003973386
7723,67.4311929146322
7724,70.4487448016645
7725,66.2195981906692
7726,68.7593074444325
7727,67.5148688503826
7728,69.2981155013489
7729,70.8121052118783
7730,72.4721356996348
7731,64.733149003813
7732,77.3613049718327
7733,73.4217839466605
7734,73.418751832115
7735,75.2429611101399
7736,78.0085115099557
7737,72.0338830902592
7738,76.873129538126
7739,78.2197732172912
7740,79.3445664876961
7741,78.4424963431177
7742,76.1845929073618
7743,78.1837886480998
7744,80.1665801116596
7745,77.1742867017921
7746,76.2738390748545
7747,78.5366068848619
7748,76.8422576224507
7749,80.6495182451217
7750,80.9738863804013
7751,77.7698421870448
7752,78.1688352763442
7753,75.685114863684
7754,80.4990626828607
7755,77.5743912003722
7756,80.2814228805939
7757,77.0448991445882
7758,77.2086733572351
7759,76.4151816849953
7760,75.0599958685432
7761,75.3519142675297
7762,73.9819232245661
7763,77.8978846373839
7764,74.7478419873902
7765,78.6559062128264
7766,79.137578058079
7767,75.5398140904735
7768,79.0808541999545
7769,75.8525808240496
7770,75.9609920392886
7771,78.6867577033927
7772,78.585521961389
7773,77.7339531745907
7774,78.5639294701568
7775,76.0368282423157
7776,79.4480480080825
7777,74.5301784728766
7778,75.8002811136629
7779,74.2624448161768
7780,72.5986604745801
7781,74.5341614806743
7782,73.0074440848473
7783,67.7926129974687
7784,77.0584569513319
7785,76.7275063230962
7786,78.8392488535295
7787,78.864219988036
7788,76.8316245817809
7789,79.3312618261388
7790,77.1134116740935
7791,78.7788173523778
7792,78.1848587218504
7793,78.8753936676733
7794,78.1964203094622
7795,76.8001003134818
7796,78.0731913594493
7797,78.3759953339141
7798,77.7715496009653
7799,77.8018706583294
7800,77.3306315596965
7801,78.5128087571081
7802,78.2630467735015
7803,79.0447757408452
7804,79.0261358341999
7805,77.0298484535761
7806,76.4546765699159
7807,76.4691910969289
7808,78.374912476392
7809,76.8907725340407
7810,77.534950149898
7811,75.5122229114317
7812,76.2511357006095
7813,77.3316509528168
7814,80.5264572921963
7815,76.3080430476016
7816,73.0805604722944
7817,76.7327118917237
7818,74.5020929640759
7819,76.1673854155
7820,77.6789955310975
7821,76.3899231527687
7822,75.1564516850208
7823,76.399492231678
7824,78.138864333406
7825,77.8669040654998
7826,76.3590180239304
7827,77.3833568185631
7828,76.6083805612195
7829,75.7970967701999
7830,75.0312717423627
7831,74.7206403313252
7832,71.0883968986247
7833,71.5716507531554
7834,72.4566107159
7835,76.2517726788906
7836,74.1774232223636
7837,68.0232044871842
7838,73.496777180155
7839,77.4753491142426
7840,78.2461623162413
7841,75.7084522191682
7842,77.4019127855675
7843,77.2568454808136
7844,77.9687454513721
7845,73.0406261398183
7846,75.2545699561427
7847,73.2491095947674
7848,77.3327118511103
7849,77.2073260152187
7850,74.6903987787446
7851,76.2991460415781
7852,76.6752231033058
7853,72.7949353424426
7854,76.0585620299043
7855,80.0403863694922
7856,78.2315459313184
7857,79.9576718978203
7858,78.8093992292997
7859,79.431449758679
7860,74.2109759934232
7861,67.1689815890898
7862,68.3057854601813
7863,69.9812876875911
7864,74.6004872910504
7865,75.7176238721349
7866,74.5951807514789
7867,76.1943807219578
7868,75.6566580237142
7869,76.0166987309495
7870,75.32746605466
7871,74.9568846510223
7872,74.5251905840083
7873,75.1649123571513
7874,77.1904052931625
7875,74.2784107652944
7876,74.830023127448
7877,74.7171535662862
7878,75.6702547623829
7879,72.5415514441594
7880,74.0870461885447
7881,71.7179952493523
7882,74.5462813824955
7883,74.446647346337
7884,75.9321481402814
7885,74.2967272689324
7886,73.8150257293154
7887,74.4966095491769
7888,76.7797762839933
7889,72.9381286724741
7890,75.1354475867168
7891,73.1293125628337
7892,72.9618581622418
7893,74.0764469455
7894,73.430350595002
7895,73.1591018709546
7896,72.18551084848
7897,70.3034015246951
7898,69.4215484755053
7899,68.6698180131078
7900,71.0811093138514
7901,73.2488809409789
7902,69.8185207817189
7903,72.4878868830056
7904,72.9392609048928
7905,75.1416537690355
7906,70.8699283462436
7907,74.3760832386387
7908,73.6881457085
7909,74.074562012381
7910,73.9205008856151
7911,77.1544125486512
7912,71.0274382738506
7913,69.964908723497
7914,66.6265625722488
7915,72.1453216014514
7916,71.6718580977919
7917,72.3769122777422
7918,71.1683501287803
7919,67.2410839755206
7920,70.2713796040961
7921,70.0265966374131
7922,73.6368052778961
7923,72.9588252642338
7924,76.9573993959729
7925,78.5227991313178
7926,79.041488697571
7927,77.179238528452
7928,77.6431368844473
7929,77.5067092826569
7930,76.5301685534519
7931,76.889941079352
7932,75.2704131323168
7933,71.579150421933
7934,67.192880629181
7935,72.9075170161443
7936,76.5651528905508
7937,71.9689416149943
7938,74.9740635158143
7939,69.7123369859193
7940,73.9519996737413
7941,73.9687920139035
7942,74.9074236257742
7943,74.4415995444647
7944,74.1930171518206
7945,71.2884956806608
7946,74.3539188537194
7947,75.3536002007021
7948,73.6474636829325
7949,71.9343315981608
7950,73.8183981810724
7951,69.3774910374523
7952,71.8695524374888
7953,74.2073990033701
7954,73.0243131148456
7955,74.7884752756367
7956,75.4525948374442
7957,76.0151635125926
7958,76.2519367716637
7959,75.0390821894939
7960,74.5555580134638
7961,76.3644812142305
7962,74.7731783329393
7963,72.3562117597814
7964,75.9003347759377
7965,77.283114097861
7966,77.6343332305429
7967,78.0066004850619
7968,78.2462899415812
7969,78.4875307400686
7970,78.704606960564
7971,77.5042587892159
7972,77.6884239581877
7973,76.8368921881764
7974,76.9955622414481
7975,78.2392126533547
7976,78.7612519265036
7977,77.6294807258781
7978,77.3692949512046
7979,77.6570324328875
7980,77.3810131330014
7981,75.597414716847
7982,74.2761093201291
7983,72.2523596570592
7984,76.109237305429
7985,73.5186362351959
7986,73.8133599416929
7987,74.6193984344322
7988,74.3606739660292
7989,76.1958413560159
7990,73.343227847409
7991,71.0877774237501
7992,65.1850283582893
7993,69.7966529289483
7994,76.9986377918498
7995,75.0520558565818
7996,77.5786417618002
7997,76.0423677516287
7998,80.5136095330647
7999,78.9655855258102
8000,77.4587949773652
8001,76.4194667315804
8002,75.1880891348103
8003,75.209553320004
8004,78.5861222277491
8005,77.9758879661603
8006,76.3788384552436
8007,69.8539636893076
8008,73.901979908017
8009,77.0767973175921
8010,79.3047784534082
8011,77.3805413203034
8012,80.8806188502419
8013,76.8810344276065
8014,77.3431340917223
8015,76.6727803194849
8016,77.9836293310896
8017,77.1781274381771
8018,78.4334463306431
8019,80.150076735767
8020,79.457521880067
8021,76.2019888153005
8022,77.590094768681
8023,78.5776503902888
8024,80.2313764155238
8025,77.5859823010703
8026,76.9330063328673
8027,77.1675916394829
8028,76.4741397589494
8029,75.877735105109
8030,76.730646946335
8031,72.0099534541611
8032,76.0772352859753
8033,77.4218922324692
8034,77.4585110677788
8035,76.0561660451274
8036,74.1176834760453
8037,74.4850476052777
8038,80.2368514335131
8039,77.7620345198961
8040,77.3707799204844
8041,74.8122498733333
8042,74.4298032639415
8043,75.3628953314393
8044,78.3810144091451
8045,74.924593859821
8046,71.731499150457
8047,77.4623566052729
8048,79.371860875024
8049,76.2667524170654
8050,75.7463145856689
8051,76.6516128108408
8052,76.9251266026431
8053,78.295080146358
8054,72.2529770836728
8055,74.438994172837
8056,76.4948442462778
8057,73.629798508322
8058,76.7142631394532
8059,78.5519021654254
8060,75.9731789416922
8061,78.4451576506718
8062,76.1354602002405
8063,80.1104324294191
8064,76.1498526140589
8065,78.1297656582174
8066,77.1570116908838
8067,74.7668868056532
8068,78.6679874993052
8069,77.9953690290869
8070,78.4698652438254
8071,78.8104589009698
8072,77.4974733066352
8073,78.5117446029688
8074,73.1586585711948
8075,77.9962881512776
8076,78.2185675340601
8077,76.5147908341463
8078,79.0133613288226
8079,72.8687109014544
8080,69.6165364931343
8081,70.846790521741
8082,73.0761723645659
8083,71.6691298558655
8084,70.6853057293109
8085,75.0911790398154
8086,77.3724074862457
8087,75.2241128428058
8088,78.051006104489
8089,76.9980596989766
8090,77.2300946451436
8091,77.5227495764646
8092,76.2252420136219
8093,78.6383488439349
8094,77.0842521337174
8095,74.0143612572858
8096,71.4181104176002
8097,77.8525873020984
8098,75.1132034212948
8099,75.5187011810473
8100,73.1616704839045
8101,77.6278686376798
8102,75.7391290456785
8103,75.9227579979803
8104,77.0460594911652
8105,75.6949247017083
8106,74.8980646443926
8107,73.9464859132618
8108,75.3386347703054
8109,75.8580607490433
8110,75.8138407329756
8111,78.3450045230082
8112,75.987534937591
8113,74.6845908589959
8114,73.8298130718082
8115,71.9275171516901
8116,75.8830672808658
8117,72.7926107727956
8118,74.8334214122885
8119,75.2545737482031
8120,69.3647877662005
8121,73.0735334323198
8122,74.8953135643528
8123,71.2329281410869
8124,65.6990628053241
8125,74.5860830610602
8126,78.3830085955842
8127,77.7939242183398
8128,76.321444510396
8129,76.8225058157291
8130,78.8675576541948
8131,75.1654337179913
8132,75.3480980824085
8133,76.3927146173209
8134,79.4570965865153
8135,75.9886310936155
8136,76.7833517465356
8137,75.4659662317243
8138,72.7371282689107
8139,78.5187486310896
8140,75.2727251528768
8141,77.7127652270267
8142,74.9350613356134
8143,76.2706004279748
8144,77.5941651239754
8145,76.95974100593
8146,74.1159648586211
8147,76.9025046940898
8148,76.1150461508669
8149,77.2016922460048
8150,75.3577555877488
8151,78.0209248402487
8152,75.9867536271481
8153,78.5499564841173
8154,75.1110483550592
8155,70.4198841426368
8156,75.5630079415268
8157,73.354545026269
8158,73.4232912652651
8159,77.0437226463973
8160,77.4950721642401
8161,75.2031886820811
8162,71.9787105156847
8163,71.4342022964853
8164,71.269610214075
8165,67.7197303278564
8166,69.8774105371356
8167,66.4503281155086
8168,70.5836792710795
8169,74.1591544220127
8170,73.5228535417211
8171,74.9248318332805
8172,72.075500011493
8173,77.1446148216211
8174,76.0562950021215
8175,73.4687638396488
8176,77.9055958386272
8177,78.1323972971011
8178,78.6234875461597
8179,76.8213806991438
8180,77.9318450587946
8181,79.2938190426109
8182,76.8194840542993
8183,74.2121938819702
8184,72.3836000917617
8185,73.2286598208834
8186,67.5785395183266
8187,69.0352559469455
8188,69.5327270612104
8189,67.4543589815909
8190,68.2880472422495
8191,72.8245502243161
8192,69.7813843111666
8193,72.4428067887011
8194,68.3660444838242
8195,67.7448618456066
8196,72.769005033017
8197,75.712704147513
8198,74.4259835940776
8199,77.082039312661
8200,76.6272488038546
8201,74.4222489592089
8202,74.4987491138925
8203,74.4840070740555
8204,68.491608169166
8205,71.0051608720136
8206,71.1983267993313
8207,70.9061411055978
8208,69.1456457192169
8209,69.4742495016351
8210,74.1729666178109
8211,73.8613651844098
8212,70.2821230629311
8213,72.6926190982082
8214,77.0434129526586
8215,73.804685066529
8216,77.2808224607171
8217,74.3864701288464
8218,78.0566808307119
8219,78.4462410395791
8220,76.9180899431185
8221,78.5259860327205
8222,77.7845681381529
8223,77.5430651864028
8224,74.7148338434495
8225,72.8078794583753
8226,78.7664243809959
8227,75.7026186684797
8228,74.214618044035
8229,74.8865622789216
8230,73.7935461175139
8231,74.3979429261025
8232,73.1009913439263
8233,73.1854671614528
8234,74.5300153612463
8235,69.9738437300637
8236,74.1613074422575
8237,74.5268382190935
8238,76.1844304562498
8239,76.8757197630244
8240,68.7109642188141
8241,74.6338935610618
8242,70.508623272959
8243,75.7947041370159
8244,75.1005068399737
8245,75.7422518880747
8246,75.5252271311868
8247,78.4034463534357
8248,74.7207418018095
8249,70.2738911007836
8250,73.2190840276201
8251,74.9072375989629
8252,76.0966092487448
8253,75.1415691914342
8254,75.7286502725844
8255,77.9848566843608
8256,79.6461600207273
8257,77.2476609048516
8258,75.4133808453167
8259,72.5104939801276
8260,70.9607088395722
8261,72.7767773919583
8262,73.5406044388959
8263,75.172776396613
8264,71.6835565425799
8265,69.1202556184914
8266,72.3729789411858
8267,74.7750598621065
8268,75.9119612571998
8269,76.2628467381466
8270,74.181583987425
8271,76.8088680980387
8272,77.3216792763396
8273,75.6609417102856
8274,76.9685228815194
8275,77.6154770765602
8276,75.1829957779664
8277,72.3000381588163
8278,78.9316821183498
8279,70.9246005776437
8280,77.072768152693
8281,76.2942402053464
8282,75.5402692710002
8283,74.0455441801267
8284,73.2545520294472
8285,72.4681342344913
8286,75.2357261118142
8287,72.5389260404021
8288,71.7082441202949
8289,77.1015682164881
8290,74.9905393691765
8291,74.0452418954916
8292,78.5768653813971
8293,76.9790540351278
8294,77.7027213191755
8295,76.6261520020956
8296,76.4193239124973
8297,77.3977760101927
8298,75.3640035540623
8299,74.4958448556621
8300,74.5917456985956
8301,76.0035570491171
8302,78.2298522074302
8303,74.4906174891061
8304,78.6461759730881
8305,76.6003380448182
8306,76.7312424138574
8307,78.4762222333823
8308,76.9860097732022
8309,78.7741693063903
8310,75.2473028895641
8311,76.7096620477775
8312,74.3446851301282
8313,75.457247180681
8314,76.8582845488198
8315,78.8587411726504
8316,75.4441168572152
8317,79.0081815205204
8318,80.0028295706799
8319,77.216007401287
8320,78.0967943537968
8321,77.576531420101
8322,78.3775877604895
8323,77.5707631966758
8324,81.7177558544058
8325,76.4647384885275
8326,74.8577965184971
8327,78.1152820027863
8328,79.7230431260044
8329,80.3209464651482
8330,75.7241958612312
8331,78.708171939739
8332,77.7148535248077
8333,77.8311678970684
8334,79.0529984117028
8335,77.1376483669694
8336,76.8292980679018
8337,70.4870362320319
8338,76.409802283919
8339,78.5000455855065
8340,79.1330947468745
8341,75.1919022077634
8342,79.2822547058091
8343,76.7820394430206
8344,74.0952881467088
8345,78.6944041317984
8346,77.4164625382689
8347,77.2707009420386
8348,77.817210401114
8349,71.3182508238806
8350,78.5580879599397
8351,76.6810824279684
8352,78.123313749801
8353,78.2112326556629
8354,78.9377631960533
8355,78.3970959321591
8356,71.2588898421071
8357,71.3118817949515
8358,77.7521631678117
8359,78.8771018878779
8360,70.736640269646
8361,77.5391665424024
8362,78.0213269477277
8363,76.8161078451799
8364,79.1027629412149
8365,78.097282356837
8366,77.371321589758
8367,72.0311403165528
8368,73.5876643257271
8369,72.8445680305418
8370,71.6539608803703
8371,77.5433813545213
8372,75.5107072418047
8373,79.1082523573177
8374,77.4279574739436
8375,76.4669611241492
8376,77.388628848931
8377,75.9042345507721
8378,77.2677240436014
8379,80.627397293583
8380,78.5131130296994
8381,77.7712693231173
8382,75.0949488215649
8383,76.5705018087221
8384,79.8825044848627
8385,75.9686696059796
8386,78.481687166724
8387,79.8482648586593
8388,79.5267819170764
8389,76.4276309560424
8390,74.9236600429713
8391,73.1113955364696
8392,69.0996383880856
8393,76.8080674242146
8394,74.7538613059094
8395,76.0060635574917
8396,79.5226303265432
8397,75.4050185819868
8398,74.2602339172172
8399,80.6882240160776
8400,76.9897793539533
8401,77.8032031308802
8402,80.0320547405854
8403,78.7931351897411
8404,77.285670593744
8405,77.3325442715789
8406,75.7427029313351
8407,78.8223101990813
8408,76.4520541069174
8409,76.3165007429008
8410,74.2796498669937
8411,71.2900592515396
8412,77.0024971466374
8413,76.6997210883911
8414,75.9641956994915
8415,75.0120455117416
8416,75.6309323884822
8417,76.8906614752039
8418,75.8568585742937
8419,76.4945521528869
8420,76.9247926561897
8421,80.65482727437
8422,73.4488668303073
8423,76.579466813123
8424,76.3808642435152
8425,78.1358220456191
8426,77.6797378242388
8427,77.0535668471955
8428,77.4400513564137
8429,80.5877270848782
8430,78.339847449862
8431,77.3245613185885
8432,79.1251090177763
8433,77.697902877034
8434,71.8711233671524
8435,78.0356014271845
8436,78.1667221948771
8437,76.7195508228198
8438,78.9037690887104
8439,75.5332716425086
8440,76.1306100203778
8441,79.6863136318327
8442,74.579441507577
8443,72.0596174436732
8444,78.0030349138801
8445,76.2609764629063
8446,77.6369905335126
8447,78.1346863451076
8448,76.1134131738299
8449,74.7256775940784
8450,76.8128043269766
8451,76.2292838395736
8452,73.9993155227373
8453,75.3806592228415
8454,75.995598973094
8455,78.1732411870849
8456,75.8980325459867
8457,76.239781055946
8458,73.800222739441
8459,75.9838955444967
8460,76.1180406984044
8461,75.1864006955173
8462,73.6245984567911
8463,72.7703313534424
8464,76.3195951478166
8465,70.0253232289172
8466,75.1405169662213
8467,78.0961672854452
8468,78.9818097163836
8469,75.279360503957
8470,78.403495304867
8471,81.0054637370527
8472,78.6241513514926
8473,77.355606800303
8474,77.3519668062801
8475,77.9120600239455
8476,77.4823517994673
8477,77.4907934343838
8478,77.9695919567903
8479,75.9296713247878
8480,77.5516859256822
8481,71.9092915099768
8482,72.3171038497611
8483,76.8160731309528
8484,77.0914148494204
8485,75.7905016822485
8486,73.6989410763633
8487,76.8655594602896
8488,73.3203153649416
8489,74.0131865777643
8490,76.363477840009
8491,72.6450525418473
8492,78.2433376804519
8493,77.380910950703
8494,78.8327079246964
8495,78.6424149331735
8496,79.7916159128207
8497,70.5986304441201
8498,75.9848920612901
8499,78.3704758670646
8500,79.1490574935795
8501,79.6758067150585
8502,78.9971241883065
8503,77.4503567059344
8504,77.2659592142681
8505,74.0710185831148
8506,78.1877352082512
8507,76.4566530264385
8508,77.2588430300751
8509,77.9349352157219
8510,74.8352433827462
8511,76.1031234830308
8512,75.5085591873572
8513,78.74684099776
8514,79.2857401635232
8515,78.5960267848462
8516,78.3584830812844
8517,77.846270433454
8518,77.1733994748862
8519,77.5657247472753
8520,79.6549724767099
8521,75.8502294359041
8522,76.614086080302
8523,69.4823310142461
8524,74.9271839716474
8525,68.1983142179919
8526,74.8820634977192
8527,77.5088332046081
8528,73.9686654816735
8529,73.9733328034528
8530,75.7729746764833
8531,79.2994438047351
8532,79.4332191869402
8533,79.3881605110939
8534,78.1161215803656
8535,76.2204766011937
8536,80.9152733678795
8537,78.5831420359958
8538,77.3678942934329
8539,76.3106664392656
8540,79.4660527688901
8541,79.0407218059612
8542,78.4721713588456
8543,78.9497809757202
8544,81.4909107978687
8545,81.8411870272601
8546,78.5445821972657
8547,77.5386077862153
8548,77.8385453016734
8549,75.3992881787335
8550,78.2592068322583
8551,79.5090654597885
8552,76.9944733775013
8553,80.0110964320274
8554,78.2105815427283
8555,77.0422940448578
8556,78.0654583085227
8557,78.9236997614599
8558,75.9427215497981
8559,75.6968740845437
8560,77.7975078165687
8561,74.0996793855298
8562,68.6137350385216
8563,71.5654888104485
8564,71.5174170734884
8565,73.7722470325627
8566,75.8600125109454
8567,77.483679696781
8568,77.4862918071075
8569,75.8919366584034
8570,79.0822715457996
8571,77.5119063377915
8572,75.596910051211
8573,76.6817276940209
8574,77.375943326925
8575,76.5808077011097
8576,77.4202894890784
8577,80.2368686043385
8578,77.5206177843456
8579,77.0846972490331
8580,74.4563353352453
8581,76.7341084391162
8582,76.963123521705
8583,76.7977023269482
8584,74.9163466323919
8585,78.0704676585348
8586,81.5146146949663
8587,73.0437880917154
8588,78.496799965505
8589,75.9526144048745
8590,79.2063240275287
8591,75.8847781446019
8592,73.5689344066249
8593,78.7252902154387
8594,78.3288121181317
8595,78.1572307112471
8596,80.7095096006477
8597,76.6406603845968
8598,77.1560942114931
8599,68.7045513927174
8600,72.9981639648936
8601,79.2256676907955
8602,77.2806649554134
8603,74.6537097459827
8604,76.6713723471761
8605,68.5561641285564
8606,75.9526937862486
8607,74.0153618055183
8608,77.0075681050374
8609,77.9559569214866
8610,74.1684024980065
8611,80.5811821814791
8612,79.2196161958026
8613,77.8735482642597
8614,77.4994055781029
8615,78.7457686873715
8616,77.5775567760865
8617,77.4969466123358
8618,73.1398770535037
8619,78.3770792531859
8620,77.7952902329268
8621,79.7275138557051
8622,78.4423447131235
8623,77.8780011946682
8624,75.2921772417146
8625,77.1469942649763
8626,78.1395937855631
8627,76.3477363537236
8628,78.694109358766
8629,75.0040562975649
8630,75.7842184312818
8631,76.8260927094545
8632,76.8719307134465
8633,79.044941278957
8634,77.5891514701942
8635,78.8439302167631
8636,78.8444690299628
8637,77.4476359607856
8638,76.811367236079
8639,78.805469045221
8640,75.4798672055718
8641,77.0363158983644
8642,75.4204839892421
8643,77.7886590285245
8644,77.6641597561105
8645,80.9914067812065
8646,77.9601454591871
8647,80.5197590185406
8648,80.1595537447236
8649,80.0955201049409
8650,79.6649254169126
8651,78.2646306879029
8652,79.3104866108482
8653,79.8728034211297
8654,80.2592315245228
8655,78.8465819749946
8656,78.7846156946718
8657,80.088860548852
8658,80.6298084211407
8659,78.9003109230053
8660,79.5511762239897
8661,76.8009103839911
8662,78.3089599902064
8663,80.7392435433171
8664,79.2141841807027
8665,81.2814379248102
8666,78.5819326921235
8667,78.6042497642281
8668,80.8086621379883
8669,77.5527914694397
8670,78.9624118328766
8671,74.7143864834854
8672,70.0722243080696
8673,75.3570929979892
8674,74.065219740672
8675,76.4171194486441
8676,76.6088953855717
8677,72.1093460537034
8678,74.5799729582217
8679,77.3885875872508
8680,77.8879439462693
8681,75.5225548296129
8682,80.2452028365017
8683,77.2058069605969
8684,76.3787498034641
8685,79.0917443816334
8686,79.0116833212453
8687,74.6898497616448
8688,74.0063544428252
8689,74.3899964398582
8690,75.9634683877048
8691,76.3639278373622
8692,79.0646768528377
8693,79.9651664447711
8694,78.0737637139907
8695,78.9469032998002
8696,76.0963775170441
8697,81.8682450472995
8698,75.3192985230122
8699,79.0015466032108
8700,73.1568280583238
8701,79.4258249678782
8702,77.5734830785591
8703,76.8933180286099
8704,78.685912900494
8705,79.5227700316661
8706,72.417353619257
8707,73.3419695292681
8708,74.1097519278148
8709,76.1589841952778
8710,76.4700576793797
8711,74.9936103206448
8712,74.2558793328172
8713,77.2144881536535
8714,77.4639072145445
8715,71.7495945879554
8716,76.6242721145514
8717,72.6873947671156
8718,76.7260568115524
8719,77.7608263318409
8720,77.7951903830246
8721,78.6933841652252
8722,77.676186588022
8723,78.0726344000871
8724,76.9398270198727
8725,76.7164591742232
8726,75.8983673577779
8727,77.0976041485454
8728,77.4772353963254
8729,76.3599324624256
8730,79.0096863018538
8731,75.657713024795
8732,72.0105726040993
8733,77.9127376475729
8734,72.2529770836726
8735,74.3579339392003
8736,71.8504989223374
8737,73.3523010928193
8738,74.3042367564018
8739,77.5636658603644
8740,74.0292224406319
8741,75.7253826019875
8742,74.1557710866628
8743,75.5610287512095
8744,78.247577401362
8745,78.6595051960275
8746,78.0892448604972
8747,78.491704117858
8748,76.3931966558993
8749,74.7886908328006
8750,76.8526073433461
8751,76.0081945922944
8752,76.9027733768777
8753,76.9149902707576
8754,79.0024868710506
8755,75.7127041475127
8756,75.2766712033836
8757,77.8049297338059
8758,77.6460066504717
8759,78.1442355111641
8760,74.7580422577668
8761,77.3603275875533
8762,73.2787822731969
8763,76.1364243703206
8764,74.8809607636326
8765,75.1660425421349
8766,77.1559036940869
8767,78.2261962516563
8768,73.3179741045561
8769,73.95900513909
8770,74.0231419929229
8771,77.6512698738675
8772,77.210402039031
8773,72.7291524229383
8774,65.1051768359442
8775,71.7736401260412
8776,72.1114886379713
8777,69.7972262576118
8778,73.0558029873583
8779,74.8497030656877
8780,75.5773519123791
8781,75.7432868828918
8782,75.6892255816916
8783,77.6616562928307
8784,77.5592340642401
8785,76.5887971011009
8786,73.4911816916354
8787,68.8864620859772
8788,75.1968645496993
8789,76.284718827803
8790,75.3402546463772
8791,78.5376906912637
8792,78.2981522281242
8793,75.3744637603008
8794,77.7200090482054
8795,76.9578747347775
8796,76.7585178780988
8797,75.6693701180405
8798,75.0678487967859
8799,80.1573033979859
8800,78.848166808956
8801,78.9277845594315
8802,80.0949594978938
8803,80.622032191861
8804,77.7270945647981
8805,77.3707320596026
8806,78.2916425638322
8807,79.0396317791434
8808,78.2993518853802
8809,77.2317261117083
8810,76.0267776712685
8811,76.6868662154495
8812,78.3215395720126
8813,75.5006849138335
8814,76.1147532079427
8815,76.1030869434968
8816,76.3565961123742
8817,77.7148390770592
8818,78.2549629279323
8819,78.5614827056773
8820,77.7819307192347
8821,75.973364292931
8822,79.7564966077758
8823,71.4635404363091
8824,72.4511777764623
8825,72.3214233777964
8826,73.6606728516416
8827,78.0416440602592
8828,76.8459456968797
8829,76.9552850625715
8830,79.5790702103568
8831,76.9580320718258
8832,77.8226616342824
8833,79.3850738884146
8834,77.8870961691987
8835,80.1286085687456
8836,79.4820950583543
8837,77.5594474724515
8838,79.7366367430628
8839,78.4300996253291
8840,76.1850221501208
8841,76.6932693560303
8842,77.2681972076529
8843,80.2701626171495
8844,74.5070692157884
8845,75.0897651656754
8846,75.4041422786851
8847,76.8611158042096
8848,80.4931767335623
8849,83.1584609676195
8850,78.3213909897245
8851,76.6855990615892
8852,71.539945116489
8853,72.6922851022415
8854,76.2186601821422
8855,72.6951621937103
8856,74.2287596077475
8857,74.6319452553887
8858,73.2584089178554
8859,73.8933104520983
8860,71.8606395894807
8861,75.1925449336119
8862,72.9314830448394
8863,71.2238482602806
8864,73.5464568416631
8865,76.9728803327184
8866,75.1081949683605
8867,73.9547273005447
8868,75.0263346438015
8869,72.1290034417696
8870,74.0394074188271
8871,77.1495552439047
8872,77.3326478965838
8873,74.2076294822071
8874,75.8629753396032
8875,77.9955538318972
8876,75.668404889911
8877,78.3830212311249
8878,70.397608410876
8879,74.6780792614422
8880,76.0119626336498
8881,74.3260589109468
8882,76.5482405414501
8883,77.5917797825728
8884,74.9930420911996
8885,74.1929796856678
8886,73.8257937984296
8887,76.0917703464036
8888,77.9766976435149
8889,76.6997354651139
8890,78.725882454635
8891,77.3097807084036
8892,77.4515624610464
8893,73.3136494636651
8894,67.927406321638
8895,72.422616107579
8896,76.7175054538394
8897,74.3398159803961
8898,73.4952456303658
8899,75.9870909014057
8900,78.5453320668668
8901,76.3906182365448
8902,77.4200812362204
8903,75.6434358612865
8904,79.7581583758126
8905,79.0332312553934
8906,79.3545232588171
8907,77.2545771537633
8908,79.6440294257456
8909,79.2179265850544
8910,76.659103651097
8911,79.5767940676054
8912,80.9389799873184
8913,78.6917327734225
8914,74.1282044400073
8915,77.6759588410753
8916,77.5669135308416
8917,78.2832036391193
8918,75.9703536872898
8919,79.197592274399
8920,77.5233404297282
8921,77.7764916692104
8922,74.1174028932483
8923,73.5576533366755
8924,73.6127948598139
8925,80.1753330154166
8926,77.9779325341004
8927,79.1825155340185
8928,77.7953053321242
8929,76.8090037015446
8930,79.8208334065736
8931,78.7774445013558
8932,79.1663028375112
8933,79.377241041877
8934,78.2421918137501
8935,77.842765518435
8936,73.2241164292422
8937,68.8095896034373
8938,73.8756651344438
8939,77.8297552444959
8940,77.5550559533203
8941,78.1719162713118
8942,74.3478936047953
8943,77.1259736605274
8944,77.3818781683363
8945,77.1642612382352
8946,78.3763477184666
8947,76.8103269070185
8948,74.8875676754777
8949,75.4261359453411
8950,78.2317802558972
8951,78.5478331413627
8952,76.9025046940897
8953,76.8303968208403
8954,76.5997466880534
8955,79.0678668201736
8956,78.1045178798068
8957,76.0270686637782
8958,75.0992007527649
8959,69.6967380408413
8960,73.1430278158443
8961,69.8667323986582
8962,72.3936977888239
8963,78.7298955540659
8964,74.101966598468
8965,77.525576388916
8966,78.2607121503987
8967,79.3661629272939
8968,79.1043237384221
8969,78.4045207617075
8970,75.7223794844151
8971,73.860233478223
8972,80.2089996839771
8973,81.2286733253523
8974,75.8802377455926
8975,80.5704422127778
8976,76.6733699592273
8977,77.2579010211841
8978,74.4535036037867
8979,75.7975413482529
8980,78.6918347086162
8981,76.8399753136924
8982,77.7689528904101
8983,76.956472882067
8984,78.7645794110829
8985,79.3757278253728
8986,79.9983805217748
8987,79.2462500227628
8988,78.3537102885193
8989,80.1459890385935
8990,76.5502093650168
8991,78.9547661283074
8992,76.196916411094
8993,78.656361878998
8994,80.5578326479522
8995,77.0819640976694
8996,76.4083612508022
8997,73.3421130542146
8998,75.146594542367
8999,73.4442393389616
9000,76.884923441075
9001,75.486935151141
9002,74.321568538898
9003,76.1700873225121
9004,76.0490184084941
9005,74.631391028421
9006,75.81381806079
9007,74.8396558744634
9008,78.4584687069938
9009,75.1864836063093
9010,76.780710750034
9011,76.0153575315481
9012,76.358378043161
9013,76.7892388781532
9014,70.9668688166911
9015,72.1178351983581
9016,68.5759363635904
9017,70.0157454139297
9018,69.7054999468273
9019,75.4519674827155
9020,71.7956120328414
9021,75.2286891200058
9022,69.1336887643517
9023,70.0177953680155
9024,72.275472690104
9025,68.4594711514715
9026,71.5410923419726
9027,77.5730842780944
9028,76.072790807088
9029,75.9632195237959
9030,75.1901924041231
9031,73.9878019648734
9032,67.9432919511249
9033,81.8455303051508
9034,77.5565157745901
9035,77.7388253027294
9036,78.1209016279226
9037,76.622021061851
9038,72.1786106033601
9039,74.8186407442294
9040,76.9193270551246
9041,77.0974511886775
9042,78.9772369579809
9043,77.6334946953629
9044,73.1579453286815
9045,76.6739668604135
9046,72.1320725079202
9047,72.3892279749845
9048,77.2501394857155
9049,76.7831287450737
9050,77.8922868370565
9051,72.9007557412093
9052,76.0879266988868
9053,79.6669841033141
9054,75.5145419270103
9055,72.9713135052329
9056,74.6680523166622
9057,77.6520327621784
9058,76.6836542810228
9059,76.8916576855597
9060,79.6029353065642
9061,80.1668583228887
9062,77.8431978436399
9063,70.5610529136691
9064,67.8119518794901
9065,66.9982189568389
9066,67.0517332223001
9067,69.0612597927507
9068,77.0999069213752
9069,75.2022418978489
9070,76.0621595150245
9071,78.2335628474997
9072,75.1327586322957
9073,75.1050507081144
9074,78.3110493039941
9075,77.2026527105593
9076,76.7957487376476
9077,79.4005691683093
9078,76.8169182915652
9079,76.3102056682409
9080,78.4565497254821
9081,78.0171159920886
9082,76.7670648556482
9083,77.4218190361069
9084,78.058560360704
9085,76.5051805410218
9086,76.2204777729352
9087,77.0704078343024
9088,76.0922352382494
9089,72.1466826729489
9090,74.1387304632252
9091,74.365069117336
9092,75.8215823696387
9093,72.9616782042087
9094,69.7161076956825
9095,73.0474813883658
9096,74.0731828476048
9097,72.3754797125974
9098,75.8416874260939
9099,78.4986852229076
9100,74.6153727665728
9101,76.2552860933923
9102,79.1414945509244
9103,78.4358133543398
9104,75.3422890511014
9105,75.2489192391632
9106,73.6006601121583
9107,70.2926307784246
9108,74.4578446288974
9109,72.6365403681284
9110,74.0053777403151
9111,76.4045827439197
9112,75.8337039747253
9113,73.3460266192184
9114,78.5210364736794
9115,77.7191938087316
9116,76.4283215849048
9117,71.9275279307623
9118,75.3932839924273
9119,78.4502704423908
9120,77.4748507686401
9121,79.8830328507705
9122,75.3552475725609
9123,78.1901135818147
9124,77.7880894091169
9125,77.1303116338983
9126,74.6434795082009
9127,75.4247246870652
9128,80.7184946645547
9129,69.1032170741994
9130,69.4055295647994
9131,76.0097246444379
9132,80.597072211872
9133,77.8772164747082
9134,78.9016482521646
9135,78.117131823046
9136,81.1312569371854
9137,75.8770383401482
9138,79.0112517625305
9139,79.7618405201828
9140,78.8675338633802
9141,79.9618642206499
9142,81.2849185106504
9143,79.1393675638513
9144,80.6096772061618
9145,80.117776022683
9146,81.5424005221253
9147,80.5706683176335
9148,79.2323256787419
9149,80.8397769633128
9150,81.3898820592171
9151,78.2485386121081
9152,76.8315317315869
9153,78.9738728630035
9154,80.0700235562472
9155,79.2749219505066
9156,78.4776609376794
9157,79.6617260548425
9158,78.4616741552299
9159,79.0870746300726
9160,77.9923890092053
9161,69.2969347927234
9162,73.5875714474906
9163,75.4548443097174
9164,80.4349809374989
9165,75.432603854133
9166,78.4433203694496
9167,74.3393389926708
9168,73.999698473639
9169,77.4500529745488
9170,74.5000841594033
9171,76.6695094159519
9172,76.2052748497671
9173,75.5018811334964
9174,76.508999329278
9175,77.5946459180348
9176,79.8146033900881
9177,76.736742643102
9178,75.7555034865397
9179,79.4570965865158
9180,82.0448476873947
9181,77.2339031955696
9182,79.1519458954276
9183,80.8551535010075
9184,79.641055368231
9185,80.7769387384593
9186,80.236851433513
9187,77.9146588429912
9188,81.979061943365
9189,80.5176074046174
9190,79.6806921365207
9191,79.3759144621221
9192,80.9670625060386
9193,80.0470778492079
9194,77.2047119807843
9195,75.4466248087668
9196,78.9622882027362
9197,76.9987329834759
9198,76.111485521018
9199,78.2822560270153
9200,78.6010844034132
9201,76.1423715228417
9202,82.119314231637
9203,76.189440781243
9204,78.8191841475489
9205,75.8037242117313
9206,80.1734951892089
9207,78.3316622446533
9208,75.2830821931987
9209,79.2654248303766
9210,76.4374980296657
9211,76.710671797204
9212,68.5438110942985
9213,76.4735961864472
9214,77.9266381553469
9215,79.7235320784891
9216,77.3254056870815
9217,77.9643014086079
9218,79.4630404748418
9219,77.8124460595803
9220,75.0103510967224
9221,73.1644250615097
9222,72.2290845742213
9223,73.0202709690141
9224,72.242280077007
9225,68.9848959320929
9226,79.0217309018358
9227,79.8131745334467
9228,79.7709012906258
9229,77.5538119772361
9230,77.3660392433284
9231,76.825800884191
9232,78.6253772738237
9233,80.4546402330429
9234,79.209381582001
9235,80.389962498248
9236,79.5019809179067
9237,79.4986979530514
9238,79.2496082548834
9239,78.4371492524034
9240,77.1195364113708
9241,75.9398061233406
9242,78.9581815355879
9243,80.2619311610621
9244,74.7603350138493
9245,75.0471113741497
9246,76.3992150131
9247,78.15635700012
9248,76.7520250992348
9249,76.0690499794499
9250,78.8829756732259
9251,78.2993007643736
9252,78.4521513793178
9253,77.8089551627359
9254,75.6192184884256
9255,76.709550336867
9256,75.0691965312425
9257,76.141524136798
9258,77.5733045145265
9259,76.9497703579564
9260,78.9403501336313
9261,79.4154583044122
9262,74.2111455039687
9263,77.0885775622687
9264,74.8675489628201
9265,73.0565747530642
9266,70.7737448935906
9267,74.0073874369354
9268,76.7705431053906
9269,76.6565788064148
9270,72.0099125570599
9271,70.1753043639642
9272,72.499651655735
9273,74.0954419204297
9274,73.1441762079763
9275,71.5614723383995
9276,75.9214229411655
9277,76.3971755240755
9278,74.6700696934896
9279,74.2829587791632
9280,75.1734320988392
9281,78.8819869912679
9282,73.9036910134
9283,73.0271114794191
9284,74.4364857093367
9285,71.5791984046689
9286,76.270322989167
9287,77.2120315248241
9288,71.863856600553
9289,72.4458423172425
9290,72.2358778594153
9291,75.5310548926479
9292,78.630527703461
9293,76.0097246444378
9294,74.0869190160115
9295,72.7724870757357
9296,75.4797799143306
9297,72.8328527451341
9298,76.8925881190974
9299,78.0798516623204
9300,76.7199741289339
9301,79.4952414633621
9302,74.9380444714129
9303,76.6073734078536
9304,79.2539590697821
9305,74.2825602074271
9306,75.2419630940698
9307,76.1859999774111
9308,73.6020286508675
9309,73.8734139512391
9310,76.2585795116743
9311,76.2458457747172
9312,75.6518381301196
9313,71.9693420693868
9314,73.2383703270061
9315,75.175493929054
9316,76.0897010253888
9317,79.6100652898468
9318,76.6297568644873
9319,73.8711431851156
9320,74.7827223973925
9321,80.181169517644
9322,75.6459009103964
9323,75.3659208847523
9324,75.917040972058
9325,76.5378077544123
9326,78.5831053130824
9327,75.0472139084056
9328,78.4902743507641
9329,74.3206058583281
9330,78.7065404483999
9331,77.7296858202025
9332,74.3968219898084
9333,73.3164462506551
9334,72.3619219753101
9335,73.8849751112396
9336,77.059288948231
9337,76.0385791194415
9338,78.2636679029067
9339,78.2153895634119
9340,75.4059464948118
9341,75.6300508953266
9342,75.5207059272288
9343,76.4514749292206
9344,75.873843935545
9345,77.4747251745713
9346,77.7677348951205
9347,76.6147486532001
9348,79.6721694424878
9349,74.1941567195369
9350,75.4391438240005
9351,74.2400712283112
9352,68.0876055978263
9353,67.4159149261061
9354,68.5258266091615
9355,70.9117853010074
9356,72.4679208970588
9357,70.5995979434371
9358,74.1332915456479
9359,73.8737052643801
9360,74.1881994476597
9361,73.7958567911224
9362,78.8417732013098
9363,74.3354568550077
9364,72.835177781279
9365,74.5310524546185
9366,73.1438795343681
9367,74.249423897502
9368,72.8005652107769
9369,76.4930778631036
9370,78.9819256580894
9371,75.2653465746113
9372,73.7573062707257
9373,75.9949655842184
9374,81.7125154121551
9375,74.7751751688868
9376,78.5779543763984
9377,75.8898656604972
9378,75.7607063313013
9379,73.3108043884856
9380,77.6352936857194
9381,78.732698239158
9382,77.145988049019
9383,79.3413128880291
9384,79.0625953479532
9385,75.6134455829133
9386,77.5917862914662
9387,79.2579991771637
9388,74.0254066610045
9389,72.9843316052869
9390,75.6150322683437
9391,76.6504177523077
9392,74.7731783329398
9393,73.9593575164311
9394,74.2072423670213
9395,74.1541758927845
9396,74.8077925700389
9397,74.7261010876181
9398,74.4167332232963
9399,75.5906022453817
9400,76.3572922315527
9401,75.3163955078101
9402,72.1067066583157
9403,73.7037390260091
9404,73.6941660036866
9405,73.2245861739569
9406,76.6583799049201
9407,76.8728340321028
9408,78.7273711101481
9409,80.5952367024456
9410,73.4610515194467
9411,78.6565299830386
9412,77.7265549554892
9413,77.4583617215577
9414,80.0251279504394
9415,77.3217494104231
9416,71.2742821366432
9417,73.7579571190557
9418,77.0431170303024
9419,78.1903359058942
9420,77.9838914157937
9421,77.1931669997044
9422,78.7953269819507
9423,77.5254324998508
9424,75.6618159759719
9425,77.0679903011354
9426,78.8423789377029
9427,78.8955820969484
9428,75.0110986025453
9429,77.0877948103973
9430,76.2175707797697
9431,76.3065070984683
9432,77.0546724896035
9433,78.0487824538756
9434,74.6644086722121
9435,78.1095734153803
9436,77.2335730393741
9437,79.434130099876
9438,80.718655185445
9439,77.7351447935714
9440,76.6676165061819
9441,76.3850627434699
9442,75.163238023377
9443,77.8351093762784
9444,77.3483691871245
9445,76.4321644846173
9446,79.055000498578
9447,74.8958351420472
9448,78.062583411651
9449,75.7816948565958
9450,71.8375743758383
9451,77.7362038782529
9452,80.0210666796986
9453,76.1241969628796
9454,79.2381133315112
9455,79.8083729119086
9456,78.8692218065097
9457,78.6054568954894
9458,79.022762906698
9459,78.451376178188
9460,79.6906376228166
9461,77.5466640008016
9462,78.6015230354779
9463,78.0072015691385
9464,77.8725903934331
9465,78.1934348875401
9466,79.7600780181163
9467,76.5244037510618
9468,76.7869486641939
9469,73.4261863627532
9470,68.0564744263305
9471,70.0184810083577
9472,74.3455196013821
9473,71.9510192545411
9474,77.6177634394184
9475,76.252450233034
9476,78.7183218759306
9477,77.580762078422
9478,75.2986329424791
9479,75.8931167662209
9480,79.5399185763401
9481,74.623904273381
9482,77.9418178399356
9483,81.6703307446369
9484,73.5368805758097
9485,72.4060318152026
9486,76.3653283678464
9487,77.582298062601
9488,77.8023074086084
9489,80.0561481867911
9490,77.7147962120504
9491,82.1514124697377
9492,75.9190081460835
9493,74.4210558269079
9494,78.0315772260078
9495,78.6037789706523
9496,76.1544063362353
9497,77.9530064918412
9498,75.5723667314954
9499,76.06904997945
9500,79.6708710871452
9501,76.79263069955
9502,78.9352773499641
9503,80.0036296500462
9504,78.9941656635165
9505,78.3050224183163
9506,77.796143322894
9507,77.117028001548
9508,77.283880749755
9509,75.3550165369638
9510,69.7224608498709
9511,74.8049099289518
9512,77.0826698896844
9513,80.5299514254796
9514,75.0829731326355
9515,75.6392658168405
9516,71.8866610960005
9517,78.2063879864489
9518,77.1507026320995
9519,76.7805532846227
9520,75.5239556973408
9521,78.7640798771971
9522,79.3095699277443
9523,75.593806691597
9524,77.4144704428838
9525,77.1652287824156
9526,72.3940625065287
9527,65.6708537214143
9528,72.6850537428876
9529,74.5934131063698
9530,79.2774586532808
9531,77.4600535282481
9532,78.2353666509262
9533,76.1349379615281
9534,77.5570281573778
9535,78.6393319413824
9536,75.2308439609976
9537,75.0086519240061
9538,71.8235453325538
9539,71.9267972356296
9540,67.9971751288756
9541,68.0146836597878
9542,72.7001239881686
9543,74.2926779477503
9544,73.6474407316016
9545,72.6790408219399
9546,73.5406156500172
9547,72.017690982757
9548,78.0667601771791
9549,76.1095622823713
9550,75.692592990742
9551,72.8267717167374
9552,76.2574127424475
9553,76.6326248074948
9554,76.3561394800976
9555,79.0610975034203
9556,76.1759316665721
9557,78.4097121522576
9558,78.5341460583489
9559,74.7789644249116
9560,77.5756090981242
9561,77.9939235944764
9562,80.5400148667896
9563,76.1576552814001
9564,73.3477174447455
9565,74.9804416654162
9566,75.6950116962919
9567,76.0182473524181
9568,78.6046979617342
9569,77.161438410322
9570,75.5495996701654
9571,76.9851624477306
9572,76.9397710764056
9573,76.3579926682269
9574,77.1280676367295
9575,77.8093794454973
9576,80.1656137767452
9577,78.1429672894911
9578,74.2779773973614
9579,74.6061141333649
9580,78.0899011199969
9581,72.6402733571367
9582,73.8338964782272
9583,79.809467521486
9584,74.8126994402708
9585,77.3363247578715
9586,76.5970580537515
9587,73.4943313091915
9588,77.0495054252085
9589,76.023561567953
9590,78.3984651800085
9591,77.7355986419871
9592,78.4454434877466
9593,76.4889973549467
9594,79.9009262177461
9595,78.0607353577324
9596,76.0509035356716
9597,78.6870391019715
9598,78.3709643349078
9599,77.4898146306525
9600,77.8146524546929
9601,81.4212731694813
9602,78.1726115840934
9603,77.296435837914
9604,77.6650560521206
9605,77.4471315932435
9606,76.5643028140242
9607,78.0825612782206
9608,78.2635255562808
9609,76.9338081736391
9610,75.8324873261149
9611,75.5837204431916
9612,74.8151994966972
9613,74.95542116063
9614,76.6457044727991
9615,74.9348737437666
9616,72.6998150410757
9617,72.5685167014004
9618,74.6171448019286
9619,75.6017041049117
9620,77.3729778966576
9621,79.3656442590026
9622,76.9425615825566
9623,78.5864189385066
9624,75.6746112705664
9625,76.1756354618595
9626,74.4216525022816
9627,73.677403449972
9628,74.7783267337989
9629,79.0322940688906
9630,76.9632709927402
9631,76.8026818322255
9632,78.4533160585714
9633,76.8600829492992
9634,77.7965909400076
9635,76.5950192621801
9636,74.7595666616891
9637,76.7352544869921
9638,76.3519518182052
9639,74.776126750944
9640,77.1843018051107
9641,76.8146600532104
9642,77.2421577793563
9643,75.610808045997
9644,76.2784763227219
9645,75.7368136789689
9646,75.6275866645437
9647,79.5272290011144
9648,78.7797470344153
9649,73.9687952878901
9650,76.602648620702
9651,76.6059931651068
9652,76.0986316296969
9653,77.0723700970705
9654,72.4248791109438
9655,75.7036710167363
9656,77.0957340571685
9657,78.1073326352528
9658,79.3607794645543
9659,77.4898542546986
9660,77.715253841908
9661,78.4865275276401
9662,79.5964217273702
9663,79.2302756123009
9664,76.2455724412777
9665,80.0982004405398
9666,76.7846185220725
9667,78.2727949158713
9668,78.3718141121435
9669,77.9726090024455
9670,79.3824117482868
9671,78.6385512527512
9672,78.2071097343008
9673,76.2909068175439
9674,73.4263149629631
9675,77.0512683064684
9676,75.0480585793585
9677,76.1594124211773
9678,78.3204048421347
9679,75.9296374633176
9680,77.8609679400344
9681,76.9995692881492
9682,75.8597242695288
9683,71.6882646592629
9684,75.0021779372309
9685,74.3209324380074
9686,76.2870327548692
9687,78.8290099837963
9688,72.7596813589894
9689,74.7576136521645
9690,75.9415414628055
9691,77.228892749528
9692,79.1943018068411
9693,78.7355864296329
9694,78.0457451669346
9695,78.7296872148377
9696,74.7466590542298
9697,74.5417755816361
9698,77.6460066504716
9699,77.7621261492894
9700,78.2429075666451
9701,77.9599642282665
9702,78.0263131406451
9703,77.5333698568634
9704,79.3503446217623
9705,74.3548678149613
9706,79.0712185002051
9707,75.9982222936646
9708,76.3614318561386
9709,76.7600284659808
9710,75.8456683447304
9711,76.2879971280186
9712,76.0532407598785
9713,76.6335828000738
9714,72.5408291493054
9715,77.5633707660991
9716,75.7858488408887
9717,75.8295306260172
9718,77.0500911645855
9719,78.3408708282753
9720,75.3641611019517
9721,78.8992690374847
9722,80.2066615501979
9723,75.9397916606809
9724,80.9047940856686
9725,77.4960451840565
9726,76.4693460647658
9727,77.1863521443646
9728,80.1081811571271
9729,77.7312482984259
9730,76.6946611429559
9731,67.5765298954459
9732,69.2474629653296
9733,74.621664792641
9734,73.0546248793324
9735,80.7808866285609
9736,78.5465905696826
9737,78.2043438508823
9738,77.2183952581113
9739,76.7676064679821
9740,77.5612975527748
9741,76.9346017397709
9742,78.0831908049491
9743,78.1741000780062
9744,74.7596275885386
9745,79.8698451469509
9746,76.9585286133606
9747,77.4335287967814
9748,78.4773504039018
9749,77.1304562854331
9750,75.7296992590928
9751,80.3867887257919
9752,77.5098876415756
9753,78.6255746959786
9754,74.933312153345
9755,77.2316246781045
9756,77.4077504919386
9757,77.7313776302778
9758,79.228968370679
9759,78.6798153211453
9760,76.6141026686811
9761,74.7471363115841
9762,75.4467118532115
9763,77.3399808920903
9764,76.7704769146267
9765,76.9223132876234
9766,76.5259308870304
9767,76.7566011772128
9768,75.7103532792019
9769,77.4841754780217
9770,79.3413890182429
9771,76.1759943347873
9772,78.7026686316158
9773,77.1978620411359
9774,77.2737660126533
9775,76.6300800098991
9776,77.3698373166675
9777,74.9073037420377
9778,75.6000552908169
9779,78.4412865971684
9780,79.7899668641864
9781,76.4789499223682
9782,76.271563322807
9783,79.0159815868296
9784,75.5866339071789
9785,78.8741049476069
9786,76.5949967007251
9787,77.7966031126668
9788,76.6277609029955
9789,73.8209243406729
9790,71.4794749783366
9791,72.612998795471
9792,66.8559056553183
9793,74.808780309503
9794,76.8349086490236
9795,76.72736134626
9796,79.4362020857531
9797,76.3702222906988
9798,77.75351439143
9799,75.6358804155713
9800,76.1486785971185
9801,76.901123343365
9802,77.1633523137406
9803,78.4749793165155
9804,76.9711665574202
9805,77.295950814522
9806,77.5514223209723
9807,79.2689521778382
9808,77.8080086482929
9809,77.3358584653649
9810,71.9826022540209
9811,70.5969733107096
9812,72.1851471635232
9813,70.6352829013272
9814,78.6046979617344
9815,77.1881573854286
9816,79.8006129169015
9817,79.6290667232909
9818,78.6239239510207
9819,78.8344074080395
9820,77.2924897904296
9821,78.619311364178
9822,79.8111259741275
9823,79.1298499040765
9824,77.87968718994
9825,76.8290170668067
9826,80.9512141292706
9827,78.7361657373275
9828,77.1353999277086
9829,78.5933127239468
9830,77.6830686262596
9831,80.4469582443892
9832,76.2469441672661
9833,76.3897178343946
9834,76.6120971774113
9835,82.3961871234984
9836,77.2296446301422
9837,76.5992304867112
9838,76.0768343469669
9839,81.0670975998297
9840,79.0530618366308
9841,77.5626786102179
9842,79.3025072895326
9843,76.4074849562241
9844,78.7387443889631
9845,79.6548659119048
9846,77.9050734902815
9847,77.1061884728365
9848,78.6813918480902
9849,78.2878605908338
9850,80.56375578454
9851,78.7864364449712
9852,77.5664774405208
9853,77.2572765486948
9854,79.0151488064415
9855,75.4252999201933
9856,78.6210095048841
9857,79.5782760396689
9858,80.3229649064571
9859,80.6571541367282
9860,79.5752244050909
9861,76.6499213504065
9862,72.3578895948046
9863,75.557133717736
9864,75.4387773056872
9865,76.9991539156804
9866,77.2904558746934
9867,75.1504087241211
9868,77.7003064010826
9869,80.1729440663701
9870,78.9757960157473
9871,78.1438172522758
9872,76.6240250438549
9873,78.6080242303635
9874,75.5327761644851
9875,79.4811285851264
9876,75.9803642476265
9877,77.3620688099953
9878,79.6562283356157
9879,77.8994886430722
9880,76.4686969116144
9881,77.7787997640606
9882,76.436923827996
9883,77.4721055734339
9884,77.7475901136203
9885,76.811877325285
9886,75.9954600752171
9887,77.0773722356071
9888,76.6578209816057
9889,76.8716044367287
9890,75.9924767127077
9891,73.5037956475018
9892,71.8345596131747
9893,72.7327896859222
9894,79.2713388764384
9895,79.3853249782938
9896,78.9390593160453
9897,70.8892966076294
9898,65.8190089479225
9899,69.9393594199615
9900,74.8152085709232
9901,73.7213849615216
9902,76.5715051458153
9903,76.1627560827504
9904,73.9116241973699
9905,76.5811525729674
9906,75.2054563903372
9907,75.6009065410547
9908,78.9218092533714
9909,75.6233978452298
9910,76.1375965368192
9911,79.0564271988447
9912,77.1781943215069
9913,74.8932316988475
9914,75.5134367972131
9915,76.9820010858144
9916,76.2063148546928
9917,79.1033525558387
9918,77.2320493468793
9919,79.2381052751304
9920,76.8142506449892
9921,78.9049374601238
9922,79.9587230864629
9923,74.9430845772521
9924,76.247397515286
9925,76.2901492100605
9926,75.6074876215633
9927,76.7991998528319
9928,78.1118212494985
9929,78.3139547184865
9930,77.2059488235039
9931,75.7385226690256
9932,69.6403450613525
9933,71.9397723735366
9934,64.7117494796143
9935,72.2839760485676
9936,75.7369529250744
9937,75.6466449753685
9938,77.9918534645628
9939,73.4936348353485
9940,73.524853004622
9941,71.5516369577117
9942,76.7549512057327
9943,74.7290832713314
9944,68.2193189468024
9945,74.9594920836511
9946,72.2158507894172
9947,77.0374121337923
9948,72.5575113604175
9949,77.2478501093485
9950,78.464604832267
9951,75.321940167384
9952,77.350473130926
9953,74.760621495908
9954,79.2797363151719
9955,76.7070415860444
9956,78.2284949955685
9957,77.2670303649543
9958,78.6652642238529
9959,73.7877754542196
9960,78.550079493048
9961,75.9933374527641
9962,76.0789734879888
9963,78.7227002677404
9964,77.8976652766949
9965,72.7891875403288
9966,78.0521328439754
9967,77.6304218090343
9968,79.2827921084685
9969,77.8246957063975
9970,79.0929180967889
9971,76.6836559988073
9972,77.3863311448404
9973,75.3334915778015
9974,74.0648849917009
9975,74.9464745357222
9976,78.4375730260547
9977,74.903357823706
9978,71.300180808729
9979,69.7159002430002
9980,76.0025168101383
9981,74.0035377484921
9982,73.0429211633236
9983,78.1733560974079
9984,74.6707055637704
9985,67.7896125391321
9986,80.0839363173094
9987,79.8342826320697
9988,77.3989508591619
9989,77.0133947307222
9990,77.5279957199541
9991,79.8029200822324
9992,76.7671523482208
9993,76.4266517246688
9994,77.8464230829475
9995,79.7067904017471
9996,78.3427967615833
9997,78.1895201709612
9998,75.0529254977254
9999,77.6492238322112
10000,77.2626349851995
10001,74.7573858182492
10002,77.3536383366081
10003,73.4791415544553
10004,74.0577306871393
10005,75.4327784839485
10006,74.7012813213375
10007,77.0310996073511
10008,80.6524935618666
10009,78.3684306672659
10010,76.4757296625234
10011,75.6984711176316
10012,77.3217726983738
10013,75.0706885463099
10014,72.2691676878338
10015,73.3011835690002
10016,72.1901125869836
10017,76.780244333021
10018,75.9197286744837
10019,71.7266406108614
10020,75.122474024249
10021,80.4481975953983
10022,76.7420485152247
10023,78.0920041189764
10024,76.9539366027981
10025,77.8553010298628
10026,76.0587492351808
10027,76.2728548081556
10028,75.6016778356304
10029,75.5865668348532
10030,77.8168087284249
10031,75.6275893011461
10032,76.3473069079635
10033,77.9246675590073
10034,72.2433880080958
10035,75.3088492127934
10036,79.2561734850024
10037,75.7056945079726
10038,77.6106996187778
10039,80.0979528000805
10040,79.6129473762942
10041,74.2307690836827
10042,75.2797847738615
10043,79.4554531658224
10044,80.2873141602025
10045,80.0522021036553
10046,77.4395442576179
10047,79.384823669288
10048,78.0204712060422
10049,74.8008863464504
10050,76.1365016045451
10051,76.3950977698265
10052,78.6371321221439
10053,73.1817721163774
10054,75.7892666080855
10055,76.3591395376054
10056,75.1563850555198
10057,66.4381750525435
10058,68.6819182532616
10059,71.423212917982
10060,69.3369328933429
10061,67.7575366158823
10062,67.5588887956752
10063,72.485050268491
10064,74.8216175096793
10065,80.0643856513645
10066,73.0823750488141
10067,78.7500793648626
10068,78.0133323694516
10069,78.3351109986011
10070,78.9980555439951
10071,79.694424510686
10072,78.078730156366
10073,77.4468557970891
10074,81.0532370525241
10075,78.4251924278022
10076,77.8513826537869
10077,80.9565740090818
10078,77.4503552635834
10079,79.7585757245917
10080,79.0963535494013
10081,79.4617854674625
10082,78.4989172259632
10083,81.0624116745219
10084,80.3752859929984
10085,81.6656329481916
10086,81.2959145412785
10087,80.298217280214
10088,81.5698243211271
10089,79.450858312143
10090,78.7023380541526
10091,76.6188060533752
10092,77.8355954081221
10093,79.3898386805211
10094,76.5136978829614
10095,77.9021089232044
10096,80.6370091912063
10097,80.071825741126
10098,77.8816316117372
10099,78.796077048752
10100,76.9150028655995
10101,76.2856487924553
10102,79.774280724685
10103,80.0275685190147
10104,76.6044976827243
10105,79.4631816615289
10106,75.8046996934389
10107,78.905421061058
10108,79.5341135107311
10109,79.6749456480419
10110,79.4816811520996
10111,74.7060061802052
10112,80.4571241841401
10113,76.4642172072926
10114,76.8290170668058
10115,77.6879522447767
10116,78.1121770422513
10117,76.2936285808863
10118,74.1120491918229
10119,68.2810211141613
10120,71.0738657018929
10121,72.6252104452038
10122,69.1042910883953
10123,71.4400704753045
10124,77.1966810864396
10125,76.4537007037622
10126,76.2025171900939
10127,71.3713517988407
10128,75.9622956343231
10129,76.3708503369593
10130,76.9512976994373
10131,78.4465976989833
10132,79.6644842402443
10133,77.4147626018986
10134,76.3075077790707
10135,78.0418872843825
10136,76.3890157816662
10137,76.1061387991868
10138,76.7735527931604
10139,76.8387218385488
10140,76.8209822418034
10141,75.0056179168969
10142,77.0419586066747
10143,75.0720366898935
10144,77.9881397036243
10145,79.1481994350221
10146,77.4527727331428
10147,76.7701952938057
10148,73.2634356836437
10149,79.0387583452099
10150,79.1580577428014
10151,79.0856451523193
10152,77.4270031727581
10153,80.0536643795028
10154,76.7661721336348
10155,80.4532144759919
10156,78.1491057134255
10157,78.2486714929323
10158,77.642802302107
10159,78.846676692557
10160,76.0706740295294
10161,76.9173904589854
10162,75.7056770229245
10163,78.0588669704175
10164,81.0785014537557
10165,77.8649036374847
10166,78.4473931241742
10167,78.4192281467165
10168,69.2078190196873
10169,70.1556233719592
10170,62.2961450342475
10171,71.5907446878632
10172,74.9723709025728
10173,74.9817961114265
10174,74.5810419584597
10175,73.9860657117134
10176,73.9060886364841
10177,75.8114261538668
10178,70.7205409891136
10179,72.0535494402218
10180,71.5225434143147
10181,75.171762147697
10182,77.0353550313147
10183,76.5399325332613
10184,76.6248098468856
10185,74.0693818473912
10186,68.5156763162906
10187,71.8826675253606
10188,73.4023944369621
10189,69.0070094317473
10190,70.7676107321298
10191,74.1218596468461
10192,74.2426422722343
10193,73.9988257793455
10194,75.0447429942894
10195,69.418351317094
10196,74.6216632711045
10197,70.1516575749988
10198,73.7120456831901
10199,79.1496543466566
10200,78.7403586008778
10201,77.8693908691873
10202,76.6009933368912
10203,78.8973970091713
10204,76.2890483762229
10205,73.0954791098134
10206,76.6124243831707
10207,67.867986487282
10208,74.7154086788461
10209,68.6498744351588
10210,68.8864698703173
10211,72.6971632217555
10212,69.0578390994704
10213,73.5498211322434
10214,73.0243287175384
10215,74.0401097152201
10216,69.8948478279977
10217,72.5917306359055
10218,76.4522912215684
10219,74.8033664086629
10220,73.9988257793455
10221,76.1934615238884
10222,74.4411035199917
10223,71.3017417158242
10224,72.1374869178549
10225,71.7948969335894
10226,78.0383885579427
10227,76.4963179988712
10228,76.5636363339763
10229,76.6459006909085
10230,78.6184859349514
10231,78.935986567206
10232,76.5573322760294
10233,76.6714281023681
10234,77.7926055218882
10235,73.3307748031405
10236,75.0420350036832
10237,74.76009440106
10238,76.186236453891
10239,76.2604213133254
10240,75.8323930155744
10241,76.7420367214211
10242,76.7680311237565
10243,76.7216100991136
10244,77.5309296975743
10245,77.1664133208744
10246,75.2905583623188
10247,76.8772161899894
10248,75.3817021024138
10249,77.2056658663761
10250,76.4531632814741
10251,76.28752795376
10252,75.6283953941953
10253,77.4202173683499
10254,75.313247669509
10255,75.7362600891344
10256,77.0841885153559
10257,73.0157283424845
10258,74.8087607864344
10259,75.6091588367265
10260,74.4777035800854
10261,71.5567480574666
10262,73.3248564363432
10263,70.9876805972229
10264,71.5873594981133
10265,73.9013169281484
10266,68.2373812863726
10267,70.6572978698537
10268,72.923927530092
10269,75.8990990414335
10270,79.0654831498701
10271,77.0770074049887
10272,77.5781291860811
10273,74.6422805660771
10274,74.2899913588867
10275,76.6482752719595
10276,74.6055927128461
10277,75.4811551166823
10278,76.7853247049244
10279,77.4975641838111
10280,76.0669142984864
10281,77.6124403444186
10282,75.5314578433374
10283,74.7144784919373
10284,65.5283679380627
10285,70.2689427371816
10286,73.7177114729154
10287,70.5454395194386
10288,70.3175738136126
10289,68.9240706403693
10290,71.4728317540874
10291,72.5278486719036
10292,77.8846923307856
10293,76.3960248472765
10294,77.5941740143275
10295,73.0826841741795
10296,75.2570940285995
10297,76.2791809509715
10298,76.9740683271223
10299,73.3887305579614
10300,73.6546533397498
10301,75.4560136154049
10302,75.4152424457695
10303,77.3211518359155
10304,75.5228598593217
10305,73.6140803421957
10306,74.1484134345483
10307,76.5484798369445
10308,74.130104812011
10309,77.8164885087591
10310,75.1893957693182
10311,71.3971216879846
10312,74.3985077471233
10313,76.8297826098647
10314,74.7680920858463
10315,78.6457980923244
10316,77.1564548333146
10317,72.7361204666756
10318,77.7277463197528
10319,76.1649046274255
10320,76.9200030743877
10321,77.84180912805
10322,78.1902625093437
10323,77.3941473389643
10324,78.898219283843
10325,78.0391673383835
10326,77.6655242608477
10327,76.5534071289071
10328,74.1796088001117
10329,77.5201684912814
10330,72.421602679901
10331,73.6606785887355
10332,73.8789236328835
10333,79.5988262912044
10334,80.2366071215143
10335,80.1381984514683
10336,78.4428374133402
10337,75.4724594204215
10338,72.1603885642484
10339,71.4397425428737
10340,70.0402646011933
10341,74.0627349051724
10342,70.2609408407131
10343,67.4661079576549
10344,71.1556565546
10345,75.1194080320643
10346,77.2654233506746
10347,79.8093882369055
10348,78.4595356852494
10349,78.5584646438596
10350,78.5367227259366
10351,76.8576130677246
10352,73.1671140378796
10353,71.5964161776119
10354,78.0098650528482
10355,80.3574481146725
10356,81.5043756027937
10357,70.2456421380957
10358,75.8322911828795
10359,80.8476331690036
10360,80.2451333669761
10361,78.8548073467456
10362,78.4958231878964
10363,79.6291052845626
10364,81.4461275239191
10365,80.9742745665211
10366,79.3158045248746
10367,79.9570074232688
10368,81.3164956022833
10369,78.691364988314
10370,80.5691731137377
10371,81.9982043969439
10372,79.2681551833692
10373,80.8527896158981
10374,78.0894543650653
10375,78.0083171111617
10376,74.915785352074
10377,78.7151233597475
10378,75.721772012147
10379,76.6306991468095
10380,75.2518448807764
10381,76.9938873632331
10382,79.7625836836809
10383,79.5880775887906
10384,77.810386241364
10385,76.7326310040563
10386,78.5743398069577
10387,80.3489731911449
10388,73.6053007529393
10389,77.7855745160563
10390,77.7067286622917
10391,73.965371529441
10392,74.8640972395837
10393,73.5462841371254
10394,77.3830201719665
10395,72.1255212026539
10396,75.9631746006988
10397,74.1675125198067
10398,74.5185310325689
10399,75.7067637920354
10400,75.8583479936058
10401,77.213775277947
10402,77.8881706104316
10403,77.859010633246
10404,74.6954772896246
10405,74.5305220808892
10406,75.9361043158911
10407,73.4869341134494
10408,76.990696778393
10409,76.318021741051
10410,74.9884474076201
10411,75.7129223397258
10412,78.0677720241197
10413,73.2716577114643
10414,72.2225747655326
10415,78.0937155429411
10416,76.3493920989161
10417,74.9198022787706
10418,78.5475098652021
10419,77.0670590872699
10420,74.6567282285642
10421,77.7281695095779
10422,77.9286259036633
10423,76.4789499223683
10424,77.0668566069262
10425,77.6188198300614
10426,74.3942085446291
10427,79.3542037008453
10428,71.4168919022047
10429,71.948806983171
10430,77.3712482469875
10431,79.0570523188654
10432,77.2288236510824
10433,77.8023096105234
10434,76.2837354588806
10435,77.3013150219485
10436,73.5261988288806
10437,72.3179596892148
10438,77.6868996966409
10439,77.3221605744168
10440,77.3274686202711
10441,77.6161376201117
10442,76.515105662872
10443,75.2938405193794
10444,78.3283786539888
10445,77.6066056338472
10446,75.8339613565948
10447,73.5536424855493
10448,74.7953798516253
10449,71.2459385726738
10450,71.5361335187637
10451,74.8225944092664
10452,77.130788871323
10453,79.1955126872103
10454,78.2382972904406
10455,79.2319502049662
10456,76.9627521845879
10457,78.4448996520377
10458,80.3400075882043
10459,81.2372087044556
10460,82.4257106957322
10461,79.9650632757848
10462,79.6247515633497
10463,79.225665055304
10464,80.5675873272081
10465,79.4935345661668
10466,79.8275004874956
10467,75.3299540850944
10468,76.7681127109223
10469,77.603996856572
10470,77.0127799115397
10471,78.1012465374633
10472,79.496629440333
10473,78.8170214763236
10474,80.4153408483338
10475,79.8132529641616
10476,77.4690109905162
10477,81.3046400450285
10478,80.064419214184
10479,79.3952551011781
10480,76.872828419313
10481,77.76032976491
10482,76.838118306285
10483,78.6259578771028
10484,76.8320973753467
10485,80.1782029296119
10486,78.6641628758957
10487,78.8852184876046
10488,73.2399069069562
10489,75.6744858913418
10490,72.831967029887
10491,74.8591506614654
10492,70.4226000361907
10493,73.7598076951457
10494,74.3227560223538
10495,74.2988778812147
10496,75.2788826371518
10497,70.1385087814529
10498,70.982638528918
10499,66.6211262167863
10500,74.9405920087488
10501,77.5692540354784
10502,76.9754505424369
10503,75.3559706342298
10504,76.6268506973121
10505,75.3884981429093
10506,75.260707255721
10507,73.3363647982747
10508,70.7395142368287
10509,70.7069239259422
10510,74.4407875375216
10511,80.5679233276638
10512,79.9415828184387
10513,79.8581542965468
10514,78.9603681600629
10515,72.0655138643435
10516,68.1331770298219
10517,69.9993975743664
10518,65.5292228399055
10519,69.6563356031397
10520,67.9563805234241
10521,65.707742901587
10522,70.0798180026108
10523,70.130887693377
10524,73.7350723051428
10525,72.5648798215477
10526,68.4702698631021
10527,70.6943200965933
10528,70.4687773156281
10529,68.7646239382328
10530,70.1909761906959
10531,65.3369512551708
10532,70.9893782010571
10533,69.9373872878976
10534,65.9418752220436
10535,67.0153081555352
10536,67.9805613109211
10537,67.7163590296931
10538,69.8133455528914
10539,70.9696199430596
10540,71.6324386737977
10541,67.0513225268139
10542,69.5435283068753
10543,69.2772047280428
10544,69.6966344624892
10545,70.0662674117717
10546,70.1417364584803
10547,69.5441675713087
10548,66.9160571619402
10549,71.3704607454908
10550,73.4773594030693
10551,68.1720956801517
10552,74.8522776995375
10553,71.8412574526293
10554,75.2066044636599
10555,72.1862533190603
10556,71.604483697766
10557,77.2324888884414
10558,74.5970230042713
10559,76.1745837654952
10560,73.7413645595982
10561,75.068470895477
10562,72.3703078081926
10563,74.172994601098
10564,71.3328997821649
10565,74.4659529029963
10566,72.785676745318
10567,71.3147609277478
10568,75.0118740101458
10569,77.0422940448578
10570,79.5155722061314
10571,77.8371311412131
10572,72.8522314652832
10573,71.5605377689909
10574,73.8456559644626
10575,72.1733172820551
10576,73.4142118580236
10577,75.6158474821243
10578,78.5362715614398
10579,76.355127126911
10580,79.763851876506
10581,79.721798438368
10582,79.2174820477253
10583,79.6914801988941
10584,79.1336638705649
10585,79.7657953612476
10586,76.1150585753182
10587,77.1095626598801
10588,78.2013952632377
10589,79.682433661277
10590,76.8329892351922
10591,80.2369990367327
10592,78.5104937770661
10593,78.0431019975769
10594,79.7457339703433
10595,77.1952267969556
10596,77.786126353536
10597,76.8447475877903
10598,80.1535613098987
10599,79.8688198473622
10600,76.156242590659
10601,78.6815583697524
10602,77.8219919580125
10603,79.4915736040779
10604,80.4484759888099
10605,78.2488596345232
10606,81.5075840955445
10607,78.4332188445915
10608,75.4811551166823
10609,80.4475050670607
10610,80.5804239956632
10611,77.4226219938992
10612,79.4123020091203
10613,79.1593123809095
10614,79.5386392113103
10615,75.3417126644341
10616,77.0774241561804
10617,78.770043521291
10618,78.0672428935586
10619,79.6447168561625
10620,77.448644152073
10621,79.5944943282007
10622,80.4479199934285
10623,75.3134885008079
10624,80.2842535909639
10625,80.5415307905147
10626,76.1102563086013
10627,80.9623821123382
10628,81.7172892341401
10629,78.7967202016009
10630,76.8416657430184
10631,80.9366634223688
10632,78.8460059096603
10633,80.6527771449618
10634,79.0685797891246
10635,77.6590286427518
10636,79.3288667231028
10637,79.0692119814046
10638,80.1725723813166
10639,79.495410726475
10640,78.2346455163997
10641,77.1400929048649
10642,75.198305557199
10643,77.4367216257269
10644,72.6000575087184
10645,74.067710069574
10646,73.3138396398449
10647,75.2662735206063
10648,76.8685746126343
10649,70.8949000373719
10650,71.4156785510005
10651,72.875294539595
10652,72.3464087022463
10653,74.7316466750078
10654,73.1122038910395
10655,77.4867871539512
10656,78.3461869848649
10657,79.2515033028986
10658,77.8324130240819
10659,79.0766702371782
10660,76.8726843197677
10661,78.1711209570287
10662,77.9272944232093
10663,78.7294160751419
10664,76.1947635483136
10665,77.3530709820477
10666,77.8159190386937
10667,76.2197480125614
10668,78.1373473848666
10669,77.0891792200765
10670,76.8145553599354
10671,77.6789343700592
10672,77.8272155522938
10673,78.4652175658592
10674,77.2805722729813
10675,77.264586432772
10676,79.2920645358735
10677,78.7040924413053
10678,78.6015998241522
10679,76.9348033778979
10680,80.1371638403754
10681,75.8907636543914
10682,79.6790570175945
10683,76.0523017511027
10684,80.0839934581951
10685,79.4619629717121
10686,77.5793768920519
10687,68.9575553252908
10688,71.794896933589
10689,66.2035252092912
10690,72.3750996206242
10691,79.4666946874085
10692,78.3484356397357
10693,75.9942834793331
10694,78.8567523124334
10695,78.214689968745
10696,78.3974453594408
10697,77.1471142121212
10698,78.775337263638
10699,75.1517317341273
10700,77.0813908412812
10701,78.4691744381328
10702,76.7966370606723
10703,77.2036162137226
10704,79.3357837957064
10705,75.4763578316123
10706,76.6341588089867
10707,81.005597390402
10708,78.1727805158654
10709,79.8811769420828
10710,83.3078703056575
10711,78.9775219715042
10712,73.8917357206793
10713,77.051495897624
10714,76.1798489240549
10715,75.7824377292815
10716,72.4616797448187
10717,75.3202754838739
10718,79.3592184218901
10719,79.4539244958974
10720,76.9040414439077
10721,78.9429324193912
10722,76.1252892223831
10723,78.4863605074922
10724,75.3432197848219
10725,75.4518312066813
10726,77.8740717647046
10727,76.8914307076137
10728,79.8028404457189
10729,77.4203617499687
10730,77.0631886199632
10731,78.4395692331296
10732,76.7022767255291
10733,76.9054476991573
10734,80.064318489854
10735,78.4185138666238
10736,80.4806899669791
10737,77.8710633334187
10738,78.7419935392547
10739,76.8935041361931
10740,76.3298691696457
10741,80.3686241273425
10742,81.5665489469272
10743,79.2311771779917
10744,78.4295827980646
10745,81.6867523301001
10746,79.848770953579
10747,77.8377533041235
10748,77.1501067140035
10749,76.0882871162073
10750,77.1519832408566
10751,77.7742160144731
10752,75.6964730763725
10753,76.0511386249536
10754,75.942526649334
10755,74.907675069202
10756,65.7835437986463
10757,72.7059689168802
10758,72.2848292912913
10759,74.3316383737347
10760,75.8613861390258
10761,78.2823755247244
10762,78.3300194534798
10763,78.9623501546369
10764,75.9942834793332
10765,78.0288816903127
10766,73.5688891911432
10767,75.8180082020493
10768,74.5656452714553
10769,77.4728126173663
10770,74.0573014050469
10771,79.8381072032475
10772,79.8518941632221
10773,80.7624829340021
10774,78.0041333309484
10775,74.9048361600299
10776,78.9614658304231
10777,81.3901080310081
10778,79.479351694523
10779,80.2867599931456
10780,82.6551669887933
10781,79.6332506539098
10782,76.3695239133793
10783,76.6041449917914
10784,78.9723096117161
10785,78.2599254333713
10786,78.3439553264883
10787,78.3731970832969
10788,79.5477937037702
10789,79.5308577240714
10790,80.8876132566287
10791,78.8685656873606
10792,79.7647763670356
10793,81.6476171398884
10794,80.7241644795137
10795,79.7369306038987
10796,80.6046901677648
10797,78.7813001976598
10798,78.3130208844703
10799,79.780694426995
10800,78.7954893049877
10801,76.8054591480614
10802,79.5914509756461
10803,79.2620196958243
10804,76.2823898222701
10805,80.7731006949606
10806,78.7373864482698
10807,81.4235226744267
10808,77.9188028414175
10809,80.756980361836
10810,79.8605341621119
10811,79.5272086646751
10812,78.9456493271222
10813,77.960277838125
10814,78.2601417571877
10815,76.7219906522203
10816,77.6355857213617
10817,79.2597181274908
10818,80.1313560500561
10819,77.8714416216562
10820,77.7821359469435
10821,79.3326738925206
10822,76.7240184425837
10823,78.1362160195879
10824,78.8179007540393
10825,78.3285625263148
10826,74.0519977727358
10827,74.7926101142136
10828,79.1267193459811
10829,77.9947029538141
10830,77.8687978142575
10831,80.4493862743929
10832,78.29852075206
10833,76.9892207683512
10834,78.2741894499005
10835,77.3368404864165
10836,71.9429662117433
10837,75.32565230475
10838,73.8287950825897
10839,74.9339748053713
10840,74.6754684233299
10841,71.2079876021667
10842,66.218195286593
10843,71.8007590244824
10844,72.9367094525848
10845,79.1886490889603
10846,76.6146715608546
10847,77.6431938071638
10848,73.7631872211855
10849,72.1662942172179
10850,72.6761387895929
10851,76.3639779501807
10852,74.7009302558988
10853,76.7456657670617
10854,81.3105429035202
10855,79.3227058546489
10856,80.2091634894529
10857,75.501095614699
10858,76.767962886147
10859,74.7444450830436
10860,81.2504762042227
10861,77.5468568911476
10862,76.1005111323088
10863,73.9022752601018
10864,74.6760233590533
10865,72.5488485168603
10866,76.8646441511987
10867,79.1743004447685
10868,77.7842030730436
10869,77.3655599964576
10870,76.756091581062
10871,78.3119940144832
10872,72.3351894537736
10873,71.6054510896116
10874,72.6806025567765
10875,74.2123862225833
10876,73.4657905266449
10877,73.5446875132024
10878,75.752884677127
10879,78.0521328439756
10880,77.9993450190976
10881,76.9286421760923
10882,76.9389729760353
10883,76.9559351656779
10884,80.5797660157629
10885,76.6740258701287
10886,78.723284366235
10887,70.9848983353717
10888,75.9506254285125
10889,77.8632663913445
10890,76.4741126867597
10891,76.3627376603259
10892,78.8098497802531
10893,74.9217226675426
10894,73.4053888018023
10895,75.6872264830947
10896,78.5882046885925
10897,79.2843066002611
10898,75.7289721091252
10899,72.6935843990602
10900,79.5295953230129
10901,76.392007653949
10902,77.0833691409682
10903,78.7430945356018
10904,80.4030462958346
10905,80.9290353217654
10906,79.5605996100148
10907,80.3510101578
10908,79.3160734790121
10909,77.466900662853
10910,81.1013275394477
10911,78.0530697846652
10912,76.4471120740843
10913,78.3790523326447
10914,77.362415992654
10915,75.5375368231917
10916,75.2074187012238
10917,76.6997210883906
10918,75.2230289505927
10919,76.5008741335121
10920,79.1643565165954
10921,81.3239674957585
10922,77.4610749505572
10923,78.1887782072278
10924,76.801586765949
10925,77.9970561736625
10926,79.6804004234929
10927,77.1042237672805
10928,74.4040493535647
10929,77.0707121539832
10930,72.4455270215165
10931,77.787313274044
10932,77.1187207968723
10933,78.1954725501747
10934,74.838875112565
10935,71.7917110644813
10936,77.5740088577303
10937,73.2492924953187
10938,70.8063167739138
10939,70.3986545375294
10940,72.8923834749643
10941,72.1462502734496
10942,70.9119679769941
10943,71.7236993021107
10944,75.1509283978883
10945,75.7960348172832
10946,74.597231043974
10947,73.7109381897819
10948,74.7792360647364
10949,75.5619827962352
10950,76.2025913555615
10951,75.622560727367
10952,73.2316043127161
10953,74.2985853475882
10954,72.1638440194931
10955,71.6584459357011
10956,71.3308657850685
10957,71.7461368604789
10958,73.5248529744702
10959,71.2748420081465
10960,72.1942287653057
10961,71.3269805617902
10962,65.0959231344723
10963,69.1263352676482
10964,73.0187435261716
10965,70.8621701883857
10966,77.0270826982073
10967,75.5572145031838
10968,79.799639567067
10969,79.112335109174
10970,76.9510044240682
10971,78.0139063466525
10972,72.8997511011072
10973,78.1067086533016
10974,76.3281077272137
10975,78.0583662260132
10976,76.4088642744071
10977,78.4667358282881
10978,76.539374559233
10979,79.8982157767874
10980,78.6270152458177
10981,77.4657505654128
10982,77.1901507441572
10983,72.1006044070646
10984,76.6002924263148
10985,76.1820463386871
10986,74.1582582586469
10987,72.3334236433626
10988,72.0067769150771
10989,78.1547156201271
10990,77.0639813472104
10991,73.3765786493756
10992,73.4715893059649
10993,76.7842368130325
10994,79.8420197891257
10995,78.9855213012549
10996,79.8854012018232
10997,78.3528776849065
10998,79.8115975416503
10999,77.7532304994917
11000,79.911480696052
11001,77.5816747543789
11002,76.1456378306415
11003,76.8200712596678
11004,75.359514994962
11005,76.6145128956921
11006,77.7261675445453
11007,77.4813537083585
11008,76.4413963135373
11009,76.6856055934236
11010,75.6823965314297
11011,74.0528161300961
11012,79.1802662701617
11013,76.5973130755671
11014,79.3827492094538
11015,77.9316663766821
11016,78.0159107594843
11017,76.2872473431199
11018,79.2020064799519
11019,75.5737861354521
11020,75.5767617840521
11021,71.6056291422018
11022,70.3372032892156
11023,70.5034499106214
11024,77.664126751422
11025,77.7488595878473
11026,77.9769147360948
11027,78.7101184294779
11028,79.7034427153105
11029,78.9409136545563
11030,78.4218541213846
11031,79.8841504875576
11032,79.1598826363408
11033,79.479163222317
11034,77.7611539157991
11035,78.9132868380909
11036,79.3174179099785
11037,76.2779991149991
11038,80.65521921276
11039,80.9678295911729
11040,79.0323586904888
11041,79.4476155483923
11042,79.501521391863
11043,77.5963181328801
11044,77.4752241670104
11045,77.2589779581393
11046,78.5006983565811
11047,78.9668472319331
11048,79.3173047167288
11049,76.4557710804692
11050,80.7646638065667
11051,78.7590259315213
11052,81.0960157106455
11053,79.9496829788085
11054,78.0205735798646
11055,78.5414381442508
11056,73.6390568239432
11057,72.3987484476462
11058,73.3684299722918
11059,74.9313358474823
11060,76.4956604291804
11061,75.856210635373
11062,75.9683855784464
11063,75.3021285687682
11064,77.0714462534145
11065,76.4606363012298
11066,77.5120678798323
11067,75.8344005880014
11068,77.8296913048053
11069,76.88393872285
11070,76.1129638137817
11071,76.6042180995292
11072,80.4381811508565
11073,74.4961251488888
11074,72.6619836427789
11075,77.8040541168311
11076,76.1685986916377
11077,78.5435190804796
11078,78.1181787156059
11079,76.017269727816
11080,80.7940513183539
11081,80.5187138890853
11082,79.6385259163784
11083,80.4948316469068
11084,77.8150307422576
11085,80.4613891824571
11086,78.6622247546698
11087,77.1148981043976
11088,78.3886904647682
11089,82.3200569148559
11090,81.0995084122825
11091,78.038070114994
11092,81.8696301515091
11093,77.9407669600318
11094,78.964483504128
11095,80.6588797629792
11096,77.6585897707446
11097,76.0231381169539
11098,74.922481482633
11099,77.9927628106236
11100,79.0936228729194
11101,77.2983120537735
11102,79.9315351853095
11103,77.2363984803431
11104,79.0607268589888
11105,78.0762536836684
11106,78.6701242647469
11107,80.6098247719917
11108,78.0214767957995
11109,78.3685713257696
11110,76.6424837818962
11111,72.1874447038358
11112,78.3614297780198
11113,80.0080198168798
11114,78.0571060971317
11115,77.1477748896165
11116,75.0187607052031
11117,77.1859553839094
11118,78.299961996912
11119,76.6291880607663
11120,76.2804702667535
11121,77.7290256759366
11122,75.0584295722544
11123,76.994075682252
11124,76.8105400199281
11125,77.4132204288734
11126,74.7383370449938
11127,80.9805546066422
11128,76.5352579135333
11129,74.3647358996207
11130,79.5405718519732
11131,77.7750421890653
11132,78.7120724581193
11133,77.4864728150952
11134,81.7906543845152
11135,77.5748710312216
11136,78.8467689963861
11137,77.5004458162238
11138,82.4271999451785
11139,76.4852709417765
11140,77.5184957146797
11141,77.4364978210729
11142,82.0296200244283
11143,77.3399519974969
11144,78.6598758979691
11145,69.1210709193676
11146,74.2380289162289
11147,82.8246703757012
11148,71.6969024999796
11149,79.6682137095563
11150,80.560500755648
11151,80.4710993175161
11152,77.6321079200753
11153,74.2320979184861
11154,75.6673972699857
11155,77.0328335621126
11156,74.5988918484338
11157,79.4990551411852
11158,81.4208060747823
11159,73.5363374461587
11160,77.1253968008826
11161,79.0002141509516
11162,78.5375278790854
11163,78.4242025813111
11164,81.2839938182855
11165,76.800910383991
11166,73.2125415667044
11167,74.1809466931384
11168,76.3333711313351
11169,75.3352926945104
11170,68.8634843010095
11171,73.3228400590326
11172,76.6367270356901
11173,78.3913676971349
11174,78.2063445563011
11175,78.1459938432554
11176,76.7995420269331
11177,77.3089321724534
11178,75.096716403521
11179,79.1573329530631
11180,76.8141304411798
11181,78.260141757188
11182,74.7822107764453
11183,76.4977691871615
11184,77.2075687693554
11185,77.5238765528614
11186,78.0689007880471
11187,76.2521859247298
11188,78.5165649803632
11189,71.2403409686476
11190,73.7262586327322
11191,73.9615716685204
11192,74.8487224618231
11193,77.8911098784704
11194,71.5459334782852
11195,75.7289517071731
11196,72.0745851007334
11197,73.8240388562953
11198,80.1920879690506
11199,76.2855692978648
11200,77.0339158028261
11201,78.4220110030382
11202,74.1693640007698
11203,71.8845101589166
11204,77.6614957505977
11205,76.3732853101413
11206,78.4178547939192
11207,75.4894745122566
11208,79.7683167196085
11209,75.4826178209495
11210,76.9282079923085
11211,78.8534658903901
11212,80.1778677423297
11213,78.1122646757552
11214,79.1023515765841
11215,78.089335486673
11216,78.9883496393469
11217,76.0040617285538
11218,76.2960635589769
11219,75.9549680446893
11220,74.6989806663556
11221,79.9612883562351
11222,78.2246253198062
11223,77.5851201577407
11224,78.0818028357696
11225,79.0467556639472
11226,76.0885692118584
11227,77.0108612978696
11228,78.9914943414759
11229,79.9227887473349
11230,77.3603693373751
11231,77.0176907915719
11232,76.8654151295515
11233,76.5602081785035
11234,74.7831652258787
11235,73.3242529215184
11236,75.0058138552454
11237,76.904238674967
11238,79.1079731525164
11239,77.7264253286669
11240,79.7841124919006
11241,76.5730307008938
11242,77.9457905936443
11243,76.4770275675652
11244,76.4141622243677
11245,76.7756303467047
11246,80.3928049308664
11247,76.550983878547
11248,78.989676281365
11249,70.7202444465249
11250,77.9009363250075
11251,78.7237586915403
11252,77.6546276977717
11253,78.2710041687272
11254,78.2071284276806
11255,79.3107829050532
11256,75.8452785184962
11257,77.6846676216983
11258,78.0142921435352
11259,77.3530434004411
11260,77.8805623570598
11261,77.8534686252555
11262,77.9881397036241
11263,76.2353851986215
11264,78.0408542826821
11265,78.3740160935147
11266,76.4318696665538
11267,78.4987055967353
11268,77.7331105744551
11269,73.589315463326
11270,76.4981055008835
11271,74.6365501583378
11272,78.614855094824
11273,79.4779358954001
11274,79.6448998541787
11275,77.9611053213442
11276,70.9362645612948
11277,70.5276951691753
11278,77.8507861656391
11279,71.6792721053866
11280,72.482364660014
11281,76.6159492075076
11282,76.6412460288732
11283,80.1226780737321
11284,77.7517142684583
11285,74.7588799316997
11286,76.6791519731868
11287,75.5721797757991
11288,78.7136471117601
11289,80.3064627260632
11290,74.6701218113486
11291,76.4993117901551
11292,73.5287260452437
11293,76.9132851261453
11294,78.4048275629675
11295,73.4627017976233
11296,74.3413179145674
11297,70.2245251890384
11298,72.1530145582263
11299,73.7793322024021
11300,79.2449935191157
11301,80.6175080845978
11302,78.5433017196025
11303,78.3630986103383
11304,78.5757690261091
11305,77.5736088445286
11306,81.198392441925
11307,79.021002235587
11308,77.7055760643569
11309,79.1324622617017
11310,77.8488039901171
11311,78.5557358703585
11312,77.4777375455704
11313,76.2765653305283
11314,79.6060308212769
11315,80.2813115220624
11316,77.8812075419103
11317,79.1221894232492
11318,76.9264050367071
11319,73.0508920570757
11320,76.6772181948402
11321,78.9817344141938
11322,78.1788462906684
11323,77.4118262583946
11324,79.6803834358543
11325,78.2892929012945
11326,76.5902522091771
11327,79.6446076215736
11328,74.1557679058299
11329,74.3674955914292
11330,78.5642703584139
11331,72.7936238559509
11332,76.0892180305258
11333,76.3762099679871
11334,78.492021808967
11335,78.6412397483282
11336,77.2206959121818
11337,75.8014365691417
11338,79.1462725030025
11339,75.8382240129002
11340,76.5180772158534
11341,78.4123472091153
11342,78.1335510935599
11343,79.3284503096333
11344,80.2064317305343
11345,71.4981096366247
11346,75.9726962948204
11347,75.7840221183782
11348,71.6108740935622
11349,71.4258901803415
11350,72.1323046850421
11351,73.8843409378534
11352,75.3889880468058
11353,75.4702915887091
11354,72.2542957017907
11355,76.3994373509865
11356,75.2561439498404
11357,75.4534241973554
11358,76.9710853806539
11359,77.9940757432615
11360,77.6803822848439
11361,77.4251384242074
11362,75.5959123854648
11363,80.0129688051159
11364,76.0899646689969
11365,78.3230257664632
11366,74.5610788880612
11367,74.9355363834779
11368,75.9587566418352
11369,78.4901260784859
11370,77.8151059569573
11371,78.194891236754
11372,79.0776688736574
11373,76.907930367433
11374,77.3483549871467
11375,76.6131320686525
11376,76.431376255144
11377,75.8444684340202
11378,77.1015205452914
11379,81.2634936426339
11380,76.9008626494839
11381,76.6255392443824
11382,74.5127507673118
11383,78.7393149970092
11384,78.9322161521383
11385,77.7529480447656
11386,76.5226343285897
11387,77.0263916367596
11388,77.3305724129253
11389,74.0589774290983
11390,77.5416337725443
11391,77.3509643134686
11392,73.1263728254835
11393,70.5329360515537
11394,77.3257752350783
11395,78.2991346255072
11396,76.0822935958439
11397,77.4286115041355
11398,81.9623205027775
11399,77.4233407288475
11400,77.7525554338204
11401,77.48973485643
11402,77.459967088815
11403,75.8836890536122
11404,78.420488247257
11405,77.2598045379452
11406,77.0330061455346
11407,76.7769815203993
11408,78.196214936117
11409,77.4568234995779
11410,77.7891892039439
11411,77.6022028506617
11412,80.3591740535144
11413,75.2890056697293
11414,75.6010415356751
11415,77.0947665601473
11416,77.8604032673699
11417,78.0172709398072
11418,75.4128674837779
11419,78.0339857913812
11420,76.8754095500801
11421,72.360685891474
11422,76.8282072908662
11423,77.0620031601548
11424,76.2769638725956
11425,79.9291690225313
11426,77.1485174674523
11427,77.5472437860735
11428,77.0768029956587
11429,78.0079113250268
11430,78.2479359064935
11431,70.2216415071752
11432,76.0049929732732
11433,75.9380347226728
11434,78.4521208719337
11435,77.794314634297
11436,76.2638913463648
11437,77.2519639915634
11438,77.267262455845
11439,75.6768385440765
11440,74.4682688683883
11441,72.7028303863189
11442,73.2263661645162
11443,76.8535624926221
11444,72.4854360205928
11445,72.8322767573229
11446,75.1044882141492
11447,81.2081673702605
11448,79.7599581182129
11449,80.0424217056718
11450,78.0198159163107
11451,73.2137634665343
11452,69.3530527937943
11453,73.9057368321725
11454,77.6402625713013
11455,78.2144801798619
11456,75.1076308063797
11457,76.5766712263596
11458,77.6091370822571
11459,78.5063323785254
11460,79.6180247420017
11461,78.9696951300381
11462,77.2292319089685
11463,77.8987307086527
11464,78.8384938550285
11465,79.4359820520404
11466,80.9650320989179
11467,77.5679235548066
11468,80.5737567676774
11469,79.1145160930253
11470,79.4106046353258
11471,80.2006132704983
11472,79.3893782120774
11473,77.2558319785036
11474,80.1201147489912
11475,79.9721880461003
11476,78.6785247285841
11477,78.3883501088857
11478,79.8336120002174
11479,78.74953072611
11480,80.3939865910248
11481,78.7462965813722
11482,76.7691492700286
11483,80.2090075120551
11484,79.561689141363
11485,79.2538171024603
11486,78.4134406723505
11487,80.6704660325727
11488,78.4742841943253
11489,76.5589536883123
11490,75.6482663615297
11491,79.2787451748756
11492,77.4682219200358
11493,78.3652436597658
11494,78.2159051793034
11495,81.0304943196107
11496,78.006665636293
11497,80.3898892945679
11498,79.6422810706706
11499,79.9803458723029
11500,79.3606201376879
11501,83.1418603024203
11502,79.29960657418
11503,80.8392602834711
11504,79.7592318316215
11505,78.2718810755212
11506,79.2774085885588
11507,79.9394534870971
11508,80.4529488845029
11509,77.3708520590876
11510,76.5494976937794
11511,78.6842407148133
11512,77.6628783602745
11513,78.7582197125946
11514,80.7201388555798
11515,79.5373650873457
11516,78.1928524174971
11517,79.3904122208938
11518,74.586928967325
11519,71.3161539399495
11520,72.593089716515
11521,73.9385398513114
11522,77.2273151500008
11523,83.4770797981616
11524,80.7577556791462
11525,81.4993041357946
11526,79.2033180622423
11527,79.6169500786344
11528,78.2172183810752
11529,76.7963644908659
11530,78.7942687211116
11531,77.7944101488934
11532,79.2832275903902
11533,78.942509534971
11534,76.5108886365322
11535,70.2406916372752
11536,78.0361118527549
11537,77.6782495608859
11538,77.6701553034778
11539,80.3194639443782
11540,77.3712970950083
11541,78.3579335379233
11542,77.1762132916123
11543,77.7948421901727
11544,74.0737862806732
11545,77.6602823054209
11546,78.8260141457182
11547,79.3360037427674
11548,79.7993892056056
11549,80.2425186509344
11550,80.2177348039285
11551,77.8491271227837
11552,80.5417355163033
11553,74.7032680474202
11554,78.3833201804654
11555,79.8244459218069
11556,79.071546917336
11557,78.6113166158263
11558,75.7299576196627
11559,73.7264392058264
11560,77.180669674808
11561,77.5347792596544
11562,76.5980430984703
11563,77.4871559237222
11564,73.2901021603151
11565,68.6607414859328
11566,69.1269270604994
11567,69.2956895978523
11568,74.1269553918967
11569,76.5778268979545
11570,75.0608476523131
11571,76.7732442715595
11572,76.5581004745703
11573,78.0481618209266
11574,76.0494189628715
11575,78.8415211722981
11576,75.7422686833402
11577,75.25615866138
11578,77.082731209273
11579,72.2911602373797
11580,76.1810307642265
11581,72.1803084598055
11582,74.6304201682165
11583,77.0266640557552
11584,75.8093678292307
11585,75.217171958193
11586,77.911850057409
11587,74.9025694183869
11588,77.9152067363619
11589,78.488391028879
11590,78.2979336065711
11591,76.3772134066846
11592,74.8083527072443
11593,77.817192992496
11594,75.7525922633332
11595,77.1920476610543
11596,76.3086334135829
11597,77.5962993209914
11598,77.2418791979967
11599,74.4372943692039
11600,75.73660544824
11601,71.6551972372575
11602,76.0649144941567
11603,76.2318061729403
11604,75.1156659893426
11605,76.722881732153
11606,77.1039271201561
11607,74.173745613112
11608,76.065452576691
11609,76.4802003474849
11610,75.5768181877204
11611,77.076333318366
11612,78.2061959634916
11613,77.127507620406
11614,74.5388356070733
11615,76.1004659249214
11616,75.44802286738
11617,71.3924266731601
11618,75.8851409050625
11619,77.8930112422688
11620,80.1196404512235
11621,77.1733460086943
11622,78.7492710622237
11623,80.0301052039624
11624,76.5540873795956
11625,77.5799978328686
11626,80.0484673321947
11627,78.3822786411342
11628,75.6709955446961
11629,76.4081915677606
11630,80.6145548087277
11631,76.3362010163657
11632,76.227718725177
11633,78.1753310200047
11634,75.9822663074081
11635,81.4650924019695
11636,77.4401836124259
11637,76.4408998075688
11638,76.9449688500648
11639,78.3863537702562
11640,77.2783081388503
11641,75.8690209469062
11642,76.5973842178522
11643,79.9443276574286
11644,81.8153673198909
11645,75.1064490054843
11646,78.7104032219975
11647,77.829966789997
11648,80.250781583939
11649,78.0302883418047
11650,78.7736377655741
11651,79.823135802616
11652,77.659892275632
11653,79.8064152864364
11654,76.8395999675913
11655,80.2284460014896
11656,80.5797763833634
11657,77.1514403212093
11658,77.8045079153395
11659,78.8947870942908
11660,79.0697043122918
11661,76.6313541477176
11662,77.4787121013993
11663,76.9984930823485
11664,77.036395284559
11665,79.8150491801873
11666,77.8788354989405
11667,78.3203597772866
11668,77.7386984438023
11669,79.3194882594552
11670,75.4783010719692
11671,79.6635364443345
11672,76.2310479258875
11673,77.5091073190736
11674,76.8516627383161
11675,80.7619363760473
11676,74.9210806616109
11677,77.7099971845555
11678,79.7216080981928
11679,77.5581231560465
11680,78.7694700324465
11681,74.719047555199
11682,74.2185277804153
11683,78.3033782340402
11684,74.2966689134685
11685,79.262159569763
11686,77.6356863305284
11687,78.232811728955
11688,80.4997970666438
11689,75.948691975471
11690,76.8294005092673
11691,80.2840148680994
11692,78.3652028299583
11693,77.4030975629618
11694,78.9914808974655
11695,75.8890538770011
11696,77.9531401475459
11697,76.4647384885278
11698,73.9732255848641
11699,80.1922074130993
11700,80.2172184899312
11701,77.3714447763894
11702,78.7746487189144
11703,77.9257979997944
11704,77.0810971550243
11705,78.6108927746992
11706,79.2029461218445
11707,79.471858653319
11708,77.2397547093129
11709,76.7403581517552
11710,76.8463608704121
11711,77.8724041927248
11712,79.3182562215659
11713,78.2118833400951
11714,79.3052139075905
11715,77.7626650056674
11716,75.7133619338379
11717,75.4843482079646
11718,72.5679324658212
11719,71.816840102917
11720,74.022611408899
11721,73.7049026165872
11722,64.7151859257203
11723,68.0343423190199
11724,72.6983664802883
11725,75.9456195424217
11726,77.9781393018393
11727,74.5893881242003
11728,78.4181879510588
11729,81.3552729588247
11730,77.2029298611304
11731,77.667839955395
11732,78.8497312043729
11733,77.4576853685336
11734,76.2262415867366
11735,77.7285376069632
11736,78.2254685721172
11737,79.6343265132265
11738,75.9477534099129
11739,74.4057052797622
11740,76.5678636073357
11741,78.7629542911386
11742,76.3421881028264
11743,79.0152031964489
11744,77.3960195397704
11745,74.8063164469691
11746,76.3196040581213
11747,77.1560623171725
11748,72.7320482925658
11749,73.6869672003214
11750,72.6112201419932
11751,72.7994014162595
11752,74.8345236753285
11753,73.823709091746
11754,74.8553464318122
11755,77.5066539083502
11756,77.6172955316885
11757,76.8940670836952
11758,77.1586810625133
11759,76.6394939751472
11760,80.9116063037206
11761,77.7081006589488
11762,76.2099561162406
11763,69.7488906908293
11764,79.4814384764964
11765,79.8994185435182
11766,79.2688620310258
11767,78.9497089476749
11768,77.7574358406203
11769,80.9748003152132
11770,79.9379405145358
11771,80.796776624424
11772,78.7984564747128
11773,79.7582836649569
11774,80.1418852707914
11775,76.6778687082617
11776,80.2480222643343
11777,78.4898097264914
11778,81.7936659507381
11779,79.2253006219675
11780,79.2714828422729
11781,75.0215398568097
11782,79.271498901964
11783,77.536548352133
11784,78.1449527310173
11785,74.4434237418299
11786,75.0029284395071
11787,78.2776344352967
11788,74.7452082114282
11789,75.7272704427643
11790,76.3985714016202
11791,78.0822379722879
11792,78.7490133528482
11793,79.346809152528
11794,78.2873138390749
11795,75.5010184603029
11796,79.3641774893711
11797,80.2759587524494
11798,75.5121112231762
11799,78.3097651851469
11800,77.880044526464
11801,75.6142491519848
11802,76.4879531913643
11803,79.2005925469925
11804,77.8154515515666
11805,79.3325430717147
11806,74.7394604537905
11807,77.4042319987121
11808,76.1556627798885
11809,78.7163437506663
11810,76.4236858180548
11811,76.215706635678
11812,74.5995211523673
11813,78.0820792572152
11814,80.1582979541037
11815,78.7691632683604
11816,78.6942367325339
11817,79.0000779231593
11818,77.2627411460692
11819,76.2241163581318
11820,76.3688252847807
11821,79.3724493985432
11822,73.1638880984937
11823,67.9383001515631
11824,78.6009604650727
11825,72.1915666823315
11826,70.3033598434713
11827,73.1372313479291
11828,76.0943731002869
11829,70.1954762863098
11830,70.6396660121285
11831,77.5936943208147
11832,79.2155365847805
11833,75.0377800208186
11834,78.4695446372521
11835,75.0704264665804
11836,75.9040032737192
11837,75.069042775348
11838,78.4000017499503
11839,75.9865329322017
11840,77.2539475763694
11841,76.009721532154
11842,76.5860874223252
11843,78.0351746136874
11844,79.5120310977071
11845,82.6786837156347
11846,73.6345714474971
11847,74.6057171904958
11848,75.5779205170023
11849,75.3985754230488
11850,78.4947042151924
11851,76.5277663494902
11852,78.7782603991994
11853,79.6329003661094
11854,76.0100182920111
11855,77.3806748241845
11856,77.5278575216901
11857,77.0269735458841
11858,79.5309614047736
11859,77.4821450130627
11860,75.8486309919414
11861,77.3852067424472
11862,75.589179722379
11863,76.1128191586146
11864,78.6907593903231
11865,78.1679823547632
11866,75.9505733558689
11867,75.3984659123802
11868,72.3041840119043
11869,76.1921508345092
11870,77.6354844572111
11871,79.0716411377345
11872,79.4997261879115
11873,77.5399925311534
11874,81.4498957508167
11875,81.2586615704755
11876,80.7470101454962
11877,81.4555941162368
11878,79.1814530628115
11879,79.9483242750757
11880,81.4773869961695
11881,81.7464547461908
11882,80.1396669976961
11883,78.9382250274414
11884,76.9419273153332
11885,77.1411180121783
11886,79.5931246766614
11887,80.3238087413803
11888,78.4393328720008
11889,79.0081026698311
11890,81.0019352253587
11891,80.1840114804148
11892,80.3488870221083
11893,82.684570481227
11894,79.7767577743058
11895,80.1694412027402
11896,81.471011537227
11897,72.9137124618412
11898,79.6075871899524
11899,77.3941473389645
11900,76.4729162959769
11901,79.4693627970216
11902,79.5898498218795
11903,77.7338605348691
11904,77.8355464855626
11905,76.761419341509
11906,74.4185605290656
11907,75.5690804372869
11908,72.5497110050293
11909,76.0655575520757
11910,76.5085898425987
11911,76.1504203672919
11912,80.4240167790636
11913,74.7803852718246
11914,70.5213137644496
11915,67.8437087098159
11916,70.1920931500844
11917,72.5472659666637
11918,66.0039166418583
11919,71.717249111236
11920,68.6703147328474
11921,77.3673615443802
11922,73.4895570213475
11923,73.4643512083603
11924,75.134523849822
11925,77.5300853029862
11926,73.2140728642962
11927,75.4515168391678
11928,79.1084574660127
11929,69.2605552883256
11930,69.2221478563624
11931,74.3948770421703
11932,78.3251303874727
11933,76.0988702685066
11934,71.6636995891162
11935,69.2866262968964
11936,75.2625214206996
11937,74.1347134539855
11938,71.3631623646714
11939,71.332518408356
11940,71.3434819113455
11941,70.7415221742243
11942,73.6055679218533
11943,68.2072098572885
11944,68.3983273792923
11945,72.2129391630655
11946,72.3633264965687
11947,73.6331461757311
11948,75.2775102119537
11949,72.417357809378
11950,71.8249521628483
11951,78.8748858002335
11952,80.2786189062358
11953,80.1363575288236
11954,78.8346288469195
11955,80.3789754849462
11956,78.0620138197219
11957,79.757280462141
11958,76.704119818611
11959,77.0997238731541
11960,78.4496109572158
11961,79.5295659250768
11962,81.1341913029117
11963,77.778540736066
11964,77.8727752474853
11965,79.7143172138562
11966,75.3779724085474
11967,78.0883500808259
11968,81.4598117415009
11969,78.6506481950951
11970,78.2926974159467
11971,79.4834808214284
11972,83.1343108084117
11973,77.9582443898005
11974,79.4272310965562
11975,80.3563884224177
11976,78.6677228989751
11977,76.300428391812
11978,78.8859137882794
11979,78.6330731803791
11980,77.0744955622876
11981,77.1366341900574
11982,80.8441298865142
11983,76.5018689009959
11984,77.2209375823879
11985,79.3704425917795
11986,78.7882384426964
11987,78.909281281897
11988,79.7926113207504
11989,80.1170531268735
11990,81.8559854891419
11991,80.3676352169012
11992,77.2186409115242
11993,80.8506784277635
11994,78.9322368995209
11995,80.0097567789184
11996,79.7432897664232
11997,78.6149078883732
11998,77.6419465306372
11999,78.4469978818248
12000,78.1921895403456
12001,76.7821981266497
12002,76.2860642056602
12003,81.3096072814872
12004,80.2367708142681
12005,78.8575275476993
12006,78.938105421667
12007,79.3538774319885
12008,79.0245855633196
12009,77.0420096756385
12010,81.0346122475263
12011,77.8330718857061
12012,80.0509367298478
12013,79.6341183194437
12014,82.0663479808895
12015,77.0045545547749
12016,79.2194813899205
12017,79.1414945509242
12018,77.1093463707478
12019,77.3618669107556
12020,76.9964101590518
12021,79.1189843755038
12022,77.9165681888866
12023,75.2938405193795
12024,77.7285878979787
12025,79.2190259517043
12026,72.1941514084944
12027,69.6138609957679
12028,71.7195306243149
12029,73.9953912495392
12030,79.6025851292759
12031,76.3664798332235
12032,73.180672175201
12033,76.7518785963697
12034,73.1354355500496
12035,72.7664941389722
12036,66.6935207114905
12037,69.5043183100319
12038,73.0039916478123
12039,77.1033612740521
12040,77.8288177921049
12041,73.4769359328791
12042,78.8167605771663
12043,77.452157387132
12044,76.1331396866092
12045,78.394063612042
12046,75.4406550620852
12047,75.7667817134977
12048,77.1025168036339
12049,77.7414838167358
12050,77.2513314512049
12051,78.52807710979
12052,78.6066111184433
12053,77.097388831742
12054,78.2656644511237
12055,77.9945605069135
12056,76.5628654150039
12057,74.920866182572
12058,78.7384258431321
12059,80.8665850768708
12060,78.8286510156856
12061,77.9799724351463
12062,76.7453379362998
12063,74.5390102368989
12064,73.6185428037453
12065,79.1780268695371
12066,74.3675389750854
12067,69.8035665292713
12068,73.5613685727355
12069,75.6358195164574
12070,76.6629875990553
12071,79.0472945488874
12072,79.1343448602205
12073,77.0096268023559
12074,78.9867397295248
12075,78.9722006937417
12076,76.5789853746662
12077,77.8339393135744
12078,80.1592720296587
12079,80.2703415445013
12080,77.5724279899608
12081,77.3144000441106
12082,79.5227700316658
12083,79.4339845131892
12084,79.9696733978055
12085,74.887295110462
12086,74.9935713078341
12087,75.8215823696389
12088,77.1968807273785
12089,79.4197629460269
12090,76.3694093274995
12091,78.4274962550945
12092,78.9072248508825
12093,78.1916005662919
12094,76.7240518654023
12095,79.3593434710909
12096,76.2077541583462
12097,76.2626932568186
12098,76.8340774629357
12099,78.8243628553213
12100,75.6517686218829
12101,78.7880848259317
12102,76.2451938073978
12103,75.4126098601545
12104,75.1222100566175
12105,78.0448023421828
12106,77.4034302326672
12107,74.1570747719092
12108,73.035984847351
12109,77.0259629852268
12110,78.4355941812116
12111,78.6995106259566
12112,78.9303672144667
12113,80.1427905146028
12114,75.3735774077783
12115,73.726303659419
12116,74.9286056389778
12117,73.3624004013421
12118,74.8653649120139
12119,74.9327706730054
12120,76.5156524074299
12121,81.0819797452979
12122,76.8409295798257
12123,74.2319883242253
12124,77.1006324804825
12125,77.2761671605728
12126,75.1455380441119
12127,76.8537028898291
12128,77.6222177980897
12129,77.0205803554693
12130,77.9173860099434
12131,74.8596965304754
12132,77.9569619211341
12133,74.8932316988478
12134,76.2813325661898
12135,71.6551377311467
12136,75.4953029634233
12137,77.696354689703
12138,76.2982996188574
12139,75.5477812290782
12140,71.3375040525952
12141,77.0934660977251
12142,77.6565013160289
12143,79.6095279185629
12144,76.1361119919177
12145,76.7576745762269
12146,78.960598199602
12147,78.5221690072253
12148,77.1203389326391
12149,77.7603580968303
12150,77.2410046101845
12151,78.2599504814851
12152,74.9140070806549
12153,77.6429839550512
12154,75.6785559504571
12155,77.0974301452741
12156,77.1921073513731
12157,79.6752571827623
12158,81.9066997350799
12159,80.2087477028127
12160,78.3559408278469
12161,80.9759536398963
12162,78.0634746806694
12163,78.3743711131591
12164,79.8604641489003
12165,78.6625084269006
12166,79.1072257100561
12167,80.0930414546629
12168,79.9283049968112
12169,76.8681128811676
12170,76.1152248821035
12171,75.0959460366731
12172,76.5341785175009
12173,75.9287395929319
12174,74.8711866743948
12175,79.5594710718622
12176,77.1340246976318
12177,77.8925958807621
12178,81.1980562570004
12179,77.6433460195092
12180,77.0376745804771
12181,78.6484363053595
12182,78.6901971472417
12183,79.7765877667337
12184,76.2077900837298
12185,79.2151679123662
12186,76.3948006608335
12187,77.3300925871483
12188,79.0614786139888
12189,79.9724550626848
12190,74.589451723002
12191,77.6209221202562
12192,76.7076027720257
12193,79.2264360087025
12194,75.7908699819857
12195,76.6842962813537
12196,82.2678542618435
12197,80.061479771772
12198,79.0929774201329
12199,78.2162300676808
12200,79.8499947865768
12201,77.5590902921996
12202,77.2470588847174
12203,79.468927173876
12204,79.1092771662578
12205,79.2390014729829
12206,79.243193062907
12207,82.455389258005
12208,77.6300645580243
12209,73.3314363679101
12210,75.8681384950031
12211,77.9084837249353
12212,77.9501613135473
12213,81.4845456066237
12214,78.2653082881022
12215,77.9769147360944
12216,74.769500004543
12217,77.7418282914348
12218,78.4353050081249
12219,80.0167235306783
12220,78.7177733779806
12221,77.0399770970137
12222,76.9669623644902
12223,78.9313996043904
12224,73.8027824051288
12225,78.2959919473394
12226,79.5140160349818
12227,75.2170057576162
12228,78.5618407044536
12229,78.8331534112971
12230,79.0698434991156
12231,79.132605912409
12232,78.2871053413479
12233,78.45728838612
12234,81.4788113373409
12235,79.4075493697374
12236,78.1221859926578
12237,80.2953264585661
12238,76.4676214622967
12239,77.9137854122702
12240,78.0418872843828
12241,77.5901353648408
12242,79.1544946555547
12243,72.7748170275121
12244,76.4110362139085
12245,79.253196847193
12246,79.8738042387681
12247,75.584784854734
12248,74.7224924467109
12249,73.5736039560638
12250,73.9889385789852
12251,73.3965483364321
12252,77.919054845015
12253,74.5007727065233
12254,74.8752338402884
12255,75.4967154110581
12256,76.0161245187761
12257,74.9891095814745
12258,77.1824869405897
12259,78.2082864530497
12260,77.7500951101239
12261,76.3727396516635
12262,74.6553026863521
12263,78.0924998961049
12264,78.5265110909302
12265,76.7035879476048
12266,78.918666800656
12267,75.7680942513109
12268,76.2164823097554
12269,77.4397404049325
12270,79.0953904209451
12271,77.8331075318037
12272,77.5068098337575
12273,77.6736033881722
12274,75.0361163804698
12275,74.4328356871596
12276,73.7892532675939
12277,73.1691084501732
12278,75.9452297075845
12279,69.5703259558323
12280,65.3574707655808
12281,67.7445875491087
12282,72.6665615595101
12283,78.4390986360812
12284,78.7792601123463
12285,73.7048759449668
12286,77.8643347111435
12287,78.1731894580234
12288,74.7376702525105
12289,76.4085299236123
12290,75.6932864153396
12291,76.8151730235176
12292,80.2480092052513
12293,79.2492479781467
12294,78.5054374472082
12295,80.2731608836519
12296,77.3913351392125
12297,80.0672216969863
12298,78.7280240770338
12299,78.7809184234626
12300,79.1659149445882
12301,79.4494757180369
12302,78.0846550365683
12303,72.5455463104628
12304,77.6450697100091
12305,76.9240765568505
12306,71.9832941846148
12307,74.5864456083989
12308,77.2972664014018
12309,75.5957620574707
12310,78.0735035042794
12311,75.0927615103166
12312,75.9006146892294
12313,75.3176634349213
12314,75.2425164783682
12315,70.2050495638298
12316,68.7593402173463
12317,66.3348199399417
12318,69.6807223738911
12319,73.0625351625178
12320,68.2999758358848
12321,68.3958863902224
12322,72.9014130359886
12323,78.2524472306665
12324,76.8892662430235
12325,78.2826893172422
12326,74.228794027033
12327,72.8582614264103
12328,78.8436033651986
12329,74.6177857400218
12330,77.4915757542514
12331,75.7969689837967
12332,74.8528601056394
12333,74.3703200501592
12334,75.1715789364788
12335,73.5928264101702
12336,77.0107312817325
12337,73.6417325157673
12338,76.3647251729274
12339,74.1686533074773
12340,71.4596466561908
12341,75.6536483250683
12342,70.5024817254217
12343,74.6239125144606
12344,71.4355803638397
12345,70.7734898313075
12346,67.3213578075157
12347,65.0269738736723
12348,64.5626110176318
12349,65.9268312564998
12350,70.0538799739809
12351,66.1579101785563
12352,64.4455026628637
12353,68.9822530956494
12354,69.6198051082742
12355,77.2183952581115
12356,77.6330223107228
12357,74.2906925510179
12358,72.3342761597881
12359,74.4386627696783
12360,76.5952019111106
12361,81.0447022868371
12362,77.216602208489
12363,78.8433489710292
12364,79.1982409750215
12365,77.4487360631192
12366,80.1194975004757
12367,76.1735112750956
12368,75.7313869069941
12369,75.3943018278367
12370,74.394697314912
12371,70.8825251212712
12372,75.5849723509953
12373,76.6191159976229
12374,74.160165050828
12375,73.0556983003591
12376,74.1774232223638
12377,75.9399786458087
12378,74.9003787125744
12379,75.2280525762836
12380,73.8899619140919
12381,73.4924866809085
12382,72.5006818789886
12383,73.8519314279372
12384,71.8092415255575
12385,76.5133139890896
12386,75.5173111932099
12387,75.3191132800953
12388,76.9019923570667
12389,70.0822789497712
12390,75.6741232793112
12391,77.3737120936283
12392,75.8838577482098
12393,74.7716639087591
12394,75.22464990948
12395,78.3978438503764
12396,74.4967524529952
12397,76.0964931476771
12398,75.8887935680582
12399,76.3513827365118
12400,77.4422511148643
12401,76.2511785400103
12402,80.2283626489336
12403,76.7693568798416
12404,73.1079036991821
12405,72.1566293986089
12406,71.9404097690583
12407,73.9414087699872
12408,71.5430157814098
12409,71.2027695104156
12410,72.6632049284848
12411,73.3398851411345
12412,73.1382974198485
12413,73.4728999750441
12414,76.7062004521786
12415,72.5602565187183
12416,70.8066769717046
12417,66.8231315446733
12418,70.6471288844846
12419,68.8969259476081
12420,72.5727061291242
12421,73.1482154242328
12422,69.5883930771975
12423,73.3161146092954
12424,70.7226657106322
12425,73.4338463807121
12426,68.4583851780741
12427,72.8318517645499
12428,71.9466229332308
12429,71.5208733390032
12430,73.4943190993808
12431,70.6018396201852
12432,69.9051592310951
12433,71.3449126778206
12434,75.507469695256
12435,72.8613520381558
12436,72.4079906343177
12437,72.5437227651805
12438,73.6104052507292
12439,74.7113764364311
12440,71.1657747331574
12441,76.7686501422629
12442,73.7024621159372
12443,75.499223848917
12444,74.9094196176364
12445,70.6546890687724
12446,73.3722783691608
12447,74.7705408241093
12448,75.6828623795047
12449,72.9435248382115
12450,73.3418258801163
12451,70.5005413779562
12452,74.3113049535858
12453,74.8667303729596
12454,73.8991016934535
12455,71.2820162869094
12456,77.0749274410786
12457,74.6599416514478
12458,77.935423300859
12459,79.1569396379242
12460,71.6107604135278
12461,75.0221304014968
12462,72.2388777390309
12463,75.2328539920761
12464,79.051087261751
12465,75.6334946261578
12466,74.3972041923004
12467,68.198824038262
12468,69.3579695217379
12469,72.2866813711622
12470,75.455038764264
12471,73.0677538922266
12472,77.2243761105666
12473,69.1968745151982
12474,68.0173239270422
12475,73.6273207965105
12476,76.0906007855614
12477,73.0690664343613
12478,72.0796897484186
12479,75.4999343368423
12480,76.9187291659146
12481,78.1723396955201
12482,77.2650333356467
12483,76.0014498927468
12484,69.4209611921885
12485,73.4477653807252
12486,76.1451085898165
12487,78.5593131290262
12488,79.9107085843536
12489,78.0941020905415
12490,79.6084576332968
12491,79.5003960410172
12492,77.0474974051985
12493,66.588867403225
12494,76.4055765236297
12495,79.2828724974809
12496,77.6375483039762
12497,79.0901861489314
12498,74.8959992029453
12499,76.8970810064841
12500,71.8928144636473
12501,79.0833375957069
12502,76.9608846398574
12503,77.0342652904889
12504,76.6644612882559
12505,74.2214657749354
12506,75.7768956692306
12507,79.0607841301862
12508,79.7137036040127
12509,77.2690222361105
12510,76.6459563584347
12511,77.3431314020428
12512,78.1682682749536
12513,79.2613805080608
12514,78.3297607031828
12515,76.4144913945186
12516,79.9356222304564
12517,81.2882242051141
12518,81.3154349696741
12519,77.0457632077868
12520,78.9583429313658
12521,82.0128703054247
12522,78.8621423663716
12523,75.0311325740793
12524,83.3568900130348
12525,81.4603025210125
12526,79.9507612448511
12527,81.3502110330217
12528,78.037973778405
12529,79.1165005055488
12530,80.6548629243819
12531,81.4209084230885
12532,79.2123805013338
12533,78.6575063372559
12534,78.3031256023635
12535,79.9662964416307
12536,79.7326994055758
12537,75.723294671621
12538,79.8008556015226
12539,76.1155165028153
12540,75.7573724924055
12541,78.9758643706137
12542,73.5594285796171
12543,72.671369999511
12544,79.7225420969345
12545,77.9271769327601
12546,76.2109866204138
12547,77.8536882277212
12548,73.868533251797
12549,76.9182585756556
12550,80.5840902310492
12551,78.4351237485675
12552,77.2479165601857
12553,78.5653419564309
12554,78.306626367005
12555,75.4516217563602
12556,77.6937630462673
12557,79.5011193384179
12558,79.015481064535
12559,77.4342112369753
12560,78.7819640679473
12561,77.8517804042203
12562,77.9730546284476
12563,77.1996166693514
12564,74.6960423600835
12565,68.8968835023763
12566,75.0479164412617
12567,76.1098158205408
12568,75.7707018700858
12569,75.3830146975285
12570,79.0297326015503
12571,76.2755260042812
12572,74.1749383107599
12573,81.1002936298247
12574,78.2171448866906
12575,78.1384685973884
12576,75.5974462773264
12577,75.1289529206072
12578,76.1966826925262
12579,76.2350531166925
12580,75.3335021429908
12581,76.2865043030211
12582,76.7329560967863
12583,78.5066037629928
12584,76.6145433508359
12585,76.8213374759703
12586,74.9609586126335
12587,75.3283552713026
12588,77.5392084272919
12589,74.4684042192271
12590,74.2804572064676
12591,78.8361981304068
12592,75.3691281178463
12593,75.1422071202335
12594,76.1492354706891
12595,73.8748586023768
12596,74.8698909878012
12597,75.276508079337
12598,78.1041039737421
12599,78.0142921435353
12600,75.7399083723077
12601,76.5550502978606
12602,77.4774626953392
12603,77.6372676487454
12604,75.6359419087347
12605,75.659417994345
12606,76.364382122654
12607,76.5084455774206
12608,78.5597174880726
12609,75.5491103342298
12610,76.6508464184432
12611,80.5392534221186
12612,75.1755695913955
12613,69.3886463604613
12614,70.5840399558999
12615,76.5069713312799
12616,74.1432399783836
12617,74.8720935914729
12618,79.0872994475657
12619,77.0773723346281
12620,74.0576323223813
12621,76.411196108894
12622,77.6438766220346
12623,78.3984144771089
12624,79.0270969698784
12625,70.5541237046213
12626,67.8147891157632
12627,74.3761272179602
12628,74.2439494852588
12629,76.9359940017018
12630,75.4405901162164
12631,79.9562408188177
12632,78.7678762147543
12633,77.7348449995617
12634,79.0176954611219
12635,70.0036925586654
12636,78.8325475547829
12637,79.6798570149176
12638,77.6770009976806
12639,74.4504283499866
12640,78.7141377152246
12641,76.8869733748897
12642,79.1138341647013
12643,79.1946067173582
12644,77.8207971924216
12645,79.2455813950468
12646,79.1044687135479
12647,80.2285027066854
12648,78.091449937923
12649,80.047919879721
12650,76.2566704786797
12651,75.5943416449788
12652,78.0008593941552
12653,75.2786373712544
12654,80.8705701531319
12655,83.9018567394375
12656,76.1999179122121
12657,70.9089664644146
12658,75.7927226220484
12659,75.6942333130156
12660,76.3472166139999
12661,77.4970918491909
12662,72.1992548289203
12663,77.9933844696846
12664,77.6147616433315
12665,77.350451104732
12666,76.9257818175697
12667,72.8644468199546
12668,71.7910681368844
12669,75.417757439875
12670,76.920039539714
12671,73.3079814825095
12672,75.4570329663804
12673,78.6665603742788
12674,75.8775207511336
12675,76.7916632809184
12676,78.9281577361684
12677,75.8096091981679
12678,74.4447107415027
12679,74.4391258666597
12680,73.9479228981745
12681,75.4420732819173
12682,76.6364076323601
12683,78.8292654902158
12684,76.0671866472451
12685,76.9322200486338
12686,79.282712623112
12687,70.6630498268883
12688,75.7167362552938
12689,73.113670888513
12690,69.6602343281515
12691,73.3075022894214
12692,71.7524374716074
12693,73.2110364418342
12694,78.4537157767834
12695,81.5048542666682
12696,79.0724269445312
12697,79.8631566125916
12698,76.8266179848818
12699,78.7162958228149
12700,81.2044849300005
12701,81.906404727416
12702,80.703619658502
12703,79.2534159748683
12704,80.3317971520827
12705,77.5266671448535
12706,82.5613951733925
12707,78.9675375677033
12708,80.2312572199476
12709,78.0814827893182
12710,79.9104661871829
12711,78.5951010911965
12712,80.1303318757692
12713,80.2424240846491
12714,78.3648372540917
12715,76.9842434711505
12716,79.0703723172163
12717,77.1965026190673
12718,75.6117341728727
12719,73.7739178183992
12720,79.0140957099045
12721,80.4039830122928
12722,76.2371610708965
12723,79.3314261568453
12724,72.6205499750387
12725,78.4719166597374
12726,77.8053778791526
12727,78.3790401231523
12728,76.5350500795722
12729,71.3820888188062
12730,79.9992361588571
12731,79.1459672172889
12732,78.7848610677775
12733,77.1793519941015
12734,76.7326310040566
12735,79.3427798876481
12736,77.8027550646045
12737,81.2556560485293
12738,78.1731894580235
12739,81.3161649889947
12740,81.8759972182212
12741,77.0959137650735
12742,76.4773861978684
12743,77.6484026988605
12744,77.0474969234138
12745,78.9460468673191
12746,79.2726479638275
12747,76.1936132597055
12748,76.4292252088741
12749,77.0286459314737
12750,79.5215872311549
12751,79.6456982048856
12752,80.3036581321978
12753,77.1035567370662
12754,75.7513605026026
12755,76.7233194615078
12756,79.0914860905731
12757,74.8064262089656
12758,79.2272249128043
12759,77.4580779932635
12760,78.1369678075144
12761,75.7512045005275
12762,71.7470703799255
12763,77.6153112058948
12764,76.227718725177
12765,75.4452043675397
12766,78.1035189794269
12767,77.8755182411359
12768,80.8085629429127
12769,77.0325313675193
12770,78.7059398385818
12771,78.0473582490144
12772,79.075243883503
12773,78.5864217390141
12774,78.0612266079838
12775,78.7277518477892
12776,75.3238613340464
12777,78.4479506791616
12778,82.9475224114901
12779,78.6363013996303
12780,79.8457153927279
12781,80.0754675260442
12782,78.3900196655773
12783,79.7401302944558
12784,78.8409576116281
12785,77.5552978771491
12786,81.5696384292087
12787,79.137759253263
12788,79.0590152156785
12789,77.5651488413633
12790,81.3782923669721
12791,78.7231531107738
12792,79.4427077942593
12793,79.5115396977992
12794,73.2797808176543
12795,77.505046102367
12796,77.0130721155527
12797,78.2556805368414
12798,77.3598762105781
12799,79.8308322337185
12800,77.8325678673754
12801,71.5612278850016
12802,70.7669719182077
12803,73.2108757509204
12804,75.9323912932745
12805,74.2429134142254
12806,74.2055623146783
12807,76.8492569732394
12808,77.2038898023566
12809,73.7250765798943
12810,75.8026985756264
12811,71.2884169236659
12812,77.4939210348204
12813,77.1645824197882
12814,76.4541715275973
12815,78.1811419422522
12816,78.5500173744263
12817,75.4433388220862
12818,72.91357423326
12819,74.9333121533458
12820,70.9636082081331
12821,75.1526656888215
12822,73.4680659337758
12823,75.7059807558168
12824,77.2484572004149
12825,76.8720716322204
12826,77.6948070591181
12827,76.1783660155319
12828,79.3664788497638
12829,80.7651988322375
12830,82.0788794408469
12831,81.2002016017051
12832,82.7999265443057
12833,82.6077635434983
12834,76.774710124191
12835,79.7781588902276
12836,80.008543505677
12837,78.5882246657293
12838,77.3057339856881
12839,80.6247819348808
12840,79.3551593539044
12841,75.0029398852649
12842,81.6577443848049
12843,78.1448824236324
12844,82.6314570366708
12845,81.5313085342883
12846,80.9466117450821
12847,81.438386930883
12848,78.6586491559088
12849,79.6519742345575
12850,80.3966750362445
12851,80.3914225825648
12852,80.1760069521125
12853,80.8916093170189
12854,81.9402458538999
12855,78.1293991738841
12856,79.9145171326813
12857,81.3833151319261
12858,80.1064691598016
12859,78.4230550961215
12860,79.4955463330593
12861,77.3667565773842
12862,81.3887733508197
12863,77.5782904387739
12864,80.9095084853846
12865,83.4477544483029
12866,80.1258398515233
12867,80.8176518903299
12868,77.8717871892695
12869,79.9093100950927
12870,82.5690765059531
12871,80.3121424033396
12872,78.2408032993711
12873,80.9947113792252
12874,79.4230655103628
12875,79.7988223598838
12876,77.9899331257933
12877,76.4180726468949
12878,74.0482817606002
12879,79.2569930933475
12880,69.8162363244995
12881,74.2108554594918
12882,78.4342173075822
12883,77.6499215107797
12884,79.1707684285491
12885,76.7719967354288
12886,79.5103024594125
12887,78.7768628384538
12888,80.6275928950241
12889,78.84508434884
12890,77.700088310378
12891,78.3829830955448
12892,75.8128111237058
12893,73.2423211244603
12894,73.8078070011063
12895,74.9376277279023
12896,77.3285187721818
12897,77.0795920800883
12898,76.562113874479
12899,77.1531060862007
12900,79.2008796547728
12901,78.253927581061
12902,77.0291232890122
12903,79.3314803670132
12904,77.6600776776822
12905,80.0320009027928
12906,81.358329488926
12907,76.7453379362994
12908,78.2905644623625
12909,80.0880948870061
12910,79.052736124733
12911,76.2331405613729
12912,79.7121044075129
12913,79.013429857782
12914,78.2387428338427
12915,73.2487667757837
12916,75.7879591446135
12917,77.9449793144327
12918,74.1090239100453
12919,79.9037027369872
12920,81.2570948706097
12921,80.0984199018159
12922,77.1818591345261
12923,80.0764790733521
12924,77.7550673864507
12925,79.8811995033503
12926,82.74969424726
12927,77.2071802080368
12928,72.4449627137933
12929,73.703662071933
12930,77.5953636341137
12931,75.3336896976759
12932,78.6740888565853
12933,75.8426066118964
12934,76.2512190869577
12935,76.0563882999194
12936,79.3855217818307
12937,78.2266722627713
12938,73.0402961654004
12939,77.8751553254419
12940,77.7140289316576
12941,75.3329847907361
12942,79.4934798789076
12943,78.8576904181549
12944,77.5138992308676
12945,79.4547643657475
12946,76.0332385681672
12947,76.9357977182497
12948,79.0018190418245
12949,79.4069303225235
12950,77.2077146727153
12951,79.807023044182
12952,80.6553331408066
12953,79.7878701255846
12954,77.9439639374823
12955,71.0697612007461
12956,64.7681558313137
12957,71.3479383325125
12958,76.8095916172256
12959,77.8680615507042
12960,81.0421911285069
12961,76.8542491963917
12962,76.179562490944
12963,78.4483228802036
12964,76.4623265573283
12965,76.3241236827483
12966,75.8044799669935
12967,79.3570789498119
12968,79.2478916859377
12969,77.6141591688856
12970,76.5434662904904
12971,77.336978984718
12972,78.6247962559994
12973,82.2873009919152
12974,78.0249049724536
12975,78.1887782072277
12976,78.8203392117823
12977,80.7867898443579
12978,78.9090977248466
12979,79.812467395748
12980,76.5632500318627
12981,80.0170180072444
12982,78.6375627536022
12983,77.2779229514589
12984,75.5957115803691
12985,78.7712410953552
12986,77.1730646288594
12987,76.9912517287875
12988,76.4113022291685
12989,74.499892526267
12990,77.540293833449
12991,79.7400387006402
12992,78.2651455283527
12993,79.0954952960714
12994,80.3656488340309
12995,77.6882824712058
12996,77.7414838167356
12997,76.3927146173212
12998,78.2448507873085
12999,75.1023683559412
13000,73.6246839054401
13001,76.6785238999558
13002,78.590282518478
13003,73.3607963105859
13004,77.9961844169517
13005,76.7010765011678
13006,70.4947938245089
13007,79.8003824400968
13008,78.4511837233576
13009,80.6998816035995
13010,75.6015721154761
13011,76.6472482072772
13012,77.4001316796662
13013,80.9540203447944
13014,80.9813961548747
13015,80.5153897596173
13016,76.8629080377856
13017,78.1282318074439
13018,81.6182389071433
13019,79.5946546036691
13020,77.814652454693
13021,76.9578365252448
13022,79.1128825194715
13023,79.203047793069
13024,77.8014287338891
13025,78.3491791742024
13026,77.0316212734555
13027,77.1928880643902
13028,79.8934342374266
13029,79.3065067870633
13030,81.2272181635961
13031,80.0633731788097
13032,75.9775182038215
13033,78.0708590249315
13034,80.1242391607339
13035,77.2732314417244
13036,76.9805866678059
13037,77.4422113090532
13038,76.1090814059967
13039,79.8629263362635
13040,80.4212115467782
13041,78.8109750894894
13042,81.118106275791
13043,78.7272070975965
13044,76.5498976272119
13045,80.7556048673722
13046,78.3514593211648
13047,77.364145424482
13048,78.3711335344488
13049,77.5122615288347
13050,80.4643615189721
13051,76.9059862319375
13052,80.9841135453163
13053,77.524997989753
13054,78.3718239569565
13055,77.1391701197192
13056,81.1318085155652
13057,80.8767666611751
13058,75.7014187771721
13059,80.4854524113795
13060,75.18429568503
13061,77.8299028896299
13062,76.625627610958
13063,76.4806970834005
13064,76.8234585092678
13065,77.1668640754675
13066,77.762709933276
13067,77.5333698568634
13068,79.0069942746667
13069,75.4892258423729
13070,79.2897699360603
13071,77.7660351037857
13072,77.6069153380836
13073,76.1943073303804
13074,78.4221693128395
13075,77.9089050458445
13076,79.066592890795
13077,78.911766932455
13078,79.1536486770016
13079,77.7882475149393
13080,74.7231950591904
13081,76.3118875118721
13082,76.4992103416532
13083,79.1092183930194
13084,80.6027667846982
13085,78.7765013912176
13086,76.2899910709057
13087,78.0508589265142
13088,76.6249868513249
13089,77.6984805379612
13090,79.0839676360778
13091,74.6773877160385
13092,78.8099663099864
13093,78.1890121356655
13094,78.4648097650525
13095,76.2568214698085
13096,77.6899201298768
13097,77.585828446514
13098,77.8176458652588
13099,79.2793295948556
13100,76.3989659913797
13101,74.0108901910494
13102,75.4864073314091
13103,78.3235049955795
13104,77.6015730086561
13105,71.9603884150206
13106,75.1563003020615
13107,78.0617163821684
13108,77.5585334344522
13109,78.2859004131801
13110,78.1966246988106
13111,78.2984216406386
13112,76.0879085172459
13113,78.3237186800548
13114,78.3420425156546
13115,78.2960087256213
13116,73.5813957133772
13117,76.8190140111066
13118,74.2011002146868
13119,75.2028392384255
13120,75.5391168984791
13121,75.6499470564463
13122,77.6770430219333
13123,75.3315541978963
13124,78.3803029852025
13125,75.9889352629542
13126,75.4889859299063
13127,78.908917238293
13128,74.7320184038629
13129,77.6589531532991
13130,76.1826193258956
13131,79.4401552980136
13132,76.8893477923369
13133,76.0912007515919
13134,75.6108536375778
13135,75.2179114417274
13136,73.4862700584095
13137,75.9923464994823
13138,76.7291512053129
13139,77.0336628266623
13140,78.5436627691386
13141,73.7050232104979
13142,72.1957670008767
13143,73.4651350825656
13144,74.7533190767238
13145,73.7534153041141
13146,64.4513532485255
13147,73.2991673611163
13148,74.5526717888361
13149,64.261040966156
13150,72.8886984034038
13151,79.0150923074651
13152,73.4716671236862
13153,78.957384340306
13154,74.9393695449896
13155,72.8491004408857
13156,77.7979448401384
13157,78.6067350118495
13158,78.2706426218777
13159,77.3048914391724
13160,78.9593421842303
13161,77.6829923392574
13162,78.1403629774417
13163,76.6106837507987
13164,77.988353234389
13165,77.3715441894853
13166,79.7329150382354
13167,80.1426732774317
13168,78.6983026225054
13169,78.1165269918411
13170,76.8214910843417
13171,74.3654166218612
13172,75.2824574189229
13173,79.8960543251906
13174,78.1240215209744
13175,80.6301838616762
13176,79.459500587838
13177,78.1762571208972
13178,75.0184092734054
13179,76.3343532493503
13180,72.2234063318381
13181,77.5622614092744
13182,76.5941551786131
13183,76.1122346047824
13184,76.9268692509615
13185,78.0060294496104
13186,79.5981195352948
13187,76.5388227620643
13188,76.2157685239258
13189,77.262284867319
13190,78.1631450619927
13191,80.2618672970643
13192,77.8892899093522
13193,78.0374210339191
13194,75.8169377312126
13195,77.3855331450842
13196,77.4798361161447
13197,77.3311550930371
13198,77.5750145225477
13199,77.6299513518688
13200,79.0619573767987
13201,78.6229277761782
13202,79.1597029958694
13203,76.1936509293383
13204,77.4883252824835
13205,79.2372010147812
13206,79.5328732933442
13207,76.5267260496747
13208,76.0786211371068
13209,77.2121723467915
13210,76.619214456279
13211,80.4515211764778
13212,78.8139402523368
13213,79.8828247161801
13214,77.914563223042
13215,73.7522565414156
13216,72.9685305923942
13217,78.3138272455512
13218,77.1496226587447
13219,78.0269942198313
13220,81.8291886435129
13221,75.9113525427146
13222,77.4510685781221
13223,79.7542789995659
13224,77.4822198903759
13225,71.0474897451892
13226,77.1910065585414
13227,81.5712645822744
13228,80.6537475458658
13229,78.6860264178202
13230,81.3395583375009
13231,79.0360584951306
13232,78.3863498120757
13233,79.2708915344812
13234,80.8468910072823
13235,79.1320350291713
13236,79.1509624506952
13237,79.1426917963248
13238,80.1062868413632
13239,77.5858441997844
13240,77.7873633851771
13241,77.0081015778425
13242,79.7856079134602
13243,78.695155901064
13244,78.1528669771832
13245,79.0951047619246
13246,78.1172672665989
13247,78.9087967367153
13248,77.399411370566
13249,77.8171929924964
13250,77.3210797461736
13251,78.7446905315724
13252,77.0839366289708
13253,79.6990937224693
13254,76.6855860596776
13255,77.4388568419591
13256,75.5958123500144
13257,76.0058300353377
13258,77.0363358485816
13259,77.8361442330029
13260,73.2287423718391
13261,77.9561314426103
13262,74.7966434903286
13263,76.8864064925157
13264,77.0290579110091
13265,77.2021101008582
13266,77.1833515282393
13267,77.4753473099716
13268,72.1433865460356
13269,72.2104744571512
13270,77.5160302248698
13271,74.0706759180763
13272,73.1256518871609
13273,74.0940802509797
13274,76.5418232806931
13275,79.0021463201039
13276,77.1995423012415
13277,82.886566542757
13278,78.3870213694478
13279,78.9993442017076
13280,78.3790155944712
13281,80.2986336659926
13282,77.8248791789707
13283,77.8334336525821
13284,74.9775946739192
13285,79.2023815521162
13286,76.7699852449804
13287,79.846509346377
13288,80.3858677023514
13289,78.1686436683302
13290,80.1565388612779
13291,79.6712902989848
13292,80.3144734840713
13293,83.5074347908404
13294,77.2159200028009
13295,78.0524973428375
13296,77.3270162700558
13297,78.0159590611975
13298,79.4250791807319
13299,76.5843870860676
13300,76.0931628264216
13301,77.379676557007
13302,75.6575249331092
13303,76.3915112641507
13304,77.9840347612154
13305,78.8437510922731
13306,78.0050403802149
13307,76.6578770130506
13308,76.793869448055
13309,75.5819534952456
13310,79.5091495226362
13311,76.8519151625407
13312,75.5556796428946
13313,78.6439467606154
13314,77.7356747696996
13315,79.608126800449
13316,82.7277807826258
13317,73.4002772051724
13318,77.2512673077675
13319,74.9490910226652
13320,79.6818256187602
13321,80.8016239487699
13322,76.1348178723808
13323,75.2228257485987
13324,78.3776168337009
13325,77.7270338000655
13326,76.0398458259271
13327,72.8662205697411
13328,76.9504897913195
13329,76.5488319668497
13330,76.0198838455473
13331,77.217229316858
13332,78.4456195025205
13333,76.4480261490343
13334,77.4136756202058
13335,79.3158045248744
13336,79.6563543711838
13337,80.186589145779
13338,80.3066062126471
13339,78.8817736410698
13340,75.4906227436866
13341,75.9958266463087
13342,76.8421694969034
13343,74.8009043099859
13344,77.7785139360649
13345,74.2940098745329
13346,73.8322476151578
13347,77.9917672647123
13348,78.5815936233845
13349,78.4615904122958
13350,77.6732643947283
13351,78.1521867452053
13352,77.4937109418586
13353,77.3903454927923
13354,78.3913676971348
13355,77.8359834368268
13356,78.3903709960848
13357,79.7484366695869
13358,77.2140306886546
13359,81.1189931536874
13360,78.9526992914437
13361,78.8516957732193
13362,78.5915027181723
13363,80.2452248050985
13364,78.0932747270092
13365,80.3121847220325
13366,76.9979850422095
13367,72.8740300756538
13368,77.7279461684716
13369,77.6360348632076
13370,75.499223848917
13371,81.7895113813309
13372,77.7277175303432
13373,79.5041232706156
13374,78.3446607312424
13375,79.4624446866034
13376,79.3185329510861
13377,79.5915978418637
13378,79.3529071797913
13379,74.8008683453866
13380,78.7508645765744
13381,81.6358015390153
13382,79.9899712402851
13383,80.9755705714765
13384,76.7632388723765
13385,76.4816280871575
13386,79.5705029516989
13387,79.7220836930519
13388,79.4751380942504
13389,79.4004175736866
13390,79.2021940495063
13391,81.6557394925101
13392,77.3920094897887
13393,74.6694184891921
13394,76.1693737600413
13395,73.9957496124842
13396,74.4060491962729
13397,74.3007546641128
13398,76.5209553477952
13399,77.1536677035029
13400,77.7796079523514
13401,80.1070851469812
13402,77.0134944060812
13403,77.2034809579022
13404,82.7250171340748
13405,78.6870341897417
13406,80.0732404757886
13407,79.2742233868075
13408,79.1354614591525
13409,76.7031193650372
13410,76.8055571038254
13411,79.823983949416
13412,80.4777904047717
13413,79.1059385269859
13414,75.6670194905113
13415,74.6157759381563
13416,76.1076056331198
13417,80.6887111052527
13418,76.4433295855401
13419,77.1401299277437
13420,74.8763796985031
13421,74.1612082654958
13422,77.9014262175577
13423,78.1255515560672
13424,77.3013150219484
13425,79.7715888566073
13426,76.7901444585474
13427,78.535632246084
13428,75.0272916205911
13429,71.168066367748
13430,72.7119933782817
13431,78.6963596491756
13432,78.3860197914815
13433,77.9973637353664
13434,79.4117882796927
13435,76.6977378896826
13436,77.7316995144546
13437,77.04778341777
13438,75.6334447117794
13439,78.9550012415077
13440,79.1825579421219
13441,79.4957115072386
13442,79.9305474311423
13443,79.0102243787786
13444,77.2623377727451
13445,79.683149808878
13446,78.9098735783094
13447,76.9328156120849
13448,77.446122313872
13449,75.6242325722786
13450,77.5814206554188
13451,77.3310836342132
13452,76.4914218330942
13453,77.4338656182633
13454,80.1366482633821
13455,79.7215073992791
13456,77.2968740227947
13457,73.5013549939699
13458,72.1307674867865
13459,79.1229596381705
13460,80.166981397514
13461,78.0017156187269
13462,80.225625250039
13463,79.1668841580985
13464,79.7319564510343
13465,80.2729492077559
13466,79.7359250696081
13467,80.2059988053387
13468,83.1587201774304
13469,78.92839327985
13470,80.5053188765227
13471,80.5709514019143
13472,79.5716503991576
13473,81.3115925066131
13474,79.4645907572893
13475,75.0493163788338
13476,79.262051994543
13477,80.010621027792
13478,77.1796323068882
13479,73.905643848656
13480,76.6447069282683
13481,75.7405487283023
13482,76.0222723515963
13483,77.7741843455934
13484,77.7844241881623
13485,78.9946315867097
13486,74.7635443143934
13487,74.8602632287777
13488,78.7631897565096
13489,79.7632884319166
13490,76.1852192212014
13491,78.9466703851176
13492,77.7817168284169
13493,73.8177778958851
13494,73.8253360950264
13495,78.1494423392566
13496,76.5330801969593
13497,78.3773684345938
13498,75.660181382821
13499,73.1949357678277
13500,71.5544837331868
13501,70.1992129362244
13502,73.961421114677
13503,71.2273781659665
13504,75.1463165052618
13505,78.5266027390979
13506,78.6252828090649
13507,79.6869209676327
13508,79.3072586574888
13509,78.7729598865288
13510,76.0390925091946
13511,78.0746896315202
13512,80.2093183622584
13513,78.4987917143127
13514,77.1505142125972
13515,77.559644607649
13516,79.4187926931553
13517,76.8201435460272
13518,79.8195169381456
13519,74.1114113044883
13520,77.4078428872692
13521,74.3516810123461
13522,75.6434850730487
13523,80.0285004216534
13524,77.9799734336332
13525,74.6641436290307
13526,76.7882774318937
13527,77.4026957610888
13528,76.104488203201
13529,77.2154179855186
13530,77.2611649699741
13531,79.2131922516477
13532,77.655041756079
13533,78.6628929141723
13534,79.7876864970179
13535,78.9088567841096
13536,73.6512302814918
13537,75.0644492410376
13538,78.1732019126992
13539,79.0388706460113
13540,78.033330393755
13541,76.0355523813885
13542,76.8827720863442
13543,76.3771710477155
13544,75.4524905976152
13545,77.9809955467113
13546,80.1557979303003
13547,75.4878319086138
13548,76.02352953622
13549,74.2850625356387
13550,76.1618544928245
13551,72.7608842342416
13552,73.3472683743582
13553,75.7548515371146
13554,77.0680766263981
13555,78.858536060122
13556,78.8070946461703
13557,79.5300211902759
13558,77.6689404163394
13559,77.8062481850426
13560,76.9561517518873
13561,79.1768103031533
13562,77.3916007262633
13563,77.6163986796263
13564,75.317928664079
13565,76.4124747895784
13566,81.9053209883438
13567,77.9769386897558
13568,77.6590036437049
13569,78.7060150932014
13570,79.194575268215
13571,76.2265724562191
13572,76.4696662308374
13573,75.4845176676199
13574,76.3404738370049
13575,77.05578980497
13576,77.0133947307215
13577,71.9510621488363
13578,75.9079456553117
13579,77.2262468383974
13580,79.2308576834981
13581,74.4857356527663
13582,75.9166188054797
13583,72.1185323865116
13584,71.4631426294227
13585,78.0261111265798
13586,76.7199741289334
13587,78.1623591083192
13588,78.0910629414221
13589,78.1125912738343
13590,81.203907865017
13591,78.5670919272488
13592,82.3761481432854
13593,78.1627330992154
13594,72.7936337853035
13595,77.7209272953608
13596,75.5234668390542
13597,77.4267686571732
13598,77.7455405220056
13599,77.3084360746088
13600,77.0664217608248
13601,79.8255342314625
13602,80.0823548055764
13603,78.0562373230429
13604,80.3290532412283
13605,80.8932087986297
13606,77.5953550746942
13607,78.6919096100033
13608,77.6842646196742
13609,81.0546959553794
13610,78.1025797613609
13611,76.9802352792987
13612,74.3879048121431
13613,75.750160243236
13614,72.4062486108314
13615,79.0178553998377
13616,77.0259629852266
13617,73.9303456661477
13618,76.6901182428004
13619,72.5949565554498
13620,77.2051236130078
13621,75.7184265813586
13622,79.2061961969931
13623,77.1735664119013
13624,75.6492634934897
13625,74.6413039627079
13626,75.8613759052136
13627,75.6920643532338
13628,76.8717544681804
13629,74.8152025277182
13630,71.6081845088874
13631,79.4191596535225
13632,76.2613091226947
13633,78.5975941809174
13634,78.0472931902112
13635,78.7718676727656
13636,76.7598303542606
13637,77.8489650015709
13638,76.1481053008919
13639,78.0734109096176
13640,79.3112043189571
13641,78.581601489285
13642,78.1135531672276
13643,75.6200030448087
13644,76.8123900113928
13645,79.0171682359767
13646,75.4625984658823
13647,71.9763412394165
13648,75.889355124398
13649,77.4083227738835
13650,77.2791840317052
13651,78.0592526835475
13652,79.6760564925179
13653,78.5495244509799
13654,78.1075050672324
13655,79.1714611849659
13656,75.2171775255349
13657,74.24430133605
13658,74.6041277342601
13659,76.701014744964
13660,75.96585643001
13661,77.614286565773
13662,77.0590715213093
13663,78.2277456675915
13664,78.114820778616
13665,74.0351489562672
13666,77.2011642137409
13667,77.7856676163438
13668,79.4335028127253
13669,76.8077227744765
13670,77.0087991988919
13671,74.743136898063
13672,71.9623547575312
13673,78.3903757267473
13674,80.6687686246161
13675,78.7565504446326
13676,77.6296338115432
13677,79.992404903864
13678,78.4634086707377
13679,76.759594974688
13680,76.2856601791719
13681,74.291334319291
13682,75.0488381685624
13683,77.239828085161
13684,78.3245361708726
13685,73.5043054318413
13686,70.3087960598646
13687,74.4464241509306
13688,75.1606042389176
13689,75.1907218707698
13690,76.2512616509516
13691,76.9039855012067
13692,75.3017108468997
13693,76.5261804715314
13694,76.9171739383123
13695,75.2350526531377
13696,77.1915008551461
13697,77.9511527063766
13698,77.7316397418457
13699,77.9840634194078
13700,78.4084176093485
13701,74.6373033272051
13702,76.1796775455059
13703,80.7029687864786
13704,78.5615780889071
13705,75.6468447289325
13706,75.0436830887114
13707,69.7517838082512
13708,74.9334934871804
13709,72.0848058386027
13710,73.4137643969102
13711,74.9267859734869
13712,72.8604893203274
13713,75.0588334733352
13714,76.7317974080042
13715,76.7176754632923
13716,77.0691581560824
13717,75.4303418792665
13718,74.4721969654546
13719,75.1044120610137
13720,76.9239716154203
13721,76.4072758866897
13722,76.082801833431
13723,73.8138184601347
13724,78.125157191764
13725,76.7133724918315
13726,79.8365248993207
13727,76.7205841959024
13728,74.2317275519426
13729,77.29312947148
13730,76.375319213656
13731,77.114628872577
13732,77.3889361930279
13733,78.6755521734709
13734,77.5548532917696
13735,78.8266241557518
13736,78.8577043517236
13737,78.4129563721267
13738,80.1048649770069
13739,76.9973454083284
13740,76.7534658739629
13741,79.1233842651883
13742,78.6766912705418
13743,75.4086514445546
13744,76.7217052082804
13745,75.7176537001443
13746,78.6835635943455
13747,75.7425578302798
13748,77.8516419326861
13749,76.7698463717327
13750,77.4933521078896
13751,75.7413155374555
13752,77.7583811903326
13753,76.8138334121799
13754,74.7769506752669
13755,75.6619336712486
13756,78.6687102932477
13757,75.2163468318412
13758,78.7789101334473
13759,69.4231022028395
13760,78.4690034037754
13761,78.0241748692318
13762,75.8346576283919
13763,76.5453683533567
13764,76.3818213458011
13765,77.4697901696841
13766,78.7843506944238
13767,77.6912966406688
13768,73.8896293509879
13769,76.7831924607475
13770,73.0988882471162
13771,75.3042743162384
13772,77.1010958546103
13773,75.8692786907678
13774,73.8305334551308
13775,75.2199665432375
13776,78.9112623104338
13777,75.4334145967724
13778,75.2507007120237
13779,77.1448853272824
13780,76.2120659832138
13781,76.8145753382031
13782,75.8434148300566
13783,74.3067079023967
13784,74.0503616164835
13785,77.3546464578876
13786,76.029375100883
13787,74.182260459269
13788,72.3406526462773
13789,66.7457712515703
13790,71.1245768759378
13791,71.0687325102144
13792,72.2193783891136
13793,70.2820503545204
13794,75.2595613822148
13795,70.4006439197906
13796,73.5529599701951
13797,69.1144572457298
13798,72.7853526249114
13799,72.718837043418
13800,69.8939617212969
13801,72.3345986277282
13802,65.5295426957015
13803,68.0923100636386
13804,70.6065553068105
13805,71.0329674125237
13806,72.5009035411893
13807,73.8027269043833
13808,74.5406672612999
13809,72.8728673109098
13810,75.4386643689059
13811,74.8225897340576
13812,77.2281446876612
13813,80.1133553711414
13814,76.0385907798888
13815,75.3453583489915
13816,78.0463486025404
13817,75.2856480262207
13818,75.2135957702714
13819,76.3102904832661
13820,74.9773671187186
13821,75.4520082320907
13822,74.2702653197645
13823,77.5628878146977
13824,75.0805471042447
13825,74.2354759416673
13826,75.2120646215723
13827,72.0880274750821
13828,74.5140063239169
13829,75.8542304826337
13830,71.2661613363241
13831,74.5508389830834
13832,71.9924954711677
13833,76.1218165907216
13834,74.0183663101889
13835,73.0577674265214
13836,75.6537416476961
13837,72.5991271226084
13838,73.1041587148034
13839,72.2912510179759
13840,78.5344137607187
13841,78.0762469241178
13842,78.7267480534787
13843,78.5025371472009
13844,77.4484461091851
13845,77.91079140623
13846,80.4427579641809
13847,77.9558370460682
13848,77.973446275817
13849,75.9929654199543
13850,81.4772576245737
13851,80.2310266780137
13852,77.451068578122
13853,80.1418455746045
13854,75.8649499807664
13855,77.8902425407201
13856,72.8056557048793
13857,78.208877724117
13858,76.1329595442451
13859,75.9138081056338
13860,71.5468260858898
13861,74.1167663160464
13862,76.7655819224968
13863,78.9355206266862
13864,79.4089486487013
13865,77.0740317222735
13866,79.5669039108835
13867,67.9217389965935
13868,68.4159579080936
13869,65.9310681181402
13870,69.3727075584953
13871,69.3092392133776
13872,69.294359183105
13873,66.149236041726
13874,68.6708954234683
13875,65.2609746298153
13876,70.8320206787684
13877,74.344442412525
13878,72.3975398473432
13879,79.1987878416321
13880,76.5675959035176
13881,79.1272253363159
13882,77.7105266037725
13883,78.9051265466493
13884,78.3259559425876
13885,76.074848425835
13886,79.3436936455233
13887,77.1020430381105
13888,76.5756796038963
13889,72.7843215499967
13890,72.9172812915919
13891,77.1181835282825
13892,75.7974799035071
13893,76.4871211214681
13894,76.2613661906175
13895,76.3447473319095
13896,78.1091070141201
13897,77.0309820598401
13898,75.2597529726916
13899,80.4486853052912
13900,79.08904129733
13901,75.230644887693
13902,77.5206177843461
13903,81.8826533916135
13904,73.9592161766818
13905,73.8879282033387
13906,75.1584269549194
13907,75.6891646743522
13908,75.6888823788358
13909,72.3711788886206
13910,74.4585576293013
13911,74.29508990774
13912,74.8276077216827
13913,71.7568968025107
13914,73.6162677020899
13915,73.1084826805228
13916,71.9275822676498
13917,77.215585212775
13918,70.0917030190222
13919,69.0453928270326
13920,70.3204555411275
13921,69.8056513016313
13922,68.4549835095019
13923,67.742039398282
13924,68.3239480130245
13925,69.6567480597769
13926,66.4376841579884
13927,71.6087797928866
13928,69.5479888211206
13929,75.5685470317841
13930,73.0841858392714
13931,64.0924061097128
13932,66.9113827822558
13933,67.3261518451372
13934,70.0603807422864
13935,69.7108856464808
13936,74.0031134501813
13937,70.1325362856717
13938,69.4923544970269
13939,69.9662429750118
13940,70.3218857598043
13941,69.8301406401983
13942,73.278661055268
13943,69.6134946566125
13944,69.391581793487
13945,70.3389855046598
13946,78.4566440693152
13947,78.2709792122193
13948,76.5275722289306
13949,79.7315662788005
13950,77.6318321684921
13951,83.0495382928946
13952,80.3497847124636
13953,78.5647184611881
13954,80.6075495347136
13955,78.8729138860994
13956,81.8137017483044
13957,77.5654185047547
13958,81.8754255799317
13959,80.6324852510644
13960,82.8443072924512
13961,80.6289316809854
13962,81.1927096281225
13963,80.2257902091071
13964,75.661933671249
13965,81.2167219959754
13966,80.6915293470119
13967,80.7101274402742
13968,83.0990663392827
13969,80.7615726549653
13970,78.9634440043383
13971,79.6806042487517
13972,80.3039215606508
13973,79.1023572582313
13974,75.4549354609014
13975,77.22868839603
13976,74.1738566068229
13977,77.9115990658103
13978,75.8077663963903
13979,74.7210449497053
13980,79.6526192435882
13981,78.1559233701994
13982,77.9448823976719
13983,75.1993733279674
13984,76.1286731724516
13985,78.1029134279922
13986,68.921872075901
13987,78.6305208045796
13988,74.7350963722903
13989,74.0684286828965
13990,75.1004045285858
13991,77.9842625243377
13992,76.6054526372439
13993,70.1016037360256
13994,69.0691792298103
13995,69.1286711383453
13996,70.6191407523596
13997,74.7868134089106
13998,76.8240209905336
13999,75.4272646831445
14000,74.7658572538558
14001,73.8148300993479
14002,79.1585493214766
14003,76.0225167559375
14004,73.1591457491674
14005,78.6159310186379
14006,80.6017789042662
14007,77.9840253021227
14008,76.9623238293887
14009,76.8874932142951
14010,79.2767281036285
14011,75.0169813046202
14012,76.9478778796694
14013,74.4077377472015
14014,79.4978442389574
14015,77.8535099457278
14016,76.3677994328943
14017,77.9088896942968
14018,75.1449049215009
14019,76.7321113960534
14020,74.9421270249032
14021,74.3066610091305
14022,77.1850086132984
14023,72.3186106024078
14024,71.0792320018581
14025,70.709212089441
14026,77.7686106428898
14027,77.983038509387
14028,74.7225451922158
14029,76.1652935746452
14030,79.0338138980587
14031,79.4553908544299
14032,80.152272988081
14033,79.7416997106526
14034,79.4135433718347
14035,81.1830810484365
14036,78.1183488493189
14037,77.6622661463038
14038,75.6408655813991
14039,78.7108839221866
14040,79.0166477082686
14041,79.3834101201236
14042,72.4708484489589
14043,79.5020392437861
14044,80.0972607314424
14045,76.7925221263382
14046,79.5333014328427
14047,77.9869350665742
14048,73.5371771812491
14049,75.973822012284
14050,79.2468434027321
14051,77.6354717545858
14052,77.6173969499305
14053,80.353710714536
14054,71.9428539130748
14055,75.0672707570266
14056,77.9177608032406
14057,76.2172094519968
14058,74.9227864449189
14059,76.9352001976976
14060,80.3201611967165
14061,80.8549034767615
14062,76.6676165061821
14063,76.5876262763632
14064,79.7928595976587
14065,80.0787773509512
14066,79.7190456270037
14067,78.5785750445402
14068,79.4236036358375
14069,78.1438938117559
14070,80.039321028634
14071,77.5724242088667
14072,75.7742909268734
14073,75.8228451044768
14074,76.4729397947206
14075,77.0757615892545
14076,76.029003334198
14077,79.2430126634403
14078,77.4628939345325
14079,74.7117072769696
14080,76.0145459357644
14081,77.2344333600343
14082,75.7603960445866
14083,75.9643660286716
14084,76.55868463262
14085,77.3920538336249
14086,80.0514381890915
14087,76.1128225862913
14088,73.6904670088666
14089,75.4104284080137
14090,76.0497597017576
14091,74.1467769833084
14092,77.3525418506905
14093,78.568599899703
14094,74.5337179959184
14095,71.535561334848
14096,75.2059210531378
14097,72.1581061680471
14098,79.6435131136752
14099,74.5938624228026
14100,77.4343651880441
14101,78.0620872197871
14102,79.5570241392571
14103,77.7864432110321
14104,77.9588855017453
14105,78.1887060105736
14106,77.0907713235341
14107,78.6140789582103
14108,79.3004827934085
14109,77.2890217984078
14110,77.6449990426706
14111,73.2850218624181
14112,77.2192509245106
14113,77.8981618085928
14114,74.9628628493472
14115,76.653239892953
14116,77.0916160507057
14117,80.8075281854628
14118,79.9737806938443
14119,77.5104016868844
14120,76.6573991500137
14121,80.1287189302531
14122,76.9983097524754
14123,77.5838559174914
14124,80.3936577564748
14125,79.0774750522503
14126,78.8998713340101
14127,78.0026863765202
14128,77.5107691828327
14129,71.4629349464088
14130,73.3702120208465
14131,77.6764568901572
14132,77.703073269836
14133,79.4031475922565
14134,76.6108937283458
14135,77.3035153923012
14136,80.7303390652054
14137,78.3488358899264
14138,79.9968806152675
14139,78.577679505467
14140,77.9383871012732
14141,77.1303116338981
14142,77.7944101488935
14143,76.8215572714422
14144,80.3595153328557
14145,74.8687802983697
14146,75.5336862897688
14147,74.4794764756944
14148,76.647545646643
14149,76.1558309546474
14150,77.8194260385955
14151,79.1181745713993
14152,82.9146677528229
14153,81.0266195554954
14154,78.1744718687153
14155,80.4392559565669
14156,79.1263174056425
14157,81.8982910513711
14158,78.9935162523283
14159,78.2745926094389
14160,80.0167656437662
14161,80.9356032928894
14162,71.02817882228
14163,73.6287553721701
14164,76.0259947049378
14165,76.4745730625951
14166,76.7822673423323
14167,77.0641968608468
14168,79.911335409727
14169,81.1348798591344
14170,78.7082444154548
14171,78.0814531629769
14172,78.6132463588689
14173,78.4940681731438
14174,79.9236673394997
14175,79.3397206661816
14176,77.6628907740495
14177,79.2858535019819
14178,81.2191547305049
14179,82.3770478961942
14180,82.6459089613271
14181,78.653786541858
14182,80.4421069314997
14183,78.2015739060023
14184,81.1485436162267
14185,81.3982627119829
14186,78.0470916492127
14187,78.6788474119494
14188,77.3514646717757
14189,79.3303468049532
14190,77.1195036049379
14191,71.7469530675808
14192,75.1696567566293
14193,79.2737717519151
14194,76.9523201419202
14195,77.547436951103
14196,77.2319465458792
14197,76.1373999986843
14198,74.9760219309262
14199,78.3533711288471
14200,78.4716594829766
14201,79.2881029516277
14202,77.9847151143138
14203,80.1053419861727
14204,82.02212659647
14205,77.5802808348745
14206,77.731750411612
14207,75.3993458057661
14208,76.4196749209033
14209,79.3336371178287
14210,78.8800353624902
14211,76.3112507609247
14212,76.9288642035895
14213,77.0032573243076
14214,74.8656909009011
14215,81.4797081801279
14216,75.9025689760282
14217,80.7957630349052
14218,75.565062449982
14219,82.4755166044828
14220,79.8364395964632
14221,78.9732240841379
14222,78.8511136026004
14223,78.9168386368235
14224,77.9152372955892
14225,80.7202062532529
14226,79.3934455266146
14227,81.9469504389189
14228,78.5111847405218
14229,79.6971435355862
14230,78.454544303539
14231,80.1181584302216
14232,76.5486230053779
14233,77.289076491833
14234,79.5691552779763
14235,81.0774684765455
14236,79.6948592211233
14237,82.4160079564686
14238,80.3460110437384
14239,79.4102598238212
14240,82.0459987198693
14241,77.9059526153781
14242,80.5671894496746
14243,81.7459738950095
14244,81.4256434440481
14245,79.8174089015902
14246,79.106094541046
14247,78.9148322390271
14248,81.5450309633773
14249,80.999244153077
14250,77.0977793755736
14251,75.6665431757261
14252,78.5843384159738
14253,70.7358134525458
14254,76.462508215122
14255,78.8761281660514
14256,79.1421549298593
14257,80.7622095083909
14258,79.7095665783162
14259,76.3732257965546
14260,81.1933764838217
14261,76.7876479569562
14262,78.8476612196188
14263,79.9805888324081
14264,77.4307617622402
14265,79.0169728214608
14266,79.8219115666726
14267,79.5741716291864
14268,78.8783172962468
14269,80.9342417737226
14270,81.358633002117
14271,79.0624867155377
14272,73.8849751112393
14273,78.5707192135849
14274,77.0703397142772
14275,76.2215616904807
14276,75.3664883937245
14277,77.5568747975362
14278,77.0693075071497
14279,79.0917443816336
14280,77.4184400480572
14281,79.0447955159081
14282,79.9855046687777
14283,76.7074586375819
14284,76.7111227792712
14285,73.2829872430499
14286,74.5536689812713
14287,78.989222980012
14288,80.8940294068523
14289,80.4694759046571
14290,78.7836721397437
14291,81.2643020644579
14292,79.9500494932035
14293,80.2259436524022
14294,77.8642633829
14295,77.7280852583597
14296,77.2918898737728
14297,78.7600016848824
14298,79.2183770765797
14299,71.9839845656238
14300,73.9208210128438
14301,73.8786577519659
14302,72.3968145526254
14303,74.8333895689833
14304,78.95778886233
14305,76.0183601009441
14306,77.1062643549724
14307,72.7255476608362
14308,76.5263597522055
14309,77.952765859563
14310,77.0947665601474
14311,79.1473595698772
14312,76.549704916256
14313,76.160303133397
14314,78.1777002032349
14315,80.6766085576604
14316,81.1634095250741
14317,78.971581547253
14318,77.3415145607244
14319,79.0737236450346
14320,79.0172532160669
14321,77.3792892454485
14322,75.1379940530992
14323,79.5994710398016
14324,75.1738634690578
14325,77.2376073001424
14326,74.4165587209363
14327,77.8288487318717
14328,78.6585638490381
14329,75.0961689287287
14330,78.8593256715189
14331,78.4549119562904
14332,76.9203810363814
14333,75.4470573506288
14334,78.438696890141
14335,77.6205642523906
14336,77.6044505719671
14337,77.979975401335
14338,74.3662399525567
14339,76.5742578816286
14340,78.952197387776
14341,77.2437350296986
14342,77.4769729629708
14343,78.5774361401291
14344,76.5352361371171
14345,76.3927400425899
14346,79.2475631312443
14347,78.2556433938493
14348,77.7957581652336
14349,79.4884122692742
14350,79.2196186564531
14351,78.3562805675082
14352,76.5997607128677
14353,78.9547732748002
14354,78.5362440601803
14355,78.5183030147566
14356,77.329969507652
14357,76.5748301815977
14358,78.2676194391663
14359,78.7268603836569
14360,78.325978425613
14361,81.100753032224
14362,78.8655528904297
14363,78.7163437506666
14364,76.5437886756566
14365,74.8981481843627
14366,75.9635347986475
14367,74.5418301434136
14368,74.5107219636328
14369,78.3352357675051
14370,78.8907936239985
14371,79.2439340300976
14372,77.0298799458799
14373,81.0682089523343
14374,79.9199719482912
14375,76.1761191456802
14376,78.4491522969604
14377,77.6964513565439
14378,79.4610585472216
14379,76.2291755252342
14380,77.5243921961141
14381,79.2247209575701
14382,74.7095966240893
14383,71.6908214882241
14384,76.3910936183178
14385,77.5016718947163
14386,74.5017373518426
14387,75.9324706549314
14388,75.3494204827429
14389,80.5926950410221
14390,82.3542648995182
14391,81.6436421132627
14392,81.9286734183348
14393,72.3850186902935
14394,75.0372275987029
14395,77.1071690967544
14396,75.5311772718472
14397,78.6012796671762
14398,77.2439794063377
14399,75.0863558337276
14400,76.2485789461853
14401,73.2086075940223
14402,74.1601790972538
14403,75.2897429714777
14404,74.0203405630098
14405,77.2130660207693
14406,74.398069456461
14407,73.672641241979
14408,74.0220787911336
14409,74.4348841658602
14410,72.9250711681571
14411,71.8194811107594
14412,75.9362786600778
14413,75.5772957920719
14414,72.1202718141815
14415,72.0442205048998
14416,72.2766770326046
14417,74.2478883647381
14418,72.3998539685201
14419,77.2045771505836
14420,74.1190181771909
14421,74.6206328298376
14422,64.2744295803369
14423,69.1970098482649
14424,74.106802091577
14425,75.3970819698063
14426,75.6250797132631
14427,73.7417610098684
14428,74.2095972663014
14429,74.4268747684212
14430,74.35586943995
14431,75.0044705192547
14432,74.2083221152311
14433,74.2425316771829
14434,74.8682231205641
14435,71.0076400626967
14436,72.0368903343247
14437,71.1586995377311
14438,75.3388693033123
14439,74.229723546496
14440,79.0536428054196
14441,76.4289043866662
14442,77.6309714176207
14443,80.589456980534
14444,79.936582132059
14445,78.8660217265846
14446,77.2276007837552
14447,80.7070705439161
14448,78.4053834926243
14449,78.0621930812749
14450,80.3785497465776
14451,77.5894031983535
14452,78.5870111259353
14453,78.3619620073782
14454,82.2253892279349
14455,78.8261838679122
14456,78.1566738224715
14457,81.545912774518
14458,76.9837667708416
14459,79.4414356430955
14460,78.8051251000263
14461,69.4965585278325
14462,76.0299511682864
14463,75.8963862947339
14464,77.7737398280798
14465,78.2950160457068
14466,79.1953232273416
14467,76.8744966558743
14468,80.2619103056916
14469,80.1095155052788
14470,79.7623668151539
14471,76.0811541747549
14472,73.972472554199
14473,73.0192396377734
14474,77.8503702338871
14475,79.0049007029922
14476,78.5700941546055
14477,79.9163217467025
14478,80.3010014327311
14479,79.3878493871238
14480,79.1618146469004
14481,80.3792458620307
14482,79.2733487775507
14483,80.043703410504
14484,79.9476677628632
14485,78.0272249835255
14486,76.6322037700545
14487,79.3611212071924
14488,77.234661339706
14489,78.8861854573624
14490,76.0517535866699
14491,77.8432924614339
14492,76.475957663004
14493,79.3773148088662
14494,74.3851171677864
14495,80.5511649819894
14496,77.2070351920135
14497,73.1267302399303
14498,72.4970024016076
14499,73.9324511714061
14500,73.0220538512559
14501,76.9426036886168
14502,71.4064221166977
14503,68.8178106588959
14504,72.9847976389117
14505,74.0784286146442
14506,76.9634200393
14507,75.5915461715787
14508,79.9278827797912
14509,79.3455751769967
14510,73.5600529501682
14511,76.7175902584992
14512,75.4011762596834
14513,78.1243252212341
14514,76.4386511733576
14515,75.5916235272476
14516,77.5506319405879
14517,74.0640439091788
14518,71.0185950188559
14519,66.4756259460357
14520,64.7627729838328
14521,79.9100655603236
14522,82.1120590301351
14523,65.9755778861271
14524,69.6451195310573
14525,78.1445607358066
14526,77.6736033881722
14527,78.4163127515703
14528,67.7918991932253
14529,67.518683065709
14530,70.2220074254651
14531,73.4433872596775
14532,69.7436511078531
14533,75.2475211376863
14534,75.5521541592374
14535,74.7719537402045
14536,75.1457830860726
14537,77.2590966702117
14538,76.7540933843853
14539,78.6626078806377
14540,75.4065058987212
14541,77.9115552628284
14542,78.22367523415
14543,77.4249368347948
14544,75.7489668290073
14545,73.4505430575811
14546,77.8538375864471
14547,77.1972451593536
14548,78.3445963911449
14549,75.107878672265
14550,74.7782021659658
14551,77.2220846312757
14552,77.6537314056649
14553,76.5200325283427
14554,73.8231972677252
14555,74.678365358842
14556,76.2033002018993
14557,72.7349485333598
14558,79.5844583033145
14559,78.7880084446668
14560,78.8920306040491
14561,78.57831215725
14562,79.7273591392153
14563,78.9644244140456
14564,76.8341690545027
14565,76.6201345355305
14566,76.2733944038378
14567,78.252520594764
14568,77.8452224771769
14569,75.0728307281159
14570,75.519209498703
14571,78.5472691599971
14572,76.8582535083183
14573,77.5912928983191
14574,79.9299713067822
14575,76.2546631869849
14576,75.8306695558989
14577,74.7132646392942
14578,74.4190383811049
14579,77.8786599342809
14580,75.984015428751
14581,74.5699285318272
14582,73.5137466638233
14583,78.3050620094529
14584,77.8045108755092
14585,77.8796871899399
14586,76.2048565128994
14587,77.6195030267853
14588,78.3457858485967
14589,76.2226532786772
14590,72.704352713129
14591,77.7266640638627
14592,77.2976137465929
14593,80.0943948827161
14594,76.9670453307866
14595,80.626609045271
14596,76.7504875449888
14597,74.1793911498432
14598,78.7598312811815
14599,80.2226960069958
14600,79.5251266380013
14601,77.6743372673043
14602,76.773896396883
14603,78.3913739164135
14604,75.9304208126997
14605,76.958249430643
14606,78.5753991665818
14607,77.3263610498479
14608,76.6940366830842
14609,78.8621770765753
14610,76.9310199209273
14611,74.4601539899716
14612,74.6459879565404
14613,75.9260321928414
14614,77.5602633944038
14615,77.1102296582464
14616,77.6991501266631
14617,79.6637320077736
14618,78.5179770614748
14619,77.5291928858168
14620,77.9903880255431
14621,76.2422714553583
14622,77.8167446923601
14623,74.4892568233095
14624,69.1487462272049
14625,75.7649374104971
14626,75.1452961710536
14627,73.5483896559672
14628,78.2717163037838
14629,74.157489274508
14630,73.924606242764
14631,76.1364650027253
14632,74.7216917396722
14633,75.3739754434229
14634,77.2185713325615
14635,80.4700143515191
14636,76.1860973901127
14637,77.7483424519816
14638,76.0086144338017
14639,74.1868795699812
14640,69.286325904619
14641,71.3496911224064
14642,78.7498209717556
14643,76.4993723670805
14644,78.1582046955857
14645,77.3803921730332
14646,77.4003950635832
14647,76.2681267689759
14648,74.9761542307317
14649,77.8901206763053
14650,76.5761754571326
14651,76.6553003443391
14652,80.5064861845336
14653,79.065408671251
14654,82.6094327569698
14655,78.9423353314812
14656,78.0602426247315
14657,80.7828339501874
14658,76.0972482894977
14659,76.3287914091734
14660,78.6527578769787
14661,77.8730600707148
14662,79.933570142023
14663,77.2329220125749
14664,76.5208204210193
14665,79.6524740333753
14666,75.7648168592524
14667,75.8982641512451
14668,75.5030129957979
14669,73.1800730589192
14670,68.7378009172651
14671,70.6300199936078
14672,73.5352093739968
14673,72.5440038491882
14674,74.5045600384495
14675,75.3492680997202
14676,76.8693306890053
14677,76.8191552757223
14678,75.7982890867592
14679,78.8868878692728
14680,79.1017320695211
14681,78.2377612994137
14682,76.3050350026058
14683,79.1960806597471
14684,78.4297016144758
14685,80.2423827574655
14686,80.447376811079
14687,77.6162342845201
14688,77.1830410259209
14689,76.759533437607
14690,74.5030475823609
14691,79.2579991771639
14692,78.5634718955046
14693,78.034118326067
14694,75.1765296626093
14695,73.7397128226156
14696,78.7090143876133
14697,75.8477295970952
14698,74.6996821733346
14699,77.5535293264111
14700,73.4324205763651
14701,80.8540426597662
14702,76.6182520898465
14703,79.0253329671247
14704,76.733818178911
14705,77.7079662995246
14706,76.613195580942
14707,78.7953089595752
14708,78.5816404222658
14709,73.5403749753746
14710,78.0664564126586
14711,77.307866881718
14712,76.4978671297402
14713,73.6667085530876
14714,72.1046314600175
14715,72.9761891395551
14716,72.9468583955936
14717,75.63675112521
14718,79.3631038768953
14719,79.8506013592439
14720,78.235526138996
14721,79.2956815160188
14722,80.203318291885
14723,78.5870111259355
14724,77.6998553739694
14725,80.5365587444752
14726,79.4285611677504
14727,79.3327386958644
14728,77.2827028996926
14729,79.2865767634311
14730,75.302633344054
14731,77.5285644441744
14732,78.4571833131085
14733,76.6746580940003
14734,76.3890020363724
14735,77.0644395234946
14736,76.7704063419434
14737,75.2755067727988
14738,78.2864513753942
14739,79.153321693145
14740,74.8931211863427
14741,78.184925759847
14742,75.9553056692727
14743,81.0850768689986
14744,78.2232943605412
14745,79.8578311603643
14746,70.5135428211805
14747,74.0965351086796
14748,78.4714066594952
14749,79.3409020401841
14750,76.8697752904857
14751,78.2175767895663
14752,77.9102921899897
14753,75.265346574611
14754,79.8075692685622
14755,79.4745069606175
14756,78.5631342518107
14757,75.0265021880664
14758,81.9515216660685
14759,78.4740807895479
14760,81.9467692175087
14761,76.3195951478169
14762,79.1674766254418
14763,77.5234833216218
14764,77.1109222044937
14765,77.2147428333278
14766,79.5425733414719
14767,78.7419935392548
14768,80.0845625574864
14769,78.236129620383
14770,76.5748594470841
14771,79.90067672167
14772,81.0171478747454
14773,76.5171932484174
14774,77.3776720671821
14775,79.2444326863161
14776,78.747112642903
14777,78.1573021398928
14778,78.8011200700325
14779,78.4436167434884
14780,80.2843884314192
14781,77.8018703063507
14782,77.6310080929622
14783,76.6146187560807
14784,77.5435323291264
14785,77.2136121205403
14786,77.4820882361211
14787,75.2599903622343
14788,76.8829290964761
14789,74.2067347240415
14790,75.1635179279526
14791,77.6810740737042
14792,78.2144445275309
14793,78.3966904556701
14794,77.026863235829
14795,73.9257601572791
14796,75.2572600282409
14797,77.4697471454042
14798,79.6766032946418
14799,78.0163350556666
14800,77.8654825655254
14801,77.5427685033102
14802,77.304694348543
14803,77.4744821010344
14804,79.3902180681047
14805,81.5545486370888
14806,77.5116217968905
14807,78.1619484367837
14808,77.6078716557829
14809,75.810854109495
14810,81.6881577997009
14811,76.5392623461217
14812,77.0636516198451
14813,79.867995647359
14814,76.615777263075
14815,78.2465011163102
14816,77.5115968057605
14817,76.8478072069057
14818,78.4375265159671
14819,77.635663129887
14820,79.3126542482027
14821,77.7738041189991
14822,76.9862259564719
14823,76.0282225114752
14824,78.1566148158228
14825,77.4582259573676
14826,76.2653688975465
14827,77.7253835203422
14828,78.167097638487
14829,78.1758055318776
14830,77.562339295421
14831,75.3367069349291
14832,79.3556337836687
14833,77.0382706414464
14834,77.6340735006459
14835,78.9194651721014
14836,75.7265776214083
14837,79.1992876803595
14838,78.4923373718999
14839,79.4871677293089
14840,79.3467879509829
14841,76.8443912296896
14842,78.4121208079524
14843,74.1853269552956
14844,76.5371624700186
14845,77.6028941406382
14846,71.4038853339546
14847,69.8982724390279
14848,72.9197857588186
14849,74.910140906318
14850,77.8361411638467
14851,79.1707560775018
14852,77.2730909470392
14853,78.1040904224411
14854,76.2743884669595
14855,76.4616676758371
14856,74.8181462012316
14857,72.400628611295
14858,72.4176296698123
14859,78.8552559562203
14860,79.3384593239068
14861,79.2364777953808
14862,77.258014740967
14863,77.4405635334625
14864,77.801870600002
14865,78.8736195078847
14866,80.1061563357031
14867,81.2102740487829
14868,76.4582694412639
14869,78.8627861919505
14870,77.8207111484398
14871,77.7065986851401
14872,80.3543427070611
14873,77.4818256891711
14874,78.5341878303293
14875,76.9421711976136
14876,77.9509637125739
14877,76.0872575174494
14878,80.2701687259164
14879,77.0411592510343
14880,75.2617359136523
14881,74.2730020995371
14882,75.5682013052164
14883,74.968706983158
14884,80.1112467673311
14885,76.2212068033714
14886,75.944281563725
14887,77.531466598577
14888,79.2359323395428
14889,75.7974963836425
14890,79.883422491114
14891,78.6044322740157
14892,77.6319950642766
14893,78.3316622446534
14894,76.0513968447187
14895,72.8203738857446
14896,78.4291951342898
14897,77.8358271571493
14898,76.5938094345626
14899,78.3432719059323
14900,78.823337264033
14901,76.3936371363574
14902,77.760873451497
14903,77.8930045444963
14904,76.1410625067829
14905,76.4710230626237
14906,78.5741586757442
14907,76.1227788444598
14908,77.1226169802957
14909,75.0788267197127
14910,79.0936228729194
14911,75.6391210742261
14912,67.1709501165313
14913,74.1424460408796
14914,77.0256545745497
14915,76.4161441548578
14916,79.3579162146446
14917,73.498779699611
14918,78.1151554949244
14919,75.1255401163875
14920,75.5900606915561
14921,74.0410552824115
14922,70.0392876221094
14923,79.1614225360009
14924,80.0002855264548
14925,77.0593497212531
14926,76.9977365115178
14927,77.7310866635921
14928,77.7378654319689
14929,70.3648681734577
14930,74.4175265246394
14931,74.3010245348146
14932,71.3650081002435
14933,71.1077981835101
14934,75.2933443089878
14935,74.5955070403894
14936,69.9250768269118
14937,67.0058604996934
14938,68.8759905886045
14939,70.716821813748
14940,70.3273959610909
14941,70.5494124810065
14942,68.0902413879882
14943,67.8831568096836
14944,73.6785979322101
14945,70.3664845144732
14946,69.6079869378601
14947,68.4102661501919
14948,70.5663089898289
14949,66.9051094438196
14950,68.1653382209714
14951,66.7822763188987
14952,69.3245698424782
14953,68.4646692959807
14954,67.2722602417117
14955,68.4482596093953
14956,64.8505358220036
14957,67.1657272228853
14958,68.0665305041107
14959,68.5346520243413
14960,65.8988379392222
14961,68.1707332797766
14962,69.3073377583901
14963,67.4410595563305
14964,68.2959958647008
14965,69.2069994105361
14966,69.8401951375136
14967,68.9967713731044
14968,65.5270043930821
14969,70.0068056754038
14970,66.2666935265141
14971,68.8593704586758
14972,69.5450495794536
14973,69.8232695489247
14974,69.8967465339024
14975,69.7834155566417
14976,66.4676352159204
14977,66.4041193491984
14978,68.4024174442554
14979,66.9609793145675
14980,67.6600344152358
14981,70.2285593362394
14982,69.9012255431559
14983,77.2897039511902
14984,80.3011392051836
14985,79.2469666192727
14986,77.426456681546
14987,78.4758299394087
14988,78.3312406212364
14989,68.8212609088402
14990,72.4144230073305
14991,71.4312730097754
14992,77.6736488765822
14993,72.2528855770774
14994,71.7030962173068
14995,70.0028700082723
14996,77.094198429909
14997,76.14266437652
14998,77.8354691568076
14999,76.2241212214134
15000,73.6245984567911
15001,70.4557876211801
15002,76.1700873225125
15003,75.8210253169398
15004,78.9073640935887
15005,78.5000947903322
15006,77.5958623675119
15007,77.6708211366386
15008,77.3902604527341
15009,80.3145936964854
15010,78.828102519979
15011,77.3588209659547
15012,76.8665227655607
15013,76.6990816041676
15014,77.3252662917057
15015,78.2382972904408
15016,78.2273993936282
15017,79.7371971748947
15018,77.5901219465489
15019,78.6584849249115
15020,76.2252098456441
15021,76.5459533500046
15022,76.3855141133332
15023,73.4388016407747
15024,76.3246921522423
15025,76.28373545888
15026,69.8733338535074
15027,70.977481893744
15028,74.7449048650661
15029,77.0222231102252
15030,68.2120082298034
15031,71.3239263786831
15032,72.6640780157221
15033,76.1933049859308
15034,78.1482961943266
15035,77.3159314161093
15036,76.3268061016399
15037,75.8587882976079
15038,76.426940077713
15039,75.297535289803
15040,79.5852886902074
15041,79.0018701288229
15042,79.0509802132939
15043,80.1082588134462
15044,74.6842941376279
15045,76.3492288404176
15046,75.7970967701999
15047,77.4120157160554
15048,78.3573697680611
15049,77.4017786532053
15050,77.5294131365155
15051,77.2200874700881
15052,76.5150526222383
15053,76.2696774770412
15054,80.1501319371038
15055,77.8797762172574
15056,78.5194839127618
15057,78.4797071033851
15058,75.1935874335233
15059,76.0875459321896
15060,76.2934249454073
15061,76.4839331817138
15062,74.8747217698402
15063,77.1395324875034
15064,76.975637432765
15065,78.0977679977429
15066,78.1285673885095
15067,78.2925630765054
15068,78.6657203141063
15069,77.0278284845172
15070,77.4342916319454
15071,77.3342474255185
15072,76.1000832038344
15073,76.8110559026492
15074,77.1544125486508
15075,77.7372639045828
15076,71.8542802494873
15077,72.2173413471831
15078,76.3375619417172
15079,69.4458414519966
15080,71.4623458286066
15081,72.6954817897895
15082,79.0290754228777
15083,75.1811578392468
15084,77.6066337509534
15085,76.2615839288495
15086,76.4950525416804
15087,78.4493385591374
15088,78.9322161521385
15089,79.068039052943
15090,74.9519719247941
15091,79.3292852761485
15092,77.0789159288251
15093,80.3146924018016
15094,75.9417528314918
15095,78.5398236019282
15096,75.8644736953231
15097,78.9270328419877
15098,76.8869320199356
15099,77.9462111760438
15100,77.8338663129503
15101,77.5689990509613
15102,77.746183543995
15103,76.5856352799411
15104,78.9223542469945
15105,78.9669222394185
15106,78.18003281344
15107,77.5432346898172
15108,74.9716542628732
15109,77.3571590410913
15110,76.6247209280228
15111,77.5991407602504
15112,78.5171475403675
15113,78.8980150831583
15114,77.9165939631893
15115,78.4268906531827
15116,77.255744821308
15117,76.7704729380384
15118,79.1956256604398
15119,79.2775831829549
15120,77.4705045415545
15121,77.821123980909
15122,72.0550211968056
15123,77.5598394806472
15124,75.0406308931152
15125,75.898199849947
15126,76.6198700372847
15127,78.5473132737103
15128,76.5302885073095
15129,71.9992375291428
15130,75.3372458417042
15131,75.8229154902464
15132,76.9833925819495
15133,74.8414174360205
15134,75.7923073933036
15135,76.9200395397137
15136,74.4015503573539
15137,78.9073974835273
15138,77.5566711490316
15139,77.986771746563
15140,78.4145935560722
15141,78.5487878600202
15142,75.4750200946612
15143,77.3347608941547
15144,79.5902303539374
15145,78.9332555115643
15146,76.4052771108904
15147,81.1771740919896
15148,79.3893782120775
15149,76.5588671779039
15150,77.2852509334591
15151,78.2710041687272
15152,75.0902867480253
15153,79.2424710780592
15154,77.9200627974318
15155,73.6357847390344
15156,69.5852358522221
15157,74.5734108199112
15158,76.7832252075457
15159,77.1446399153203
15160,74.4501808909316
15161,74.0179191302359
15162,76.0491805981033
15163,78.3927259749069
15164,74.7866831457308
15165,71.6261514613786
15166,73.1635457758978
15167,78.6031864879877
15168,74.758600669001
15169,76.1765175591892
15170,77.9469504366465
15171,76.3489812720172
15172,75.2991218669745
15173,78.920088380701
15174,77.7102423951163
15175,78.7385196247615
15176,77.8145943422726
15177,77.109090094927
15178,78.6231744719854
15179,78.0349093560405
15180,79.3100119666629
15181,79.1379598113708
15182,71.946585939065
15183,79.4778860446498
15184,79.8290856167928
15185,79.8136446984377
15186,80.4898849766588
15187,80.1254320615355
15188,79.3327386958641
15189,79.0635589744829
15190,80.1127983457008
15191,77.383284632485
15192,78.3039521685642
15193,75.3588741410341
15194,75.9790602168442
15195,75.8869812632249
15196,78.5572058053879
15197,77.1523675536745
15198,78.2239014940366
15199,76.4138596135921
15200,74.6874377217585
15201,77.6528776967021
15202,77.3802588347658
15203,77.9495245738131
15204,79.257762279064
15205,76.0307140778407
15206,73.846913704096
15207,76.3618251485403
15208,79.3252391647364
15209,77.3815333053116
15210,77.1032240106848
15211,79.3214281496157
15212,76.0531582508486
15213,78.3279546647299
15214,77.2157115666177
15215,77.3306168157692
15216,76.5853314627876
15217,68.4383899626982
15218,75.9241074521978
15219,77.1931669997047
15220,74.4009449185573
15221,74.1123522080065
15222,79.8448460099666
15223,77.0925806470413
15224,76.7833690724567
15225,77.8176101034412
15226,74.6839675607268
15227,80.745603669402
15228,78.0448384782566
15229,77.9539626737454
15230,75.8886099825038
15231,77.8581005904028
15232,79.8314363829473
15233,78.4156181955362
15234,81.4695369624361
15235,79.2789197917928
15236,77.2910367913812
15237,80.033667928588
15238,80.2256008218959
15239,78.4594278812343
15240,79.6756322265409
15241,78.7307708091968
15242,78.3688481205893
15243,79.3170346428175
15244,78.3550679126989
15245,79.5421327367229
15246,75.8332889502923
15247,78.9276863973876
15248,76.3602852078473
15249,79.2858535019817
15250,78.4146349231291
15251,80.2704103877384
15252,76.7744507436346
15253,78.5520167149822
15254,76.9922753647663
15255,65.9544182680706
15256,74.0724866623707
15257,77.8484799275178
15258,80.5009830168952
15259,79.5286331613607
15260,77.5595735999989
15261,77.8419920955891
15262,81.4774166591989
15263,80.351449065313
15264,79.569587444845
15265,80.1983255994516
15266,80.8934348428327
15267,81.6679662601707
15268,80.18413395915
15269,76.7694958334753
15270,77.8875855830631
15271,78.1704609412945
15272,78.7417233094226
15273,78.5523391878662
15274,78.2841395466985
15275,74.967860303378
15276,77.3452165311772
15277,78.3412854487541
15278,75.3024653245665
15279,76.2879027673226
15280,73.0340030412132
15281,79.1159628103335
15282,77.3509838719302
15283,77.0017504330547
15284,76.9617038538768
15285,74.1391014740898
15286,75.690291059242
15287,78.2609011453861
15288,77.72898979351
15289,78.775601190953
15290,75.7060456387312
15291,79.718676967196
15292,76.5049411350377
15293,71.6905086043313
15294,76.6385435542119
15295,77.8115904001726
15296,77.4194209987696
15297,76.0213341231603
15298,79.0512766380448
15299,74.9444547873836
15300,80.3977221425937
15301,80.4932798002375
15302,77.1328133369403
15303,77.571944406589
15304,72.3279842600698
15305,76.7093514726776
15306,79.6403021305736
15307,78.5751365252617
15308,76.4990672445265
15309,77.8941767536194
15310,78.7468408597163
15311,78.5733413070018
15312,78.5383961190666
15313,79.1947216708091
15314,79.1581787952108
15315,78.9304814523475
15316,81.163421121091
15317,80.7732107383479
15318,77.450155080975
15319,77.0068027374213
15320,74.4860796147476
15321,73.4681543028754
15322,76.7355535511056
15323,79.2534217338408
15324,75.3485523081405
15325,78.7222409816907
15326,77.6750627997574
15327,79.8698451469508
15328,77.2160891625321
15329,78.0569743016418
15330,78.337517768625
15331,77.1352962561552
15332,73.784412801724
15333,77.3341907694011
15334,74.1969519513934
15335,72.6427303278704
15336,74.1919858111528
15337,73.5816756747588
15338,78.9276060657061
15339,77.0743080736044
15340,77.6246329239729
15341,76.0989903106887
15342,78.8170179641185
15343,76.7742627093086
15344,76.1175962164131
15345,71.0805598367065
15346,76.0871621458522
15347,74.6752173087614
15348,78.6423209677498
15349,76.4221978076271
15350,73.2607663621983
15351,75.8516062195266
15352,76.6008033826121
15353,76.4448819287894
15354,76.8458768899572
15355,78.2401807299336
15356,75.99199367975
15357,73.5732122881994
15358,77.5867837537543
15359,77.861126654707
15360,77.4069063902941
15361,78.6266927709365
15362,75.1722176711834
15363,76.7691492700288
15364,75.917509681882
15365,74.6401555919812
15366,76.6227678247151
15367,78.2289574524461
15368,78.3282989156818
15369,76.5422711832732
15370,72.0482174986308
15371,75.5638937529017
15372,77.4459289597218
15373,78.6301614284516
15374,75.1886469851083
15375,74.7119349336344
15376,75.9978489414178
15377,77.9591918355468
15378,78.8698686849462
15379,81.6166145121864
15380,79.8682879650415
15381,80.06615790195
15382,77.5173444996963
15383,78.0689007880469
15384,78.5972567899587
15385,78.5433379663938
15386,75.9917081438801
15387,73.4683212925251
15388,72.3771603159543
15389,78.3323529873863
15390,77.8360227321112
15391,78.2039785560072
15392,74.7749704554309
15393,76.1281550926342
15394,75.9705737690463
15395,72.5726758920756
15396,75.2777337313854
15397,69.2074802447788
15398,67.4845260708486
15399,75.2905910628792
15400,79.0771260208707
15401,80.2424817702841
15402,79.7212257515562
15403,78.266917874596
15404,76.7667965957582
15405,80.5538590743855
15406,77.9159142029986
15407,79.2640074917
15408,80.9467615506861
15409,76.5256346339636
15410,76.0688979553249
15411,76.0516553763465
15412,78.8711673073381
15413,76.0978275439241
15414,79.7968772044713
15415,78.8952404701105
15416,78.3122115148219
15417,76.5647436381967
15418,80.516501026281
15419,78.1712676411593
15420,72.4944535841032
15421,76.5723926132441
15422,78.1811419422526
15423,77.9341345945176
15424,79.0596834825201
15425,79.1982857058152
15426,78.9937261389906
15427,77.4016706818243
15428,78.7317412235339
15429,78.6731039568452
15430,75.4661580573679
15431,73.9744669756835
15432,76.2379073630084
15433,72.7173502721953
15434,73.5034049198974
15435,77.8813599616137
15436,80.8083646589526
15437,76.1482932804103
15438,78.544888453536
15439,76.9220000664228
15440,78.2131906400842
15441,66.1547987298507
15442,74.4276102657429
15443,79.0305206084075
15444,77.3547146016443
15445,79.0868892813716
15446,77.4166666015288
15447,78.9185077287445
15448,78.8926783903352
15449,76.2336366666544
15450,78.7185551191703
15451,79.6212802454053
15452,75.645018492407
15453,78.2985696685138
15454,79.2556936254554
15455,78.7172793528251
15456,77.7140289316575
15457,80.3177859073585
15458,75.6934993935899
15459,78.1993751184974
15460,75.2806120596527
15461,76.8454565707044
15462,78.0877391665505
15463,81.8060828851653
15464,76.5277663494907
15465,75.5907418408225
15466,76.1868824626392
15467,77.8869279472528
15468,79.9874729499189
15469,77.5820715489271
15470,76.5288689280695
15471,78.3009803582333
15472,78.9129066809864
15473,78.7298006218109
15474,79.3984147550297
15475,80.9673815535431
15476,77.0385678083184
15477,76.0833071854858
15478,78.4014076254794
15479,76.7201242719266
15480,75.7344901046455
15481,77.0735254578406
15482,78.7213210423303
15483,77.241855793229
15484,76.512640804778
15485,78.9171618351842
15486,80.1892285085128
15487,76.5819386712246
15488,80.3891132932623
15489,77.7440053821759
15490,77.5317765472925
15491,78.056697405723
15492,77.5554998808612
15493,77.5641870528276
15494,71.6529754278753
15495,73.5619491290657
15496,75.1316986162777
15497,76.5065568047937
15498,73.2642056342128
15499,77.3112959241324
15500,79.5312088786034
15501,75.8807042057043
15502,78.5056658938079
15503,74.642958869413
15504,75.4785465828
15505,71.1668070075136
15506,77.0460320889994
15507,77.777789843955
15508,80.4920003044475
15509,77.0197586228693
15510,77.0214600953029
15511,74.1243322895842
15512,76.0874494083118
15513,79.3490545221061
15514,80.652137912979
15515,76.8941322436132
15516,76.6089226595206
15517,81.1888812933002
15518,78.2561107771534
15519,78.9813567818675
15520,78.7266619581192
15521,76.5883561186099
15522,76.6450833333301
15523,74.3220866407763
15524,76.2816468417794
15525,77.5508289651443
15526,78.4943955484224
15527,76.304857422024
15528,75.8803748198355
15529,74.438796062719
15530,77.8005449933495
15531,75.5963578973401
15532,76.8352835844982
15533,74.5153163154948
15534,77.576531420101
15535,76.2765721357213
15536,77.7231961130381
15537,78.2039757410351
15538,78.060436184453
15539,78.1377222436888
15540,78.1744179627014
15541,77.257362262118
15542,77.1052904934373
15543,78.7958181588056
15544,74.7873217048416
15545,77.5922623984501
15546,76.4981514174347
15547,76.3968627524599
15548,75.6625722936582
15549,76.435125277662
15550,75.1836234215746
15551,78.0532498184132
15552,77.6596103082742
15553,73.251082080384
15554,77.1663775957435
15555,78.7167868712803
15556,78.1521393864323
15557,77.654537699972
15558,80.6699586320497
15559,80.5658435427936
15560,81.405411124279
15561,76.8631276396624
15562,77.7939242183398
15563,76.9111764700389
15564,77.7776794146066
15565,73.8564929069569
15566,73.065942629666
15567,75.2958472300808
15568,69.6928667572727
15569,75.5369970189724
15570,80.3945977242731
15571,78.2109080317828
15572,76.6320480066428
15573,79.7648321067088
15574,80.7542217215098
15575,75.6881737671496
15576,79.6905378145936
15577,78.6051945397414
15578,76.5463015300845
15579,77.4709853849513
15580,76.8543196876432
15581,76.9061952779101
15582,76.7118515444313
15583,76.2534458256692
15584,76.08906559393
15585,76.4246181641781
15586,76.7119712761346
15587,77.0198567661575
15588,77.1792608366255
15589,78.3609849088713
15590,75.1746972681035
15591,75.8260559592918
15592,77.6605448786601
15593,75.5201242435853
15594,77.3436595135884
15595,79.8969434619185
15596,71.3449126778198
15597,67.1154865792761
15598,67.610822647383
15599,79.6065318448666
15600,79.4137710690704
15601,77.1980049542817
15602,76.1858507833615
15603,76.1913783635536
15604,80.8489097702696
15605,80.8584107287897
15606,72.9160897717452
15607,71.7558470606279
15608,73.1019868067439
15609,76.0086144338019
15610,78.0809521635637
15611,78.0539638860998
15612,78.8539033397822
15613,77.8364984045331
15614,76.8714546416828
15615,78.4143074469478
15616,76.5175788519065
15617,78.40306631453
15618,82.4892613072882
15619,76.9630503481105
15620,78.9903550962891
15621,79.1915123164932
15622,76.5465147611022
15623,77.8312680271401
15624,78.7927891153985
15625,80.699775662286
15626,80.2535821758906
15627,78.7177193136142
15628,79.9692691876843
15629,79.3440799291444
15630,79.7268543910913
15631,78.9342547701048
15632,82.5190187819759
15633,77.7693232035614
15634,79.3918413450459
15635,79.092788738808
15636,79.4528947365798
15637,80.5270435266402
15638,78.7741185296422
15639,83.0410199530731
15640,77.7495872380799
15641,72.6393828905822
15642,76.2128968034547
15643,81.8645774933746
15644,76.8722213874562
15645,78.1862993530931
15646,77.056450716981
15647,80.6652390025496
15648,76.2502863443254
15649,75.9491710060656
15650,78.3348454485437
15651,73.7830577380018
15652,77.1128481065054
15653,79.5443645732871
15654,79.3809335815439
15655,81.0932161948518
15656,76.6998222034445
15657,74.0699923592581
15658,79.5226330836609
15659,78.1479385449843
15660,77.9056079586221
15661,76.6830218004038
15662,77.255728921759
15663,75.5243269923523
15664,77.8764474407676
15665,79.8774439140394
15666,79.3984283846937
15667,77.2335729643413
15668,78.0504181318074
15669,77.2045754709471
15670,73.0301328343618
15671,68.6821797579292
15672,73.041935659593
15673,77.7075353947254
15674,75.5419693035698
15675,77.0425513011828
15676,79.778113478386
15677,76.870721809286
15678,76.7842945275145
15679,79.6775539477726
15680,77.4898939157322
15681,77.3925473084186
15682,72.691695870814
15683,66.33222722721
15684,72.2915056786907
15685,76.4802687812673
15686,79.747718770322
15687,78.2710041687271
15688,78.771019416381
15689,76.975047168412
15690,77.5876548449037
15691,79.5305997335258
15692,75.9916754796164
15693,75.286909550104
15694,75.8011324552961
15695,78.9659794952892
15696,78.5735772994731
15697,77.0820393126612
15698,78.0202765868196
15699,79.0802178892463
15700,75.7493811032367
15701,79.5675161279347
15702,80.77976073795
15703,78.9928346424576
15704,76.9232044172275
15705,81.8687657178736
15706,77.1824884775458
15707,76.5349351026263
15708,78.0769507052269
15709,75.91449023834
15710,78.5761801756965
15711,77.4581174216279
15712,79.0719133927364
15713,77.8213450428554
15714,77.4016448468554
15715,77.3191954008254
15716,74.8814786798487
15717,78.2142239622789
15718,78.4537618315268
15719,77.9411176051662
15720,80.2008824440499
15721,77.7168873701632
15722,78.2186790731449
15723,79.2556415132263
15724,78.1233569030861
15725,76.8929827223175
15726,78.9465739357548
15727,78.1974455868672
15728,80.4478507162034
15729,80.6550603827463
15730,76.4085772933466
15731,78.0624072135636
15732,72.8937625571579
15733,72.8837948782541
15734,71.5512333731632
15735,72.7397275922561
15736,80.843014081855
15737,77.3956975363918
15738,77.2713386727576
15739,75.9095191613357
15740,76.4431424856127
15741,77.298841650025
15742,78.8215389313638
15743,76.533306254978
15744,76.3984449568823
15745,78.0116570612157
15746,74.3031701427163
15747,76.0094296229401
15748,73.3321748623379
15749,75.7733930561812
15750,78.0588669704177
15751,79.0341759891269
15752,78.0679408760269
15753,78.8148297492824
15754,75.5023509520342
15755,75.5957788421081
15756,77.2465217623508
15757,77.9185723066122
15758,78.6042197012718
15759,78.1179874983204
15760,75.2299778438678
15761,72.4808414487139
15762,75.4105947110522
15763,77.4697034214251
15764,77.7376338701666
15765,78.3782646839629
15766,75.8269770988483
15767,76.5317558233272
15768,74.1745537632875
15769,78.1849929757095
15770,79.7352303087249
15771,75.6065758936938
15772,78.8509988086685
15773,75.668459802264
15774,80.0901978956716
15775,75.9799500935668
15776,73.1570252471181
15777,75.8510665040283
15778,78.2118389030121
15779,78.7444121308122
15780,78.8990260785624
15781,80.3532818802099
15782,78.2591230329412
15783,77.8045138424628
15784,75.6728590789654
15785,76.2507101689026
15786,77.0590121515554
15787,76.397108433108
15788,77.0160341383271
15789,73.5862999936065
15790,76.5585034568792
15791,74.0569091485892
15792,74.898784038303
15793,75.9641395128035
15794,74.9974232506649
15795,76.7680448492117
15796,80.700728831949
15797,78.245197239087
15798,76.1692033099383
15799,75.9533321930019
15800,78.1460247280169
15801,78.9213759428609
15802,79.2193869929491
15803,79.3699688154309
15804,79.6863733615482
15805,78.0812335389862
15806,76.6433637057801
15807,77.2260487706146
15808,79.2013464417608
15809,78.7958299869423
15810,79.580428930414
15811,76.8813951071868
15812,80.7413375587766
15813,80.7660320746393
15814,76.3732257965542
15815,76.3610407488616
15816,76.8715946710294
15817,77.9455465156668
15818,71.5359462526618
15819,78.3603479717783
15820,78.9349363759603
15821,77.6224010151
15822,79.6713924032449
15823,80.1953428828657
15824,77.3588459735143
15825,77.0049108087625
15826,79.1614457819541
15827,78.3876857643745
15828,80.0351179098157
15829,78.9946412165881
15830,75.7505842737932
15831,76.286688504417
15832,75.2793009847258
15833,76.9549674194687
15834,79.2386361458256
15835,76.3901525260235
15836,76.1117816364826
15837,79.1031740117951
15838,80.0227799234808
15839,75.5818784601398
15840,73.6306805552774
15841,72.9414190199921
15842,71.802804288209
15843,72.0123958458489
15844,73.6989518623583
15845,78.0659414110331
15846,78.8741260562225
15847,75.4826220184148
15848,78.0334544355638
15849,73.9146381432674
15850,74.2534495528397
15851,80.3700909852122
15852,77.8401245648057
15853,74.6872746282153
15854,76.1356514978884
15855,78.3274936758872
15856,78.0099009663616
15857,78.3687107573646
15858,78.8402452420699
15859,79.1496964460202
15860,71.0960992920619
15861,68.1830225537896
15862,67.5578579606488
15863,73.8524122662693
15864,78.6705503834694
15865,76.914069724348
15866,74.1461662206605
15867,77.0132543645299
15868,77.5707900261193
15869,76.2705307781656
15870,77.7067730610783
15871,78.4137703427656
15872,80.9163271634259
15873,78.5652854434227
15874,76.9196636725363
15875,76.878604667815
15876,78.7930454953088
15877,77.4410650057837
15878,76.9328117963937
15879,78.0486678982764
15880,78.1161454672083
15881,80.1978878844847
15882,78.6145688762086
15883,80.881966778585
15884,77.8098470451257
15885,73.7895812632941
15886,77.9878885930555
15887,76.2150350739136
15888,78.8295209049547
15889,78.4052145679441
15890,71.2525366288746
15891,75.4612370180797
15892,76.885808408251
15893,74.1091695298951
15894,78.0379286578196
15895,79.5808758593366
15896,76.7517475030625
15897,75.7303808430333
15898,77.6703056053624
15899,77.3955527602978
15900,77.4298352535524
15901,82.0373523505339
15902,79.2862972795068
15903,77.4473275810876
15904,77.0659466336019
15905,77.4879139116439
15906,75.4974232341754
15907,76.1017109741414
15908,75.4546836026263
15909,76.5256181655271
15910,78.8640634388806
15911,79.882504484863
15912,78.1622063063112
15913,72.2794927009456
15914,78.0611359519299
15915,78.8901540310451
15916,80.4712578294858
15917,74.1447623310077
15918,71.8387161975644
15919,68.046311944386
15920,76.5841858450215
15921,79.4158201975848
15922,75.7010261227369
15923,74.9270990768323
15924,77.048651534467
15925,75.9275114554324
15926,72.0769339251853
15927,63.3674279797695
15928,70.2698947539325
15929,74.4585205864549
15930,75.8791054390637
15931,66.624637540781
15932,78.9669222394189
15933,78.701668569458
15934,77.5755717730889
15935,78.8661288256186
15936,79.7102220857072
15937,76.0693198351846
15938,72.3525272829439
15939,69.3421948203466
15940,74.5002062464915
15941,72.6065837549507
15942,73.6762213577026
15943,75.4112818032817
15944,70.0197191509838
15945,69.2939515752926
15946,72.1840375738644
15947,74.8893087768836
15948,73.5175988988652
15949,74.5589893496658
15950,72.7345403219792
15951,70.8983879524809
15952,71.8061554053313
15953,70.2837439628758
15954,70.8188483904738
15955,69.6780501943632
15956,70.5697672279296
15957,72.0421537520004
15958,71.8964032383505
15959,74.067304452544
15960,72.8417978774344
15961,68.1869095452849
15962,71.4700303158262
15963,75.865302126865
15964,71.2796122918235
15965,71.5049251678786
15966,74.0913663591602
15967,77.9203466616498
15968,75.7190696162514
15969,76.7115679882022
15970,77.1916944609656
15971,78.2591770081817
15972,78.1415814542023
15973,76.4014557485982
15974,78.2415817556176
15975,74.2189248306403
15976,78.4403787061306
15977,74.6896900948042
15978,80.0007160563854
15979,79.7308380315939
15980,81.179864679825
15981,77.5785419915633
15982,78.5065108280217
15983,78.9261270127352
15984,77.2812641336855
15985,78.2963609177636
15986,75.2129912045676
15987,80.8834601782521
15988,78.754940872519
15989,80.2008269805856
15990,79.640710388552
15991,79.2116524105503
15992,79.1342637090206
15993,78.2330417660512
15994,78.08689692353
15995,80.925092899884
15996,79.3864465542811
15997,81.7640314410169
15998,79.078527392666
15999,77.5309296975738
16000,77.5789275305845
16001,78.7401622733926
16002,80.9117458107878
16003,79.058007017511
16004,80.5687007502375
16005,75.8159960335595
16006,74.2322471269814
16007,77.8718666871382
16008,77.658675063801
16009,78.2624721986559
16010,75.6711120356758
16011,78.3434033139716
16012,79.4297086811119
16013,79.2616265373873
16014,79.6580234014816
16015,79.9522900305248
16016,78.975700023726
16017,76.6201822080343
16018,79.1456213418538
16019,78.4298371804075
16020,77.7983287195868
16021,74.7855585573805
16022,78.7052370199902
16023,74.5762208282613
16024,77.4389468217485
16025,78.5376526821389
16026,78.0660035791201
16027,77.4870187712904
16028,78.3179524797145
16029,72.9216766511427
16030,73.9708198659771
16031,79.9794788315286
16032,72.2834375566168
16033,72.5141876423142
16034,76.5687835339159
16035,78.1842890218765
16036,81.1509532634153
16037,79.9509421934683
16038,79.3133691958926
16039,78.3416299494735
16040,78.664844428059
16041,79.2498612418352
16042,77.8272435744374
16043,78.2861497462569
16044,79.3328087942149
16045,80.8529700942616
16046,76.5175036958289
16047,80.9145694229881
16048,81.0036808825091
16049,79.0216731689389
16050,80.7766587955265
16051,79.5982962312942
16052,80.1977404150606
16053,75.9303294172389
16054,74.8777801191744
16055,77.4912570355685
16056,76.3437129193735
16057,77.5972553761877
16058,78.331912184436
16059,79.3679098922934
16060,77.2408030540428
16061,79.6446884643881
16062,75.8482727166465
16063,76.9994844680015
16064,74.8878154039388
16065,77.2596827900369
16066,74.842327204802
16067,79.8595972487038
16068,77.1514403212094
16069,77.164494938049
16070,76.7161856751775
16071,76.7148430212512
16072,76.9402078830677
16073,77.2102013781897
16074,79.737746374259
16075,81.0580536460599
16076,77.5102748886927
16077,78.3352206657115
16078,74.0870721817756
16079,76.8092882839347
16080,76.742715452286
16081,80.7394598189386
16082,79.8294627073867
16083,73.1357057800408
16084,72.8240508427991
16085,79.8172539824068
16086,77.8159671529999
16087,77.3519322150412
16088,82.6499444559794
16089,79.6022673111335
16090,79.7202756421053
16091,79.2758344215415
16092,76.9465785815356
16093,79.5238192937291
16094,79.2125673615768
16095,77.6177634394188
16096,73.8360168826075
16097,69.5110884182082
16098,77.1183493435277
16099,76.48209461184
16100,79.4407325126317
16101,79.2618430308889
16102,80.0004654063862
16103,81.1938840237777
16104,77.7337199860074
16105,78.8882916398965
16106,77.0184297688218
16107,73.4254422227003
16108,74.9784242110355
16109,76.4589153344494
16110,76.8013984398566
16111,77.7077772590704
16112,79.3033683898097
16113,72.9956661321772
16114,77.531826267201
16115,78.0648146592372
16116,76.9092610097758
16117,77.4136102162206
16118,77.4493520372654
16119,76.9117667466091
16120,77.6364317995665
16121,78.8040107149093
16122,76.3820244456963
16123,79.0354602733187
16124,81.0183676704477
16125,77.4854349123155
16126,80.3173598504773
16127,78.8152178384994
16128,81.4793653584223
16129,77.6793753683753
16130,75.3776085722964
16131,73.4337563836647
16132,73.180892514696
16133,73.4808706367355
16134,79.8804427293053
16135,77.5803358196394
16136,77.5545689949021
16137,77.4191380294179
16138,75.3320874979087
16139,70.4578036364114
16140,74.5168136165301
16141,78.8200091141837
16142,77.8089632728643
16143,77.9067969256048
16144,78.0427403126798
16145,72.8714354662613
16146,78.363243719897
16147,77.7851885837932
16148,77.7734796972388
16149,78.7028320869794
16150,80.6040769770329
16151,80.3044008269073
16152,79.3964969248617
16153,77.7136747212171
16154,76.1677575964234
16155,81.3668871294101
16156,79.1623931175367
16157,78.5717940227533
16158,79.8374923187245
16159,76.951089074275
16160,80.7260925937826
16161,79.7179814652738
16162,80.5866113255742
16163,81.5055800761908
16164,78.390715905644
16165,79.4494757180369
16166,78.7807186824416
16167,79.6057317975838
16168,79.3434303729812
16169,78.1335510935593
16170,76.461473158999
16171,75.0298447731838
16172,71.2343497044723
16173,72.1253479086035
16174,77.7523333771429
16175,78.6958962760949
16176,77.270917748395
16177,79.6822306597588
16178,79.2487536549511
16179,78.4640259100148
16180,75.4768089759756
16181,75.4297070598321
16182,78.5861220387148
16183,75.8552472979242
16184,79.7716746644543
16185,74.6255320020236
16186,77.6240239384686
16187,76.1502446648897
16188,76.2212060156677
16189,78.3729223328988
16190,78.4441413892553
16191,77.8566561662707
16192,76.0733371958831
16193,75.4240743147566
16194,80.6320399574071
16195,77.6013433469823
16196,78.8052105264798
16197,78.4420192605123
16198,74.5021745451131
16199,76.2775208645145
16200,75.5221246613206
16201,78.059245741028
16202,78.2932561240362
16203,78.4297657854115
16204,79.5135881180677
16205,81.0184848183993
16206,77.1782521024053
16207,76.1813792603527
16208,76.7606662162545
16209,75.0748481269287
16210,74.6689489917143
16211,81.2919794753704
16212,77.6857106263927
16213,77.2179231102126
16214,78.2854429421943
16215,80.1148667770748
16216,76.8164076851803
16217,75.4124029275334
16218,79.2573488260632
16219,78.3207438227132
16220,80.4666559391416
16221,79.335894451455
16222,77.6880132192148
16223,78.9181898949342
16224,74.884388470585
16225,71.9535694398332
16226,77.1837502158642
16227,74.6941647398741
16228,81.0929152671041
16229,77.4281331269182
16230,77.5958462848492
16231,78.8840192498257
16232,80.0052016525437
16233,76.8960446172289
16234,75.5519998779961
16235,76.2700207898517
16236,77.9581360783168
16237,76.1092373054287
16238,75.0338187459622
16239,71.4166016452589
16240,77.2501550820625
16241,77.4859310677315
16242,77.9703125809604
16243,78.9072248508824
16244,77.63291188438
16245,72.4476295177855
16246,74.7697695268333
16247,76.0152165499622
16248,78.0037264780763
16249,80.2842089004268
16250,76.3754600220102
16251,78.5155690658315
16252,80.3825800404683
16253,73.2860096007182
16254,77.2364384339434
16255,75.8847861973238
16256,76.2943467381527
16257,77.640474618505
16258,76.3363710341198
16259,78.1149491860699
16260,75.2638192073635
16261,74.3317428280668
16262,70.9808292302202
16263,78.9610654672135
16264,69.9946684742527
16265,68.2393197639244
16266,76.0033077689335
16267,72.6542678909606
16268,79.3554741117101
16269,77.8490192607986
16270,79.9323395436061
16271,79.6681088834522
16272,73.8879723550572
16273,77.9929193263058
16274,79.1842204057713
16275,78.4959296831979
16276,76.0464147202622
16277,77.6656763199288
16278,79.4616619679314
16279,80.9520225715904
16280,80.0364372087071
16281,78.2619473205723
16282,80.1442042594378
16283,82.4709702839871
16284,72.7954225162075
16285,78.119897954152
16286,76.8366523167317
16287,76.2424651413791
16288,78.6172572521801
16289,73.8041771806964
16290,78.2586818747877
16291,70.064674468211
16292,74.2538059580562
16293,81.1285512504969
16294,79.5210682335012
16295,79.3416254127223
16296,76.4583092766309
16297,76.3066359684365
16298,77.4422644622026
16299,77.4372483647243
16300,77.0278635169285
16301,78.722745361634
16302,77.7004165181979
16303,80.0013609770756
16304,78.1891563329413
16305,78.6351915114672
16306,78.5136672789233
16307,78.0305093856058
16308,78.2163096332431
16309,78.7708400329119
16310,77.0429154517917
16311,75.5774078958497
16312,75.368042315417
16313,71.3139585721157
16314,74.4993484372752
16315,77.912400420313
16316,78.4647524019367
16317,75.8121120449185
16318,75.589796290689
16319,72.6217471198624
16320,76.9251551718625
16321,75.9748200608786
16322,74.426801533166
16323,76.4717408584946
16324,76.1751114950627
16325,78.3736190625102
16326,72.2868771573616
16327,76.3200349049019
16328,73.8626146672574
16329,78.4777074956438
16330,71.8897836334631
16331,69.0661134504753
16332,69.8126707754329
16333,75.5355022205687
16334,74.4937443092333
16335,71.8925389593431
16336,69.6197604240542
16337,68.273870144668
16338,67.1475532261388
16339,74.0771383787245
16340,71.2549558558681
16341,69.2377014278242
16342,69.2951117126375
16343,69.8442683179046
16344,67.9114767316001
16345,66.496460021259
16346,67.2877121201796
16347,65.6314919415625
16348,68.3581635897647
16349,71.9730951678165
16350,75.2018157697617
16351,76.5003007317811
16352,78.8770706404396
16353,83.8630320888242
16354,78.1701849169406
16355,76.3390268180138
16356,79.2401270811089
16357,77.5322922434302
16358,81.961668676315
16359,76.4832509163786
16360,78.8915703491083
16361,79.1480476342219
16362,78.6339446694284
16363,77.3755705785719
16364,73.8889492980513
16365,80.3394516643614
16366,79.0275913608038
16367,76.7243211503816
16368,74.7570458777041
16369,77.6972240935185
16370,78.1266775608552
16371,75.9083844151253
16372,78.3550192801362
16373,79.8804708791028
16374,76.1549623827312
16375,70.337153807313
16376,70.3710374490424
16377,71.1736264887658
16378,77.5625488544448
16379,79.3047784534086
16380,77.0287180145532
16381,78.1111121064735
16382,78.7106004529613
16383,79.082103590709
16384,77.6989259849292
16385,74.4435188440212
16386,76.7552997434702
16387,73.9486718848021
16388,73.7158030154101
16389,73.1903717678067
16390,75.8587036815038
16391,77.3219344662156
16392,78.3730293228542
16393,78.3076932267408
16394,73.6141319655375
16395,71.5561357583978
16396,79.0066587158279
16397,78.0896061579062
16398,81.8855631691745
16399,77.6245017951584
16400,80.4816211958104
16401,78.1720161346078
16402,76.7858181984118
16403,77.2906656181744
16404,77.5110606334868
16405,81.4035955056857
16406,80.1922507310522
16407,79.649806998914
16408,80.5421972128945
16409,77.1540414552337
16410,70.2013765496383
16411,79.3204680912386
16412,79.2941212490516
16413,80.9704499823851
16414,79.1075816578256
16415,78.869201295072
16416,78.098541667724
16417,78.6677228989747
16418,79.0373589589349
16419,78.55366791361
16420,73.7818423817586
16421,66.2390220926695
16422,74.753589362421
16423,72.8524520115085
16424,72.2711903144549
16425,78.1958825783568
16426,76.5375913807468
16427,80.0035537897325
16428,77.0285120394001
16429,74.8062917749921
16430,76.9535565939412
16431,76.64511196859
16432,74.91038439364
16433,77.8560375340333
16434,77.9555998834994
16435,76.4030085301279
16436,65.4264127350309
16437,65.3899038293056
16438,71.2383242918872
16439,75.9035573270424
16440,74.8250444319569
16441,73.2887950604671
16442,73.7944223427667
16443,71.8715524028239
16444,73.7166981608959
16445,76.9180486145992
16446,72.5139018632512
16447,73.433440438413
16448,75.8598683024479
16449,75.3319081678564
16450,75.6483269275827
16451,75.9680323438283
16452,72.37616483659
16453,75.6436592222217
16454,76.4045827439202
16455,75.8557585546526
16456,77.0374483298914
16457,73.3157257227439
16458,76.8094903462825
16459,73.8285980812428
16460,75.7665362321749
16461,72.21650635999
16462,77.3131219532924
16463,79.6493740099986
16464,78.809139609901
16465,78.8488586940791
16466,78.1638542694668
16467,74.7378379933542
16468,77.5599108861869
16469,76.808804175442
16470,78.1895975955744
16471,78.4444475846951
16472,81.1196747995223
16473,78.1710238118703
16474,78.7417987099081
16475,78.7807814799006
16476,80.3343193275751
16477,76.6772181948402
16478,79.5383221187391
16479,76.5060175906682
16480,76.9807051309535
16481,76.4385384867429
16482,76.805396420342
16483,79.1936621183148
16484,77.7287390816686
16485,78.1937248154549
16486,78.7430805330413
16487,79.363442509715
16488,80.1109932885451
16489,82.4931187184635
16490,80.1616509716882
16491,75.0114716721423
16492,76.8357864374938
16493,78.3628310956549
16494,80.5233656092331
16495,76.5205261241896
16496,76.031741146715
16497,77.0668231145622
16498,79.0720332402695
16499,79.6031284808127
16500,76.2623039514872
16501,79.2617056207571
16502,79.6798902245928
16503,79.4515260926547
16504,78.0680288088548
16505,78.5068693360536
16506,77.3577784667365
16507,71.6329301126743
16508,76.012436768305
16509,80.5323764328413
16510,77.7494383545384
16511,79.7405877732318
16512,79.3830996052013
16513,78.0849826021884
16514,79.2408428309933
16515,78.5444164507888
16516,78.9538428303273
16517,79.2581184606279
16518,75.4632695309497
16519,79.9689988032268
16520,80.8060332634107
16521,78.769344946861
16522,78.8844395765756
16523,75.8371922825812
16524,79.498517442253
16525,79.0587112396076
16526,76.8597536342862
16527,78.1244302956903
16528,76.9336051517611
16529,78.1815769297449
16530,73.6833157487234
16531,81.1174849790806
16532,76.9917880653776
16533,80.27557726949
16534,76.9723931796844
16535,79.532617729412
16536,78.119954592349
16537,78.4101030570225
16538,79.4892109777513
16539,77.2999869479019
16540,73.9436007903366
16541,76.6862699389656
16542,74.621865218765
16543,75.0376118191853
16544,75.0095312032941
16545,77.0795019603196
16546,79.8081763432084
16547,76.7008923925666
16548,77.2275145512903
16549,76.3003845049967
16550,79.9966246009249
16551,79.6274802392026
16552,76.8829014646801
16553,78.795569519828
16554,77.4679856490044
16555,80.0272461360141
16556,75.2287767564773
16557,76.3038266145107
16558,77.7221033629685
16559,72.1036005938634
16560,77.3363801277162
16561,77.1185008386099
16562,75.3194486305652
16563,77.8124099966689
16564,79.2958779522715
16565,77.8453075764701
16566,76.2491437693512
16567,75.9082103052162
16568,77.118444867789
16569,76.3290684286565
16570,76.6337329626805
16571,78.7971309271714
16572,77.558271042215
16573,79.6016941124394
16574,79.7551607029713
16575,79.5997588120524
16576,78.0619078166046
16577,77.8957539989288
16578,76.6670518753775
16579,79.4158635912358
16580,76.3715848594562
16581,76.484556877159
16582,78.4224474878672
16583,79.4377230897658
16584,78.1010363564429
16585,79.0538707303513
16586,77.8333619555205
16587,75.6585436135211
16588,74.9098004093128
16589,76.4077905649166
16590,74.4882076379695
16591,73.1242044139604
16592,77.7236547921093
16593,68.9199113280413
16594,75.7617721349693
16595,80.1258624300339
16596,73.8167981883714
16597,76.2412593227843
16598,77.5096955676253
16599,79.529075339374
16600,77.1976472111157
16601,74.0735186853764
16602,76.6279920741927
16603,74.1093775026665
16604,73.8574356246688
16605,72.6610441270882
16606,69.9435191551937
16607,71.2762041235054
16608,72.8848117556127
16609,67.8785841736992
16610,72.3010377371791
16611,76.1748719021471
16612,77.1469942649768
16613,74.8940433965959
16614,75.7621257482962
16615,79.3152055013903
16616,78.0655492857024
16617,78.5715176100435
16618,77.7461169475333
16619,77.4288797039619
16620,80.0578048540797
16621,77.2692442129955
16622,78.0418250210723
16623,75.5395590486339
16624,77.4676329492508
16625,76.2270764419127
16626,78.4708263722659
16627,75.3929322727374
16628,77.4804852219688
16629,78.8717093888655
16630,80.195404113895
16631,79.7299488867748
16632,78.3577267539657
16633,78.5777798716624
16634,74.8279852374748
16635,73.386627028682
16636,76.2504111299138
16637,77.5157024245612
16638,76.1152200901277
16639,73.3886235765024
16640,76.3024850151314
16641,75.2408020492585
16642,72.7023333060351
16643,76.6000824631904
16644,77.378189793326
16645,74.2205620923549
16646,79.2743593117129
16647,75.23002942786
16648,79.8638210124757
16649,80.1668274991209
16650,79.6957805347636
16651,78.4760983403135
16652,74.5923744996023
16653,75.0389793547429
16654,76.0222028715594
16655,76.3191810665549
16656,78.3143029834919
16657,80.7984316237201
16658,77.4853934807167
16659,78.8544054525697
16660,76.7066610965348
16661,77.8275063416094
16662,76.9672967794432
16663,79.4874511128876
16664,77.6876908798133
16665,75.7522787085491
16666,77.6745084173593
16667,75.5369249332923
16668,73.2839835143311
16669,73.2931339291104
16670,76.8534355615142
16671,76.8554005859348
16672,78.0065356535086
16673,79.066848121589
16674,76.4340436579894
16675,73.9063884452158
16676,77.1652602660475
16677,78.4293836423967
16678,78.4366468456055
16679,79.4652391502742
16680,78.7575620618113
16681,77.4391481884957
16682,75.9911331439746
16683,77.0728557995326
16684,75.7163721209136
16685,73.9755017791523
16686,78.5333939485893
16687,76.2582616420588
16688,78.8674619077626
16689,78.7722126728568
16690,76.0241135624311
16691,75.2393380170655
16692,78.7505833202252
16693,77.2498923191756
16694,77.5771656421786
16695,80.6909822798899
16696,77.9241114812764
16697,78.5153607585504
16698,78.5029273186587
16699,78.9102380537854
16700,77.9065569557847
16701,73.6809437688487
16702,75.7043558676748
16703,76.0195637235764
16704,79.2917595703731
16705,79.316914200807
16706,77.0125492258423
16707,74.0181988410117
16708,77.0114545399884
16709,80.8942570112857
16710,76.9837402259512
16711,77.8452224771773
16712,75.3285525564278
16713,75.3605606925596
16714,80.1482232998444
16715,75.4218795471146
16716,74.1456486313329
16717,74.3315208830626
16718,77.0338423395154
16719,76.4495622752512
16720,76.5292297881235
16721,79.7980101178218
16722,79.0004812410151
16723,78.8368079635921
16724,74.776090205305
16725,79.1117391223692
16726,78.0347815541569
16727,76.6244974051244
16728,77.5589572874064
16729,76.5283560120001
16730,76.5272741301238
16731,76.5705886360136
16732,75.773850425066
16733,74.1168612805051
16734,78.5124307010617
16735,78.6882106068801
16736,74.6535393140347
16737,76.8511834515985
16738,78.1452437299312
16739,75.9987781579089
16740,76.6094907870956
16741,78.6449104376847
16742,70.337210439981
16743,74.6783607631435
16744,76.5684833815785
16745,76.2255425594196
16746,78.6726679824296
16747,77.2044386969289
16748,77.2816753418914
16749,78.8415211722977
16750,77.1795616552849
16751,78.5989841109534
16752,79.2673742931177
16753,70.9369869150904
16754,77.2346664137335
16755,77.5016497651167
16756,74.7552555986751
16757,77.7709985893482
16758,76.9761405123879
16759,78.1473062790043
16760,77.6261187035683
16761,76.6695469944736
16762,76.8351820956628
16763,75.8157620383485
16764,75.8195475869321
16765,75.4882910380846
16766,76.2821603686845
16767,79.8276801436072
16768,80.2173140675723
16769,79.8059519714752
16770,79.0881376727786
16771,72.7259788399313
16772,70.2437336300458
16773,71.5154833680336
16774,80.3711405810745
16775,79.237379973772
16776,80.6124300712311
16777,78.6621950632468
16778,79.8942731710761
16779,80.6154638186849
16780,78.0265411911898
16781,78.3673648639181
16782,78.8426031987387
16783,77.3596896143672
16784,82.1155840834138
16785,77.1049938293557
16786,80.0156453168597
16787,80.3445328493254
16788,80.6147206626595
16789,79.3912594860672
16790,81.0891717747726
16791,77.4739786655993
16792,80.02853016474
16793,81.4111024977282
16794,81.5440035185217
16795,78.1615386999974
16796,78.2791337388869
16797,77.4181923279522
16798,79.5388932783276
16799,79.3723908294199
16800,79.3299272798485
16801,80.3668642355577
16802,79.313826655877
16803,79.6689464413364
16804,72.6296388982483
16805,65.8563237634107
16806,65.8419584893491
16807,74.7945093410969
16808,72.6607434233237
16809,77.458443660058
16810,70.7022880175897
16811,68.3481828298858
16812,71.8121166450419
16813,74.6388119077929
16814,71.6274364507252
16815,71.8779020927477
16816,72.0622251464929
16817,75.7074802674939
16818,74.2628778276757
16819,73.7432680096144
16820,76.78603174712
16821,73.5477164403498
16822,71.9328519030727
16823,75.4395640105711
16824,74.8808338627449
16825,76.5367087288607
16826,71.9595888336447
16827,75.4491014713213
16828,75.4685778365532
16829,74.1359567106838
16830,79.7517493789009
16831,80.4494613088034
16832,80.3240260916602
16833,78.4536153945973
16834,74.1770973420552
16835,74.2442256611477
16836,73.1270856408474
16837,71.6081415291511
16838,74.8897520579774
16839,71.6609131333343
16840,76.0806275165261
16841,73.708587311618
16842,77.3190401747171
16843,76.3326630210117
16844,75.872334675409
16845,75.2482650882689
16846,74.5655017588658
16847,75.6841437645081
16848,77.9775173511665
16849,81.7139130943541
16850,81.4873931736859
16851,79.3763143628962
16852,78.5173419202841
16853,81.7420157307988
16854,81.3239814566472
16855,81.1563408937826
16856,76.8747990824916
16857,80.2896771997583
16858,78.995788526456
16859,77.5432764080347
16860,77.5637059003884
16861,78.1362160195879
16862,81.3537010059483
16863,78.4289186938882
16864,77.7217308377125
16865,77.4102225432197
16866,76.318872558948
16867,77.4760920852644
16868,76.568564070514
16869,73.2688056408536
16870,78.0957485138168
16871,76.6082073262127
16872,78.1515800469697
16873,74.6981783616316
16874,66.6700705999431
16875,72.8957178806041
16876,78.5962911963019
16877,76.927395139539
16878,75.1066863989186
16879,77.1162229824464
16880,78.3258635154403
16881,78.9795890035424
16882,75.3145157373788
16883,79.3231603582237
16884,78.8841958099907
16885,78.3643295622338
16886,77.4806788734732
16887,77.1813741080828
16888,73.4000399175164
16889,73.0580783728402
16890,77.6104103646112
16891,76.4810588713291
16892,76.9504551049926
16893,77.4545517279003
16894,72.1549721272037
16895,76.3787676890245
16896,76.9300845767862
16897,77.3232604595454
16898,75.4222194371229
16899,78.7775789623577
16900,78.434901634582
16901,75.2122896488265
16902,76.2533713690705
16903,79.4784372702359
16904,73.0977563703896
16905,79.0196963283977
16906,74.667123724153
16907,77.8479327486066
16908,78.1503416738651
16909,80.5246654161046
16910,77.6243650412379
16911,77.2147428333278
16912,78.785767317663
16913,75.0460413354274
16914,78.162206306311
16915,78.0531045859211
16916,78.6795636481102
16917,74.4432704977887
16918,78.6740888565859
16919,79.1434304610789
16920,75.1470853177677
16921,76.9869456080293
16922,74.104744163108
16923,71.2257815277297
16924,71.7331223506965
16925,74.6962865889
16926,78.8489245111854
16927,67.7934301556143
16928,69.6668093529404
16929,77.0741691746288
16930,76.5957274804787
16931,73.3572894316346
16932,76.7312032394718
16933,78.5413572928161
16934,76.2266053033169
16935,78.6548731582776
16936,78.3026473934163
16937,78.3423804043996
16938,78.284799101685
16939,74.9720456025915
16940,76.8782944175695
16941,78.661340410844
16942,78.0246839764781
16943,78.3987648756632
16944,79.1409534217153
16945,77.7300171134024
16946,75.3968350759982
16947,75.3628953314397
16948,71.7154104737645
16949,76.3370706852882
16950,79.9775451694805
16951,77.0673965424505
16952,78.5197946475968
16953,75.0182286090874
16954,76.9960488879063
16955,77.5405183171146
16956,77.8455065335688
16957,81.2727738484676
16958,81.5225965796095
16959,78.9476015457404
16960,76.012834706655
16961,76.8112594858391
16962,79.4968211580687
16963,78.6767786795922
16964,79.6541188933706
16965,76.0749197454711
16966,76.0466717436848
16967,77.308689263378
16968,77.4994075293712
16969,78.3873553641589
16970,77.1393325691583
16971,75.1044502640313
16972,77.1512523183024
16973,76.653528038906
16974,77.2356518064844
16975,77.3021416581473
16976,80.0685138108574
16977,79.4903430799063
16978,79.3658032886323
16979,81.8418971390613
16980,77.3966070875749
16981,78.4730649807911
16982,76.3454536262369
16983,77.7346234937694
16984,78.0093164273133
16985,75.2936723437839
16986,79.2236928393453
16987,78.7338200202282
16988,78.726077861666
16989,74.8171671038604
16990,75.1840701188053
16991,79.7478591874699
16992,78.5991505406402
16993,76.3950441290079
16994,77.5802531675892
16995,81.2076807703275
16996,80.5598977363256
16997,79.1837456176103
16998,77.2086566898755
16999,78.1850951663196
17000,75.9012789919938
17001,80.2479960760851
17002,79.8648805952277
17003,75.9883911395772
17004,81.5359863299928
17005,78.3473053789862
17006,73.5026188419564
17007,75.8810120762295
17008,79.3685910511401
17009,73.911678998026
17010,75.7097209658629
17011,77.8349003360283
17012,77.1251252373295
17013,76.7991342162236
17014,77.248575665897
17015,77.5673869029733
17016,75.2931617279365
17017,72.8520398073562
17018,75.6300673761859
17019,78.3425278411472
17020,81.6323346084002
17021,78.9151458220654
17022,78.2120317856049
17023,73.5980358027146
17024,72.5368088972966
17025,74.975189367006
17026,73.0641345287348
17027,77.203343582324
17028,74.6910239262629
17029,79.6008768477529
17030,75.8456510328784
17031,78.3227760825286
17032,78.5974985309375
17033,79.8175637106317
17034,78.3036562706765
17035,78.9939664793349
17036,76.4522332624983
17037,75.0563747972398
17038,79.0583972200409
17039,77.7789850400419
17040,78.0967050144902
17041,79.7466380820992
17042,77.3499009851195
17043,79.9660970028131
17044,76.1980571951239
17045,80.3460778490032
17046,76.4950210361678
17047,78.5834498324061
17048,79.6056962840667
17049,76.9757638639696
17050,79.5055267483158
17051,67.9173943590656
17052,76.0013721181743
17053,75.2559199168825
17054,78.9297111193297
17055,76.4719267473202
17056,79.2061564787028
17057,73.1902478920069
17058,74.827995518377
17059,74.7692969525503
17060,74.9364472957714
17061,74.9529201485399
17062,76.0484253580315
17063,74.5928551863196
17064,72.8006212906324
17065,69.7292716704089
17066,74.7984425460406
17067,76.75392287166
17068,68.1734522106081
17069,67.1951121306112
17070,74.2563831955554
17071,77.623283880313
17072,79.1120063203703
17073,76.3115422317129
17074,77.4817482081841
17075,78.143779426947
17076,76.9019830846198
17077,77.8485332365914
17078,76.8101242371494
17079,75.695611843597
17080,78.878562207353
17081,76.5520639821767
17082,78.0285606965912
17083,76.1605364006332
17084,75.8789491736634
17085,75.8939005727709
17086,79.0981111717622
17087,75.4368818083429
17088,80.0282172049141
17089,76.4883133286509
17090,74.6949115300178
17091,75.9793488330607
17092,68.5059031240469
17093,80.2902816552772
17094,71.2321029533956
17095,73.9416229683432
17096,76.8653848308512
17097,75.8129201556871
17098,76.825189032743
17099,76.4528035888072
17100,74.6616732491485
17101,77.9441423417376
17102,75.4577980012555
17103,75.249801565967
17104,76.7152648425782
17105,77.5994869231886
17106,77.8147406295577
17107,77.7230987029656
17108,77.0824646066953
17109,78.936335926628
17110,77.1598095027935
17111,78.3504330302491
17112,75.4075140609418
17113,73.8806205827755
17114,74.1652136438963
17115,77.4677502891405
17116,74.9726921972755
17117,78.5313084741239
17118,77.1534792773853
17119,79.7169773597375
17120,76.2510929812464
17121,78.5975941809174
17122,78.0596476996332
17123,78.5873235327521
17124,76.8918829524621
17125,77.6421516388718
17126,75.8837028738565
17127,78.0880663944772
17128,79.4828755839728
17129,78.7547454545769
17130,78.3226929371081
17131,75.8170144274504
17132,76.7455645212029
17133,79.023267959703
17134,75.4238753009592
17135,72.662993717684
17136,75.6800035919314
17137,77.2689798899929
17138,76.9579950102088
17139,78.3416299494733
17140,79.0096863018538
17141,79.1836825590984
17142,77.674559677713
17143,80.0117782370831
17144,74.8418979469014
17145,73.3296693147645
17146,73.5287260452439
17147,73.9282804956414
17148,75.4851456745652
17149,75.2932337008607
17150,75.4046184749663
17151,76.354211103879
17152,74.7688247856913
17153,77.6046766504983
17154,75.3319096954922
17155,77.8639026755875
17156,79.4161012692217
17157,75.0829731326357
17158,73.8674419651729
17159,77.4126596735952
17160,75.2816345472866
17161,74.2880508053628
17162,75.951760615064
17163,76.3023710191355
17164,75.5878211142071
17165,78.2681469403409
17166,78.1068390152246
17167,76.6978277085174
17168,75.6743300258769
17169,71.9002903210502
17170,75.5992611127012
17171,74.4707732391698
17172,77.1520021574867
17173,78.6322007525743
17174,77.0165770353688
17175,76.7310471566979
17176,78.266891421907
17177,74.2570486699831
17178,76.9640865379054
17179,76.7761818447713
17180,78.2970089840013
17181,76.7933395354142
17182,76.2154020874745
17183,76.6230060722241
17184,78.2387648901227
17185,75.9192492841845
17186,77.3988487558983
17187,76.0121814060221
17188,75.56068729016
17189,77.180148878918
17190,70.1890003452492
17191,75.2767755417125
17192,73.8693396563139
17193,74.274613124822
17194,73.3103494861829
17195,76.9232044172277
17196,73.8057244528385
17197,75.9551701220179
17198,75.0181603264039
17199,78.1135800476469
17200,77.2622325518603
17201,75.8565282400797
17202,76.1586580837062
17203,78.6141256175591
17204,76.8486404209204
17205,78.6112330467498
17206,75.8350208787864
17207,75.711189930862
17208,76.8781039463954
17209,76.1616098485068
17210,78.3311400180631
17211,76.7437810252653
17212,77.3555975110498
17213,72.6334820920364
17214,75.1295766002739
17215,74.3738528268048
17216,75.426976781838
17217,77.5941668870731
17218,76.8174519279254
17219,76.3407739182605
17220,75.8515072855384
17221,76.4566005491963
17222,76.4898404996412
17223,77.2641142938497
17224,75.6409405816104
17225,78.3759953339144
17226,76.2154311509271
17227,77.4690807730189
17228,77.6313967270331
17229,77.956956391238
17230,77.6173969499309
17231,75.5173596989979
17232,75.1240493766051
17233,76.2175491626527
17234,79.4916485282658
17235,75.3183366937158
17236,76.3439775889249
17237,75.532032161476
17238,73.4046415234699
17239,74.9611907129124
17240,75.9182897692123
17241,76.7909579767397
17242,74.386449782487
17243,74.311978274104
17244,77.691342864934
17245,77.2939983499613
17246,78.3300172098564
17247,78.1721390892307
17248,78.0598485357814
17249,74.9651087045665
17250,77.1501166233863
17251,74.804909928952
17252,75.1876141022524
17253,75.5396101816273
17254,80.1893764027417
17255,76.4129962983419
17256,77.9443049613205
17257,76.1494344625795
17258,74.6915918755756
17259,76.594252334284
17260,77.2015712798915
17261,79.0433114214632
17262,77.6881428148885
17263,77.0611008932273
17264,77.2321595512971
17265,74.4166345003567
17266,79.2979162075893
17267,74.1421379577044
17268,73.5272899538735
17269,77.0902667724356
17270,73.2141395046989
17271,74.6023562732228
17272,76.4291042872116
17273,76.6611184328354
17274,76.6301251845829
17275,75.3841874879139
17276,76.2827591489851
17277,75.0004701516043
17278,65.2480181255673
17279,68.9950292897262
17280,72.7697723794753
17281,73.8978474267474
17282,74.4236874156702
17283,76.7086925120417
17284,74.7930121438083
17285,75.4820173653085
17286,75.0138049761597
17287,77.3954567099089
17288,76.4667862558976
17289,78.4217851583674
17290,76.3087509061584
17291,75.1873184446811
17292,78.7446742064774
17293,76.2364827502615
17294,74.7936221437614
17295,76.3173257284365
17296,77.484017174132
17297,80.1864585693391
17298,78.7249427978243
17299,78.2492034387031
17300,77.1138617283566
17301,77.2390070059464
17302,77.7517614319693
17303,78.2296776760242
17304,77.5506493742656
17305,75.8254441490693
17306,74.2675836320493
17307,76.6993062659719
17308,79.433063736961
17309,77.6188738492606
17310,78.5101668187973
17311,74.8679562442171
17312,77.9412432936236
17313,74.9139074404692
17314,77.2524141325518
17315,77.3483409512337
17316,77.097190734265
17317,76.9407577935685
17318,74.8687276549193
17319,76.7291173409438
17320,75.1644352732528
17321,78.0931114748927
17322,75.9471883681747
17323,76.0504977496479
17324,75.7293372972831
17325,73.0095778670819
17326,74.6604890294899
17327,75.4994510514121
17328,74.3368910768735
17329,77.0065539871583
17330,76.4236858180547
17331,79.3571113637393
17332,75.7401292332056
17333,74.8324684280228
17334,70.8927192450454
17335,75.1508707848304
17336,69.0128650878065
17337,79.2588300593957
17338,76.4372771198955
17339,75.4353528260153
17340,76.2193980008914
17341,77.2589440120501
17342,76.8944017443426
17343,77.0756150192425
17344,77.0608240557784
17345,77.8009804552028
17346,76.6031823079747
17347,78.4912271099506
17348,75.335819206294
17349,73.773085462129
17350,67.4170224618582
17351,71.5011321928523
17352,77.4187707352864
17353,76.268705399394
17354,77.5771656421782
17355,78.0638660465855
17356,78.402312635365
17357,74.9726921972756
17358,74.9253495027392
17359,74.9179714562226
17360,77.4056588825403
17361,75.2696509572337
17362,78.0853715447742
17363,76.9743077449667
17364,76.4869023947923
17365,75.4723309850409
17366,77.8988206839718
17367,77.5211251129684
17368,75.8361404564693
17369,76.9976636106306
17370,75.1440839532266
17371,73.222400385528
17372,77.9470341275761
17373,75.1911719019347
17374,75.3156890590295
17375,75.813020607149
17376,79.2982510949792
17377,76.7340251796703
17378,79.1565217147464
17379,77.2272566975326
17380,74.4387972486708
17381,75.3368220919319
17382,74.566314327679
17383,75.0439116507836
17384,76.8466961171663
17385,75.3724192486937
17386,74.6192207203342
17387,76.5291096912144
17388,71.4667812908866
17389,76.5581304183032
17390,80.1534729099264
17391,78.9962127943386
17392,77.3525226928475
17393,76.5079217197472
17394,75.9592500689695
17395,79.2544958282733
17396,78.7155172290234
17397,77.4416574674122
17398,77.3999317383273
17399,77.442529166821
17400,79.4141822395967
17401,79.3056115321053
17402,80.3564805175543
17403,79.5832584517598
17404,81.3504075311351
17405,79.0987033220571
17406,77.117962017554
17407,77.4118875820512
17408,79.2063037058736
17409,80.505849713084
17410,75.2762981668891
17411,80.5864350690773
17412,77.4471315932431
17413,78.916436735641
17414,78.5757165175335
17415,77.8044844754434
17416,80.9329529277732
17417,78.6129083332993
17418,81.0355362157093
17419,78.7492799981618
17420,78.0929912595742
17421,76.6061126808857
17422,76.5338319533806
17423,76.6542165917884
17424,79.2970570866768
17425,77.7926268539257
17426,76.8805640248107
17427,75.4572471806803
17428,77.1555053388938
17429,77.0571088943574
17430,75.1629284822326
17431,76.1281061253788
17432,76.1817208531762
17433,76.8968168682215
17434,77.0725481200004
17435,76.0309626549213
17436,79.4362777657649
17437,78.8364616189777
17438,75.4976374694947
17439,80.5818819624481
17440,78.4080557641296
17441,77.9586744867319
17442,75.6359187786323
17443,76.6476791440313
17444,78.5709160492333
17445,79.5053932126819
17446,78.7605846812325
17447,78.6982271379742
17448,80.6008384522045
17449,77.5064698860403
17450,78.341901295095
17451,77.1796323068883
17452,73.3934146316081
17453,79.6553983564232
17454,78.0025114126128
17455,75.9547235581583
17456,77.356777253686
17457,79.5562983713156
17458,77.0112491878916
17459,77.3723819039797
17460,78.7382336602734
17461,75.0812112354019
17462,74.4256591020128
17463,72.1056082786644
17464,74.6364680163266
17465,79.1067679210965
17466,77.8133625832517
17467,77.8324130240816
17468,76.9661865475159
17469,78.7064421244445
17470,68.5802958816105
17471,75.34674396094
17472,77.4942071481062
17473,79.2970522605279
17474,78.728330550386
17475,77.3331613764404
17476,78.5852340510561
17477,79.6593989604184
17478,76.4403605941408
17479,77.9670379881968
17480,81.2822714015489
17481,77.9791625099352
17482,76.9148201744161
17483,78.2997446226286
17484,80.6833324762624
17485,72.35440719944
17486,79.0123675371436
17487,80.8738150864439
17488,78.5399751384388
17489,77.0795577194763
17490,76.6657457532559
17491,79.4553293996737
17492,80.4035265803389
17493,77.2218452319044
17494,80.3396824346327
17495,77.5982458159173
17496,77.3868442513046
17497,69.2583029069821
17498,69.5370046059082
17499,73.9808936517359
17500,73.6846443247175
17501,79.2348324392796
17502,77.1571847315857
17503,78.3150437270874
17504,80.2113237072571
17505,77.9966738142842
17506,79.3800728808137
17507,75.8153135816142
17508,77.6510769098653
17509,80.8504621260315
17510,79.5364706178988
17511,79.0975072061028
17512,77.4010177506795
17513,79.4087158092935
17514,77.7454774679393
17515,78.2813678746779
17516,79.2756195176729
17517,78.5801515494449
17518,79.3216935665797
17519,80.9064530382217
17520,80.0751826341876
17521,75.9097819923161
17522,77.8743189614607
17523,75.2746096737692
17524,76.634736427095
17525,79.1086296792776
17526,78.3706517469849
17527,80.7635744347729
17528,80.300804757976
17529,80.8276932744387
17530,80.116883336859
17531,76.7717397614265
17532,78.6902000556138
17533,77.4940639533141
17534,76.3140594627858
17535,79.0738569274851
17536,78.2220581400283
17537,76.8701170329551
17538,77.3038846008816
17539,73.8233261280308
17540,76.9399174369356
17541,79.1540729033484
17542,79.4461696775559
17543,77.3614841052947
17544,80.0551981860451
17545,78.1624707969565
17546,77.1462442063805
17547,76.134125178214
17548,80.5259414764527
17549,78.9153127641583
17550,78.4340064516105
17551,76.5896680305341
17552,79.0950548078989
17553,78.5791931610063
17554,80.0246304169312
17555,78.5993470822101
17556,73.7781073358461
17557,78.5276387930882
17558,77.2195411718533
17559,76.9735359724573
17560,79.0402726610036
17561,77.2184479847458
17562,73.1077642682083
17563,75.2633804195439
17564,77.6095753698424
17565,76.5857109344387
17566,77.8653300411719
17567,76.4151201994637
17568,76.7621745703428
17569,75.7660978940402
17570,78.9364589546983
17571,79.3040316614828
17572,77.0838736101687
17573,77.9082302649544
17574,75.8962191601864
17575,78.0663663272812
17576,76.6990677506096
17577,77.0100907092053
17578,76.3567929038984
17579,74.9559065680415
17580,76.7628805509108
17581,76.6096932050343
17582,79.7647443491711
17583,81.6822878776078
17584,79.2122609163155
17585,78.6431810884282
17586,76.2569030313868
17587,74.401741823273
17588,78.7674572859527
17589,79.1542691202806
17590,77.445329058599
17591,80.4946600260333
17592,77.8434401367592
17593,72.782603719741
17594,77.6268306414895
17595,75.9298249632238
17596,73.8088620958
17597,75.5169875821585
17598,75.2983249807085
17599,79.2540550257523
17600,78.6954264350333
17601,79.5299233140667
17602,80.4516275473136
17603,77.1162410261251
17604,78.0859554165995
17605,77.8836477752214
17606,80.2007992044784
17607,77.1100194959776
17608,78.1988941511562
17609,80.5968754882985
17610,80.6445908535717
17611,82.7695449360181
17612,77.9170369542608
17613,81.1890251353979
17614,76.5322285599913
17615,74.1413317070107
17616,78.3237541015266
17617,76.7939607869985
17618,79.3973912754191
17619,77.8758570742388
17620,81.8500830232454
17621,80.8647124423303
17622,78.4989801663058
17623,80.9649918917573
17624,77.3996639520297
17625,79.2264641149503
17626,78.3089518717013
17627,78.3465262234164
17628,75.001793804427
17629,78.3312241444177
17630,74.9824094374582
17631,76.490816085083
17632,70.4889153106586
17633,78.1225359495662
17634,77.7957511575838
17635,77.2318364352705
17636,79.2164759816046
17637,76.4320672011538
17638,76.990224672119
17639,76.8279386534923
17640,75.1122777577804
17641,80.8482304707003
17642,77.2370465412819
17643,78.6587287937037
17644,77.4787266411323
17645,76.4081747390254
17646,76.6040233284347
17647,77.3053188537915
17648,79.932318666013
17649,76.4052941644118
17650,77.7974775559
17651,79.3834398803944
17652,78.9479275072835
17653,76.6126408110181
17654,76.2186518294932
17655,73.6320683517397
17656,75.5505847635466
17657,76.8894614764704
17658,80.8232619679139
17659,78.1582363579108
17660,74.1953371745741
17661,75.3336896976759
17662,76.6843096725828
17663,72.0235996897775
17664,70.757811209823
17665,76.4536670984888
17666,77.0717959236749
17667,76.6034285145184
17668,79.7519468466391
17669,76.7734352010706
17670,77.9080054349621
17671,80.6914517441514
17672,77.0460504534149
17673,79.9530251408234
17674,80.9795735602502
17675,79.3982613929314
17676,78.8947242064033
17677,78.7118443477696
17678,80.2507933313792
17679,78.1137995065577
17680,78.8834470753551
17681,79.4259620792251
17682,79.2953480685304
17683,75.4004363431821
17684,69.6333045168961
17685,76.6798026887919
17686,75.505818880543
17687,75.4461901382241
17688,79.5476245283106
17689,79.9073354024281
17690,78.5908752317883
17691,79.6626810112471
17692,81.8687785838245
17693,78.51583370197
17694,80.1040998763042
17695,79.5868254178717
17696,79.7005945406664
17697,78.0497920135164
17698,78.6781874865521
17699,80.825862631435
17700,69.3445470658656
17701,71.4000084196867
17702,76.0074706994141
17703,75.76309834583
17704,76.8059171892768
17705,78.6064059827319
17706,81.3520534172236
17707,77.8669220445428
17708,81.4160531819838
17709,79.1608861432588
17710,77.5492839289516
17711,78.598708199395
17712,77.5020804958132
17713,77.5090457671132
17714,80.3903051524875
17715,78.4341022771977
17716,77.2921497782577
17717,75.5550392274626
17718,75.4529430912175
17719,75.6585006324977
17720,74.6967326212117
17721,77.753286435372
17722,80.3120368704659
17723,80.1697695201502
17724,79.9195866123223
17725,75.5500036274883
17726,80.1667039828894
17727,81.0261491997396
17728,76.739152535196
17729,76.3459841450212
17730,77.6172451423947
17731,78.5191154446603
17732,75.3413680894546
17733,71.4471116645811
17734,79.5788050676873
17735,77.6187170210944
17736,78.3876919461345
17737,79.4595910706597
17738,77.2228160123215
17739,78.4151716618123
17740,77.8124702396137
17741,77.5344600047566
17742,79.8517509287993
17743,78.3224727168742
17744,77.3261403362566
17745,80.1179045590993
17746,78.4528672754384
17747,80.3704666861582
17748,77.985709379923
17749,79.5886242354525
17750,78.8506131379635
17751,79.568127253219
17752,77.9120600239456
17753,75.8745517128324
17754,78.9444380049621
17755,74.0958844628509
17756,75.9855539690031
17757,77.9507415106826
17758,78.2106192232512
17759,76.3728320346575
17760,80.9942405568503
17761,77.8556683719564
17762,77.7599767073891
17763,74.9116923076969
17764,69.8153595767063
17765,69.9700518573591
17766,75.0348933362418
17767,79.4453012253203
17768,76.3248668979168
17769,78.1764958159275
17770,78.9659794952892
17771,81.6149076656645
17772,78.136967807514
17773,79.6663984959106
17774,77.5268415646227
17775,80.0417511227333
17776,77.9168567686345
17777,76.832119937086
17778,76.7757683251015
17779,78.0143863476119
17780,79.4633814235178
17781,78.8802878132462
17782,80.0001504481834
17783,82.3066157658286
17784,83.9374224248567
17785,77.5147171310717
17786,77.6450310997021
17787,76.4799509982244
17788,76.6875170766352
17789,76.539149955645
17790,77.6482861734542
17791,71.5857797652696
17792,75.1852533135072
17793,76.2032147393958
17794,79.7560461356161
17795,78.70751324922
17796,79.0973011780085
17797,79.3214281496156
17798,81.0981074525264
17799,80.977622482673
17800,79.3593434710911
17801,79.3856329192243
17802,78.0581819487458
17803,78.7406298204298
17804,75.5882322431959
17805,79.2521738698391
17806,77.5171788310939
17807,80.9269873879566
17808,78.0304250568379
17809,78.3737206543981
17810,69.8708075963225
17811,79.9500732165349
17812,79.7430687708969
17813,78.0055643411359
17814,79.192404826097
17815,75.4956125976251
17816,77.9732331154656
17817,80.5328214991654
17818,76.3585020958731
17819,75.1234377721919
17820,73.8475119795062
17821,73.7064842237556
17822,76.2077721461054
17823,75.8523550038217
17824,76.0492001444708
17825,76.1767016644307
17826,79.7415913588054
17827,77.3906025816984
17828,76.3173257284366
17829,75.7761819836394
17830,76.3518754790585
17831,78.1717674629033
17832,77.0707277882805
17833,74.9672447685496
17834,77.0391604231643
17835,79.2062205496946
17836,81.3869282292436
17837,78.1880503249327
17838,76.4536670984885
17839,79.6074342319654
17840,79.2413473234064
17841,76.053677883057
17842,78.1316566410587
17843,79.7093858912131
17844,75.2053094063199
17845,77.2880717531702
17846,77.3196952882626
17847,75.7210688577531
17848,77.1196629550023
17849,78.508537552216
17850,76.5489996267156
17851,78.1415041974143
17852,79.6062766389881
17853,76.1998602733388
17854,79.2963673793532
17855,80.0545597391376
17856,80.200275223558
17857,80.1366068187143
17858,77.2575073543163
17859,79.8332168566764
17860,76.8496403429369
17861,77.8213674293144
17862,77.3675684651798
17863,78.8098497802529
17864,76.8068729123887
17865,77.4107351350447
17866,79.3669563778882
17867,76.9091336870493
17868,75.1901924041235
17869,74.3566455666676
17870,82.4593391756364
17871,76.3871417490748
17872,79.7335057064066
17873,75.2635999472804
17874,77.6778220317599
17875,75.091301028481
17876,73.471754446196
17877,76.5668167599717
17878,78.7299479576603
17879,76.7988814525351
17880,78.5932535761898
17881,81.1509685030622
17882,78.1570488472187
17883,79.9037652816664
17884,79.4715956202481
17885,79.158453291685
17886,74.5737788196318
17887,75.2018779075064
17888,78.0829895765661
17889,72.2422800770072
17890,80.2729990346583
17891,78.3432719059325
17892,78.045200919873
17893,78.0811634739817
17894,76.232468487936
17895,76.2316211258606
17896,78.3554579451785
17897,77.9078195181516
17898,76.7629962727514
17899,74.1895569504872
17900,76.779692801577
17901,74.3799346029707
17902,77.8497800578047
17903,79.4327192804082
17904,76.1348662722416
17905,75.0933709553508
17906,72.8803862783872
17907,79.4039037649192
17908,75.417384074466
17909,66.8146137463407
17910,71.4228712601168
17911,65.695365674925
17912,68.3458593280931
17913,70.6681072414842
17914,67.6820170149368
17915,69.0189442600137
17916,65.9696712147038
17917,67.9659703816691
17918,74.9184936758559
17919,78.6821594086448
17920,79.1913881860025
17921,75.9716115756188
17922,67.0854323031767
17923,67.9179419722041
17924,66.824073984
17925,74.5007475052781
17926,78.4534910838914
17927,79.4719104306795
17928,80.1950347610559
17929,76.0248188715037
17930,76.8083664946844
17931,77.5859979100888
17932,77.9003643950762
17933,79.9186039027695
17934,81.7733496981879
17935,73.6020907510598
17936,75.7150101814187
17937,78.7309533321376
17938,78.7181541730758
17939,81.3680760251785
17940,78.6107734464704
17941,79.6876548893336
17942,81.626945911228
17943,79.0034632532073
17944,81.3213261625305
17945,79.0797877165774
17946,78.6208317090636
17947,78.1714154973176
17948,79.6534364375139
17949,75.7991528380114
17950,80.4321462156338
17951,79.0593510049024
17952,79.6802984564095
17953,78.6151006247586
17954,77.4492573202538
17955,79.1497079305152
17956,78.9719999653905
17957,78.0731913594487
17958,77.9671991559817
17959,80.586289218649
17960,77.7381858064958
17961,76.5749338397878
17962,76.4815195247585
17963,73.6044176341066
17964,75.2708439585242
17965,79.5817378346771
17966,81.1012959645537
17967,79.8350264910627
17968,75.647707543142
17969,79.5808608597182
17970,81.5234900189371
17971,77.9667251864839
17972,79.3082962239008
17973,80.8466466093755
17974,79.8569961068271
17975,80.2758929152888
17976,78.8510563223775
17977,79.044993570483
17978,78.0753891198563
17979,82.1474591195396
17980,78.4942283475734
17981,80.7450888934094
17982,75.9874044075
17983,77.8430951605012
17984,79.8707641551936
17985,78.9776378194503
17986,81.2508406927337
17987,74.2068873058973
17988,76.8636999900463
17989,67.8322637592378
17990,69.3687695008189
17991,79.0676546886473
17992,78.6325696374726
17993,76.1707180153783
17994,78.4742841943253
17995,79.4019227567101
17996,76.6292290656595
17997,80.1248154450008
17998,79.1424145060811
17999,71.91314778543
18000,75.2033014579482
18001,79.4307140295684
18002,78.5361315051878
18003,77.4864270452771
18004,77.7899317036907
18005,73.1450132490877
18006,75.8840006282889
18007,76.6184500872892
18008,80.0750874668253
18009,78.3224727168739
18010,77.4960810182854
18011,79.3256475408373
18012,80.4928945159317
18013,78.5592810616455
18014,77.6719069592239
18015,78.5291069090104
18016,77.875596607995
18017,79.6667131959129
18018,77.8478269821968
18019,78.4697208951935
18020,80.1113984204117
18021,77.2403587651677
18022,72.5680745141027
18023,82.4617417115297
18024,77.4444739506006
18025,75.3431154031924
18026,76.8506233879811
18027,76.1783826625516
18028,76.4096028732317
18029,74.5379579676263
18030,80.5421772103653
18031,78.8129997721583
18032,79.0967113682071
18033,77.7229178454986
18034,80.4725697027348
18035,78.0754669109921
18036,80.6773786081405
18037,81.1752897691311
18038,79.6637320077737
18039,82.1145395607732
18040,81.2178773861216
18041,78.793917424486
18042,81.2313634926529
18043,81.0858456384148
18044,78.5117411912479
18045,79.0601444044007
18046,73.5060183421843
18047,74.2535202968596
18048,79.3835960457773
18049,77.6816298978497
18050,72.758344667098
18051,79.450647553381
18052,76.7874047178824
18053,75.963989239615
18054,81.7417988707334
18055,77.6458103151645
18056,80.9283789912242
18057,80.8031303944973
18058,78.7973384374661
18059,76.0620233272928
18060,77.2114535648263
18061,76.5169351698086
18062,77.0100849731887
18063,78.2950160457064
18064,75.9274997103494
18065,75.7164859563877
18066,80.5310225113415
18067,80.8461205267577
18068,77.3215851287886
18069,76.5030220672912
18070,77.7244713383751
18071,75.9939650709824
18072,77.3963389428287
18073,77.96959195679
18074,79.7302284002239
18075,79.0814716056922
18076,77.7662403972639
18077,79.0537169347651
18078,80.4416325786109
18079,79.8852699473667
18080,81.5477132175596
18081,78.7317412235333
18082,82.7338043549584
18083,80.7233160157678
18084,82.0808236252314
18085,81.707771412925
18086,81.9725650658673
18087,81.2660222775512
18088,80.3279126908484
18089,78.642120098299
18090,80.6730066533412
18091,79.6899004004932
18092,79.9752031602366
18093,77.8251570158373
18094,79.410060602623
18095,79.3086043325725
18096,69.8799795819759
18097,84.3776871605293
18098,80.6192163887365
18099,84.1128746079316
18100,84.6109349919167
18101,81.8126528056258
18102,80.3230770878008
18103,81.7654129901524
18104,79.3212270794567
18105,79.0132768662619
18106,81.4156469323763
18107,80.7571264602583
18108,82.0518408858696
18109,81.2359414524146
18110,82.8836037584323
18111,79.9453790045082
18112,81.9834909934816
18113,83.942884048948
18114,81.534101217765
18115,76.0437278307941
18116,69.6598458457614
18117,67.5732052848754
18118,66.7397295433342
18119,70.630829334123
18120,70.1252448018969
18121,69.2924535103705
18122,68.9157066940066
18123,69.9384084025403
18124,74.3976987481184
18125,71.6524992741783
18126,71.8090374420206
18127,73.5690247209355
18128,74.3586373147546
18129,76.5930447225446
18130,80.5403730096399
18131,78.8393391935634
18132,77.9124373114118
18133,79.2115146458577
18134,75.7636075060739
18135,77.5455792531295
18136,78.7110940531362
18137,77.9449591756245
18138,79.8195417580588
18139,80.2090544219589
18140,82.3653554148843
18141,78.5597537224316
18142,78.8203556184949
18143,78.5726740033587
18144,77.3405467192317
18145,80.4708270606877
18146,80.5020022942448
18147,81.0333124079235
18148,80.8474209336212
18149,79.0781223877026
18150,81.0751723547109
18151,81.1776115624365
18152,79.7761283641493
18153,80.3881822964331
18154,77.1573762042232
18155,71.4349179949391
18156,74.8460408913093
18157,69.5005036563785
18158,69.8045618668104
18159,69.9087348832904
18160,71.6408203221096
18161,68.3472247889968
18162,67.9222276735404
18163,71.4013536591874
18164,67.9760100740249
18165,69.4162410589065
18166,69.5808395998563
18167,69.7451206311459
18168,68.3682391197969
18169,69.9490219723828
18170,69.5706687092961
18171,66.7547022959569
18172,69.7142105450539
18173,66.6693990485157
18174,67.5695237988297
18175,73.2501737980501
18176,75.71133451892
18177,76.1786027248718
18178,75.3290575254404
18179,75.4686887839409
18180,72.2427716164366
18181,69.0100678153605
18182,80.3789979721626
18183,77.7699879555494
18184,79.4158449184464
18185,80.0586047787638
18186,77.6979028770343
18187,77.7717877857104
18188,71.9100931767789
18189,77.2841203655089
18190,76.9202732605752
18191,76.4080983687261
18192,79.8821884995729
18193,79.1132228934667
18194,76.9199610883019
18195,79.1085719983739
18196,80.1805894776572
18197,74.2604629788581
18198,76.2139117302829
18199,78.0271093180299
18200,71.8165904949732
18201,77.3755419162296
18202,76.0760997248263
18203,76.0064302016527
18204,71.0224285284245
18205,74.8802485631489
18206,78.9574247791529
18207,76.9574993139105
18208,76.2153800763169
18209,75.7592469995066
18210,78.6421130495592
18211,78.5506929903642
18212,76.3420446973233
18213,79.6366495495349
18214,81.8073498190784
18215,80.8151356822146
18216,78.426023111751
18217,78.6733872360667
18218,79.6724412206667
18219,80.0499998543602
18220,77.0128559950195
18221,75.3465763814065
18222,78.863908734569
18223,78.9568703019831
18224,79.1756036047225
18225,79.6205287072472
18226,78.5561946375922
18227,75.7951945519961
18228,78.3390349809745
18229,78.1596034688827
18230,77.2622848673189
18231,79.5982962312945
18232,77.9671991559818
18233,76.040860892219
18234,77.7621718062982
18235,82.217273827523
18236,75.278463270726
18237,79.6493771147263
18238,77.9408905852593
18239,75.2764565962101
18240,75.4141277920837
18241,72.573062052623
18242,74.3137405553322
18243,71.7661135062818
18244,79.1308764872616
18245,73.513102277277
18246,80.2870622515846
18247,80.3569992946555
18248,77.0018313568705
18249,79.0335181751395
18250,79.1963480851489
18251,76.0607315829129
18252,75.3095492778377
18253,77.8996630710121
18254,75.0146801283082
18255,70.0352156328975
18256,67.1630907107066
18257,68.2171107769457
18258,69.8054592546495
18259,68.0470488550149
18260,69.766071394926
18261,72.181338452959
18262,77.5958569838523
18263,82.0882802240679
18264,78.7261198646614
18265,79.6264473620869
18266,76.6706631190174
18267,68.4798035225457
18268,69.5461642531057
18269,65.4967298731458
18270,68.6200219799675
18271,72.5391978354978
18272,75.28517319439
18273,75.1494160527102
18274,69.8220662503676
18275,70.7590438602942
18276,73.611828191814
18277,73.3388715987199
18278,73.5239493905958
18279,75.6417389091793
18280,73.8733222498209
18281,71.4810878672303
18282,71.8048853418625
18283,72.7123302274495
18284,74.0608412441935
18285,67.3464577015027
18286,72.6130574620349
18287,76.8171538579566
18288,76.4221742274425
18289,68.5252327890839
18290,71.7874162281781
18291,68.3205637197742
18292,68.3113399947249
18293,69.49892530075
18294,68.255778384629
18295,71.5636028736423
18296,76.4232326379047
18297,77.3759144489898
18298,76.9266185668155
18299,79.8672180220644
18300,76.6977506604943
18301,79.4068355045855
18302,79.2146789257324
18303,76.9030287771172
18304,75.8396859069018
18305,74.9291855873871
18306,77.3682992756749
18307,79.0585865366186
18308,74.7589148626681
18309,79.0077364666983
18310,78.6311874791661
18311,78.9846844683721
18312,76.8013437938114
18313,78.8441460919742
18314,78.9930718925825
18315,78.5151218959608
18316,78.0484983707634
18317,78.5135587076983
18318,75.730217237672
18319,73.7506315366383
18320,73.2189838749899
18321,71.9706764700518
18322,72.8520088618653
18323,72.1918157536903
18324,68.6275038586892
18325,70.0136877258743
18326,75.0502540762012
18327,72.6309164337836
18328,69.8536450868546
18329,72.0213771911724
18330,68.0792951181757
18331,68.7615444030183
18332,79.1227955736872
18333,77.5812175313583
18334,79.682026001516
18335,80.008543505677
18336,79.8411087282918
18337,76.680440811329
18338,73.4200329233213
18339,66.738175731598
18340,78.6436614857364
18341,72.5044515655857
18342,74.3749182921345
18343,78.4609343717398
18344,79.0514921299275
18345,74.5455323941864
18346,74.1255314485187
18347,71.9550644832929
18348,71.6861407931261
18349,76.072036471549
18350,76.1161121283207
18351,79.1298808096123
18352,77.0758107894704
18353,81.5479958316647
18354,78.4912306536294
18355,80.4596311115315
18356,77.0839370185281
18357,74.4718025435171
18358,78.0028608763275
18359,74.3123848859963
18360,71.7342483305462
18361,70.0419376796538
18362,73.2925267201386
18363,77.9217406243478
18364,75.798937841666
18365,77.7790374319128
18366,78.7157349114225
18367,77.1880984259854
18368,77.4569707515369
18369,78.3293280424325
18370,77.5595735999988
18371,77.7005333498769
18372,79.727607929985
18373,74.7744720054429
18374,69.2993003094403
18375,77.5367787390036
18376,81.9470123237445
18377,81.2764220632276
18378,76.3245476266366
18379,78.6193113641777
18380,78.9053388759334
18381,75.9930199682379
18382,77.5303082343777
18383,77.2380261785665
18384,78.5858229661206
18385,78.9266542755194
18386,77.3958262281691
18387,77.9126099724417
18388,77.2898667888194
18389,78.4031379256444
18390,76.2302266873412
18391,81.3867877811067
18392,74.8855677552579
18393,78.0740644038254
18394,77.0208456523088
18395,77.9820197697477
18396,77.820840510611
18397,74.1707534982004
18398,77.5685096893131
18399,79.8667465987291
18400,78.7080503074289
18401,80.4179934602633
18402,79.6920794672474
18403,77.4456911997104
18404,75.4809005626908
18405,76.8935041361936
18406,81.594738347438
18407,76.0327516208809
18408,76.0826395898601
18409,81.0621746632214
18410,77.7689077579095
18411,75.8893779964197
18412,78.7777074559705
18413,77.8306963437707
18414,74.8328608279454
18415,77.2821705294307
18416,78.4750890891399
18417,76.3530948837457
18418,72.5256217147261
18419,75.9470382498257
18420,79.0438613343904
18421,78.756855440127
18422,76.9618558673735
18423,77.8429165693316
18424,77.4692718067175
18425,78.0351746136877
18426,75.3514191506763
18427,79.6508337869809
18428,75.4628922185956
18429,79.2444755448727
18430,79.1868942236218
18431,78.9702028129784
18432,77.8159994133895
18433,81.7338149007507
18434,77.7454127129813
18435,79.837105631749
18436,82.007687711856
18437,81.4460892744526
18438,79.6487838523908
18439,82.0068122619007
18440,78.819426384647
18441,79.3506481431744
18442,81.7135793483391
18443,78.1638933482388
18444,78.564453728153
18445,79.1474476176391
18446,77.3782837471645
18447,79.5848174503131
18448,76.8132157714666
18449,80.7041780043613
18450,79.516054763091
18451,78.9733402737414
18452,76.7703994702798
18453,79.2979184801979
18454,81.1622690381231
18455,78.8983356130397
18456,78.0444830618467
18457,76.9542531133754
18458,77.2003519900491
18459,78.2240041557189
18460,79.6630205500155
18461,78.4443135913047
18462,78.6207174865935
18463,81.10494541323
18464,78.4392545586467
18465,78.5000947903317
18466,79.3204926145269
18467,78.7050488101212
18468,78.0007341251692
18469,80.2175288261096
18470,78.3664474792056
18471,78.6146636441961
18472,76.4849264063201
18473,78.4450946227162
18474,79.9129698598216
18475,76.3455506531668
18476,80.2618058935496
18477,78.9061458121896
18478,77.0736906530583
18479,77.8230031731044
18480,79.4894331106104
18481,74.8911746783681
18482,70.5833196182004
18483,73.6606671095864
18484,71.891802226802
18485,72.6140211193605
18486,77.4662507655074
18487,78.753001634717
18488,76.4159985058479
18489,77.6527055966623
18490,78.1075761920737
18491,76.5351648762338
18492,77.8152435411398
18493,77.9260925512428
18494,79.6484589017624
18495,77.5494803639722
18496,76.7236500760343
18497,76.2678570567251
18498,78.4057975084395
18499,78.1790242553683
18500,79.3932312865103
18501,77.534095215934
18502,77.408200622531
18503,74.1468659725339
18504,74.8684765959234
18505,72.5991239130594
18506,75.9333376916769
18507,74.0116160720048
18508,74.6916770621148
18509,74.5789120744797
18510,80.203494901446
18511,80.2675426943155
18512,79.3317546425188
18513,77.7398184275951
18514,78.8785651106679
18515,79.1967272065012
18516,80.7193926461874
18517,80.1055793398357
18518,79.5708191913239
18519,79.0433298964101
18520,78.4179992539317
18521,80.6813162205794
18522,81.5819086212445
18523,81.7740386393673
18524,76.3021439772036
18525,80.651463403296
18526,80.4500438525282
18527,78.733024623166
18528,78.9928403076962
18529,78.2191281964429
18530,78.0532498184132
18531,73.0305627524564
18532,77.7016861881955
18533,79.5992361489007
18534,78.0187209501512
18535,76.1666899376133
18536,77.2916274447801
18537,75.8156260050393
18538,77.2639384187247
18539,75.5703192244167
18540,72.8450451914031
18541,69.729529706511
18542,78.5813243085908
18543,79.7599010718093
18544,78.8322286061306
18545,75.9234609398338
18546,77.890804989383
18547,77.2070351920136
18548,75.7768615712408
18549,74.4996334643201
18550,79.0625937522809
18551,74.8225665037843
18552,78.6404136291474
18553,73.5779909957542
18554,73.1133416091336
18555,75.9011104789113
18556,76.640531658598
18557,77.3849787248176
18558,76.3673846392151
18559,78.4403102610461
18560,77.5040582775849
18561,72.5409610142565
18562,73.9308964138975
18563,78.1716915978552
18564,75.546573248112
18565,74.9949643680356
18566,73.9019799080171
18567,77.4981163819315
18568,75.6759488918871
18569,77.9505468890558
18570,77.3640924179765
18571,78.5185205252112
18572,78.5333519716913
18573,79.2646165966711
18574,79.8682707734447
18575,75.4983410850322
18576,78.056783957946
18577,80.6387369291683
18578,79.9423195190674
18579,78.7238018608389
18580,78.8109549870289
18581,77.0213313184088
18582,79.6997046109021
18583,72.4141606609489
18584,80.9083175970712
18585,78.8332743998994
18586,81.7502697595365
18587,74.5998648374284
18588,76.3445856597527
18589,79.8497793549448
18590,76.3811139927792
18591,78.4594315454272
18592,76.7393754069115
18593,76.1814892541233
18594,79.4942046738711
18595,73.4644739061301
18596,74.4707542359962
18597,72.547189296808
18598,72.7573797129207
18599,74.15161915058
18600,72.242814714514
18601,72.8426063440094
18602,71.8635890452098
18603,72.0551665028572
18604,74.990063793254
18605,74.9362731826711
18606,74.0951353507684
18607,73.4632462197499
18608,75.4281633424418
18609,72.2275999021909
18610,69.4858279337777
18611,71.7584652866792
18612,70.6954320494317
18613,76.5126408047777
18614,78.9522375059588
18615,77.3173407594701
18616,79.9572493158754
18617,79.4990551411851
18618,77.5107992843513
18619,77.6533516730669
18620,80.9507797344798
18621,81.0621746632207
18622,79.338831644304
18623,79.7130687274349
18624,78.8226572273604
18625,78.948634541529
18626,78.9726501510533
18627,75.8562159754727
18628,75.4913209503041
18629,72.8603062849061
18630,72.5726152153625
18631,75.7443279141202
18632,75.9711269096128
18633,74.8614426147596
18634,75.427010942329
18635,73.7644010233201
18636,72.7824001216595
18637,70.209482760255
18638,72.8272221057226
18639,72.6423796171263
18640,71.760773905838
18641,80.8382011199324
18642,78.6985074452864
18643,77.241779199671
18644,78.6180846114369
18645,77.216884603168
18646,80.2591704422299
18647,77.758980775258
18648,75.6023513448905
18649,75.7250220490679
18650,78.4769752970082
18651,76.0350524863793
18652,79.9701207090336
18653,76.7674704233024
18654,76.3269713417221
18655,70.3266667323396
18656,71.3794697614549
18657,72.2874323075135
18658,72.6800850530533
18659,74.3319204019634
18660,75.908647812468
18661,76.8503556403569
18662,74.4444224245923
18663,75.1598523889293
18664,73.8783161154867
18665,74.5587415606786
18666,74.2883390722396
18667,77.0911080972834
18668,74.8392893580233
18669,76.0782973630483
18670,77.123059298593
18671,79.8003009005923
18672,79.7334784173013
18673,78.341765871371
18674,78.7232070473532
18675,73.2280289254773
18676,74.9820177436955
18677,76.4828299050574
18678,77.2616179895869
18679,76.9950895543248
18680,76.1420298911063
18681,73.9341521641065
18682,76.2947465636156
18683,75.5650270652314
18684,77.68518751966
18685,76.3102056682403
18686,72.4759125076052
18687,72.1235105059187
18688,78.6767129832378
18689,78.258024396254
18690,77.8891896929585
18691,77.311823879179
18692,77.1531094765533
18693,76.3838974127568
18694,74.7266256279217
18695,77.960606192295
18696,78.5369965923967
18697,77.7023731458278
18698,79.9567724628408
18699,76.2622457889377
18700,78.5250614553283
18701,77.48371430556
18702,77.0702605885184
18703,77.5147141673986
18704,76.4917217370884
18705,77.2214276908752
18706,78.1263576097213
18707,78.6775996271354
18708,75.9678995554445
18709,75.8952625806305
18710,78.8313446071136
18711,76.7269415869654
18712,78.2790296551763
18713,75.5873226458914
18714,69.8121037140752
18715,78.124075531403
18716,80.1725580167163
18717,77.5567201363513
18718,76.6226292390126
18719,78.657912597729
18720,76.395439711338
18721,71.4414057357867
18722,69.5972566474979
18723,72.4172883029357
18724,77.5107691828327
18725,78.8105115637815
18726,80.9267463827482
18727,79.461408172606
18728,78.2747795887826
18729,76.6188187442758
18730,72.2386596992328
18731,70.4809731093648
18732,76.4501090933945
18733,79.0317953916864
18734,77.9255134420361
18735,76.8925281630549
18736,80.3122165007512
18737,79.1901820222974
18738,79.416952986196
18739,79.6754317723556
18740,78.9579491558804
18741,79.9805890175552
18742,81.9035070950268
18743,77.8767035945868
18744,80.1185623737671
18745,81.3279190862496
18746,81.4784852976466
18747,78.462426327813
18748,80.1539659334319
18749,79.9325113825231
18750,78.9231326273278
18751,79.6737784784212
18752,79.0556470268471
18753,80.0260697244983
18754,79.8600435443622
18755,77.0997794980764
18756,76.5473218162961
18757,77.5817240457765
18758,78.1285749584476
18759,72.6502523721334
18760,68.3643894655095
18761,75.3392169089831
18762,70.982345729373
18763,73.7501365626225
18764,79.2388275249683
18765,78.1143822375639
18766,77.5477283282329
18767,78.6979353208952
18768,78.3672151916704
18769,78.6804363466791
18770,72.1364545153513
18771,74.3256901053957
18772,74.244644806413
18773,67.5494842924428
18774,73.9211190925358
18775,76.2388772331243
18776,79.9285821441812
18777,79.7252459207568
18778,77.6261061967436
18779,76.1441570545646
18780,80.6839212264885
18781,78.706010969535
18782,78.9523015665702
18783,76.7485994732392
18784,74.7416145076472
18785,79.7275390074876
18786,78.3559876983265
18787,75.4949151137705
18788,78.2997446226281
18789,72.8755645327595
18790,66.3674644320666
18791,74.5144582852893
18792,78.7735383393153
18793,78.5287577470523
18794,81.6028204795131
18795,80.9211033706987
18796,80.6045151574765
18797,80.2231294756369
18798,79.425896726294
18799,80.0095410073988
18800,77.0515351081289
18801,80.40463211632
18802,78.9779221457932
18803,76.7352970077668
18804,79.7467283160159
18805,82.3150154612085
18806,79.6599385393629
18807,76.433344757478
18808,77.6383018141321
18809,80.3480506743903
18810,74.7793169443712
18811,69.8854174039627
18812,84.7921648145021
18813,80.4800785048931
18814,84.6040885055253
18815,84.436977352899
18816,81.4280871769573
18817,81.2967894209742
18818,81.3078230457201
18819,79.3412744664595
18820,79.426333553335
18821,81.3907150860554
18822,80.7960987420252
18823,81.3608016860068
18824,82.3266324548509
18825,81.876288296293
18826,80.284354612684
18827,81.3897278207924
18828,83.3754818530367
18829,79.6559939002018
18830,75.8790638912765
18831,70.4171905307597
18832,70.2791147182522
18833,69.6013632872244
18834,69.9755642740445
18835,68.282709620052
18836,69.2290382430617
18837,82.9865819973627
18838,79.4126368469098
18839,73.4220283886672
18840,68.990891182222
18841,70.3185541898587
18842,67.321753835639
18843,68.7299541507518
18844,73.2443472838897
18845,69.5009099060011
18846,71.3067855914304
18847,68.7929689517155
18848,70.4164003126168
18849,64.2443752893068
18850,65.1933301456496
18851,69.7286860792212
18852,76.0521941135391
18853,78.7125430251296
18854,77.396802407951
18855,80.5646752950806
18856,76.2212036657332
18857,76.3426500769474
18858,78.6770834666846
18859,75.1072879398556
18860,70.6379040368296
18861,72.2292493939956
18862,75.6041476837528
18863,80.8144162234464
18864,77.6286385727932
18865,77.0929686906661
18866,79.4781568779206
18867,76.0559986476096
18868,78.6526467483377
18869,78.1736761428159
18870,78.0580908500202
18871,77.8309670504023
18872,79.613078239307
18873,74.47772118695
18874,77.1804365116025
18875,78.6873129901232
18876,77.1232259956628
18877,77.2436366016088
18878,79.724656466937
18879,76.6637632119658
18880,77.4673989462879
18881,76.1020441757041
18882,74.4384024305758
18883,70.9930937836797
18884,76.3820457885309
18885,77.2940183476937
18886,75.5537721321638
18887,72.4558106129749
18888,77.7894729708615
18889,77.131725469545
18890,80.7200856974507
18891,78.6893530233535
18892,79.7768808833612
18893,78.6330731803788
18894,79.1004796515748
18895,78.9958130971421
18896,78.0002811440801
18897,79.5588999163015
18898,77.710904664309
18899,78.5927048352546
18900,77.4997515515892
18901,79.9447528806309
18902,80.9339565149987
18903,76.8941236482664
18904,79.1488804989197
18905,79.2133783187075
18906,81.6366931969139
18907,77.3113293048002
18908,80.239622850391
18909,75.0542280868326
18910,80.8968447596503
18911,77.7073785514758
18912,78.4236055430674
18913,76.9499028008617
18914,78.2548817326263
18915,81.1915301789513
18916,80.2757786004822
18917,79.923141204619
18918,79.6817207282975
18919,77.9336828175968
18920,78.1377406461959
18921,72.7248708438887
18922,79.8465200114022
18923,74.7471545602309
18924,77.3399866374962
18925,75.6558126082331
18926,75.8731543575021
18927,73.318744931186
18928,78.5732763087018
18929,79.5108293291592
18930,78.396345031064
18931,78.4091782083179
18932,75.7396964714837
18933,78.7999220451338
18934,78.9950906397551
18935,79.3221617451863
18936,78.0077684744291
18937,77.9591159950135
18938,80.726408207055
18939,82.1374485762872
18940,78.6998036528285
18941,78.5303746985851
18942,79.1498626898918
18943,77.4995550009565
18944,77.8938614156735
18945,76.2006429446155
18946,78.3794091275308
18947,72.5237989689302
18948,71.0043314340875
18949,80.133339463086
18950,74.1393406159465
18951,69.6274428501271
18952,72.1320725079207
18953,75.5522842842641
18954,77.9564267259414
18955,78.7791157330627
18956,78.5251660984057
18957,75.1060548697059
18958,78.6741011448757
18959,81.8374344742056
18960,78.4031379256453
18961,77.9219042850485
18962,77.9231341967682
18963,75.058801075538
18964,69.7863525576521
18965,73.9549718951253
18966,68.5981361054412
18967,70.9487609191387
18968,69.7896028260163
18969,65.7716948347308
18970,71.8094685955434
18971,76.2904587210115
18972,77.633132017524
18973,75.3638458144686
18974,77.2122916561887
18975,77.7378538242385
18976,79.5589171823211
18977,78.0048706393658
18978,76.5281962734837
18979,78.713523089753
18980,76.9562012876344
18981,79.2339021662884
18982,78.6904079304056
18983,76.5822071931009
18984,78.4562066507307
18985,69.790814388848
18986,64.211124186556
18987,66.5370183861476
18988,70.3589352339116
18989,66.2048921695732
18990,70.4324662286849
18991,69.2795603303846
18992,66.6339248384095
18993,69.6899585865904
18994,66.9747661622275
18995,68.212008229803
18996,65.4921686592841
18997,64.0595692437984
18998,65.9985798833277
18999,71.0461888511331
19000,69.5793502124297
19001,66.9614293964725
19002,69.8672459185908
19003,72.3199840576921
19004,68.8365052123824
19005,66.0584983987539
19006,69.1061967895083
19007,65.4289717205344
19008,71.8546375086213
19009,70.1814815163255
19010,68.196791540694
19011,68.2096040934071
19012,70.7125017842577
19013,74.019294260326
19014,68.9805095127153
19015,68.8425889659557
19016,67.5995553270012
19017,74.65291296754
19018,71.9200007164001
19019,72.272557637542
19020,71.271550522071
19021,69.6135616932972
19022,64.2539222005524
19023,66.674613640799
19024,66.7605808764083
19025,65.7592480326098
19026,65.2184356716507
19027,72.7004319829446
19028,73.9414087699871
19029,74.0523246910681
19030,73.7789233694326
19031,75.4773736392112
19032,74.9639653088197
19033,72.8772581093533
19034,73.9733328034526
19035,75.9879957683872
19036,74.7801091737468
19037,75.281136706971
19038,74.4391912465783
19039,73.4075578020344
19040,72.7724918126423
19041,72.4267596697971
19042,69.2822358505626
19043,71.5034325721636
19044,79.806783980762
19045,76.4803816634962
19046,77.4357139257319
19047,80.3291897080119
19048,78.472749256435
19049,77.4731123813446
19050,77.06987752557
19051,77.5107992843514
19052,78.8335019651652
19053,78.1009486819229
19054,77.2658730891602
19055,79.6754317723559
19056,77.9139137581706
19057,72.8023499702518
19058,74.8557740211468
19059,77.9912282215735
19060,75.3866671073653
19061,75.3140891649318
19062,76.4030085301279
19063,76.5018689009958
19064,75.2783681269703
19065,80.8845393450033
19066,80.4725497652359
19067,78.3445743553717
19068,79.2972362284776
19069,75.4079081749691
19070,75.3742478392602
19071,80.0119332286984
19072,77.387201661459
19073,76.0077900770018
19074,77.0276260895491
19075,78.8491768969848
19076,78.0398150825437
19077,78.1081708289268
19078,79.4316410145453
19079,76.0736815700422
19080,78.3361802672928
19081,79.4008666584016
19082,80.4292813986365
19083,76.5655188299968
19084,76.8109308582083
19085,77.5116217968903
19086,80.9311400464021
19087,77.393681317256
19088,75.6275371740131
19089,71.3561302286402
19090,73.0141585806608
19091,75.3283646648129
19092,74.8568804622245
19093,75.4474877794084
19094,71.4138327386773
19095,77.1119397870124
19096,78.4394114214856
19097,77.0043275370364
19098,78.0566640842958
19099,77.7882475149392
19100,76.9244078974354
19101,77.9954779058012
19102,79.2096827541604
19103,77.2182720754861
19104,77.9643307717279
19105,78.398380928662
19106,76.3270423982834
19107,75.6473979379885
19108,75.18767427532
19109,75.1637622599417
19110,77.0369852891811
19111,76.2219250322598
19112,77.732230053479
19113,77.2297752265813
19114,77.1074223043565
19115,78.083629271121
19116,76.8436003756762
19117,79.2864342534335
19118,78.4744555077378
19119,81.8345803370905
19120,76.9801169624226
19121,80.4401249049346
19122,75.1367358488487
19123,77.7093324456119
19124,79.9321101381116
19125,77.5490034123692
19126,79.5930431465409
19127,77.8497249009727
19128,79.7116209544527
19129,79.4931561903915
19130,80.7905999727142
19131,81.7015400531129
19132,79.8653661034096
19133,80.6740974505475
19134,79.1379042717957
19135,80.0228403677807
19136,78.1000189954329
19137,75.5648494942183
19138,77.3426287158305
19139,80.9143320711856
19140,77.2097438333723
19141,80.6164009628245
19142,77.6428290271902
19143,77.1145440272015
19144,74.2956529370001
19145,72.0454006562063
19146,77.9149484507224
19147,79.8802793062763
19148,78.1650554162999
19149,77.9979507311441
19150,79.7523059898473
19151,80.495089535572
19152,78.2249721445599
19153,75.4142373086927
19154,80.2591704422297
19155,78.4921803580041
19156,77.8210153262277
19157,76.4620225495153
19158,79.6394184784086
19159,79.4952414633618
19160,78.0925550691262
19161,78.1884905633206
19162,77.086657371587
19163,78.6385768188703
19164,80.1728871080907
19165,78.2588507592805
19166,78.92369976146
19167,76.1978991012557
19168,76.6680171180466
19169,78.1013770216918
19170,75.0659074690006
19171,76.4443240499092
19172,75.2500563590053
19173,76.0258320926183
19174,76.5006290605303
19175,76.8766261552532
19176,77.4287196020143
19177,75.5472748350841
19178,75.0365108599548
19179,78.2590958170301
19180,72.2899577684751
19181,69.8776368556993
19182,78.0302176348479
19183,76.76753839188
19184,64.8929008599215
19185,69.9951560362953
19186,74.6914121562595
19187,77.0383038586484
19188,74.6950755796624
19189,72.7628140092273
19190,73.4452239186691
19191,76.2110136465296
19192,75.834503619993
19193,74.2229570305649
19194,77.7686106428899
19195,74.285091990188
19196,78.3565280989529
19197,73.1759678681601
19198,76.6299623755745
19199,74.3794797488302
19200,75.2663340418982
19201,70.9504448200966
19202,73.2970063010443
19203,72.4158652250635
19204,78.7406064857445
19205,77.2174551420463
19206,76.0101953579814
19207,82.7300403541099
19208,76.0802049157546
19209,77.1985534395034
19210,76.6390129057918
19211,77.727886516576
19212,77.6177166417477
19213,75.6493586996986
19214,78.1737803031435
19215,73.9339644184092
19216,74.7928464673818
19217,70.8610259492419
19218,79.6448612354392
19219,74.7214412742478
19220,65.4035870294585
19221,76.5955417726503
19222,79.8424355606564
19223,79.3556526206628
19224,77.323304185078
19225,80.1836662073182
19226,80.4506391615817
19227,77.5068643034961
19228,81.79191133145
19229,75.8480800627016
19230,78.9427459527777
19231,78.57896457011
19232,77.4139886823246
19233,76.1735771465822
19234,78.8032436438878
19235,77.9564276919474
19236,76.5362521254071
19237,76.099792180227
19238,80.0179440051629
19239,78.4793890242849
19240,78.0807035180125
19241,80.8239694758934
19242,78.294591953937
19243,76.670882711828
19244,79.6188762365816
19245,79.5208030233375
19246,80.0726001648103
19247,80.2258335413036
19248,80.2314488241778
19249,81.0183966348887
19250,79.3388772306706
19251,76.757465818464
19252,80.3958281351339
19253,80.2898083650478
19254,79.5218498936256
19255,74.9436514203967
19256,79.1612141513659
19257,76.8712943323731
19258,81.8450149285727
19259,80.0868511659215
19260,78.2431214497306
19261,80.386598759164
19262,78.7771024799841
19263,82.1357705932664
19264,77.429711585632
19265,80.9648237671753
19266,73.5938255341841
19267,73.4127432079251
19268,78.143438487472
19269,76.1404288601173
19270,71.5905240570946
19271,79.9439276207355
19272,79.5621540933266
19273,78.8249858190593
19274,79.5140882883026
19275,83.8990887364478
19276,80.3150237129124
19277,80.4785841750216
19278,76.0270686637779
19279,73.2277370727562
19280,80.0853613383949
19281,76.3684534077541
19282,76.4045441853585
19283,75.3701398938641
19284,77.4194920832145
19285,76.6804326114008
19286,77.506709282657
19287,76.3915818886579
19288,77.4496516189481
19289,76.1138646660963
19290,78.7773505466533
19291,78.7952277131306
19292,76.4601265491118
19293,78.2830815127162
19294,76.1896539888237
19295,79.7099892393202
19296,76.6585799885744
19297,79.5685491222772
19298,79.836076876676
19299,76.2057315658713
19300,78.8144464725491
19301,74.871463853311
19302,71.0753944640791
19303,73.750366752839
19304,70.6715125456189
19305,75.9923109966982
19306,75.3175576642147
19307,79.1150693203386
19308,77.2795058129355
19309,79.7839457429239
19310,77.2975491454918
19311,75.223646712901
19312,78.8367089352342
19313,77.8917387662432
19314,77.4582663689621
19315,78.3219854622836
19316,77.0335882132998
19317,78.3769103479719
19318,77.3843138473895
19319,75.3137622908433
19320,73.0532276630094
19321,79.6488907323143
19322,76.1957005519501
19323,77.0288179587641
19324,78.1670976384875
19325,79.3242148048291
19326,79.5288150670921
19327,78.84579345913
19328,76.4095535625025
19329,75.8168877296319
19330,78.5022201926765
19331,76.2662184677143
19332,72.4470388467665
19333,74.1150644800256
19334,76.4097021421749
19335,77.5707631966763
19336,75.2070782318411
19337,75.1548040674667
19338,73.0428694639775
19339,74.1962794239915
19340,79.7160104595553
19341,79.62154737304
19342,76.5336873334631
19343,81.6251127541847
19344,79.3615752461583
19345,78.2263152637581
19346,77.8845958595999
19347,75.9006741930625
19348,80.0385192690599
19349,76.6037949344944
19350,75.7456607492127
19351,76.5351648762343
19352,77.1573762042224
19353,80.3009928480793
19354,77.5174936640611
19355,77.3922768390726
19356,77.3242717941712
19357,78.2097499116487
19358,75.2414479483339
19359,76.8435466482022
19360,76.1444741473452
19361,76.0474286243318
19362,79.591745882707
19363,76.855934891682
19364,79.5424150339383
19365,77.7581310173163
19366,80.8920081981846
19367,81.7347673183252
19368,80.7818231471706
19369,81.3367086596315
19370,77.9291352962891
19371,76.6842962813539
19372,78.1712186169136
19373,79.3354594472455
19374,78.928119754215
19375,79.3487465600774
19376,76.7451874869548
19377,72.3551721198627
19378,74.0448944303534
19379,72.2244591342168
19380,72.6674392489745
19381,74.8225618866715
19382,74.8500433621103
19383,76.5229317429023
19384,77.9163588262453
19385,78.9191445761044
19386,76.8288649449314
19387,78.5475556339197
19388,74.7494539568313
19389,76.6517062640383
19390,80.3455956715331
19391,77.5729506755966
19392,76.5162423492438
19393,77.8123032757265
19394,77.9515340822947
19395,83.3637353158072
19396,78.795317918706
19397,77.7269229568083
19398,76.4406654584074
19399,79.6999026208243
19400,77.7242733498546
19401,75.4238753009585
19402,78.1820053642253
19403,79.047436498332
19404,80.7375121971425
19405,78.9960523095244
19406,79.5771640653443
19407,77.4320155037807
19408,78.8084204655942
19409,78.8387373889792
19410,77.7222811298285
19411,80.5137623105391
19412,72.8375035495836
19413,80.2647103704768
19414,79.4390494323022
19415,77.2078891202544
19416,75.1866172662357
19417,79.372646842017
19418,80.2313189046109
19419,77.1180334491071
19420,77.3955046885836
19421,74.9474381890522
19422,73.8939933096349
19423,76.7886144091141
19424,79.4671171752631
19425,78.3255163762264
19426,77.6620758710937
19427,79.450662164401
19428,78.5733628284505
19429,77.408021150468
19430,78.1411722061061
19431,76.907160907746
19432,78.4784341019223
19433,78.2631367601198
19434,76.3335291567316
19435,80.4763077979942
19436,79.28108091644
19437,78.6925449925878
19438,79.2292952220363
19439,78.847480809304
19440,79.4212575467115
19441,78.7275730650506
19442,69.1635868821508
19443,70.9128046090502
19444,69.0445285213855
19445,77.0055350774988
19446,75.2475455152653
19447,75.1968576912083
19448,77.4253671097401
19449,80.7830639047116
19450,80.1086972964965
19451,70.0330716076662
19452,73.1362677113923
19453,70.8346839306984
19454,76.2763230809989
19455,74.5313331640921
19456,76.7204604826471
19457,78.3358343088062
19458,74.7131754431527
19459,77.6678436877086
19460,78.6736596635647
19461,76.0418800546402
19462,78.3082604802148
19463,78.4433203694492
19464,77.8971470836943
19465,79.4089067729
19466,77.0472089592921
19467,76.5143966040854
19468,79.0879375746313
19469,72.5949674092876
19470,74.2380389360167
19471,75.8234728529779
19472,79.3459091926833
19473,78.4515063908752
19474,76.2490409251085
19475,79.1567190625857
19476,77.9188028414181
19477,74.9340900133078
19478,78.8354593056373
19479,77.7312482984265
19480,78.398048752705
19481,76.9152726745772
19482,79.1192691761616
19483,77.7728503145814
19484,72.189002055952
19485,72.6252391521767
19486,77.0446076534525
19487,76.1259555042168
19488,72.705896439819
19489,74.5646347381431
19490,73.6569548698126
19491,73.2957878802589
19492,74.6701556569018
19493,73.8182879250659
19494,75.2358423158663
19495,78.449620062975
19496,75.6521195873874
19497,73.9738712890644
19498,72.5804271505968
19499,79.5874643978156
19500,75.6679595856718
19501,77.1960688722316
19502,75.7866325408184
19503,76.0219578204095
19504,73.6834209706845
19505,72.9131196810851
19506,75.5330521015153
19507,71.5356996092843
19508,77.2545771537632
19509,76.1666899376135
19510,74.1483275652049
19511,72.0969078959267
19512,72.3140739472722
19513,73.599575724432
19514,73.7026598420475
19515,75.4076004442687
19516,78.7911120459198
19517,77.2478501093483
19518,76.2939361796965
19519,76.5517549152443
19520,75.1658769634624
19521,78.1316393866005
19522,77.8388675995859
19523,80.2033094282575
19524,79.4139959011853
19525,75.6452314927927
19526,75.7338793581005
19527,75.9530700561763
19528,75.1405986780862
19529,72.7388561058531
19530,71.8228101181913
19531,75.2413697054818
19532,74.3401149793841
19533,72.5460956703835
19534,69.0968225304902
19535,73.4878196921068
19536,76.1263085261582
19537,79.3315904289616
19538,77.7868694395057
19539,77.5409289054184
19540,79.148380326887
19541,77.1325512247113
19542,75.3279954421936
19543,78.9427219173127
19544,80.3264505869712
19545,80.1835917694651
19546,77.8343727943428
19547,79.9936037424682
19548,78.8544054525701
19549,79.375511635524
19550,78.3096509194481
19551,80.1839254853903
19552,76.2318534136597
19553,75.732396270815
19554,75.2134336976928
19555,76.8790416952268
19556,78.1780177839836
19557,76.6391957214479
19558,76.1576821268727
19559,68.0566206791015
19560,77.8972429413381
19561,76.8189509075294
19562,78.4218541213849
19563,78.4007028332294
19564,76.3612918065822
19565,76.4905143161087
19566,78.9894459870186
19567,78.5587209161662
19568,79.8753568939314
19569,74.3039935136364
19570,78.9450714059542
19571,76.2515994763783
19572,77.297485760816
19573,77.6326339057877
19574,77.401211312571
19575,78.6634626748257
19576,78.1676267555983
19577,72.667196776835
19578,75.0749115943213
19579,79.0777355841309
19580,77.4715916843076
19581,77.5572068273289
19582,79.0540667500455
19583,79.2293371681994
19584,77.9424191273527
19585,76.2616857413358
19586,78.4496623907752
19587,77.0584195833036
19588,79.3587355735083
19589,76.4458921517597
19590,78.0983991874292
19591,78.9840283217703
19592,77.884169546219
19593,78.0943130489186
19594,77.223361131723
19595,77.8216028381254
19596,78.9038188158411
19597,76.8178556783476
19598,78.5347619263031
19599,77.255380505598
19600,76.2609700460917
19601,77.3644518511635
19602,78.4312718170439
19603,78.1149746642382
19604,78.8243628553209
19605,74.3706199211519
19606,77.4773541422974
19607,73.9618447651905
19608,75.6610105699209
19609,76.8142422653337
19610,77.6752003110279
19611,75.9253012662938
19612,78.6138637568674
19613,73.2568901121575
19614,70.6418300797315
19615,69.2811194954047
19616,72.3183783790541
19617,76.7400185487219
19618,76.4286297163223
19619,75.4561667893338
19620,77.3925210647657
19621,79.4947003084391
19622,75.412580477553
19623,79.0599310098688
19624,76.5852011515335
19625,78.2561649179381
19626,79.6497500128557
19627,78.3578895018028
19628,81.0109846004013
19629,72.8078794583755
19630,72.6384306058239
19631,73.8090368995978
19632,77.7024950979937
19633,75.9102171414514
19634,73.9917581025751
19635,78.0787528905083
19636,69.2416396385026
19637,77.721087295907
19638,79.1381751987332
19639,80.0335897834552
19640,79.9867572436547
19641,80.2146426900804
19642,77.9056609730935
19643,77.334814580619
19644,77.6111377917584
19645,79.3488782725992
19646,74.9647106714593
19647,76.4491962915818
19648,79.6810060111365
19649,77.0368147728742
19650,75.3301370540053
19651,76.7520993040495
19652,75.9689480319242
19653,74.5621860944489
19654,79.0999137170193
19655,76.744522183458
19656,74.975985907806
19657,74.9029196784417
19658,76.5379212457722
19659,74.8483107984679
19660,76.5936703690847
19661,78.3356784522601
19662,76.880720579143
19663,77.9642228355727
19664,78.443800083342
19665,76.3303537545003
19666,77.9044496613606
19667,72.7950982374361
19668,76.7017819738489
19669,75.1728635502578
19670,79.1359509781115
19671,75.751406657369
19672,76.1603031333972
19673,76.1515502769915
19674,78.6589346047971
19675,77.6138966189059
19676,75.9003869227027
19677,77.0860883455574
19678,77.3399866374964
19679,78.6320465429599
19680,78.4977187372502
19681,78.0083872285658
19682,76.6894427683921
19683,78.11796597484
19684,78.8997129902879
19685,77.5230462448961
19686,75.3705793150332
19687,74.7113780274282
19688,78.1687896666062
19689,78.5241332669927
19690,75.9098642715232
19691,79.0439587144728
19692,75.7181383363206
19693,76.5613458368832
19694,76.3479199833247
19695,78.1149236404856
19696,75.6309558353908
19697,73.7817961777946
19698,75.6467729976082
19699,75.4904304717172
19700,74.5265346126492
19701,78.1197253159172
19702,77.4312525246558
19703,77.8805382700738
19704,74.9582137646116
19705,77.2631181579683
19706,75.9226269793373
19707,74.0379601528639
19708,75.5629341542586
19709,73.2403146663542
19710,75.9324178855576
19711,79.4389625313734
19712,78.0917807266599
19713,78.2387331373669
19714,79.1137696368587
19715,78.3893799332584
19716,77.5186537276451
19717,76.4472957337523
19718,76.0347375459216
19719,74.0898402939895
19720,75.6931878739189
19721,78.0432419900455
19722,75.5564054803284
19723,76.8063155569123
19724,77.1396554502655
19725,79.3788851426949
19726,78.888781560121
19727,76.8925419031124
19728,77.3894907850442
19729,76.7049393706481
19730,77.4794074816458
19731,78.7718209289291
19732,79.087548081963
19733,77.136571360003
19734,77.9109633229907
19735,77.9462034821315
19736,72.8083982694987
19737,77.5247097670239
19738,74.9408135373978
19739,77.4056008830159
19740,74.5449645762729
19741,72.8359969633131
19742,76.8732886776356
19743,73.638206886203
19744,76.9570215258466
19745,77.7725818759711
19746,79.0513565761918
19747,76.1370122209235
19748,75.8399608800884
19749,76.1789414358636
19750,76.5612533131663
19751,71.5103849939945
19752,71.1434171008491
19753,75.4431266778072
19754,79.7689214175749
19755,78.8423035732635
19756,79.4132062329115
19757,80.3150348178156
19758,76.7975924862694
19759,79.6542257245424
19760,75.4504917544043
19761,78.1805812487124
19762,74.9841884547843
19763,77.3140260587434
19764,77.5333698568633
19765,81.3089789890979
19766,78.3997271732259
19767,79.3600020741517
19768,77.0983216214408
19769,78.6959810347265
19770,80.0559006316662
19771,80.2731862947526
19772,77.5410712990513
19773,77.5395808785823
19774,80.1897599745133
19775,78.3685149634915
19776,81.0320076537296
19777,80.3817935628711
19778,79.495676716861
19779,82.6177408098558
19780,82.3825194676244
19781,79.2438743177549
19782,79.6681773417091
19783,79.6979812532779
19784,80.3007707177356
19785,77.9501827990116
19786,79.3843403360881
19787,81.7990530858179
19788,78.9482535486782
19789,82.2535065878373
19790,72.326621933798
19791,79.5275760679167
19792,78.5278348313876
19793,80.4346563153753
19794,78.0396077048473
19795,78.2330001579349
19796,76.3151349643597
19797,76.8475463005553
19798,78.5493408466118
19799,76.9159652203197
19800,75.934268029388
19801,72.7615344194589
19802,73.4443339715137
19803,71.4390495575221
19804,78.6991569918926
19805,78.9712488873529
19806,75.9604823281235
19807,77.9284109031676
19808,78.023482364684
19809,75.0194583036468
19810,77.7624435633543
19811,79.2714989019636
19812,77.5637286866369
19813,79.5606718871759
19814,78.4958231878961
19815,78.1926207133956
19816,77.2254610062468
19817,77.8184597987494
19818,78.7476576529477
19819,78.5085649996755
19820,79.1451321666784
19821,77.4337809079668
19822,73.0557508507427
19823,78.8462274680062
19824,76.1239235098706
19825,75.1564342456591
19826,77.8544438940073
19827,80.5269456464739
19828,78.1922664355653
19829,70.333907513583
19830,78.2785110604196
19831,74.7999536476966
19832,73.8724205278268
19833,74.4955439240439
19834,77.451671688892
19835,76.9565292728444
19836,76.911718787726
19837,79.9591414689135
19838,75.0585840489096
19839,72.1193268026637
19840,71.0702431927689
19841,75.1765571571372
19842,77.1737848492283
19843,78.0436057451354
19844,78.0900925167161
19845,76.4771886552151
19846,76.3282803832945
19847,76.7191830304394
19848,78.1074036648077
19849,77.4592956619778
19850,78.1691114851391
19851,79.5204096735789
19852,75.3228065248198
19853,79.6809037626467
19854,76.4477421459197
19855,77.7001820452088
19856,79.0386566460456
19857,75.0299086665956
19858,77.9214826451137
19859,78.6197169949502
19860,77.4754714915352
19861,80.4017716873648
19862,77.9330031340416
19863,76.9696823332843
19864,79.0047396200588
19865,76.3228576686254
19866,80.180796785729
19867,78.3157767420876
19868,77.6553963891698
19869,77.3577213688816
19870,79.9861818936662
19871,77.2586925284773
19872,79.7986620187982
19873,79.5617554663269
19874,78.364633456476
19875,79.164372723465
19876,77.3550890168335
19877,81.4449418749986
19878,77.7594690056827
19879,78.3455994060763
19880,78.6901641346067
19881,77.6450310997023
19882,79.5981770466478
19883,79.5957160176739
19884,78.5882179618006
19885,77.5658792869459
19886,78.607914463192
19887,75.1771035411032
19888,76.4988373210517
19889,79.1420035054624
19890,78.7302546298559
19891,78.7989782537726
19892,76.0655049587731
19893,78.5337497546819
19894,77.2541256328802
19895,78.5358540546748
19896,76.6785029263012
19897,77.9728414375022
19898,78.4480339583448
19899,78.6725370934632
19900,75.6808565617515
19901,74.6851087611933
19902,79.46852219459
19903,79.490702443245
19904,75.3512537099757
19905,77.0917551185898
19906,77.7956368279006
19907,79.2883378739601
19908,79.8007896973135
19909,77.8497733060088
19910,78.5858222724881
19911,75.7886605931596
19912,76.7048286890085
19913,77.5852656652191
19914,77.4010177506794
19915,77.4102849330685
19916,76.9284629821742
19917,77.7103468190676
19918,77.9886763955093
19919,78.1860396315127
19920,76.2136299268313
19921,78.8462775083906
19922,77.6809363466646
19923,77.1874542638232
19924,77.2572149608237
19925,78.0413995518726
19926,76.3788032263244
19927,77.1344325309372
19928,80.9395603251901
19929,77.8465767869174
19930,78.6540680295395
19931,69.4351437747234
19932,66.1262172675257
19933,74.6686788792898
19934,78.1179874983208
19935,79.9319204132568
19936,76.9994844680012
19937,78.1461183654023
19938,79.9649145399905
19939,79.8863826308131
19940,79.9595528912849
19941,77.9629862849607
19942,76.425506328656
19943,76.3412433402273
19944,78.0309227119686
19945,78.4836041271281
19946,77.4984116612972
19947,77.9209221923152
19948,75.9937381347611
19949,79.4988797198286
19950,81.4673146262493
19951,79.5440239783243
19952,79.5944111177266
19953,76.6277609029951
19954,77.5408181348603
19955,74.0577306871397
19956,73.3068842985412
19957,76.945385005634
19958,77.7075856631226
19959,76.7983950515857
19960,78.1618658348427
19961,76.2782318119899
19962,78.8390702661618
19963,77.5597798307502
19964,78.3181256577316
19965,77.303153892725
19966,78.4443619581759
19967,76.8013437938113
19968,75.0640237972139
19969,77.6709307473963
19970,78.7514586393775
19971,76.0588657101968
19972,74.9280321975166
19973,73.2554543876957
19974,77.4210208127084
19975,79.4240398220973
19976,79.2757937540053
19977,77.7551737583274
19978,80.2367127314691
19979,77.0349327155259
19980,81.4595826430768
19981,79.7801622762855
19982,76.1742367628431
19983,79.1218982075368
19984,78.260643516651
19985,78.9283932798497
19986,78.5792523135687
19987,79.3168077834567
19988,80.5346577189853
19989,79.4800210723419
19990,77.0509810290365
19991,80.9605582036975
19992,81.3773849074251
19993,79.4755345553707
19994,78.3227760825288
19995,76.4747926525081
19996,81.3734406135827
19997,80.0236154741872
19998,77.3306902524936
19999,80.8083143913609
20000,81.3956344663267
20001,78.9293705224877
20002,75.3559008995077
20003,74.7577015845449
20004,76.2578756962978
20005,76.9196636725363
20006,74.4770481320652
20007,75.8516279882267
20008,77.8133625832523
20009,77.0834313989565
20010,76.5901929573575
20011,78.3990983042134
20012,77.1318132942649
20013,71.336436079945
20014,68.1155194203684
20015,67.8224684817085
20016,67.611714208755
20017,73.2030851958663
20018,78.6701277775604
20019,77.7689152105993
20020,75.9664833829288
20021,75.4594629604241
20022,76.1384532367054
20023,79.7846949296674
20024,71.965899786622
20025,76.1929979423329
20026,75.8157819896041
20027,77.7877731794546
20028,76.8645653102764
20029,74.7027379806258
20030,78.1217223372538
20031,78.802046292388
20032,79.8479025855302
20033,78.4360588629507
20034,79.2742947615233
20035,80.9225565145314
20036,78.1468926019777
20037,79.4628146537498
20038,76.9921746222172
20039,76.522915315597
20040,78.5010958649344
20041,77.0876151973308
20042,78.5816481304882
20043,75.4332991987776
20044,77.6898973948493
20045,79.5336448120535
20046,74.4739267170926
20047,77.7469547961594
20048,78.2231433238624
20049,78.82738696325
20050,79.1759875692333
20051,76.8760179622441
20052,76.0099006358419
20053,75.4149211369988
20054,79.9004221907473
20055,77.5917797825724
20056,76.3526120073145
20057,78.06347468067
20058,79.016824638567
20059,78.8553108291791
20060,80.8385215204242
20061,80.8007709345989
20062,77.397067943584
20063,78.9830714151431
20064,80.1202327963718
20065,73.5264652552745
20066,75.4266173032442
20067,79.6839643482222
20068,79.443683096859
20069,79.0426634349341
20070,77.1705307633515
20071,80.6028293449056
20072,79.7387515678101
20073,78.2922795436598
20074,80.5711214947123
20075,79.1325481649664
20076,76.9318270957048
20077,80.4275720342675
20078,79.1558363365783
20079,78.504108315563
20080,77.9932305976403
20081,77.7903493430367
20082,71.7195306243144
20083,76.9837802150819
20084,79.0123675371439
20085,76.6478115949808
20086,77.6536048733469
20087,77.0720190296366
20088,76.80424002704
20089,77.902911572686
20090,79.6353232871811
20091,78.9753754767631
20092,78.7268975489753
20093,77.9416879085406
20094,75.2928701365572
20095,73.7677231349793
20096,79.3601825559169
20097,78.4159455907219
20098,77.9904133248294
20099,76.7937807809159
20100,80.585456152162
20101,80.6131998082371
20102,74.6061724661241
20103,78.9930843541408
20104,78.1098937624351
20105,76.924649524274
20106,75.8052513479304
20107,74.4988589412945
20108,76.6778573139775
20109,75.2044375473396
20110,75.6721191516925
20111,75.3265909989012
20112,78.1400006179446
20113,78.0779539191076
20114,78.5450269705713
20115,77.3499163473609
20116,79.2151252334767
20117,78.8228239159635
20118,73.9599691318018
20119,79.8498232405682
20120,78.5412019927163
20121,78.5211633825459
20122,75.7684483261569
20123,78.0189692683815
20124,77.7412752297196
20125,72.4463229144603
20126,77.781647516719
20127,78.9224794473658
20128,79.7847785481929
20129,80.460816745111
20130,78.137347384867
20131,76.3438066277149
20132,78.6121705408602
20133,74.5933084083836
20134,75.8132509742094
20135,79.2048130103206
20136,79.4693627970217
20137,76.0375752784223
20138,79.956752007842
20139,78.8256058082678
20140,78.7878225875453
20141,80.628802747214
20142,82.1231962675396
20143,80.1950863435724
20144,79.1841267566029
20145,80.496083222983
20146,78.2544040457177
20147,80.1613407991409
20148,80.0843234048077
20149,77.7192702479218
20150,79.4387086655616
20151,77.6376437152085
20152,77.9661769479553
20153,80.0816209235755
20154,78.1970300327881
20155,78.1837009335727
20156,71.3779428610207
20157,77.8141577860211
20158,79.8898293063564
20159,77.4584697233838
20160,78.555384091496
20161,78.1259337212641
20162,78.4584687069935
20163,77.6844758105763
20164,82.4511243190095
20165,77.2353043316592
20166,76.6810845807462
20167,79.6210620742416
20168,78.2688657157819
20169,80.0362055539782
20170,74.7415350068693
20171,78.2861990398578
20172,78.287615093422
20173,76.9104539605261
20174,75.4639419949703
20175,79.8362080177588
20176,73.3673252932529
20177,78.5228866339721
20178,72.5391806648729
20179,77.6257162380044
20180,78.098988306565
20181,78.5087995164026
20182,79.1840756066466
20183,78.1729178135269
20184,78.289382295392
20185,77.8665655932544
20186,75.1991290304491
20187,74.9189261086735
20188,73.9713050472034
20189,76.1466088582924
20190,77.1253786280549
20191,76.6701007416928
20192,77.0744669725167
20193,77.9674192105345
20194,77.3274864154193
20195,79.7557059439039
20196,76.5262968934284
20197,77.1605092457993
20198,77.476980474732
20199,76.5923706617677
20200,78.0797794462541
20201,79.8894134358349
20202,77.4556025194973
20203,76.9232608876944
20204,79.153585022265
20205,76.2248609778973
20206,74.269120602266
20207,78.4558701053566
20208,75.3642543158613
20209,78.0637187719716
20210,76.2085510163912
20211,74.494851540359
20212,74.3566988575887
20213,75.2089478325888
20214,74.9475819512029
20215,78.0567999839633
20216,76.1498763161188
20217,75.6166714482279
20218,75.8513683457051
20219,76.6001636742786
20220,75.2581362589353
20221,67.2206909040459
20222,71.1870972759231
20223,74.6363255325816
20224,72.8113541729826
20225,71.5317269057336
20226,73.8407376406215
20227,71.7806262480652
20228,73.0112351307774
20229,73.9657581657711
20230,74.6322099286917
20231,76.2831591379115
20232,74.5430708993052
20233,71.9783474895539
20234,68.7862899615848
20235,71.3986601568694
20236,76.4860079220265
20237,81.0314382512491
20238,77.9996674187284
20239,77.5271560505315
20240,76.382506203197
20241,76.3391313363149
20242,76.8912127147028
20243,77.086589369937
20244,76.0840615290423
20245,77.0425788630184
20246,78.2640806013712
20247,77.8861905227606
20248,79.4788760825166
20249,74.9563593159068
20250,70.9591746303785
20251,74.6721484778287
20252,76.6830048168127
20253,79.2857019384378
20254,76.7247533910651
20255,70.3598849107149
20256,75.4150025278636
20257,73.595169956945
20258,79.2936477570815
20259,76.88393872285
20260,78.4030901131548
20261,78.942463668912
20262,78.1786697353349
20263,77.6225652062965
20264,77.2171810114291
20265,78.8363741483317
20266,77.4016448468551
20267,77.2478216729544
20268,76.142262570858
20269,76.4120495968265
20270,77.772916658477
20271,80.3121741366922
20272,81.6699799375434
20273,78.770443273791
20274,78.1071272531399
20275,78.1690705333904
20276,79.3396008845197
20277,75.5192399674855
20278,82.3936510453565
20279,79.2426352017632
20280,79.2618430308887
20281,77.3279243128057
20282,76.2853471601439
20283,79.054072016854
20284,77.224418577386
20285,77.8302907202565
20286,78.0345115748066
20287,75.3534507933504
20288,77.7725479721749
20289,78.9169918876279
20290,76.0444094637939
20291,75.0987007730988
20292,73.0366947252126
20293,76.043378198854
20294,76.8946035870459
20295,80.0479198797214
20296,77.4304203867874
20297,77.8249465152504
20298,77.0150231136589
20299,77.1270851165683
20300,77.8926044439675
20301,76.3057411941077
20302,73.8712800994895
20303,75.4402981322728
20304,79.0953130804126
20305,73.1436358157922
20306,73.0602018152796
20307,72.2240430207491
20308,75.0929884438625
20309,72.5782368726559
20310,77.0730776297206
20311,69.6727675789622
20312,70.2732053187673
20313,75.1779559588848
20314,74.7756507544345
20315,72.9221588536616
20316,74.107345958822
20317,75.5156672432104
20318,77.0803868160447
20319,73.723808307001
20320,69.6031365524061
20321,72.2408535892843
20322,72.5130149593898
20323,73.102660423077
20324,74.6196266836435
20325,72.9102150712507
20326,74.0630382651017
20327,76.7253187129634
20328,75.9897002786948
20329,73.7157487480455
20330,76.6282453658338
20331,80.6144635327747
20332,75.9851083586503
20333,79.2075519554044
20334,79.4827839157103
20335,75.5949540730423
20336,74.0620125445494
20337,80.7079037498978
20338,78.9316359796046
20339,81.0451856410011
20340,80.8491848500717
20341,77.7838618734996
20342,76.6759234650261
20343,79.9856040507145
20344,76.3559498030152
20345,77.6096781401781
20346,73.1982460102841
20347,67.8333573371553
20348,70.8174992452988
20349,74.9037126092717
20350,75.9202678239597
20351,77.5224713850625
20352,77.0318413783324
20353,80.0315870723604
20354,76.5501517847574
20355,80.399227758365
20356,77.8123504379127
20357,78.1255515560671
20358,78.50994081179
20359,74.8176494602653
20360,79.7672074673266
20361,78.2545252105534
20362,76.7112159164477
20363,79.0787518240913
20364,79.2667444879535
20365,78.7897927284905
20366,79.8013401902995
20367,76.5496013864243
20368,78.2711856619337
20369,70.2105222573732
20370,81.0143591111539
20371,79.2143729416374
20372,79.5324419312951
20373,80.3431395725073
20374,76.2131493179028
20375,76.8766122374532
20376,77.6417851079851
20377,78.2113315526315
20378,73.1727309037865
20379,78.6147590482603
20380,78.6782412777826
20381,75.5222401562712
20382,76.2452281555003
20383,76.7244827140273
20384,79.3261433813629
20385,75.2352101439867
20386,77.9947083543073
20387,79.5392131526377
20388,75.9145209375339
20389,80.3759175313277
20390,79.6076835430348
20391,77.3194659569669
20392,80.6736855772199
20393,71.5652655118914
20394,67.8156048813283
20395,69.5466867428592
20396,69.491437939958
20397,71.7422020923526
20398,71.3220745324608
20399,69.4701766449466
20400,74.9130021850783
20401,76.6862246341728
20402,78.2777997697769
20403,76.2287855327738
20404,79.8291997911273
20405,79.7581950665059
20406,79.1902475547241
20407,77.8713019272207
20408,76.474601354688
20409,78.124007928722
20410,78.9425692955322
20411,78.6601494037629
20412,80.375394415887
20413,77.9754786114927
20414,76.9768173239447
20415,75.6917300256049
20416,77.5296839142381
20417,81.0776158864315
20418,82.029200752818
20419,78.1077173132098
20420,80.5021804154688
20421,75.4176206392522
20422,76.9510470187273
20423,81.7676517823843
20424,77.8864203101793
20425,75.9211707775487
20426,80.9321057119279
20427,79.2364777953811
20428,78.1687352442618
20429,79.9459294726753
20430,76.0964332307068
20431,74.9269577405328
20432,79.658342588169
20433,78.8751064852471
20434,77.8795983659971
20435,67.8942272772736
20436,76.0645286165173
20437,74.7203936066064
20438,74.7701204843215
20439,71.6189009897645
20440,74.9818981222283
20441,74.316853426977
20442,76.8415564910856
20443,75.8361404564696
20444,72.7657349221042
20445,77.9333028724841
20446,75.7625004285952
20447,77.3425935969805
20448,78.0829718588718
20449,79.4563525270066
20450,76.4882719835525
20451,80.9639318060803
20452,78.3325177306644
20453,77.1214502961679
20454,77.5645148362872
20455,76.7041553744484
20456,80.6466875209277
20457,79.2922940385095
20458,79.3482463352876
20459,80.9991112768828
20460,79.5543042098038
20461,78.3268306436597
20462,77.3225300529418
20463,77.48258609609
20464,76.9300525115403
20465,69.4668866369082
20466,72.4893226865873
20467,76.2846745626569
20468,77.5387936788995
20469,81.8464361538342
20470,78.9701581658161
20471,78.6040450755908
20472,78.3903709960846
20473,79.6973423776945
20474,80.3175779351681
20475,80.3397750876836
20476,79.2079260580928
20477,80.6328917786817
20478,77.9164367920801
20479,77.676680949423
20480,80.1467541434282
20481,77.6546276977716
20482,81.2577578011419
20483,77.0817842849161
20484,79.1872488536359
20485,78.4268906531829
20486,78.7251451762229
20487,77.6230792669929
20488,75.467792193931
20489,73.688066760529
20490,75.2633804195443
20491,77.7306342245124
20492,77.978951932684
20493,77.2386251047389
20494,76.0180775470561
20495,76.5252001654871
20496,78.2649627607456
20497,75.8246460949391
20498,77.0492248817284
20499,76.6574180147006
20500,78.6024569382024
20501,77.3795467172515
20502,76.6984152054189
20503,74.5218453862442
20504,73.6046273272761
20505,77.7664021794933
20506,78.7056834230354
20507,77.3939085526076
20508,72.3085688956641
20509,76.5890249290953
20510,77.7524421003942
20511,78.6990677567861
20512,77.9132513071252
20513,79.755696824266
20514,73.5549178601484
20515,77.7712693231177
20516,77.1424371374167
20517,77.9980869964097
20518,79.3519468945466
20519,79.0055402460421
20520,77.5248824218745
20521,77.6965712183045
20522,80.4965178088823
20523,76.8798023989306
20524,78.937284452059
20525,78.613246358869
20526,77.1847819565516
20527,79.378261409938
20528,76.647084675821
20529,73.0766311835256
20530,77.3768250681355
20531,76.7534094290697
20532,74.4731945526472
20533,76.1502701087695
20534,76.4565504788787
20535,78.9815447956644
20536,77.3300925871482
20537,74.9987296689437
20538,73.6296079446511
20539,77.6786353047545
20540,78.3410148189632
20541,77.1779947626044
20542,79.4182936452996
20543,74.9501880344616
20544,73.6690478780585
20545,75.4076903731334
20546,77.0437650926403
20547,77.2217251847911
20548,76.9991539156804
20549,76.6446945194808
20550,73.9855990342917
20551,73.0407878168324
20552,76.9152726745767
20553,79.3223283296367
20554,75.1633618258068
20555,77.8585945262265
20556,77.3774583947786
20557,78.3000497285305
20558,76.5862221450629
20559,75.5575356810554
20560,76.0520399088784
20561,76.4707091834014
20562,73.8182879250659
20563,79.3947704124049
20564,71.7634105253753
20565,70.3571625322428
20566,75.7551017184975
20567,73.9918952810369
20568,71.4843325241462
20569,75.9405837554114
20570,78.3987822767045
20571,76.6714754049501
20572,80.1133804150875
20573,74.9485275731226
20574,78.7342353202108
20575,80.4106826872146
20576,80.1899945810626
20577,79.1918245524463
20578,77.8938614156731
20579,78.1807079503872
20580,81.3319693034882
20581,80.7190617620984
20582,78.2499785094747
20583,79.1132228934669
20584,77.2456549994127
20585,75.0264929123327
20586,78.7821610804342
20587,73.9058891933086
20588,80.883163173976
20589,73.9201635079323
20590,77.9006469772557
20591,73.9193341554856
20592,73.018226778984
20593,73.7930960400617
20594,76.634919974682
20595,77.534890819651
20596,78.5144766111878
20597,74.0345301325523
20598,76.9621495170369
20599,78.0539190830412
20600,75.6863208676676
20601,78.2120893976191
20602,78.0859607696307
20603,73.3125335683359
20604,78.7809814633195
20605,77.7376968475363
20606,78.1831964247361
20607,77.6706178754771
20608,77.2962396807543
20609,77.888692039944
20610,78.5959124061505
20611,78.6365054037303
20612,77.2484320685999
20613,78.9833158446874
20614,82.4391441907381
20615,79.4819866271834
20616,78.232898528243
20617,78.6379125835434
20618,76.9934368210727
20619,78.5430492670316
20620,77.0382706414459
20621,76.7620475237307
20622,77.1031428347817
20623,75.246451644997
20624,79.3148463815256
20625,78.5273175967858
20626,80.7979467795128
20627,83.9989330396974
20628,79.5210714207269
20629,80.4843764021904
20630,79.6394967118525
20631,79.4014740540944
20632,78.4612313189689
20633,79.9200052039852
20634,79.0900052557132
20635,74.4770964431908
20636,76.5887944143566
20637,77.7684698080593
20638,77.5648185803842
20639,77.8009880159057
20640,76.9674114018295
20641,77.4572196054347
20642,76.6164468282099
20643,72.3334671802256
20644,76.3146657697006
20645,79.6450453919252
20646,77.7307611657123
20647,78.5116175351919
20648,79.8512112296693
20649,79.7056178221386
20650,78.0004807216504
20651,77.7075932137533
20652,81.1886796004742
20653,80.976722918965
20654,80.7980436793965
20655,79.6839553978328
20656,83.3013732487813
20657,80.6999879034032
20658,78.4243131020711
20659,80.4453018414042
20660,78.4706445155172
20661,81.5925998562826
20662,73.7904522503642
20663,71.9567096846198
20664,77.8270978248592
20665,79.393382549002
20666,76.6566962405871
20667,76.5678111118602
20668,72.6714842998381
20669,68.2533315051426
20670,77.7841826942371
20671,78.5915294271278
20672,78.2423272937704
20673,80.6842297820233
20674,79.4170480031112
20675,77.5157023425191
20676,78.7128191952506
20677,79.8644634760851
20678,79.000236025227
20679,79.2144903438115
20680,78.763750920021
20681,76.8873406087361
20682,78.6175510129659
20683,78.5313691799641
20684,80.2286239522629
20685,78.5761971840249
20686,76.7664802788819
20687,76.8223804764262
20688,78.9192259400933
20689,75.6049544122369
20690,76.7336947593697
20691,78.6665747749024
20692,79.0779285591861
20693,82.4336228265286
20694,78.6173936255541
20695,76.4068817773363
20696,75.5940230295307
20697,78.0926100965448
20698,78.3369477781736
20699,77.9082957002596
20700,78.8719851889464
20701,81.6455326446337
20702,80.5529272607475
20703,76.9035963024836
20704,76.1273129279792
20705,78.5047316799834
20706,80.4403196585922
20707,77.8133889503889
20708,79.4169529861957
20709,80.0697954092277
20710,79.5538056073751
20711,79.0297774839972
20712,77.0613294868339
20713,73.8711214618015
20714,79.0194612802333
20715,78.6649573050423
20716,79.2445626923608
20717,80.6627388851016
20718,78.2867048716131
20719,75.7441033875951
20720,77.171420013838
20721,77.3228229157186
20722,76.3487896022103
20723,77.3389319133562
20724,78.0087029842621
20725,78.4994188740621
20726,78.8190509296231
20727,76.695880727203
20728,77.9005338735624
20729,75.1101701092159
20730,81.6122010544814
20731,77.6946250588104
20732,78.3544861380037
20733,77.6887430649402
20734,79.1497492580514
20735,79.1285435555985
20736,80.1200438196728
20737,77.9430620701299
20738,79.6858532306612
20739,74.6862471920413
20740,79.7744282794916
20741,78.4330489716452
20742,77.1473076931278
20743,76.9674679782901
20744,76.6552381986378
20745,75.2360400732607
20746,76.6817266939248
20747,76.9611908325983
20748,77.8236765881206
20749,74.408480208174
20750,77.1154232903565
20751,75.6799308156769
20752,70.7519176443267
20753,78.7149657204289
20754,77.1345800316593
20755,82.0197054158248
20756,78.7260778616662
20757,81.5937712699408
20758,76.5877644034785
20759,81.0495706893928
20760,80.5722205427427
20761,79.4977520855143
20762,78.8362953359604
20763,78.6133372404072
20764,76.7017338088345
20765,78.5974044784051
20766,74.5011038040094
20767,72.8492508094545
20768,80.2174785282067
20769,76.692656436626
20770,79.3673904550958
20771,75.6996013533001
20772,79.3106504035138
20773,77.637646830822
20774,77.6817772679937
20775,71.103907668698
20776,76.4890156180694
20777,77.9431534223216
20778,79.1979695026399
20779,78.9599703723746
20780,78.9583939355935
20781,76.7789889005493
20782,78.9632130096592
20783,80.097787265511
20784,79.3905658919157
20785,77.7079119039331
20786,78.3953626217478
20787,80.0617862546002
20788,80.5457199693704
20789,78.5412818312041
20790,80.4569785179481
20791,79.3469709202243
20792,74.4557416170649
20793,75.4835705929704
20794,79.9951777400061
20795,76.4867490186896
20796,80.3264769788436
20797,80.3121635551311
20798,75.2541122645073
20799,78.6154924687855
20800,80.647880966269
20801,74.2130574436885
20802,76.0895823796574
20803,75.1667406544552
20804,80.8067255336974
20805,72.8910422904679
20806,73.6547778658476
20807,80.4622057312636
20808,77.7904942180934
20809,75.4416494028951
20810,76.5099439757196
20811,77.0213313184091
20812,76.2022890593987
20813,75.2063220003227
20814,76.477745832883
20815,77.6889448407625
20816,78.5337063344959
20817,73.4331284986069
20818,76.7572546741212
20819,77.7291927049085
20820,78.3718607359125
20821,77.5633074375105
20822,74.4170276551568
20823,75.5734251057086
20824,76.1386819358901
20825,77.3446750588695
20826,75.212833145635
20827,73.9746498216099
20828,76.2387567204204
20829,78.6268280057205
20830,76.0145956844445
20831,77.5072794304656
20832,75.999152937137
20833,75.3749749740436
20834,74.2886490660399
20835,78.3533399604978
20836,78.5104238791432
20837,78.3802609556215
20838,79.5455476522077
20839,77.8799548848152
20840,77.0647995397509
20841,77.3467926074615
20842,74.187076562206
20843,73.9876113033139
20844,75.1064022529542
20845,78.11247572469
20846,77.7029539423125
20847,74.6467089046181
20848,78.408437178894
20849,77.8093880235217
20850,79.0460502750242
20851,78.245586865111
20852,75.9174921639919
20853,77.1865061808842
20854,77.171564883521
20855,76.8673092640543
20856,79.0591990420453
20857,78.2951651165642
20858,76.2259294949187
20859,78.5665607252909
20860,78.2749670670469
20861,74.9290687183717
20862,73.9211419724901
20863,74.8797344828329
20864,74.0568368081441
20865,76.0119073903317
20866,75.505818880543
20867,76.1418087472533
20868,77.6714088567049
20869,78.4752435872135
20870,72.0210291723876
20871,73.8692756783076
20872,71.2788495622938
20873,73.2307743643235
20874,76.2365049275708
20875,74.1977914528359
20876,73.1076580598846
20877,72.4388998700287
20878,78.281779178885
20879,76.7031537949226
20880,73.8195036677508
20881,78.5456042562619
20882,78.2481441539835
20883,78.2736651272857
20884,75.8211456029908
20885,76.8779966806194
20886,78.0486143674644
20887,75.5473211514649
20888,78.5698218217564
20889,77.0756468568148
20890,77.5129400028978
20891,77.5565454430911
20892,74.5719790942627
20893,75.8838577482094
20894,77.6491058615692
20895,76.0805455077027
20896,77.9619738766547
20897,78.3230257664627
20898,76.9268122498339
20899,75.2473407905219
20900,74.5025320751117
20901,76.48417311496
20902,78.8499933552278
20903,72.623101600311
20904,75.6818565986212
20905,76.2927075129271
20906,74.0543260983156
20907,73.3423350568029
20908,78.1282556074906
20909,76.3416506706926
20910,77.0480712991521
20911,76.2709664807115
20912,78.1668811420641
20913,75.0752451202115
20914,78.2595661975794
20915,78.4053292434522
20916,75.8736101555586
20917,80.012753794701
20918,76.3560848807115
20919,79.03254580286
20920,77.1129564630195
20921,76.9219675298417
20922,78.1693959162344
20923,76.4368076553694
20924,78.0292710233274
20925,77.9176078808645
20926,78.6888981174598
20927,74.1623087285659
20928,76.7626116241094
20929,78.3157767420872
20930,77.8483736743497
20931,77.9905784510578
20932,77.9576567723323
20933,76.7439769583024
20934,79.7844438947604
20935,78.2064541789875
20936,75.419872416281
20937,76.1405624169097
20938,78.2686865662883
20939,78.3493485202147
20940,77.7365007839534
20941,79.5420830105707
20942,75.4062101653183
20943,78.1267275597715
20944,80.2256788383801
20945,76.9591515808438
20946,74.6349285573182
20947,80.673536767507
20948,79.2275909435036
20949,70.3382925328358
20950,72.2010439913039
20951,74.9953474170994
20952,72.4078253561173
20953,72.3026015055367
20954,75.6158656013648
20955,79.8400747041086
20956,78.8658824993635
20957,78.6907260102615
20958,75.6393048624714
20959,79.684359824093
20960,81.0187298469298
20961,83.2805516400918
20962,78.9683110619953
20963,80.5633116838686
20964,78.2981708461484
20965,79.4366407925663
20966,82.9599942896754
20967,76.3266750627081
20968,80.5022695716402
20969,82.017408830582
20970,81.1168321989365
20971,78.4965796390111
20972,77.4642754554183
20973,79.0988430601782
20974,80.2675426943154
20975,77.5137371869615
20976,79.6159080127573
20977,78.4439702230404
20978,78.4355941812115
20979,80.1318295928637
20980,79.994615010734
20981,78.2206161400116
20982,77.1432837345495
20983,75.8590067274515
20984,75.1651546210585
20985,72.5615241558741
20986,77.7000804111345
20987,79.2341074731299
20988,76.7396403878551
20989,79.3710194729432
20990,80.2090778393313
20991,80.1394450748724
20992,77.1336698158368
20993,80.7187313470724
20994,77.6692296621295
20995,78.9325806354635
20996,79.4426816598535
20997,82.7251504737618
20998,77.1464169862921
20999,76.474763732578
21000,75.605032442845
21001,76.0764311598002
21002,73.6594856700426
21003,77.1388120356987
21004,78.8778213330655
21005,75.9897756141932
21006,80.6212425838229
21007,78.5237140317215
21008,77.3786440112059
21009,75.6451912379654
21010,74.4033050606296
21011,79.3967247387329
21012,78.9110869200936
21013,77.2727373228814
21014,80.7820114398691
21015,77.6944702899938
21016,78.8694494225052
21017,75.586633907179
21018,79.9314069177453
21019,79.254268424322
21020,79.5658768564099
21021,80.2922675203785
21022,78.4649267102669
21023,80.762300617653
21024,79.8393835363276
21025,81.769817374129
21026,78.3947657326362
21027,80.1197830959392
21028,80.3848720329264
21029,80.0940257130812
21030,80.5092824471817
21031,80.9577501160721
21032,78.3613620984432
21033,80.7812590723042
21034,78.9517524708952
21035,77.9454609495529
21036,78.6657376399465
21037,77.6320458053875
21038,77.7401014808558
21039,74.4011881621933
21040,76.1591562023885
21041,71.4899373059521
21042,77.1936412593876
21043,79.3491606018012
21044,77.2559189673909
21045,79.2592564751339
21046,78.1518327524938
21047,78.3478558262164
21048,77.596795125192
21049,76.1081562670372
21050,73.6437850923726
21051,75.1400216119359
21052,77.9120600239466
21053,77.6383068254399
21054,74.6780680053592
21055,78.6840817010601
21056,77.8200270241191
21057,79.3336994420864
21058,78.4396484974474
21059,76.4127002787523
21060,77.2380261785665
21061,77.103419524282
21062,77.1272195871326
21063,79.0679184296421
21064,78.0708309061237
21065,76.4373593370549
21066,78.5046142584849
21067,72.4633722358323
21068,76.3116317405393
21069,76.3718757030692
21070,79.5112748816923
21071,73.83431134818
21072,73.7488291202264
21073,74.1664524869719
21074,78.2824140194796
21075,77.2542144028665
21076,75.8923004411536
21077,68.5816598667874
21078,76.2761766012377
21079,76.7168175196028
21080,76.6308593450378
21081,78.7359240563617
21082,76.5573514489272
21083,77.2977822675988
21084,78.8163718725527
21085,78.6176568242252
21086,75.1998926638499
21087,80.2480240002807
21088,81.369119118544
21089,78.7764464663576
21090,79.5157041000932
21091,77.0532540683909
21092,77.9303871407383
21093,79.6451891381923
21094,77.723552839965
21095,76.8139306404763
21096,78.5652150526981
21097,78.9078998010978
21098,76.3699029260381
21099,77.346781714726
21100,77.0904853690129
21101,78.7096378408881
21102,75.5428064351348
21103,70.7523885776424
21104,71.8852566020222
21105,72.7078156780467
21106,71.1550878836309
21107,68.3985772172999
21108,70.6595554229688
21109,70.007748239693
21110,73.0045081217478
21111,69.9326478488535
21112,69.2829267108015
21113,66.4032577024444
21114,70.4783294292553
21115,77.937406179425
21116,78.5509314789225
21117,76.5139869311213
21118,80.2872708887333
21119,71.439138557262
21120,78.4314700347111
21121,79.7704694475293
21122,79.6033225109022
21123,81.3964282428082
21124,80.2342568073774
21125,79.374840107925
21126,75.6592641404794
21127,78.1358261815714
21128,78.8979532937104
21129,80.8703156119678
21130,78.6543551211262
21131,77.304415219386
21132,78.8410944403381
21133,80.953606858313
21134,79.0261172123958
21135,78.2051656828394
21136,78.9634508790463
21137,79.9564178527002
21138,74.6263500152972
21139,75.5125627851044
21140,80.9722339137102
21141,79.0643478548452
21142,80.2087001339771
21143,77.9204707544657
21144,78.9905805572959
21145,79.2305098109195
21146,77.2097644887801
21147,75.8532824482633
21148,76.9527473199423
21149,78.5454004555327
21150,79.204713789493
21151,77.2501705032979
21152,71.2637778561844
21153,77.4050839118169
21154,76.351277505553
21155,78.7147496167672
21156,77.0967963647619
21157,78.5987503946278
21158,76.0180775470556
21159,70.8821032823504
21160,74.3758400710478
21161,78.8918903532912
21162,78.2173248636255
21163,78.4265359578142
21164,79.8395923733249
21165,78.6903732546505
21166,76.8326143390947
21167,78.1936938472339
21168,78.6745471076656
21169,73.7751344030576
21170,75.1536667204029
21171,76.8710183199769
21172,76.4554818300556
21173,78.3103473355047
21174,77.5433611909764
21175,77.3578477180633
21176,77.3614389318562
21177,76.2248374234282
21178,74.4216910944455
21179,65.0886097756505
21180,76.2550920138783
21181,79.3721330345099
21182,75.9024899208788
21183,78.9157765142062
21184,81.2327531186851
21185,77.3870420446597
21186,82.3217819892741
21187,80.9434133764427
21188,80.7657578360162
21189,77.5068371525459
21190,76.858880085879
21191,79.1885156718767
21192,77.4378436293005
21193,77.4588605619483
21194,77.8215357276937
21195,79.4531051379377
21196,77.300473067399
21197,78.0138991483342
21198,78.2783468598446
21199,79.7967145946486
21200,77.4523833776319
21201,76.8578094547777
21202,75.4000888752453
21203,74.5621860944486
21204,77.4525668272493
21205,76.5140418469379
21206,79.6502956805199
21207,76.7144435143325
21208,78.7231090338179
21209,74.6984861425934
21210,73.1282499570354
21211,76.7208498006699
21212,68.1592274648632
21213,72.2730555372484
21214,78.6373035046981
21215,78.6093089791514
21216,77.6555423761738
21217,80.1552039622111
21218,74.9492323748231
21219,79.4123880499587
21220,77.4225478934795
21221,78.0135688235346
21222,77.0792994051774
21223,80.0702511354406
21224,77.5687236094847
21225,76.2836859438265
21226,77.3002533855553
21227,79.3884095020228
21228,77.3588209659546
21229,76.8346660670143
21230,76.3418485451113
21231,78.534058388644
21232,73.6976072324055
21233,74.2231654838249
21234,76.6954156970551
21235,76.864487640787
21236,78.0545400266603
21237,79.5205512226616
21238,80.3149793329662
21239,76.5885767806572
21240,77.0007410642731
21241,76.8432910560064
21242,76.762493946637
21243,77.1658190319959
21244,76.2808705127805
21245,76.3333711313352
21246,78.1950679422936
21247,80.0395490024977
21248,75.3791771676923
21249,80.7789067495599
21250,78.578927796374
21251,77.6004344954184
21252,77.601766566782
21253,74.5575626642705
21254,69.3332738108309
21255,66.5112083593848
21256,68.4099089145142
21257,69.9766843734584
21258,67.4791947558165
21259,66.7401191843771
21260,65.8795935621006
21261,71.0015786017159
21262,75.5922953343455
21263,75.7798341087454
21264,76.7246514888591
21265,77.7496469757993
21266,79.3679098922935
21267,78.2681609471654
21268,78.7387292383991
21269,74.7989468625366
21270,72.9947861909927
21271,77.8269251249095
21272,82.50170491855
21273,78.6214194262622
21274,78.4035575197182
21275,78.7538014645738
21276,77.2176766963482
21277,78.1074743205939
21278,81.1020536859939
21279,77.5624046898201
21280,79.852304784564
21281,77.3560951025706
21282,79.0937874242177
21283,74.0644385056406
21284,76.0683187780654
21285,77.0739991205394
21286,74.6426976585141
21287,79.6816187352374
21288,75.2911968275881
21289,76.8329512146058
21290,76.8030182898258
21291,81.0230111408532
21292,78.9514338379027
21293,78.3166786400402
21294,80.4650015267692
21295,79.2836108997603
21296,76.1437329650031
21297,71.9253298276843
21298,76.5632625493471
21299,77.0527050101384
21300,79.4764011015141
21301,69.9982320789144
21302,68.9427440711029
21303,65.9866184894526
21304,70.6383455769362
21305,67.971496364039
21306,72.1383155088058
21307,68.330886854402
21308,70.5859205552861
21309,72.4828697734617
21310,78.28996827017
21311,79.0548579255226
21312,76.8752543683445
21313,79.5243521731534
21314,76.6400438492972
21315,76.6488215320439
21316,72.4367618145565
21317,77.0390844455422
21318,78.3061549207238
21319,80.1618457896938
21320,75.1528747967897
21321,77.8579513297498
21322,75.8773653974451
21323,77.8106597003227
21324,77.865119495401
21325,78.0392332723706
21326,78.4157751916404
21327,78.7187004124935
21328,77.4789686620023
21329,73.6856800475649
21330,80.7798516318925
21331,78.347586824329
21332,77.8936487810673
21333,80.2563915418663
21334,80.1006404999576
21335,73.3874856838078
21336,76.0929848305412
21337,78.6150039337569
21338,78.8621823594853
21339,76.5304842336519
21340,80.311921217736
21341,75.9556746445134
21342,75.3493186029795
21343,66.9196857657771
21344,67.9480455983413
21345,66.6032235030333
21346,68.3753397448584
21347,69.1482778129443
21348,77.6216337431824
21349,75.844088161466
21350,73.8970755332088
21351,77.6388667600349
21352,74.647298653509
21353,77.8333593572241
21354,75.9523632560635
21355,77.9935699926752
21356,79.7869553546876
21357,80.2923792335754
21358,76.672147020223
21359,81.1935387328529
21360,78.5465905696828
21361,81.3590247656309
21362,80.0930414546629
21363,76.5845667371615
21364,78.1320530474678
21365,77.6222786133067
21366,80.7719491003737
21367,77.1928053678106
21368,80.2010297706607
21369,78.1012901471234
21370,75.4084371878411
21371,74.5811058399007
21372,77.3514700096959
21373,84.0064606348062
21374,74.1714302655117
21375,77.6762175334662
21376,76.0080688289877
21377,70.0256867890707
21378,74.5222986505775
21379,73.4306447754878
21380,74.1041830383547
21381,71.6980596896619
21382,73.4661249828023
21383,73.9701910734648
21384,72.4495334058307
21385,79.1779032935754
21386,78.9022790448913
21387,74.2703800839827
21388,74.7990065908249
21389,76.2407137165865
21390,78.333630130875
21391,74.1049305468697
21392,74.8244629745761
21393,76.8754095500802
21394,79.2820797733574
21395,79.9246842157271
21396,77.0332331287427
21397,79.7752521631255
21398,81.9092336078382
21399,78.0333255911393
21400,73.1819962986808
21401,78.507411157131
21402,82.1063501403165
21403,78.6476814838117
21404,82.5839130715719
21405,76.6035944751761
21406,80.8630911377412
21407,77.3213656167728
21408,78.4744385947276
21409,71.7330702106061
21410,71.1498203952947
21411,68.403887895038
21412,67.0500243489039
21413,67.7065575923635
21414,67.547102023478
21415,67.2187184998746
21416,67.3543053575315
21417,80.1308134167486
21418,78.5517288958475
21419,79.0159187824782
21420,77.8256735543175
21421,79.3031853924181
21422,77.9747000745081
21423,78.8032985642889
21424,77.84348744375
21425,78.2029658650279
21426,77.0083370823443
21427,76.9565859514166
21428,80.0673868211197
21429,79.3401686146313
21430,79.2131355208197
21431,80.9519320178096
21432,81.2755637620646
21433,77.8924835056941
21434,79.9935983505238
21435,80.8144363336362
21436,79.5356263404449
21437,73.3665008165721
21438,70.746363949515
21439,72.5284217021352
21440,77.1913132270792
21441,79.5935136175721
21442,79.7080845741927
21443,74.9837537070899
21444,75.2750832478019
21445,79.7891117673782
21446,77.7293514600705
21447,80.1105602863419
21448,76.8205429191608
21449,77.8149711855806
21450,81.2618798875097
21451,78.9520904204813
21452,80.5698783558707
21453,77.7908200491857
21454,80.3322796193591
21455,79.4100329066781
21456,80.5260887482709
21457,82.3349347220594
21458,79.6502474143415
21459,80.2480004602956
21460,78.0045989452333
21461,83.3138927680259
21462,79.7771370349004
21463,79.9002956854965
21464,81.3188609991193
21465,77.5264930610731
21466,77.9633569779708
21467,78.025117806007
21468,76.8932552444905
21469,78.4274857371979
21470,79.5192474862878
21471,72.9915870445301
21472,69.0459486294188
21473,76.7666152329673
21474,77.300879745975
21475,79.0492875684547
21476,79.3495132474864
21477,78.2414631385619
21478,77.3237227785534
21479,77.2438809467662
21480,78.482911587473
21481,77.4927170335757
21482,76.9645937471382
21483,75.4817575528294
21484,76.211027102943
21485,78.867014247727
21486,73.9653715294405
21487,78.6555987560441
21488,78.2934697253459
21489,77.249091271703
21490,77.5600527876123
21491,78.1064354782073
21492,81.1460509063406
21493,80.3234788808479
21494,75.5723898416942
21495,77.1569939267789
21496,79.7583918823022
21497,76.9744299364092
21498,74.3794860442125
21499,81.5758021279207
21500,78.4038852536391
21501,78.4081183776216
21502,79.575180587566
21503,79.2446559206506
21504,78.7912097578944
21505,79.7972766114825
21506,79.358398431344
21507,80.4479199934282
21508,78.2496283974776
21509,78.5691660960439
21510,78.031468717914
21511,78.8594068279463
21512,76.4806970834009
21513,77.4099123996347
21514,78.6546985755049
21515,77.8681110624871
21516,78.5718182291166
21517,78.6589346047973
21518,81.2257916673258
21519,79.6825333745492
21520,78.9428031760625
21521,75.8644418940279
21522,76.0852873983243
21523,67.9543868061212
21524,75.7830195474564
21525,78.1017184638017
21526,80.5555284181544
21527,79.2679815315659
21528,76.418838005925
21529,79.078090902257
21530,80.4988870208296
21531,76.7613564508647
21532,77.0428899263033
21533,74.4638046343691
21534,69.0632648724869
21535,76.6356772897028
21536,79.9562940691061
21537,80.9345815444505
21538,75.6150722731578
21539,78.4142670619054
21540,77.3845371542844
21541,76.4392220683437
21542,76.1168401711122
21543,72.807557423548
21544,79.9649083835121
21545,76.5376133757117
21546,80.8954679437389
21547,75.1264635372655
21548,76.19085376769
21549,77.3336756667399
21550,77.6424377476762
21551,76.5652445917781
21552,76.5948385491294
21553,72.7761851267746
21554,71.4394828514112
21555,74.25713740263
21556,72.97533300231
21557,79.5872133000015
21558,78.373936491913
21559,75.5147464804652
21560,72.6596974306262
21561,73.1152076376478
21562,74.7563866240529
21563,77.5147141673987
21564,74.1203609319124
21565,76.2441920273104
21566,67.6517983938368
21567,70.9491298857988
21568,76.3583108900918
21569,78.5982486497277
21570,73.9635868311891
21571,80.5207434286324
21572,80.9156680645218
21573,77.536475715682
21574,80.1748864802861
21575,81.3154501330787
21576,84.1300417058343
21577,80.1585686831486
21578,80.7117506088441
21579,82.7621454762946
21580,79.5132892182241
21581,80.4199598277107
21582,82.2228416314904
21583,83.3665725805528
21584,81.020066183352
21585,82.7206280191797
21586,82.0274468560013
21587,79.2827455884044
21588,82.755187281465
21589,81.0693672493212
21590,79.9154175599014
21591,81.2563884937874
21592,82.5938143018669
21593,82.9350700647692
21594,78.989445987018
21595,80.2036527778037
21596,79.3066074519203
21597,80.2897295538359
21598,81.5477929316626
21599,81.4785665537179
21600,81.1970239077309
21601,82.8003787799944
21602,82.6131791723578
21603,82.2037957100668
21604,82.8785957673053
21605,82.8096414361239
21606,79.2480396031382
21607,80.1754438516468
21608,84.2682415219497
21609,81.7139311067577
21610,82.6581762661427
21611,82.4148572704656
21612,81.430798051077
21613,78.2836316243496
21614,81.1278929181797
21615,84.3753159675776
21616,82.1272278677149
21617,80.3570738301888
21618,79.9931801335649
21619,78.5641961431232
21620,77.9516642228162
21621,80.9732403311089
21622,77.2664944951518
21623,80.0880240855217
21624,82.8076203221246
21625,81.4823458019249
21626,76.9659428568492
21627,76.0149732445297
21628,78.7252170336564
21629,74.8010819068517
21630,82.1688716493
21631,81.336516053891
21632,81.0337817561024
21633,74.4166345003566
21634,76.7730514682348
21635,67.2227809341674
21636,67.9247355068967
21637,75.8294493048612
21638,75.6508218185259
21639,74.8711866743949
21640,80.0316178869076
21641,78.2462057040248
21642,80.4509557830697
21643,77.4963093900523
21644,77.7072473631831
21645,76.9672441983709
21646,74.7188057433638
21647,77.5187919352438
21648,78.8100832717973
21649,80.3995958849991
21650,80.5946843263587
21651,80.4582601870829
21652,72.0557248299968
21653,76.3687060762488
21654,76.2751889358829
21655,74.88967650236
21656,79.2525688343014
21657,75.7055762737589
21658,76.7056753497681
21659,79.3273002301189
21660,76.4956604291809
21661,74.2874966248538
21662,77.3108560391328
21663,78.3960931231209
21664,77.5017362742441
21665,81.0311634692384
21666,78.8158605168678
21667,78.1933001226462
21668,76.0139175956945
21669,78.4858766706875
21670,77.0846972490332
21671,76.1295458132841
21672,72.7633295073658
21673,78.335610373216
21674,78.1813893017132
21675,79.0376799037597
21676,76.1708414479361
21677,74.3968942020249
21678,74.5397500734409
21679,73.3065558622715
21680,77.9206186113321
21681,79.688868501328
21682,80.2760125234345
21683,79.3241397307173
21684,76.5594471434052
21685,77.0294446205071
21686,72.2099942037277
21687,71.6695922581767
21688,69.8406281571761
21689,75.8960848597026
21690,70.6529438689579
21691,68.3680844649719
21692,73.9809210344999
21693,79.2599595951705
21694,76.87971568863
21695,79.3772311442496
21696,77.7939425419473
21697,79.2014378212824
21698,77.9149484507224
21699,76.8521410973047
21700,77.5237053332928
21701,80.5435393328053
21702,76.7294146680409
21703,75.3889096681445
21704,70.9193586788417
21705,75.3657261135007
21706,77.03569823994
21707,77.354155708529
21708,76.7428602825793
21709,74.8436562135867
21710,75.3135733542941
21711,78.1672289211178
21712,78.7867322586249
21713,79.4724701862065
21714,74.8499772009523
21715,76.4038141905041
21716,78.5402078797438
21717,78.0197717122628
21718,75.0988796128059
21719,74.4042095509436
21720,75.0282377838221
21721,72.5083727107339
21722,73.9522405722553
21723,74.725744819755
21724,74.9448298413126
21725,75.2559063369291
21726,81.2217436831763
21727,78.1679374909432
21728,76.1372837481097
21729,76.5821641241599
21730,80.7386829421896
21731,78.7606872268944
21732,79.0900565222981
21733,79.0339096997682
21734,78.0526755546551
21735,78.1542622895095
21736,79.6919276056851
21737,75.4249660412948
21738,77.8761933721207
21739,78.8322286061312
21740,77.4289861324078
21741,75.605859744318
21742,77.7464421292536
21743,78.3783718054563
21744,72.2843292150638
21745,71.9890104606515
21746,67.4906794127484
21747,71.6725974456161
21748,76.9510466420859
21749,77.5759418299482
21750,75.5459041168053
21751,75.7620266226555
21752,78.83152363567
21753,71.8652354049001
21754,75.3283832916786
21755,78.2536546052053
21756,75.4039483600138
21757,75.3308497271374
21758,78.5266115544125
21759,74.0609289259567
21760,74.4777386902265
21761,74.0258327292688
21762,73.3750120626511
21763,72.2545852886421
21764,69.2787719574824
21765,67.9168249252205
21766,74.4308698790786
21767,75.645956041291
21768,74.9968537923863
21769,73.6941747309793
21770,74.3776536220643
21771,75.2162644883222
21772,74.5748062135151
21773,76.6286071586588
21774,73.3892394421954
21775,67.0780743625197
21776,78.3873549899928
21777,78.6085035552976
21778,77.7586303804901
21779,75.5444341037441
21780,77.3149577918138
21781,76.5817824386783
21782,76.4067949258711
21783,74.6515668468263
21784,76.4437635338737
21785,74.4545250073962
21786,76.8528883387914
21787,76.4625305569558
21788,75.9662741438075
21789,75.3504234768112
21790,76.1495335432099
21791,72.9513896870256
21792,72.6871756281885
21793,73.0636107890983
21794,74.1809186483363
21795,76.8781157717504
21796,77.4926470332682
21797,76.90171937097
21798,75.0741745561086
21799,73.2278869087247
21800,75.2250109258554
21801,69.7098453620554
21802,68.3402655230704
21803,72.779927552522
21804,70.7083804308767
21805,73.4258866237195
21806,71.3876209866979
21807,72.6811207652648
21808,74.5767911815314
21809,71.0989255831379
21810,72.8275039308374
21811,67.7222840143068
21812,74.402797713378
21813,76.4118417269748
21814,77.7022590220933
21815,77.5163615727165
21816,77.2883482901487
21817,76.4374980296659
21818,77.2423581316593
21819,76.6040842079297
21820,80.085421444601
21821,80.457782263652
21822,80.0834809925701
21823,78.7670405419889
21824,79.2326663738735
21825,77.1813076761774
21826,74.186432544789
21827,77.9259246517166
21828,78.493446214224
21829,79.3098109733353
21830,75.6817853517691
21831,76.8801330209366
21832,78.8815223179614
21833,76.6041449917921
21834,75.3087788540027
21835,71.9426638885556
21836,74.380995100824
21837,78.0463258956585
21838,78.8999131823601
21839,77.1691673852956
21840,75.3465360403
21841,75.0653909935286
21842,71.2007087533785
21843,71.0648207932915
21844,73.7594770705496
21845,75.5614214923978
21846,78.2067251254846
21847,74.6609527033721
21848,77.6779281105341
21849,75.595928987223
21850,76.5759288961451
21851,80.5861852774712
21852,79.6366450957841
21853,74.6935682283324
21854,76.7055417752042
21855,75.6432654912791
21856,74.5906446006494
21857,77.1854043890268
21858,76.3982476814992
21859,78.1606615105811
21860,77.8071695863006
21861,76.7747834241067
21862,79.7770582711099
21863,77.5474377928019
21864,77.8369375353318
21865,78.3050224183164
21866,78.2070131998685
21867,75.9431094849317
21868,78.6177667169118
21869,72.8736032289848
21870,72.770362699623
21871,73.0840964446064
21872,66.5839979265675
21873,73.6153620352247
21874,77.3786124419271
21875,76.4227585260863
21876,79.3159718839503
21877,78.4134406723508
21878,76.7239850721953
21879,73.1341409233988
21880,75.7436691137756
21881,77.4145839538543
21882,77.9482712479756
21883,71.2397838330244
21884,76.0328047330454
21885,77.1098795110984
21886,79.3446730752868
21887,77.6001725497676
21888,77.089148732438
21889,76.5529660055121
21890,76.6830144758106
21891,76.3648378413097
21892,76.4893824265078
21893,78.666560374279
21894,75.3622577973188
21895,77.094444003742
21896,77.2561606892806
21897,79.0761689157127
21898,75.266115807996
21899,77.8592450939223
21900,77.8900812749974
21901,79.380534999953
21902,77.9458755413781
21903,77.3242717941707
21904,79.9821335781439
21905,79.7954095293057
21906,80.1894331023647
21907,78.3886796058985
21908,78.0903276961527
21909,79.6438897845001
21910,79.0536509860708
21911,79.7035603681173
21912,76.4174586795991
21913,71.1072377595222
21914,76.7496425326988
21915,78.6800071129054
21916,76.1141624189069
21917,75.2701193235958
21918,80.0587432269774
21919,72.0503242725753
21920,70.468588614459
21921,73.6014648816111
21922,75.1514502984222
21923,74.2684238516063
21924,75.2860611011894
21925,79.5722228112116
21926,75.8391787560647
21927,76.8552082222743
21928,78.0613377467442
21929,74.9745122365661
21930,76.3908384854098
21931,78.3278426509883
21932,80.2759134489758
21933,76.698916787874
21934,77.560608750603
21935,78.0505916049018
21936,80.3562414103547
21937,79.4133567477814
21938,78.7325311983848
21939,82.2178517016116
21940,77.2172569310658
21941,79.393077070207
21942,78.7631897565092
21943,80.5985645382221
21944,79.1913881860018
21945,79.7610676631759
21946,76.8393364248037
21947,79.6977166845991
21948,77.5742708407498
21949,80.4358960794303
21950,78.0480552046433
21951,78.4262933475359
21952,75.8235951042401
21953,75.4187476995997
21954,78.4457687194974
21955,78.644338986354
21956,77.3274507907424
21957,80.5278879986286
21958,75.0344920045146
21959,77.9248157103966
21960,78.5849290137807
21961,78.6679874993052
21962,73.3373250865645
21963,78.243915149162
21964,74.1408316517173
21965,70.9903602303954
21966,77.0837471157811
21967,77.3252462233262
21968,77.7760199939893
21969,77.3483316837056
21970,78.9465739357552
21971,78.2688646885272
21972,83.1223198766087
21973,79.3427460999785
21974,77.8120072232084
21975,80.8840032241649
21976,78.5650369889041
21977,80.3759613260345
21978,78.4956282527386
21979,77.9162517923601
21980,77.2793977520338
21981,78.0320015860132
21982,77.0262708024952
21983,80.1357095530311
21984,79.3652535395422
21985,80.8237929904593
21986,77.6492238322113
21987,79.0686180295148
21988,77.799683767492
21989,80.6871330223339
21990,79.4224372213297
21991,80.46327860965
21992,79.6145428300068
21993,83.9786620023671
21994,78.6376241126231
21995,79.125910607784
21996,77.420367471606
21997,74.2320776962493
21998,80.9066015127476
21999,77.8205093350894
22000,78.6346525023505
22001,76.944968850065
22002,72.0356136710059
22003,76.6253274501012
22004,75.9825685289467
22005,77.2994605727202
22006,80.8038687796122
22007,79.0943858385194
22008,77.2645992438927
22009,79.1050688589773
22010,76.1599057528895
22011,77.752666134814
22012,81.2143812351027
22013,78.1658433721797
22014,78.1448406811728
22015,79.1295136217144
22016,78.5002397835157
22017,77.2738570180624
22018,75.4839956532828
22019,77.70670741474
22020,80.1926805339059
22021,79.0493260011736
22022,74.4332833799635
22023,76.2072867505929
22024,73.8501708212938
22025,76.8350408373599
22026,77.0836858647393
22027,76.3132500159421
22028,79.2512665969037
22029,79.6307852969421
22030,78.3950303663824
22031,72.9338758433
22032,75.6684048899111
22033,74.9959276573949
22034,75.7599772431731
22035,80.0615479639858
22036,79.410763537857
22037,80.6058362843649
22038,79.6310086666714
22039,79.9835485738907
22040,76.0242356525533
22041,79.1473530150165
22042,78.943840357628
22043,78.5410507743722
22044,77.9471214188768
22045,78.5565398899441
22046,76.3353511233609
22047,74.6915497333717
22048,78.9826811641524
22049,80.8866080381454
22050,78.996885126519
22051,67.9204519621838
22052,69.4859781924464
22053,70.2012820126228
22054,77.204027823188
22055,75.9200835577272
22056,79.7457850095609
22057,75.0166540157311
22058,76.2364385811789
22059,74.880054780887
22060,72.6296720037519
22061,73.1926645875012
22062,75.137957631475
22063,74.0523727622457
22064,74.3290570891803
22065,77.6418660816747
22066,77.0463406728568
22067,79.8515358852069
22068,77.294698406645
22069,79.1030860139382
22070,76.4504722084825
22071,75.6384149183601
22072,75.0979436576593
22073,79.4970750120069
22074,79.3792729417975
22075,80.049126952993
22076,78.9101344873721
22077,79.2272249128042
22078,77.633494695363
22079,77.8850187187071
22080,77.3255236802224
22081,75.8489853052976
22082,77.1066254226338
22083,73.9812634148313
22084,75.4219890450743
22085,72.4850482263585
22086,77.4088307913912
22087,79.1631848192187
22088,77.8264059856576
22089,77.6732643947284
22090,77.6769242980985
22091,76.9318144286358
22092,77.3116268597905
22093,72.4417315760535
22094,76.9396083897237
22095,77.9888673388258
22096,78.0682912137536
22097,77.7664836701441
22098,77.9902720444838
22099,68.4714285628604
22100,70.9016299815219
22101,75.7558224106898
22102,78.102954642743
22103,76.6823745532712
22104,78.0279771677027
22105,79.8807100511079
22106,79.4711004131241
22107,77.0197586228691
22108,76.745187486955
22109,78.0833612535308
22110,79.0860588346912
22111,76.4461348074331
22112,78.9631024334002
22113,80.0119560405211
22114,81.5210777230656
22115,77.8825147797959
22116,81.9744662143089
22117,78.2362215659103
22118,78.0705519266171
22119,81.2841977326757
22120,80.3294365847714
22121,80.9336390393936
22122,78.1555198690904
22123,76.662277111439
22124,73.224003939334
22125,71.4213904247922
22126,76.5075209866399
22127,77.677429618111
22128,77.6631967830567
22129,77.4860661126589
22130,74.886796235538
22131,75.5354486265975
22132,76.3536104659523
22133,76.4208658827405
22134,74.3674955914288
22135,73.3887469626969
22136,71.7292335484126
22137,71.5078527822419
22138,67.6407269795477
22139,70.4936465322881
22140,71.6664960196001
22141,78.1134976173703
22142,79.0871033265429
22143,78.1270507628554
22144,78.9408522182501
22145,73.6425771640847
22146,80.6352968576124
22147,78.4554715389748
22148,79.2190080395841
22149,71.2818533074482
22150,75.6494225589461
22151,75.1988527164413
22152,78.9588781745734
22153,77.8054056879127
22154,78.014376179065
22155,78.2953549244359
22156,76.0378297994857
22157,77.6471061056043
22158,77.9451144142245
22159,78.9054491452857
22160,76.7021952183829
22161,73.3266545466545
22162,78.9459104606976
22163,80.0340578203997
22164,78.4228397572301
22165,80.6295397156499
22166,74.1258390102774
22167,78.1581731167674
22168,81.6018757315804
22169,78.9023257021345
22170,76.8844190230537
22171,73.1366939803431
22172,79.5982962312943
22173,79.4535347072485
22174,73.0192396377734
22175,79.529695312941
22176,75.3412508305885
22177,77.2930265639434
22178,77.4674299098919
22179,78.180519663346
22180,75.061553439187
22181,74.3810029221121
22182,75.3885814775034
22183,75.306367596558
22184,71.848940755987
22185,78.535823111958
22186,77.2480656056459
22187,80.5770824148252
22188,72.7826259721827
22189,66.2479026431368
22190,70.2899269006834
22191,69.8587853648585
22192,69.3202895044652
22193,71.1861709616853
22194,74.2324297863528
22195,77.5580487440803
22196,76.7208188879152
22197,74.9945472013691
22198,71.5257635397343
22199,73.9416396292984
22200,76.2820741813032
22201,78.930926600146
22202,78.0803849786169
22203,75.0748440125257
22204,76.7538662118867
22205,75.6466591311397
22206,75.5254051971977
22207,72.2414372565748
22208,75.1536294109353
22209,78.9811099809201
22210,78.3538496993338
22211,78.4899411890796
22212,71.301635279899
22213,78.878570846986
22214,79.2415671437486
22215,74.3265208924269
22216,77.3739341667747
22217,76.6334695567333
22218,78.8520316961676
22219,79.1432076303128
22220,77.4514607358051
22221,77.8989529396729
22222,79.5487801568873
22223,76.460785318178
22224,78.8498018906977
22225,79.4381285696073
22226,78.5638146537932
22227,77.2847126350163
22228,79.0791578929444
22229,79.6458466575723
22230,79.7213188385242
22231,79.3978009761561
22232,80.4245693117364
22233,80.7028080468785
22234,77.8360621181653
22235,79.5801726548615
22236,78.1293799439365
22237,78.448643613426
22238,77.3374310548671
22239,77.25485280488
22240,73.9944774897651
22241,79.0413653768555
22242,74.8412960252869
22243,74.5209747644532
22244,78.2393522094309
22245,79.093644430492
22246,75.2919757438548
22247,76.7904239313618
22248,77.9190885294151
22249,73.4679774887537
22250,69.5991841202971
22251,78.1388643334063
22252,75.2536610050719
22253,77.2940183476933
22254,78.2636968000869
22255,76.2867809920443
22256,78.9812973944486
22257,77.1692964413787
22258,78.9887793249441
22259,77.5636214309342
22260,79.1510770039779
22261,80.5063042809999
22262,78.5544183284848
22263,80.3631363700663
22264,80.7311115373756
22265,81.0352518845706
22266,81.1113011000703
22267,81.0443249338373
22268,76.6276337871574
22269,76.3546337903996
22270,79.0251775816095
22271,78.3970959321592
22272,79.1405605172927
22273,73.9836582834066
22274,78.547704480749
22275,75.6174849417112
22276,78.5666271062161
22277,76.7233851691014
22278,76.3506517858805
22279,72.3921330855422
22280,79.1809555392867
22281,79.2809060678675
22282,76.0219254660141
22283,79.6394289578466
22284,79.6896379434953
22285,80.4374543813842
22286,78.7490093653129
22287,76.8951740224545
22288,78.3770641269708
22289,77.179099860886
22290,73.7978297579268
22291,77.871520830581
22292,81.3504075311353
22293,77.3867656657752
22294,78.9607014625249
22295,79.753558945982
22296,78.8439669567287
22297,74.1548076509115
22298,73.8810592203156
22299,78.7943437976018
22300,75.7385226690258
22301,77.3623842689024
22302,76.6577834792421
22303,76.8664302237103
22304,77.257815844522
22305,78.0667252400691
22306,77.8970131708533
22307,78.3780374678084
22308,78.4746605465849
22309,78.1028306720441
22310,78.188706010574
22311,76.3696941138267
22312,80.3313483924068
22313,77.7345464703749
22314,76.3920187681007
22315,69.6131413217161
22316,77.8853652079704
22317,76.8580048387822
22318,79.5114472409068
22319,78.7351868822067
22320,76.585710934439
22321,80.1779081235448
22322,78.107225383592
22323,76.5304520644284
22324,77.1169277915938
22325,78.7775579776026
22326,78.9057166737447
22327,80.8529076202956
22328,79.0014225582931
22329,77.6676833103613
22330,77.5507574060394
22331,76.6526329412277
22332,78.1153321379984
22333,76.7213586593438
22334,78.7492666191403
22335,76.7459181541962
22336,78.5885132750489
22337,72.0668000126145
22338,76.6249279070731
22339,77.2812014048106
22340,76.2051888249673
22341,76.9361895982256
22342,80.3704457506976
22343,79.780247016449
22344,75.8591498872609
22345,77.42491105151
22346,78.7701792184867
22347,76.6668461115132
22348,77.6110256719371
22349,77.5668479197382
22350,76.4951102195073
22351,78.8385726564467
22352,75.7079941171964
22353,75.2751946487914
22354,78.2723870595785
22355,74.7529206843921
22356,76.7047737388068
22357,75.889401016646
22358,76.8744966558747
22359,76.9979850422098
22360,78.5577644512515
22361,80.5410405080654
22362,75.0992833704229
22363,77.3030217260041
22364,71.518571887692
22365,73.4060565321823
22366,77.3189880312681
22367,75.2504984717273
22368,80.26482285425
22369,78.1579862725546
22370,77.4191380294181
22371,73.7684937305782
22372,75.1745204365164
22373,75.9801872410135
22374,77.0396801241661
22375,72.2716057087724
22376,76.5174770075542
22377,74.1588586849931
22378,70.7359369520514
22379,69.8700022508617
22380,70.8544146511577
22381,66.002084281711
22382,68.2159213462176
22383,67.7289368345321
22384,67.6857794821885
22385,65.0921083971646
22386,64.4502237104581
22387,73.2035078352019
22388,77.6064928591887
22389,79.2928076687261
22390,79.1239921376341
22391,76.2968791624953
22392,72.2037306952977
22393,75.3975341742144
22394,75.7169268971964
22395,74.8176562768761
22396,77.6642921078626
22397,76.7806325686815
22398,73.5472655212146
22399,67.9394633823597
22400,67.987482874792
22401,73.1695058874828
22402,68.4463060008708
22403,67.5172111821404
22404,73.9094325430997
22405,72.8799820834508
22406,78.7917463308494
22407,80.2868742191229
22408,79.3557867064998
22409,78.3402609765754
22410,80.1953939177722
22411,77.4857043532652
22412,78.0515155400666
22413,76.5030773954342
22414,79.5191274394526
22415,76.788563242004
22416,77.3196700035109
22417,77.4439433717815
22418,79.9573550747338
22419,78.2821354870617
22420,73.5581659919158
22421,82.57727778757
22422,76.7433463186564
22423,79.8279549198769
22424,79.0816659448265
22425,80.5719942040864
22426,77.7198360928994
22427,78.1271172156099
22428,80.2812712433463
22429,75.5571337177359
22430,77.9789579468826
22431,71.7583943337298
22432,76.901212290158
22433,78.6115700547695
22434,78.9328165884052
22435,79.4627579499656
22436,77.5278200811484
22437,76.8463608704121
22438,79.8560740052213
22439,80.8413387645258
22440,75.8934088481727
22441,78.8145660219719
22442,78.1518560918248
22443,74.5996927403776
22444,77.7965540854021
22445,78.8127394189788
22446,78.3380824446089
22447,76.6623681623594
22448,77.8287561253851
22449,78.8202355365916
22450,78.9333043988656
22451,74.7614381693196
22452,77.4715916843074
22453,75.2489102299794
22454,75.2938243886153
22455,72.5870778475283
22456,74.8324684280229
22457,76.1877572297295
22458,78.1637376490897
22459,74.6398824806213
22460,74.9116400405045
22461,76.1599649180308
22462,78.6892207562634
22463,76.4251873399191
22464,78.7392443206725
22465,78.153643167524
22466,75.191359954951
22467,71.5528083600113
22468,75.6275919409731
22469,77.7898762908521
22470,78.2429026804754
22471,72.4436789907892
22472,72.2382884810099
22473,70.8105924202392
22474,71.267061361216
22475,72.5326615086908
22476,75.2458111121325
22477,80.385867702351
22478,79.2406726888792
22479,77.4988125321142
22480,80.7299331771231
22481,77.6503486161281
22482,77.1570206456129
22483,73.1742560199849
22484,73.4303286847543
22485,75.5027646023672
22486,73.8338210949368
22487,75.2536627269617
22488,73.7133512973563
22489,75.1748915229527
22490,71.0994114183584
22491,72.3356730827431
22492,74.2425076501345
22493,76.5035606945787
22494,79.0616360312058
22495,79.027153198074
22496,79.7745988333595
22497,77.004150403208
22498,73.258573264249
22499,72.7404465518383
22500,76.0894348400092
22501,74.6538553338519
22502,77.1958318636857
22503,74.5570173663882
22504,76.4198729682299
22505,77.7111062975125
22506,78.2230250041871
22507,78.1121770422521
22508,80.7353406830777
22509,76.442255788573
22510,74.727028491285
22511,75.0727183866946
22512,74.7321084911168
22513,78.5358771281159
22514,77.6424076942228
22515,78.3500346309467
22516,83.5378101260828
22517,77.1889544236912
22518,71.9032500467249
22519,69.5288425077136
22520,68.616210575523
22521,68.7124189192799
22522,73.1591034306512
22523,70.3357621221608
22524,70.8470519341395
22525,67.9669944420982
22526,69.4368087452772
22527,68.8257324826636
22528,70.105155133423
22529,71.00798932416
22530,72.153761134685
22531,71.8044368078551
22532,72.8303962028035
22533,68.0769856254248
22534,76.0190813955626
22535,76.7075820835721
22536,73.8249508758136
22537,75.1963449810862
22538,71.198499519494
22539,74.4312138325284
22540,72.2612770572834
22541,75.5967339088684
22542,74.989348492341
22543,75.5956100684152
22544,73.9709477392748
22545,73.6954504893853
22546,79.9550644558874
22547,78.1801460135676
22548,78.769949382557
22549,74.776647326609
22550,79.2498246681461
22551,75.1215939343733
22552,73.7535191966114
22553,73.7213849615216
22554,78.5506389411357
22555,77.8054258268777
22556,79.6052312495298
22557,78.297255360264
22558,77.7445757109644
22559,81.392574707205
22560,80.747539646462
22561,81.1977948129783
22562,81.6609968020136
22563,83.1214323533197
22564,79.2417340544814
22565,80.7053937374869
22566,83.8263740680027
22567,79.4561696745838
22568,78.6394632027843
22569,82.8581274870249
22570,78.9029029854043
22571,81.9574864720921
22572,78.5682640661392
22573,78.8514442924622
22574,77.7106313826322
22575,79.7534776040657
22576,77.4560764445531
22577,79.7976885177905
22578,81.3172974792549
22579,82.0982147326328
22580,81.7015072157478
22581,84.1596097037643
22582,81.0982785534163
22583,80.623493595246
22584,73.6702673992765
22585,80.281321609619
22586,80.0751826341877
22587,81.3205651877613
22588,82.3774126469535
22589,79.8452812350925
22590,78.9894515012707
22591,78.2916568518464
22592,69.7290596867998
22593,75.2356870245366
22594,77.6075570987084
22595,79.599927662783
22596,76.2728973221852
22597,71.7304045879742
22598,77.4401836124262
22599,77.9789519326845
22600,75.9582311009855
22601,75.7788866011137
22602,74.700467214921
22603,73.4402660725591
22604,74.3004839947341
22605,78.6396011475731
22606,77.3929732608106
22607,77.0289257702327
22608,76.9393912186012
22609,74.4982192352427
22610,73.9532677652817
22611,71.7721972365733
22612,75.2210297243441
22613,79.0822657182107
22614,74.3507028736593
22615,78.8441797651036
22616,79.6045324433471
22617,80.3386988856291
22618,83.2516421305831
22619,78.4360996368288
22620,79.5777398887382
22621,75.8843175189826
22622,79.2249677800859
22623,76.649153623679
22624,79.1157382041831
22625,76.7494945116322
22626,70.6414390363184
22627,72.934033974513
22628,75.0638521936053
22629,69.6512518538756
22630,70.6457952054611
22631,72.6672717415531
22632,75.9363277582698
22633,77.3331117220271
22634,75.6242314043053
22635,78.2286311872116
22636,80.0223230082792
22637,79.356288380759
22638,76.876176917519
22639,79.3835652944611
22640,78.1147689361563
22641,76.3153005997452
22642,79.1447904848684
22643,77.9312209546561
22644,78.0068630318747
22645,76.8622352130224
22646,77.0181652498327
22647,76.5495844051966
22648,78.698597758678
22649,75.3873998006534
22650,76.5418314507235
22651,78.3108227316585
22652,74.7087082146443
22653,76.5700755362417
22654,78.0879829965021
22655,76.87388221231
22656,76.1639001003851
22657,78.4782524085552
22658,77.1893116764354
22659,73.5527573546879
22660,75.1661257437185
22661,75.1675878019015
22662,73.6881457084999
22663,80.3454965330769
22664,80.4168035825693
22665,81.3683795635023
22666,78.7286716939661
22667,79.0165540873587
22668,78.7328146548213
22669,76.5709543941485
22670,77.3297089214575
22671,73.9662610859653
22672,72.2255040996347
22673,71.8765411776665
22674,74.1928124546988
22675,74.0544171253888
22676,75.3168726248661
22677,74.806266999654
22678,72.7395081289541
22679,74.6337759158948
22680,71.8700969612017
22681,71.6089134977979
22682,72.0389177675652
22683,74.1382974464294
22684,77.9695131738104
22685,71.3886720969563
22686,77.000741064273
22687,77.8226855252255
22688,74.7746999937682
22689,74.9508812712612
22690,73.9569115140139
22691,75.1837576694118
22692,72.3334527201233
22693,73.7146996803878
22694,73.4504817203838
22695,72.5533239230032
22696,72.8096151607231
22697,74.1054869444963
22698,70.2732821863291
22699,66.4485362034503
22700,71.6066024799047
22701,70.6114647690949
22702,72.7759931720238
22703,71.2693038814272
22704,65.6974941142382
22705,70.3339169699401
22706,71.6513319163138
22707,74.4525383123754
22708,73.5841798146877
22709,63.8724013194063
22710,67.3022014767841
22711,72.8994143587333
22712,76.6574180147002
22713,74.3872257683365
22714,64.1179855064035
22715,70.4051493580728
22716,74.6187976890357
22717,76.8441619777767
22718,77.6161376201115
22719,76.451780888498
22720,76.5695376559585
22721,76.4155783420643
22722,74.9721397226488
22723,74.3255942052454
22724,73.6452170329356
22725,74.2972425629109
22726,74.1054862468457
22727,75.5197471155821
22728,78.8083601910806
22729,72.8240659301051
22730,74.6564878008109
22731,74.6241061530415
22732,76.4906679091539
22733,72.980624156335
22734,73.3265054119142
22735,76.2930180579237
22736,76.8453599514058
22737,78.4459169863367
22738,77.2828244606673
22739,75.4504358105816
22740,75.9136050297349
22741,77.3389047351874
22742,77.933869640943
22743,78.9257475982341
22744,75.4087009117143
22745,76.5774242230213
22746,75.4680634515335
22747,76.7216417521653
22748,76.9407415047426
22749,74.5271411939481
22750,78.2587332632086
22751,77.3315539109178
22752,79.3042168205586
22753,76.4029732912779
22754,76.5111624435257
22755,78.2305622706717
22756,81.6082669989863
22757,71.7039508128117
22758,74.8919311501922
22759,78.6322782473637
22760,78.3736802001698
22761,78.1600102918095
22762,78.4692478039065
22763,77.7377073558061
22764,77.6882824712056
22765,78.4567485267231
22766,78.4719811404436
22767,78.818418521136
22768,81.0315148481076
22769,77.9064373822184
22770,79.8445553431829
22771,82.6527370423576
22772,79.9964885773115
22773,76.000449444277
22774,78.8527007943688
22775,79.5155963432136
22776,78.4077871820247
22777,73.8689201534188
22778,69.5681245501305
22779,72.7047322437715
22780,72.2019510201511
22781,70.9327862982563
22782,67.8511572692275
22783,66.8823670676444
22784,66.2573677771714
22785,73.6162926693655
22786,75.1280683844728
22787,76.763736561215
22788,79.439675175805
22789,75.5549561935906
22790,76.2480053509146
22791,79.9648121866961
22792,75.8065891067616
22793,78.5753627345636
22794,80.9237482935383
22795,79.6763217076513
22796,80.0413737860233
22797,80.2926400148478
22798,75.7973906476109
22799,79.4713498716196
22800,78.7544176074801
22801,77.6874875263132
22802,78.2560391480204
22803,78.9584844183096
22804,74.8416392113521
22805,72.4878600819331
22806,77.5281716982825
22807,76.0408551292216
22808,78.5548287221405
22809,77.8371311412137
22810,78.4766557318633
22811,78.1844485856307
22812,78.3204048421345
22813,78.7197642163762
22814,73.2464026656805
22815,75.6402010243804
22816,72.5233720961099
22817,72.811156894782
22818,73.3596481992905
22819,75.305954141424
22820,78.5882013980141
22821,79.5798130394032
22822,79.261666302947
22823,80.6862796417062
22824,77.4665999854133
22825,78.1667526089813
22826,81.8049415059396
22827,77.1296732228914
22828,76.7292261844293
22829,79.283128423285
22830,73.6545525483807
22831,76.9773261867638
22832,74.732101199277
22833,78.61227877713
22834,78.6392646877544
22835,77.7087709486138
22836,79.8788184746099
22837,78.6506481950947
22838,77.4794671384755
22839,79.2319757679757
22840,77.7152355025489
22841,77.0948491137911
22842,78.8888902376141
22843,76.3080646237551
22844,70.2874609244847
22845,75.5729052324212
22846,74.5576153926869
22847,77.0167870667312
22848,78.1149491860699
22849,72.70229657429
22850,74.9191469234515
22851,75.7723233659153
22852,78.3979522496711
22853,76.9393783266582
22854,79.4070663338387
22855,76.9254403396621
22856,79.4098092891364
22857,80.5741001604949
22858,78.2062638222014
22859,72.4666495709994
22860,73.3051393889791
22861,68.9114871449474
22862,65.4918571087068
22863,71.2520247271136
22864,74.5602326681274
22865,74.0061043367162
22866,72.292194247013
22867,74.484704026926
22868,74.9884806991096
22869,74.6419977436084
22870,73.1911419002155
22871,74.2279379076936
22872,73.9414087699873
22873,75.7302823397258
22874,77.9476928011264
22875,79.0032972728628
22876,75.9327433884569
22877,75.0665899476687
22878,75.3546573384542
22879,73.5597071518916
22880,78.1074036648077
22881,77.2220974524603
22882,77.1316981379567
22883,76.8469741700812
22884,76.4318692954911
22885,74.3331749633533
22886,69.9151791665059
22887,69.5451732879814
22888,69.9332641268877
22889,72.2390960770127
22890,71.3146119537226
22891,74.0902188135621
22892,71.6671876863792
22893,71.3521018645882
22894,74.0399059586425
22895,69.5188023297515
22896,71.6014435650151
22897,70.652355945032
22898,75.4896008263133
22899,80.6003008259038
22900,71.8083813790061
22901,77.1486377402382
22902,75.6133556616431
22903,68.7529784574598
22904,69.4126546109742
22905,74.6808169597815
22906,69.8607188253572
22907,68.729348439467
22908,80.0250868263136
22909,78.3119848898901
22910,78.7120551973256
22911,78.8736767866105
22912,81.6811343430896
22913,79.5310214334168
22914,76.9556646202734
22915,77.1809892924655
22916,76.0866036768153
22917,77.9616566675089
22918,80.2949519956589
22919,79.0307390244699
22920,78.9862951501264
22921,78.7086027605478
22922,76.43888414573
22923,78.972805621043
22924,78.4794454562161
22925,78.2030603272717
22926,77.0512256165829
22927,78.9930534062196
22928,79.0925610477279
22929,77.7494072029079
22930,79.069488526275
22931,78.5379795407555
22932,77.4505591124633
22933,76.6188060533753
22934,74.4319280315335
22935,72.0960689352112
22936,78.7121840969974
22937,77.8133494451021
22938,76.6823759822957
22939,76.7587010198092
22940,77.4544276143498
22941,79.061311483521
22942,79.0764993105573
22943,79.0308798026533
22944,77.4623474643482
22945,77.8945996860898
22946,76.2274091103051
22947,75.2592949146658
22948,79.5999403155262
22949,79.3636028355835
22950,81.3122076765252
22951,80.4474705695477
22952,79.7112335692073
22953,78.0954146761086
22954,77.7459921827432
22955,81.5605975880371
22956,78.3571849327537
22957,74.1728361161136
22958,69.2412857733933
22959,72.593528879836
22960,78.3088431024769
22961,76.5845667371615
22962,77.7060512908519
22963,80.9954866342508
22964,77.399053039698
22965,82.2451671924891
22966,81.0127329198719
22967,76.5985011006782
22968,78.7838089345484
22969,77.2979887063094
22970,77.6473992847387
22971,78.3000071140643
22972,78.1049050843267
22973,76.2439307606458
22974,72.2887234603419
22975,70.4018639848798
22976,74.4301277314696
22977,76.4182179390852
22978,75.9417486211962
22979,77.6533516730674
22980,70.7480269506662
22981,72.5431571671141
22982,75.9183426047288
22983,84.1423431745744
22984,77.5775897660833
22985,75.9142834727583
22986,74.3930573556897
22987,78.4936024895798
22988,77.1120522965873
22989,77.485341764253
22990,78.5750430638103
22991,76.6208602271185
22992,73.8881156398592
22993,75.7829222825517
22994,77.9323525814964
22995,76.4973815696375
22996,82.4004998109982
22997,76.181259229809
22998,72.7730797113769
22999,77.8704421745232
23000,76.862398335777
23001,78.1547695912652
23002,76.5454418251793
23003,75.1831363932411
23004,77.4368965289458
23005,77.5089489742766
23006,79.8922803233428
23007,81.3472042772031
23008,75.0187607052034
23009,74.4444374985214
23010,77.8190685199314
23011,80.3841446927759
23012,78.4605117863501
23013,75.4875483843069
23014,75.9299246118286
23015,73.2936754022876
23016,68.7547834811427
23017,67.9424253887799
23018,70.8710976999345
23019,73.2000995346102
23020,76.2197492670713
23021,73.6323016540827
23022,73.6415096546494
23023,74.3602849600817
23024,75.0315487127807
23025,78.4492891103826
23026,75.9943292535377
23027,77.2972991651532
23028,78.2112112767695
23029,70.6981152071412
23030,76.6049741144354
23031,74.2392587740661
23032,79.8139135224797
23033,75.073573421223
23034,78.0538578210155
23035,80.2452330110351
23036,80.4380736327063
23037,79.282100802058
23038,78.6398014143193
23039,75.9016166321392
23040,80.6336393453441
23041,79.4391431957381
23042,77.1765390229605
23043,79.4367083874154
23044,74.6079250228145
23045,79.0858413441558
23046,78.1626955797603
23047,80.0941963125175
23048,77.4930024846365
23049,77.4003421822376
23050,77.46651817241
23051,77.8155603376152
23052,77.8913289872999
23053,79.5714214122412
23054,78.2832783886961
23055,78.6944174754506
23056,73.0570584850167
23057,72.3663078594274
23058,76.9802352792993
23059,78.0746863386254
23060,76.5257495186525
23061,75.7218696918459
23062,73.1975810189266
23063,79.1932838063827
23064,78.3448288224535
23065,76.605990574057
23066,78.0544624028843
23067,78.3950420684038
23068,79.6173803866986
23069,78.7280874609449
23070,79.425152660025
23071,80.7841661600249
23072,79.4522867928623
23073,80.6682496920329
23074,81.0164718887953
23075,78.8879130333206
23076,80.058292547212
23077,79.7087665156957
23078,78.8545568279494
23079,77.5977300270033
23080,79.569160894767
23081,76.2499869778991
23082,78.9686864818478
23083,77.9403153076744
23084,76.1128225862918
23085,79.3214948105458
23086,74.3196186713481
23087,73.1740565762886
23088,78.3933765202914
23089,77.8841728494364
23090,78.8499808034858
23091,80.5500015859762
23092,74.4176651319981
23093,80.1138794130567
23094,77.2598045379452
23095,81.0703093846039
23096,79.929283878544
23097,78.7623940158015
23098,75.9242507336941
23099,78.2613610826552
23100,78.4955170212071
23101,77.0760723068672
23102,78.7820316493851
23103,79.6971435355862
23104,77.7333277622262
23105,75.6812082755047
23106,77.5497692464853
23107,76.876319094783
23108,78.6004431418109
23109,71.1467416860318
23110,80.1731569396227
23111,78.7525305420408
23112,77.0171561243958
23113,77.5488921941047
23114,78.403018930907
23115,77.4177768206653
23116,78.6723984588191
23117,81.6951117414222
23118,80.9961747899645
23119,79.7524234764606
23120,79.2439140167287
23121,76.9108775218089
23122,79.7909577051799
23123,78.1433422341556
23124,79.6259343026356
23125,74.2610961754207
23126,81.2442162344905
23127,81.095155242598
23128,78.6660052366307
23129,79.757293822422
23130,80.2114134940186
23131,80.589337442971
23132,79.076019383734
23133,79.3538742609957
23134,79.413734410684
23135,80.2171159729614
23136,81.9934223641087
23137,76.2100006505325
23138,77.0718382804806
23139,77.0940361447635
23140,76.6364790043148
23141,76.8922561300366
23142,77.06305052973
23143,75.0033183112947
23144,76.4488772755301
23145,76.9148201744156
23146,81.2367301262169
23147,77.8845970903297
23148,77.3530571645774
23149,76.8918174630959
23150,80.1361071678841
23151,80.0574698619173
23152,79.3703889603669
23153,74.4237761621873
23154,76.2240922443613
23155,76.736351056454
23156,79.4584123467645
23157,78.1210076271418
23158,80.0842335472748
23159,79.3731535936962
23160,78.2171807824584
23161,77.7579842305348
23162,76.9885335904729
23163,77.7129683414589
23164,76.2223036924751
23165,77.7496758589064
23166,78.0126111141887
23167,79.1345441373693
23168,80.6967718746557
23169,75.8281483602539
23170,79.9028710259266
23171,77.5817729219269
23172,80.0653182925984
23173,77.3122867543368
23174,79.1373579205077
23175,77.3378899582962
23176,76.8066901991519
23177,74.0570337644264
23178,69.3828133080395
23179,76.5389195643867
23180,76.7346246429353
23181,77.3399866374965
23182,80.9368798676127
23183,77.4555756093471
23184,78.4115699018682
23185,79.5454574938201
23186,77.1692977800491
23187,79.3938475989233
23188,77.1006324804822
23189,78.091402474087
23190,76.7035184935937
23191,78.0782138518185
23192,76.249104073045
23193,74.323634479595
23194,79.3715556472295
23195,76.9693111786458
23196,75.9860923453298
23197,76.7846998400028
23198,74.4044792981139
23199,76.8986363398758
23200,78.7575818252917
23201,76.0831478889693
23202,73.8642180302556
23203,73.4524559631961
23204,66.8201522839838
23205,73.1551292628856
23206,76.5993601474117
23207,78.0972331622398
23208,76.2521859247295
