"i","Tm"
1,70.3070799508475
2,77.3415697909225
3,80.717494268791
4,76.3947663977193
5,80.2619812849571
6,78.4154261703708
7,78.7508942615456
8,78.91338858987
9,77.3670321731927
10,76.0068315282595
11,77.3080510427351
12,76.3473069079639
13,77.6224223736002
14,77.1380512909564
15,77.9305591542241
16,79.7171160454735
17,78.4369732197569
18,82.2720172784212
19,77.6678436877086
20,79.2614074857955
21,77.4522800659864
22,76.5091400880962
23,80.1204917632485
24,78.9748552973602
25,77.4217459806617
26,70.8768666410623
27,75.9724033939349
28,79.6307029036842
29,74.1334890044575
30,74.1579044889786
31,76.6474110903664
32,80.031490677077
33,74.3198597147954
34,78.1308894029801
35,75.9906455923488
36,78.8251663521357
37,79.2410482623525
38,79.8717185288882
39,79.7880360618022
40,75.0851861808304
41,74.4643154856925
42,75.3993458057663
43,77.2948949691749
44,77.2916801343029
45,77.2778389986211
46,75.8587882976078
47,75.1451495767477
48,81.3455841496806
49,77.2941184315853
50,77.319014128251
51,79.1821766770555
52,76.969093963542
53,75.4866295234336
54,81.1416578841615
55,76.8968912599221
56,76.1532535240169
57,72.6904097467533
58,74.3527493825684
59,77.4069463264253
60,70.5174602395516
61,73.3502055857325
62,78.2295831040818
63,75.0283824062109
64,77.0865216057221
65,77.2602609580603
66,76.6528820431617
67,77.1997907948331
68,77.2772380348179
69,76.2810801133414
70,78.1615746649611
71,73.0184914025906
72,76.2164881129553
73,79.6429676727391
74,79.1637765734868
75,80.5688218202333
76,79.3738388917998
77,79.1188669029045
78,77.3352130087733
79,78.5983494171346
80,78.7003423249662
81,76.4321656407758
82,75.5009083087918
83,74.9482656176468
84,77.5814961317446
85,76.1890462474819
86,70.871310764824
87,71.7038030874285
88,72.4435234617688
89,76.4227111038492
90,76.7815779658681
91,77.8761917037244
92,79.22767548385
93,76.106168265362
94,75.2958415279753
95,74.2886038295111
96,76.6129167162973
97,76.2021858144457
98,74.5625212061473
99,73.6184946685946
100,76.0253961339197
101,80.0257668897672
102,77.9101681004632
103,75.4466181507262
104,74.4080534772802
105,74.7497047326798
106,75.0376806055559
107,75.6434727476014
108,78.1316532083812
109,78.3569381834761
110,78.9770083983573
111,79.4010084082059
112,74.8862102271785
113,77.6616066734863
114,79.3340901895213
115,80.0642848911502
116,78.3434825303202
117,79.5764714058594
118,80.0927577660335
119,80.7225299324571
120,77.2100263038504
121,78.8111947130519
122,77.955545444664
123,76.7498034258639
124,80.331628266811
125,79.1305264471711
126,79.1296201329712
127,77.9629436148718
128,78.7299894367061
129,77.6766809494227
130,78.4250348435929
131,77.8551759062695
132,78.5974985309376
133,78.0016627879749
134,78.7042116157539
135,80.2758030007109
136,78.3793505790707
137,75.9096908970085
138,81.3163809446215
139,79.0245937221614
140,76.5519546720836
141,80.4830021370079
142,73.3568807811918
143,82.1197318409727
144,77.1014742474766
145,77.3598358010076
146,75.9297385180184
147,66.2321014234757
148,73.0383404747176
149,73.8876436449739
150,75.3025208491687
151,80.3703829890268
152,79.3293750356764
153,78.0285195212691
154,77.6561024008641
155,77.6006356980267
156,79.1320350291712
157,79.7168918602575
158,76.3943318956407
159,79.5849330532219
160,77.5764959760338
161,80.4841295049354
162,79.9667561590637
163,78.7754425152982
164,79.1505685806797
165,79.6809097146588
166,79.9676205025877
167,79.2834379609988
168,80.6003849039831
169,81.3819902477458
170,78.3940024365193
171,70.8232558883707
172,70.1048053737858
173,74.4101782871041
174,76.7534094290697
175,77.9984907542299
176,78.403803539106
177,79.7196971657723
178,80.4312228221733
179,81.7902114960343
180,78.5298225891177
181,72.8990793462706
182,71.5321240872807
183,74.8823156038341
184,78.8973970091712
185,78.0519275046092
186,79.2370199692937
187,77.9944819468535
188,77.7987828181638
189,75.5276004727626
190,76.5829065520429
191,77.4032080243669
192,77.0937085046037
193,79.1575511536174
194,76.6499739738298
195,77.4571846084698
196,78.7675717927967
197,81.4565236024245
198,76.7536357413746
199,77.2500015413353
200,75.9983685431296
201,80.8270637234347
202,76.8485080446865
203,75.9206948500882
204,78.6572203765423
205,77.5541649343051
206,77.3441777071556
207,77.2925254961596
208,78.5535887519082
209,75.9981393009596
210,70.1545414387054
211,68.1679597119217
212,68.4529824181895
213,74.8749563982793
214,80.0855115230904
215,77.533170104006
216,77.8176101034409
217,77.0048356418362
218,79.9541038956929
219,83.6092169595755
220,79.3259660042699
221,78.2180922363265
222,81.7238258619294
223,77.4313468487343
224,77.4070837544107
225,80.8406210378931
226,79.0327951289452
227,79.1676582853443
228,76.661070142044
229,79.6159256023255
230,79.4416750388061
231,76.2368563671711
232,79.9256263217616
233,76.6617348761142
234,79.4299526000549
235,76.8834502678002
236,74.9123689189867
237,74.8117546493332
238,80.3850373881512
239,79.9208986552933
240,78.8049290571344
241,81.3895016233777
242,82.074681196421
243,79.3424194810605
244,77.6212468698363
245,80.682290467828
246,76.8240205713282
247,79.1618464000107
248,76.5472558009646
249,73.6999632749302
250,76.688835902862
251,78.0594568684361
252,77.3773978727987
253,78.654412399651
254,77.2329158523241
255,81.694557244737
256,78.1662193076796
257,77.0278635169286
258,76.9412006950585
259,78.0811634739816
260,77.9558971317531
261,75.2909645645044
262,79.8728034211294
263,78.0202717215062
264,80.3598205376964
265,78.4065890224205
266,78.6801220962269
267,82.3655496578435
268,75.7538156807457
269,78.056680830712
270,77.8299667899968
271,82.5044275178531
272,77.125260781174
273,77.501585605601
274,74.5507667788232
275,76.1054229256428
276,76.1598797709443
277,75.8709407055468
278,77.388689271382
279,75.9727515371293
280,76.2623622768961
281,75.4031239994869
282,76.0769851111438
283,77.8431426870895
284,77.0922360289493
285,78.9050426512119
286,76.2869999151151
287,74.7613789648667
288,77.1042237672803
289,77.5442294397425
290,80.342897792518
291,76.4076200279031
292,74.6605574037123
293,71.4324228555511
294,71.0604048540977
295,74.1587624636753
296,75.4906977766956
297,73.6631223932205
298,74.036894783853
299,75.363965554675
300,77.7061424869813
301,81.2063217546217
302,77.3105973141861
303,78.4712808147169
304,79.599525132369
305,76.6463540586257
306,78.1045573650274
307,77.0975169947431
308,77.8282898902287
309,80.4082999340455
310,76.6938986465181
311,80.6970535007846
312,80.4486503881018
313,78.2986535433091
314,79.693926909472
315,79.2399089741344
316,76.8226169608512
317,75.1679756241383
318,75.7728825091468
319,78.6588955841966
320,79.6979161199268
321,78.7607742833341
322,79.4592626446375
323,80.1467541434287
324,78.2037910665518
325,75.7450659305399
326,79.487299675811
327,78.9543796202985
328,79.5256339927162
329,80.1944612183519
330,75.899434418708
331,78.5741383256315
332,80.7320577287867
333,78.625891563322
334,80.0088201367241
335,78.0997717723772
336,80.097759642024
337,77.9602283248179
338,79.7874547662994
339,78.6355192943548
340,78.0754669109924
341,80.609561003252
342,77.9110887328729
343,80.5476820712715
344,80.607855203439
345,81.0170849536747
346,77.9232785913857
347,81.6153951671587
348,81.4922383870796
349,80.8260006335555
350,79.3529071797913
351,74.0514947926446
352,73.8985188824035
353,76.6589250987282
354,78.6246001612228
355,78.4150045267486
356,77.7115030491009
357,74.4370215981798
358,80.6709491867414
359,76.7832087281403
360,80.3740778458746
361,77.9736588725634
362,80.198219246926
363,79.7808018574771
364,79.4577414705614
365,77.9348138897259
366,80.1698882687851
367,77.7869210823854
368,81.5501635200113
369,82.6663320044606
370,79.8261891645116
371,79.1828784605706
372,81.1482536580762
373,81.7753108844968
374,79.9606528135886
375,77.368430285001
376,76.616794161473
377,78.4853688461473
378,77.6580980339439
379,77.9836463906654
380,76.4054544567068
381,79.1262069356018
382,78.5528611546143
383,78.3665363923603
384,76.9135735517881
385,79.9697742703855
386,81.3549007016327
387,75.3499228998381
388,74.74199342795
389,76.9884996285454
390,75.5856770950346
391,77.4522697074436
392,76.4592669304217
393,74.5988398458234
394,74.0716906963668
395,77.695144479654
396,77.7891456089276
397,77.3697910762468
398,81.1989337444084
399,81.429837461924
400,78.7699062531723
401,78.2948037197556
402,78.8379843372213
403,80.1303758091314
404,79.1756784303467
405,77.2220187819516
406,80.2256301304227
407,76.2121613788239
408,78.696825068937
409,81.2592492810201
410,78.6918826636284
411,78.4693705526327
412,78.2316272958148
413,73.6990059323157
414,76.8165333589798
415,80.3066350022677
416,79.4699805677221
417,78.6962688604799
418,77.5810156585677
419,74.2467771187976
420,70.4650348755612
421,64.6562287741684
422,69.4696624738832
423,75.9128026659673
424,73.530157932026
425,70.9773197172185
426,76.8293520494672
427,72.727634652949
428,69.0079946193828
429,75.6451778524676
430,80.5835895500523
431,75.5495546027958
432,79.9114806960518
433,75.5281038527978
434,77.644205374579
435,78.7766118553734
436,76.9454417265733
437,76.6292700062878
438,77.7266185801657
439,75.6817853517689
440,74.1607904428911
441,77.8355954081222
442,76.9643093857841
443,79.6731579138494
444,78.7201395413659
445,79.073592215802
446,73.3348242894424
447,74.4577363159531
448,72.1597297336821
449,78.3186233557529
450,77.9458800996351
451,74.9754916078916
452,79.8199272534779
453,78.6640320272917
454,80.5296547563132
455,78.5460448820111
456,76.2049004846782
457,76.9268692509617
458,77.2736496923857
459,80.0897931911394
460,76.7106948218733
461,78.2288455167796
462,79.310853521283
463,75.6426161776508
464,77.0718807869208
465,80.0488634824105
466,78.6674395946623
467,79.9813634022195
468,80.1557110354075
469,80.4023600574454
470,77.052661962265
471,79.556662891584
472,81.0528250990898
473,77.7764045442208
474,78.2488423678867
475,81.3042225803729
476,78.5858257175138
477,79.9255466880533
478,80.1920662014235
479,80.7234354105904
480,75.0892474439024
481,76.1023364160187
482,77.9167252155098
483,79.7318847188329
484,79.1536169317977
485,77.4291210212388
486,78.379662788129
487,79.1489902809403
488,78.735985493234
489,75.8545285306994
490,79.5518040600464
491,78.3028663734646
492,80.6663969412684
493,79.6609964212657
494,76.9381955067042
495,78.3036022012359
496,78.3970810803461
497,77.252865192479
498,76.1262616132792
499,79.42255048854
500,78.2785110604199
501,78.904453511944
502,78.4351237485681
503,80.4392890144588
504,76.8790416952265
505,77.4462392060561
506,79.8056551834052
507,78.2908562704449
508,78.1361979721893
509,80.6288696251473
510,79.432917273786
511,78.8958936649589
512,78.5831368427099
513,79.2297628213095
514,74.3805436882391
515,74.7678816721374
516,77.7847071858928
517,79.4936434114796
518,76.3018872359062
519,79.3057815389444
520,77.176437697316
521,78.3910512188066
522,75.6034161826229
523,76.0365500673985
524,78.000457482178
525,79.8104167301626
526,76.3700874248724
527,76.4535895668905
528,78.7015337729823
529,77.5150423603986
530,78.7780857038885
531,78.5503823497739
532,78.385351475254
533,73.7191404335223
534,78.0939424036632
535,76.9123058275461
536,77.3556068003029
537,74.9629641123452
538,73.9419767320779
539,74.7892293764904
540,78.9883326707945
541,78.8342648855078
542,73.7714445570161
543,77.3867656657747
544,79.934389522707
545,77.0192105011815
546,77.3923457481411
547,79.1637931736882
548,74.7751302394797
549,77.9697836547741
550,78.1305287374033
551,77.6687801387297
552,76.2530804244786
553,76.6881069375484
554,76.0074291523561
555,78.5985627306122
556,75.3213214020944
557,77.0759453348301
558,75.7675846958458
559,78.4202587374529
560,75.940198058501
561,78.3506768795068
562,79.1870846987255
563,75.2961481939187
564,79.4356203625443
565,76.4787895805346
566,78.7223324040427
567,70.7914120631498
568,75.5637847186463
569,73.4005669107246
570,76.1787785246858
571,82.229531306285
572,78.3952782460897
573,77.4213123101777
574,77.6458710449998
575,76.1484954977403
576,78.5354290303148
577,76.3122160669433
578,78.6841245659147
579,78.5828147982554
580,78.1695814916776
581,78.8679823823583
582,77.641887773149
583,78.4221163830207
584,78.6660052366308
585,77.5080288260245
586,78.093608183255
587,80.063101346751
588,76.0606033888909
589,74.9058849263815
590,76.9161511854851
591,79.6491084538182
592,77.6037471282071
593,77.8881409102837
594,77.3457366198925
595,77.8651248255119
596,77.2274004155223
597,76.7641257871572
598,76.1611217822031
599,78.5016695482028
600,78.4672566484097
601,77.5431710195941
602,77.0752378577935
603,76.3558963696809
604,78.0426417239229
605,76.804270897453
606,77.6726721406464
607,76.3259830385803
608,78.7235701404886
609,70.7573825763209
610,66.2768721687873
611,75.310831980114
612,79.5302442529048
613,79.6339118566135
614,78.1267473751457
615,73.1206568043269
616,77.0838101947012
617,77.9621164407317
618,79.6884252272079
619,75.2818962060311
620,77.9564863760654
621,75.5147464804649
622,77.4918710860937
623,77.8503030837624
624,78.2853364733767
625,79.0149824006874
626,73.2199533817563
627,79.0358414805812
628,78.9293346175647
629,74.4140819081969
630,78.5512359623772
631,76.7289647836205
632,80.6621920613598
633,79.2581779633079
634,78.7642494233861
635,78.5135587076981
636,77.0578464609762
637,79.1723124524893
638,78.1955176999482
639,72.9839020907568
640,77.7600893469558
641,75.444235368834
642,78.5858201775219
643,76.74743762811
644,78.69058083819
645,76.8857228319755
646,78.496278582624
647,77.7733604681459
648,76.6302869676678
649,80.6421372348591
650,79.279791938221
651,78.4491522969604
652,75.7514702360585
653,78.0036709543126
654,78.0063272907163
655,77.5319563011566
656,80.2092023107504
657,74.794943499218
658,73.709701662804
659,79.2521656991
660,78.4152983391581
661,78.0894543650651
662,78.4969221050698
663,78.4926508279707
664,80.4174944462646
665,80.8630891524749
666,80.9274047081156
667,77.3988470520395
668,78.176868252244
669,78.2895587764927
670,81.0297316991615
671,77.9897661190341
672,76.4091262514023
673,77.9984463624986
674,78.0371652104112
675,74.4042462306213
676,74.4134384838267
677,76.4249128268503
678,71.5145079565098
679,76.8846388624556
680,77.3691823872835
681,76.0763363001666
682,76.4010145572657
683,74.0755117835604
684,77.3640572513169
685,75.2290465808791
686,76.9515133833176
687,78.994217625532
688,80.9963081136657
689,79.1462173538932
690,80.1723996663792
691,77.2752897898358
692,78.5484799704691
693,77.0702605885185
694,75.4499890187775
695,77.0954180223397
696,78.5189752053224
697,79.3876937411696
698,79.5515038083335
699,77.7565396533476
700,80.830623992672
701,78.7187134305862
702,77.1050899598031
703,77.9162788419952
704,78.3883653274717
705,80.8488031775439
706,81.1774483505129
707,71.2033777084339
708,74.3729751691142
709,76.0079605105545
710,76.5252673994975
711,78.7790556117577
712,76.8080674242148
713,76.0332756856923
714,71.2377601818498
715,77.0825371468597
716,76.6836457325028
717,76.1642285306479
718,76.8829569111476
719,75.2276827602172
720,75.6309464394232
721,78.7568554401263
722,77.3409957438821
723,74.6930930704777
724,78.4629733212496
725,75.4363143846512
726,74.6041731994242
727,75.9354964077362
728,77.1637326993225
729,77.1664477189244
730,74.9055405793814
731,76.1048109913696
732,75.8461728432057
733,77.5513127244726
734,75.8574883607306
735,77.8288219787643
736,75.0520234342785
737,77.1682248001688
738,75.8599402845111
739,75.2896595617436
740,74.7146019129111
741,75.2484422935852
742,77.7556957566598
743,77.1162410261247
744,80.1537904158818
745,78.7368983237647
746,78.169347465375
747,80.1015830545933
748,77.200592279494
749,74.1453909702756
750,72.6755232599496
751,72.2771655129152
752,68.392578408119
753,71.5103000114437
754,73.3457033681196
755,70.0957864730393
756,71.8142445842626
757,71.6220641874879
758,73.3238493967667
759,72.6664763348896
760,76.1570026160874
761,71.3237220034205
762,73.386495153735
763,73.8356192448332
764,70.2895124057426
765,71.9581524886815
766,72.5062611908446
767,75.0850607979143
768,74.4195841420949
769,72.5665295738226
770,71.5871267298091
771,71.6108249790358
772,72.6251256174798
773,76.4986366017928
774,75.4410983322121
775,71.9222824954387
776,71.4580561025999
777,74.7493490389343
778,71.6762981770307
779,75.2315975578716
780,75.7029091459534
781,71.3587309405101
782,67.8727906609665
783,72.6631343680858
784,76.2641332590415
785,69.692866757273
786,66.3315242526373
787,70.8644140182996
788,77.5682435802699
789,78.836129669101
790,79.2088942491239
791,80.5542344111754
792,76.2672717382754
793,79.7604883584318
794,78.4670171698015
795,78.9244692928947
796,77.1175924697947
797,78.8773309494418
798,76.2493439236133
799,78.1946686479397
800,79.9368633516772
801,77.2977822675983
802,78.4591107141096
803,76.8818478802074
804,72.9733190313789
805,76.5162642979184
806,74.9751385412546
807,76.4364814676078
808,78.1226586022083
809,80.3674109673942
810,78.3424536924617
811,77.8246179699543
812,82.2379457422305
813,78.9513731378779
814,78.501581115055
815,79.5260232393026
816,80.6462731083961
817,79.9245535643092
818,80.3861026520565
819,80.1790475173546
820,78.6813992208199
821,77.0563901369065
822,80.1529391884627
823,78.9803624526695
824,76.3866741272719
825,76.044115475442
826,78.1419424368732
827,78.1623591083192
828,78.1112944769567
829,77.9351874392434
830,79.6010633239637
831,77.7970261839645
832,79.2522163818839
833,80.7009479463085
834,81.0832227273227
835,78.4599763848123
836,79.9228474660064
837,73.3669168152393
838,72.775201840566
839,78.6367086564771
840,78.231182047427
841,77.240972239676
842,77.4503567059345
843,76.2143520541815
844,76.1190691739079
845,76.4755347807929
846,73.1484257294049
847,76.3231427412118
848,77.7324981416343
849,76.6174485852033
850,78.5798087415013
851,81.5182760394533
852,81.1454156594906
853,78.2258303032146
854,80.3567207338155
855,78.3238140268356
856,76.5029924433121
857,79.092504680405
858,80.3999300387657
859,82.1775756547905
860,78.7768212908247
861,82.7203427336781
862,80.8863630158481
863,83.3224975185893
864,82.4716985911483
865,80.9632960581947
866,82.4913008414732
867,78.5522248013625
868,77.941940751263
869,77.4944812925102
870,79.916855532852
871,79.407081084069
872,78.6351485784006
873,79.574372297789
874,78.6032150831985
875,73.9900747807627
876,73.8268107027499
877,78.3486101423821
878,81.7558666394713
879,76.9488889326694
880,75.3367361338783
881,80.6975240118502
882,78.0231466734434
883,76.1299977126811
884,75.475509548173
885,76.885548634834
886,75.6217331563214
887,79.8641972615679
888,79.4319872791712
889,74.6809644711597
890,76.7664129621435
891,78.5426690373242
892,81.0512806396943
893,78.4053834926245
894,77.7259079939723
895,78.766508911025
896,75.293872287293
897,76.5649474969436
898,77.6303035021558
899,79.1047674106885
900,75.2523019464941
901,74.9622551424205
902,71.6372249271513
903,74.1459629836025
904,73.5697417725635
905,74.1653514795433
906,79.0042576104185
907,76.5814378668926
908,78.9831193169307
909,78.3578453331024
910,79.7035469914814
911,77.8819967151907
912,75.4415989157578
913,76.4640611324064
914,77.5684050676716
915,78.7994345839577
916,77.2425162545576
917,78.3367901395905
918,76.7469211372272
919,76.390180942984
920,74.276553000086
921,73.786792119503
922,75.0012306560242
923,80.3378201157976
924,77.0474959547889
925,74.3738528268048
926,77.7304646767498
927,77.7255591472014
928,78.8625366792504
929,77.9523170325596
930,75.8373074595527
931,78.0585673198817
932,78.6260001634867
933,77.9712048071129
934,78.5127371567924
935,78.8788099393977
936,80.8407084778918
937,78.9813567818671
938,77.9138919675851
939,77.9318760180907
940,78.7600504297855
941,75.564956166514
942,78.8465447086226
943,77.4715772875552
944,76.096094012632
945,77.1668640754673
946,76.8943711411677
947,75.1372589247359
948,74.9987575720401
949,74.2195335246633
950,76.0840496660315
951,76.389910115049
952,76.6335073639729
953,77.5444062561438
954,77.1467261170385
955,75.5098163165075
956,76.7187116990335
957,77.8627116734262
958,75.5182294350128
959,76.6275912814029
960,73.5263375546661
961,80.9762187746487
962,78.7824255060663
963,75.0564176584944
964,76.5088687737122
965,74.5253123700443
966,79.1703478122845
967,75.4167890518577
968,77.1211035736995
969,77.782158490211
970,76.8837483797275
971,77.9635429650808
972,79.6529412291388
973,77.2238783505725
974,75.2012541003457
975,75.2901511658616
976,77.358287844398
977,76.4958961731901
978,73.6966863260165
979,79.749809853414
980,77.0739196020841
981,76.9366135384943
982,77.285787766288
983,74.4508124873124
984,79.2025694525284
985,76.1702288496849
986,77.2204518524637
987,77.6382111890106
988,75.7641253771549
989,77.7408537063323
990,74.8827661188787
991,76.534911904198
992,76.9863578964068
993,76.5471828406756
994,76.898285061664
995,75.17886148779
996,78.2985557367005
997,75.5821939995182
998,75.9029754340651
999,74.1921094933358
1000,77.212322038131
1001,76.3200127239435
1002,74.7314701470846
1003,76.4945207232587
1004,77.7403120833193
1005,74.7528756068409
1006,77.3697220499659
1007,79.3699240662345
1008,77.2812641336858
1009,78.4825956558584
1010,76.6335073639727
1011,72.9330816548821
1012,76.7463774879779
1013,78.0699058758741
1014,75.4664449202343
1015,79.2382769832054
1016,81.2298048672316
1017,75.8849364283094
1018,79.5149120277636
1019,74.4302956380013
1020,78.2855378222179
1021,80.6492898257046
1022,77.9622056887586
1023,80.3337574763657
1024,80.5417867431379
1025,78.373639502937
1026,78.6858587979352
1027,78.8933849263761
1028,78.6259822093984
1029,81.0211119348958
1030,78.0483886904417
1031,76.3922819804895
1032,78.9835739820925
1033,80.1731569396227
1034,79.3270512721418
1035,79.75498323761
1036,76.6849710730086
1037,75.8359919596178
1038,77.7002994169532
1039,78.433099966653
1040,79.9013635364653
1041,78.8141891665938
1042,76.4976718269884
1043,78.5279630080589
1044,73.1305930488293
1045,77.5060332174343
1046,78.8224263468817
1047,78.8694893465762
1048,76.8104387744621
1049,76.2516501274122
1050,74.0168296056364
1051,76.1914599758792
1052,77.9761176540349
1053,78.3336301308753
1054,77.4999508434127
1055,77.4920115580673
1056,78.9122892745959
1057,74.7964190941748
1058,75.505390684986
1059,76.9365787448624
1060,75.5297544725117
1061,77.7828896025673
1062,78.1605566138479
1063,80.0000603157198
1064,82.2316933997712
1065,79.9306558207477
1066,82.6064803916506
1067,79.5681272532185
1068,79.4149275598943
1069,77.5099745958332
1070,73.4711346726583
1071,76.5486882415677
1072,76.0956934541726
1073,80.0108373521564
1074,75.4504112837814
1075,77.4512631136594
1076,78.7387594832937
1077,77.2242589365328
1078,77.349387825175
1079,77.2949438743373
1080,77.3205259257488
1081,76.1078798429032
1082,76.8941978394863
1083,76.7529503278493
1084,75.1604821727137
1085,75.5846904165048
1086,72.8623512962544
1087,78.2123617774167
1088,78.9272844742882
1089,78.2491620704018
1090,78.6545839444081
1091,80.6162309409947
1092,77.2530452016318
1093,78.0391476806521
1094,79.5612902454238
1095,75.5208511433376
1096,79.6280632927463
1097,79.9349980071322
1098,78.2029658650274
1099,76.8681552850932
1100,78.3251962173102
1101,72.456657894497
1102,76.6131856955107
1103,76.3232945416992
1104,76.2998291914018
1105,75.9714146031136
1106,76.8853139881837
1107,78.3162557734834
1108,75.9494613815585
1109,76.8821969049793
1110,78.0931114748925
1111,78.6016255920881
1112,76.7035011982043
1113,79.5170204490865
1114,72.6529031504392
1115,74.8289222244968
1116,77.9342858760714
1117,76.494345819914
1118,74.3864701288463
1119,71.0873518280021
1120,78.1515235575947
1121,79.3881733796075
1122,77.7916960021856
1123,78.1006828596461
1124,78.5698479131341
1125,78.6086920401854
1126,77.9644870329235
1127,75.0543732267933
1128,76.3965405681424
1129,73.7668704307774
1130,74.7006388292524
1131,78.7631652169304
1132,76.1660546617853
1133,76.9970975527452
1134,78.3427382980331
1135,77.8278839654412
1136,77.7224620498681
1137,77.758782324194
1138,76.6005286801416
1139,77.1333545519286
1140,76.5061403042179
1141,78.2169251846827
1142,78.8760764210249
1143,77.5299964326559
1144,77.1418053908999
1145,78.4254220509008
1146,70.9906546908198
1147,73.5812629029858
1148,75.7649706691163
1149,75.114423227085
1150,75.509002387222
1151,76.1940343981565
1152,74.7773865582
1153,75.0898934623613
1154,77.6273249507374
1155,72.9684513930804
1156,74.3474930313934
1157,75.5634469029133
1158,78.6217719811764
1159,78.1744718687156
1160,77.8930178765748
1161,77.1774078479194
1162,73.8116589182487
1163,73.7757819738551
1164,76.9917408635598
1165,78.0321431645175
1166,79.9239077375141
1167,77.1874241909018
1168,77.6024672198943
1169,74.0945052520352
1170,77.1936099707096
1171,68.9532998017554
1172,69.9812876875914
1173,72.8812968301133
1174,75.8865575073698
1175,77.7008778116179
1176,76.5604894662573
1177,76.2383305931368
1178,76.1483945305706
1179,76.6979840137219
1180,77.1936099707094
1181,75.015829729896
1182,75.5282775158181
1183,76.1249637529812
1184,76.4289355425133
1185,77.6418660816756
1186,69.5892751741716
1187,67.2970985146349
1188,71.5032334308283
1189,74.242397056967
1190,74.1500189524207
1191,70.8163753809631
1192,68.4188850655173
1193,66.2316146338317
1194,68.8885524481951
1195,71.0097806905782
1196,74.590168019572
1197,74.2977908754767
1198,78.4699898490561
1199,81.3286586898896
1200,77.2104635195518
1201,77.5097985622276
1202,71.7217951379335
1203,77.1891470385638
1204,77.052661962265
1205,74.1936670405332
1206,80.6464715284467
1207,78.5411301440881
1208,80.3534779754992
1209,78.0581907567262
1210,78.4558960763889
1211,79.7188553148127
1212,81.2403256579056
1213,81.7688070330012
1214,79.8359200919928
1215,80.1383635016097
1216,80.695587315927
1217,71.9403955968168
1218,74.2060203001063
1219,78.8736654238609
1220,77.2105942108685
1221,76.6068219022116
1222,77.9746594604437
1223,77.2547855501584
1224,78.6185403906297
1225,79.4805950785283
1226,77.80099228202
1227,76.1315272163282
1228,74.387890041716
1229,75.2018157697618
1230,75.4741548025241
1231,70.8526582308219
1232,71.5686050237876
1233,74.8433359423306
1234,70.1128859186861
1235,77.4209482902286
1236,78.1659288439851
1237,78.8636299562449
1238,78.3840230293674
1239,74.2425316771829
1240,72.2731599587817
1241,77.7015714986376
1242,78.8923525739476
1243,80.5299514254793
1244,79.381767875455
1245,76.7719114661249
1246,80.6130222656242
1247,80.141447045774
1248,82.2770935861897
1249,81.4208571252106
1250,81.2796867988704
1251,78.3065196305402
1252,76.9913960957903
1253,77.3685347532791
1254,77.5347084270173
1255,75.921045909955
1256,78.7945267194798
1257,78.8965563392255
1258,78.1533937237825
1259,76.6464368696685
1260,77.515702342519
1261,73.639311826226
1262,72.3682130479686
1263,74.7370913494448
1264,71.5733953384269
1265,75.0493370045938
1266,73.6072966238727
1267,71.6086553384112
1268,73.6369648090767
1269,79.7355425283462
1270,79.0256171576538
1271,77.7970595998822
1272,75.53769436971
1273,78.4653347303931
1274,75.9787492238381
1275,76.2582091809693
1276,77.8414417633996
1277,80.784091542437
1278,74.6083641052969
1279,73.6607014876358
1280,73.911318568891
1281,77.3863700639604
1282,77.0754999771013
1283,76.9539866620209
1284,77.9702175892485
1285,79.8071566999552
1286,80.2841587756224
1287,79.0806264307435
1288,77.4158509042403
1289,72.6210777047687
1290,73.1029062435207
1291,79.2811326739707
1292,78.958901455087
1293,78.5212375161829
1294,75.4899735694276
1295,76.1974265757669
1296,70.1548637261248
1297,72.6603062538321
1298,77.7547993267705
1299,77.3834656222462
1300,73.3312912814018
1301,70.6735106699015
1302,72.1535310317982
1303,81.7623131138753
1304,77.7518860440667
1305,78.2277533610777
1306,80.488135583274
1307,80.334059044456
1308,77.4235650326854
1309,80.7421819265803
1310,80.916787922834
1311,77.4636343202015
1312,77.572861337579
1313,76.0047130076559
1314,78.439332872001
1315,73.2910966063325
1316,70.2312623374276
1317,76.5563382628342
1318,74.7511299231495
1319,78.2099839579007
1320,80.3301448264383
1321,79.174732647561
1322,77.265571865214
1323,79.683760931807
1324,80.1889996294439
1325,78.7133712385128
1326,79.6427191000774
1327,79.2555451726407
1328,79.2908061968706
1329,77.75858064121
1330,76.1107098449634
1331,74.730738373121
1332,77.185664729306
1333,75.2042536243936
1334,80.9244653992795
1335,79.4149680752854
1336,76.914150499994
1337,80.718668155149
1338,81.4790411265548
1339,78.5613997627673
1340,78.070635972354
1341,79.936756368788
1342,80.833985067483
1343,77.7462550908638
1344,80.8731224137215
1345,73.4930893881285
1346,72.875789798323
1347,72.4438723878025
1348,75.3403042624915
1349,75.4588282980814
1350,75.7216514102328
1351,76.8802707176529
1352,75.6811375894607
1353,73.1411799966918
1354,74.8481536643199
1355,75.2309827745374
1356,74.9902649756841
1357,73.6130579987714
1358,73.5992851323236
1359,72.9523275791582
1360,78.7671912983479
1361,79.2435918305737
1362,78.8602090448082
1363,77.3691823872836
1364,80.3690202966397
1365,78.4632015364336
1366,79.219802475871
1367,78.3649046222741
1368,76.808366494684
1369,78.767765495759
1370,76.6752823226026
1371,74.3604916171889
1372,79.7688182887385
1373,80.4356375673901
1374,80.3745797265448
1375,78.2313108992333
1376,75.0538780778832
1377,75.549424879559
1378,80.4465761379333
1379,78.9519413742512
1380,78.3765875598353
1381,77.6020124712775
1382,80.715509603998
1383,78.6619102811176
1384,77.439507367768
1385,81.1720748225965
1386,82.1506643389418
1387,81.5591232120483
1388,81.2327531186853
1389,78.9389219006722
1390,80.8221895875581
1391,79.2109542402264
1392,80.9606263843498
1393,78.3803341762199
1394,77.73635366274
1395,77.4295719365631
1396,78.8944821209059
1397,78.1883353072195
1398,80.6219474084033
1399,77.8508023479617
1400,74.6525092555615
1401,74.0415298997665
1402,74.0631397341508
1403,76.871305082484
1404,74.8733032410016
1405,78.5855109759601
1406,81.4761366787017
1407,83.9911389357816
1408,83.0257584223426
1409,83.8093258448047
1410,79.6444983477393
1411,78.9123393160545
1412,76.6477587393845
1413,83.7707345446935
1414,80.1140036053404
1415,82.2913281639915
1416,80.5600752208741
1417,81.9914245571774
1418,84.8441619876023
1419,85.5980436188824
1420,87.9466706036785
1421,83.3818473924236
1422,84.8408263955058
1423,83.5731961349277
1424,81.9415080369974
1425,84.4622236286451
1426,77.8018707165236
1427,69.2862350376346
1428,81.0271553570045
1429,82.3862254069355
1430,84.3694894381184
1431,80.7522960052427
1432,80.6562839903879
1433,82.8823685523121
1434,81.8282221167991
1435,82.7107045795947
1436,82.4560141837043
1437,82.8414684625178
1438,82.7480158151659
1439,86.5840946633462
1440,82.9855268147004
1441,80.5408861949829
1442,81.3518155561919
1443,85.6463691827784
1444,83.8563787690471
1445,81.1703129768459
1446,76.9009503618765
1447,80.2818981780543
1448,81.5295325008541
1449,83.2766601314228
1450,82.8714641913122
1451,77.9079407464075
1452,71.4846855290232
1453,73.4560834916714
1454,75.8382351914024
1455,79.4401335521421
1456,79.7019718357109
1457,76.2404228361893
1458,78.0160882229152
1459,76.0841628331383
1460,74.7557891355926
1461,74.3952686877634
1462,71.400606474397
1463,75.7437962414052
1464,74.4231836669647
1465,68.7174605875534
1466,70.4408034761047
1467,71.0888143858469
1468,71.9649048578003
1469,70.1807253405504
1470,68.2195104765868
1471,72.4161253085949
1472,68.386149678379
1473,69.2726261984854
1474,68.9803482845477
1475,68.2400342268913
1476,72.3536535055582
1477,73.105149180403
1478,74.4899529720624
1479,68.3411221939473
1480,74.7182888774985
1481,73.4757066096026
1482,72.7746287596756
1483,76.4398748631228
1484,73.3326256797588
1485,74.702292808406
1486,68.4807360754763
1487,73.8185853113027
1488,75.4814985936248
1489,79.4676865315773
1490,79.7011754381276
1491,79.5081350739151
1492,82.2376844528993
1493,83.3464378468671
1494,77.4518771673783
1495,79.5525314255221
1496,81.7771388167157
1497,79.5981793884739
1498,80.7753034577397
1499,82.08534420745
1500,83.3427062853553
1501,81.4869300171171
1502,78.9593949146702
1503,81.1566632153401
1504,81.8255233257305
1505,79.2348374225294
1506,83.3944106437488
1507,79.4192944906115
1508,81.992822819714
1509,81.8474388608363
1510,78.0055643411365
1511,79.0756793771847
1512,78.2203423465613
1513,80.0071860366961
1514,73.2308341763476
1515,67.928855570057
1516,78.012446981494
1517,74.5541196895205
1518,72.009204101747
1519,70.6282771235208
1520,76.256586809509
1521,76.6616408647263
1522,73.4749913121548
1523,74.5173759679438
1524,76.4260164231308
1525,80.0522380242501
1526,76.9658459172402
1527,77.1013777992979
1528,78.1286199584895
1529,74.6887776083059
1530,75.700931609784
1531,76.7872813065829
1532,79.7341555235705
1533,75.3883144694236
1534,78.7002559987289
1535,78.3369477781733
1536,77.4770839008583
1537,79.3790443545467
1538,78.9997693693953
1539,76.0552443444914
1540,78.6428925018462
1541,79.0807988365763
1542,79.5778610440866
1543,80.00215617291
1544,76.7649585058883
1545,79.7146671986444
1546,78.6515473305126
1547,76.8931502426784
1548,78.7810447370975
1549,80.4827256106499
1550,76.8070271405903
1551,77.3652092006089
1552,78.210986965388
1553,76.6527467053456
1554,74.2105234169882
1555,72.4580722549355
1556,69.2520526647368
1557,70.1418593405417
1558,65.8739329428537
1559,68.2353683230413
1560,75.0865510168347
1561,75.9261735068275
1562,69.5055593423819
1563,74.1032567380149
1564,72.1255212026537
1565,73.818476329852
1566,68.1544020465203
1567,68.4195616518061
1568,74.4382635296435
1569,71.1251057872432
1570,70.5974467585134
1571,68.7041298317737
1572,71.3513221733666
1573,78.3007979314256
1574,73.5052325584297
1575,74.6241200635803
1576,77.353638336608
1577,76.5835265314399
1578,75.9817049139498
1579,80.6781324359615
1580,80.5824814942079
1581,80.0717284701583
1582,75.6693140072799
1583,75.3395864738439
1584,69.0137702018415
1585,75.958637310498
1586,73.5256957201934
1587,71.3445189841649
1588,69.7736895430671
1589,73.0241353904814
1590,76.3770198355795
1591,74.4140930983444
1592,70.9595261792799
1593,68.8135259832226
1594,69.606678454167
1595,75.7649037721823
1596,74.158737060886
1597,76.6586518893638
1598,74.6415931329876
1599,72.1576011670043
1600,75.4377910295859
1601,67.3253121249656
1602,76.6526557660789
1603,75.5840822271824
1604,76.2812712466186
1605,79.0841715950849
1606,74.6698975273399
1607,67.6331150962404
1608,71.9230759919591
1609,75.2713153161442
1610,76.1645733357944
1611,78.3419743260469
1612,73.6750309653418
1613,78.0228704435812
1614,75.1672211368536
1615,77.2957563637368
1616,78.9668990215699
1617,76.4290895189788
1618,75.481241750922
1619,75.9972513501625
1620,78.6099894778345
1621,77.0812727477619
1622,77.8145654845594
1623,72.7065552828475
1624,72.1400431966248
1625,71.3302670612305
1626,71.6234427561971
1627,66.6144430934453
1628,72.5191192193544
1629,78.5942073896159
1630,80.5226453908039
1631,78.3407427012495
1632,78.5504512577693
1633,80.736050215739
1634,82.0850187768526
1635,79.8474670005857
1636,80.1442042594381
1637,77.8009815427916
1638,79.5313371836498
1639,80.8399824278565
1640,78.4283434508507
1641,80.8134152977006
1642,81.9451339580219
1643,79.198930262269
1644,79.9875205268308
1645,81.2806300126846
1646,78.6368428724489
1647,77.3268881339078
1648,74.0791543624993
1649,77.4546174019566
1650,80.068240754166
1651,77.0300048162701
1652,77.2797199986935
1653,78.7481919718427
1654,81.5092191080259
1655,79.4094031039563
1656,80.3064818132922
1657,77.7310527816086
1658,74.1701447285753
1659,67.4352480005894
1660,68.0890415362459
1661,67.3856271153447
1662,70.8048751057273
1663,72.9044047006553
1664,74.7871936348567
1665,76.6367795979484
1666,73.729898409098
1667,74.6395999278154
1668,74.5151864898007
1669,77.7640638795048
1670,78.2597586291529
1671,74.3438615447699
1672,77.3478278958921
1673,69.6875831674771
1674,79.0296014544185
1675,77.3028227907169
1676,72.1796639242263
1677,72.1809788922237
1678,71.6317508533861
1679,76.491871334426
1680,79.265504333021
1681,75.7015608914507
1682,73.1422758615838
1683,75.2929398254353
1684,73.375101054089
1685,76.5376024280335
1686,78.9113507217077
1687,80.3201731404677
1688,81.9689878374485
1689,80.7221132963827
1690,78.4756165136415
1691,79.0681579523101
1692,76.4829864138659
1693,80.8802608355048
1694,82.2946424643224
1695,76.3444262779279
1696,80.4312545049229
1697,83.4582412185332
1698,80.8167407532079
1699,81.0105757974469
1700,79.8324894927581
1701,78.3833436525165
1702,81.3627642237168
1703,78.9169918876277
1704,80.4676829713834
1705,78.3819869550371
1706,77.9023778063333
1707,80.0060394170263
1708,80.9091582842865
1709,79.4815430845486
1710,79.0438823873989
1711,78.4119352349088
1712,78.1354465611602
1713,79.43845338407
1714,72.7841692021798
1715,74.608433856281
1716,79.3533903272056
1717,80.0978976611611
1718,80.039158359439
1719,76.739466417829
1720,71.3921862324854
1721,68.613478387618
1722,69.4821815439537
1723,72.2554414362198
1724,73.7858697271776
1725,68.4547078652106
1726,73.2173135541421
1727,72.8167927101732
1728,74.7126302219414
1729,76.7370909118922
1730,74.3439858026038
1731,80.0310965890376
1732,71.8818634381735
1733,71.0070392096998
1734,71.2203289968976
1735,77.8551796958147
1736,78.5819471254034
1737,78.3836892159127
1738,81.5075071116142
1739,80.2732592504225
1740,80.1510974797098
1741,76.1998023129859
1742,77.8581682044529
1743,71.5257877784719
1744,74.5112018307333
1745,78.9752104198519
1746,79.9173336613683
1747,80.9778799117066
1748,77.8375102679302
1749,79.2629343970428
1750,77.6521747272932
1751,76.9499028008615
1752,81.3001789585201
1753,79.471682690733
1754,80.7059303596962
1755,77.8875855830628
1756,77.4838475889842
1757,76.3704310550819
1758,82.9916269431762
1759,80.4709436589463
1760,83.7521497996102
1761,78.224614924298
1762,78.2723971905277
1763,78.8491768969844
1764,76.1951457733839
1765,79.9643506950898
1766,80.8692545832415
1767,81.8043301803353
1768,80.9913455120387
1769,78.6588127777678
1770,80.6425525059169
1771,80.3744484007834
1772,80.9053715268527
1773,79.3267204234529
1774,79.8325050805438
1775,74.2315739921181
1776,75.8453105951589
1777,79.330648150306
1778,80.8274752020598
1779,79.5492646005188
1780,76.5324638105818
1781,76.7720118033112
1782,78.9419078369056
1783,78.1693498266424
1784,78.5393589857759
1785,79.6307319648169
1786,77.3895327832976
1787,79.1575511536171
1788,77.6539848034088
1789,80.0276489708878
1790,78.7822938100013
1791,78.3840134062857
1792,78.1751672261158
1793,80.3844487280296
1794,74.742294519222
1795,77.9203587792409
1796,80.1948171056011
1797,80.8543339144006
1798,75.9889552465589
1799,78.9141108036285
1800,76.0693198351848
1801,81.785544203903
1802,81.9572716730654
1803,81.8570989608549
1804,79.0713661671298
1805,80.9655517049655
1806,78.382360059622
1807,72.566348947691
1808,73.8694237736188
1809,72.5146436809682
1810,77.1093463707477
1811,75.5816263628828
1812,74.6459288775978
1813,75.7532239678825
1814,77.216837822493
1815,74.1351089408987
1816,69.7239310172878
1817,79.0209692396834
1818,79.5812358285031
1819,78.6634372453129
1820,80.5981601528828
1821,80.9324238828975
1822,79.3817870633756
1823,78.8938143324016
1824,79.5362146443048
1825,80.0650213078721
1826,78.3549693024887
1827,79.6596199887857
1828,78.8773505909352
1829,77.1475682125798
1830,77.3780653669751
1831,81.2515606141708
1832,76.0355290323653
1833,80.2620188347611
1834,80.2591659644813
1835,78.4751112531899
1836,77.0973640660217
1837,81.5347485517578
1838,77.3582878443979
1839,78.9180284912788
1840,80.7606386730263
1841,79.5764379953334
1842,78.7727432244429
1843,72.2830094877777
1844,78.7099842794829
1845,80.9043263815895
1846,78.5445821972657
1847,77.18639398755
1848,80.0341356324064
1849,79.5965054165181
1850,80.0630359961396
1851,81.6175381073619
1852,80.1276513000776
1853,80.4884723634561
1854,81.1820471467955
1855,80.3991491143366
1856,78.6766697121357
1857,78.048725469145
1858,78.5158528074824
1859,77.775577135944
1860,79.6028186227115
1861,80.2202361190417
1862,76.6894052832466
1863,78.9502665386135
1864,80.5793686240602
1865,76.3328200821605
1866,79.1927158315297
1867,79.9548469777129
1868,77.3661169824864
1869,79.208331018934
1870,78.2947955706337
1871,80.1812589107973
1872,77.5456888019463
1873,81.9214813956686
1874,80.3896944664987
1875,79.1202817872242
1876,81.3092645706808
1877,78.8148397297837
1878,79.7498717313193
1879,79.4121828497512
1880,82.3836685617923
1881,79.1558103573528
1882,79.8024114220332
1883,81.0954800440333
1884,75.9253465969757
1885,76.6785491356602
1886,74.1486686427889
1887,77.4056438294328
1888,78.6560612648709
1889,73.4838106950386
1890,78.8379832897805
1891,77.1523749150765
1892,75.3553155954963
1893,76.4110337315395
1894,80.5319639784473
1895,77.334292358025
1896,76.5651528905505
1897,80.5241865202692
1898,76.2182881656994
1899,78.1476505412914
1900,73.0603468150202
1901,79.2471682354135
1902,77.4381718344074
1903,75.4359722691053
1904,76.444449361814
1905,74.9661758953511
1906,74.6623876810492
1907,71.8065332211112
1908,77.7717182783258
1909,79.2505078161315
1910,77.0942786192541
1911,79.1355394589935
1912,78.9770669720531
1913,75.7156640597041
1914,73.3836184727435
1915,75.489149186681
1916,75.6993841275503
1917,77.8229790597521
1918,78.7830803379452
1919,77.8817225751141
1920,71.4432705754393
1921,73.8315077867805
1922,72.089290560658
1923,75.980166837952
1924,69.9641321468663
1925,63.5562909294638
1926,66.3565925982643
1927,78.6237586484309
1928,79.4937796515161
1929,80.5321465878458
1930,79.2263651490739
1931,78.7903601351236
1932,79.2498246681458
1933,78.5535584592009
1934,79.7700390657646
1935,78.9065728974588
1936,80.4924678682451
1937,79.1267193459809
1938,81.2310081653351
1939,80.2146222471826
1940,79.624640264746
1941,77.8080505824131
1942,80.7093954662836
1943,76.2291874258603
1944,77.8992455445281
1945,77.7935865401759
1946,78.4353401749797
1947,79.3206337888467
1948,79.4394083610533
1949,75.5591482057525
1950,66.9202236331233
1951,68.3104666451328
1952,71.4652213027281
1953,70.9693359708821
1954,70.5347589171902
1955,70.5111698186681
1956,73.6906966844004
1957,73.6810345264497
1958,69.8354098982459
1959,76.0515905521839
1960,74.4885239173578
1961,80.0054226676787
1962,80.9560049049804
1963,80.0649545986
1964,77.0788219095321
1965,74.1833526853616
1966,74.3944238133546
1967,73.5070225117832
1968,77.6267833566035
1969,77.4115689638027
1970,76.6649874368847
1971,75.4760649621272
1972,75.9857652645457
1973,70.3096437067572
1974,68.8257807395391
1975,72.06125527941
1976,75.8951789552722
1977,77.6478710655103
1978,78.5553908055191
1979,79.3154491084977
1980,81.4448393606379
1981,77.2541187858059
1982,74.731998256362
1983,75.5118393343164
1984,78.1522105187884
1985,74.6222739716452
1986,77.0603469781553
1987,79.3432678388356
1988,77.2085409714729
1989,75.7025223129842
1990,75.5775750302272
1991,80.8136151972766
1992,77.1282788877189
1993,76.7461725338042
1994,78.4511230686717
1995,76.9710853806541
1996,78.9587381788571
1997,76.2529233467163
1998,70.3675968631823
1999,76.8239081380351
2000,74.5850597443547
2001,77.6849195251625
2002,75.7736671434897
2003,77.7754867420814
2004,78.9716228992306
2005,74.3967667748377
2006,69.6266037380695
2007,66.4630815342361
2008,75.7707040441622
2009,70.3946991045962
2010,77.7628438953505
2011,77.370779920484
2012,79.588032287513
2013,80.5592970767063
2014,75.8034287670017
2015,79.6503556313054
2016,78.7471117670148
2017,74.9013347419241
2018,75.9790857422536
2019,73.1274194370406
2020,83.346540730062
2021,78.637941748584
2022,77.1246753656192
2023,76.5894518363996
2024,76.9462780998023
2025,78.1901874368689
2026,79.8928611699918
2027,79.5480463935087
2028,79.5008244351733
2029,74.6503014468849
2030,77.8587627049521
2031,81.2388212184056
2032,69.7710168082872
2033,79.1100956931337
2034,76.4105578534297
2035,75.4821011933503
2036,75.3689255420265
2037,70.8448154799143
2038,75.7529863567731
2039,74.0235954454666
2040,74.3517802183773
2041,74.5445900296396
2042,79.1668865704014
2043,71.0289186527108
2044,75.7016083778106
2045,74.6113870589042
2046,74.8435748077516
2047,77.5078968812168
2048,79.1908823394329
2049,77.2427992116043
2050,78.149543004918
2051,74.248442491616
2052,80.1051568483491
2053,81.7170774155505
2054,76.2909910094041
2055,77.9655305013582
2056,80.4966691078681
2057,79.13653301055
2058,76.9246740362548
2059,74.4672651922463
2060,76.5374894476778
2061,78.3436943490787
2062,77.3337816317539
2063,75.3779892393493
2064,76.4514346644611
2065,79.3868112090174
2066,75.6284551984756
2067,78.3599279449643
2068,79.0906264531878
2069,77.7565915434218
2070,76.3560848807112
2071,77.6866376850883
2072,79.2697371886563
2073,79.1231074982341
2074,80.5613835705674
2075,79.6281042634612
2076,78.5579543902096
2077,78.894300887471
2078,78.7262312773791
2079,78.3732182885974
2080,77.6772185549826
2081,76.1184844802123
2082,78.5057507070504
2083,79.2159194064432
2084,79.0293864893157
2085,76.9854418256029
2086,72.8033982181598
2087,77.3730831224723
2088,79.6669968562546
2089,79.7631081850407
2090,77.2059692890442
2091,78.3645995107944
2092,78.1289930722259
2093,78.7449597013407
2094,77.2630837861849
2095,78.9147106035566
2096,74.4373620642648
2097,70.5237779261929
2098,73.4239404519919
2099,78.4660942684154
2100,79.4281816755018
2101,79.0716098815346
2102,80.0616161076314
2103,79.1306743914278
2104,76.4424582090893
2105,77.2103787125458
2106,78.7944423738149
2107,78.3067337088547
2108,77.717150111127
2109,76.621417423733
2110,78.0335892339965
2111,78.7770859661891
2112,76.4239704501961
2113,75.661618068777
2114,80.0251100010325
2115,77.5181699493467
2116,78.0740644038259
2117,80.8527560402827
2118,80.301295145644
2119,76.3831609383683
2120,77.666603504213
2121,78.6726608026825
2122,78.7241618291544
2123,77.4438174633921
2124,78.1990573432678
2125,75.7943161552611
2126,77.8164216818088
2127,80.5207434286315
2128,78.7208334695868
2129,80.4216927728926
2130,76.1393072419362
2131,76.1671384337718
2132,79.5740064526112
2133,75.9870909014056
2134,76.2842732407149
2135,77.5552978771494
2136,74.6135736129439
2137,73.028620099148
2138,76.6075912352571
2139,77.0492274312343
2140,78.5765812846319
2141,77.671856173018
2142,79.263606850496
2143,79.7214131356262
2144,75.8058063674175
2145,77.9848798497155
2146,77.266185002772
2147,74.2831242624417
2148,76.9151858430723
2149,76.0262121970878
2150,79.6704064091122
2151,76.5719052589838
2152,76.1135631829478
2153,75.3406764031263
2154,74.9751637907172
2155,74.2073668509951
2156,75.082589628843
2157,75.6308951696359
2158,77.6114709351656
2159,74.7514773590163
2160,77.0537867145468
2161,70.7288863580359
2162,72.7812432755853
2163,76.0291050367929
2164,76.7822776564032
2165,74.9357809600525
2166,77.1381361719151
2167,77.4392377245828
2168,78.4229533778004
2169,81.0308256819497
2170,79.0950300099485
2171,78.739073715113
2172,78.3120888504105
2173,76.7630607357062
2174,76.6167941614731
2175,80.9189670564285
2176,78.020974297755
2177,77.702949208893
2178,75.9404131966587
2179,76.7825170009904
2180,77.1626175407662
2181,79.7164649125718
2182,79.3910265766011
2183,77.3854565954853
2184,77.9201856956845
2185,77.6787132577002
2186,77.251055452639
2187,78.8428842911551
2188,77.0355700543435
2189,78.6991326352123
2190,78.0207242612662
2191,77.7138804569939
2192,75.7317582138651
2193,78.8940276112718
2194,79.4954774198835
2195,78.6466360751931
2196,78.8621770765751
2197,76.917820166211
2198,77.3237871415998
2199,77.9935371836777
2200,78.7492710622237
2201,78.098881647957
2202,77.6893509634618
2203,78.6054568954891
2204,78.0508589265138
2205,77.5965532475345
2206,78.3742351678858
2207,79.367115439616
2208,75.4516217563597
2209,76.0926646696041
2210,77.0974093612173
2211,79.094017044983
2212,78.6718173622957
2213,79.7479494833747
2214,75.3860677020873
2215,76.747594168777
2216,76.5771713303846
2217,79.6619362433561
2218,81.1232400093605
2219,77.8334696238777
2220,76.5755183497066
2221,78.6353527612325
2222,77.2182720754859
2223,76.0497805583238
2224,74.7936728873046
2225,77.1967903913743
2226,75.8131275327107
2227,74.4150213691382
2228,79.0140430423
2229,78.2535261619652
2230,77.2867843485868
2231,77.0693075071497
2232,80.4919154888634
2233,78.1099260716973
2234,73.0236487636849
2235,77.6579900430501
2236,76.8176665617075
2237,80.6857747111717
2238,76.8539084961332
2239,75.3299345028356
2240,76.4680086018845
2241,78.7208174136582
2242,77.6317185229015
2243,77.1117137880902
2244,77.3222523022483
2245,75.3540675519774
2246,80.0378272401258
2247,78.4904483364606
2248,79.1565217147467
2249,78.0976230923396
2250,76.4707261337787
2251,76.2638035363428
2252,79.8099505646882
2253,76.2353646245411
2254,75.9102283172773
2255,79.2642859790844
2256,77.4942846776373
2257,75.9151302713639
2258,74.4682688683882
2259,72.4483775523369
2260,68.4619555102726
2261,74.0301497507389
2262,77.547922767044
2263,78.0937690104054
2264,77.6800164237127
2265,76.9373874531026
2266,80.0880652957108
2267,80.0801799303611
2268,78.2991272040082
2269,76.681085191479
2270,78.643949296072
2271,76.0223412730763
2272,72.8340495872955
2273,73.9761521581124
2274,75.2360780767684
2275,75.353123638293
2276,75.2837744229072
2277,76.4032344899587
2278,75.5478269304619
2279,77.9773300887261
2280,76.0581476687915
2281,79.2878378122812
2282,74.8911569185481
2283,75.1843797571118
2284,74.7173916747747
2285,75.7574665677378
2286,78.3903757267474
2287,79.2002272207993
2288,74.2182950965751
2289,78.4990626703362
2290,76.8936699495156
2291,76.9344033134345
2292,77.5715544884304
2293,78.6627643217653
2294,73.7726747175414
2295,74.6167646910471
2296,77.9923890092055
2297,78.1016754852763
2298,74.3710178725626
2299,77.5592438681344
2300,77.509903679582
2301,78.9978136979686
2302,76.8107517225852
2303,75.2554422887384
2304,78.5762646458166
2305,79.9558554540908
2306,76.1095478007963
2307,76.3745133895
2308,71.9169521109962
2309,77.3847907225255
2310,75.7829509007552
2311,77.6923385139364
2312,78.670266831988
2313,78.546040878707
2314,76.5972565734116
2315,74.724905594619
2316,78.6017647015112
2317,79.1422005537155
2318,79.423376082291
2319,75.847942751024
2320,74.0634245904021
2321,80.6868811646854
2322,73.5589833941943
2323,74.8009401249418
2324,74.2525426056375
2325,77.872186496049
2326,76.5998897177766
2327,78.3896943675437
2328,75.8827407220039
2329,78.1850951663191
2330,76.7221179400319
2331,76.5514952902578
2332,76.7632547377029
2333,78.2589034079909
2334,74.3779567921079
2335,79.3386225786813
2336,81.5264343676046
2337,74.0221002986952
2338,77.12941035664
2339,77.0045055717698
2340,77.6747735792438
2341,77.5910789054854
2342,71.4267518667889
2343,79.1582555529757
2344,78.5682640661389
2345,75.0617170784039
2346,76.9829509290519
2347,78.5351554750195
2348,78.5258849716225
2349,77.837252652875
2350,80.0970379619414
2351,77.33374651437
2352,78.7206575429931
2353,78.2724382890849
2354,79.7768050200553
2355,79.6340219199
2356,79.1766176518959
2357,79.233592953047
2358,77.0405945266459
2359,77.2931076034168
2360,80.6935620073521
2361,81.0426362117497
2362,80.3483902741429
2363,73.4480903760838
2364,76.7918066580476
2365,76.1502194619125
2366,78.2376239394021
2367,77.3048264248498
2368,80.1138545479448
2369,80.0514809814229
2370,83.0826847716729
2371,79.8552190138803
2372,77.7506016428736
2373,77.5848546115899
2374,80.5906570447906
2375,75.9593667968376
2376,75.4102007519539
2377,74.3255942052457
2378,78.2764556601305
2379,76.7989889706338
2380,79.3199907073087
2381,81.8311146486359
2382,76.3415805244435
2383,80.4318687775757
2384,76.5069841576282
2385,76.3952517935611
2386,77.6933022368087
2387,71.8698941599242
2388,76.6984285370704
2389,77.0313456073866
2390,75.0308528600926
2391,74.9926120263735
2392,74.1472731504469
2393,77.1422702114243
2394,73.2918126786037
2395,75.0469449478541
2396,74.5092526586935
2397,72.3663078594272
2398,77.6163986796272
2399,74.1562478950198
2400,74.9512735649551
2401,70.8862844156483
2402,70.327416867209
2403,70.9397529978257
2404,74.2901575865091
2405,71.2597449684428
2406,66.2393873698815
2407,76.0764840739849
2408,77.724901180614
2409,79.6983344577665
2410,79.1847484256004
2411,77.3228451402191
2412,77.6167593153066
2413,77.2248425584128
2414,77.9042621705232
2415,77.2457520521386
2416,77.9830314452504
2417,77.4117615994504
2418,79.5476672909473
2419,79.2118380306745
2420,77.7100328311249
2421,77.3782837471652
2422,78.6541824323792
2423,76.2292233277788
2424,79.7720175901067
2425,77.5598450168978
2426,79.5839847785654
2427,74.9947807640496
2428,79.0591682186173
2429,71.3518901042756
2430,75.4745657105836
2431,71.7924970464072
2432,75.7523309237441
2433,72.0334845113984
2434,75.018824152043
2435,78.6125124061612
2436,78.9658574598437
2437,78.5413522022778
2438,75.2230289505925
2439,76.7357951281761
2440,74.4555342085441
2441,78.9462820105695
2442,78.7498154892969
2443,78.9231627262868
2444,78.5914850614223
2445,78.6006904016233
2446,79.2404802854139
2447,75.3403042624915
2448,76.1763666857725
2449,77.4736094426717
2450,78.9196960436005
2451,75.8600841393283
2452,77.4617424908254
2453,82.4006332106386
2454,79.6405701652607
2455,75.2805282946641
2456,79.1172385123994
2457,74.2805010609947
2458,75.8866760695727
2459,80.0013944531971
2460,79.199561967407
2461,79.1876324962124
2462,79.5499542972043
2463,78.1395728245138
2464,80.7569469714111
2465,80.3588537343193
2466,80.8686807140645
2467,83.9204450232606
2468,81.8854528117708
2469,80.1203741764728
2470,76.4534115348922
2471,76.0578806065834
2472,78.15517238041
2473,82.995503915627
2474,78.1468926019778
2475,79.4734478300699
2476,72.706310725308
2477,78.0279049262289
2478,78.2132954865211
2479,76.6357131411476
2480,77.0336131719387
2481,78.7455028433781
2482,76.7872813065832
2483,76.3707815812826
2484,79.4825591124086
2485,76.8986259328955
2486,75.1694569572234
2487,77.6997290330781
2488,77.7581839347106
2489,75.652438143654
2490,76.7972021701395
2491,75.6879358320675
2492,81.9420363929746
2493,76.2900872127142
2494,78.483458755927
2495,76.7791430312832
2496,79.4579071979843
2497,76.4749258557605
2498,78.1502778047953
2499,76.3673418183479
2500,75.8582042835228
2501,76.5499563916164
2502,74.9496398835644
2503,77.1981475918083
2504,78.7139538085014
2505,78.5152415281717
2506,79.1975111462913
2507,75.8304986627997
2508,77.8530191242065
2509,77.4420779248524
2510,79.3915681623643
2511,78.0590521871939
2512,77.8538966218034
2513,80.6542941737065
2514,78.7232070473533
2515,79.4670456985768
2516,78.3222345632055
2517,71.8985845667324
2518,75.3361952171523
2519,77.0602247737147
2520,73.8285980812426
2521,78.7828183060215
2522,82.6304452623831
2523,75.7247505035844
2524,75.3545251322815
2525,73.6881030886213
2526,76.9358014921364
2527,76.8160018853388
2528,75.1855201477476
2529,80.7066665655643
2530,75.6233973863829
2531,76.7491733662728
2532,77.413988682324
2533,76.7533457840466
2534,79.1974578364775
2535,77.188650473948
2536,73.4118465518794
2537,76.1491153944844
2538,77.771104640877
2539,77.8649112673058
2540,79.0216496048085
2541,75.6509559948717
2542,72.4381893813476
2543,76.4491962915815
2544,80.1143995338122
2545,78.581067165502
2546,80.7350235285354
2547,80.107426158015
2548,79.935961683777
2549,81.113376607531
2550,81.2088651602478
2551,78.6215932281028
2552,80.9498394864767
2553,79.6713934934893
2554,80.7109033969904
2555,81.5866231255922
2556,81.3230318463133
2557,77.0877948103975
2558,72.7815037132134
2559,74.4896006218667
2560,78.534366911809
2561,76.9053738947833
2562,79.3837204134213
2563,77.8142280173216
2564,80.612646728972
2565,79.1880360541288
2566,78.2008175461456
2567,78.023522028627
2568,77.6761558430582
2569,77.5932131393372
2570,74.0200656401499
2571,79.2973981585169
2572,82.0332524528529
2573,78.8643422922447
2574,82.438989578511
2575,77.4464925565658
2576,78.7387594832937
2577,78.0397930383372
2578,76.3530948837456
2579,77.105724896403
2580,70.3164277095954
2581,75.8603722406012
2582,74.7738893721619
2583,73.144798891982
2584,72.9881740467499
2585,76.9714615551173
2586,75.5826423233654
2587,75.6450581146517
2588,78.729112022884
2589,80.5915021946482
2590,81.0749144102467
2591,78.3559876983261
2592,76.2909778886784
2593,79.2755519156194
2594,79.9753020765891
2595,77.704910375354
2596,76.0691958748782
2597,76.735382251344
2598,80.2033802486733
2599,78.739489336084
2600,80.523413760566
2601,78.3936808159672
2602,80.8343240247208
2603,81.3504945648084
2604,80.8329765385435
2605,80.4030343305865
2606,79.7980122353859
2607,79.4960882742157
2608,80.3624862756993
2609,81.2230387646736
2610,79.092108686492
2611,76.9512580597537
2612,77.7996475449629
2613,80.4301672979312
2614,82.0159317759021
2615,69.7063706867904
2616,65.2508143963199
2617,77.7486513287487
2618,82.8078768619267
2619,84.294893217949
2620,86.3770054689436
2621,83.6775863756541
2622,82.3402884549373
2623,82.8290688036566
2624,80.8794440368893
2625,81.9712565180277
2626,82.1368928403174
2627,78.4734444961316
2628,80.8978056592132
2629,83.5649393195284
2630,82.4642428069961
2631,82.6558501161101
2632,82.3812249185248
2633,82.5597004013323
2634,82.4625809604178
2635,76.169513177582
2636,71.4041648091765
2637,68.444094972439
2638,67.8169260825763
2639,67.8989830458814
2640,70.7092975211959
2641,79.7682821443402
2642,69.4064059971876
2643,70.7644497584483
2644,65.0428773470634
2645,70.1884633175588
2646,70.2671812309887
2647,69.4924951710865
2648,75.5771266050937
2649,75.0483948969278
2650,76.4323586169575
2651,74.6659050220522
2652,78.298170846148
2653,79.3179755401273
2654,78.8592391319693
2655,80.5461376877805
2656,78.8744131165488
2657,75.5139575741825
2658,78.3197999029922
2659,79.5757468460849
2660,77.9032254440145
2661,76.3220113693488
2662,68.8990693915709
2663,74.6137422321364
2664,78.9321084764427
2665,75.6409083605048
2666,78.1026218576645
2667,77.1822524789477
2668,78.8056461222429
2669,75.7285220860641
2670,74.4854011161888
2671,79.2406615906659
2672,78.9482535486782
2673,77.3895327832971
2674,79.1657191512716
2675,78.4304282626137
2676,78.3218353005891
2677,77.4711061763387
2678,74.3806952484786
2679,73.3233006871115
2680,76.8758558902111
2681,72.6589266467869
2682,72.1019080966984
2683,73.7697573023597
2684,76.4023451660799
2685,77.4974733066355
2686,77.5048925749359
2687,77.3023758951847
2688,70.2386118394575
2689,72.6916809208229
2690,76.3588337472895
2691,74.39520793435
2692,78.5066898130597
2693,77.1267998902659
2694,73.8552730609302
2695,72.0470788999642
2696,70.2201821988227
2697,77.8618972071359
2698,78.5750806366417
2699,79.2578846613091
2700,77.6713935431446
2701,77.9984010926495
2702,75.9117853370277
2703,76.8151860001582
2704,77.1102384948276
2705,79.2355633585009
2706,78.3391431640719
2707,79.0716098815346
2708,76.1939972928967
2709,74.8465229774339
2710,71.869689689103
2711,81.7157290789675
2712,80.9470919265683
2713,79.2016311398648
2714,80.8941727005204
2715,79.2858159433413
2716,72.1659363161211
2717,72.5750224101229
2718,74.3503144743839
2719,75.790380250742
2720,75.6845526888109
2721,75.3869981981505
2722,76.3276990756722
2723,77.5996269347664
2724,76.969044305057
2725,78.462106068035
2726,77.5124121883958
2727,72.7369306798612
2728,74.6239125144604
2729,78.2026891455235
2730,80.0429890944619
2731,80.8070227517021
2732,76.8230117102882
2733,66.1732484215593
2734,72.3260145959081
2735,78.8358119325059
2736,79.6571548188523
2737,81.7031764985749
2738,78.2478770632678
2739,81.5184756590703
2740,80.4703619120131
2741,80.2286153318398
2742,76.9294461613205
2743,80.8802608355049
2744,79.1590639393654
2745,79.1608861432588
2746,80.3786167771638
2747,79.7024639102898
2748,81.5434414328108
2749,79.8924095622804
2750,79.97549969804
2751,81.3657007659248
2752,78.3993223645684
2753,79.7432766605118
2754,80.7331679655105
2755,78.3883568220103
2756,78.6361802108283
2757,79.1414843906137
2758,79.2410361009181
2759,77.2703120077707
2760,80.4600741361006
2761,79.0138346805034
2762,79.0022908014054
2763,81.8650304959616
2764,79.9259538773749
2765,82.2527561514724
2766,77.9634400502259
2767,77.7334065674728
2768,80.6536562499908
2769,78.6664398432314
2770,77.3983374438687
2771,77.6619762785676
2772,74.3367521610959
2773,73.7766166504274
2774,74.6192283521925
2775,76.253524294122
2776,80.6347719909873
2777,79.3890479345808
2778,78.7806685774983
2779,78.1725105828589
2780,80.6772281631866
2781,77.7363536627403
2782,78.4830548080661
2783,77.5396938434124
2784,79.7553380418744
2785,78.135815882435
2786,76.4338376511581
2787,81.0307516597186
2788,77.2330310363079
2789,77.4757229802322
2790,73.2131065536187
2791,67.1536715211138
2792,74.1692913886955
2793,73.3372231624123
2794,72.0203131566519
2795,69.0907361101531
2796,73.2623452781735
2797,74.0434649027156
2798,74.1184345578889
2799,70.6829273196534
2800,73.0761156247165
2801,73.1050066391999
2802,72.1957350728657
2803,76.2405337356832
2804,74.6287634832845
2805,78.1491450419405
2806,74.4721969654549
2807,72.3169718860491
2808,76.9165696887923
2809,79.2836518991693
2810,75.9340429564176
2811,77.9036496730615
2812,73.6583941181854
2813,71.2597231441301
2814,71.4467704059821
2815,75.3689255420261
2816,75.9690200525641
2817,77.6306578295167
2818,74.9566224165906
2819,78.9357502463048
2820,67.4217013249265
2821,70.6226368202152
2822,71.5175790605829
2823,72.3108040954971
2824,77.0115717883823
2825,73.1015672746634
2826,76.580409799858
2827,76.4727520207362
2828,75.8181278741892
2829,72.2364719827397
2830,74.8453586519088
2831,77.9421388428263
2832,78.1916005662919
2833,76.6323970991215
2834,76.0267017342974
2835,75.5284505461947
2836,75.9179958920761
2837,81.2464239862355
2838,79.7995657205772
2839,80.3313762902691
2840,75.6284141301073
2841,76.8947039061785
2842,70.0401601210211
2843,73.2516345309069
2844,66.5688709337593
2845,68.8906418077298
2846,68.8242034538844
2847,69.053098044111
2848,72.654588527016
2849,70.3448328121671
2850,69.1970296716308
2851,67.8200811396977
2852,67.9960509013511
2853,68.4929196029703
2854,68.6218547628013
2855,69.4287742133415
2856,74.4660337973729
2857,73.0422161297894
2858,71.3895638668093
2859,66.7175084064417
2860,70.9384525221045
2861,71.2679463657155
2862,71.999182936032
2863,77.6339669096846
2864,74.9320969761432
2865,76.1198319909675
2866,76.9782195391906
2867,77.6672223992109
2868,79.0827226443047
2869,76.5568595768424
2870,72.8504017756177
2871,72.7063221038034
2872,70.6990085929667
2873,72.9939043270248
2874,74.411863947183
2875,78.1005933068727
2876,81.7700769889268
2877,79.1981952803068
2878,79.4422580578733
2879,74.6962778579479
2880,72.2494773198691
2881,72.3037872685646
2882,73.979085540061
2883,77.0841909198724
2884,72.5382840770476
2885,67.8123343642693
2886,65.99936301289
2887,72.938187659595
2888,75.4554992376411
2889,74.4620141847365
2890,73.4605692251272
2891,77.0068027374213
2892,76.759561166986
2893,77.1001839252289
2894,73.1444847685958
2895,69.847538312668
2896,75.4898919756072
2897,67.6791305992102
2898,67.5355856144125
2899,72.0319817583758
2900,70.1169057906202
2901,73.6305678894263
2902,73.1692871205174
2903,71.8973565922137
2904,74.2383975253824
2905,76.8946022244836
2906,78.8597354331708
2907,76.8087674603676
2908,79.8057102439038
2909,74.9253695578578
2910,76.2973244261357
2911,74.4284265700438
2912,72.8797945110933
2913,71.8429492490302
2914,73.3079751486567
2915,71.5349108296288
2916,71.7005719880169
2917,66.0829998990617
2918,64.0973221650001
2919,66.6096185496332
2920,69.588182620768
2921,65.3004711290939
2922,68.5090261237416
2923,65.7241751729914
2924,69.5256348950347
2925,72.904439104372
2926,73.9388754239324
2927,76.5553602888224
2928,72.3259867800076
2929,66.5770507162298
2930,70.8371778581952
2931,77.066519871036
2932,71.6435379594918
2933,76.6868199323305
2934,74.664621528935
2935,75.424896387281
2936,74.8108382248386
2937,78.4384493067658
2938,79.227980466528
2939,78.478478257707
2940,74.7944105238304
2941,78.879058343425
2942,78.4538616444531
2943,79.724071928235
2944,78.7119738114044
2945,79.611564766084
2946,79.6610889200556
2947,80.101852017291
2948,80.113953955063
2949,79.4659948335157
2950,79.1975111462908
2951,74.4888433974751
2952,79.1114492918843
2953,80.4169402826433
2954,76.5008741335114
2955,75.5440165019222
2956,75.0066720848019
2957,79.9962160964435
2958,80.3093400927081
2959,78.7632199287849
2960,77.7860541537476
2961,77.3072963742818
2962,75.9407862216809
2963,80.1620881455127
2964,76.9536237917289
2965,77.7347003412575
2966,74.4055652361791
2967,72.8801356638223
2968,78.765479056285
2969,79.1719115583747
2970,76.4718655282938
2971,76.811468934427
2972,75.2282942649202
2973,77.3530571645773
2974,77.0072850654361
2975,77.3472999968185
2976,81.1148352313681
2977,77.4536916589313
2978,73.5282212900078
2979,78.2522438763438
2980,80.8414512005732
2981,74.8934934466332
2982,78.3737004575232
2983,77.1286977984134
2984,76.0210916741199
2985,74.3950890090121
2986,74.2275988107868
2987,75.9676123846817
2988,74.9035348480766
2989,77.0356558116653
2990,78.0368969172993
2991,79.0893833938643
2992,82.0979205498107
2993,80.7948442904057
2994,77.8992882058563
2995,76.5098081694064
2996,80.3294778863283
2997,79.0438823873985
2998,80.5433320428518
2999,78.7331780304673
3000,78.0799955215992
3001,79.2051137436519
3002,78.2999641291587
3003,78.2729436273649
3004,79.3222307109576
3005,79.9449174038751
3006,79.4833438941957
3007,77.6437378513915
3008,80.3459443342009
3009,81.7690161578105
3010,76.3717959103873
3011,79.1885903952432
3012,77.9166227894484
3013,78.3073250119508
3014,77.0077298917425
3015,76.8441082512074
3016,78.469760816888
3017,75.9121373920365
3018,73.8677550714637
3019,73.9315604425174
3020,74.0083615060541
3021,78.3254487890967
3022,76.3312132423451
3023,74.2615748738145
3024,74.1470965101608
3025,77.5423888004875
3026,78.3803650876189
3027,77.2150367822591
3028,73.4433011563063
3029,73.3500722894582
3030,77.1063172136922
3031,77.2126135808881
3032,77.5204640381571
3033,75.998304953325
3034,76.9798723790134
3035,78.9281197542152
3036,77.8950224669192
3037,73.9568341900913
3038,74.353525220377
3039,74.1654561393637
3040,75.526632700224
3041,75.580783278564
3042,80.2115622799745
3043,78.6643387780047
3044,76.5279536397444
3045,75.3308429127341
3046,75.1690026537278
3047,77.347317427459
3048,73.5602986700974
3049,75.1076171334572
3050,77.9911737499766
3051,74.6149516419969
3052,78.9188251689696
3053,78.5291069090105
3054,75.8318489220147
3055,77.3551778952173
3056,78.1665081353091
3057,77.3693630140959
3058,78.0330556809254
3059,79.7854506688323
3060,78.5963422114798
3061,81.1540910642869
3062,78.4379516388131
3063,76.5496889781008
3064,73.5941009507785
3065,77.0964697253051
3066,79.5881662284236
3067,77.6344571657918
3068,79.846587145876
3069,80.1528138279545
3070,76.5940172087746
3071,80.8332560708826
3072,78.9748891731144
3073,76.4911158704212
3074,80.2535831446439
3075,80.6308194906054
3076,80.2314222040511
3077,74.9533669164875
3078,81.2156578051494
3079,81.6367744242007
3080,78.6162741085531
3081,78.9688686685225
3082,79.4584710293211
3083,80.3686241273422
3084,81.3120193370509
3085,79.9059813266132
3086,81.2692865808531
3087,79.5893741062303
3088,79.8700795285663
3089,79.6822306597589
3090,77.4780750081952
3091,67.1712489057943
3092,73.6955065338182
3093,75.4192495595474
3094,74.2619426333376
3095,73.0285811797573
3096,73.4174585809739
3097,76.0849143197811
3098,78.8490481534928
3099,78.8941485188305
3100,79.7136070547535
3101,77.0373756830306
3102,80.3258487569126
3103,79.6349110550898
3104,79.5567865916103
3105,81.9191909243313
3106,80.3615542553018
3107,80.7401044238911
3108,81.265877519114
3109,80.2815351155604
3110,84.2331105777202
3111,81.1139166644443
3112,71.6149245936182
3113,82.0902395766146
3114,79.40146326035
3115,82.1511359962757
3116,80.8062911893047
3117,80.361921277928
3118,79.1116005566026
3119,77.1097804739101
3120,79.335346368107
3121,78.9919305861014
3122,80.8563654362454
3123,77.4213123101778
3124,77.6159505002564
3125,73.7558467514704
3126,79.6694064169122
3127,80.1813353563564
3128,80.0034079197674
3129,78.4469435939182
3130,81.5997506750837
3131,78.0563213865719
3132,78.596779204618
3133,77.3196192874845
3134,78.8252059119311
3135,81.6654910019908
3136,78.8132600312214
3137,78.9914835624828
3138,79.5067840824198
3139,77.0302472700387
3140,79.0184205295748
3141,78.2984371252048
3142,80.0357019305045
3143,78.7298323836039
3144,79.6519870368121
3145,81.4033273849103
3146,81.123703072222
3147,77.8906684025838
3148,80.5706117612379
3149,75.8110813752563
3150,72.132245125614
3151,79.1740650047871
3152,83.0027219913056
3153,77.8209937027033
3154,80.2986254280293
3155,80.5624353131411
3156,80.3490595150344
3157,80.9073839896597
3158,81.9200092097138
3159,78.5049874797537
3160,77.6498668594211
3161,80.2507588604275
3162,77.1966740224503
3163,77.2333558181561
3164,79.2757266742023
3165,78.287753606424
3166,81.2515717705288
3167,79.3928959646865
3168,72.7522764742403
3169,79.9849299628612
3170,78.3272805906284
3171,78.4920228139197
3172,78.6583200813675
3173,75.3507015202015
3174,79.2871949221405
3175,77.512771451318
3176,72.2878969434311
3177,75.106005736366
3178,74.2032702383841
3179,75.8101631700746
3180,76.5699868810762
3181,76.1159507763748
3182,76.1123699904993
3183,75.1795900891403
3184,66.1445998938926
3185,68.9597938846501
3186,72.46060030183
3187,71.1807731840173
3188,72.3297485155919
3189,68.696435994883
3190,72.3426781936723
3191,77.7110652531493
3192,75.5441610722771
3193,73.3398016595419
3194,74.072384322417
3195,71.6651013802577
3196,76.1922301677765
3197,78.1612007594855
3198,77.8641177137182
3199,76.4230732128525
3200,77.3520610276624
3201,79.1764249316462
3202,77.5251411950318
3203,77.912144072575
3204,79.4265495955671
3205,78.7805937828448
3206,77.5140763644124
3207,77.3656169769283
3208,78.2009222552334
3209,77.4503567059346
3210,69.4418210209349
3211,75.5645631175194
3212,74.0959878066371
3213,76.2534920804889
3214,78.6739534898433
3215,79.1643646615667
3216,75.1610611324713
3217,77.0252271884777
3218,74.6412632641836
3219,79.9303174580303
3220,77.7738041189994
3221,71.941259831088
3222,75.8665957424639
3223,76.3964354264968
3224,79.1598981987268
3225,77.4713788063455
3226,74.8989522396289
3227,77.3577784667369
3228,76.1691585652925
3229,77.5727775276446
3230,77.1540406001106
3231,77.5884590151014
3232,75.4690508274717
3233,75.8248258790411
3234,75.40658882797
3235,80.1612588240098
3236,78.5377716898651
3237,78.8009019487251
3238,78.2297869336977
3239,82.0184524949556
3240,79.7295271241317
3241,79.6919796780469
3242,79.5401617933143
3243,79.3180855741843
3244,79.3045386993829
3245,77.653857839338
3246,80.392804930867
3247,79.3405781340471
3248,77.9686399971419
3249,81.3427400731832
3250,79.0152593597074
3251,79.4955117512458
3252,79.1846979558497
3253,80.4675683695797
3254,77.9336039848665
3255,80.7465697598979
3256,75.8315046925359
3257,76.8554739476128
3258,77.7790895849823
3259,74.964267957819
3260,70.1537712798324
3261,64.3557057028639
3262,74.1578414136167
3263,74.5766308457006
3264,77.8519528337854
3265,78.2201376704958
3266,76.6076826589709
3267,77.1171057505605
3268,79.6551352245601
3269,77.3812239854665
3270,74.1205534157031
3271,75.4206228969824
3272,76.7360930668908
3273,77.5666340960197
3274,79.124408802158
3275,76.8073498109916
3276,75.4291592392966
3277,75.2977330721451
3278,79.610188282301
3279,75.8118824195315
3280,74.8211361279114
3281,67.8972654074992
3282,68.6040696974061
3283,67.2999796003298
3284,74.060920474247
3285,77.5287826385562
3286,71.2552344712285
3287,71.4794905079884
3288,75.2500499415879
3289,74.8042384703322
3290,74.7537906016292
3291,78.1244820036529
3292,77.0186947037724
3293,78.847531255779
3294,79.6272137145046
3295,73.8219207883076
3296,76.21250677381
3297,75.578388971851
3298,77.9119333984256
3299,77.3436463777208
3300,79.3653260286272
3301,78.6493539200295
3302,71.8177057932527
3303,73.0730034851394
3304,75.2100580312214
3305,74.9406607668743
3306,74.8683193530331
3307,69.8117108244164
3308,69.3171428114816
3309,70.9244295727103
3310,76.3170558597762
3311,77.7916368346528
3312,75.8906824180912
3313,75.6814927551132
3314,70.7003916565155
3315,76.6202085437768
3316,76.02512258844
3317,75.3087234622759
3318,78.022785927809
3319,77.2135188761269
3320,74.8142125839167
3321,75.9202096199451
3322,81.2522827304487
3323,81.349084109007
3324,77.7682169195822
3325,79.3488634528853
3326,79.781952065969
3327,74.9989408580399
3328,78.9455045644384
3329,77.559296093382
3330,78.744156944668
3331,76.9654289176865
3332,75.9583536694914
3333,78.7371507773752
3334,78.1896706444635
3335,76.6321564123206
3336,78.5143758233851
3337,77.9719830048476
3338,76.4683181810763
3339,75.0368384714444
3340,76.6426672769673
3341,78.7007900045602
3342,79.6650308821941
3343,80.9133855112139
3344,76.2916918842126
3345,77.976906672544
3346,74.8707057744258
3347,77.8441102556901
3348,75.8545417240085
3349,76.7602243202257
3350,77.1611025554021
3351,76.5705528907671
3352,76.8345576345084
3353,76.8016811509751
3354,77.856593338855
3355,76.4138008556723
3356,80.0223070053522
3357,76.7638452843603
3358,77.3441726519911
3359,77.6761252966309
3360,75.218571199099
3361,78.6511511294136
3362,76.4686641369266
3363,79.8190009098052
3364,77.5278830542201
3365,76.7727637817731
3366,76.7974277681025
3367,77.0547210193299
3368,81.1995709748726
3369,79.1571589991025
3370,77.4529794357096
3371,77.0647995397509
3372,75.7771764616733
3373,80.7923201249252
3374,75.567965273132
3375,72.6212001423745
3376,78.4266261069524
3377,76.4836198500649
3378,74.5196768332328
3379,75.0144191136923
3380,77.3514753579133
3381,74.736094041222
3382,76.0180172784908
3383,69.7874700686296
3384,70.1378136586185
3385,75.0628239545525
3386,75.8803748198356
3387,73.056284007831
3388,75.7149910569325
3389,74.7980214571012
3390,73.9524247139267
3391,75.869362352138
3392,76.6694526020466
3393,74.9737938990954
3394,74.5153628990885
3395,71.6249434466688
3396,75.1200469792909
3397,73.4231322374742
3398,69.9207739202884
3399,71.6638681539431
3400,77.017477453814
3401,77.323304185078
3402,76.1080375742889
3403,73.4216316769475
3404,75.2270828566774
3405,75.877874804983
3406,77.2847126350165
3407,75.6624532555313
3408,74.5401229390671
3409,78.0823986601072
3410,78.4307519281136
3411,73.8413138314827
3412,77.6587011905343
3413,79.4124407971184
3414,76.5651303910921
3415,78.7089491879803
3416,74.5040528806459
3417,71.9381655493795
3418,71.4750020634904
3419,77.2080377896247
3420,77.3246757287486
3421,79.0053725778797
3422,76.877830868938
3423,77.2248425584127
3424,76.8937583620243
3425,79.7499554512686
3426,78.5280611062473
3427,74.1177516457024
3428,76.971806281756
3429,75.8476188387849
3430,77.6898142148249
3431,77.2275145512905
3432,80.548838159236
3433,75.7924754776151
3434,75.0966526176461
3435,74.7398062437539
3436,78.3920275130356
3437,74.9052853015302
3438,73.6702498744586
3439,78.4912306536291
3440,73.2439748422017
3441,77.735138175949
3442,81.4375556260619
3443,80.0893325752401
3444,79.2179884442614
3445,76.9947479004158
3446,71.9511051602964
3447,74.3284836712675
3448,82.9435345225245
3449,77.052081262002
3450,77.3586729301215
3451,76.0742288154013
3452,79.9823129166979
3453,81.0705288421487
3454,79.0299978061586
3455,77.0524118417162
3456,77.1908048780642
3457,76.1826193258955
3458,77.7291092862123
3459,76.8037318238266
3460,74.9901796852487
3461,79.6893425250041
3462,76.6797934516599
3463,76.8832438526825
3464,76.9582242947363
3465,78.8698879843923
3466,78.8991071105841
3467,78.6442329778451
3468,76.5018044533485
3469,76.3733148734133
3470,77.3744787793609
3471,79.1967577595188
3472,79.4106833093956
3473,78.6313273844971
3474,78.0917807266596
3475,77.1588757653565
3476,77.1706686436347
3477,80.1559539501822
3478,80.0118274890783
3479,80.1507716006257
3480,82.3706001877924
3481,76.7818812585925
3482,77.4937704285771
3483,77.7156730992774
3484,74.7517120414564
3485,79.7715173459857
3486,76.5527215938531
3487,71.215784310033
3488,75.8289000182526
3489,79.1775802189981
3490,77.7530604832968
3491,76.112374946335
3492,77.8936451424721
3493,76.0628688031389
3494,77.2737436490146
3495,77.6427244096893
3496,76.6772448896622
3497,71.2134219741474
3498,76.6568511068104
3499,78.8257894835165
3500,77.8409453353555
3501,78.0654583085235
3502,75.127405504217
3503,76.9177601802671
3504,77.0339884954319
3505,80.5577990869397
3506,76.1108743559154
3507,80.2312068409333
3508,77.3258919774737
3509,76.0974716187566
3510,75.1525895509828
3511,79.2174022803794
3512,77.17083883962
3513,77.868735796474
3514,77.5011511532111
3515,74.7588529621453
3516,74.6380502734355
3517,75.0961689287285
3518,78.3232183204537
3519,71.3196514397104
3520,71.7837054251243
3521,79.8836254634772
3522,78.3511879264386
3523,79.7323879383569
3524,80.5502694480281
3525,79.8299227553142
3526,76.2401026474024
3527,78.8425287485808
3528,78.5117429108282
3529,78.7411613365405
3530,74.1879774811852
3531,75.0002807245181
3532,74.5101997074349
3533,78.6770379792497
3534,77.3300773061529
3535,78.4330999666532
3536,77.9570134764293
3537,76.2468346681019
3538,77.531515417469
3539,77.7768481067573
3540,75.8372072890787
3541,69.0012307522333
3542,73.4481509933844
3543,76.7936038656645
3544,76.2150506785499
3545,76.2361529319531
3546,74.9856993911009
3547,79.3219648188475
3548,77.6145465730084
3549,77.0098859686601
3550,77.0532444851669
3551,74.9094196176359
3552,76.8710183199773
3553,74.448627687773
3554,71.6508224077817
3555,71.7651094906138
3556,78.6678596364627
3557,75.8277232261394
3558,74.3331749633537
3559,77.4512475437185
3560,79.6765546573898
3561,77.7843843968292
3562,76.6524721492431
3563,76.5766697731991
3564,75.8349390808498
3565,74.0032550190832
3566,76.8878894829739
3567,76.3243952818341
3568,76.951089074275
3569,78.7864782722436
3570,77.8312020752163
3571,79.6457373239841
3572,77.3259113031515
3573,79.0625406496891
3574,79.359841968665
3575,81.4845589731933
3576,76.8871295066683
3577,74.0844176391691
3578,74.3357432027096
3579,74.7500610867209
3580,72.4100511650192
3581,71.5968764354046
3582,77.0451764114919
3583,73.5253685619024
3584,70.3883455232074
3585,72.4541052809569
3586,75.1509283978884
3587,74.835513071789
3588,78.8144464725495
3589,76.8884654293755
3590,78.6936000930484
3591,77.5087909364844
3592,75.1271590236474
3593,79.187520841919
3594,76.2864125870971
3595,76.0693796200954
3596,75.4837518255682
3597,75.0415707060341
3598,75.0510848505076
3599,78.588501839344
3600,76.6004652346484
3601,77.9452966933394
3602,72.5451785392243
3603,71.5791984046692
3604,73.6905595502825
3605,66.4740634528061
3606,72.8612395936482
3607,80.6075769183568
3608,80.2983633713014
3609,78.5610974157838
3610,78.8576012442131
3611,78.501497592781
3612,77.962249982776
3613,82.0986291046132
3614,80.0608638476803
3615,79.596137758239
3616,78.9306130742698
3617,81.0564843092044
3618,80.3397905490972
3619,81.0909758228385
3620,80.5523910416868
3621,80.8693151379456
3622,82.1861758979844
3623,77.274971373064
3624,80.6430381101404
3625,76.4662773183259
3626,75.7549416940556
3627,77.7309588762728
3628,82.8778177910586
3629,78.3650381498778
3630,79.2103096408273
3631,80.4037678766949
3632,80.3564436598366
3633,80.4805265888095
3634,78.9330351540937
3635,79.2608260541706
3636,79.6939847598001
3637,79.1221894232496
3638,78.877833127515
3639,80.1616184209433
3640,79.3059514847733
3641,76.4596174172472
3642,78.3060493364619
3643,78.054750281658
3644,77.9134021335757
3645,71.0709291716294
3646,71.640319536667
3647,76.8526185312533
3648,68.7530815690671
3649,85.1169768747176
3650,80.4299767140064
3651,84.8152002474573
3652,84.6574807302299
3653,81.9074781790828
3654,80.2870988856437
3655,81.3161916149037
3656,79.2224033622666
3657,79.2406505534001
3658,80.8795905742252
3659,81.0547991117515
3660,80.2451973246935
3661,82.3266324548509
3662,81.7914769578282
3663,80.5889873177624
3664,81.8328222031718
3665,83.0535354874258
3666,79.4588807052149
3667,73.7343011803363
3668,73.9438714300712
3669,67.8341897829015
3670,68.7799961901948
3671,70.513178518805
3672,80.6276649300518
3673,81.2830863447412
3674,83.1406915991465
3675,81.7363930482786
3676,77.2563421985671
3677,73.5830070612806
3678,73.4419800569436
3679,67.8230195865219
3680,73.2906583512166
3681,68.8302562628254
3682,66.7171077121557
3683,69.527451038954
3684,68.0050621354763
3685,69.2856018516576
3686,73.0343475151857
3687,71.6892484623262
3688,72.0994891361597
3689,73.6440704223855
3690,72.5231450769277
3691,66.8995685897443
3692,71.1303170267556
3693,72.3948047839564
3694,72.7254284092019
3695,72.6922972607829
3696,76.0373116128349
3697,78.4220258640964
3698,77.6956321713857
3699,75.9651139594659
3700,76.7303770203559
3701,77.2691533053148
3702,80.6296167942999
3703,77.4909465649059
3704,78.6200108813723
3705,79.0072161115816
3706,75.8137133905021
3707,78.731525869833
3708,79.2397544144586
3709,75.8055839538551
3710,76.6071255898727
3711,80.0497823308709
3712,78.281510307884
3713,73.2200366950223
3714,70.0524882082396
3715,77.5339264548787
3716,77.8111290768319
3717,82.063136857949
3718,74.610473430304
3719,79.0339814735788
3720,79.6117948340709
3721,80.8600472196358
3722,80.2452014592888
3723,80.1841094982559
3724,80.1154103953796
3725,79.6173803866989
3726,76.4546765699164
3727,78.9705204784728
3728,80.801706195021
3729,80.756924651093
3730,79.6885655871571
3731,76.0212013994771
3732,77.0377275409456
3733,77.3289122836784
3734,79.1932838063823
3735,80.3125254606902
3736,79.4875828904179
3737,78.3631219606774
3738,79.9789772436272
3739,76.4006332484656
3740,74.350794811744
3741,72.0124804797355
3742,72.6135310531624
3743,75.0684204666158
3744,74.3381860035911
3745,76.3596007096029
3746,75.8054729502047
3747,75.2687527623115
3748,76.4434477890992
3749,73.6882008842516
3750,78.4455928168251
3751,77.6397284583305
3752,78.9702998336102
3753,75.245549654688
3754,76.1006663187696
3755,76.8468439149153
3756,77.2734620192709
3757,77.4124651725376
3758,74.9063398892
3759,79.0219310250262
3760,71.8642235066112
3761,71.8200088729265
3762,74.9779254563934
3763,77.1223169448417
3764,72.6215110442747
3765,65.9295615095307
3766,67.0833239877975
3767,75.6192332540778
3768,77.6786353047542
3769,79.1044054623785
3770,76.9086625227674
3771,76.6253274501012
3772,74.1483796790134
3773,75.5265431456763
3774,70.1513387495406
3775,71.3310762528365
3776,75.0620600588629
3777,77.7049374226048
3778,76.3076982503007
3779,76.6564998965723
3780,78.5356849011329
3781,77.1503068251845
3782,79.4785749541374
3783,80.9034704167115
3784,80.362251774766
3785,78.5131891032335
3786,80.4815398094043
3787,77.3806079437704
3788,78.8445795690574
3789,76.858030679094
3790,79.2196632655987
3791,74.0319310199813
3792,77.9734957286739
3793,77.0194248350604
3794,75.415888232729
3795,76.9626079509546
3796,78.8800447020791
3797,77.8476820768958
3798,79.0369257799609
3799,80.8534638235544
3800,76.9383879373485
3801,78.6788474119493
3802,79.5576635131064
3803,80.630279579475
3804,79.1670807028712
3805,80.3852743299993
3806,80.3701742666483
3807,77.6768243787172
3808,77.1911082238198
3809,77.3400265464591
3810,80.6379715011403
3811,79.5039927571419
3812,79.6351112732022
3813,77.8828481502807
3814,77.1020885717854
3815,76.9340068862019
3816,77.7515990946419
3817,76.8105302164479
3818,79.001973671512
3819,79.9509223236796
3820,78.379374103328
3821,77.0704869836547
3822,80.1605143888328
3823,77.9165422271834
3824,76.2426480553183
3825,79.9386147461123
3826,74.6928188634337
3827,71.9897385203873
3828,77.7289064139808
3829,77.0679343926996
3830,69.6178163263337
3831,76.7131221161848
3832,81.0138285914233
3833,80.1867428032455
3834,77.478443158631
3835,78.3389818260006
3836,80.1441652223303
3837,77.2317087045542
3838,79.0954693928433
3839,78.3051867366997
3840,77.6147163939663
3841,74.8681630890848
3842,76.1608653184703
3843,78.3505331257188
3844,73.8718223813772
3845,74.9230034857911
3846,78.1907739923366
3847,74.2778918319717
3848,74.7462120479433
3849,76.7562677943536
3850,77.1164633300148
3851,77.1469575110788
3852,75.8844833729096
3853,75.1968714618807
3854,74.6255157229002
3855,68.4531669716728
3856,67.2509694203564
3857,70.3205065025363
3858,76.1431998420468
3859,76.0602657553603
3860,77.9096455393358
3861,76.6316301751414
3862,77.7996632114969
3863,77.1963868053677
3864,80.1091075648062
3865,78.3587380566505
3866,76.6328556843708
3867,80.6326531516699
3868,77.9848915185704
3869,78.3528776849063
3870,79.762540107887
3871,74.649635509489
3872,77.6757245065714
3873,76.6908509278074
3874,73.4727262009505
3875,76.8304554822179
3876,75.2048392017679
3877,74.3194128948101
3878,78.6414374452207
3879,77.6528420341973
3880,79.4279511911247
3881,77.6521570518346
3882,73.7856774576001
3883,77.2592770765556
3884,78.9782304281226
3885,79.5794943669868
3886,78.5822791848779
3887,76.0949280722119
3888,77.097123518814
3889,74.3864906129543
3890,78.775178528145
3891,77.194563647333
3892,77.1532970858975
3893,79.4944294409862
3894,77.0321188466751
3895,77.5715887133483
3896,75.5838659553924
3897,76.7752956470196
3898,75.536566642571
3899,75.8751415649879
3900,79.4739540935479
3901,74.7291027728209
3902,74.478805421669
3903,73.1613069778742
3904,76.8702505786
3905,77.9591399787166
3906,78.0074039268929
3907,76.5215408200316
3908,76.228126908123
3909,78.2329123490278
3910,73.708587311618
3911,72.1666855773467
3912,75.6242414236004
3913,76.3283863278414
3914,76.6894996651758
3915,78.926989780233
3916,75.4274900770475
3917,75.1665742823859
3918,76.8731341611971
3919,74.4930681691528
3920,77.6199930255014
3921,77.3818781683364
3922,78.0865344558692
3923,78.6306697612507
3924,77.3597689694406
3925,72.6525797541424
3926,76.543513352653
3927,76.3420898509123
3928,70.3559866191263
3929,73.5660933099686
3930,76.8763190947829
3931,78.7794637800601
3932,78.2655002506268
3933,78.3372173939678
3934,77.8473053610789
3935,75.4407867960666
3936,77.3576648184824
3937,78.0428949704473
3938,75.0336833934406
3939,71.2344412413721
3940,80.3041232341757
3941,77.6874244344879
3942,76.2143433244678
3943,79.751856980304
3944,80.4799972245563
3945,78.097526381831
3946,78.1929701020953
3947,78.5576685218075
3948,77.7250900318172
3949,78.6081355232735
3950,76.9518498107533
3951,79.1802662701618
3952,79.6539051166038
3953,78.2611924942022
3954,80.0581534552925
3955,80.6884585140795
3956,80.1026894473992
3957,78.4904543178526
3958,80.2815504888056
3959,77.3628851317092
3960,75.6664647965072
3961,70.7828636208403
3962,77.1088889521307
3963,77.6410127038288
3964,75.0504948548461
3965,76.9159206293477
3966,80.3036039690318
3967,77.9260582052301
3968,78.0922789171262
3969,78.3038529797062
3970,76.3602072826194
3971,77.5775236474896
3972,77.9114739993249
3973,78.2264349342158
3974,73.0509824408616
3975,73.8374583054523
3976,75.9185229549091
3977,74.9390416858689
3978,78.7230647927817
3979,77.465712554037
3980,75.3666325755419
3981,78.8227719657738
3982,78.0557002460345
3983,78.5343729399512
3984,78.0359816491081
3985,79.2735972911266
3986,77.4814849534248
3987,78.7927042870339
3988,78.0717240099932
3989,77.0740451664345
3990,78.2891192729272
3991,78.1091551405007
3992,76.0142071966182
3993,72.9792399971007
3994,79.7769662978492
3995,79.880976989461
3996,77.8040761380182
3997,77.5357460150677
3998,79.5495385754902
3999,74.322045629235
4000,78.5635489666141
4001,75.4020508028755
4002,71.686777102641
4003,71.0434927330548
4004,69.5067518299443
4005,76.0701928857341
4006,77.2520643436046
4007,75.4701047506765
4008,75.9191882872815
4009,74.5470316591948
4010,70.6410050502494
4011,78.0913840532048
4012,78.1723901795161
4013,78.2369444720504
4014,75.8848106691013
4015,71.8956317243251
4016,78.6149033610754
4017,75.268896909997
4018,71.8452034190448
4019,73.4993842095988
4020,78.4920207975998
4021,78.6898475360684
4022,76.8009672456761
4023,77.9180034768883
4024,80.1280983689438
4025,79.0049294902251
4026,75.9834552788474
4027,77.6796401504368
4028,78.3829958839539
4029,74.245980748242
4030,76.4326527797843
4031,76.0963274053626
4032,77.7429276685101
4033,77.893966288525
4034,77.3068379871696
4035,77.5823639304576
4036,78.9833313017045
4037,74.5283079548713
4038,77.2466171452284
4039,78.8901540310451
4040,75.2248407183031
4041,78.8450843488401
4042,81.02640269573
4043,77.6936750089919
4044,81.4670000112355
4045,80.7946518119294
4046,79.9151108360567
4047,73.5509829813486
4048,79.7664286873806
4049,80.9176248283848
4050,79.3448905707335
4051,77.7878857605033
4052,78.1847918610137
4053,80.9753133164042
4054,80.0916416927113
4055,79.7909949561004
4056,81.4263353575018
4057,78.7607231708575
4058,80.0594668551294
4059,81.2261621796087
4060,81.2718132402708
4061,77.753224679351
4062,77.8160155992216
4063,78.63976913612
4064,77.433868692965
4065,77.2144499157594
4066,74.3683497049745
4067,72.2307449708425
4068,72.0556809161242
4069,78.9725317204463
4070,75.7907682446319
4071,77.5093637334253
4072,78.3102301613859
4073,79.8442541282886
4074,78.5494074257307
4075,77.0038750928195
4076,78.1369499967757
4077,77.8424871405899
4078,76.6227160822946
4079,75.6968740845437
4080,76.435640000618
4081,77.1432837345495
4082,74.9369914293579
4083,79.5889978056003
4084,73.4990628369367
4085,73.8874672688083
4086,75.3909028723858
4087,81.2630523365584
4088,76.4893028824415
4089,79.1012425633802
4090,79.3259721189863
4091,74.9037067998423
4092,77.0797593766017
4093,78.5757515815952
4094,80.8217676381895
4095,78.0631935775762
4096,79.8104167301627
4097,78.9761559985121
4098,79.0029876558205
4099,80.0869102080998
4100,74.9000937498982
4101,74.7070510998984
4102,76.445193841394
4103,75.6575665534988
4104,68.491458344614
4105,72.3041781474818
4106,72.6738908362296
4107,74.4594652106468
4108,73.356744329896
4109,76.9039645317642
4110,76.2190227682896
4111,76.9083535644246
4112,79.2509678263793
4113,78.7378965010932
4114,78.1445880482989
4115,78.4977016216134
4116,78.5739401398008
4117,78.6439492960719
4118,79.913974566358
4119,76.2699517432293
4120,80.1504984367616
4121,80.1011267042355
4122,80.0765980177881
4123,73.1308360838569
4124,76.0701928857342
4125,80.6541068102168
4126,75.7171927372955
4127,75.832966896013
4128,78.3900238426118
4129,77.2684864654676
4130,80.1977601233137
4131,76.8468976016314
4132,78.6699834378587
4133,76.6528370724692
4134,79.9903976945745
4135,79.0124662441967
4136,79.0954436133734
4137,79.0760193837337
4138,78.4891665734644
4139,77.8591505721053
4140,79.0996069582703
4141,78.3739364919131
4142,79.155417957159
4143,81.1974260213938
4144,78.7508498980368
4145,80.9931900247661
4146,79.3725880455513
4147,80.420283780454
4148,78.9033860381328
4149,81.3104020672271
4150,77.4278633564067
4151,77.7449613866344
4152,79.5654737646622
4153,79.5298550347732
4154,73.3342002453195
4155,78.6194088741808
4156,81.4463137258732
4157,77.7992212918311
4158,77.6724665077227
4159,79.2359323395431
4160,77.2036199107372
4161,83.2805899948145
4162,78.0134101019254
4163,75.5603806086691
4164,77.5749097989622
4165,75.6360196238937
4166,77.689867405777
4167,77.0312877569431
4168,77.5562963298609
4169,77.0581421153502
4170,80.7885033654365
4171,77.790820049186
4172,80.5120790829008
4173,78.5402830486343
4174,77.5485959677828
4175,79.6770946944786
4176,74.9792107785593
4177,77.5430032933164
4178,79.263474940183
4179,80.383702853092
4180,79.0806552792981
4181,79.3803680128692
4182,74.103807738444
4183,77.5358080950357
4184,79.8160885658856
4185,80.7264295296877
4186,78.2943135955342
4187,80.6310692288234
4188,76.429702094766
4189,78.4978501330627
4190,73.2105189337606
4191,70.2813056902078
4192,78.500290466334
4193,74.5638675124904
4194,77.6998642414453
4195,77.9637470704287
4196,79.4428651833246
4197,75.5939692434114
4198,79.2596037303898
4199,76.4063206980331
4200,79.0163194576815
4201,79.6535515033775
4202,77.7264468036378
4203,76.2766500465282
4204,77.8962988619028
4205,80.7738757289416
4206,78.4651869472042
4207,78.0689411006981
4208,76.648301413129
4209,70.3599245177098
4210,78.5413572928163
4211,71.725830219672
4212,76.291890899738
4213,79.6224759582046
4214,77.6232838803127
4215,78.8418492228459
4216,76.6100114163524
4217,82.1142617893228
4218,75.3359942826517
4219,76.8209822418034
4220,79.3500335688137
4221,78.3677015175066
4222,78.49044833646
4223,76.9231275877496
4224,77.0907853513
4225,77.2810426858188
4226,77.3791603768557
4227,79.6804944028095
4228,76.5975772687349
4229,76.5323811013956
4230,77.259264944377
4231,81.0564586520752
4232,78.2254634742814
4233,76.2153429773754
4234,78.191289780849
4235,77.8719463661295
4236,78.0500443056925
4237,76.5010521319686
4238,76.3359403186998
4239,76.0615366506447
4240,74.854917434524
4241,74.3270012633745
4242,71.8653096889733
4243,75.7775701564195
4244,77.2591808889022
4245,72.1853288815788
4246,68.0768615206047
4247,75.9530425081147
4248,79.3869662785165
4249,80.7821150604095
4250,76.9135735517879
4251,73.3619941431625
4252,70.9604611133315
4253,74.0874287172188
4254,76.4396833248475
4255,76.9882574266213
4256,73.6124493602079
4257,75.1599822381541
4258,76.0469140634767
4259,76.6444337964811
4260,78.4666164684284
4261,74.7022121480543
4262,75.8306695558987
4263,74.0907293466439
4264,77.2649653773222
4265,74.4760702959931
4266,72.6069906807022
4267,78.2206161400115
4268,78.9326892345265
4269,76.1899122942558
4270,78.1059051133794
4271,78.2654535726442
4272,81.1440328879453
4273,75.3525266408745
4274,76.2690427060305
4275,75.1003787380983
4276,77.3956822207455
4277,81.0932161948518
4278,76.9382153721518
4279,75.6662146527129
4280,73.2193757037925
4281,77.738843400425
4282,77.4224739361052
4283,79.5625236536121
4284,78.2217439778918
4285,76.8720552425402
4286,77.9241129325573
4287,76.6268506973124
4288,77.0235641739181
4289,73.239160488984
4290,79.9548469777129
4291,78.414841487983
4292,78.6193670894073
4293,79.5059997127962
4294,79.9386340148414
4295,79.2413473234063
4296,71.7011272453458
4297,76.5103502472469
4298,74.9395809194569
4299,75.3822806745067
4300,74.2862832384982
4301,73.9073825100476
4302,76.664540866765
4303,81.5588844272486
4304,77.9035480739166
4305,79.8375665494335
4306,76.7137824149659
4307,78.2395442346291
4308,78.5167215869921
4309,76.3594523363061
4310,79.9733345911952
4311,79.3147991135004
4312,79.0401710576873
4313,78.798402924994
4314,77.7921513665445
4315,76.8320019273671
4316,79.2359303874971
4317,80.0180220900069
4318,74.6920283380442
4319,75.7220499688599
4320,78.6553320325203
4321,78.1872424966614
4322,78.6445301804828
4323,77.3462582960081
4324,77.0829318425931
4325,80.8879491532927
4326,80.0693046007846
4327,81.3994909112603
4328,78.2130327246837
4329,79.4276095214595
4330,78.1733045670304
4331,81.1962423964318
4332,77.8895144647541
4333,72.4029408388174
4334,79.0982981286448
4335,80.2676454179995
4336,79.6403975213814
4337,80.2480109504995
4338,77.4595144716353
4339,78.3504783982251
4340,77.9218912993284
4341,77.7051189971666
4342,77.8552369974319
4343,79.6085732998101
4344,77.9025305184365
4345,81.0286285254235
4346,76.572049796298
4347,78.7896797130833
4348,77.2983578905164
4349,75.8398338766296
4350,75.526839184712
4351,78.2561649179381
4352,77.3908131243908
4353,79.0944090502787
4354,78.6911443628058
4355,76.7805541086744
4356,78.8968714999651
4357,79.5640735672267
4358,79.5533062927145
4359,77.3052398807123
4360,75.9824735367723
4361,75.3559008995077
4362,79.7543611110399
4363,77.9748577299524
4364,79.1321748636723
4365,70.6974470029103
4366,70.4049012209633
4367,71.9731683520322
4368,72.7947709553207
4369,67.9711580582441
4370,72.8019008114781
4371,71.5327850599298
4372,73.5766118755355
4373,73.5547288916373
4374,75.6636932677321
4375,72.7633875468189
4376,74.8063654834198
4377,71.911661929068
4378,76.2361312296864
4379,69.5848329676098
4380,74.0110351174615
4381,73.6786280257338
4382,73.6082147873145
4383,73.0531966167359
4384,76.2357579869804
4385,79.2297248456483
4386,77.9126901305411
4387,78.3967188580541
4388,76.6990125536863
4389,77.7627081980827
4390,75.9664208402149
4391,72.4449627137931
4392,74.7291218396598
4393,74.9181938226253
4394,74.789318861481
4395,80.0408432432357
4396,78.0226375317329
4397,76.9024235002739
4398,76.9117278003207
4399,75.9715359669107
4400,76.8193822132088
4401,78.7678046723212
4402,78.5959448121866
4403,74.3215284709134
4404,71.7084862865259
4405,77.8370505967184
4406,77.5115715046005
4407,77.922022062716
4408,76.1477689340434
4409,78.0045384452974
4410,75.246638307832
4411,77.1885555913609
4412,75.6933289075823
4413,79.138103772269
4414,75.554527438124
4415,78.6281969747297
4416,77.2516058485415
4417,75.0808951288732
4418,72.069977143635
4419,73.6559648309382
4420,78.8753298129807
4421,80.3041324390442
4422,80.6629945624079
4423,77.3004293002597
4424,76.4550036772587
4425,72.8977329873443
4426,79.662775504912
4427,75.3216006887524
4428,78.501669548203
4429,71.9814406074983
4430,74.5192067676612
4431,74.4355265268609
4432,81.1829432073691
4433,79.0747301201964
4434,77.3211278525289
4435,79.5248655443601
4436,77.2743693813652
4437,74.2199991863231
4438,76.3149283554547
4439,75.7494256959853
4440,76.7291138039817
4441,75.9305456026575
4442,78.8081932936919
4443,79.2096442785682
4444,77.077683062262
4445,75.9915479214496
4446,77.5733890312723
4447,78.2198614746341
4448,77.5912885739138
4449,72.2919527432852
4450,69.6016545765257
4451,77.3561934174072
4452,77.5299524073059
4453,74.9871745230666
4454,71.4778937667398
4455,73.2764293632877
4456,76.7547835377446
4457,77.3111038221203
4458,78.8121274003274
4459,78.6158367586363
4460,76.9036338353092
4461,77.4161576610146
4462,80.8187588091972
4463,80.1567436189844
4464,80.0181886066557
4465,75.4196157976162
4466,76.3836345622259
4467,75.2633804195443
4468,71.2673451865566
4469,71.5972659233064
4470,75.2175939410162
4471,79.2958277538507
4472,74.9512893049016
4473,77.4691294809941
4474,77.6203921257676
4475,79.7995436276164
4476,79.4943241230819
4477,77.5036796045147
4478,79.7840291322382
4479,77.6090493973214
4480,79.8957613541609
4481,78.9081334432183
4482,75.6023641768332
4483,77.3562033535412
4484,74.4412286129814
4485,79.7165609394481
4486,75.0396907411631
4487,80.9064530382213
4488,78.4263859705516
4489,78.6352699616541
4490,78.0714992068488
4491,76.9796481825848
4492,78.3117488094661
4493,77.4206559252414
4494,78.1606615105812
4495,79.0825245773292
4496,77.917871311275
4497,78.8797962878801
4498,78.7706187335758
4499,76.9373642357824
4500,76.4335484754819
4501,73.1424211739489
4502,74.354988464779
4503,73.2221399994312
4504,72.9978715719133
4505,78.489986645855
4506,76.5954061498687
4507,78.1592303533679
4508,77.1865061808846
4509,77.8291919701449
4510,79.4369330020246
4511,79.3569295406285
4512,76.1457463885488
4513,77.8286947407938
4514,77.1751801664523
4515,75.0891158021454
4516,75.0325694326662
4517,78.8886270263467
4518,77.9366865032932
4519,76.0292493223451
4520,75.1357119595951
4521,77.3136224038428
4522,77.9852878445673
4523,72.5352693887547
4524,77.3488782042279
4525,78.951373137878
4526,79.298589995511
4527,78.8481668089556
4528,81.9195604284466
4529,78.8424266333313
4530,77.428371621612
4531,78.8237903823568
4532,76.8112656967282
4533,79.0381024440327
4534,77.9742496639032
4535,75.5363019703695
4536,78.5183540404297
4537,77.42928268094
4538,80.7880671280018
4539,78.6529812537434
4540,79.3662812480973
4541,79.2519437636705
4542,80.7648363975291
4543,79.3830084322462
4544,77.5865663350333
4545,78.9258443767255
4546,79.7262600129317
4547,78.483342539395
4548,77.9779269836375
4549,77.9889315786411
4550,78.2966128607395
4551,77.5898582587792
4552,75.6867600392187
4553,80.5177677203791
4554,79.3791221194542
4555,80.7004674100257
4556,74.2503313726745
4557,80.5264085524804
4558,78.1088032404738
4559,79.2463495384997
4560,78.3332867874499
4561,77.2282583944638
4562,78.9712068774356
4563,77.995585427645
4564,78.9109576338628
4565,79.4834715429246
4566,77.2482683239539
4567,77.5960824792705
4568,79.9057773498585
4569,78.5381413262955
4570,72.2864841766404
4571,78.1495632984323
4572,74.6682094493665
4573,76.7295945559787
4574,72.8055726044147
4575,71.70257487839
4576,81.8470053546535
4577,77.068884752518
4578,79.0896024939889
4579,77.4800749729184
4580,78.6205983370272
4581,70.5935360489246
4582,69.9415794200538
4583,75.2935461795317
4584,78.8549072050612
4585,77.5057853930424
4586,78.618084611437
4587,76.6079750647997
4588,79.0995989712175
4589,78.3484274798461
4590,75.2309827745376
4591,79.7517129728242
4592,75.9206853817859
4593,77.0396371442355
4594,76.2379799545498
4595,77.9426037000344
4596,70.8553106800578
4597,75.8855609171803
4598,78.4536623171905
4599,78.8815041103397
4600,79.4575602249339
4601,77.0596482516372
4602,76.1448976872001
4603,80.6880896111014
4604,78.310692444713
4605,80.6748050151145
4606,78.2336939779614
4607,77.127436200492
4608,76.7229143762879
4609,77.8746512041287
4610,75.9654397323746
4611,78.7349582247542
4612,76.6450833333303
4613,75.6665590571167
4614,73.4304341395468
4615,73.8411081825861
4616,73.6988230418522
4617,77.17506329949
4618,78.6372176693909
4619,76.8485496894282
4620,79.8559317620573
4621,76.2600879282604
4622,75.0339110234963
4623,77.5939242981286
4624,77.6561662959019
4625,77.634648341383
4626,76.5712153537935
4627,77.7447646329767
4628,76.3481825790798
4629,72.6890797273717
4630,76.929186973451
4631,69.8384985603669
4632,76.6817262960861
4633,73.5381761084698
4634,75.6534266661426
4635,77.156653737557
4636,78.2615913287584
4637,81.0316253003035
4638,75.4886582211361
4639,78.5567541272772
4640,78.1600782404285
4641,77.8529605888529
4642,78.8381508061717
4643,78.0960831118464
4644,77.4319243636135
4645,80.2591017486493
4646,77.2508933183514
4647,78.4195122011037
4648,81.3908748260172
4649,75.5407151312025
4650,79.9849779493587
4651,77.5253724715104
4652,76.4638938397583
4653,79.0960634647707
4654,79.9729587550662
4655,73.9043449856871
4656,75.7236246417322
4657,77.0841885153561
4658,78.0510325681698
4659,77.7816937772353
4660,78.710053029742
4661,74.2917988076572
4662,70.2616314247091
4663,75.8456683447312
4664,76.4473219674257
4665,74.4009449185576
4666,74.6310257904533
4667,77.395421228323
4668,76.3873740128448
4669,79.2653269133604
4670,75.6821434915112
4671,77.9589894635804
4672,80.7532233751614
4673,78.7818988851303
4674,77.9175859210145
4675,80.9703919070184
4676,78.6298649770581
4677,77.3441810610955
4678,80.6261470021256
4679,81.2398701014532
4680,79.4466041322763
4681,76.7307635432275
4682,75.9465772961474
4683,77.1331482404745
4684,75.1011437321042
4685,80.1133303182028
4686,77.9426715380051
4687,73.2847624500487
4688,78.0898424397461
4689,76.8089863835994
4690,77.3923216991584
4691,78.6935645479738
4692,78.1497770765665
4693,75.6535555723627
4694,77.9619738766548
4695,81.3218929415535
4696,78.1937010995856
4697,76.5999697786527
4698,76.2767281747052
4699,77.9046362283425
4700,78.5903029169665
4701,76.5993601474123
4702,78.776190405181
4703,78.123953196822
4704,73.4870149686583
4705,69.7777009789272
4706,78.0761640011521
4707,79.2673742931177
4708,79.8432422017394
4709,78.322679122976
4710,76.2018315109336
4711,78.2323764519862
4712,78.0404837707609
4713,76.5443120895814
4714,75.9583922202564
4715,78.4293731290143
4716,75.1165950423995
4717,76.8271230267296
4718,75.8833762271683
4719,76.5636218657066
4720,79.4032958528546
4721,79.021637579051
4722,78.2984714112834
4723,78.2042540234381
4724,80.5925950508234
4725,74.4310412715632
4726,78.7573151703803
4727,73.6211724665676
4728,73.3502119174352
4729,70.5306838840758
4730,76.6274633604914
4731,78.6177099984499
4732,76.9453568615319
4733,76.9490005442134
4734,80.0003982171946
4735,74.8922863135755
4736,71.0057281808735
4737,73.5496447883739
4738,78.4352651841246
4739,75.059427056383
4740,75.7555783515723
4741,73.9504439425567
4742,73.7205849490938
4743,75.7367441837575
4744,75.6125234621019
4745,74.0789055245223
4746,76.0315243034928
4747,72.5945141872483
4748,73.6368372941223
4749,74.6606926988838
4750,73.2135394516915
4751,71.5504453149372
4752,72.723232481637
4753,77.2199017435359
4754,75.1885016102443
4755,79.0165310590778
4756,75.9684533285953
4757,73.0236370037985
4758,75.5667151506756
4759,77.6013096180787
4760,76.1969823527183
4761,75.8329355884141
4762,76.8605501850928
4763,77.4764790730742
4764,76.6128085303649
4765,77.0076382477022
4766,76.9506660965591
4767,76.8984553634054
4768,74.1325312032322
4769,75.6603395152815
4770,75.6998502804014
4771,76.5979772564997
4772,76.1819924696566
4773,71.9367012224127
4774,64.7444668860326
4775,76.0775578896732
4776,77.2430972533793
4777,77.7479316456188
4778,74.5566940338106
4779,76.0747773921799
4780,79.1168315063332
4781,75.2127435752805
4782,77.851234306625
4783,77.0423323047624
4784,74.0391690066435
4785,75.4953822356971
4786,75.5445786774558
4787,73.9649949330105
4788,73.6821999476556
4789,77.154225398357
4790,76.1607048241236
4791,76.8301327684276
4792,76.4102426034452
4793,75.2709367212131
4794,77.2665714932302
4795,75.9135044694361
4796,78.9389295768657
4797,78.7125430251295
4798,73.4232402903415
4799,76.0897010253887
4800,76.897606519613
4801,74.5911161300404
4802,70.4656206800322
4803,76.8346901337634
4804,77.9756777495191
4805,77.3904756471005
4806,74.6119468306491
4807,79.1837835952737
4808,78.3767459408598
4809,78.6241513514929
4810,75.2532079477944
4811,76.2419846475061
4812,76.8923626358657
4813,75.8382572930141
4814,79.2194343208942
4815,75.6493110095673
4816,78.2304538864662
4817,75.7631440463292
4818,77.6885298386083
4819,74.9722942580854
4820,76.9435694253847
4821,73.5391588988927
4822,74.0811606811408
4823,76.2350329620852
4824,75.7356498299416
4825,76.1377938650012
4826,79.3298144289446
4827,77.6257819455871
4828,74.8017560613935
4829,77.9617954364537
4830,77.8853652079706
4831,76.1074039862875
4832,76.0135449533036
4833,74.5900869274209
4834,76.1632522120981
4835,77.2026472613751
4836,74.7522127872778
4837,75.9717811710338
4838,78.2171086932901
4839,77.4729902351916
4840,76.2504183465802
4841,77.2071689718077
4842,76.5827116516007
4843,80.5635890979524
4844,77.4902939638393
4845,80.9297615583477
4846,79.183319658268
4847,77.046922413505
4848,77.4220450085902
4849,76.7827440100023
4850,77.5227495764649
4851,78.2980371068197
4852,78.3923526698986
4853,77.2881017022895
4854,73.7014402059514
4855,78.2132952908577
4856,78.0649224760427
4857,78.2694008779249
4858,76.3725274884584
4859,72.3559657836102
4860,76.5857109344391
4861,81.0009053841134
4862,75.382284072981
4863,78.0955447442984
4864,78.9289966467026
4865,79.172361803236
4866,75.5114975971599
4867,76.686883244979
4868,74.4392588412829
4869,80.4799972245562
4870,77.9105888162381
4871,77.0836216181204
4872,75.7755599316391
4873,79.6983736523808
4874,78.7187523410713
4875,77.8972295502284
4876,75.2193071089894
4877,77.2533119218369
4878,76.7472908606135
4879,77.2738355293869
4880,76.8321713034766
4881,78.0563213865718
4882,75.8002711010919
4883,80.7876452322068
4884,80.9340384853725
4885,76.997576143665
4886,80.4824563681107
4887,79.4992279101414
4888,79.4580882315315
4889,79.8845463686682
4890,79.388241617575
4891,79.6373064682688
4892,78.8074886983018
4893,77.9423261592852
4894,78.8342857876847
4895,78.7221960476173
4896,77.8461958613569
4897,79.8189802091454
4898,78.1418317224306
4899,80.0213938777464
4900,76.4589873731225
4901,78.3464654811327
4902,77.7169186998679
4903,78.6290691906345
4904,77.6392395857806
4905,72.0397553781188
4906,78.0373314275349
4907,78.4309484660296
4908,76.3345124966918
4909,79.9689652721422
4910,78.9389219006721
4911,78.7291542171375
4912,78.0807035180125
4913,78.0243928356329
4914,75.8242805156314
4915,74.3445641820903
4916,78.7508867989347
4917,74.2999457632637
4918,73.8039464794845
4919,77.1348373106725
4920,80.2898083650476
4921,75.9907724988237
4922,76.5859200036102
4923,77.2946490291794
4924,76.7695020765495
4925,77.590603872416
4926,78.5412818312043
4927,76.121018526184
4928,77.8373341276681
4929,75.5906222608934
4930,73.0661931101189
4931,73.6998854707853
4932,76.7111460088374
4933,76.5083390077198
4934,74.9765801328427
4935,73.0586311132969
4936,69.1654805251677
4937,67.0301646441667
4938,72.0247385551299
4939,76.3566702771729
4940,75.6217218740377
4941,76.2786315966791
4942,76.4462644897344
4943,79.5327045855115
4944,79.5637026691941
4945,77.0171604515292
4946,73.3997399999732
4947,75.4133592195344
4948,75.5589525839168
4949,79.7658570744779
4950,78.0683353260871
4951,77.0065149915175
4952,75.3458229862885
4953,72.5870636256493
4954,76.2807864043421
4955,76.9326099023204
4956,78.0573840867155
4957,77.1089036932159
4958,76.6378911515395
4959,78.5535584592014
4960,77.2180971198863
4961,77.5650299024819
4962,79.783026498963
4963,76.8124949429426
4964,78.6965486638851
4965,80.045375974512
4966,79.3498495669274
4967,77.550269913716
4968,77.6602404578099
4969,80.7544895765984
4970,79.7807308772857
4971,78.9678172347565
4972,77.9441271581501
4973,77.5579740168772
4974,82.3666256297335
4975,79.0075904465544
4976,81.7019295487597
4977,78.3893447225901
4978,78.1514548503065
4979,80.9289188245467
4980,77.9315175620799
4981,77.4374253051483
4982,77.9699757915981
4983,78.1224892834312
4984,79.1844106284867
4985,76.9029338277172
4986,78.0741368652749
4987,78.7242040018679
4988,73.4957767855271
4989,64.2943459982777
4990,69.9667978573619
4991,73.6643316439543
4992,73.3105063670836
4993,71.1178973731938
4994,72.2292686276834
4995,76.779537953368
4996,72.8678171955413
4997,75.1446114817323
4998,74.5791604637119
4999,74.7511299231492
5000,74.0743879422077
