85.29110155
82.48400140
84.45227463
80.93609629
85.13352550
86.44759959
85.96589778
84.49448220
82.19885450
80.23319697
82.02875995
84.18580570
84.64104712
79.36886201
82.86887306
82.01594968
84.09020345
85.39870929
78.43683626
80.60720539
81.03014255
77.97170823
82.79691832
82.91766016
84.43985726
76.47055858
79.07976619
82.69139282
84.59180177
84.88226938
83.03154666
82.54850810
85.16902547
83.53188725
85.23407518
84.37406797
83.90017454
88.09743168
79.89259689
79.89900250
81.05452706
84.69353111
83.36318153
83.25163189
75.38802615
86.48780635
77.08726334
83.63967741
84.05696338
82.44661261
81.33582522
83.97653199
81.63625391
80.88548194
85.08249621
75.68149861
81.23760851
82.86544993
77.08975290
78.51768063
80.74985893
81.79879038
79.39515191
81.25778338
83.18178766
82.52919088
83.40522229
83.79600868
81.18061117
81.97163550
77.89548914
82.80882601
84.58532973
88.76111456
77.67834463
81.10670959
83.72594447
83.16885738
85.66829644
83.39545632
82.79151483
80.83996991
84.39423568
80.08926977
84.14172343
81.09867937
83.41260583
84.07295222
86.31733184
72.79150427
83.86516005
76.54830830
81.93903035
83.36767936
76.29381019
82.48397987
75.78409170
82.40341828
81.90313831
82.71010861
74.71242791
83.56685978
82.93105507
75.59262089
82.52392372
79.66037928
78.16456040
82.20445932
85.07481076
84.07540554
83.70613006
78.98157151
85.48466661
74.18317360
77.68582394
79.21236384
82.98833528
79.81300694
76.60083175
87.60409623
74.79553416
81.81860696
80.52095615
78.41682623
82.68832301
83.82530939
85.24242782
80.98009643
83.39151849
84.25646478
79.55079780
84.67745857
84.79223149
82.32154404
76.56056218
84.11066945
84.08914889
83.47423882
82.61935568
84.36745424
84.25474177
82.73312274
81.27460810
81.32567533
81.80478240
88.28815968
71.87436342
80.01994414
86.51314232
81.73778241
82.00886494
83.82308297
83.07605127
84.43016057
82.72902323
87.43597328
82.45510868
82.97535372
78.96233033
80.81889338
81.53431825
80.26101432
82.94232167
83.76603564
85.68599050
80.90552188
83.57512189
81.53865815
85.41053973
74.03674357
80.13663399
82.69615148
81.67797990
79.43841573
81.82160406
76.93669918
79.52462700
81.43655940
77.78301140
82.07396416
86.88784597
79.68649086
85.84293870
82.11088041
84.99447462
83.47996240
83.41172860
83.94613106
76.55945201
83.31789528
86.55631081
78.57202822
81.48478557
79.06523007
78.43676970
81.81788819
88.30492123
74.99484155
84.27150817
82.53604630
82.73275831
84.55755206
86.35823515
84.02964942
82.37477963
82.84106013
83.77461888
80.98434871
84.30350499
84.27812070
77.10530603
73.49195265
78.20149195
83.23705959
85.03164024
79.42017565
84.25969057
82.57962804
84.08432030
83.07382741
82.83323468
84.45872683
82.44955636
83.79460820
72.13561532
81.76067348
82.32903571
82.57614073
76.84928383
81.78922666
83.38408352
78.44692588
78.58714088
83.22588511
80.93097300
82.48732907
84.37827861
83.00359537
80.19269346
84.36798620
79.62882363
81.35559336
81.16526193
76.32035565
80.11013850
83.73291877
84.15442669
78.62162919
82.86677279
80.55156169
81.17911010
80.43783836
82.48640752
81.18872643
82.53471460
82.29488611
79.86026594
82.41480897
79.81369327
84.09127140
82.52383506
82.95749188
80.12969769
84.91391606
84.11057895
82.26091925
82.13419817
83.26056521
84.49781080
79.79913109
80.44738569
83.87840449
83.71923346
81.14266506
82.87511882
81.39335427
77.98281795
83.22724086
87.70332201
84.63076800
84.84971235
83.99982750
81.20976047
80.12330177
78.38564938
80.54774618
83.92658838
83.15400316
80.00112251
85.29212723
82.22842082
81.70177059
83.60684506
82.49546326
84.39253173
82.43687938
76.98522918
82.06960161
81.94528334
85.94665305
82.46179930
80.24945419
82.12266864
86.55391948
82.21982221
73.74848310
84.79235149
82.90512814
83.38396333
83.32311163
80.37102820
80.18600736
84.68082676
81.60823526
79.33619801
76.51881354
83.84515580
82.94219371
82.24795298
78.49523179
78.79151040
84.06727341
81.26188124
82.64323279
87.71642085
84.05013102
89.55214633
84.87921351
84.67908641
81.86990029
83.59796252
80.00258924
79.91188532
82.68258505
84.71769571
77.25119467
78.58768864
79.05779687
86.59184243
85.38454825
86.65459785
79.98860188
82.85500955
83.50768255
77.98951698
80.24942603
82.84204798
81.31241912
83.71528360
83.94908309
82.05101290
81.61876331
81.88970147
84.08728164
85.16033634
83.61671465
82.10203433
84.26559821
82.65910358
83.87173085
79.64384647
85.58220498
84.27351844
83.10821578
78.34682708
83.59462631
82.11908584
82.88429493
85.73256436
75.17558888
79.47213927
83.18421608
86.42070233
78.91625613
78.11890021
84.79717603
85.84928563
79.23491200
86.10673827
82.47311403
83.84776885
82.41683177
82.54235048
83.87275083
83.31216654
80.65341450
82.85432280
85.49863811
87.41710763
82.72491192
84.49062141
78.90324770
83.24872012
85.72648157
84.27469787
86.74284008
82.51890791
80.21874935
84.01451495
84.42593349
84.08431429
80.72467494
79.63764099
77.39008987
83.22713003
75.48343875
84.22987197
84.48547397
80.13806101
72.96650653
77.65191158
84.36963020
82.93337594
87.28471353
77.86453586
80.17877107
83.88781173
83.28540323
81.84108297
82.73640630
83.50085921
83.98921225
82.88273776
74.41142760
85.02690044
80.10288556
82.07401020
81.62764488
81.92044513
86.61387583
80.70325585
84.12796662
83.62910033
85.21376238
75.90583902
86.55915064
78.68987146
83.70143817
82.52298687
80.66311636
79.64333409
81.05573409
81.26396150
82.15156785
82.90182730
83.30261624
85.12347300
82.98291934
78.63049814
81.35978070
80.84204619
83.98852020
85.48407832
87.19457117
85.95103420
81.97176722
82.60805851
85.08581017
81.12469609
82.72931679
83.37378789
84.44805715
82.50602699
85.06865650
81.75742115
84.70624116
80.92236947
82.48995318
82.74233298
82.54278027
77.29794636
81.29013381
80.45051365
81.10627412
85.16857676
85.15010725
80.89017641
84.49162207
79.92335108
82.69303148
82.63027046
82.91005355
81.29838082
83.79151137
77.82030516
84.67406413
82.86819267
79.93141277
76.73150101
81.14311828
83.93136894
80.63444966
84.63794562
73.51560628
82.69300662
83.36596255
85.19612344
79.85285705
86.06653544
73.62666670
84.05232401
83.00986125
82.44480745
85.00387492
80.30579878
73.23247478
84.45357508
82.97411641
81.07640232
83.54172143
80.83975351
79.92224731
81.55867356
76.30975647
81.90817038
82.24539945
80.31741437
79.58310938
84.48947214
83.83850608
84.74438242
81.79913263
83.87220252
78.84124768
83.29207027
86.16042753
84.20661499
80.59993055
80.31562614
77.20398102
83.33586930
79.45335515
84.31160267
76.00448232
83.17649270
81.31712549
82.94184045
85.08358186
85.73279795
83.70448674
84.80464707
84.47005070
77.61759547
81.20017243
78.96509002
83.30659778
86.79014709
82.19824553
82.14329283
84.07406505
83.97460469
85.35253632
87.30049137
81.58093410
84.67622459
83.78970928
83.11333855
83.20534956
80.28990983
81.28433466
82.82087471
79.45767064
81.55361054
80.63275281
82.99322663
80.35456560
84.94694011
85.48158482
76.77296063
82.72189216
80.28068474
79.19787065
85.07630798
85.07914049
75.94568775
86.60017248
84.35324328
78.60617396
81.82248092
80.19070038
76.49485835
80.24083812
82.50850785
82.93340050
84.64658752
84.46306489
84.28629257
82.93384992
80.30015200
86.45498053
82.98251301
77.61416119
86.34304236
70.33297887
84.12562589
73.02878692
81.26329932
81.03558172
75.83411904
86.85013303
81.55181508
83.07153722
84.48620471
82.39299637
79.93488214
77.95091737
80.66453034
83.55667527
86.42862783
83.76698174
81.48038685
81.68011737
86.88986971
87.32089965
85.71440457
83.56113417
83.27043427
81.77673554
83.41454215
81.60647379
83.75496295
80.42241379
82.75437557
83.45712566
83.43671068
77.22229767
85.92639220
85.74828874
79.14918832
82.88960082
85.14857105
82.21269872
83.68652364
79.05794579
81.55506616
82.76323741
86.33596863
76.87139075
84.29452440
83.49236460
82.64075877
78.15312265
83.55740013
80.13856283
83.47723618
79.66275987
83.01680984
74.18957412
83.21679418
84.73980393
85.80267310
86.91848468
83.91118184
79.17158078
80.61668795
86.10708565
86.47898758
86.51971558
82.48602253
85.24637636
73.49568044
75.40133936
81.41473779
85.14164390
82.42712617
79.17306189
74.95750062
78.74845417
74.39087686
83.65096032
81.84376210
82.34469704
81.00215519
81.33459380
81.69969187
73.87596868
83.64876478
82.00753510
81.79811682
84.27562162
85.59060516
83.71387439
79.25493719
81.59253723
83.01317858
84.59192729
84.41463985
80.87420126
78.09745828
78.35505372
82.56213960
79.93005823
74.06653062
82.91953979
81.53599223
83.08168909
88.85282039
83.12509385
84.08133475
78.20164311
83.79054472
82.14053175
82.70039866
80.46349867
84.26006736
83.19648143
82.19105899
76.19161004
82.29793954
84.90151518
82.10056873
82.85302446
81.56834709
83.83202110
84.16037709
83.37674474
85.39894372
85.98084451
81.54703280
82.58520778
83.91734939
84.56703997
82.92014497
83.02171926
79.02010177
80.29293784
86.99010295
85.45117914
82.16224037
74.69873124
80.86993893
79.74566399
80.09589674
84.08374880
82.76355401
82.30299001
82.55703899
84.81465974
83.30559994
81.13380546
82.72244277
73.36175534
83.56380609
78.94481986
82.04359641
81.14576434
80.64873043
75.22542446
81.08989307
81.23838730
83.16347761
77.37118046
79.79830984
83.58331471
84.92506055
80.84633421
84.96953798
82.84861419
82.30865292
84.08187918
84.11736411
83.81143049
75.39794626
82.36462254
83.92990344
80.08781234
84.40456096
86.15961275
83.75278354
85.01726631
83.76230159
83.14810794
75.66595978
83.66022363
81.83160455
85.59622709
76.27898300
85.54892008
82.08276606
78.72045730
80.72135077
82.64710220
75.36887953
85.24789537
82.67321528
84.20278867
82.63920822
86.58347647
80.56790980
82.55763145
82.94962688
86.18294082
81.77310713
82.42237133
86.75570219
81.85192997
84.26730961
84.98376370
82.78397714
85.13506331
85.03295328
79.16278729
84.25544586
83.64561560
89.17408452
77.18565856
83.30973616
80.87875353
84.26691222
83.62351588
85.64903645
72.10632389
80.64864010
82.51624029
85.70568212
86.54310887
79.26404097
83.43468106
80.80878495
86.15567367
83.40053183
82.74302862
84.12234024
86.51805323
86.23713339
84.56888347
76.25459403
81.11476554
82.48153068
85.30128480
81.66971691
79.62193574
81.30822642
79.67820878
84.30502916
74.40060211
84.70910405
81.98528511
84.75967151
80.53055354
80.14941335
81.88809875
81.58897760
83.35973938
84.77623599
84.76489922
81.59787509
84.39520667
81.48974284
82.12791524
84.88151076
84.24229766
81.42749359
82.98168540
74.40527451
82.61407101
80.19082042
79.03547399
85.38576822
82.38315662
81.92184385
82.76970386
84.44696832
82.94721703
76.04023325
81.69674928
83.27877888
85.11093294
84.76893491
81.98117200
80.92360887
84.54034058
82.95010005
81.98280925
83.00627977
78.10266589
82.61620871
84.42572539
82.12346186
84.03733122
81.07683897
83.52249980
83.77751871
81.37229316
86.82905813
81.75076986
84.21277484
79.10537518
80.75409540
79.61884917
84.87074940
83.12993886
84.35368426
83.31174690
83.50933590
81.42817570
77.89154550
79.16265454
81.23253857
84.82250633
85.15720257
84.60872939
83.02685410
83.65869719
82.36791051
82.13498134
83.41475001
82.19463409
84.71185245
81.35873112
82.51917529
84.57413196
87.04656211
83.88430248
81.03178298
84.54896210
83.20185509
82.79479195
75.75283045
81.61698213
84.73112035
81.99931379
81.54267234
81.09271349
83.25071202
80.76484852
83.67150387
81.02850093
79.93724890
84.75649407
79.19884169
83.38714924
77.67860980
84.97240317
83.81369395
81.59369961
82.79596547
79.37496253
80.87755778
85.27974214
84.97351115
86.21695376
77.11701900
84.17667698
82.01009333
80.30334316
83.87852321
82.68308413
77.15690068
83.94000656
84.96756679
84.36277433
79.70513954
84.47870582
83.16060110
83.66251298
83.67029336
83.34747703
77.25725822
82.18465924
82.86089013
82.24782120
82.20432539
81.36597950
80.80467559
75.20739339
85.99411506
82.07332996
83.98784434
78.90929269
80.01474713
83.83680338
81.18586938
81.02439171
80.43847074
78.28962698
87.30740634
85.18023124
85.60457700
84.38005682
84.42279477
84.44812703
84.74070070
82.62919621
78.72507632
82.98222315
84.52541638
80.56387874
81.20877470
84.24410539
84.14298738
83.18340323
82.45300269
81.07413135
87.08165630
82.42963257
84.08025684
79.95302940
74.15599905
84.47766169
76.69622722
84.03067872
84.33759918
84.06238055
87.16654004
83.47461019
82.97234196
80.90114359
74.97518348
83.82123144
82.35080002
78.18865295
83.73596258
86.99410749
76.55369830
84.11994428
81.91689501
83.42865891
81.34300963
82.57805625
84.26173061
79.39988727
86.57187103
82.67839055
83.20396282
79.48231260
82.85812478
78.71921756
83.64924432
85.21349539
85.28960159
80.32710425
83.11961913
81.00007281
84.49351828
84.09661700
85.28589474
83.76328054
80.66987841
74.30868219
81.00185629
81.60031360
85.12415883
83.28009852
78.18023735
86.18058501
84.80352490
83.67911495
79.72905125
81.95619916
80.54899679
84.24475029
85.27943646
84.57738026
85.84975318
85.32269148
84.66560677
83.73589751
88.99866895
84.74163720
84.46671362
79.08550437
82.24161980
81.53691509
82.88803496
85.29170927
86.60942335
84.64826076
86.03075744
85.61266005
80.61346471
79.13911993
83.59881856
81.62489269
80.65943824
83.36064987
74.55905473
83.47993202
80.62444344
83.48412333
83.72793285
82.41979491
83.89630801
83.17981200
76.22824233
80.77178661
80.68325731
81.20096757
85.30016084
82.73129093
83.45431568
82.52597462
82.59121829
83.33725790
83.74505752
83.61121764
82.02570758
82.70037906
86.06823677
82.23336224
80.86591939
82.42631467
84.82098607
86.06242933
84.00405771
80.90002438
83.13786817
84.25027061
80.89356562
82.61293599
81.06528352
85.08929398
76.62308313
77.30602452
79.68386991
81.21000346
86.66565018
84.11452441
81.46858883
85.65484104
83.17649270
82.95446416
83.50010988
71.42366892
81.00473709
72.71001929
83.81691037
84.71077872
82.31552116
82.53755495
84.48483097
82.98454400
74.82535664
84.89581633
83.18438226
83.68607742
81.36724982
82.03590885
83.50581543
76.10389414
81.89433986
79.12455619
79.72140316
82.62462189
82.85173915
83.09559105
80.83595561
82.14495715
80.09688265
81.05675693
82.82616175
74.93184554
85.48473968
82.91340477
84.26512318
83.00919492
85.54333201
86.71356565
82.68361081
85.64868556
75.25766984
87.77655469
82.11650064
84.36983036
85.90614065
84.15552490
83.33032828
82.85887063
77.92269365
78.01659750
81.73985374
83.25721781
83.54539363
82.63519046
81.99200646
83.78212330
82.24986477
75.06542623
81.62346269
79.64009173
75.43493706
81.61555555
83.79408402
80.33049561
82.52423204
83.58922488
76.47484649
83.34456683
82.62419781
83.64225421
82.10392807
83.85711886
82.05780652
82.41149111
82.47566732
85.93995448
82.45147227
79.97589174
85.91885022
82.98485204
84.08758705
84.28252417
85.30026339
77.58753865
80.29171430
82.06198523
80.77647433
81.17938152
80.39730947
84.56474952
81.97135643
74.31594036
82.91693076
86.46225901
82.51419561
82.96944224
85.10015617
80.97194681
72.30930220
84.05326373
80.42527882
83.79903275
82.65673020
83.68222179
78.14077071
85.81511015
80.90097248
80.53135476
84.87146042
76.74506624
79.47089458
78.90125568
81.55250784
85.32069286
77.78414513
83.85958908
82.98461080
83.36794097
78.97684095
84.67516977
83.42622710
83.18411374
83.00880031
84.27645215
74.53141664
80.71005208
79.34415290
83.28859670
86.74349978
84.03656104
74.74160391
79.65300959
84.33721064
83.41598356
83.33146000
85.26776154
83.07834757
79.80789458
79.78908246
81.42674360
84.45545576
83.70566689
81.59772660
84.40081587
83.55981063
81.12227915
85.44990580
85.96919761
84.69760435
80.13218162
74.48886739
85.37796385
82.72260545
84.07809987
83.74095718
84.09797390
82.01851704
80.54439887
81.64020221
82.51686993
74.73651168
80.61247619
83.80163818
86.53442458
84.70022850
83.58548446
82.39290045
71.30947824
82.93774240
84.76286994
85.42858953
85.40870535
83.87992790
83.09822996
75.20590555
85.48301352
78.38319815
80.73060290
84.78799305
81.07067783
77.49741080
78.75349259
81.18400292
82.61225867
78.55563657
81.95272238
82.39205185
82.07771560
81.40646700
81.25965953
79.90003213
84.48455440
85.86220854
81.47341677
82.18745957
80.82410194
82.97699884
82.84486368
80.63749318
81.96931891
83.27811380
79.51955083
80.97837564
74.56186778
82.41545816
82.79019353
77.47653704
83.00237822
82.84287785
83.14886086
85.95331146
84.87248031
84.69002989
80.78706175
79.16484172
83.91252173
81.65637510
83.44722724
83.34779687
82.04102293
84.69836774
84.44697081
84.17539470
82.92601251
85.53761207
83.91343992
78.62559148
85.10598342
76.94829382
78.78476604
86.06169158
83.95440567
80.63830342
82.54518267
81.56669147
81.33544157
83.42700402
83.53246630
81.90899879
75.39996260
80.98611347
82.89765681
87.58575131
85.46858082
88.36492916
77.45490673
82.24268943
78.26013800
85.19043913
83.97328842
82.21778258
83.10768087
83.95313129
75.85923780
80.59424554
77.66628450
85.49247000
85.66616143
85.03997435
83.84033064
82.91523864
71.38459485
81.99375111
86.22318705
80.94343334
84.53585412
73.36726703
79.85405145
77.28931183
83.75985881
82.36177823
82.55606821
82.07819994
83.26734189
82.12278622
85.21882865
83.91532449
77.90663685
84.32822241
82.62117798
82.05368430
87.61754175
71.47269818
85.45183102
83.21135326
82.82213689
80.78094896
80.87223071
84.58938263
83.76504079
85.31051036
81.38112209
75.76761006
82.44967522
83.67721932
82.37255983
80.99296132
82.74118838
84.57487354
84.87778200
80.67573700
81.45582072
83.77647899
81.43685200
83.02455142
79.83946660
82.63879816
82.81418842
82.41955615
84.69295856
80.98524656
83.90611335
83.70857485
72.24952597
82.16063550
84.74068791
81.09736518
81.27772468
83.24793606
81.48228260
84.45499552
83.44067549
88.52159661
79.88806566
86.57879443
81.81148437
84.17703297
86.57788102
83.84948427
84.40916471
81.64972832
85.01888575
77.96441207
83.31844549
80.87904144
85.07444484
84.02786918
86.71853312
84.77281381
82.20189607
85.70515214
74.83035908
81.12570599
81.61382443
80.65940152
76.75151212
81.96103045
80.71037644
81.98883149
80.41046625
82.74880694
83.32804494
81.35258308
81.71902576
86.03678020
81.62673451
85.07014805
82.47947530
84.88412137
78.35271438
84.27115703
85.27704253
85.02709949
87.86290482
80.85082985
84.52362977
85.48184850
85.64670564
83.76909265
83.96127262
81.92726770
86.20118875
82.30713678
80.90982508
79.11947024
83.99421223
81.83834670
75.91319113
82.65186911
81.40000296
83.69899121
79.21706805
81.81506039
74.57692850
83.12285156
81.90842329
72.64801223
82.88746901
78.00373963
86.24510744
85.55991154
84.37319980
83.52153531
80.60562203
84.42089441
84.40914126
78.51642122
85.39651787
85.18263257
81.17975594
82.57636157
79.62280406
83.22724743
78.26511246
86.33596360
82.46936777
86.32882906
81.28435448
71.25279440
83.33523575
82.08418806
75.03494037
83.64748080
84.47391682
89.34325337
84.36554331
77.40833277
75.75102858
83.11584729
81.45266048
86.20916284
83.14704526
77.45623160
85.39216743
81.18159424
77.55245308
80.36799499
82.51332284
81.20655766
84.44258890
83.32499136
82.14640829
77.09218191
81.61119113
83.33055099
83.10746687
82.96460665
84.05880839
83.81337778
78.50528565
82.69821031
80.50341512
84.62889754
80.51372502
82.67683263
84.31444601
81.16132406
84.36063834
85.31179913
83.58951438
82.80265492
82.85122828
82.29934861
82.52754963
75.30217449
84.11104427
83.70885394
79.85086786
83.07497450
84.67911355
85.96208889
84.98638344
81.30959740
84.48510808
83.45523061
82.64598094
82.15571407
85.95442352
84.62907969
85.47933661
82.29446603
86.06973799
77.81478490
84.43702927
81.36801982
83.60951069
80.24649362
82.17086353
82.21265937
84.98386605
82.65059067
81.96723138
85.10890705
83.56127021
78.42638682
85.25324444
80.18429953
81.68320425
81.41060065
82.90678028
77.81556272
83.56903798
82.10149014
83.29364600
78.84335099
80.25807775
84.88727935
82.92719662
79.74103918
81.83681941
86.93228737
82.76758277
84.17051832
73.26154148
86.00914783
83.66906843
79.20720194
80.06469050
81.78614763
79.74904268
78.65438484
80.01937056
82.19603397
83.71455716
84.74295890
84.76508426
81.73912443
82.17369053
83.31643467
83.06922149
86.24574624
74.50803854
80.75773203
82.54157287
85.10871224
81.13428801
86.03281287
85.44531777
76.96892800
79.45067096
79.43055044
82.00182859
81.85972621
84.10037885
81.18713348
83.78502524
78.32871921
82.95966266
81.99603552
78.55819697
74.85457694
84.17489211
82.93126830
83.62082686
82.87896532
84.55314255
84.31776714
82.54057714
81.60846034
84.47904864
84.57912591
85.77700374
84.03839502
86.51108886
78.59512278
85.92976566
81.16939657
81.03528040
78.05854696
84.16683514
83.82357226
80.01678589
83.36623931
78.57450214
81.31578392
83.41588651
85.06233824
81.20768102
84.98159619
85.78325815
82.19426187
85.88899522
75.64645349
83.91321186
82.58324245
78.22397106
79.90803437
79.68541784
79.13928910
84.07086970
81.50473252
82.03914383
82.40869987
85.52165430
85.76833009
82.20229289
81.56377870
78.89162690
83.61629061
76.21416278
85.07470855
81.31768886
81.11559154
82.40761168
79.21101825
79.66209275
82.28574237
83.51129367
83.12650724
83.92124194
80.03006894
77.64135303
82.63606854
81.13911465
80.94925022
82.51334591
82.33706857
83.06277663
80.92898580
69.43892394
86.50601169
77.85860387
82.06795882
81.68433190
80.79481660
83.31909122
82.53592417
83.93776404
83.20096219
82.46906029
85.80605472
83.15052918
80.87923222
78.55783793
87.46676990
82.08303103
85.34035026
83.51289272
80.38985032
80.69616084
82.19245295
82.64759821
81.79536966
81.48474171
81.47435868
78.30217082
84.58643936
77.78998876
81.06680137
81.68108843
81.01315193
82.42024431
85.33539171
81.54744546
83.24884909
83.12557203
82.75589943
81.00858411
80.98274879
81.88340862
83.24661954
81.61979228
83.14582451
80.24643823
82.07849616
75.02014267
82.89302206
75.55342437
85.64870738
80.89479562
81.24921343
77.11711225
83.31236729
83.24318138
85.20021213
77.00053475
82.09633398
83.27058779
81.00906478
80.68365742
73.07557863
84.49335745
80.36282416
84.23611275
83.14439754
83.21333897
78.15386020
81.96154478
80.41047281
82.21237470
78.01908607
86.46643731
91.57334216
81.79913161
85.22413870
76.97048401
82.11430893
86.86259028
81.40708091
74.07842219
82.23431061
81.95928470
84.01212891
81.77991501
76.02696342
85.27742750
84.35690530
82.94915355
77.02112978
82.37538223
73.72629780
78.67507783
79.34173807
83.27157309
75.61705065
72.04971207
77.16837207
87.44196915
86.26433372
85.50175389
81.03825013
85.27521471
82.91388288
78.89345413
84.52273865
75.67573426
82.39319590
82.06977085
82.19635761
82.37267648
82.76221300
86.41600698
84.07342426
86.21490184
81.17312378
82.46688845
75.77948549
75.71151587
80.08767748
80.27131011
84.45219492
78.90799848
86.44534626
84.05391439
82.21145711
83.63085701
81.05475455
75.36457164
81.71764405
80.45671870
81.99093869
83.12018595
83.58842654
84.62003893
84.22481996
85.20509130
82.31715424
81.29335524
84.59193148
78.65327531
85.26923367
83.53472161
84.45902460
84.43143768
85.43344123
78.46936794
84.39424943
82.92459856
75.53517376
84.29122008
80.22330151
79.88490904
77.21255122
80.65976313
82.63195881
82.41797010
85.82339333
80.95596264
84.09424899
83.25032227
70.88181075
76.52242803
83.22533286
82.61810952
83.02282344
86.38479168
86.15821930
76.48940180
78.60577466
83.04744304
83.06997119
86.42190669
87.02232558
84.91963411
81.18983996
84.51767697
85.59900314
77.16756556
81.79812015
83.66846008
86.06839427
76.94202479
79.71991873
80.33602752
81.99675585
81.64002242
84.05139237
77.33879418
84.24951626
82.20780598
83.47387348
76.85971712
84.89850466
80.39467845
84.55836047
82.57266481
82.78195731
84.49282875
85.18930617
83.51684073
84.90466261
83.44299245
83.60875021
79.39452263
83.78761294
83.13697901
81.81281143
83.80843401
83.68976926
77.25958458
85.72117837
84.90717791
84.23512433
81.70049950
80.51322839
81.15436954
84.50497906
82.63806688
86.75278044
81.63748618
83.99742709
81.09118453
76.42205294
83.28853311
86.03557216
77.01155715
75.04587756
84.24164395
81.18545256
86.36553814
83.20590277
84.03011390
83.23724958
79.39803705
82.30873250
82.09438528
83.08207581
82.03392972
80.37659315
85.45935890
86.27370891
86.12858633
80.73762280
82.62462189
86.05922384
85.73575531
81.87370958
80.58041516
84.98457861
85.81511750
84.49232149
78.98547277
83.96372800
83.97569181
80.59078119
81.52218687
83.01789040
81.25897257
82.69260721
79.95200872
81.98052162
83.39767964
79.02482559
83.78992728
77.55052630
86.23308103
80.15236907
79.78527449
82.66715783
80.06795384
85.64929114
85.13441952
85.04783004
81.54379210
80.46386741
84.65164089
86.24702436
83.21668081
82.39705277
84.67098745
83.08535605
83.57368502
83.39258119
84.10118410
86.73331024
82.18840382
81.73175522
85.26916412
77.69046122
84.87209819
77.75678685
82.98676941
83.59673052
75.28733111
77.64356296
82.54770722
82.86492826
81.67472718
85.32136242
80.05991008
83.28481918
76.50721262
80.85913737
82.62681674
86.47411564
81.70437212
77.22400662
80.95427977
81.51576700
81.69044177
79.27219206
80.65520990
84.59578082
86.17358275
82.39004078
81.08611188
82.78770620
76.08525484
84.27338724
80.80996434
85.23176453
80.84125176
80.63245271
84.23119371
82.13048631
82.68153770
84.09400614
82.98291934
85.07991792
83.01622736
85.20512377
83.74392804
82.76025037
81.11196412
83.13080169
79.70869902
80.74025004
84.80702104
79.83451656
82.49271002
82.50135988
81.95036248
82.30286665
81.37764923
86.20273935
88.03929360
77.48918110
81.65240978
82.70645242
81.75839705
83.42456952
83.21834714
82.90273807
85.50396276
81.44262996
80.06450544
83.33468046
84.21866256
84.49138198
83.20504936
88.22125859
78.98652630
75.95575026
79.92643819
82.36592890
79.28923221
85.04783004
84.80660315
75.16940037
77.79900120
78.91116603
80.21843554
80.80565568
84.84505799
82.62897067
78.60044370
82.86874937
81.62774960
81.14218459
83.28367158
85.30898015
81.59856333
82.72019501
86.97132373
84.95773619
80.42311647
76.11583512
82.30808898
79.91288615
81.63954814
80.06029735
81.26244179
81.36079611
82.77791352
78.27386298
83.69727288
81.64380515
77.43885444
81.18053098
84.32616459
83.85742837
84.83968694
77.98143975
83.32907470
81.75560613
80.53449417
85.26168045
81.26704328
80.96848955
82.85435002
77.92080200
84.04116720
86.40714775
86.40047241
82.53387280
81.68772142
83.15871571
82.02553515
79.37049500
85.97740006
81.08033367
84.38979482
74.97276450
83.78479879
77.68792044
80.89752428
78.89442349
80.68580737
80.57900910
83.11187463
79.92006490
82.94127544
81.07034552
83.30830537
76.56632514
83.01679507
79.85621059
84.08506558
82.41549573
82.98250916
85.72966945
83.13344737
82.72078877
81.74405334
78.45883040
83.38464111
84.33893081
82.18255447
83.84497062
77.27311093
83.09903886
81.07236882
82.95114530
84.23466234
82.58366761
85.93074248
81.46131466
81.99993170
73.50964056
83.94961666
82.12942560
84.87521612
83.94075336
81.80015156
84.11159257
84.49916440
84.79700903
83.81912657
80.73434278
84.47656033
83.18231530
81.15996856
69.69753089
84.49201206
80.29319777
81.80866653
83.00951318
84.80021782
81.29322554
82.29586908
80.96687794
81.17484630
84.33401325
81.70370887
85.31838282
78.33621537
79.63821650
87.05908194
80.90982508
82.08307822
85.10639005
82.24347222
83.36406779
82.84763702
81.80590440
84.08618501
74.76354029
83.14308226
75.98137475
86.84514888
82.86284470
79.16222064
71.80187034
84.28003462
84.66367329
82.92862463
83.58747754
83.66484818
77.99432806
75.68099762
83.78828515
84.11625463
83.63009398
83.21769405
81.95471873
83.56017418
78.96001036
75.33675286
83.37313771
81.62723800
78.33805208
77.38594854
84.78356559
84.12340806
82.13704812
84.82441387
82.30710543
82.32359217
78.57632350
81.90693369
86.39061577
79.47316695
80.44896779
83.09176040
87.09682265
81.52262303
84.64051418
84.67071869
82.73947822
81.39833280
86.00439214
85.99246014
82.43498897
75.84898724
83.25359644
74.10303114
84.49624371
84.83854675
81.73257017
80.55923391
79.83875232
79.65571154
85.33133199
81.40269670
83.80768612
85.14953113
82.83710163
81.66156618
84.65419363
84.01969585
84.28707084
85.73535807
78.86456560
81.27460810
84.77433464
82.09106049
83.89169769
79.21510835
82.94276298
83.00579717
83.75793772
82.62745496
75.28011769
80.35818272
83.09181102
80.92812020
85.43437415
83.07608953
82.02173055
85.39583909
81.97468564
82.72841590
81.58113055
81.97387257
83.22232528
84.50225722
81.92799515
85.00104100
80.81546473
80.23363738
81.69501228
82.69048636
82.71082933
81.96873723
79.75220726
88.25028693
75.75219810
85.04965858
84.84013875
81.09216185
81.48886161
77.50346679
83.62139112
77.96703461
83.48723835
83.20654594
79.64352395
83.03180506
82.32268894
81.50194211
85.07937679
86.14094852
78.25063909
73.44110348
82.79008783
79.39759589
80.16262964
74.44799992
82.72237719
83.05217374
83.63588726
82.71879048
80.42333878
85.46287572
82.38607856
86.63412569
80.23609088
85.42024313
82.93743038
79.56839549
81.79382427
83.93314306
84.34114208
86.19479210
81.28889419
84.93951288
82.04977659
82.73476223
81.34277584
82.92001972
84.66849359
86.11095609
82.68678410
81.03606966
82.17711042
83.21834714
83.31480747
83.32636533
81.57945114
80.29156872
86.59934185
82.69567694
84.41007393
81.21037207
84.50557094
80.93842883
78.54798645
79.41540902
80.94593610
81.01205276
84.20765415
86.02629426
79.25115936
84.07005896
79.92976010
83.80228469
84.54113141
84.35551353
85.71787950
81.58154588
83.05269821
80.53473123
81.06457050
82.80733536
81.28979800
81.05036826
82.91046057
85.02541471
85.09663856
85.15751287
84.25992410
78.97353481
80.42795379
82.90305791
82.50856340
84.59411853
82.45463475
80.75559701
81.84310308
72.41948015
79.18833863
82.72799651
81.01583097
82.49583881
84.94225123
84.95975322
86.23457095
84.33047537
76.19917588
80.69624843
84.42824003
83.64957001
83.90094882
79.66692982
82.60745442
83.08305802
83.39603521
82.18786298
81.11782862
79.32000919
83.59703455
82.43645195
81.96715514
82.68944597
82.80969729
82.67891733
84.15469820
84.07781762
81.73526827
81.82428546
79.29146887
84.03216398
82.16170284
85.46622386
84.30158127
81.38547928
84.86236258
74.19143818
81.24875587
83.86052474
83.75711633
82.42752889
83.73198685
80.65828970
82.21145711
79.53680592
79.69000913
81.39441983
81.90673860
83.04106058
79.38924866
82.76067499
78.71460968
84.15801991
84.57106293
84.04958179
81.02141033
85.25665898
76.46872775
81.26704328
84.56596441
84.30956574
74.21439988
73.14442837
83.79495622
84.59592860
84.17591985
83.31379301
82.26702709
82.60803670
83.89963548
85.05343086
81.69795107
79.48199084
80.80651867
73.00889662
80.75534994
81.60518946
85.00829654
77.66529665
83.40242696
80.20074341
83.06510097
78.81639082
81.19336733
74.43282603
83.76413068
78.02885661
84.24247937
82.60195480
83.01474426
84.87671687
81.20877470
83.55140376
83.76628824
83.92453274
86.86338735
84.00837416
76.97155741
83.92777241
80.69413925
80.19062077
81.47654486
83.19984306
78.97327981
83.52618306
83.54918478
78.54673458
85.95006810
83.65755739
80.20579852
78.12409070
84.99151537
82.88369196
84.92972864
77.81627682
87.56082023
85.98625498
80.98345489
83.94007230
73.51621907
86.06465593
78.68651950
83.21768326
82.81068038
84.18932748
79.22357575
81.28646291
80.09413560
80.31360132
85.01553552
87.42609131
78.13998415
84.52313670
81.19006683
80.98776007
82.46459800
83.54350820
86.18702407
83.11937327
82.88185516
85.16182686
75.12151178
84.18583669
84.69611614
82.21673435
81.39629715
79.02238704
80.22308717
84.56309298
79.39116299
82.69626040
83.82766217
80.59575903
75.10715922
78.00578715
82.05820805
72.14495498
82.81870281
83.15370917
78.87465540
78.83654508
78.04131791
81.54633693
80.82680167
84.13434268
83.17044562
81.92493359
83.46285778
74.64896723
83.83421998
76.54736111
81.64392916
85.25383993
81.71720734
80.99199916
74.48980522
80.39773285
84.37483287
79.04035608
84.86735166
83.74546091
84.34804463
82.52283569
85.00948016
81.85074646
85.08866803
81.12892712
82.17344938
79.53151449
83.23388605
78.36801803
86.76669390
85.41544774
77.50671852
80.55398767
81.08283665
83.15732316
83.85325414
82.61657724
84.52810013
84.59062768
82.34579477
82.97562070
80.36643385
84.37254414
79.99921624
81.82912790
83.08187489
78.63160603
80.55620627
79.72049056
72.77323152
84.07731752
81.21885057
85.42122167
84.15587970
84.33835678
81.31251233
81.94462814
76.69703211
80.34172742
79.65352835
82.28994024
80.36535556
83.91351031
83.09431233
83.02602235
77.99321546
83.10967946
80.12110112
82.49506907
83.80983950
84.48373505
82.39227513
83.86195996
81.16199757
76.06747972
80.62696019
76.74380216
83.93377817
75.98929521
84.14224073
76.86288726
78.62068345
79.49832744
82.23118913
80.07285092
83.84974753
83.93110859
84.89591212
81.51837826
81.41649519
84.95003455
82.99635871
75.06283382
83.37715199
82.81144133
81.10294998
79.29379088
82.99493008
83.61961889
79.58960803
82.74553389
84.57142400
82.25305996
83.63515089
81.62579536
83.67063367
82.94052211
82.57795373
84.07701147
81.69936110
83.14263927
85.62669345
83.25458176
80.37248921
82.85854935
82.31481074
84.99245921
82.32918960
85.84367522
75.76678825
83.91739073
79.48304730
81.57583031
80.54377630
83.85328312
84.45944436
82.24233176
85.18711693
83.12328050
79.83914055
83.34403314
82.91075440
75.25214760
85.37559677
83.10649263
82.21433735
80.87196974
81.65367026
84.07248856
82.79888809
82.21194222
78.81392417
84.65119777
87.26852453
81.96291392
82.45322729
82.75895660
81.89289561
87.53046613
82.19505624
85.78423193
79.46652977
86.06208986
82.65711244
80.03341034
83.24192695
82.13800815
75.97433886
79.57006111
86.05955922
79.47876819
77.95093609
84.80260490
83.86114422
79.79589758
81.37812016
80.57066053
83.13741147
80.49406822
78.50698776
84.26702126
73.68925537
83.25485276
80.85945011
84.59709237
78.54260804
78.69028329
78.82047854
82.33054330
85.18697441
82.77838927
85.10426205
83.75226319
80.35451231
84.07946087
76.95161613
84.11180194
81.71672919
81.69526373
81.21665213
81.34924528
84.87561804
84.63399872
81.35029541
73.12556822
82.83503878
79.53326884
82.60287239
73.89005184
82.57640103
73.49882809
82.95293546
84.88031105
81.93246538
83.85401763
83.50901306
81.51310593
82.93577863
86.50584809
81.99614323
84.07731053
80.70467406
80.57133364
80.85258009
83.36306185
83.99023293
82.04900680
85.41632899
82.91430518
81.54010120
85.35708579
82.44242248
82.21192088
83.33415005
78.86086505
77.78500715
85.07370080
83.95335189
80.29145099
81.85513112
82.80058993
75.02067418
82.72976202
85.07306987
82.15886483
81.52017099
82.77873466
82.30408756
82.29402841
84.58562875
83.20716093
78.99848391
85.08902863
81.70636009
84.16251343
83.39983396
82.25422025
82.59473240
81.29269809
80.26394544
78.25126462
79.22357575
74.51122790
76.46532950
80.82656308
79.52766694
81.75888589
82.62552745
83.15044781
80.06569313
85.11331472
75.40437389
83.61992361
82.92074649
83.68957963
76.58383851
82.41834999
80.89079134
82.92696255
79.94915623
88.34300524
83.87404165
78.29656010
83.65045143
70.98588608
84.72232355
83.71723791
81.61773234
80.86595969
80.68410323
83.42451151
82.75031297
78.90258234
84.20784249
80.24065443
81.44119427
84.81797751
84.89813549
82.39147952
76.49334681
81.45587377
86.61667708
81.81229050
80.69844170
83.26657556
76.47244122
76.34668555
83.53039690
83.68362811
82.36425874
78.01894544
85.35844475
78.23800158
81.11467027
86.76841440
84.59317573
82.03479377
81.05281788
79.98598894
83.30648025
84.69388596
84.87833114
81.56484441
84.06776933
73.21833923
81.21946702
78.56422897
76.13325692
85.63494273
80.07874510
86.51202951
80.49873819
82.28056184
81.23948235
82.47113370
84.40948925
83.70378354
83.35759857
77.90932800
84.56277222
84.68970284
83.41390108
82.12950998
85.48167914
82.32630242
73.98240213
79.71476667
86.34874770
84.25265077
81.83424861
84.57161526
80.75822007
83.77925399
82.84829445
85.17717223
80.23496673
82.32313685
79.77876124
77.99026377
84.53763214
81.10646348
78.09230590
83.46357054
85.43637322
80.90437517
81.23089740
72.73299737
84.76238395
79.66755716
81.72876424
83.73124510
80.96433610
79.18932981
80.50146856
83.71455716
82.73743101
71.97273083
81.02063763
82.28619551
83.90971217
83.43889818
82.78065573
83.13653572
85.15781957
83.93587443
84.02251195
86.39241960
86.25248965
84.95033955
86.05031001
85.84741333
81.67728925
82.36936558
82.18145828
84.67369231
84.00091920
81.40357139
81.82654170
86.37059016
80.70278117
76.11110453
82.71429515
80.99947723
82.26447004
82.07350766
84.62594162
77.95381452
81.44302564
83.85660666
85.09928786
74.02398177
80.14062498
82.69346186
82.79273405
78.63465132
84.51959095
78.82946255
79.60423163
82.83638672
85.75802585
84.00533765
84.24640615
78.34827283
83.57170206
83.61331103
86.57713261
83.03912001
83.85410527
80.13621631
77.13820296
82.91766016
83.54876150
79.09014006
85.06915781
79.66013719
80.04257698
80.06061070
81.70119854
81.83402708
80.81001795
79.48135345
82.71483093
80.66417221
84.53932275
83.68007061
83.36448336
82.55763145
84.50189900
83.91561266
82.72245913
85.80975492
82.75206872
82.43659159
82.71128669
82.00444833
78.18737424
82.12260002
83.68317399
80.23881349
84.78400773
82.52507966
82.24797878
82.45416322
82.50275186
79.60505887
79.93618148
85.47858311
84.35727307
82.76243545
80.87848014
82.68880234
85.40263747
82.80894816
78.28788031
85.10056498
83.08435238
83.69368051
82.89552569
83.20160831
83.44305991
83.83102295
85.54315209
83.08066511
84.82206643
83.18302697
83.93434693
81.56817723
79.91918926
86.24465097
81.98046602
83.51894816
77.80875810
83.52093510
77.39181072
84.07618000
83.91915636
84.37331056
84.16588095
82.35417721
79.44381095
84.33752026
80.78571026
81.32602669
83.73556702
79.25347872
85.24945472
84.82732094
84.18489420
82.01722900
84.05705803
84.05494270
86.31715957
82.43200236
83.07708358
83.86973759
83.48073641
79.31108696
81.39183852
83.22585895
83.71789088
82.73998956
82.52072916
82.44004969
79.70869902
79.32888692
80.67665321
83.91914980
84.53424940
82.56562699
82.97878799
83.37441086
85.34254856
81.42813405
83.88423944
80.74935250
79.76322072
82.09501784
81.68477273
80.72844520
84.59246003
82.22604763
84.83202442
78.97015464
80.51312469
75.15111281
82.02814116
80.54366406
73.49682287
83.39949861
84.97648074
81.23805443
82.94786235
85.26951521
82.29411732
81.88520686
84.29789790
78.57704780
81.23784967
81.77635745
82.91104633
83.05217374
84.44305915
83.59026213
79.77677204
77.90893773
79.44697311
84.45712911
83.11151449
84.36704797
82.97785490
86.83888583
76.99809114
82.66577689
82.87833208
73.87085831
83.42950924
82.42187811
83.12202851
77.74288071
84.40145318
81.27655757
84.70149743
81.84538543
85.33889258
85.36675233
84.01553021
79.06431476
76.08131376
85.50736577
83.07005146
85.68583102
82.41489221
77.96718135
80.51139676
81.28471254
83.44840585
77.12847468
84.59684346
83.85522261
80.31337557
83.48259347
82.98047447
81.94380290
80.63907753
82.04324045
85.67166333
84.41321164
83.45252964
70.06799389
85.59335667
84.76121267
83.92690611
78.92738672
84.49701667
83.60503462
80.97348880
83.76569302
83.53229092
82.30180268
82.80040150
78.89006280
83.45331712
82.38689349
81.38597657
80.26789615
75.07917289
85.42827715
84.68488037
82.55395089
84.71865878
86.02902410
84.07220256
86.19600472
81.47795595
80.93097300
82.32747002
83.03544883
80.57017994
75.77588698
85.29871750
81.45612305
82.32894279
82.77206661
84.13251416
75.98003786
83.08503897
86.58277966
83.26615813
82.70973629
76.04885947
82.48881860
88.14161310
79.24500600
82.52563072
83.53359810
80.46257322
79.12773077
83.32279024
81.70857551
81.28491171
84.72009988
82.99089123
74.46821933
82.32912831
81.43129649
81.67466117
79.55949159
78.23298112
84.89139070
84.87254280
79.67689457
85.41550881
82.71561810
69.69686889
82.31301056
81.69660496
84.74655722
83.00174230
83.20326396
77.53882601
78.55606027
84.21574072
85.64609178
84.44253199
78.21600424
84.22925305
73.57533073
83.71686194
80.74173704
78.85952729
81.20190422
84.37039715
83.58886690
83.55337920
80.06314004
82.57205999
74.11635359
78.43620979
84.43455081
79.18444733
84.10053810
80.90577534
81.36027103
81.19148801
78.65404148
81.94237238
81.38854063
80.36347314
79.04826185
85.05516357
72.81341774
80.88731377
84.82002413
80.00942455
86.56181271
81.86605985
82.29948116
83.38413497
82.81826555
85.68285242
83.72591755
80.69768565
82.30367957
81.96011028
84.66102562
80.59515252
80.95679059
83.97970904
81.15045358
82.74694195
84.15898691
80.91587469
79.44661403
76.19000958
80.96855697
84.75959864
83.98588025
73.95721897
82.10868115
82.62446063
80.36537891
82.64354655
81.31093324
83.61644090
81.56702824
83.57922021
78.81010029
83.86559216
81.98661865
85.60457700
83.11451523
76.04950420
85.27216350
82.18508432
80.66949483
81.75160682
83.92153558
73.94813016
85.26127700
85.09597568
84.11455484
83.07259912
82.99149391
80.25275433
83.25388062
84.99258559
79.20423761
82.16464925
81.46822732
83.58569666
82.39243821
85.68050182
85.69111067
79.14737443
82.33288731
85.98203377
82.47110691
81.49484371
84.74855439
83.37530738
83.95966584
82.98473117
75.76324041
77.63661334
84.61314277
79.27460051
83.88088022
84.07191539
82.60717289
79.65046671
74.67014149
79.69334226
84.13476433
85.98112141
73.28405250
82.08192701
89.26243148
80.17982930
84.21596632
86.99420762
83.35013374
84.05728778
72.13952210
79.67899226
81.62581578
84.81505601
78.46318069
82.37970743
85.41851645
86.89334619
83.81997289
83.71656844
78.02748277
84.25720633
79.87769130
81.26464379
81.19983559
80.18784491
82.38429799
82.76318297
82.10852728
81.63837416
77.38047831
83.68577031
81.33720007
85.32237734
85.17314835
84.93588961
82.11211058
80.55997198
82.78508391
81.90353856
81.00401833
82.85661117
84.70959889
82.37249362
79.14273682
76.19787431
82.00322466
81.81471668
81.56998097
80.66254975
73.92467979
85.86909007
82.18630444
85.36468610
84.24085153
79.95425035
82.82977313
79.90465956
83.30523435
83.75496295
80.06757319
83.61014087
85.49062485
83.94650176
85.38126406
82.67367321
84.82925947
84.81523163
79.09917200
79.29204173
84.66135646
85.06967327
84.59684346
85.39961035
77.55620236
81.91064691
82.41486652
80.36571543
85.73695079
82.84746097
81.62623000
78.09331579
86.02778499
82.94026234
84.40526269
80.22360195
83.15897081
83.60273290
84.24484341
85.77966178
84.80678381
80.45363683
81.49460011
84.55902975
82.55886666
84.17438917
79.69260244
83.02252665
87.41539657
80.54174507
76.30343915
81.89298136
86.77474554
86.35855950
82.46300089
80.18956520
82.77224485
75.48908671
79.65009298
80.67452724
80.66595364
86.90322561
75.33194652
82.40280226
79.77571928
81.99411368
83.21280783
84.77881122
81.05724030
83.58795016
84.76874848
77.85170748
83.27374927
86.11312216
84.65231166
82.77418324
85.81373374
79.62108209
81.11230157
84.57612298
78.99249602
85.24096429
85.82703205
83.61194659
81.84010162
84.92409551
82.74071950
87.22972037
77.41984683
80.59012932
86.06242933
82.46609605
82.35541480
82.34424185
86.61682377
84.58781615
81.36398450
83.65605828
83.15468950
81.76816341
86.22296123
82.38287606
86.41269603
83.87158695
83.38736535
84.86880097
78.64487891
83.70545262
81.47190068
84.52913283
82.75850184
76.58074652
81.81265103
84.68439585
86.73738114
81.27908171
82.69347466
82.99491048
78.61754421
78.84512025
80.37991536
80.82247659
79.53052881
82.73250274
86.21946251
84.02557419
86.06850768
76.18746837
83.97606209
81.49501166
82.27957984
80.97768342
85.71100017
84.31005530
81.57392400
82.70455619
85.12202837
84.69643383
80.88726354
83.93196074
81.91712953
79.96555651
83.89026541
83.06989775
84.66902852
82.02365322
69.12574530
82.97029603
77.76339867
81.53058865
85.22663049
84.34192090
78.74414102
78.69478409
81.11846358
80.73290819
83.86867703
80.89917915
83.45759419
81.98190213
86.87558875
79.00806356
83.22070176
83.12774282
78.44716819
69.81766000
84.07193239
82.87162121
80.32245875
74.06421735
85.22520580
82.59024628
74.04112956
74.54348687
81.27733391
84.55586500
85.91068948
82.16523379
77.72319556
81.60506039
89.70598567
82.36428958
82.30788871
83.67640126
86.29599787
81.10322652
82.08056735
79.75624905
83.94591637
72.44982356
85.26878215
84.10806184
84.40722945
81.48419816
86.51097214
84.51190499
81.21696977
86.66146128
79.69946611
82.17321272
80.77049545
76.81600937
87.16208105
80.43115935
86.09344406
84.94403889
83.05504855
75.58509299
79.33450506
81.97711380
83.93732426
82.55485655
83.73457481
82.28514248
84.03160589
76.97956156
75.69057753
80.99730714
82.03006973
74.17462714
83.50113265
83.26877815
84.69731499
82.68412397
73.94063024
82.03952056
79.17035572
78.77148277
87.00891079
81.66973311
84.14622934
82.38781028
83.37949923
84.84461354
79.71506507
74.46569601
77.23448697
81.73016845
76.26224024
76.61553332
81.66862039
82.76800645
82.44961783
74.55805678
78.23498119
76.28349599
75.87637001
82.44277588
79.72306819
84.91201873
82.01594968
80.85068866
82.13013605
82.92886890
81.06212050
85.63224693
83.27437976
82.09576840
86.27800533
79.85567413
79.11961327
81.78364879
82.85919252
85.05834417
77.03106800
81.94206296
84.25034535
84.59858519
80.95426798
81.82315832
83.68072425
82.14485509
74.75604083
83.96800776
83.78470431
78.63681385
83.11027246
86.18330164
84.55652034
78.86423688
74.59246329
81.59349238
78.79660464
81.64653224
82.11462054
76.64956970
80.35739225
81.77417276
84.59234144
84.00660893
85.57107442
81.26523870
78.27456576
80.42552427
80.56691809
82.05398429
82.01145790
79.08468881
83.45760847
79.14045807
81.37789859
86.14534964
83.71228783
82.35063462
83.02572614
85.83824394
81.86350168
82.31821356
83.42236789
79.33677012
79.57103769
84.76093018
84.54524787
83.75362784
75.11458452
81.65947456
85.60440394
84.52054537
83.83836866
83.73833372
84.31326060
85.23231168
81.87493348
84.22956130
85.10528724
83.48754073
76.22012438
79.99020139
84.57197587
79.91324354
76.46532950
84.38750068
83.79719630
81.21189928
82.25753977
81.01776480
87.21713275
82.57815205
84.48118509
82.10171120
80.73546339
83.70443553
76.22888206
78.33621537
75.68484404
84.64116867
77.74945880
86.94548548
84.71732259
82.29490502
83.53055963
84.30622295
81.40285059
78.87581359
84.19208956
81.32968306
84.02170497
79.26250348
83.66639647
77.35868273
74.73098265
84.17765194
84.05155707
81.85046533
84.87470846
83.09305118
79.34806315
84.14904259
83.36661575
83.20938613
78.11274388
84.32435224
80.26988153
83.25665428
80.70221241
85.94085338
83.34828156
87.13024004
84.55652034
84.69905582
79.12204774
83.74922751
75.91686044
73.43693741
76.72434388
81.67492998
79.55723835
82.99131774
84.61139378
82.67526626
86.15913608
82.01146455
80.51065302
82.51218725
82.95093266
80.64332776
83.80251548
84.43878596
84.41965968
75.37934059
79.81471234
83.51616551
77.84107858
85.23170126
81.33475517
84.57453200
84.01128362
84.60467957
81.62775010
81.54522313
87.76335120
78.33467752
78.31988150
77.69327770
82.36222067
84.59848404
84.87866922
83.09773881
82.43394686
84.77982016
81.62336689
80.86919545
78.15298284
84.24150514
84.60714600
82.89675764
80.19701322
81.37684486
86.50646058
86.82163712
78.40775641
79.09277911
82.67631070
81.79312004
81.54888211
85.16947323
71.70616518
75.67687250
83.45945207
81.93475166
85.37437754
82.09413817
82.41847803
76.97863504
80.59326846
84.06791718
80.90888862
81.97944904
82.98022963
81.60769098
78.74143583
84.94865178
77.28854027
82.39582731
80.79607359
83.55037215
79.42259292
79.79802762
80.10674103
77.63485494
84.61075766
83.91356790
84.15562297
86.01547431
76.05407532
80.03088436
87.26146825
83.01257638
83.19516675
85.80911629
83.88490951
82.69618245
83.78862819
81.10680960
85.15906285
83.79279893
74.83738698
82.90957367
81.68909289
84.69374457
83.11223712
83.76804391
81.81324950
74.94208638
79.68482992
85.06477359
81.52660143
83.46477608
76.77451008
83.94407858
83.92390660
80.41416398
80.85536759
81.49868663
82.87548141
85.02195171
82.74089448
82.71315389
88.85777255
83.78776230
83.47121248
82.18969693
86.31905051
82.43400248
82.03197364
77.07125431
76.69489440
80.83505692
83.62431127
77.93942763
82.78537971
85.15535056
83.78075564
82.70018508
85.23715635
76.83275110
77.88869123
83.50366374
83.81488364
85.12596266
86.05442924
81.35590680
81.75917225
83.20734428
83.18006169
81.59712855
79.23679436
83.95464835
85.60449932
81.00839809
83.82355317
85.00364950
87.46324489
87.36264003
83.30702808
82.22946601
85.33251310
83.03510961
83.04673741
82.02880108
83.75025454
82.58973476
81.16900937
78.34339600
82.61816381
83.29505863
82.42954176
78.49644412
81.79691842
80.44031034
81.02004651
80.28262447
86.10325859
72.86975121
78.70660470
83.20989907
72.04794043
84.12391194
80.88191264
76.31768205
81.82980799
84.35741992
85.43201025
81.94593831
83.23377469
82.85819464
87.27835315
83.15270158
82.40356815
84.58271689
77.82182196
83.06428073
83.24066036
81.58859237
83.65151769
82.50513785
77.43857136
76.55090526
85.77138169
85.28704878
81.01346816
85.73660728
77.44652305
84.77966221
83.28431046
79.02228974
83.65106607
84.14109429
84.46012926
82.87718189
84.55933493
75.77141729
84.71676662
85.11055551
83.61972434
83.83412393
80.15970194
80.34131713
74.02220887
77.56389443
84.44554427
80.13854844
77.10539571
77.41083544
81.04241708
82.16269853
84.81315933
83.56234570
83.55799801
84.77071759
85.54058036
84.07971561
85.64893736
88.09442511
79.10428815
80.38061774
84.66833076
81.75941032
80.03985148
81.66805918
83.90559104
81.71903042
84.83561040
81.72761905
86.70279909
81.73985374
74.23949336
82.87167231
86.14328225
81.83918458
77.14404981
83.24066036
80.17771805
82.29675936
80.89167320
82.50544895
82.14335987
84.33226130
81.35262517
80.71884060
84.84632912
80.67228341
82.90669314
80.44119506
71.55350457
83.42011916
84.81851806
84.28937595
84.15084989
85.02700411
81.29147740
78.52598624
79.59692010
82.63372818
82.09288408
81.93896265
82.02171162
82.02554286
84.28627146
84.23937169
83.54500670
85.06473724
82.58465624
79.83416300
85.83976551
81.49941935
83.70705856
80.02563514
84.81988537
83.80325173
85.63492576
81.82639280
83.47306912
78.57878001
79.82478977
82.06578103
85.60171875
85.82771736
81.89424463
83.26377571
72.36824015
81.07618518
85.00494878
79.13645252
78.96899641
84.05310758
80.22635550
85.63519867
81.62805844
81.78699016
82.00314642
85.86299080
82.27183711
83.06008083
87.71972555
82.80120728
83.97317680
79.63497632
85.85850641
79.25084465
79.60129605
80.56836441
81.91031535
74.43776965
82.33554962
81.28599093
81.46407724
78.20383394
82.69359093
88.97258158
84.78816084
76.20680806
88.00816659
84.20883416
79.44083321
79.18056861
81.84996647
86.06147030
81.26303441
73.68623317
76.16328085
83.39377629
83.87866467
80.88600653
78.09278571
84.55976701
82.79970391
85.42912620
85.21392951
80.00055672
80.82223133
85.39317351
82.94696001
77.55450910
82.05988874
71.73880581
85.22245414
78.82257734
83.03238006
82.11617503
82.20279759
80.14096811
84.12518625
78.11199637
80.98015142
84.72144945
82.30743111
83.16950036
75.30864420
80.65315079
83.11587050
82.07192761
78.60680938
84.92496953
82.35006487
80.87378203
78.33516284
82.67158001
82.56974000
82.69874634
83.05595382
79.08126325
83.86321276
79.06486449
84.24816401
84.49371413
83.60682333
80.86488472
82.64386385
83.72124214
80.68475870
81.99645424
83.83523529
80.61792766
78.50396603
83.66750977
81.24487406
75.88717233
82.48603302
85.99352315
81.79828126
82.23795441
78.95516638
81.47036881
86.01287905
82.15613869
84.03622604
82.25351197
82.04869243
83.80192029
84.11500446
86.41803593
84.88702213
83.62910033
83.75268987
84.02638621
80.64967538
83.02366469
84.00974023
84.28126373
77.06501723
81.90345045
83.83729030
84.69342395
76.67975906
80.16555419
84.75782662
82.98898090
84.23819220
82.85601021
82.49399952
85.13287944
83.15850928
85.26990184
85.61547915
83.49658209
82.62654164
83.56246946
85.40405102
83.79999630
76.86528425
76.69922876
80.38298716
81.25666716
71.06853539
84.01478216
86.93879572
82.72958401
86.20715595
81.94212086
83.79546636
84.95773619
83.93600502
85.64055248
86.46364647
80.74657459
78.09886657
86.76070284
86.47522199
80.04246199
80.71532121
84.31137265
82.94430470
84.49857539
82.74503041
84.98527174
82.74170062
83.67578419
81.72578447
83.67945415
82.92980862
82.41075815
83.87807122
79.32639298
84.01434508
81.68205761
81.34101734
83.21745674
83.46509448
83.37910271
84.79253448
82.93600730
74.43793213
82.89552053
85.80899696
81.18535221
82.87217902
81.02546223
84.64325334
81.46482140
83.76626815
81.77486097
84.06439050
83.75132830
76.53814326
83.36939760
82.88855301
82.66323392
83.31846540
81.11746461
82.27020431
79.78870522
83.73853726
79.86201077
83.94692704
83.82357226
82.05316886
84.26454341
82.58843739
83.44141243
81.81528185
81.25173266
82.96713069
79.52350459
74.21861206
83.61454030
79.03432073
82.92214878
86.19784093
77.14133531
79.71250487
80.44618995
83.36153896
82.75943749
83.22945096
80.60391175
82.83812863
84.72505767
83.36994989
84.34515935
82.84730717
83.57763148
83.75418572
87.66042245
78.04726305
84.51517852
76.44926687
81.19904666
83.82798122
85.55162579
83.44392649
85.19535179
82.62313508
84.36505168
81.32841527
78.58641462
80.01578501
83.40937779
82.18426034
79.10077447
80.23932807
74.04411147
81.66583264
84.32138824
82.97271520
83.60486560
80.12837508
81.62277261
84.11077950
84.35807680
82.23816679
77.95520585
83.07950930
84.18988214
80.79874771
82.99973960
84.36679993
76.40283417
82.75720510
83.52227331
81.33159168
83.97395370
83.88308280
84.76601747
85.99484123
85.65458780
81.81752168
82.55765533
81.86015953
82.06042059
83.35078146
82.88975974
78.78468703
80.61394631
86.17263374
83.48629195
76.53104757
84.63367780
81.93914314
82.59803759
82.59979485
79.53759277
81.67323323
86.78022512
80.36960588
79.91878509
82.27180368
81.98074227
83.62375243
89.66675192
84.42904608
83.65367458
85.21436172
82.01400709
83.69720038
83.81499405
85.12583890
82.83125771
78.89198882
82.01209169
83.99018124
81.35562948
82.74016334
84.50809535
84.96217458
77.84249337
82.33312020
78.39334540
82.13022605
84.48695437
79.44063966
81.43304193
84.63998378
81.94615539
82.70802259
82.04853746
84.64818260
82.69396540
85.52136431
83.36090677
76.89788556
81.44658798
78.42046882
81.52633398
81.75729620
81.95227583
84.05870048
86.34247894
81.73844362
87.91877032
83.44807644
83.70676274
84.43801305
78.28216977
78.15964205
83.80479852
80.90999928
84.17288321
88.79616461
75.50419651
83.07739759
83.16606099
82.88544714
84.01771443
84.16506097
81.89905796
85.33466665
84.01028670
83.68060143
79.54977463
79.41376820
79.12273051
80.89333216
83.62846047
82.34411626
83.63030914
80.04903943
83.13174578
85.20345361
82.89178686
83.72623616
85.43723411
83.87876103
85.64084838
84.07752647
83.95353435
77.76992886
82.46130810
78.70733599
83.37601830
78.28506273
77.36772606
82.01336761
82.32241548
85.97781755
79.08802995
81.12630593
81.76885329
83.74641880
90.02786139
83.27680230
78.98190274
84.64263104
80.87794875
84.37633944
85.32644246
84.21204728
84.62221530
80.09583803
83.34306632
83.03350283
85.72735277
79.10805489
84.71846844
84.87421078
82.23805267
82.83589488
83.68759411
80.14844772
85.71069020
85.21876935
80.86645741
83.68283312
84.67557405
79.30978622
81.22271098
82.23525797
87.13594470
82.29607885
80.84962755
75.33775990
80.24726404
84.54390325
82.30641207
83.29006003
83.09319837
82.86739309
82.81057046
85.67385916
84.23160445
84.34444736
81.89110423
82.06751051
80.87408789
81.64577904
83.07847980
84.92349828
82.80135673
83.38221777
75.90541667
80.95845322
78.21526415
84.06262017
85.29099545
85.87554934
84.48952672
85.39026606
83.19118455
71.77264990
81.52995842
82.37741321
85.31853721
80.68956613
84.09219447
82.46946902
80.88668003
84.33224414
83.24402051
82.78567751
73.49586492
79.91963822
84.47484519
83.34443371
78.52194349
80.59326846
81.94918339
84.03847433
81.32891404
84.54564229
76.41473414
83.87259064
82.46088396
82.17812844
80.79688758
83.11451523
74.94421615
80.49857858
82.70360877
82.53049460
77.34166279
87.49598365
80.19986408
83.35635371
81.97589945
81.18862411
75.72788459
84.76893491
82.26028333
83.44845878
74.13103311
82.16020211
83.58129296
84.09883523
86.11576394
81.18163438
83.52736707
77.93799003
79.29687114
82.62131258
85.92530207
83.12949044
74.56082306
83.92696065
84.04268321
81.19967340
82.95597039
83.28834046
83.26308612
82.60659760
85.70429317
84.21450057
81.49294735
80.93432052
84.81183312
79.24274871
79.05202830
81.92014299
81.27870073
78.07742115
86.42006862
82.28599339
81.13150802
82.03641820
83.86589251
83.84171870
85.65443198
85.04584394
84.39866754
84.62368718
84.07328227
84.71099304
85.68156830
85.56547634
79.89890882
83.98749071
82.24789946
83.27172821
74.88551436
83.28994407
84.31688731
74.22693865
77.09207118
79.50237371
84.49149360
81.53701473
83.38873538
86.91499148
76.30737407
81.85102881
77.82260809
83.08535605
78.50586433
80.61751434
82.31763914
71.91056822
85.12077217
82.93122938
83.62102804
74.97995090
81.38113705
78.69349585
75.92008200
82.61899637
83.56054193
86.11389381
84.58576710
83.46890708
84.60977490
80.02433801
80.08847742
78.96361940
82.97092170
82.27200501
85.72549177
79.98926847
84.95205504
82.16020211
82.22697749
87.21828985
83.02961187
86.24796996
80.29677876
86.57230520
75.64556129
83.54360723
89.16525476
80.70102328
82.38984357
75.08898591
82.16420753
81.32178528
76.88305565
76.92042788
85.41261733
83.81224733
82.95818228
82.07490471
79.68774820
84.50169174
80.52782227
84.02955332
75.77141729
83.51430806
79.81544322
85.23307281
83.39574691
84.00748260
86.02786354
83.18367400
78.96182323
83.24066036
75.75449998
85.79470490
83.19706173
84.96723427
77.24352862
85.63535355
82.15010269
74.85982255
80.06650280
76.63373793
81.41011882
83.73792723
85.02252588
83.94020169
79.63739815
80.38014838
83.08531365
81.95476633
76.10593328
78.71090264
82.36010950
81.32796112
81.67834294
79.18170065
81.49918734
81.76619088
82.96116014
77.15509189
87.19927270
84.36832556
82.79496165
78.81615442
82.15824397
80.86556880
88.41932229
79.68793925
83.78992728
79.27379824
84.80762342
84.88852387
84.48708348
82.63191227
80.45424940
85.00425802
80.07302311
76.28882308
87.75069948
85.41514176
77.25648334
76.89193737
80.43688690
83.43985749
82.08307822
83.85734680
75.91079942
80.97509924
82.31810185
80.45424259
81.97116045
84.82249809
80.64044514
80.51916946
82.95183752
83.09760624
86.09526232
82.48974277
81.55798231
87.09160824
77.75239814
79.48248410
80.01028501
84.65036217
84.47372126
81.45217639
78.75881565
83.39663020
86.43692710
80.98987861
81.69905246
75.18082223
81.80763056
84.40659080
84.98170493
84.61518133
84.11271937
83.63361575
78.83183792
73.85279787
80.14696188
75.92247768
82.84862205
84.16410000
80.98408961
82.57662211
84.70631307
82.16641675
78.26299987
76.42487995
85.56820913
82.48048747
76.91588092
82.84402154
83.37528026
85.89948703
83.38675795
80.85219613
82.48206061
82.92815231
83.35832693
80.12186315
82.67680362
85.38048010
79.80090543
82.11322279
82.24692375
81.54423840
77.27624782
83.77858494
83.49952453
82.76208634
78.94002665
84.44185957
84.42339894
84.56547465
81.93167347
81.49368925
81.26973789
84.73811798
78.74618201
82.04996414
83.09809926
81.46728857
83.39011073
82.43385581
81.28007207
85.64617570
84.38593053
80.68802629
83.42976773
86.08079274
78.82336641
80.82316871
83.27100313
77.06721777
85.24618761
88.41871048
76.38446095
81.21948615
81.65195636
85.79201867
81.80322220
81.15373402
83.85505902
85.22329837
83.14850777
80.20638213
82.48380094
80.77802427
88.81506138
72.57415338
84.10421566
84.83914649
84.26120174
87.37433916
84.33526920
84.79861103
85.75468553
82.32386163
73.24532038
82.05456053
81.77474367
80.94508419
83.21237077
80.31192096
73.31207537
80.99890027
83.49691856
78.16164397
84.44202596
81.70671899
83.35981948
80.75892298
82.87674354
84.81838093
84.54580670
84.73267836
86.05513032
81.15488832
81.06871563
84.34997804
78.16645563
86.27210370
85.21333324
85.13625273
73.36472362
84.32502875
83.25860872
82.71681592
84.49643908
85.08584700
77.89798559
79.46347628
83.32738946
82.45463475
79.54797783
81.92294458
80.22981573
79.85796061
83.52684370
82.18320577
83.84709005
83.21084190
82.51270311
81.81521903
83.71923012
81.00084482
79.66479250
81.00616332
78.92255324
83.83895466
84.11274855
83.60721410
76.95559841
77.08258759
84.40452131
83.04601865
82.83059143
75.74375153
85.00820802
79.54807548
83.09424775
78.37885519
78.33150039
78.88944976
79.36647241
81.95783907
74.57603982
80.90418116
78.62619819
82.10710892
82.24474047
81.54671841
82.89284418
86.33152720
81.70626314
74.12828194
80.37531630
80.79449036
82.96310994
85.82854050
83.16562559
82.08602583
75.90668435
84.49856295
83.64850696
77.71263356
85.09847523
82.83402509
81.40248369
83.81416916
85.12432330
82.50801057
80.10262310
80.84890330
81.56446299
80.41560560
84.47451543
84.80014484
82.28286593
84.57557031
82.47842809
80.11349953
83.63335761
78.04675776
81.12990599
83.71757827
78.96647103
85.69281437
83.95517342
84.59752028
85.24747141
78.86413392
78.08118288
83.50249126
81.68977783
81.44335244
83.29253812
85.55995035
86.30773657
83.54531198
82.47550387
79.09725697
84.23385307
84.58607122
81.80542930
84.40459530
85.99094061
85.49028067
79.22621188
80.93580837
81.88340862
82.08619239
85.15912988
82.69305644
80.98023442
80.80458293
82.65482269
84.18527930
80.91179801
84.13960864
81.66704306
79.31001626
84.29349638
83.17249012
82.31539673
86.42995356
80.45267525
79.14361274
84.09890126
83.13036631
80.71353781
82.31422677
79.42326551
82.95919319
84.28434496
76.87149049
80.43876765
83.47650310
81.43372449
84.29905122
85.27671180
88.45792975
82.44468982
84.63027863
81.07618518
79.53179036
82.20325843
83.88418033
84.58455102
79.78694418
83.51759659
84.22016380
79.55181584
77.04809122
83.13872794
81.51826040
81.77386636
84.11953818
83.66203474
83.52441048
70.40911908
73.50880942
83.05849633
84.17894349
82.74630253
86.53584747
84.26039834
80.37024429
75.65940674
80.34819667
84.39612621
80.58855723
84.64997763
87.63504447
84.46868649
84.81659373
85.60713321
80.54406847
81.90122183
84.39201584
79.29772121
82.10155779
84.99288441
81.03393282
84.16523410
85.47856365
80.81771764
79.23226422
83.68793327
83.40474484
83.18054418
81.55906627
82.92336562
86.25645616
83.55786155
77.42980894
79.18902847
82.05851029
82.97073118
86.04872764
83.06626667
82.87112045
82.36883465
77.85851965
75.32357400
79.60753454
85.46497096
87.83265284
84.28907091
78.36890943
83.14398865
79.55041839
79.64355718
78.34001605
80.44958529
73.78077709
81.69900404
82.90730726
80.37636911
71.28531815
83.51878717
81.54707654
79.56958077
83.72191423
82.05697465
84.47411905
81.14472564
82.85122828
85.07077794
83.05387132
85.61297535
84.04201071
84.42447522
87.69124127
81.70230829
81.32685042
80.27542436
82.23154917
83.50885570
82.13526560
86.54186623
79.87694510
80.45298742
79.70992030
81.70296897
83.59334602
83.96372786
87.19227864
80.11246676
84.25464422
81.67167407
87.35805293
82.49106035
81.48424714
80.60469268
81.13619895
83.24072245
79.51406154
83.70489955
79.89606327
80.15923865
81.79930300
82.72869741
81.16113072
80.60950815
81.73912443
76.26954789
83.31254107
81.04042002
83.12289718
83.35654668
80.55139494
84.20413019
82.68257562
84.19018016
83.43484533
83.83326451
84.53334042
84.92034694
85.05848349
82.65142664
82.63329036
83.99336119
80.84442290
80.92576915
75.48186280
81.54097015
81.94975954
73.69696611
82.31036349
80.25063763
85.16134403
79.29330072
82.98374054
84.17912507
81.98777294
84.59853360
82.49924541
80.04210096
85.56299255
80.71136355
85.04152610
79.22409183
82.04543890
86.14268677
82.59402752
80.37508485
74.68938940
83.76931337
82.69567694
77.74178526
85.88758060
74.65162706
80.47609066
84.85436342
84.11467879
76.72882054
84.73026358
78.43114344
82.11120450
82.13571551
82.74044254
82.39705277
84.73341483
83.36125371
84.19104209
83.15493413
81.41548806
79.77047085
81.14621697
79.07849291
83.76708183
78.44310711
83.70931866
81.37533820
84.22039440
80.15532142
82.36389205
79.18833510
74.43744543
85.61293840
85.23939328
78.99257024
83.08999729
81.74145413
84.03076800
77.67315304
82.60018220
83.84221311
86.73227760
78.85188917
71.07079933
75.49998384
79.39568704
77.50504010
85.65531643
83.70446117
80.95677978
80.76792920
80.37896371
85.43720735
81.18684791
82.39382957
84.77287788
82.38056113
85.28108374
84.59162882
75.86237026
82.05187000
78.33648007
82.29058394
82.26151329
82.80994839
82.99251260
80.74497844
80.52900288
82.85924959
83.93174051
83.00954131
81.82029330
75.53648956
86.79981668
84.31240016
80.69586539
81.56271892
85.13832474
84.44785751
83.37233994
74.84829212
82.21143917
77.46934513
83.02277761
82.21220812
81.64285153
82.74027975
86.16678617
82.02303565
81.66739677
78.85155942
82.01081154
81.34213903
83.52448503
85.62385449
75.09273559
84.77953215
83.26057475
81.80049287
85.37234398
81.56344631
81.23018652
77.09715392
83.39092039
80.64300184
83.58548446
77.50749896
81.77001828
81.25841735
81.37025613
83.97094600
76.94956419
82.85419521
85.31184825
78.42880158
81.29367780
80.52020474
82.09306638
83.33708979
79.87637171
81.64601946
77.04781414
82.07936048
73.93619930
85.07038497
81.35885581
84.81135430
84.51013397
77.10776345
84.93968683
82.99383329
78.64094367
84.11869790
80.12015150
85.18718815
74.21228956
76.87965253
85.72581686
85.24527422
85.92420270
83.97393419
83.52871225
86.69138315
85.12563483
81.83097801
84.75426362
85.73176551
84.79358256
80.87658839
83.76114389
77.94596949
80.81324675
83.21263241
85.21125169
81.65552134
82.48085207
82.01978648
81.33949125
82.87455309
79.05608069
82.32111497
84.42966660
80.24109084
82.98051966
83.55158672
83.93873611
82.57495809
82.72051528
83.59740741
82.74266410
76.37549336
74.07312861
78.06171493
82.92695506
84.41402237
78.45028289
85.24156823
85.00837552
85.54850127
79.66196731
81.67826376
81.73368771
83.47881103
82.79640713
84.59755062
79.58147589
79.53336290
84.57777665
82.44997028
84.81742990
85.63238370
86.00620527
87.70594764
82.88766857
81.83330639
85.12418985
83.90564123
78.06018978
84.68745206
88.00800920
77.83224183
79.91379986
82.75538926
86.99346736
78.52762418
83.36062120
86.54444533
85.51818535
81.47710576
85.53204215
80.12060903
76.84430534
82.30217036
83.83569150
85.49072763
78.96066966
83.26249000
86.55544707
84.51346323
84.99266224
79.07236130
82.84256423
83.21289585
85.92308312
84.28697168
78.75192654
83.18810528
74.64240131
80.39098702
82.87051526
81.59403311
88.02186863
84.00660274
79.77452788
78.49292653
81.93608897
82.38315057
82.76506615
76.99740458
85.40144468
82.68829153
84.66484888
75.52164538
82.58364805
83.00082589
81.60618609
83.84240535
77.55099689
78.69063475
84.66630588
82.14919811
80.94747472
86.72193821
83.11580071
77.41833739
81.87515828
76.80736029
81.50939791
79.94438934
83.65715204
85.24132104
78.85350877
88.29165393
83.66243350
84.47827875
84.62362329
83.98829101
83.97953006
81.84308603
82.41205939
82.85733759
79.67155363
79.02229578
84.40610592
80.04057965
71.73372866
85.05829491
77.52121446
79.05103164
84.01451495
83.54310071
80.91592530
84.51218775
76.18367074
85.87575377
83.40421411
84.69197834
79.96867687
82.22373408
85.86224917
79.93777463
82.42923212
82.40589273
70.37538944
83.24716709
85.86240387
80.70365963
75.24759229
79.50453845
78.21100545
79.34551790
84.46064008
80.33412603
73.67132745
76.72208919
81.10707085
82.90695511
81.02113774
82.49158931
85.21346591
82.41639645
85.58780905
85.10263694
81.59689422
79.03302468
80.19387655
82.49030433
82.72310109
86.39025619
79.34229628
82.71935342
79.70990437
81.73020797
80.23830135
78.28773447
84.99617296
82.11672810
81.22107387
78.63876231
79.81161624
80.80571799
83.77341256
82.76904014
80.52065762
82.21673435
85.97468167
81.42483192
81.30814442
80.87970512
84.16127104
83.56525508
70.78429892
86.06024821
77.18951644
73.57249004
81.55433765
83.13653482
82.69922794
81.31505908
80.11030576
83.25961289
81.94246641
81.88499208
82.82764324
78.26698547
86.64314183
83.11362639
85.15789627
73.32754378
84.49760326
79.30351691
85.66909732
81.89366223
85.00478989
84.15461180
76.83702784
76.86066924
85.76101427
82.98227758
82.36945328
83.08375096
81.16712702
81.46772835
84.06204542
81.48711609
73.10857163
86.05863806
82.25675504
82.53989454
82.37969940
83.08227852
83.80895891
82.03192268
86.42893741
81.11330098
81.92228639
82.29823799
85.04250257
86.25824763
85.48794302
81.42364054
84.42763743
84.40986415
85.06095278
85.22067086
84.94038363
82.35937782
83.03385427
84.55707307
74.38009132
86.44661304
78.22218540
83.22236389
82.08802611
82.88876068
84.33432268
80.31607024
81.41744200
81.70608479
77.12464940
78.19388818
81.39898499
87.04400214
82.64538474
83.71956312
82.20355367
80.71664702
83.70134728
80.75134499
76.79656881
79.82273978
81.56962881
78.94008533
84.18019951
79.51092120
79.96442784
83.48410265
83.50944466
76.50326100
80.56377400
84.82659160
84.12054350
83.22206878
82.93885194
74.22277723
85.76952970
74.94656651
83.44574950
82.72921263
82.22165002
84.12106997
81.25261905
85.73199653
82.78779346
82.83372848
77.46949270
83.71857971
80.59601879
82.90423880
86.14733870
84.38779130
82.01145457
84.47590559
83.73705144
83.99376734
84.03636525
81.07103666
83.06637370
82.87737266
81.74547204
81.07211372
82.13818950
79.60193732
81.99598900
83.48376599
78.78424454
85.64309374
87.61723225
79.58577245
82.72730075
83.28705652
78.72497896
84.12973248
84.89684290
79.41651062
82.92479215
77.34135985
84.51757494
83.41835375
85.28195510
85.34566399
86.68705749
82.19594931
81.17405186
77.36263209
74.20617316
81.19910256
70.41275497
83.81739231
85.74040034
80.54991145
81.94331702
82.40394967
84.63723894
85.02278857
84.45080015
83.17591817
82.23361681
78.05297287
82.98995590
83.29871002
84.13652525
78.40830782
83.26224960
79.87508519
82.50696380
84.95026258
86.84143231
80.16914437
83.49699370
83.01599053
82.25260476
82.85222617
81.33856677
84.21773854
79.50212099
75.37147991
81.21979447
79.93101586
82.37589519
81.96881153
83.97169903
83.92420899
85.94032636
74.30421441
81.31855860
80.18558701
85.19622167
83.97384428
83.37577359
83.01933670
83.09185331
85.54659913
77.52267877
80.43414419
78.35206803
80.72754368
84.69677896
85.72060867
85.99897943
80.75534994
81.79503352
82.15277448
78.86216563
82.71053535
82.10315841
85.76293954
83.91704355
83.67150387
81.71601081
85.18232675
86.06278832
81.42568013
83.59097897
80.20314677
85.40290210
84.54735052
80.53122093
80.87015161
74.73303730
82.43245645
84.57233631
82.90317039
75.74492139
82.94658349
83.38984085
83.60023567
82.95925959
85.24903118
83.01993361
82.87160570
80.31927651
83.30468055
83.67132201
85.71822782
76.94777967
82.47411655
80.16415949
84.72062044
83.32234306
83.37341013
83.32729444
79.29102594
84.65192062
85.08493237
81.82346099
83.92273626
84.11082306
80.09788067
73.58097639
82.69092688
82.60294724
78.08832564
83.27214252
84.97843813
85.16202653
79.11648299
79.66260082
84.29132706
82.07562887
80.55760529
77.79014907
82.73486785
81.44121762
82.20082556
83.92423424
82.49915382
82.26684153
80.89444706
74.35451258
80.64345422
85.05554182
85.07004202
84.31160267
77.28144319
84.38573829
79.91777183
85.77387641
84.09475696
82.45623767
86.18675078
83.37819530
82.57766216
78.74910315
84.99754839
83.45935595
84.85111201
78.75891658
79.56731383
78.07549758
79.44931414
80.91331918
81.85061697
78.91195555
84.14298701
83.81211016
83.69794715
82.27141652
74.47125167
78.57027834
76.23033931
80.97425972
85.65212501
83.46929409
85.48472142
84.18922923
82.91900546
83.69909397
79.04143119
84.34355786
79.20215529
85.61832625
82.97177440
83.29124247
82.45257233
86.37239097
83.49845071
82.80795526
81.57180423
81.28274965
84.83337339
86.25535494
82.89407345
84.95338834
81.96455024
83.24414375
83.67901181
82.02946284
79.25219966
82.50386074
84.42466993
83.46435693
81.29212672
81.35597181
79.00328356
82.68570370
78.61645107
80.62167324
82.57302273
78.85907599
72.12797985
82.83606752
84.00817647
78.77056032
84.50985140
82.32130268
81.66923686
80.81201479
86.77429648
81.81317290
86.34980631
75.69895044
83.32130233
86.78099219
74.22903717
77.81515260
82.32199715
80.94759073
78.06445789
83.72986734
82.87432802
79.68267990
81.70735853
80.76879890
76.12285724
82.05863856
82.22324493
76.16237272
77.24515297
85.77174320
81.74372745
78.96891250
84.81415002
81.39571452
84.32929243
81.64108949
85.33030262
82.25272609
84.60369546
85.99273503
82.53130004
74.86567300
79.65646486
86.05922384
83.52029069
76.74909763
83.15146832
81.63248356
82.19957731
79.98994682
78.28808606
84.76973086
79.28785486
79.45869705
84.26277947
81.19861292
84.97652758
84.86700572
83.83917026
82.37103776
78.93755289
83.01994282
74.87664104
84.39526371
83.40672768
82.33867880
84.23060574
80.99122863
83.04436071
77.09174035
81.14794724
83.71924343
83.40752004
84.83260597
83.60433437
84.37179841
84.05210942
85.28858987
81.09134643
82.06720445
85.92748937
78.53066081
84.43723533
83.86451673
82.11516890
82.86923696
81.79654954
80.60009091
86.20293106
83.35035797
80.32182095
80.48682788
85.95265584
84.68937758
83.03280727
84.74742922
85.01920224
82.60638471
79.88312835
80.41086259
83.36873868
79.91174675
84.75722083
83.03659184
84.35909389
83.33565890
81.13053594
82.76219788
80.22128429
86.24632940
83.19618912
79.31474884
77.50794052
81.34065318
75.16316063
85.82019275
76.31680703
79.20383741
78.86759759
81.48123773
82.51671146
82.01274225
83.13346886
80.44344215
81.92552410
80.57234380
79.70180267
80.09955952
82.92363442
87.07387387
84.40255296
84.29177983
79.68358032
83.63142356
80.90150961
83.13432795
81.81164611
78.66202067
77.98391903
84.09906795
81.37941484
84.86420780
82.25697306
83.96080832
78.24598975
79.11232233
76.49220523
84.01562220
82.41055630
80.65192645
81.90031384
86.89225455
76.27986765
77.47369835
83.87334364
81.67385220
86.98000281
82.65864051
84.78111983
86.15748495
81.81480855
78.52225424
83.42239025
81.62917651
81.16227092
83.77583479
85.74693538
77.47699587
81.45254942
83.81134407
84.71632250
83.16522338
83.07995793
80.39467845
82.21530107
83.29751993
81.81193099
84.97250194
82.88701445
84.79103705
83.39356962
77.39933766
83.02835715
80.63604419
75.96555242
81.34589330
78.07638612
82.79340956
76.43360740
83.90576523
85.95107900
79.88789411
83.74173986
80.63196408
84.93170044
81.58219029
81.19726053
82.33144618
80.29693624
78.82642300
79.31981333
81.72089766
84.92516783
86.75367887
76.71981623
84.35361986
80.12372244
81.81611553
82.43287163
75.38842712
82.23431061
82.38689349
74.33088618
83.40321017
84.67251899
84.06620885
83.27463664
83.08609986
74.90021642
83.37537673
83.64468816
82.54770722
82.36920912
83.23478615
78.79555134
84.57033384
83.03062643
85.61561034
82.53742892
80.49236898
84.35763911
81.34171618
83.40961090
78.69505545
82.19702694
79.53732257
81.15205297
86.42623492
86.21038542
83.20504936
81.73282001
81.76481302
83.43738208
86.24867237
73.14432298
83.08554610
79.17339636
76.29468410
81.30799458
85.62132187
83.69202401
82.56975811
83.77615989
86.74514694
83.53014875
80.36224224
80.96094925
79.85837426
79.42024625
79.69539030
79.49969494
84.75937608
82.34150805
72.79512407
81.16321651
81.80253141
82.95351676
81.22648876
84.10802617
83.21905669
83.89864028
83.42732811
82.65515728
81.54272338
85.68223983
85.14566493
83.44884099
82.01078449
85.42563381
80.81052380
85.33647152
84.94785243
79.07494812
84.17465617
83.07335431
77.88841022
81.73086187
84.39804627
77.38226533
82.48530137
87.84802580
84.11172412
78.32007832
80.41708489
81.30916714
84.06895416
84.39554487
83.92868680
75.82804041
82.61639351
83.18890737
78.73124722
84.03077165
74.19786919
84.87414156
82.73583983
85.60736937
81.42886223
84.46677115
81.19046535
75.39951497
82.99369320
83.50456680
83.37850852
83.45983184
83.39653492
71.88827810
84.90441993
81.66923686
84.90564439
82.74199982
86.21303339
87.37108376
80.79550675
85.05402230
83.87273741
83.18976835
82.74947028
80.72458620
77.72607530
84.54531814
81.28691677
82.71094852
84.59747757
82.26070802
84.43426995
84.79599050
78.62421950
77.96576169
83.92153378
82.71088881
82.36672762
83.32970089
77.49149934
83.60542239
81.69770082
81.79693896
83.10257768
82.58102335
78.39937214
86.17171313
85.89721550
82.11803532
82.51474654
84.92154354
80.25399922
83.76927502
82.09658018
78.25811336
84.80989626
85.56568699
85.75859236
77.31010119
81.49057453
84.91271414
81.07691206
84.63570318
79.72613635
82.20766895
83.61992361
86.89256756
86.10414332
84.80766899
85.46457683
81.28631268
79.90129066
76.18320154
81.42864020
83.51499501
86.70747328
80.58043032
84.30943340
84.34887585
75.22146902
83.76634534
84.85345007
87.65621907
82.68100553
81.23891569
80.15774279
82.18894807
80.12022788
90.48207437
80.23705482
84.31237336
79.49964926
82.11548016
79.91699052
83.03625103
80.46818036
85.23596050
82.64834076
76.87329887
86.63336296
80.60058749
84.27115552
85.75127962
77.76434923
82.82823976
82.43654756
79.34982259
78.07838307
79.91567759
83.66553100
85.04589287
83.58780602
82.49439225
83.87901418
72.35912552
84.74944830
79.16490892
73.54911878
84.70085780
76.88995608
80.67251179
86.07491232
82.89180885
83.18655180
84.79424043
81.37535888
84.55162526
82.03584529
81.68557842
84.94601852
80.41322527
86.53663968
80.48758868
85.88779625
83.80696851
83.22882357
80.45917205
85.11082269
84.83143351
82.75677088
70.74898893
84.18597494
80.56002767
82.65178727
83.86783856
82.55110759
77.54394406
86.77641144
85.64894836
86.78936645
82.69667082
81.80910343
80.24258376
81.23410715
77.66162519
79.68291071
84.49641978
79.24643977
82.69305644
82.74860736
85.70517325
82.05532184
82.84245354
76.54454136
72.28191307
78.88620388
83.16642682
85.24519304
81.68702042
84.20958498
85.40822472
77.52369174
85.93355375
82.99138974
82.13857485
82.27400794
74.71357355
84.91399705
83.23926305
82.64098585
75.93061526
83.35102784
84.64992805
83.32463631
81.76501077
85.26391008
80.44210165
86.92416621
83.67736269
82.58780467
82.95007719
84.42007551
79.88248172
84.14281361
82.52612277
74.49681003
76.97963047
84.71059246
83.66614738
85.57106582
83.80486750
85.31046126
80.13413875
81.33935416
81.40865576
82.07111944
82.36770907
84.06604809
76.62114703
87.73624887
77.05703487
81.80287632
80.91676653
82.14743875
83.48374575
73.65006924
81.17590622
83.47538602
82.75640942
80.51435512
81.69804993
78.62968289
82.48956350
83.22351289
84.88753434
85.81237700
75.70568682
85.33719258
84.66293541
81.63796334
81.37758542
84.15085583
82.71987151
84.04559423
82.31091555
77.65436476
82.19200490
84.45638954
76.28900819
83.89419800
85.33723079
83.82405665
82.05749987
82.99493008
84.91713358
82.38027040
76.97078534
81.35690867
84.30060958
83.57899541
83.12725088
84.30911216
86.36291783
75.94088880
85.48409680
82.29069586
83.59656240
82.58448586
86.50555778
83.18145999
84.46912616
79.91044381
84.11356616
83.90459028
80.94427827
81.92523780
86.18687205
80.62749471
78.90441297
81.32206914
83.11755735
80.90434293
82.67788250
80.72870497
82.35941043
83.78937277
78.91707281
81.94871383
82.52944978
84.43310268
84.06899903
86.78484484
83.61862683
78.68094018
79.55483951
80.96596005
86.60189189
82.30290235
82.38431415
82.32610667
85.88306114
82.14299044
83.61581961
86.01333674
84.33001151
84.53368266
84.41424277
80.67339659
86.01806714
85.45044742
83.19620599
83.08480388
73.82135345
88.84427942
80.09753912
82.70979356
81.17684088
79.69263828
80.61441887
76.64294268
83.03314897
80.67922729
84.05510447
79.31069763
85.91755596
77.90838173
82.58468373
81.46096647
82.61173163
84.41049326
85.22281270
83.47951015
85.43456482
82.52247409
79.42285795
79.83173692
85.88542803
81.27364428
78.91133332
75.02422543
84.70649776
81.94033207
71.91690574
80.06469050
84.51365395
84.55902975
86.25765562
81.87903384
71.79746956
85.62698397
84.58016527
82.09123871
85.89903521
83.23464401
77.33208833
79.01284294
82.85773343
83.50226687
79.50220041
83.40116202
83.06194051
83.67708647
84.64184442
84.00548884
85.06664403
84.40961000
83.09204997
83.27489284
82.65011905
81.84310867
83.90687415
82.21024094
82.56364129
78.46952739
77.90038524
81.04005159
85.81462943
77.48868165
80.16012171
84.34981354
83.39820236
82.92076083
83.12294250
83.01993361
83.02013737
83.77339946
84.96351225
79.90440479
82.10922700
82.97280700
86.47632672
82.20825832
85.65950522
84.47611690
79.22169025
82.90198636
80.76369414
80.04526658
78.28979735
83.25680569
82.71062295
81.53221720
81.66466638
83.67564792
77.93521265
83.33311735
86.74635518
82.42703971
80.99033406
80.49649094
79.23100945
78.39387686
83.91797432
82.31328386
82.96732958
82.00496314
84.00663413
77.84793326
81.03732149
78.55547401
84.08430235
81.78806922
83.24501439
79.16348228
82.13728814
79.15524801
86.07121818
80.96928758
80.97173685
83.20302080
84.61783040
80.82390525
84.10772941
85.76419970
82.04353064
72.81086029
80.27135743
81.00675094
81.53180426
83.05039159
83.37747992
81.75989786
72.21130803
77.00106017
82.96256333
83.97586691
84.01319562
84.97893984
83.65064116
84.76743313
84.48158255
85.20882888
83.98857881
82.42357686
82.97792942
83.23363991
80.63726803
81.25250187
84.54416818
81.07781172
85.98175767
77.91806083
84.14712424
81.12308263
83.09443887
84.48439741
80.58967669
84.08052815
79.45787887
82.84233830
84.64107331
82.58538047
77.22540656
80.58697881
82.92935742
77.66043204
80.88278782
82.42498780
85.49790620
82.02622182
72.25736963
83.45685116
82.80482919
84.42151620
83.68265862
84.42175726
84.17707733
78.44197273
80.02152468
84.55001413
80.55256097
84.21526341
83.11101370
83.81530866
80.85623379
77.27459029
81.63645215
81.76717594
80.90851950
83.64757700
85.57949541
84.65214406
80.76072017
83.36978158
85.29886401
77.96315622
82.28908032
84.91135796
76.61949301
84.76343366
84.72371203
82.57472225
82.44314129
79.35279582
82.87854056
81.92316638
83.38725761
82.01530695
82.77936074
83.52597644
77.60823635
81.84820991
78.91295532
81.93134107
78.92295241
79.96399910
79.44360048
82.39319590
83.48362543
82.89048801
86.10843597
83.34525590
83.08627203
81.96669699
83.89683105
81.85441906
80.05278833
82.36830722
82.46004578
84.30112200
71.74110884
81.63883982
87.03521309
85.86185526
79.70899997
83.99742709
82.19263719
81.68768786
78.21993980
79.77716284
70.06936548
84.01400571
84.17994849
79.09296171
83.01710201
78.21020832
86.37966501
81.04741728
82.73554150
83.24389755
79.11128446
83.41894388
82.21780425
84.28431110
86.17462661
83.09626678
81.50091292
77.05440684
84.77203136
83.27188369
85.91952380
85.65439612
83.23885921
82.45247628
84.01315793
81.37964869
83.79408402
81.14980877
84.95758566
78.43607981
82.87601665
82.95845038
85.80777130
82.72150060
88.44058868
82.01273760
82.72426923
83.11226456
79.69580065
84.86100490
81.16316993
81.04534297
84.41173240
76.76434349
84.13470338
84.40030145
80.23634860
81.52473369
84.28774102
81.66830197
82.08654438
84.43447599
81.49812308
85.42784920
74.77876335
80.74672902
83.68180981
85.12281596
79.67882428
73.89249982
82.65270820
80.98270262
78.69267849
81.96899623
82.04787902
82.72478251
81.60396874
86.83528435
78.59692242
81.73460477
79.29631533
83.25032227
81.66903233
82.04412229
78.89428855
81.69392736
84.46836849
82.80670581
85.91101635
82.99555782
84.35248428
79.75395674
83.30460859
79.01886268
80.13473403
84.54510618
87.17600189
83.26085054
83.42832507
79.94977207
86.25066791
85.44035319
81.92162101
82.70630171
82.17467785
84.76874848
80.90715910
80.94350144
81.45180642
81.97947745
85.15528788
81.96997488
84.27373402
85.13312641
82.65779411
82.04869243
83.66154948
84.61429840
77.94263679
83.26194639
74.12205509
82.56648640
85.54074527
83.19841520
76.55888039
80.60102411
83.91134265
81.66834518
81.93599647
83.87542910
83.02039614
77.13433651
83.47230886
85.73005112
82.63704577
81.74605435
81.38937296
81.15905121
84.57467182
76.31452704
79.50832095
79.17401266
74.46439006
83.64825202
81.79209825
83.54284872
83.49531758
82.39754655
81.26259147
85.84965954
81.32130245
85.84736684
83.16316496
85.79971655
86.54505200
84.71834800
81.84766928
82.65014809
75.98800119
82.24761458
81.34135374
84.05504040
82.19896607
85.77476509
83.40566355
83.61351806
82.82042440
79.12087619
81.95526041
80.55065373
84.14353238
82.56366069
85.35528876
82.73048628
80.13171961
83.90081179
82.63237361
81.86636959
84.31778208
81.65931877
85.03639184
79.41746697
85.32049010
72.71155253
83.31176639
79.51867488
83.06428186
81.24261769
85.65439612
76.45480872
83.13521526
83.26858345
82.36895172
82.75230273
81.67716075
81.69690815
82.57413893
84.21597634
78.19791659
82.77616644
87.25791264
80.67924361
84.85423888
82.24563804
83.59969538
86.42474724
83.29874860
85.29284129
83.90175990
82.64294814
86.06833554
83.87488999
81.51760080
80.57934779
80.50772954
85.65735004
80.98348648
81.55434277
83.89977515
84.40013288
77.76343109
83.23981882
75.76257641
80.48336240
84.08511724
80.55652048
81.28043858
73.85794704
81.45141990
83.35638448
84.69859295
82.37251026
83.95073936
81.66160375
83.85078796
81.36266957
82.44143691
78.89368185
82.65792422
84.95187937
85.33678472
78.98044667
85.33224151
85.88959087
80.85384377
83.81810845
82.91430518
84.26467624
84.17930733
81.10054722
83.52500089
82.32737464
83.33427841
79.56366389
79.95383633
86.19525947
83.54657596
84.85191592
84.13710268
84.88300314
81.19437988
85.46796764
81.74653123
84.64571132
83.92570804
85.13353130
81.91089421
82.64492277
81.68374529
85.90163788
84.26101830
79.59068900
83.40037633
83.68623626
81.26173444
83.31642967
85.22160599
81.37940323
85.66234775
84.29442551
81.51418536
82.41816000
78.32463889
85.21065128
78.70760751
84.15713549
83.26421570
81.44288709
81.95375075
84.23727076
82.07859553
84.56648891
80.58743024
83.32071831
82.33008932
83.97404347
81.25133007
80.93502034
86.11690694
82.70905158
75.74353027
81.85074646
86.09342279
76.61640801
82.27201383
83.55968987
80.76595540
85.47868030
83.24077994
85.26736287
82.80519158
83.33081487
79.43877766
86.04815068
81.30734861
84.46613450
82.18521736
78.84131997
82.57400653
81.63648032
80.38910477
84.09936722
81.83878855
80.51469079
75.11393374
83.02493400
81.01930027
82.34875663
83.61671698
80.79262412
83.23126094
83.67242729
85.59615575
84.70926178
78.91984306
84.86285614
85.58780395
84.31477100
84.17321890
81.08384551
82.67166218
81.58113055
84.86337276
84.73902962
79.06805368
85.13158732
79.59770457
80.25905482
81.08149600
82.05519692
85.49065914
79.74859789
83.04764531
80.92264666
84.66640355
84.66293541
83.80486750
83.01488293
82.66526341
81.08827626
82.22079169
83.61022177
79.26048117
84.76488221
84.23377628
82.29343751
82.80117422
84.91466852
82.61219323
82.68982978
83.50110412
89.42619358
79.34854262
81.96810517
85.67490402
84.75485958
81.59557919
88.02782049
82.80721322
80.54320662
83.26304907
83.75574832
85.97844547
82.40091329
80.60217900
81.10429931
86.20793538
84.68874624
82.69143620
80.03302458
83.88101289
85.49233391
84.75137298
85.53207162
73.72642379
72.96335964
83.52006681
83.22555197
83.83648999
81.28157094
80.94666056
82.97037622
83.80869567
82.12578397
83.43296334
77.15365443
84.45183487
82.36215620
81.99995641
72.67112889
82.23491194
82.70429913
86.39469858
77.26254806
81.21460392
84.87190333
79.13047371
81.69655142
79.03904572
84.53292605
74.57819317
82.49455368
85.01461495
82.60509691
79.42195998
85.23214370
71.62050838
82.23964119
82.70145981
79.15200088
82.53865821
81.21696370
82.98432970
85.79552528
78.93526204
85.36591018
83.32729444
84.54434745
84.89687551
78.40277153
76.84105023
78.29900763
80.18228315
83.70448674
85.16805877
77.84360491
83.82499142
82.29994143
72.38889043
85.60462709
81.10707085
81.99289278
81.88772780
80.67041820
87.92847605
86.01272670
82.72772094
74.85296143
80.69633652
83.92750010
80.24005343
82.19444642
84.51701456
81.19866488
80.96101112
82.47978208
81.25233370
84.02854312
81.06979863
86.12564441
86.65746499
80.80460782
83.34266477
80.79023708
83.16394622
82.62735951
84.03141921
79.59379584
84.62651702
78.52994938
88.68082284
81.72043427
80.75595386
82.39757382
82.44017989
84.82922660
82.03965143
85.35541429
81.89755332
81.30091586
88.32693985
78.12845220
83.22256176
81.88413447
80.23142997
84.25777448
82.71842614
81.48303831
84.84222495
85.51024357
82.46530199
78.60500963
84.20742076
81.02242975
83.85188612
79.49486124
74.03090229
83.08610903
82.51530776
85.44770348
81.22142756
85.57381729
82.23918916
80.72676924
80.93436262
84.76257380
77.47165040
83.68870531
82.79512638
71.50804803
83.12066619
82.46363334
81.04415370
82.59040191
78.82946255
82.18529525
83.68483272
82.60649335
81.78383106
78.73060428
83.32361525
84.82699855
84.62613461
84.70172869
73.39742530
80.60459656
80.50626410
82.40338114
84.91425741
78.49946584
82.51449928
84.77489587
85.56831699
76.96114642
82.00884331
86.85635866
76.49092388
83.60873409
81.30338330
81.73646699
86.78130457
83.82419467
77.84491666
83.10955768
82.30545498
85.81855820
82.80432904
79.43523692
83.60522715
82.82679914
79.99783885
84.28922213
79.59767652
79.75107921
85.18051996
84.65214245
74.45494628
83.79888793
82.33463138
81.15485136
84.53828905
83.29159085
81.82308754
85.36785185
82.05007224
75.42433728
81.21413561
82.46194124
83.03347972
85.06556645
82.21512158
84.66786010
85.10642294
82.23768140
81.30506405
87.68154552
80.47158766
81.89242120
78.49305866
82.39647668
78.66904727
81.48091907
80.68858391
81.09668590
84.52637023
84.66293541
81.22639245
80.36122073
84.55320085
81.16846892
79.15936376
79.84506444
85.00629442
81.72275522
86.38690603
85.72406352
84.62207427
81.35940284
82.44729401
78.34465936
85.54328521
80.77463308
80.83022625
79.21782881
80.17551901
80.83427586
83.58017209
81.76189804
81.59670240
83.39760421
80.94171060
82.64037438
82.20766182
69.22245980
76.51077709
82.69361704
82.39495565
74.38349636
78.54673458
78.58893526
74.08161781
84.15175544
83.51357540
83.25413669
82.59279953
79.07615945
82.57624096
84.14777348
82.65578446
80.22121256
80.97612037
80.73452359
85.17162395
82.59797672
83.39085127
86.62552362
84.99563347
79.69846921
82.83831691
79.03184037
83.84117913
81.72810186
81.67519836
81.20279573
76.93697662
85.60721845
85.17543681
84.67099417
81.61381193
85.63476519
82.22280455
85.18261435
85.13849259
84.26504465
77.66167574
79.46111854
82.30213957
82.68205456
85.32433814
83.26740998
77.23826233
78.28435593
85.12867287
83.60451450
84.50305516
83.33043200
81.24218404
84.33070104
83.86783856
84.08484770
84.19271700
84.58571054
82.23628798
84.48708348
82.35871966
81.39335427
81.29481677
83.96108229
83.00858518
81.26583266
80.91654251
82.91130239
81.21017836
83.37771963
85.10941779
85.51295603
84.78397335
86.09063225
84.78053929
83.85876752
77.26944059
84.00648229
86.29602927
76.86753591
80.93429237
84.83215867
80.67843174
81.12258092
78.90360339
84.52383833
81.64145192
83.32186348
84.25525858
80.68020898
84.71232832
85.01216613
77.61561094
83.93255211
81.91261678
76.60068145
81.87337694
77.35213754
84.46599553
82.16342565
81.02566313
81.24164702
86.04163727
84.41169803
82.81019359
83.37890606
81.48351617
80.27037272
80.24326496
76.85668622
80.85970655
80.72722604
72.61717074
84.74634257
83.99786509
84.34870857
83.72225445
83.07536087
86.78705570
86.47537964
82.67627711
82.15701235
85.39712466
78.74233555
80.37789833
84.60176622
81.86538622
81.00533502
82.12844952
83.64107789
80.44402397
83.87297732
83.18738002
81.29253523
80.30778290
86.46477470
81.04807613
73.61101280
84.28775270
80.27965049
77.28622790
81.79366529
79.93888467
82.73348253
81.92279859
80.11517147
82.95482234
80.95175740
81.82748844
85.65433645
84.35425649
86.19112531
82.95304842
84.30176055
82.89345705
81.83223065
85.08095130
83.80557031
79.29049390
76.89520608
81.16254542
84.76777042
86.68090533
84.26063410
84.87197073
83.09711160
82.06091412
84.61844045
82.31079036
84.61187837
85.46180695
84.67071869
81.98744046
84.42523305
85.01908753
79.16470749
78.80021191
84.40519726
83.16568847
83.32351518
82.07864533
77.99152258
80.36574130
79.96239641
84.31199991
81.62218235
83.17464824
85.13304250
84.32751400
84.48341080
73.03648274
84.05882453
80.01114695
83.33284743
74.02990476
82.83333146
82.69462029
82.51899182
80.85922694
84.58576710
82.87357650
85.61030203
80.35805914
83.77793838
82.08721913
80.18635826
82.61810952
82.96046683
74.75427373
83.59042361
84.14675836
79.36275083
81.25557501
87.35424001
86.40084463
83.08609052
84.17664962
84.73751166
82.90835399
83.98268523
83.45210229
85.07279097
82.32303383
83.75887165
81.38676047
80.98628937
84.68311598
78.21012386
86.36879759
84.01481724
76.69080786
80.40635436
82.16412213
81.56303118
86.33873064
83.40898796
83.78268494
84.82400415
76.53113207
73.18240595
84.16795515
82.12693141
83.23182437
81.27849108
84.18527930
81.86181123
83.85524112
81.51560224
85.64346256
83.45189373
82.82751106
84.57448205
81.74969337
82.04164073
74.72658307
78.33952721
73.63046790
83.24013043
84.56723357
74.84797701
80.31510796
83.68505307
84.14353238
84.52006151
83.85711886
82.73240945
84.74586119
83.82925946
85.47858311
85.12127546
81.43763849
85.48845103
77.96364217
81.89215958
78.89141927
80.57952569
87.73971711
82.06218210
87.43295728
78.85277510
72.81350124
84.41523326
82.27279188
78.32813385
83.64282567
82.13825714
83.99479714
83.27032573
84.49800512
81.28469186
82.35159716
88.37334805
85.47705252
80.74588247
83.14521681
85.71535323
81.43146815
86.62311271
84.06936604
81.71434399
82.76091297
81.17232725
82.60361447
80.91104117
85.31408163
73.90033875
81.31291772
82.03976476
80.43871120
83.59268139
82.61592284
83.39064694
83.20947758
83.33257903
87.90135601
74.30382873
78.59878265
83.02039614
78.00221130
80.98507822
83.99291434
81.43170489
84.61523330
82.37742917
84.97879672
85.75504422
82.92672250
84.63298283
82.06333679
82.81333644
81.57280326
85.64328253
84.17364359
83.09165882
82.72233634
83.44450252
85.23176453
82.87690833
81.48515026
79.40964447
77.39111389
77.55909937
82.96251206
82.87634130
85.02152283
81.60463841
81.45289914
84.72232355
82.67161307
79.49831102
81.24070381
85.08616983
81.83184680
77.07618320
82.67584664
81.87526887
83.72896600
80.60644016
84.51453325
85.40471025
80.66418189
81.54236801
83.96027131
86.95475788
82.70392211
81.04303921
82.03715492
84.93789338
78.10555403
77.43335677
81.23607174
83.06847218
81.48219605
84.66626958
82.93907661
83.64260159
84.37858962
85.88015166
79.05430892
84.46467682
86.77000190
82.37196805
80.41620885
82.13438404
79.91703719
82.67001324
81.05474323
84.97669885
83.56066259
81.19040729
77.06287266
82.75997418
83.57980985
84.97806486
80.12176765
75.36946535
80.23722895
77.47517180
84.01115380
82.19799494
84.66778012
82.29749397
86.03333445
83.37033483
84.42771866
84.53445020
84.39137290
87.83199151
83.89796236
79.05313127
85.74943752
78.96424802
85.32049010
81.22248928
81.79266786
83.11491078
77.79261407
85.73607463
83.70984731
85.28039592
84.13804388
82.50360470
83.24384687
75.85293087
84.09109706
84.74332317
85.13151273
84.27855964
83.32197444
83.54541428
81.83732773
80.19511067
81.73818569
72.32365840
77.80194022
78.89393013
81.54605257
82.56341409
85.86058281
80.05806576
82.67428331
82.85256001
84.63845598
85.58780251
79.29843710
83.22533286
84.01671161
83.25388062
82.97271171
78.19388818
85.16451042
81.72183238
78.16282286
81.51351194
81.37305920
86.26180540
84.74476343
83.66880358
82.85122828
84.80627343
83.26938222
84.73614784
79.50347781
80.13711916
84.01666916
83.08868249
85.32264424
86.02346498
83.86020901
85.11306067
85.22779154
84.38986423
80.97265634
84.52136212
79.95241499
79.09045805
83.60859733
82.71695723
84.06895416
84.14559421
83.09483763
87.47001396
77.91074434
83.13740285
83.71124146
80.29411943
73.15629430
81.96504237
81.39354014
85.35038179
75.79083936
82.41443895
83.64724387
82.48697450
76.25882339
85.75609921
80.22575797
85.02232556
73.08107458
81.18232986
79.30403118
90.17025564
75.92371487
77.90524950
82.93220493
83.79558982
79.35714655
81.94260354
83.39456169
80.99715677
78.46247162
82.25691442
81.79604476
84.84395158
84.41184098
86.93372824
82.19505624
81.95232576
82.14423377
84.46528010
82.16792634
80.08528298
81.86321239
72.40863304
81.74781299
81.03005436
84.70959889
84.66367329
78.97335520
78.82385963
83.48483482
85.80106837
84.61826520
78.50955971
81.20411475
80.09060961
78.59789641
81.56490029
86.76125438
82.65697897
83.05741910
79.94382996
85.60748956
71.89056905
82.89810047
83.46701421
81.54529023
85.12042721
78.74327915
85.01421532
82.32202790
83.00500385
83.81762241
87.38647848
84.13565901
80.94843368
82.64853143
80.59308765
83.40286319
82.79140759
79.66354340
82.30911742
83.84859881
84.88551168
83.86311628
81.60227778
80.20228890
81.70720590
85.97034995
80.51241529
81.04835351
85.86338470
84.38407267
83.51129367
83.20624921
79.73316780
78.76030331
80.46937325
81.63847922
82.56681666
84.10956047
82.44774437
78.08473565
85.01857199
83.16213676
83.13211756
83.42352710
79.80568213
82.24766741
86.90380527
85.50330305
80.64593318
84.01069891
84.18046762
79.31300482
80.56105638
83.93075945
82.13104248
84.01783243
85.21784845
83.38317435
83.58626289
82.51343708
80.89071000
82.45671673
84.63486617
83.49797597
83.54903287
77.76973198
78.47992227
82.07260563
80.05641673
81.46918468
86.71196873
78.49729338
82.77286878
85.55712391
73.83925116
82.46355635
87.64958669
80.87503852
86.63157026
78.74182189
81.15911354
83.69172763
82.86808035
81.15493006
83.10783334
84.28191408
86.17588415
82.87357650
84.07890538
77.00369715
86.40286591
79.22537069
79.22038604
81.53376365
80.64049304
84.54212021
68.39383266
82.50373203
75.60300164
83.43146129
83.88424036
81.13688874
83.20913466
82.05184160
76.54307194
85.31174999
83.87826329
80.28468374
79.52441644
83.59393020
82.15111995
87.21254509
86.31120860
82.42258621
84.49098955
84.61302658
80.19932307
82.05707212
81.71253075
85.14291232
81.26379219
84.06201019
87.04802656
86.44851997
82.83372848
76.79807596
80.08125032
80.21194095
83.64839753
82.24080616
84.20150953
82.98262854
84.19772499
84.50521054
86.03304952
82.86296502
82.68363773
84.24036879
84.93163745
84.99186061
82.63041475
80.00966135
81.43655061
80.60962838
82.93219515
85.43892827
75.99852055
84.77549630
81.48849336
83.37443439
77.72893213
83.03142651
83.58886690
81.98562336
75.03208057
89.88643295
74.48323089
82.30568454
82.62366654
85.67264240
80.87132539
76.15393563
83.45289273
84.07568601
88.12956145
79.53887169
83.67911495
84.73267836
81.46131938
81.32140691
83.07976506
84.92048062
78.36144827
83.08616602
80.52771284
82.50449462
78.31474672
82.70333835
80.71312719
80.54311664
78.26094351
83.09861674
84.80162156
80.05227130
81.84740445
83.57526239
83.03773023
83.12906517
85.49231687
84.55490254
81.81444656
75.19349709
82.62058984
80.99679528
84.18611426
82.73301863
83.26056521
81.80754080
81.96520181
78.57811419
74.50768054
84.26058874
85.97923138
82.68677767
80.14747665
84.49307154
83.63674255
81.46153591
83.68032017
84.17905499
83.61564572
72.28387699
79.09889717
79.72719528
82.30045278
82.41935918
80.32849020
83.02394024
84.24023637
81.56193188
83.62994097
82.03467294
81.04124125
80.37602560
82.31575899
87.35115050
73.29612814
82.37909154
82.44986764
85.22798398
84.00875616
84.67414250
78.88435286
79.00449038
81.97621190
82.54850810
78.43670341
83.42435728
81.93298355
80.34113796
82.99237656
83.95122120
82.72074948
85.57112866
84.34262691
83.20648989
85.70404412
81.36030178
81.77706591
81.99401132
81.54928918
84.12570838
79.46822622
88.13822526
85.26893644
81.57075015
86.98311680
78.27177465
81.76892936
83.29328725
81.73825531
81.06345398
79.79970315
82.86843245
81.99414759
83.74146783
82.49177056
84.34678849
86.35340602
81.24076594
80.31918804
80.76461282
83.73335714
83.74758519
82.95047640
80.96342878
79.74704017
83.64059088
80.62947948
85.49301049
82.38258161
85.16686249
82.50564300
78.76325839
81.71533698
83.44005315
82.56898101
86.04430547
75.50093468
84.33690499
87.27900300
80.90702067
75.14268164
82.67839394
83.55883791
77.27381716
77.60204132
76.88878757
81.95421405
85.33206012
81.11987459
73.40638428
79.31695504
85.36094327
83.57206019
76.53246366
81.69529022
81.84267590
79.67796160
85.08090538
84.57486256
85.70363138
84.79146138
81.30302939
84.06490413
80.79738131
84.96376899
78.75539422
84.65319714
81.43232993
77.81850227
78.01809253
80.49853827
85.82444576
81.01484902
80.70314852
87.01043673
81.21064135
79.16116467
81.21035235
75.21460673
82.53551590
82.10079526
79.39972649
81.93895456
89.04859742
80.41648295
80.51337439
82.02491934
81.37001851
85.27154290
84.42659420
81.13125490
83.34548198
85.52961690
81.73271819
83.27250726
83.79947145
80.81563474
80.34926010
85.41076552
83.05522544
77.57117759
85.26142690
87.49459035
80.24040038
82.41708571
81.86720784
83.31622914
75.61458765
84.97547862
85.32077490
84.42256846
84.36658167
80.82984209
84.87260577
84.31708196
80.73761346
81.86155465
80.68342495
80.59218352
85.38753268
80.23389081
83.91252173
87.83649044
81.00681081
82.01211146
82.86120358
85.84497313
85.17950109
77.50801527
83.30911991
83.17297589
84.67160065
84.24750468
83.04036547
76.47968694
74.94316946
82.16072605
84.90960697
82.48789069
83.09733268
85.55438340
84.32095486
78.00906130
82.42710426
81.50740211
78.92898401
80.45082252
82.33429449
83.40080335
79.25241801
89.59727971
81.61759329
69.22223367
84.89390319
84.07210268
82.03263819
83.96771832
84.18586235
84.92250813
82.77547035
82.30641207
80.42175528
81.32456372
84.95561581
72.07940429
79.20745930
81.33246493
83.23713455
84.53408848
79.61302973
80.84510014
88.73813401
84.46345607
77.59480021
82.02555058
83.32091349
86.67300923
84.70477079
83.28192226
80.64625532
84.25097525
82.92220553
80.61710165
83.16619879
85.67707257
82.61419854
83.80862175
83.65763271
84.49549763
84.74777207
84.48343613
83.72724863
82.26247740
82.48807571
83.66518733
87.71544790
74.44902429
79.99369151
85.84250604
78.99732204
79.21974472
77.94546859
79.43180328
82.65067640
81.35077345
86.24303144
84.61955988
81.89367013
85.65746275
73.44254332
82.31539673
82.19735062
82.11935539
83.89294390
78.85230459
85.64918015
87.62708012
85.35958529
85.27097125
77.47420996
81.57070573
84.59769792
84.99415896
84.24795224
81.97768645
84.97208560
87.51715198
83.92960636
79.67020006
70.21240896
73.94027213
79.03194235
82.85924959
84.97000061
84.04663777
82.73140714
83.37006694
84.73600297
82.14320937
82.78649269
81.58840444
86.68141962
78.64895511
85.50080309
85.03149120
83.24557220
83.09893260
84.63708158
83.74616204
89.66769453
81.60175624
85.54896756
81.02780793
85.00107101
80.43665800
82.19781593
83.94595902
80.31388312
85.40889688
83.34091607
76.97919791
82.91089470
82.51267582
78.87073687
83.83111605
84.50595694
78.49426320
83.64907039
83.69641091
85.46837009
81.70399219
79.57539713
76.53145712
82.09744624
84.46745457
83.14582451
83.90440236
83.32014386
83.42108251
77.25346077
83.52321893
80.87823948
86.51384570
86.14219635
80.74436288
81.39850111
73.49047597
80.74721904
83.75221663
86.55613871
82.70360877
85.29275196
83.73426301
81.70517821
85.14036821
83.74992618
83.50347765
89.78678392
78.84203944
82.08980318
84.05007353
85.37139252
80.68220000
85.15311763
81.66023419
83.04556078
81.00444910
82.89973557
84.26053901
83.93756177
86.40937589
86.10227514
77.27915547
83.24531172
79.07734155
85.11221187
81.88551180
84.39654959
83.56053825
81.37103043
82.48603302
81.79354090
82.95738105
81.32809609
83.98465642
85.73485795
82.05894235
83.53373070
81.97019147
82.62945128
83.13917684
84.44751743
85.65652226
80.32943155
81.85288270
75.60307436
85.75969003
85.54580008
81.40005564
81.34258962
84.38325052
83.36649361
81.59646877
82.52103635
80.04267986
85.75929049
77.74197569
84.54920646
79.65607104
82.56572781
76.52741657
82.34267934
83.60559800
82.15033083
86.26802524
84.80874321
82.70291037
75.54490244
84.23814186
81.10929627
83.60380363
79.78014891
82.88826954
83.54615125
82.96812515
82.36985747
84.34226059
83.19991599
83.25032227
84.02646294
79.39916420
82.31988396
82.69928321
81.02340852
73.17710436
85.48709057
84.92237374
76.02760376
80.54801228
80.00050898
81.67441962
83.72527420
84.40224924
76.66759389
80.37708630
83.28517980
79.49409709
82.18224903
84.76150580
83.87365338
82.61065897
84.84668805
82.98122998
73.73384602
83.33609866
83.76379683
79.85508813
84.52402833
80.73526390
85.44775347
84.10134146
82.11018171
86.78917789
80.29220798
73.83077758
83.80008073
82.79826831
80.37428825
78.16692059
82.29527732
83.50352399
79.53505612
79.85389982
85.54654206
82.79680519
75.51181606
80.94175864
80.53598677
73.84676574
81.35870136
83.68505307
78.53359824
81.94099547
82.02297819
83.03271841
82.80645050
76.09725503
83.07321068
82.70282290
81.43555939
81.01138960
82.84337070
83.05260283
83.26600920
77.14568093
82.60477869
80.33374992
83.60557599
82.92981337
83.22913917
85.89333476
77.58997362
71.81290364
82.74354274
80.16315642
79.30428632
82.88418910
82.07427440
86.46657076
83.71852720
78.34679147
84.19540860
84.38822157
82.49158931
82.21813040
83.02605970
80.26448278
77.39036977
86.69687954
80.48584413
82.88349655
83.46513450
81.87584077
83.30809389
81.29192284
81.30804499
79.87804480
75.97387882
84.52871411
77.94591628
80.59282617
84.63941797
76.00202831
81.24583261
83.79290532
78.15752890
79.40265167
82.85726923
82.07142601
80.46692602
83.44017604
84.89214746
77.05828294
80.32112133
86.50181848
83.78263737
86.94461980
82.97562070
80.53044006
74.87991403
83.44589441
75.66416221
85.15751210
83.08097283
79.05769105
83.28009852
82.74712200
80.32326952
81.50780013
86.50594945
79.59362130
80.26692956
87.32700478
82.89476228
85.22389893
84.10824052
79.22053533
83.52515542
73.34381292
83.64700756
77.90196302
81.79223343
84.75438806
82.71901370
83.34707455
79.61960733
85.63252943
84.93591709
81.18559133
85.75962639
86.73472988
86.29619895
85.73097551
84.28683954
81.63629567
80.18831561
87.44111629
82.72254139
70.78334539
78.74145807
85.55125523
82.07373501
83.69872004
84.63740837
85.32639607
79.00688217
79.22081021
74.28740971
84.47805243
73.42203877
84.18396475
80.87333988
75.91646709
71.77882114
83.37675310
83.78925423
81.11501261
84.39638962
82.08239807
80.00398585
85.13263995
71.22198207
82.86022740
81.91056422
83.66864522
85.89566131
78.81836455
82.40493514
81.52529695
85.25191435
83.17257322
84.81796923
80.35231134
83.45325665
82.16646111
85.38063701
87.37206233
86.15845090
83.28192882
82.36368297
83.86124381
82.81868555
80.67781585
78.60468482
81.93574589
83.37577359
80.08493117
84.85844385
82.93835555
86.69618354
83.85457127
81.01697641
85.68804148
83.55763486
81.01930027
83.40338229
86.95303000
81.02016058
83.04200024
82.74032651
84.91844362
82.51921709
84.67671188
85.95831075
80.80018764
79.72138059
82.47431589
82.27600304
82.25362334
83.35499687
82.97700046
83.00098109
83.40820003
81.48216695
82.98450421
84.87900966
83.98663097
79.04511330
85.82379657
80.70522180
82.93815249
83.26155642
86.42759487
78.90302163
85.10219348
82.68823701
80.73465933
84.16712128
83.66398369
84.20984680
80.21857373
81.89016775
78.76270083
81.36269154
84.22499333
81.21809108
83.24132125
84.53000187
86.45967195
83.38397112
83.32353758
82.71685114
72.94232782
84.66243782
82.94155707
82.75698266
81.43580860
78.83816459
79.17161378
78.31855459
82.95641786
80.67707090
80.59351790
85.43516098
83.48189132
84.31938573
80.11620793
73.08771159
80.45701345
82.55843847
84.62905715
83.04034685
84.44273758
80.35038135
80.34549411
83.89687054
83.92598649
82.50194871
83.13389909
80.00134671
88.86152551
81.05183296
84.26462915
87.39057451
85.01167444
83.01786032
81.91423172
76.74288843
81.47985739
86.10603199
84.42969238
84.39799606
77.52231286
74.12971155
88.10171715
70.51314856
84.70414112
83.50763075
79.61016603
79.94652077
82.37538223
80.12480161
77.01788553
79.77229691
80.12787052
81.02624537
81.26975630
85.40727184
84.78242110
76.79670226
85.67347564
81.59464294
79.50287629
84.56079799
84.25415659
81.47426945
83.45982044
80.74138852
81.94528334
78.35704346
82.24204251
82.36553972
84.95914374
85.15652508
79.83454093
85.35512216
81.86297124
82.16719329
73.45870863
79.92864152
86.24914296
81.98377120
83.72694069
86.59007358
83.25321150
81.77420579
84.91664748
83.99117937
82.44066824
84.84094941
81.60299547
82.66951871
75.27668976
82.72818200
84.69498031
80.76665405
84.45146149
82.27041734
79.78075633
73.72663019
83.78291448
83.10604540
80.13957794
76.34107558
81.83015640
84.14929809
76.49324841
85.35926059
75.94171799
84.84691691
73.82973566
73.56731779
81.64221577
79.34482369
85.79572314
80.19908121
85.32634966
81.78515452
82.64499076
81.88724754
83.99814825
86.67073904
81.61629716
77.13376275
83.36371742
82.84894306
84.70865842
81.44778888
75.66632435
81.14243929
85.19517527
83.27707762
83.17447907
84.25296792
83.85887177
78.27905441
82.74655912
84.59251944
81.66430022
79.67894447
82.86480154
85.47055969
81.89643132
81.48449309
85.85952811
83.24700044
70.04578371
84.31502200
76.59948668
83.42462737
81.54444842
82.44966068
83.80305100
88.79358549
84.00406607
83.87727225
85.08008746
83.08570637
86.24476861
85.07215216
82.95535213
84.43964593
84.98365569
77.62657292
77.58760771
80.04988858
76.97604770
81.89937587
81.09651711
76.09595943
84.38958079
83.84589990
78.67125881
80.68190880
81.05934665
81.99715186
77.12946135
80.53269103
84.74269716
86.19395940
86.02489304
83.58543488
78.53920800
81.81528185
83.26473275
73.60892004
80.31399419
85.55160048
84.37018068
83.80312606
76.40667432
84.79658788
81.94496219
86.29297500
82.61146102
73.43867711
84.07543708
83.92956047
83.60344712
82.48752124
85.90152511
82.11881614
82.01083830
73.48585830
86.00114576
85.08625966
82.93101811
82.15540858
82.31867265
86.31983280
80.52165964
78.95644538
82.90095826
81.97978597
82.72725544
69.80331996
82.97449856
82.77757056
82.59827456
81.06620236
84.37594084
80.20100389
82.45892155
77.42041389
84.83023847
82.83462176
83.37791228
84.28922422
79.94723428
82.00889713
81.25238546
82.48016560
83.18786809
81.90615927
84.90867923
80.56739292
78.49754846
84.31421902
78.92059691
85.39104508
85.95456177
82.30739917
78.47137856
84.43317033
84.71404874
79.36342566
82.08297787
85.46693865
82.13128668
81.60260334
78.96398351
82.64837758
83.49324287
78.36566915
89.44591399
82.57953083
83.56804844
82.27862125
79.57869492
81.81177021
81.23862782
82.80124008
84.93835664
84.58335972
81.01205276
79.64931988
87.23127819
81.24383215
83.52597644
79.97913542
79.16770673
78.70042040
86.37627337
82.18119715
80.71971531
76.40391939
82.74839173
86.87810660
82.64979574
83.32936948
81.06744355
87.23437510
83.40875572
77.23365050
82.89033122
84.12099568
81.67994208
74.84004311
81.87337294
86.20388359
82.31716404
82.67371682
85.96354592
75.79123491
81.49098938
82.71754367
81.66684816
82.88185149
83.67320481
77.65389563
81.36973629
82.80404674
83.62439681
81.43267005
80.89818920
84.78010797
81.76274437
85.52402778
83.55568367
85.47447091
82.50647846
83.56149984
82.06709742
84.65208780
82.30870620
83.62930313
81.47045297
84.75025246
84.00634261
83.97807980
83.23115206
80.35180762
84.53049283
84.16908651
69.36848997
76.75713850
80.28769119
78.77989626
81.50124373
84.86867332
82.14744210
82.06098540
82.83441829
85.06300989
72.70027869
82.58251726
81.59276512
77.74934056
79.83872171
86.61878656
80.94520400
84.30744707
83.97306438
82.49086082
80.37636911
81.04932552
84.58544929
83.03326719
80.18095330
83.78659903
84.72586304
81.07899322
82.83698956
78.91746488
83.86726556
86.79803321
81.98389656
86.47111899
83.39416934
85.86475253
86.07078818
80.88675263
83.58610638
84.03272167
84.73171674
79.70358520
79.76949475
80.63502040
80.05082448
83.65641290
80.36027103
78.20557029
86.19839206
81.61987177
81.45227805
85.46779737
85.47399057
84.56469906
83.47305707
77.14133531
81.74002899
81.47295976
82.06218210
83.57992388
81.57634450
83.52234427
80.91500626
85.78045305
83.27386396
79.05678775
80.97112336
82.18901889
77.07253404
77.59212024
85.75198124
80.79028785
82.10489593
83.78582592
83.25264387
80.54352348
82.22739627
82.45658533
82.07664291
84.53548500
79.68862539
83.15850928
82.66647722
77.99070421
80.76792176
83.80072045
83.85679848
79.53837136
81.88877082
77.02144835
84.90235024
84.69133435
83.89389614
83.69140791
84.13005297
80.10932741
84.56256795
88.06550258
79.51191337
86.13806585
83.85928313
76.43254265
81.15636085
82.22268841
83.63035129
84.91401662
84.57449193
84.39042678
82.03078000
83.82134744
85.71051377
87.09077531
82.38775942
82.56627233
82.08433231
83.35539551
77.55134014
78.16242535
81.28989763
78.86849797
82.40251383
80.92852957
83.04997207
81.96841902
83.96489274
83.97912590
85.42325921
80.73189473
81.60155983
87.38473989
82.24094916
72.54007271
82.58601088
81.87203074
79.41505912
85.65782837
82.53314460
80.04077095
81.47298942
76.89861417
85.46813742
85.01041276
83.98874936
82.74674862
85.35010109
80.57908234
83.63215659
78.17370716
82.75977352
81.32729678
77.28550137
82.36697773
79.57476428
77.61297548
83.99626049
77.22608222
85.45348155
82.86497440
82.75803187
84.41757014
81.74019421
83.72921845
84.82536816
79.82478977
83.09245441
78.89232259
76.49863689
80.98954025
74.03500001
86.10893052
83.37715199
83.65096032
78.72900975
81.67967661
76.06773095
85.39474293
81.11143559
85.47899015
84.96299350
83.59863414
83.58323364
84.59684645
81.80898671
75.73468342
83.59467522
77.54307676
79.26980278
76.18149439
83.56247931
80.13604754
85.34637269
84.80781028
84.66085963
82.53467432
82.26563634
86.46860382
78.85611364
80.96178606
86.76538192
82.88117728
83.54048680
82.33630730
78.40850615
81.23619897
84.17069255
84.00151501
83.60041780
83.42133170
83.30506433
84.42693441
78.47088155
83.38600060
84.40497366
83.29938090
84.20835953
80.62915464
83.49461148
87.00143616
83.02844667
76.80777933
80.81159662
77.58731228
81.72066800
80.80792067
80.25325458
83.09359523
77.34585955
80.43910158
83.84059987
82.52192241
82.68408607
85.02914421
70.69606632
82.98871113
85.48689316
83.78466616
86.27912022
81.57831635
85.72939086
86.15796579
82.90037328
86.86998141
83.59042361
83.81301864
83.89807508
83.19241188
85.84289281
85.08122181
85.25053899
82.17357371
80.25735420
77.58625051
82.69786284
82.31350592
83.34417942
88.03372515
82.37142942
84.93228214
83.80099694
79.65725698
81.48802858
82.68575240
84.31290353
83.77225103
83.71958287
79.00328356
83.73600629
82.88698595
81.70288174
79.89393941
82.89455599
80.80507236
86.33280323
84.67414950
84.08916385
83.33257944
80.10231332
82.21007887
80.81503700
83.09675259
84.95897455
85.77098893
85.79498555
81.34324370
74.60463932
78.13160051
84.23398577
80.24836295
81.00886569
78.65262731
82.70500290
83.13740285
88.47550106
81.48734284
84.22681940
79.03316406
84.08801170
83.26986651
78.04219844
80.67656093
80.77333827
84.79894004
83.73469366
83.57676782
78.80377390
86.95213122
78.01861312
86.79540278
80.31152709
84.61227617
80.88533606
79.83525003
84.09373878
83.17317543
73.56582829
78.43670341
81.03491931
79.96886705
82.12445291
85.21917027
81.09698547
83.51034623
82.12241650
82.62240567
82.81912212
84.47080438
83.06749097
83.52485809
81.15012243
81.02089282
83.87004609
86.29159812
78.36891888
83.57705783
84.27279728
84.12211307
84.07239209
80.67499366
83.62092785
80.76833806
82.36099792
80.59311475
77.88787557
80.05877326
81.07811090
83.61373913
82.18106690
78.16779808
82.35429736
81.42910397
83.08649410
83.84896099
84.80851779
81.13375010
82.79619546
82.68100885
84.02666668
81.42534654
81.20236148
82.23967068
77.31044775
80.62888094
85.70496251
81.01892699
83.35569978
82.25340190
81.58548463
83.90820408
81.06431025
84.40022266
83.58028156
76.83768103
83.44940391
82.28885730
74.80352177
88.90716591
83.45404472
84.75974680
82.91283368
79.68267990
82.34644897
82.49197319
79.61375417
84.00136689
81.66617764
83.00082708
81.59829551
74.54788043
73.74533731
85.38268831
80.45758674
85.02057803
86.35139530
82.83973145
81.70226740
75.32341447
84.17059713
70.71902301
83.42617147
79.76837672
69.93225962
82.25789210
81.11156710
80.28110094
83.58548446
85.38349594
80.67798554
80.19951837
80.33602212
80.04205894
84.62993088
85.59058043
80.57066053
81.63113475
82.85305343
82.41392640
81.24970966
82.52101042
81.20996115
83.83207312
87.33579917
78.01207223
85.26241243
78.92295241
76.28387697
80.71826020
83.70409626
78.39837653
84.18220450
83.52783767
83.59140274
75.06525235
81.42289067
81.62377211
80.38895946
82.32659579
68.88613253
81.48751669
76.99549041
84.12630425
80.73484526
79.66654629
85.99964404
76.24521506
84.09098626
76.62479633
81.42932769
85.34572208
81.54047757
84.13116839
78.09636788
75.49386873
80.57420826
77.54093797
84.03780322
78.79104406
85.48073795
78.23430865
80.85080954
84.66086167
82.88741521
80.51387361
81.50538446
83.99007677
84.79386453
85.16292699
83.84002320
80.98703638
81.30827520
81.53259738
82.72110664
86.59829096
81.30843999
80.46746708
86.50344864
79.65332200
78.22254537
82.46004578
81.64744132
76.53080536
84.78024738
80.79650861
79.35012346
81.78194371
85.07269969
74.10527394
78.93579221
81.31415149
77.88244186
85.07592269
80.23547114
83.46163870
80.77801099
80.63206619
75.97610977
83.84989495
82.62827197
80.09484448
83.89320094
84.56451611
81.88947315
80.10721462
81.44704897
83.59811912
77.10447736
85.09195860
86.23186862
85.08690006
80.62570792
86.28120563
85.53481759
82.82581393
83.25960676
84.28519015
81.32873215
79.87380528
81.92184926
83.21406852
82.20825996
84.21522786
81.96619274
82.05377381
85.45846214
79.06084401
83.93074224
79.58567937
86.28046422
83.16372422
82.47240125
80.49229932
83.27374927
82.59440080
84.71958979
76.58858427
81.10925174
82.83049870
86.52991528
77.86315795
83.54297386
78.31624483
78.03667030
81.17882602
79.41999806
83.71076209
83.97836291
85.62939136
81.69635411
84.32593510
83.13433004
86.93679316
83.95946974
82.09100127
84.26747849
82.08973314
79.26004608
78.76156563
80.31550854
82.37221306
83.02722846
81.87998848
83.97086111
84.83054444
83.37483058
81.79401523
81.33912177
83.31069266
85.27627578
80.58090358
82.65223321
85.49204340
79.71991873
85.13936480
80.94172023
81.05721253
81.22665372
82.58951596
85.64975038
80.56075548
77.11468245
79.16046203
85.76640121
85.94832499
82.07242667
85.74064568
83.90516468
84.10275148
84.78024886
79.32753161
84.34333529
81.02094446
83.98039896
82.78104507
84.92442914
82.86064109
85.40283601
80.97268409
85.16947053
84.11704514
79.82796729
81.63256942
77.94926364
85.98749737
83.73095611
73.73283600
84.92879271
83.76876653
85.05439917
80.62817216
82.27279188
81.28181913
84.56814029
79.42322051
85.99246014
76.84216841
79.18902847
81.62360117
80.73194671
72.58933841
83.71789088
84.06945336
84.20688998
77.80176909
83.92093952
78.13732723
83.15534696
81.15312404
80.96261527
80.49889885
82.24963994
83.93555312
83.37589610
84.47622649
82.40580934
81.33122026
81.39104523
82.85090364
83.95020388
83.70513832
82.62679994
85.09071065
84.50481002
82.60348495
85.01727535
83.71089033
86.16524131
77.76830729
81.93489923
84.22343823
82.18119715
84.34744930
83.82671784
85.10151683
84.03020891
74.49998214
81.10555869
87.04529148
81.89137815
85.16357414
82.02688823
78.70225131
83.66501826
80.34021913
83.86105424
77.53051006
78.83015585
83.06444719
85.37664993
85.76442208
82.32708646
78.30509788
84.07972583
79.22386675
83.67963426
81.93890229
82.97035805
79.36482266
85.83791328
83.99192372
85.38631725
78.87198954
79.00091595
85.88216701
84.14593739
82.60248459
84.82126143
82.36846459
88.32389486
82.97785490
83.33817956
81.41176340
81.29031038
83.77428707
85.57945052
84.27468359
83.10941804
77.44038106
85.91814301
85.32535641
82.88972286
83.04805495
84.62162299
80.59485994
81.38215037
81.08415222
83.06481260
81.72320251
82.57481989
80.69695922
82.94108084
81.21743776
83.52112147
86.75861404
81.38387965
83.23383672
81.12599819
82.71134693
81.60967218
84.80993378
82.49935834
77.70908160
83.74696565
78.00056023
82.53604630
84.49547362
83.56788240
86.42593707
83.54730905
83.21389135
84.44955411
74.58451171
86.47553146
81.76254457
81.85097089
82.66162008
86.17737426
81.10842218
84.60732170
82.47171363
82.18908466
81.87826171
83.02289451
83.14305088
83.89127229
79.10870286
85.06110844
84.63840772
80.08267589
83.46967745
80.08978773
81.12752437
79.26615197
80.75850931
83.44109836
84.04406899
80.94923510
74.08368419
79.26419562
83.39249672
83.06944444
81.11804927
77.01891928
76.11943569
81.98781668
80.45082252
83.15190477
82.51978223
83.40508201
83.47309341
77.25040273
82.55642697
82.31610312
81.77051162
81.73872878
76.80582832
74.97278198
84.69360224
82.88948199
86.17913324
83.62107902
85.57122764
80.64078320
83.70821926
84.88439233
78.78160077
84.96159231
84.47865037
79.89560691
81.93817058
82.20887078
87.70294705
78.47081901
85.04214125
79.98354639
77.80734554
81.18055080
78.53134573
78.04376424
80.03800595
81.99624977
79.31199931
84.82764897
85.27035132
80.63938777
83.36203409
81.21776602
84.18908036
83.36464804
80.69009987
82.79989618
82.32576418
81.42627865
83.22639672
82.75112461
82.25157058
81.50559203
81.67374834
86.81380855
78.60443580
82.41815961
79.16770286
83.81667629
85.43089758
79.95730935
80.20574262
81.46263784
84.39360587
86.50072788
84.59513792
82.10955752
85.74933221
83.30704629
81.90213845
84.27585592
79.31941226
82.50605557
79.57592673
85.03964488
79.75083403
86.87112172
83.25218510
86.06943688
84.70928562
82.13040648
83.64690772
82.69359093
83.59038790
77.87321720
85.03905628
83.92064131
81.62446979
81.48345845
82.92073210
85.40492758
82.54306312
78.74652067
82.16482521
88.83935610
75.65435273
86.76929790
80.56606015
81.85614102
81.65395693
85.17425883
82.73219932
85.24329289
81.66692849
84.99479071
80.77272441
82.55503711
82.21704980
82.72400947
79.16388240
83.56837605
75.88269993
83.00698422
83.51287305
79.76110820
82.07364386
83.56442203
83.53764713
77.71038802
75.37955382
77.54719302
82.73629777
80.04032352
84.78541185
78.65434702
84.61469775
78.46683491
78.60333944
78.81277473
73.93006685
80.27861670
83.81039421
77.08490735
78.70213303
74.54955514
81.37787295
80.70564268
84.39633547
84.37818170
81.67725582
87.06142165
82.47770203
83.99019468
81.39454617
81.78796888
84.93626672
80.34768886
